schema_version,trial,sample,gpu_ns,cpu_observed_ns
2,0,0,1789633737416236032,3812353533197199
2,0,1,1789633737416248320,3812353533208276
2,0,2,1789633737416258560,3812353533219316
2,0,3,1789633737416269824,3812353533230380
2,0,4,1789633737416281088,3812353533241525
2,0,5,1789633737416292352,3812353533252639
2,0,6,1789633737416303616,3812353533263745
2,0,7,1789633737416314880,3812353533274723
2,0,8,1789633737416325120,3812353533285708
2,0,9,1789633737416336384,3812353533296820
2,0,10,1789633737416347648,3812353533307936
2,0,11,1789633737416358912,3812353533318905
2,0,12,1789633737416369152,3812353533329873
2,0,13,1789633737416380416,3812353533340893
2,0,14,1789633737416391680,3812353533351996
2,0,15,1789633737416402944,3812353533362980
2,0,16,1789633737416414208,3812353533374076
2,0,17,1789633737416424448,3812353533385052
2,0,18,1789633737416435712,3812353533396060
2,0,19,1789633737416446976,3812353533407083
2,0,20,1789633737416458240,3812353533418119
2,0,21,1789633737416468480,3812353533429143
2,0,22,1789633737416479744,3812353533440192
2,0,23,1789633737416491008,3812353533451356
2,0,24,1789633737416502272,3812353533462340
2,0,25,1789633737416513536,3812353533473392
2,0,26,1789633737416523776,3812353533484492
2,0,27,1789633737416535040,3812353533495492
2,0,28,1789633737416546304,3812353533506508
2,0,29,1789633737416557568,3812353533517620
2,0,30,1789633737416567808,3812353533528600
2,0,31,1789633737416579072,3812353533539619
2,0,32,1789633737416590336,3812353533550659
2,0,33,1789633737416601600,3812353533561765
2,0,34,1789633737416612864,3812353533572745
2,0,35,1789633737416623104,3812353533583716
2,0,36,1789633737416634368,3812353533604117
2,0,37,1789633737416645632,3812353533605740
2,0,38,1789633737416656896,3812353533616796
2,0,39,1789633737416667136,3812353533627828
2,0,40,1789633737416678400,3812353533638948
2,0,41,1789633737416689664,3812353533649948
2,0,42,1789633737416700928,3812353533660980
2,0,43,1789633737416712192,3812353533672080
2,0,44,1789633737416722432,3812353533683112
2,0,45,1789633737416733696,3812353533694132
2,0,46,1789633737416744960,3812353533705136
2,0,47,1789633737416756224,3812353533716148
2,0,48,1789633737416766464,3812353533727283
2,0,49,1789633737416777728,3812353533738312
2,0,50,1789633737416788992,3812353533749323
2,0,51,1789633737416800256,3812353533760445
2,0,52,1789633737416811520,3812353533771472
2,0,53,1789633737416821760,3812353533782519
2,0,54,1789633737416833024,3812353533793645
2,0,55,1789633737416844288,3812353533804625
2,0,56,1789633737416855552,3812353533815720
2,0,57,1789633737416866816,3812353533826845
2,0,58,1789633737416877056,3812353533837848
2,0,59,1789633737416888320,3812353533848819
2,0,60,1789633737416899584,3812353533859936
2,0,61,1789633737416910848,3812353533870968
2,0,62,1789633737416922112,3812353533882068
2,0,63,1789633737416932352,3812353533893119
2,0,64,1789633737416943616,3812353533904139
2,0,65,1789633737416954880,3812353533915160
2,0,66,1789633737416966144,3812353533926272
2,0,67,1789633737416977408,3812353533937279
2,0,68,1789633737416987648,3812353533948372
2,0,69,1789633737416998912,3812353533959483
2,0,70,1789633737417010176,3812353533970479
2,0,71,1789633737417021440,3812353533981599
2,0,72,1789633737417032704,3812353533992614
2,0,73,1789633737417042944,3812353534003716
2,0,74,1789633737417054208,3812353534014719
2,0,75,1789633737417065472,3812353534025763
2,0,76,1789633737417076736,3812353534036803
2,0,77,1789633737417088000,3812353534047888
2,0,78,1789633737417098240,3812353534058919
2,0,79,1789633737417109504,3812353534069971
2,0,80,1789633737417120768,3812353534081020
2,0,81,1789633737417132032,3812353534092131
2,0,82,1789633737417143296,3812353534103131
2,0,83,1789633737417153536,3812353534114159
2,0,84,1789633737417164800,3812353534125283
2,0,85,1789633737417176064,3812353534136279
2,0,86,1789633737417187328,3812353534147181
2,0,87,1789633737417197568,3812353534158212
2,0,88,1789633737417208832,3812353534169268
2,0,89,1789633737417220096,3812353534180323
2,0,90,1789633737417231360,3812353534191349
2,0,91,1789633737417242624,3812353534202402
2,0,92,1789633737417252864,3812353534213461
2,0,93,1789633737417264128,3812353534224546
2,0,94,1789633737417275392,3812353534235572
2,0,95,1789633737417286656,3812353534246623
2,0,96,1789633737417297920,3812353534257701
2,0,97,1789633737417308160,3812353534268710
2,0,98,1789633737417319424,3812353534279775
2,0,99,1789633737417330688,3812353534290788
2,0,100,1789633737417341952,3812353534301830
2,0,101,1789633737417352192,3812353534312876
2,0,102,1789633737417363456,3812353534323863
2,0,103,1789633737417374720,3812353534334915
2,0,104,1789633737417385984,3812353534345954
2,0,105,1789633737417396224,3812353534356961
2,0,106,1789633737417407488,3812353534367988
2,0,107,1789633737417418752,3812353534379066
2,0,108,1789633737417430016,3812353534390090
2,0,109,1789633737417441280,3812353534401157
2,0,110,1789633737417451520,3812353534412212
2,0,111,1789633737417462784,3812353534423270
2,0,112,1789633737417474048,3812353534434326
2,0,113,1789633737417485312,3812353534445370
2,0,114,1789633737417496576,3812353534456390
2,0,115,1789633737417506816,3812353534467447
2,0,116,1789633737417518080,3812353534478512
2,0,117,1789633737417529344,3812353534489563
2,0,118,1789633737417540608,3812353534500603
2,0,119,1789633737417550848,3812353534511719
2,0,120,1789633737417562112,3812353534522734
2,0,121,1789633737417573376,3812353534533648
2,0,122,1789633737417584640,3812353534544621
2,0,123,1789633737417594880,3812353534555555
2,0,124,1789633737417606144,3812353534566483
2,0,125,1789633737417617408,3812353534577421
2,0,126,1789633737417627648,3812353534588325
2,0,127,1789633737417638912,3812353534599259
2,0,128,1789633737417650176,3812353534610226
2,0,129,1789633737417661440,3812353534621121
2,0,130,1789633737417671680,3812353534632061
2,0,131,1789633737417682944,3812353534643022
2,0,132,1789633737417694208,3812353534654077
2,0,133,1789633737417704448,3812353534665015
2,0,134,1789633737417715712,3812353534675943
2,0,135,1789633737417726976,3812353534687030
2,0,136,1789633737417738240,3812353534697995
2,0,137,1789633737417748480,3812353534708912
2,0,138,1789633737417759744,3812353534719856
2,0,139,1789633737417771008,3812353534730816
2,0,140,1789633737417781248,3812353534741834
2,0,141,1789633737417792512,3812353534752779
2,0,142,1789633737417803776,3812353534763709
2,0,143,1789633737417814016,3812353534774643
2,0,144,1789633737417825280,3812353534785628
2,0,145,1789633737417836544,3812353534796579
2,0,146,1789633737417847808,3812353534807519
2,0,147,1789633737417858048,3812353534818441
2,0,148,1789633737417869312,3812353534829437
2,0,149,1789633737417880576,3812353534840390
2,0,150,1789633737417890816,3812353534851321
2,0,151,1789633737417902080,3812353534862256
2,0,152,1789633737417913344,3812353534873270
2,0,153,1789633737417923584,3812353534884250
2,0,154,1789633737417934848,3812353534895223
2,0,155,1789633737417946112,3812353534906150
2,0,156,1789633737417957376,3812353534917223
2,0,157,1789633737417967616,3812353534928163
2,0,158,1789633737417978880,3812353534939099
2,0,159,1789633737417990144,3812353534950028
2,0,160,1789633737418000384,3812353534960955
2,0,161,1789633737418011648,3812353534972045
2,0,162,1789633737418022912,3812353534982999
2,0,163,1789633737418034176,3812353534993912
2,0,164,1789633737418044416,3812353535005032
2,0,165,1789633737418055680,3812353535016025
2,0,166,1789633737418066944,3812353535026976
2,0,167,1789633737418078208,3812353535037910
2,0,168,1789633737418088448,3812353535048841
2,0,169,1789633737418099712,3812353535059834
2,0,170,1789633737418110976,3812353535070770
2,0,171,1789633737418121216,3812353535081687
2,0,172,1789633737418132480,3812353535092561
2,0,173,1789633737418143744,3812353535103528
2,0,174,1789633737418153984,3812353535114459
2,0,175,1789633737418165248,3812353535125400
2,0,176,1789633737418176512,3812353535136296
2,0,177,1789633737418186752,3812353535147216
2,0,178,1789633737418198016,3812353535158221
2,0,179,1789633737418209280,3812353535169142
2,0,180,1789633737418219520,3812353535180110
2,0,181,1789633737418230784,3812353535191050
2,0,182,1789633737418242048,3812353535202048
2,0,183,1789633737418253312,3812353535213015
2,0,184,1789633737418263552,3812353535223925
2,0,185,1789633737418274816,3812353535234861
2,0,186,1789633737418286080,3812353535245768
2,0,187,1789633737418296320,3812353535256874
2,0,188,1789633737418307584,3812353535267796
2,0,189,1789633737418318848,3812353535278774
2,0,190,1789633737418329088,3812353535289836
2,0,191,1789633737418340352,3812353535300785
2,0,192,1789633737418351616,3812353535311709
2,0,193,1789633737418362880,3812353535322641
2,0,194,1789633737418373120,3812353535333581
2,0,195,1789633737418384384,3812353535344692
2,0,196,1789633737418395648,3812353535355605
2,0,197,1789633737418405888,3812353535366549
2,0,198,1789633737418417152,3812353535377665
2,0,199,1789633737418428416,3812353535388610
2,0,200,1789633737418439680,3812353535399501
2,0,201,1789633737418449920,3812353535410443
2,0,202,1789633737418461184,3812353535421401
2,0,203,1789633737418472448,3812353535432448
2,0,204,1789633737418482688,3812353535443401
2,0,205,1789633737418493952,3812353535454339
2,0,206,1789633737418505216,3812353535465441
2,0,207,1789633737418516480,3812353535476370
2,0,208,1789633737418526720,3812353535487290
2,0,209,1789633737418537984,3812353535498190
2,0,210,1789633737418549248,3812353535509132
2,0,211,1789633737418559488,3812353535520219
2,0,212,1789633737418570752,3812353535531190
2,0,213,1789633737418582016,3812353535542116
2,0,214,1789633737418593280,3812353535553205
2,0,215,1789633737418603520,3812353535564136
2,0,216,1789633737418614784,3812353535575125
2,0,217,1789633737418626048,3812353535586048
2,0,218,1789633737418636288,3812353535597025
2,0,219,1789633737418647552,3812353535608016
2,0,220,1789633737418658816,3812353535618970
2,0,221,1789633737418670080,3812353535629856
2,0,222,1789633737418680320,3812353535640785
2,0,223,1789633737418691584,3812353535651696
2,0,224,1789633737418702848,3812353535662648
2,0,225,1789633737418713088,3812353535673588
2,0,226,1789633737418724352,3812353535684514
2,0,227,1789633737418735616,3812353535695452
2,0,228,1789633737418745856,3812353535706376
2,0,229,1789633737418757120,3812353535717350
2,0,230,1789633737418768384,3812353535728295
2,0,231,1789633737418778624,3812353535739245
2,0,232,1789633737418789888,3812353535750236
2,0,233,1789633737418801152,3812353535761219
2,0,234,1789633737418812416,3812353535772136
2,0,235,1789633737418822656,3812353535783052
2,0,236,1789633737418833920,3812353535793996
2,0,237,1789633737418845184,3812353535805056
2,0,238,1789633737418855424,3812353535816048
2,0,239,1789633737418866688,3812353535826952
2,0,240,1789633737418877952,3812353535838023
2,0,241,1789633737418889216,3812353535848970
2,0,242,1789633737418899456,3812353535859923
2,0,243,1789633737418910720,3812353535870821
2,0,244,1789633737418921984,3812353535881754
2,0,245,1789633737418932224,3812353535892848
2,0,246,1789633737418943488,3812353535903783
2,0,247,1789633737418954752,3812353535914737
2,0,248,1789633737418964992,3812353535925801
2,0,249,1789633737418976256,3812353535936748
2,0,250,1789633737418987520,3812353535947690
2,0,251,1789633737418998784,3812353535958730
2,0,252,1789633737419009024,3812353535969641
2,0,253,1789633737419020288,3812353535980625
2,0,254,1789633737419031552,3812353535991572
2,0,255,1789633737419041792,3812353536002497
2,0,256,1789633737419053056,3812353536013358
2,0,257,1789633737419064320,3812353536024325
2,0,258,1789633737419074560,3812353536035250
2,0,259,1789633737419085824,3812353536046210
2,0,260,1789633737419097088,3812353536057137
2,0,261,1789633737419108352,3812353536068224
2,0,262,1789633737419118592,3812353536079175
2,0,263,1789633737419129856,3812353536090090
2,0,264,1789633737419141120,3812353536101003
2,0,265,1789633737419151360,3812353536111955
2,0,266,1789633737419162624,3812353536123061
2,0,267,1789633737419173888,3812353536134048
2,0,268,1789633737419185152,3812353536144990
2,0,269,1789633737419195392,3812353536156010
2,0,270,1789633737419206656,3812353536166976
2,0,271,1789633737419217920,3812353536177905
2,0,272,1789633737419228160,3812353536188825
2,0,273,1789633737419239424,3812353536199816
2,0,274,1789633737419250688,3812353536210821
2,0,275,1789633737419261952,3812353536221796
2,0,276,1789633737419272192,3812353536232739
2,0,277,1789633737419283456,3812353536243795
2,0,278,1789633737419294720,3812353536254741
2,0,279,1789633737419305984,3812353536265683
2,0,280,1789633737419316224,3812353536276581
2,0,281,1789633737419327488,3812353536287561
2,0,282,1789633737419338752,3812353536298614
2,0,283,1789633737419348992,3812353536309581
2,0,284,1789633737419360256,3812353536320476
2,0,285,1789633737419371520,3812353536331610
2,0,286,1789633737419382784,3812353536342552
2,0,287,1789633737419393024,3812353536353475
2,0,288,1789633737419404288,3812353536364412
2,0,289,1789633737419415552,3812353536375339
2,0,290,1789633737419425792,3812353536386448
2,0,291,1789633737419437056,3812353536397355
2,0,292,1789633737419448320,3812353536408245
2,0,293,1789633737419458560,3812353536419150
2,0,294,1789633737419469824,3812353536430075
2,0,295,1789633737419481088,3812353536441039
2,0,296,1789633737419491328,3812353536451965
2,0,297,1789633737419502592,3812353536462875
2,0,298,1789633737419513856,3812353536473796
2,0,299,1789633737419524096,3812353536484801
2,0,300,1789633737419535360,3812353536495841
2,0,301,1789633737419546624,3812353536506845
2,0,302,1789633737419557888,3812353536517932
2,0,303,1789633737419568128,3812353536528805
2,0,304,1789633737419579392,3812353536539776
2,0,305,1789633737419590656,3812353536550683
2,0,306,1789633737419601920,3812353536561776
2,0,307,1789633737419612160,3812353536572763
2,0,308,1789633737419623424,3812353536583714
2,0,309,1789633737419634688,3812353536594670
2,0,310,1789633737419644928,3812353536605652
2,0,311,1789633737419656192,3812353536616598
2,0,312,1789633737419667456,3812353536627552
2,0,313,1789633737419678720,3812353536638470
2,0,314,1789633737419688960,3812353536649582
2,0,315,1789633737419700224,3812353536660528
2,0,316,1789633737419711488,3812353536671463
2,0,317,1789633737419721728,3812353536682410
2,0,318,1789633737419732992,3812353536693383
2,0,319,1789633737419744256,3812353536704392
2,0,320,1789633737419755520,3812353536715330
2,0,321,1789633737419765760,3812353536726272
2,0,322,1789633737419777024,3812353536737355
2,0,323,1789633737419788288,3812353536748354
2,0,324,1789633737419799552,3812353536759303
2,0,325,1789633737419809792,3812353536770178
2,0,326,1789633737419821056,3812353536781185
2,0,327,1789633737419832320,3812353536792175
2,0,328,1789633737419842560,3812353536803105
2,0,329,1789633737419853824,3812353536814017
2,0,330,1789633737419865088,3812353536824934
2,0,331,1789633737419875328,3812353536835883
2,0,332,1789633737419886592,3812353536846809
2,0,333,1789633737419897856,3812353536857736
2,0,334,1789633737419908096,3812353536868661
2,0,335,1789633737419919360,3812353536879561
2,0,336,1789633737419930624,3812353536890525
2,0,337,1789633737419940864,3812353536901416
2,0,338,1789633737419952128,3812353536912372
2,0,339,1789633737419963392,3812353536923254
2,0,340,1789633737419973632,3812353536934163
2,0,341,1789633737419984896,3812353536945170
2,0,342,1789633737419996160,3812353536956075
2,0,343,1789633737420006400,3812353536966995
2,0,344,1789633737420017664,3812353536977888
2,0,345,1789633737420028928,3812353536988816
2,0,346,1789633737420039168,3812353536999732
2,0,347,1789633737420050432,3812353537010689
2,0,348,1789633737420061696,3812353537021603
2,0,349,1789633737420071936,3812353537032535
2,0,350,1789633737420083200,3812353537043441
2,0,351,1789633737420094464,3812353537054396
2,0,352,1789633737420104704,3812353537065316
2,0,353,1789633737420115968,3812353537076292
2,0,354,1789633737420127232,3812353537087238
2,0,355,1789633737420138496,3812353537098255
2,0,356,1789633737420148736,3812353537109225
2,0,357,1789633737420160000,3812353537120306
2,0,358,1789633737420171264,3812353537131297
2,0,359,1789633737420182528,3812353537142352
2,0,360,1789633737420192768,3812353537153388
2,0,361,1789633737420204032,3812353537164452
2,0,362,1789633737420215296,3812353537175490
2,0,363,1789633737420226560,3812353537186541
2,0,364,1789633737420236800,3812353537197557
2,0,365,1789633737420248064,3812353537208605
2,0,366,1789633737420259328,3812353537219656
2,0,367,1789633737420270592,3812353537230701
2,0,368,1789633737420281856,3812353537241745
2,0,369,1789633737420292096,3812353537252750
2,0,370,1789633737420303360,3812353537263798
2,0,371,1789633737420314624,3812353537274850
2,0,372,1789633737420325888,3812353537285863
2,0,373,1789633737420336128,3812353537296879
2,0,374,1789633737420347392,3812353537307925
2,0,375,1789633737420358656,3812353537318981
2,0,376,1789633737420369920,3812353537330025
2,0,377,1789633737420381184,3812353537341041
2,0,378,1789633737420391424,3812353537352130
2,0,379,1789633737420402688,3812353537363197
2,0,380,1789633737420413952,3812353538025161
2,0,381,1789633737421075456,3812353538036192
2,0,382,1789633737421086720,3812353538047248
2,0,383,1789633737421097984,3812353538058318
2,0,384,1789633737421109248,3812353538069245
2,0,385,1789633737421119488,3812353538080190
2,0,386,1789633737421130752,3812353538091250
2,0,387,1789633737421142016,3812353538102223
2,0,388,1789633737421153280,3812353538113210
2,0,389,1789633737421163520,3812353538124014
2,0,390,1789633737421174784,3812353538134948
2,0,391,1789633737421186048,3812353538146052
2,0,392,1789633737421196288,3812353538157028
2,0,393,1789633737421207552,3812353538167954
2,0,394,1789633737421218816,3812353538179023
2,0,395,1789633737421230080,3812353538189963
2,0,396,1789633737421240320,3812353538200892
2,0,397,1789633737421251584,3812353538211803
2,0,398,1789633737421262848,3812353538222731
2,0,399,1789633737421273088,3812353538233645
2,0,400,1789633737421284352,3812353538244621
2,0,401,1789633737421295616,3812353538255575
2,0,402,1789633737421305856,3812353538266563
2,0,403,1789633737421317120,3812353538277478
2,0,404,1789633737421328384,3812353538288466
2,0,405,1789633737421339648,3812353538299416
2,0,406,1789633737421349888,3812353538310361
2,0,407,1789633737421361152,3812353538321463
2,0,408,1789633737421372416,3812353538332410
2,0,409,1789633737421382656,3812353538343321
2,0,410,1789633737421393920,3812353538354254
2,0,411,1789633737421405184,3812353538365217
2,0,412,1789633737421415424,3812353538376248
2,0,413,1789633737421426688,3812353538387172
2,0,414,1789633737421437952,3812353538398121
2,0,415,1789633737421449216,3812353538409048
2,0,416,1789633737421459456,3812353538419995
2,0,417,1789633737421470720,3812353538430845
2,0,418,1789633737421481984,3812353538441801
2,0,419,1789633737421492224,3812353538452721
2,0,420,1789633737421503488,3812353538463645
2,0,421,1789633737421514752,3812353538474645
2,0,422,1789633737421524992,3812353538485576
2,0,423,1789633737421536256,3812353538496498
2,0,424,1789633737421547520,3812353538507421
2,0,425,1789633737421557760,3812353538518468
2,0,426,1789633737421569024,3812353538529445
2,0,427,1789633737421580288,3812353538540357
2,0,428,1789633737421590528,3812353538551312
2,0,429,1789633737421601792,3812353538562230
2,0,430,1789633737421613056,3812353538573283
2,0,431,1789633737421624320,3812353538584241
2,0,432,1789633737421634560,3812353538595158
2,0,433,1789633737421645824,3812353538606254
2,0,434,1789633737421657088,3812353538617181
2,0,435,1789633737421668352,3812353538628125
2,0,436,1789633737421678592,3812353538639045
2,0,437,1789633737421689856,3812353538650025
2,0,438,1789633737421701120,3812353538661063
2,0,439,1789633737421711360,3812353538672021
2,0,440,1789633737421722624,3812353538683021
2,0,441,1789633737421733888,3812353538694037
2,0,442,1789633737421745152,3812353538704981
2,0,443,1789633737421755392,3812353538715923
2,0,444,1789633737421766656,3812353538726854
2,0,445,1789633737421777920,3812353538737816
2,0,446,1789633737421788160,3812353538748868
2,0,447,1789633737421799424,3812353538759837
2,0,448,1789633737421810688,3812353538770761
2,0,449,1789633737421821952,3812353538781845
2,0,450,1789633737421832192,3812353538792814
2,0,451,1789633737421843456,3812353538803732
2,0,452,1789633737421854720,3812353538814738
2,0,453,1789633737421864960,3812353538825710
2,0,454,1789633737421876224,3812353538836628
2,0,455,1789633737421887488,3812353538847596
2,0,456,1789633737421898752,3812353538858496
2,0,457,1789633737421908992,3812353538869434
2,0,458,1789633737421920256,3812353538880370
2,0,459,1789633737421931520,3812353538891314
2,0,460,1789633737421941760,3812353538902210
2,0,461,1789633737421953024,3812353538913112
2,0,462,1789633737421963264,3812353538924021
2,0,463,1789633737421974528,3812353538934945
2,0,464,1789633737421985792,3812353538945883
2,0,465,1789633737421997056,3812353538956830
2,0,466,1789633737422007296,3812353538967752
2,0,467,1789633737422018560,3812353538978674
2,0,468,1789633737422029824,3812353538989638
2,0,469,1789633737422040064,3812353539000534
2,0,470,1789633737422051328,3812353539011470
2,0,471,1789633737422062592,3812353539022390
2,0,472,1789633737422072832,3812353539033521
2,0,473,1789633737422084096,3812353539044423
2,0,474,1789633737422095360,3812353539055412
2,0,475,1789633737422105600,3812353539066336
2,0,476,1789633737422116864,3812353539077307
2,0,477,1789633737422128128,3812353539088297
2,0,478,1789633737422139392,3812353539099301
2,0,479,1789633737422149632,3812353539110203
2,0,480,1789633737422160896,3812353539121310
2,0,481,1789633737422172160,3812353539132245
2,0,482,1789633737422182400,3812353539143159
2,0,483,1789633737422193664,3812353539154091
2,0,484,1789633737422204928,3812353539165063
2,0,485,1789633737422216192,3812353539176097
2,0,486,1789633737422226432,3812353539187072
2,0,487,1789633737422237696,3812353539197965
2,0,488,1789633737422248960,3812353539209074
2,0,489,1789633737422260224,3812353539219999
2,0,490,1789633737422270464,3812353539230952
2,0,491,1789633737422281728,3812353539241859
2,0,492,1789633737422292992,3812353539252788
2,0,493,1789633737422303232,3812353539263881
2,0,494,1789633737422314496,3812353539274845
2,0,495,1789633737422325760,3812353539285828
2,0,496,1789633737422337024,3812353539296854
2,0,497,1789633737422347264,3812353539307823
2,0,498,1789633737422358528,3812353539318785
2,0,499,1789633737422369792,3812353539329672
2,0,500,1789633737422380032,3812353539340652
2,0,501,1789633737422391296,3812353539351657
2,0,502,1789633737422402560,3812353539362612
2,0,503,1789633737422412800,3812353539373514
2,0,504,1789633737422424064,3812353539384416
2,0,505,1789633737422435328,3812353539395374
2,0,506,1789633737422445568,3812353539406301
2,0,507,1789633737422456832,3812353539417232
2,0,508,1789633737422468096,3812353539428130
2,0,509,1789633737422478336,3812353539439051
2,0,510,1789633737422489600,3812353539449965
2,0,511,1789633737422500864,3812353539460908
2,0,512,1789633737422511104,3812353539471845
2,0,513,1789633737422522368,3812353539482770
2,0,514,1789633737422533632,3812353539493659
2,0,515,1789633737422543872,3812353539504588
2,0,516,1789633737422555136,3812353539515552
2,0,517,1789633737422566400,3812353539526514
2,0,518,1789633737422577664,3812353539537430
2,0,519,1789633737422587904,3812353539548499
2,0,520,1789633737422599168,3812353539559465
2,0,521,1789633737422610432,3812353539570425
2,0,522,1789633737422620672,3812353539581308
2,0,523,1789633737422631936,3812353539592259
2,0,524,1789633737422643200,3812353539603328
2,0,525,1789633737422654464,3812353539614279
2,0,526,1789633737422664704,3812353539625183
2,0,527,1789633737422675968,3812353539636301
2,0,528,1789633737422687232,3812353539647270
2,0,529,1789633737422697472,3812353539658210
2,0,530,1789633737422708736,3812353539669105
2,0,531,1789633737422720000,3812353539680074
2,0,532,1789633737422730240,3812353539691116
2,0,533,1789633737422741504,3812353539702181
2,0,534,1789633737422752768,3812353539713121
2,0,535,1789633737422764032,3812353539724085
2,0,536,1789633737422774272,3812353539735021
2,0,537,1789633737422785536,3812353539745948
2,0,538,1789633737422796800,3812353539756878
2,0,539,1789633737422807040,3812353539767821
2,0,540,1789633737422818304,3812353539778910
2,0,541,1789633737422829568,3812353539789845
2,0,542,1789633737422840832,3812353539800757
2,0,543,1789633737422851072,3812353539811890
2,0,544,1789633737422862336,3812353539822774
2,0,545,1789633737422873600,3812353539833725
2,0,546,1789633737422884864,3812353539844645
2,0,547,1789633737422895104,3812353539855570
2,0,548,1789633737422906368,3812353539866490
2,0,549,1789633737422917632,3812353539877432
2,0,550,1789633737422927872,3812353539888374
2,0,551,1789633737422939136,3812353539899296
2,0,552,1789633737422950400,3812353539910245
2,0,553,1789633737422960640,3812353539921119
2,0,554,1789633737422971904,3812353539932045
2,0,555,1789633737422983168,3812353539942983
2,0,556,1789633737422993408,3812353539953905
2,0,557,1789633737423004672,3812353539964850
2,0,558,1789633737423015936,3812353539975965
2,0,559,1789633737423026176,3812353539986890
2,0,560,1789633737423037440,3812353539997883
2,0,561,1789633737423048704,3812353540008899
2,0,562,1789633737423059968,3812353540019876
2,0,563,1789633737423070208,3812353540030787
2,0,564,1789633737423081472,3812353540041721
2,0,565,1789633737423092736,3812353540052645
2,0,566,1789633737423102976,3812353540063721
2,0,567,1789633737423114240,3812353540074672
2,0,568,1789633737423125504,3812353540085612
2,0,569,1789633737423136768,3812353540096705
2,0,570,1789633737423147008,3812353540107663
2,0,571,1789633737423158272,3812353540118581
2,0,572,1789633737423169536,3812353540129532
2,0,573,1789633737423179776,3812353540140503
2,0,574,1789633737423191040,3812353540151503
2,0,575,1789633737423202304,3812353540162490
2,0,576,1789633737423213568,3812353540173454
2,0,577,1789633737423223808,3812353540184476
2,0,578,1789633737423235072,3812353540195534
2,0,579,1789633737423246336,3812353540206556
2,0,580,1789633737423257600,3812353540217651
2,0,581,1789633737423267840,3812353540228698
2,0,582,1789633737423279104,3812353540239703
2,0,583,1789633737423290368,3812353540250818
2,0,584,1789633737423301632,3812353540261847
2,0,585,1789633737423312896,3812353540272845
2,0,586,1789633737423323136,3812353540283850
2,0,587,1789633737423334400,3812353540294896
2,0,588,1789633737423345664,3812353540305878
2,0,589,1789633737423356928,3812353540316921
2,0,590,1789633737423367168,3812353540327914
2,0,591,1789633737423378432,3812353540338970
2,0,592,1789633737423389696,3812353540350016
2,0,593,1789633737423400960,3812353540361014
2,0,594,1789633737423411200,3812353540372074
2,0,595,1789633737423422464,3812353540383105
2,0,596,1789633737423433728,3812353540394170
2,0,597,1789633737423444992,3812353540405234
2,0,598,1789633737423456256,3812353540416250
2,0,599,1789633737423466496,3812353540427297
2,0,600,1789633737423477760,3812353540438301
2,0,601,1789633737423489024,3812353540449354
2,0,602,1789633737423500288,3812353540460390
2,0,603,1789633737423510528,3812353540471496
2,0,604,1789633737423521792,3812353540482550
2,0,605,1789633737423533056,3812353540493527
2,0,606,1789633737423544320,3812353540504687
2,0,607,1789633737423555584,3812353540515750
2,0,608,1789633737423566848,3812353540526801
2,0,609,1789633737423577088,3812353540537841
2,0,610,1789633737423588352,3812353540548878
2,0,611,1789633737423599616,3812353540559945
2,0,612,1789633737423610880,3812353540570996
2,0,613,1789633737423621120,3812353540582012
2,0,614,1789633737423632384,3812353540593070
2,0,615,1789633737423643648,3812353540604161
2,0,616,1789633737423654912,3812353540615247
2,0,617,1789633737423666176,3812353540626283
2,0,618,1789633737423677440,3812353540637274
2,0,619,1789633737423687680,3812353540648196
2,0,620,1789633737423698944,3812353540659119
2,0,621,1789633737423710208,3812353540670021
2,0,622,1789633737423720448,3812353540680963
2,0,623,1789633737423731712,3812353540691897
2,0,624,1789633737423742976,3812353540702841
2,0,625,1789633737423753216,3812353540713761
2,0,626,1789633737423764480,3812353540724885
2,0,627,1789633737423775744,3812353540735810
2,0,628,1789633737423785984,3812353540746750
2,0,629,1789633737423797248,3812353540757647
2,0,630,1789633737423808512,3812353540768601
2,0,631,1789633737423818752,3812353540779670
2,0,632,1789633737423830016,3812353540790632
2,0,633,1789633737423841280,3812353540801541
2,0,634,1789633737423852544,3812353540812681
2,0,635,1789633737423863808,3812353540823654
2,0,636,1789633737423874048,3812353540834581
2,0,637,1789633737423885312,3812353540845547
2,0,638,1789633737423896576,3812353540856494
2,0,639,1789633737423906816,3812353540867465
2,0,640,1789633737423918080,3812353540878394
2,0,641,1789633737423929344,3812353540889319
2,0,642,1789633737423939584,3812353540900203
2,0,643,1789633737423950848,3812353540911163
2,0,644,1789633737423962112,3812353540922090
2,0,645,1789633737423972352,3812353540933081
2,0,646,1789633737423983616,3812353540944043
2,0,647,1789633737423994880,3812353540955059
2,0,648,1789633737424006144,3812353540966010
2,0,649,1789633737424016384,3812353540976952
2,0,650,1789633737424027648,3812353540987872
2,0,651,1789633737424038912,3812353540998841
2,0,652,1789633737424049152,3812353541009874
2,0,653,1789633737424060416,3812353541020821
2,0,654,1789633737424071680,3812353541031756
2,0,655,1789633737424081920,3812353541042863
2,0,656,1789633737424093184,3812353541053812
2,0,657,1789633737424104448,3812353541064749
2,0,658,1789633737424115712,3812353541076930
2,0,659,1789633737424128000,3812353541087914
2,0,660,1789633737424138240,3812353541098851
2,0,661,1789633737424149504,3812353541109803
2,0,662,1789633737424160768,3812353541120887
2,0,663,1789633737424172032,3812353541131830
2,0,664,1789633737424182272,3812353541142759
2,0,665,1789633737424193536,3812353541153658
2,0,666,1789633737424204800,3812353541164640
2,0,667,1789633737424215040,3812353541175716
2,0,668,1789633737424226304,3812353541186678
2,0,669,1789633737424237568,3812353541197652
2,0,670,1789633737424247808,3812353541208670
2,0,671,1789633737424259072,3812353541219663
2,0,672,1789633737424270336,3812353541230614
2,0,673,1789633737424281600,3812353541241614
2,0,674,1789633737424291840,3812353541252563
2,0,675,1789633737424303104,3812353541263501
2,0,676,1789633737424314368,3812353541274459
2,0,677,1789633737424324608,3812353541285421
2,0,678,1789633737424335872,3812353541296456
2,0,679,1789633737424347136,3812353541307425
2,0,680,1789633737424358400,3812353541318352
2,0,681,1789633737424368640,3812353541329263
2,0,682,1789633737424379904,3812353541340185
2,0,683,1789633737424391168,3812353541351314
2,0,684,1789633737424401408,3812353541362207
2,0,685,1789633737424412672,3812353541373096
2,0,686,1789633737424423936,3812353541384020
2,0,687,1789633737424434176,3812353541395018
2,0,688,1789633737424445440,3812353541405945
2,0,689,1789633737424456704,3812353541416854
2,0,690,1789633737424467968,3812353541427778
2,0,691,1789633737424478208,3812353541438885
2,0,692,1789633737424489472,3812353541449837
2,0,693,1789633737424500736,3812353541460765
2,0,694,1789633737424510976,3812353541471654
2,0,695,1789633737424522240,3812353541482600
2,0,696,1789633737424533504,3812353541493490
2,0,697,1789633737424543744,3812353541504463
2,0,698,1789633737424555008,3812353541515365
2,0,699,1789633737424566272,3812353541526278
2,0,700,1789633737424576512,3812353541537185
2,0,701,1789633737424587776,3812353541548338
2,0,702,1789633737424599040,3812353541559257
2,0,703,1789633737424610304,3812353541570194
2,0,704,1789633737424620544,3812353541581296
2,0,705,1789633737424631808,3812353541594952
2,0,706,1789633737424643072,3812353541603170
2,0,707,1789633737424653312,3812353541614112
2,0,708,1789633737424664576,3812353541625050
2,0,709,1789633737424675840,3812353541636097
2,0,710,1789633737424687104,3812353541647027
2,0,711,1789633737424697344,3812353541657987
2,0,712,1789633737424708608,3812353541668894
2,0,713,1789633737424719872,3812353541679850
2,0,714,1789633737424730112,3812353541690778
2,0,715,1789633737424741376,3812353541701730
2,0,716,1789633737424752640,3812353541712663
2,0,717,1789633737424762880,3812353541723685
2,0,718,1789633737424774144,3812353541734623
2,0,719,1789633737424785408,3812353541745572
2,0,720,1789633737424796672,3812353541756472
2,0,721,1789633737424806912,3812353541767403
2,0,722,1789633737424818176,3812353541778543
2,0,723,1789633737424829440,3812353541789500
2,0,724,1789633737424839680,3812353541800454
2,0,725,1789633737424850944,3812353541811483
2,0,726,1789633737424862208,3812353541822440
2,0,727,1789633737424873472,3812353541833360
2,0,728,1789633737424883712,3812353541844251
2,0,729,1789633737424894976,3812353541855201
2,0,730,1789633737424906240,3812353541866097
2,0,731,1789633737424916480,3812353541877058
2,0,732,1789633737424927744,3812353541887992
2,0,733,1789633737424939008,3812353541898898
2,0,734,1789633737424949248,3812353541909827
2,0,735,1789633737424960512,3812353541920720
2,0,736,1789633737424971776,3812353541931627
2,0,737,1789633737424982016,3812353541942552
2,0,738,1789633737424993280,3812353541953465
2,0,739,1789633737425004544,3812353541964370
2,0,740,1789633737425014784,3812353541975339
2,0,741,1789633737425026048,3812353541986250
2,0,742,1789633737425037312,3812353541997150
2,0,743,1789633737425047552,3812353542008089
2,0,744,1789633737425058816,3812353542019072
2,0,745,1789633737425070080,3812353542029965
2,0,746,1789633737425080320,3812353542040900
2,0,747,1789633737425091584,3812353542051845
2,0,748,1789633737425102848,3812353542062778
2,0,749,1789633737425113088,3812353542073698
2,0,750,1789633737425124352,3812353542084803
2,0,751,1789633737425135616,3812353542095752
2,0,752,1789633737425146880,3812353542106690
2,0,753,1789633737425157120,3812353542117745
2,0,754,1789633737425168384,3812353542128703
2,0,755,1789633737425179648,3812353542139626
2,0,756,1789633737425189888,3812353542150567
2,0,757,1789633737425201152,3812353542161470
2,0,758,1789633737425212416,3812353542172600
2,0,759,1789633737425223680,3812353542183519
2,0,760,1789633737425233920,3812353542194447
2,0,761,1789633737425245184,3812353542205352
2,0,762,1789633737425256448,3812353542216311
2,0,763,1789633737425266688,3812353542227247
2,0,764,1789633737425277952,3812353542238225
2,0,765,1789633737425289216,3812353542249152
2,0,766,1789633737425299456,3812353542260170
2,0,767,1789633737425310720,3812353542271097
2,0,768,1789633737425321984,3812353542282040
2,0,769,1789633737425332224,3812353542292972
2,0,770,1789633737425343488,3812353542303946
2,0,771,1789633737425354752,3812353542314980
2,0,772,1789633737425366016,3812353542325944
2,0,773,1789633737425376256,3812353542336901
2,0,774,1789633737425387520,3812353542347945
2,0,775,1789633737425398784,3812353542358907
2,0,776,1789633737425409024,3812353542369803
2,0,777,1789633737425420288,3812353542380730
2,0,778,1789633737425431552,3812353542391674
2,0,779,1789633737425442816,3812353542402790
2,0,780,1789633737425453056,3812353542413707
2,0,781,1789633737425464320,3812353542424697
2,0,782,1789633737425475584,3812353542435732
2,0,783,1789633737425486848,3812353542446705
2,0,784,1789633737425497088,3812353542457614
2,0,785,1789633737425508352,3812353542468531
2,0,786,1789633737425519616,3812353542479470
2,0,787,1789633737425529856,3812353542490571
2,0,788,1789633737425541120,3812353542501483
2,0,789,1789633737425552384,3812353542512430
2,0,790,1789633737425562624,3812353542523545
2,0,791,1789633737425573888,3812353542534512
2,0,792,1789633737425585152,3812353542545400
2,0,793,1789633737425596416,3812353542556358
2,0,794,1789633737425606656,3812353542567336
2,0,795,1789633737425617920,3812353542578339
2,0,796,1789633737425629184,3812353542589305
2,0,797,1789633737425640448,3812353542600290
2,0,798,1789633737425650688,3812353542611319
2,0,799,1789633737425661952,3812353542622283
2,0,800,1789633737425673216,3812353542633250
2,0,801,1789633737425683456,3812353542644178
2,0,802,1789633737425694720,3812353542655153
2,0,803,1789633737425705984,3812353542666125
2,0,804,1789633737425717248,3812353542677100
2,0,805,1789633737425727488,3812353542688020
2,0,806,1789633737425738752,3812353542699119
2,0,807,1789633737425750016,3812353542710080
2,0,808,1789633737425760256,3812353542721010
2,0,809,1789633737425771520,3812353542731963
2,0,810,1789633737425782784,3812353542742997
2,0,811,1789633737425794048,3812353542753933
2,0,812,1789633737425804288,3812353542764858
2,0,813,1789633737425815552,3812353542775798
2,0,814,1789633737425826816,3812353542786694
2,0,815,1789633737425837056,3812353542797636
2,0,816,1789633737425848320,3812353542808560
2,0,817,1789633737425859584,3812353542819520
2,0,818,1789633737425869824,3812353542830420
2,0,819,1789633737425881088,3812353542841511
2,0,820,1789633737425892352,3812353542852463
2,0,821,1789633737425902592,3812353542863387
2,0,822,1789633737425913856,3812353542874332
2,0,823,1789633737425925120,3812353542885333
2,0,824,1789633737425936384,3812353542896340
2,0,825,1789633737425946624,3812353542907274
2,0,826,1789633737425957888,3812353542918180
2,0,827,1789633737425969152,3812353542929103
2,0,828,1789633737425979392,3812353542940045
2,0,829,1789633737425990656,3812353542950970
2,0,830,1789633737426001920,3812353542961897
2,0,831,1789633737426012160,3812353542972823
2,0,832,1789633737426023424,3812353542983914
2,0,833,1789633737426034688,3812353542994840
2,0,834,1789633737426044928,3812353543005753
2,0,835,1789633737426056192,3812353543016710
2,0,836,1789633737426067456,3812353543027683
2,0,837,1789633737426078720,3812353543038745
2,0,838,1789633737426088960,3812353543049718
2,0,839,1789633737426100224,3812353543060671
2,0,840,1789633737426111488,3812353543071714
2,0,841,1789633737426122752,3812353543082690
2,0,842,1789633737426132992,3812353543093647
2,0,843,1789633737426144256,3812353543104625
2,0,844,1789633737426155520,3812353543115589
2,0,845,1789633737426165760,3812353543126537
2,0,846,1789633737426177024,3812353543137510
2,0,847,1789633737426188288,3812353543148410
2,0,848,1789633737426198528,3812353543159490
2,0,849,1789633737426209792,3812353543170480
2,0,850,1789633737426221056,3812353543181419
2,0,851,1789633737426232320,3812353543192412
2,0,852,1789633737426242560,3812353543203374
2,0,853,1789633737426253824,3812353543214314
2,0,854,1789633737426265088,3812353543225243
2,0,855,1789633737426276352,3812353543236180
2,0,856,1789633737426286592,3812353543247307
2,0,857,1789633737426297856,3812353543258237
2,0,858,1789633737426309120,3812353543269170
2,0,859,1789633737426319360,3812353543280094
2,0,860,1789633737426330624,3812353543291047
2,0,861,1789633737426341888,3812353543302113
2,0,862,1789633737426353152,3812353543313046
2,0,863,1789633737426363392,3812353543323950
2,0,864,1789633737426374656,3812353543334872
2,0,865,1789633737426385920,3812353543345832
2,0,866,1789633737426396160,3812353543356745
2,0,867,1789633737426407424,3812353543367696
2,0,868,1789633737426418688,3812353543378607
2,0,869,1789633737426428928,3812353543389703
2,0,870,1789633737426440192,3812353543400649
2,0,871,1789633737426451456,3812353543411583
2,0,872,1789633737426461696,3812353543422503
2,0,873,1789633737426472960,3812353543433445
2,0,874,1789633737426484224,3812353543444310
2,0,875,1789633737426494464,3812353543455250
2,0,876,1789633737426505728,3812353543466170
2,0,877,1789633737426516992,3812353543477104
2,0,878,1789633737426527232,3812353543488023
2,0,879,1789633737426538496,3812353543499171
2,0,880,1789633737426549760,3812353543510092
2,0,881,1789633737426561024,3812353543521016
2,0,882,1789633737426571264,3812353543531930
2,0,883,1789633737426582528,3812353543542863
2,0,884,1789633737426593792,3812353543553761
2,0,885,1789633737426604032,3812353543564694
2,0,886,1789633737426615296,3812353543575623
2,0,887,1789633737426626560,3812353543586523
2,0,888,1789633737426636800,3812353543597473
2,0,889,1789633737426648064,3812353543608438
2,0,890,1789633737426659328,3812353543619427
2,0,891,1789633737426669568,3812353543630360
2,0,892,1789633737426680832,3812353543641367
2,0,893,1789633737426692096,3812353543652325
2,0,894,1789633737426703360,3812353543663236
2,0,895,1789633737426713600,3812353543674123
2,0,896,1789633737426724864,3812353543685165
2,0,897,1789633737426736128,3812353543696179
2,0,898,1789633737426746368,3812353543707130
2,0,899,1789633737426757632,3812353543718069
2,0,900,1789633737426768896,3812353543729150
2,0,901,1789633737426780160,3812353543740130
2,0,902,1789633737426790400,3812353543751067
2,0,903,1789633737426801664,3812353543762007
2,0,904,1789633737426812928,3812353543773020
2,0,905,1789633737426823168,3812353543783970
2,0,906,1789633737426834432,3812353543794907
2,0,907,1789633737426845696,3812353543805858
2,0,908,1789633737426856960,3812353543816930
2,0,909,1789633737426867200,3812353543827920
2,0,910,1789633737426878464,3812353543838845
2,0,911,1789633737426889728,3812353543849770
2,0,912,1789633737426899968,3812353543860732
2,0,913,1789633737426911232,3812353543871736
2,0,914,1789633737426922496,3812353543882678
2,0,915,1789633737426933760,3812353543893596
2,0,916,1789633737426944000,3812353543904499
2,0,917,1789633737426955264,3812353543915432
2,0,918,1789633737426965504,3812353543926363
2,0,919,1789633737426976768,3812353543937296
2,0,920,1789633737426988032,3812353543948225
2,0,921,1789633737426999296,3812353543959136
2,0,922,1789633737427009536,3812353543970072
2,0,923,1789633737427020800,3812353543980985
2,0,924,1789633737427031040,3812353543991943
2,0,925,1789633737427042304,3812353544002850
2,0,926,1789633737427053568,3812353544013783
2,0,927,1789633737427064832,3812353544024740
2,0,928,1789633737427075072,3812353544035672
2,0,929,1789633737427086336,3812353544046590
2,0,930,1789633737427097600,3812353544057514
2,0,931,1789633737427107840,3812353544068592
2,0,932,1789633737427119104,3812353544079552
2,0,933,1789633737427130368,3812353544090460
2,0,934,1789633737427140608,3812353544101376
2,0,935,1789633737427151872,3812353544112310
2,0,936,1789633737427163136,3812353544123403
2,0,937,1789633737427174400,3812353544134333
2,0,938,1789633737427184640,3812353544145256
2,0,939,1789633737427195904,3812353544156178
2,0,940,1789633737427207168,3812353544167116
2,0,941,1789633737427217408,3812353544178040
2,0,942,1789633737427228672,3812353544189003
2,0,943,1789633737427239936,3812353544199903
2,0,944,1789633737427250176,3812353544211003
2,0,945,1789633737427261440,3812353544221959
2,0,946,1789633737427272704,3812353544232999
2,0,947,1789633737427283968,3812353544243910
2,0,948,1789633737427294208,3812353544254885
2,0,949,1789633737427305472,3812353544265812
2,0,950,1789633737427316736,3812353544276773
2,0,951,1789633737427326976,3812353544287672
2,0,952,1789633737427338240,3812353544298780
2,0,953,1789633737427349504,3812353544309703
2,0,954,1789633737427360768,3812353544320683
2,0,955,1789633737427371008,3812353544331587
2,0,956,1789633737427382272,3812353544342590
2,0,957,1789633737427393536,3812353544353598
2,0,958,1789633737427403776,3812353544364556
2,0,959,1789633737427415040,3812353544375466
2,0,960,1789633737427426304,3812353544386356
2,0,961,1789633737427436544,3812353544397310
2,0,962,1789633737427447808,3812353544408254
2,0,963,1789633737427459072,3812353544419211
2,0,964,1789633737427469312,3812353544430125
2,0,965,1789633737427480576,3812353544441313
2,0,966,1789633737427491840,3812353544452134
2,0,967,1789633737427503104,3812353544463047
2,0,968,1789633737427513344,3812353544473976
2,0,969,1789633737427524608,3812353544484903
2,0,970,1789633737427535872,3812353544495827
2,0,971,1789633737427546112,3812353544506772
2,0,972,1789633737427557376,3812353544517690
2,0,973,1789633737427568640,3812353544528605
2,0,974,1789633737427578880,3812353544539560
2,0,975,1789633737427590144,3812353544550663
2,0,976,1789633737427601408,3812353544561596
2,0,977,1789633737427612672,3812353544572525
2,0,978,1789633737427622912,3812353544583636
2,0,979,1789633737427634176,3812353544594625
2,0,980,1789633737427645440,3812353544605565
2,0,981,1789633737427655680,3812353544616519
2,0,982,1789633737427666944,3812353544627449
2,0,983,1789633737427678208,3812353544638447
2,0,984,1789633737427689472,3812353544649371
2,0,985,1789633737427699712,3812353544660298
2,0,986,1789633737427710976,3812353544671214
2,0,987,1789633737427722240,3812353544682179
2,0,988,1789633737427732480,3812353544693123
2,0,989,1789633737427743744,3812353544704150
2,0,990,1789633737427755008,3812353544715150
2,0,991,1789633737427765248,3812353544726223
2,0,992,1789633737427776512,3812353544737223
2,0,993,1789633737427787776,3812353544748173
2,0,994,1789633737427799040,3812353544759171
2,0,995,1789633737427809280,3812353544770179
2,0,996,1789633737427820544,3812353544781130
2,0,997,1789633737427831808,3812353544792119
2,0,998,1789633737427843072,3812353544803038
2,0,999,1789633737427853312,3812353544814010
2,0,1000,1789633737427864576,3812353544824932
2,0,1001,1789633737427875840,3812353544835900
2,0,1002,1789633737427886080,3812353544846965
2,0,1003,1789633737427897344,3812353544857936
2,0,1004,1789633737427908608,3812353544868840
2,0,1005,1789633737427919872,3812353544879783
2,0,1006,1789633737427930112,3812353544890705
2,0,1007,1789633737427941376,3812353544901792
2,0,1008,1789633737427952640,3812353544912733
2,0,1009,1789633737427962880,3812353544923636
2,0,1010,1789633737427974144,3812353544934545
2,0,1011,1789633737427985408,3812353544945530
2,0,1012,1789633737427995648,3812353544956425
2,0,1013,1789633737428006912,3812353544967361
2,0,1014,1789633737428018176,3812353544978285
2,0,1015,1789633737428028416,3812353544989409
2,0,1016,1789633737428039680,3812353545000369
2,0,1017,1789633737428050944,3812353545011313
2,0,1018,1789633737428062208,3812353545022209
2,0,1019,1789633737428072448,3812353545033185
2,0,1020,1789633737428083712,3812353545044189
2,0,1021,1789633737428094976,3812353545055165
2,0,1022,1789633737428106240,3812353545067156
2,0,1023,1789633737428117504,3812353545078103
2,0,1024,1789633737428128768,3812353545089065
2,0,1025,1789633737428140032,3812353545099996
2,0,1026,1789633737428150272,3812353545110913
2,0,1027,1789633737428161536,3812353545121834
2,0,1028,1789633737428172800,3812353545132796
2,0,1029,1789633737428183040,3812353545143720
2,0,1030,1789633737428194304,3812353545154673
2,0,1031,1789633737428205568,3812353545165645
2,0,1032,1789633737428215808,3812353545176665
2,0,1033,1789633737428227072,3812353545187599
2,0,1034,1789633737428238336,3812353545198545
2,0,1035,1789633737428249600,3812353545209489
2,0,1036,1789633737428259840,3812353545220409
2,0,1037,1789633737428271104,3812353545231476
2,0,1038,1789633737428282368,3812353545242429
2,0,1039,1789633737428292608,3812353545253414
2,0,1040,1789633737428303872,3812353545264447
2,0,1041,1789633737428315136,3812353545275432
2,0,1042,1789633737428326400,3812353545286380
2,0,1043,1789633737428336640,3812353545297316
2,0,1044,1789633737428347904,3812353545308247
2,0,1045,1789633737428359168,3812353545319276
2,0,1046,1789633737428369408,3812353545330196
2,0,1047,1789633737428380672,3812353545341171
2,0,1048,1789633737428391936,3812353545352225
2,0,1049,1789633737428403200,3812353545363205
2,0,1050,1789633737428413440,3812353545374145
2,0,1051,1789633737428424704,3812353545385145
2,0,1052,1789633737428435968,3812353545396072
2,0,1053,1789633737428446208,3812353545407056
2,0,1054,1789633737428457472,3812353545418019
2,0,1055,1789633737428468736,3812353545428932
2,0,1056,1789633737428480000,3812353545440009
2,0,1057,1789633737428490240,3812353545451013
2,0,1058,1789633737428501504,3812353545461912
2,0,1059,1789633737428512768,3812353545472851
2,0,1060,1789633737428523008,3812353545483851
2,0,1061,1789633737428534272,3812353545494845
2,0,1062,1789633737428545536,3812353545505789
2,0,1063,1789633737428556800,3812353545516696
2,0,1064,1789633737428567040,3812353545527620
2,0,1065,1789633737428578304,3812353545538572
2,0,1066,1789633737428589568,3812353545549474
2,0,1067,1789633737428599808,3812353545560399
2,0,1068,1789633737428611072,3812353545571338
2,0,1069,1789633737428622336,3812353545582236
2,0,1070,1789633737428632576,3812353545595979
2,0,1071,1789633737428643840,3812353545604096
2,0,1072,1789633737428655104,3812353545615032
2,0,1073,1789633737428665344,3812353545625945
2,0,1074,1789633737428676608,3812353545636878
2,0,1075,1789633737428687872,3812353545647816
2,0,1076,1789633737428698112,3812353545658721
2,0,1077,1789633737428709376,3812353545669647
2,0,1078,1789633737428720640,3812353545680553
2,0,1079,1789633737428730880,3812353545691458
2,0,1080,1789633737428742144,3812353545702432
2,0,1081,1789633737428753408,3812353545713334
2,0,1082,1789633737428763648,3812353545724269
2,0,1083,1789633737428774912,3812353545735198
2,0,1084,1789633737428786176,3812353545746112
2,0,1085,1789633737428796416,3812353545757056
2,0,1086,1789633737428807680,3812353545768020
2,0,1087,1789633737428818944,3812353545778925
2,0,1088,1789633737428829184,3812353545789923
2,0,1089,1789633737428840448,3812353545800934
2,0,1090,1789633737428851712,3812353545811923
2,0,1091,1789633737428862976,3812353545822849
2,0,1092,1789633737428873216,3812353545833845
2,0,1093,1789633737428884480,3812353545844803
2,0,1094,1789633737428895744,3812353545855759
2,0,1095,1789633737428905984,3812353545866719
2,0,1096,1789633737428917248,3812353545877647
2,0,1097,1789633737428928512,3812353545888509
2,0,1098,1789633737428938752,3812353545899469
2,0,1099,1789633737428950016,3812353545910414
2,0,1100,1789633737428961280,3812353545921374
2,0,1101,1789633737428971520,3812353545932319
2,0,1102,1789633737428982784,3812353545943329
2,0,1103,1789633737428994048,3812353545954279
2,0,1104,1789633737429005312,3812353545965219
2,0,1105,1789633737429015552,3812353545976143
2,0,1106,1789633737429026816,3812353545987069
2,0,1107,1789633737429038080,3812353545998184
2,0,1108,1789633737429048320,3812353546009144
2,0,1109,1789633737429059584,3812353546020098
2,0,1110,1789633737429070848,3812353546031129
2,0,1111,1789633737429082112,3812353546042103
2,0,1112,1789633737429092352,3812353546053034
2,0,1113,1789633737429103616,3812353546063974
2,0,1114,1789633737429114880,3812353546074966
2,0,1115,1789633737429125120,3812353546085944
2,0,1116,1789633737429136384,3812353546096899
2,0,1117,1789633737429147648,3812353546107893
2,0,1118,1789633737429158912,3812353546118907
2,0,1119,1789633737429169152,3812353546129829
2,0,1120,1789633737429180416,3812353546140766
2,0,1121,1789633737429191680,3812353546151696
2,0,1122,1789633737429201920,3812353546162633
2,0,1123,1789633737429213184,3812353546173727
2,0,1124,1789633737429224448,3812353546184667
2,0,1125,1789633737429234688,3812353546195569
2,0,1126,1789633737429245952,3812353546206487
2,0,1127,1789633737429257216,3812353546217470
2,0,1128,1789633737429268480,3812353546228348
2,0,1129,1789633737429278720,3812353546239290
2,0,1130,1789633737429289984,3812353546250220
2,0,1131,1789633737429301248,3812353546261310
2,0,1132,1789633737429311488,3812353546272234
2,0,1133,1789633737429322752,3812353546283172
2,0,1134,1789633737429334016,3812353546294086
2,0,1135,1789633737429344256,3812353546305152
2,0,1136,1789633737429355520,3812353546316142
2,0,1137,1789633737429366784,3812353546327092
2,0,1138,1789633737429378048,3812353546338007
2,0,1139,1789633737429388288,3812353546349116
2,0,1140,1789633737429399552,3812353546360107
2,0,1141,1789633737429410816,3812353546371027
2,0,1142,1789633737429422080,3812353546381952
2,0,1143,1789633737429432320,3812353546392996
2,0,1144,1789633737429443584,3812353546403916
2,0,1145,1789633737429454848,3812353546414880
2,0,1146,1789633737429465088,3812353546425884
2,0,1147,1789633737429476352,3812353546436886
2,0,1148,1789633737429487616,3812353546447823
2,0,1149,1789633737429498880,3812353546458776
2,0,1150,1789633737429509120,3812353546469732
2,0,1151,1789633737429520384,3812353546480714
2,0,1152,1789633737429531648,3812353546491697
2,0,1153,1789633737429541888,3812353546502656
2,0,1154,1789633737429553152,3812353546513597
2,0,1155,1789633737429564416,3812353546524693
2,0,1156,1789633737429575680,3812353546535647
2,0,1157,1789633737429585920,3812353546546592
2,0,1158,1789633737429597184,3812353546557540
2,0,1159,1789633737429608448,3812353546568490
2,0,1160,1789633737429618688,3812353546579517
2,0,1161,1789633737429629952,3812353546590452
2,0,1162,1789633737429641216,3812353546601382
2,0,1163,1789633737429651456,3812353546612474
2,0,1164,1789633737429662720,3812353546623447
2,0,1165,1789633737429673984,3812353546634366
2,0,1166,1789633737429685248,3812353546645296
2,0,1167,1789633737429695488,3812353546656184
2,0,1168,1789633737429706752,3812353546667106
2,0,1169,1789633737429718016,3812353546678054
2,0,1170,1789633737429728256,3812353546688997
2,0,1171,1789633737429739520,3812353546699924
2,0,1172,1789633737429750784,3812353546710840
2,0,1173,1789633737429761024,3812353546721914
2,0,1174,1789633737429772288,3812353546732992
2,0,1175,1789633737429783552,3812353546743946
2,0,1176,1789633737429794816,3812353546754892
2,0,1177,1789633737429805056,3812353546765827
2,0,1178,1789633737429816320,3812353546776770
2,0,1179,1789633737429827584,3812353546787789
2,0,1180,1789633737429838848,3812353546798776
2,0,1181,1789633737429849088,3812353546809702
2,0,1182,1789633737429860352,3812353546820640
2,0,1183,1789633737429871616,3812353546831572
2,0,1184,1789633737429881856,3812353546842660
2,0,1185,1789633737429893120,3812353546853649
2,0,1186,1789633737429904384,3812353546864602
2,0,1187,1789633737429914624,3812353546875477
2,0,1188,1789633737429925888,3812353546886472
2,0,1189,1789633737429937152,3812353546897499
2,0,1190,1789633737429948416,3812353546908442
2,0,1191,1789633737429958656,3812353546919367
2,0,1192,1789633737429969920,3812353546930449
2,0,1193,1789633737429981184,3812353546941389
2,0,1194,1789633737429992448,3812353546952320
2,0,1195,1789633737430002688,3812353546963242
2,0,1196,1789633737430013952,3812353546974226
2,0,1197,1789633737430025216,3812353546985272
2,0,1198,1789633737430035456,3812353546996240
2,0,1199,1789633737430046720,3812353547007159
2,0,1200,1789633737430057984,3812353547018284
2,0,1201,1789633737430069248,3812353547029204
2,0,1202,1789633737430079488,3812353547040132
2,0,1203,1789633737430090752,3812353547051047
2,0,1204,1789633737430102016,3812353547062067
2,0,1205,1789633737430112256,3812353547073052
2,0,1206,1789633737430123520,3812353547084002
2,0,1207,1789633737430134784,3812353547094943
2,0,1208,1789633737430145024,3812353547105854
2,0,1209,1789633737430156288,3812353547116792
2,0,1210,1789633737430167552,3812353547127696
2,0,1211,1789633737430177792,3812353547138622
2,0,1212,1789633737430189056,3812353547149532
2,0,1213,1789633737430200320,3812353547160456
2,0,1214,1789633737430210560,3812353547171390
2,0,1215,1789633737430221824,3812353547182297
2,0,1216,1789633737430233088,3812353547193379
2,0,1217,1789633737430244352,3812353547204318
2,0,1218,1789633737430254592,3812353547215272
2,0,1219,1789633737430265856,3812353547226239
2,0,1220,1789633737430277120,3812353547237167
2,0,1221,1789633737430287360,3812353547248104
2,0,1222,1789633737430298624,3812353547259086
2,0,1223,1789633737430309888,3812353547270104
2,0,1224,1789633737430321152,3812353547281042
2,0,1225,1789633737430331392,3812353547291974
2,0,1226,1789633737430342656,3812353547303076
2,0,1227,1789633737430353920,3812353547314046
2,0,1228,1789633737430364160,3812353547324967
2,0,1229,1789633737430375424,3812353547335894
2,0,1230,1789633737430386688,3812353547346876
2,0,1231,1789633737430396928,3812353547357887
2,0,1232,1789633737430408192,3812353547368816
2,0,1233,1789633737430419456,3812353547379799
2,0,1234,1789633737430430720,3812353547390840
2,0,1235,1789633737430440960,3812353547401859
2,0,1236,1789633737430452224,3812353547412789
2,0,1237,1789633737430463488,3812353547423780
2,0,1238,1789633737430474752,3812353547434726
2,0,1239,1789633737430484992,3812353547445684
2,0,1240,1789633737430496256,3812353547456622
2,0,1241,1789633737430507520,3812353547467572
2,0,1242,1789633737430517760,3812353547478619
2,0,1243,1789633737430529024,3812353547489606
2,0,1244,1789633737430540288,3812353547500527
2,0,1245,1789633737430551552,3812353547511462
2,0,1246,1789633737430561792,3812353547522414
2,0,1247,1789633737430573056,3812353547533476
2,0,1248,1789633737430584320,3812353547544402
2,0,1249,1789633737430594560,3812353547555310
2,0,1250,1789633737430605824,3812353547566244
2,0,1251,1789633737430617088,3812353547577169
2,0,1252,1789633737430627328,3812353547588132
2,0,1253,1789633737430638592,3812353547599099
2,0,1254,1789633737430649856,3812353547610060
2,0,1255,1789633737430660096,3812353547621052
2,0,1256,1789633737430671360,3812353547632025
2,0,1257,1789633737430682624,3812353547643015
2,0,1258,1789633737430693888,3812353547653955
2,0,1259,1789633737430704128,3812353547664902
2,0,1260,1789633737430715392,3812353547675885
2,0,1261,1789633737430726656,3812353547686837
2,0,1262,1789633737430736896,3812353547697815
2,0,1263,1789633737430748160,3812353547708845
2,0,1264,1789633737430759424,3812353547719805
2,0,1265,1789633737430770688,3812353547730784
2,0,1266,1789633737430780928,3812353547741735
2,0,1267,1789633737430792192,3812353547752687
2,0,1268,1789633737430803456,3812353547763650
2,0,1269,1789633737430813696,3812353547774579
2,0,1270,1789633737430824960,3812353547785535
2,0,1271,1789633737430836224,3812353547796624
2,0,1272,1789633737430847488,3812353547807609
2,0,1273,1789633737430857728,3812353547818577
2,0,1274,1789633737430868992,3812353547829564
2,0,1275,1789633737430880256,3812353547840544
2,0,1276,1789633737430891520,3812353547851494
2,0,1277,1789633737430901760,3812353547862461
2,0,1278,1789633737430913024,3812353547873402
2,0,1279,1789633737430924288,3812353547884415
2,0,1280,1789633737430934528,3812353547895402
2,0,1281,1789633737430945792,3812353547906307
2,0,1282,1789633737430957056,3812353547917230
2,0,1283,1789633737430967296,3812353547928217
2,0,1284,1789633737430978560,3812353547939239
2,0,1285,1789633737430989824,3812353547950175
2,0,1286,1789633737431001088,3812353547961170
2,0,1287,1789633737431011328,3812353547972212
2,0,1288,1789633737431022592,3812353547983134
2,0,1289,1789633737431033856,3812353547994055
2,0,1290,1789633737431044096,3812353548004975
2,0,1291,1789633737431055360,3812353548015930
2,0,1292,1789633737431066624,3812353548026825
2,0,1293,1789633737431076864,3812353548037745
2,0,1294,1789633737431088128,3812353548048664
2,0,1295,1789633737431099392,3812353548059585
2,0,1296,1789633737431109632,3812353548070514
2,0,1297,1789633737431120896,3812353548081467
2,0,1298,1789633737431132160,3812353548092435
2,0,1299,1789633737431143424,3812353548103367
2,0,1300,1789633737431153664,3812353548114297
2,0,1301,1789633737431164928,3812353548125285
2,0,1302,1789633737431176192,3812353548136267
2,0,1303,1789633737431186432,3812353548147217
2,0,1304,1789633737431197696,3812353548158229
2,0,1305,1789633737431208960,3812353548169222
2,0,1306,1789633737431220224,3812353548180242
2,0,1307,1789633737431230464,3812353548191172
2,0,1308,1789633737431241728,3812353548202152
2,0,1309,1789633737431252992,3812353548213124
2,0,1310,1789633737431263232,3812353548224045
2,0,1311,1789633737431274496,3812353548235024
2,0,1312,1789633737431285760,3812353548245949
2,0,1313,1789633737431296000,3812353548257017
2,0,1314,1789633737431307264,3812353548267974
2,0,1315,1789633737431318528,3812353548278952
2,0,1316,1789633737431329792,3812353548289938
2,0,1317,1789633737431340032,3812353548300920
2,0,1318,1789633737431351296,3812353548311912
2,0,1319,1789633737431362560,3812353548322889
2,0,1320,1789633737431373824,3812353548333789
2,0,1321,1789633737431384064,3812353548344807
2,0,1322,1789633737431395328,3812353548355760
2,0,1323,1789633737431406592,3812353548366710
2,0,1324,1789633737431416832,3812353548377634
2,0,1325,1789633737431428096,3812353548388619
2,0,1326,1789633737431439360,3812353548399614
2,0,1327,1789633737431450624,3812353548410567
2,0,1328,1789633737431460864,3812353548421537
2,0,1329,1789633737431472128,3812353548432611
2,0,1330,1789633737431483392,3812353548443579
2,0,1331,1789633737431493632,3812353548454514
2,0,1332,1789633737431504896,3812353548465509
2,0,1333,1789633737431516160,3812353548476452
2,0,1334,1789633737431527424,3812353548487419
2,0,1335,1789633737431537664,3812353548498365
2,0,1336,1789633737431548928,3812353548509292
2,0,1337,1789633737431560192,3812353548520174
2,0,1338,1789633737431570432,3812353548531165
2,0,1339,1789633737431581696,3812353548542065
2,0,1340,1789633737431592960,3812353548553045
2,0,1341,1789633737431603200,3812353548564024
2,0,1342,1789633737431614464,3812353548575007
2,0,1343,1789633737431625728,3812353548585967
2,0,1344,1789633737431636992,3812353548596904
2,0,1345,1789633737431647232,3812353548607802
2,0,1346,1789633737431658496,3812353548618765
2,0,1347,1789633737431669760,3812353548629832
2,0,1348,1789633737431680000,3812353548640799
2,0,1349,1789633737431691264,3812353548651740
2,0,1350,1789633737431702528,3812353548662794
2,0,1351,1789633737431712768,3812353548673722
2,0,1352,1789633737431724032,3812353548684682
2,0,1353,1789633737431735296,3812353548695627
2,0,1354,1789633737431746560,3812353548706614
2,0,1355,1789633737431756800,3812353548717600
2,0,1356,1789633737431768064,3812353548728592
2,0,1357,1789633737431779328,3812353548739522
2,0,1358,1789633737431789568,3812353548750570
2,0,1359,1789633737431800832,3812353548761535
2,0,1360,1789633737431812096,3812353548772455
2,0,1361,1789633737431823360,3812353548783379
2,0,1362,1789633737431833600,3812353548794342
2,0,1363,1789633737431844864,3812353548805390
2,0,1364,1789633737431856128,3812353548816319
2,0,1365,1789633737431866368,3812353548827247
2,0,1366,1789633737431877632,3812353548838175
2,0,1367,1789633737431888896,3812353548849115
2,0,1368,1789633737431899136,3812353548860044
2,0,1369,1789633737431910400,3812353548870992
2,0,1370,1789633737431921664,3812353548881940
2,0,1371,1789633737431932928,3812353548892977
2,0,1372,1789633737431943168,3812353548903953
2,0,1373,1789633737431954432,3812353548914854
2,0,1374,1789633737431965696,3812353548925777
2,0,1375,1789633737431975936,3812353548936724
2,0,1376,1789633737431987200,3812353548947812
2,0,1377,1789633737431998464,3812353548958772
2,0,1378,1789633737432009728,3812353548969667
2,0,1379,1789633737432019968,3812353548980602
2,0,1380,1789633737432031232,3812353548991560
2,0,1381,1789633737432042496,3812353549002448
2,0,1382,1789633737432052736,3812353549013388
2,0,1383,1789633737432064000,3812353549024315
2,0,1384,1789633737432075264,3812353549035415
2,0,1385,1789633737432085504,3812353549046370
2,0,1386,1789633737432096768,3812353549057294
2,0,1387,1789633737432108032,3812353549068308
2,0,1388,1789633737432119296,3812353549079278
2,0,1389,1789633737432129536,3812353549090225
2,0,1390,1789633737432140800,3812353549101184
2,0,1391,1789633737432152064,3812353549112104
2,0,1392,1789633737432162304,3812353549123202
2,0,1393,1789633737432173568,3812353549134158
2,0,1394,1789633737432184832,3812353549145138
2,0,1395,1789633737432196096,3812353549156064
2,0,1396,1789633737432206336,3812353549167008
2,0,1397,1789633737432217600,3812353549178014
2,0,1398,1789633737432228864,3812353549188950
2,0,1399,1789633737432239104,3812353549199866
2,0,1400,1789633737432250368,3812353549211018
2,0,1401,1789633737432261632,3812353549221977
2,0,1402,1789633737432272896,3812353549232982
2,0,1403,1789633737432283136,3812353549243912
2,0,1404,1789633737432294400,3812353549254897
2,0,1405,1789633737432305664,3812353549265824
2,0,1406,1789633737432315904,3812353549276792
2,0,1407,1789633737432327168,3812353549287762
2,0,1408,1789633737432338432,3812353549298750
2,0,1409,1789633737432349696,3812353549309725
2,0,1410,1789633737432359936,3812353549320652
2,0,1411,1789633737432371200,3812353549331605
2,0,1412,1789633737432382464,3812353549342527
2,0,1413,1789633737432392704,3812353549353570
2,0,1414,1789633737432403968,3812353549364518
2,0,1415,1789633737432415232,3812353549375440
2,0,1416,1789633737432425472,3812353549386357
2,0,1417,1789633737432436736,3812353549397308
2,0,1418,1789633737432448000,3812353549408215
2,0,1419,1789633737432458240,3812353549419145
2,0,1420,1789633737432469504,3812353549430085
2,0,1421,1789633737432480768,3812353549441174
2,0,1422,1789633737432492032,3812353549452112
2,0,1423,1789633737432502272,3812353549463039
2,0,1424,1789633737432513536,3812353549473965
2,0,1425,1789633737432524800,3812353549484880
2,0,1426,1789633737432535040,3812353549496008
2,0,1427,1789633737432546304,3812353549506957
2,0,1428,1789633737432557568,3812353549517900
2,0,1429,1789633737432568832,3812353549528992
2,0,1430,1789633737432579072,3812353549539947
2,0,1431,1789633737432590336,3812353549550875
2,0,1432,1789633737432601600,3812353549561815
2,0,1433,1789633737432611840,3812353549572792
2,0,1434,1789633737432623104,3812353549583795
2,0,1435,1789633737432634368,3812353549594728
2,0,1436,1789633737432645632,3812353549605633
2,0,1437,1789633737432655872,3812353549616553
2,0,1438,1789633737432667136,3812353549627523
2,0,1439,1789633737432678400,3812353549638455
2,0,1440,1789633737432688640,3812353549649395
2,0,1441,1789633737432699904,3812353549660352
2,0,1442,1789633737432711168,3812353549671368
2,0,1443,1789633737432721408,3812353549682298
2,0,1444,1789633737432732672,3812353549693228
2,0,1445,1789633737432743936,3812353549704183
2,0,1446,1789633737432754176,3812353549715175
2,0,1447,1789633737432765440,3812353549726198
2,0,1448,1789633737432776704,3812353549737168
2,0,1449,1789633737432787968,3812353549748152
2,0,1450,1789633737432798208,3812353549759158
2,0,1451,1789633737432809472,3812353549770077
2,0,1452,1789633737432820736,3812353549781021
2,0,1453,1789633737432832000,3812353549791953
2,0,1454,1789633737432842240,3812353549803025
2,0,1455,1789633737432853504,3812353549814051
2,0,1456,1789633737432864768,3812353549825113
2,0,1457,1789633737432876032,3812353549836148
2,0,1458,1789633737432886272,3812353549847208
2,0,1459,1789633737432897536,3812353549858245
2,0,1460,1789633737432908800,3812353549869234
2,0,1461,1789633737432920064,3812353549880371
2,0,1462,1789633737432931328,3812353549891384
2,0,1463,1789633737432941568,3812353549902411
2,0,1464,1789633737432952832,3812353549913491
2,0,1465,1789633737432964096,3812353549924434
2,0,1466,1789633737432975360,3812353549935368
2,0,1467,1789633737432985600,3812353549946432
2,0,1468,1789633737432996864,3812353549957408
2,0,1469,1789633737433008128,3812353549968354
2,0,1470,1789633737433018368,3812353549979304
2,0,1471,1789633737433029632,3812353549990251
2,0,1472,1789633737433040896,3812353550001304
2,0,1473,1789633737433052160,3812353550012215
2,0,1474,1789633737433062400,3812353550023145
2,0,1475,1789633737433073664,3812353550034218
2,0,1476,1789633737433084928,3812353550045148
2,0,1477,1789633737433095168,3812353550056078
2,0,1478,1789633737433106432,3812353550067015
2,0,1479,1789633737433117696,3812353550077964
2,0,1480,1789633737433128960,3812353550089060
2,0,1481,1789633737433139200,3812353550099988
2,0,1482,1789633737433150464,3812353550110917
2,0,1483,1789633737433161728,3812353550121824
2,0,1484,1789633737433171968,3812353550132771
2,0,1485,1789633737433183232,3812353550143691
2,0,1486,1789633737433194496,3812353550154615
2,0,1487,1789633737433204736,3812353550165545
2,0,1488,1789633737433216000,3812353550176452
2,0,1489,1789633737433227264,3812353550187381
2,0,1490,1789633737433237504,3812353550198075
2,0,1491,1789633737433248768,3812353550208773
2,0,1492,1789633737433259008,3812353550219561
2,0,1493,1789633737433270272,3812353550230285
2,0,1494,1789633737433280512,3812353550241041
2,0,1495,1789633737433291776,3812353550251800
2,0,1496,1789633737433302016,3812353550262478
2,0,1497,1789633737433313280,3812353550273205
2,0,1498,1789633737433323520,3812353550283935
2,0,1499,1789633737433334784,3812353550294675
2,0,1500,1789633737433345024,3812353550305375
2,0,1501,1789633737433356288,3812353550316131
2,0,1502,1789633737433366528,3812353550326864
2,0,1503,1789633737433377792,3812353550337585
2,0,1504,1789633737433388032,3812353550348308
2,0,1505,1789633737433398272,3812353550358988
2,0,1506,1789633737433409536,3812353550369783
2,0,1507,1789633737433419776,3812353550380471
2,0,1508,1789633737433431040,3812353550391303
2,0,1509,1789633737433441280,3812353550401943
2,0,1510,1789633737433452544,3812353550412691
2,0,1511,1789633737433462784,3812353550423394
2,0,1512,1789633737433474048,3812353550434165
2,0,1513,1789633737433484288,3812353550444875
2,0,1514,1789633737433495552,3812353550455614
2,0,1515,1789633737433505792,3812353550466341
2,0,1516,1789633737433517056,3812353550477081
2,0,1517,1789633737433527296,3812353550487791
2,0,1518,1789633737433538560,3812353550498531
2,0,1519,1789633737433548800,3812353550509263
2,0,1520,1789633737433560064,3812353550520015
2,0,1521,1789633737433570304,3812353550530733
2,0,1522,1789633737433581568,3812353550541445
2,0,1523,1789633737433591808,3812353550552178
2,0,1524,1789633737433603072,3812353550562898
2,0,1525,1789633737433613312,3812353550573643
2,0,1526,1789633737433624576,3812353550584351
2,0,1527,1789633737433634816,3812353550595154
2,0,1528,1789633737433646080,3812353550605847
2,0,1529,1789633737433656320,3812353550616571
2,0,1530,1789633737433666560,3812353550627271
2,0,1531,1789633737433677824,3812353550637995
2,0,1532,1789633737433688064,3812353550648731
2,0,1533,1789633737433699328,3812353550659515
2,0,1534,1789633737433709568,3812353550670204
2,0,1535,1789633737433720832,3812353550680972
2,0,1536,1789633737433731072,3812353550691671
2,0,1537,1789633737433742336,3812353550702407
2,0,1538,1789633737433752576,3812353550713121
2,0,1539,1789633737433763840,3812353550723814
2,0,1540,1789633737433774080,3812353550734583
2,0,1541,1789633737433785344,3812353550745295
2,0,1542,1789633737433795584,3812353550756041
2,0,1543,1789633737433806848,3812353550766791
2,0,1544,1789633737433817088,3812353550777501
2,0,1545,1789633737433828352,3812353550788225
2,0,1546,1789633737433838592,3812353550798948
2,0,1547,1789633737433849856,3812353550809691
2,0,1548,1789633737433860096,3812353550820371
2,0,1549,1789633737433870336,3812353550831071
2,0,1550,1789633737433881600,3812353550841865
2,0,1551,1789633737433891840,3812353550852584
2,0,1552,1789633737433903104,3812353550863331
2,0,1553,1789633737433913344,3812353550874053
2,0,1554,1789633737433924608,3812353550884788
2,0,1555,1789633737433934848,3812353550895515
2,0,1556,1789633737433946112,3812353550906251
2,0,1557,1789633737433956352,3812353550916971
2,0,1558,1789633737433967616,3812353550927708
2,0,1559,1789633737433977856,3812353550938463
2,0,1560,1789633737433989120,3812353550949165
2,0,1561,1789633737433999360,3812353550959928
2,0,1562,1789633737434010624,3812353550970634
2,0,1563,1789633737434020864,3812353550981395
2,0,1564,1789633737434032128,3812353550992093
2,0,1565,1789633737434042368,3812353551002798
2,0,1566,1789633737434053632,3812353551013548
2,0,1567,1789633737434063872,3812353551024288
2,0,1568,1789633737434075136,3812353551035015
2,0,1569,1789633737434085376,3812353551045718
2,0,1570,1789633737434096640,3812353551056482
2,0,1571,1789633737434106880,3812353551067154
2,0,1572,1789633737434117120,3812353551077905
2,0,1573,1789633737434128384,3812353551088628
2,0,1574,1789633737434138624,3812353551099382
2,0,1575,1789633737434149888,3812353551110134
2,0,1576,1789633737434160128,3812353551120845
2,0,1577,1789633737434171392,3812353551131575
2,0,1578,1789633737434181632,3812353551142303
2,0,1579,1789633737434192896,3812353551153008
2,0,1580,1789633737434203136,3812353551163768
2,0,1581,1789633737434214400,3812353551174508
2,0,1582,1789633737434224640,3812353551185234
2,0,1583,1789633737434235904,3812353551195925
2,0,1584,1789633737434246144,3812353551206691
2,0,1585,1789633737434257408,3812353551217415
2,0,1586,1789633737434267648,3812353551228115
2,0,1587,1789633737434278912,3812353551238835
2,0,1588,1789633737434289152,3812353551249595
2,0,1589,1789633737434300416,3812353551260303
2,0,1590,1789633737434310656,3812353551271054
2,0,1591,1789633737434321920,3812353551281783
2,0,1592,1789633737434332160,3812353551292515
2,0,1593,1789633737434343424,3812353551303268
2,0,1594,1789633737434353664,3812353551313971
2,0,1595,1789633737434364928,3812353551324743
2,0,1596,1789633737434375168,3812353551335441
2,0,1597,1789633737434385408,3812353551346184
2,0,1598,1789633737434396672,3812353551356875
2,0,1599,1789633737434406912,3812353551367641
2,0,1600,1789633737434418176,3812353551378351
2,0,1601,1789633737434428416,3812353551389078
2,0,1602,1789633737434439680,3812353551399808
2,0,1603,1789633737434449920,3812353551410514
2,0,1604,1789633737434461184,3812353551421315
2,0,1605,1789633737434471424,3812353551431974
2,0,1606,1789633737434482688,3812353551442723
2,0,1607,1789633737434492928,3812353551453392
2,0,1608,1789633737434504192,3812353551464194
2,0,1609,1789633737434514432,3812353551474913
2,0,1610,1789633737434525696,3812353551485645
2,0,1611,1789633737434535936,3812353551496374
2,0,1612,1789633737434547200,3812353551507135
2,0,1613,1789633737434557440,3812353551517845
2,0,1614,1789633737434568704,3812353551528563
2,0,1615,1789633737434578944,3812353551539293
2,0,1616,1789633737434590208,3812353551550015
2,0,1617,1789633737434600448,3812353551560753
2,0,1618,1789633737434611712,3812353551571488
2,0,1619,1789633737434621952,3812353551582215
2,0,1620,1789633737434632192,3812353551592988
2,0,1621,1789633737434643456,3812353551603678
2,0,1622,1789633737434653696,3812353551614414
2,0,1623,1789633737434664960,3812353551625143
2,0,1624,1789633737434675200,3812353551635884
2,0,1625,1789633737434686464,3812353551646588
2,0,1626,1789633737434696704,3812353551657318
2,0,1627,1789633737434707968,3812353551668058
2,0,1628,1789633737434718208,3812353551678778
2,0,1629,1789633737434729472,3812353551689565
2,0,1630,1789633737434739712,3812353551700238
2,0,1631,1789633737434750976,3812353551710971
2,0,1632,1789633737434761216,3812353551721703
2,0,1633,1789633737434772480,3812353551732477
2,0,1634,1789633737434782720,3812353551743158
2,0,1635,1789633737434793984,3812353551753881
2,0,1636,1789633737434804224,3812353551764620
2,0,1637,1789633737434815488,3812353551775350
2,0,1638,1789633737434825728,3812353551786081
2,0,1639,1789633737434836992,3812353551796764
2,0,1640,1789633737434847232,3812353551807531
2,0,1641,1789633737434857472,3812353551818235
2,0,1642,1789633737434868736,3812353551828988
2,0,1643,1789633737434878976,3812353551839731
2,0,1644,1789633737434890240,3812353551850441
2,0,1645,1789633737434900480,3812353551861175
2,0,1646,1789633737434911744,3812353551871920
2,0,1647,1789633737434921984,3812353551882608
2,0,1648,1789633737434933248,3812353551893373
2,0,1649,1789633737434943488,3812353551904075
2,0,1650,1789633737434954752,3812353551914824
2,0,1651,1789633737434964992,3812353551925548
2,0,1652,1789633737434976256,3812353551936294
2,0,1653,1789633737434986496,3812353551946969
2,0,1654,1789633737434997760,3812353551957765
2,0,1655,1789633737435008000,3812353551968514
2,0,1656,1789633737435019264,3812353551979214
2,0,1657,1789633737435029504,3812353551989904
2,0,1658,1789633737435040768,3812353552000683
2,0,1659,1789633737435051008,3812353552011424
2,0,1660,1789633737435062272,3812353552022114
2,0,1661,1789633737435072512,3812353552032867
2,0,1662,1789633737435083776,3812353552043604
2,0,1663,1789633737435094016,3812353552054365
2,0,1664,1789633737435105280,3812353552065258
2,0,1665,1789633737435115520,3812353552075993
2,0,1666,1789633737435126784,3812353552086694
2,0,1667,1789633737435137024,3812353552097455
2,0,1668,1789633737435148288,3812353552108168
2,0,1669,1789633737435158528,3812353552118910
2,0,1670,1789633737435169792,3812353552129624
2,0,1671,1789633737435180032,3812353552140325
2,0,1672,1789633737435190272,3812353552151065
2,0,1673,1789633737435201536,3812353552161805
2,0,1674,1789633737435211776,3812353552172534
2,0,1675,1789633737435223040,3812353552183278
2,0,1676,1789633737435233280,3812353552194001
2,0,1677,1789633737435244544,3812353552204725
2,0,1678,1789633737435254784,3812353552215455
2,0,1679,1789633737435266048,3812353552226208
2,0,1680,1789633737435276288,3812353552236935
2,0,1681,1789633737435287552,3812353552247702
2,0,1682,1789633737435297792,3812353552258438
2,0,1683,1789633737435309056,3812353552269165
2,0,1684,1789633737435319296,3812353552279855
2,0,1685,1789633737435330560,3812353552290564
2,0,1686,1789633737435340800,3812353552301298
2,0,1687,1789633737435352064,3812353552312012
2,0,1688,1789633737435362304,3812353552322771
2,0,1689,1789633737435373568,3812353552333481
2,0,1690,1789633737435383808,3812353552344214
2,0,1691,1789633737435395072,3812353552354911
2,0,1692,1789633737435405312,3812353552365671
2,0,1693,1789633737435416576,3812353552376394
2,0,1694,1789633737435426816,3812353552387128
2,0,1695,1789633737435438080,3812353552397878
2,0,1696,1789633737435448320,3812353552408605
2,0,1697,1789633737435458560,3812353552419324
2,0,1698,1789633737435469824,3812353552430054
2,0,1699,1789633737435480064,3812353552440788
2,0,1700,1789633737435491328,3812353552451498
2,0,1701,1789633737435501568,3812353552462264
2,0,1702,1789633737435512832,3812353552472968
2,0,1703,1789633737435523072,3812353552483714
2,0,1704,1789633737435534336,3812353552494450
2,0,1705,1789633737435544576,3812353552505157
2,0,1706,1789633737435555840,3812353552515893
2,0,1707,1789633737435566080,3812353552526583
2,0,1708,1789633737435577344,3812353552537323
2,0,1709,1789633737435587584,3812353552548058
2,0,1710,1789633737435598848,3812353552558814
2,0,1711,1789633737435609088,3812353552569505
2,0,1712,1789633737435620352,3812353552580258
2,0,1713,1789633737435630592,3812353552590978
2,0,1714,1789633737435641856,3812353552601708
2,0,1715,1789633737435652096,3812353552612458
2,0,1716,1789633737435663360,3812353552623191
2,0,1717,1789633737435673600,3812353552633931
2,0,1718,1789633737435684864,3812353552644681
2,0,1719,1789633737435695104,3812353552655408
2,0,1720,1789633737435705344,3812353552666103
2,0,1721,1789633737435716608,3812353552676784
2,0,1722,1789633737435726848,3812353552687558
2,0,1723,1789633737435738112,3812353552698263
2,0,1724,1789633737435748352,3812353552709041
2,0,1725,1789633737435759616,3812353552719738
2,0,1726,1789633737435769856,3812353552730477
2,0,1727,1789633737435781120,3812353552741208
2,0,1728,1789633737435791360,3812353552751937
2,0,1729,1789633737435802624,3812353552762687
2,0,1730,1789633737435812864,3812353552773391
2,0,1731,1789633737435824128,3812353552784171
2,0,1732,1789633737435834368,3812353552794864
2,0,1733,1789633737435845632,3812353552805585
2,0,1734,1789633737435855872,3812353552816334
2,0,1735,1789633737435867136,3812353552827031
2,0,1736,1789633737435877376,3812353552837781
2,0,1737,1789633737435888640,3812353552848474
2,0,1738,1789633737435898880,3812353552859265
2,0,1739,1789633737435910144,3812353552869955
2,0,1740,1789633737435920384,3812353552880694
2,0,1741,1789633737435930624,3812353552891415
2,0,1742,1789633737435941888,3812353552902147
2,0,1743,1789633737435952128,3812353552912985
2,0,1744,1789633737435963392,3812353552923741
2,0,1745,1789633737435974656,3812353552934454
2,0,1746,1789633737435984896,3812353552945161
2,0,1747,1789633737435995136,3812353552955874
2,0,1748,1789633737436006400,3812353552966555
2,0,1749,1789633737436016640,3812353552977297
2,0,1750,1789633737436027904,3812353552988018
2,0,1751,1789633737436038144,3812353552998713
2,0,1752,1789633737436049408,3812353553009438
2,0,1753,1789633737436059648,3812353553020185
2,0,1754,1789633737436070912,3812353553030922
2,0,1755,1789633737436081152,3812353553041615
2,0,1756,1789633737436092416,3812353553052364
2,0,1757,1789633737436102656,3812353553063057
2,0,1758,1789633737436113920,3812353553073841
2,0,1759,1789633737436124160,3812353553084538
2,0,1760,1789633737436135424,3812353553095283
2,0,1761,1789633737436145664,3812353553106005
2,0,1762,1789633737436155904,3812353553116745
2,0,1763,1789633737436167168,3812353553127465
2,0,1764,1789633737436177408,3812353553138214
2,0,1765,1789633737436188672,3812353553148971
2,0,1766,1789633737436198912,3812353553159663
2,0,1767,1789633737436210176,3812353553170387
2,0,1768,1789633737436220416,3812353553181118
2,0,1769,1789633737436231680,3812353553191841
2,0,1770,1789633737436241920,3812353553202581
2,0,1771,1789633737436253184,3812353553213320
2,0,1772,1789633737436263424,3812353553224037
2,0,1773,1789633737436274688,3812353553234781
2,0,1774,1789633737436284928,3812353553245504
2,0,1775,1789633737436296192,3812353553256185
2,0,1776,1789633737436306432,3812353553266968
2,0,1777,1789633737436317696,3812353553277713
2,0,1778,1789633737436327936,3812353553288414
2,0,1779,1789633737436339200,3812353553299157
2,0,1780,1789633737436349440,3812353553309905
2,0,1781,1789633737436360704,3812353553320638
2,0,1782,1789633737436370944,3812353553331364
2,0,1783,1789633737436382208,3812353553342094
2,0,1784,1789633737436392448,3812353553352795
2,0,1785,1789633737436403712,3812353553363525
2,0,1786,1789633737436413952,3812353553374253
2,0,1787,1789633737436424192,3812353553384925
2,0,1788,1789633737436435456,3812353553395715
2,0,1789,1789633737436445696,3812353553406388
2,0,1790,1789633737436456960,3812353553417183
2,0,1791,1789633737436467200,3812353553427913
2,0,1792,1789633737436478464,3812353553438605
2,0,1793,1789633737436488704,3812353553449363
2,0,1794,1789633737436499968,3812353553460087
2,0,1795,1789633737436510208,3812353553470842
2,0,1796,1789633737436521472,3812353553481562
2,0,1797,1789633737436531712,3812353553492308
2,0,1798,1789633737436542976,3812353553503014
2,0,1799,1789633737436553216,3812353553513721
2,0,1800,1789633737436564480,3812353553524481
2,0,1801,1789633737436574720,3812353553535244
2,0,1802,1789633737436585984,3812353553545881
2,0,1803,1789633737436596224,3812353553556587
2,0,1804,1789633737436607488,3812353553567375
2,0,1805,1789633737436617728,3812353553578155
2,0,1806,1789633737436628992,3812353553588841
2,0,1807,1789633737436639232,3812353553599550
2,0,1808,1789633737436649472,3812353553610301
2,0,1809,1789633737436660736,3812353553621021
2,0,1810,1789633737436670976,3812353553631755
2,0,1811,1789633737436682240,3812353553642487
2,0,1812,1789633737436692480,3812353553653215
2,0,1813,1789633737436703744,3812353553663913
2,0,1814,1789633737436713984,3812353553674671
2,0,1815,1789633737436725248,3812353553685355
2,0,1816,1789633737436735488,3812353553696133
2,0,1817,1789633737436746752,3812353553706821
2,0,1818,1789633737436756992,3812353553717587
2,0,1819,1789633737436768256,3812353553728275
2,0,1820,1789633737436778496,3812353553739027
2,0,1821,1789633737436789760,3812353553749683
2,0,1822,1789633737436800000,3812353553760533
2,0,1823,1789633737436811264,3812353553771317
2,0,1824,1789633737436821504,3812353553781978
2,0,1825,1789633737436832768,3812353553792698
2,0,1826,1789633737436843008,3812353553803427
2,0,1827,1789633737436854272,3812353553814147
2,0,1828,1789633737436864512,3812353553824924
2,0,1829,1789633737436875776,3812353553835664
2,0,1830,1789633737436886016,3812353553846368
2,0,1831,1789633737436897280,3812353553857114
2,0,1832,1789633737436907520,3812353553867823
2,0,1833,1789633737436917760,3812353553878564
2,0,1834,1789633737436929024,3812353553889274
2,0,1835,1789633737436939264,3812353553899975
2,0,1836,1789633737436950528,3812353553910770
2,0,1837,1789633737436960768,3812353553921465
2,0,1838,1789633737436972032,3812353553932198
2,0,1839,1789633737436982272,3812353553943003
2,0,1840,1789633737436993536,3812353553953704
2,0,1841,1789633737437003776,3812353553964424
2,0,1842,1789633737437015040,3812353553975168
2,0,1843,1789633737437025280,3812353553985857
2,0,1844,1789633737437036544,3812353553996563
2,0,1845,1789633737437046784,3812353554007265
2,0,1846,1789633737437058048,3812353554018033
2,0,1847,1789633737437068288,3812353554028740
2,0,1848,1789633737437079552,3812353554039487
2,0,1849,1789633737437089792,3812353554050193
2,0,1850,1789633737437101056,3812353554060968
2,0,1851,1789633737437111296,3812353554071664
2,0,1852,1789633737437122560,3812353554082398
2,0,1853,1789633737437132800,3812353554093098
2,0,1854,1789633737437143040,3812353554103847
2,0,1855,1789633737437154304,3812353554114568
2,0,1856,1789633737437164544,3812353554125324
2,0,1857,1789633737437175808,3812353554136050
2,0,1858,1789633737437186048,3812353554146793
2,0,1859,1789633737437197312,3812353554157527
2,0,1860,1789633737437207552,3812353554168243
2,0,1861,1789633737437218816,3812353554178991
2,0,1862,1789633737437229056,3812353554189720
2,0,1863,1789633737437240320,3812353554200455
2,0,1864,1789633737437250560,3812353554211164
2,0,1865,1789633737437261824,3812353554221873
2,0,1866,1789633737437272064,3812353554232615
2,0,1867,1789633737437283328,3812353554243354
2,0,1868,1789633737437293568,3812353554254077
2,0,1869,1789633737437304832,3812353554264773
2,0,1870,1789633737437315072,3812353554275540
2,0,1871,1789633737437326336,3812353554286240
2,0,1872,1789633737437336576,3812353554296995
2,0,1873,1789633737437347840,3812353554307744
2,0,1874,1789633737437358080,3812353554318450
2,0,1875,1789633737437369344,3812353554329173
2,0,1876,1789633737437379584,3812353554339935
2,0,1877,1789633737437389824,3812353554350658
2,0,1878,1789633737437401088,3812353554361378
2,0,1879,1789633737437411328,3812353554372093
2,0,1880,1789633737437422592,3812353554382840
2,0,1881,1789633737437432832,3812353554393538
2,0,1882,1789633737437444096,3812353554404290
2,0,1883,1789633737437454336,3812353554415035
2,0,1884,1789633737437465600,3812353554425758
2,0,1885,1789633737437475840,3812353554436444
2,0,1886,1789633737437487104,3812353554447205
2,0,1887,1789633737437497344,3812353554457894
2,0,1888,1789633737437508608,3812353554468663
2,0,1889,1789633737437518848,3812353554479390
2,0,1890,1789633737437530112,3812353554490120
2,0,1891,1789633737437540352,3812353554500844
2,0,1892,1789633737437551616,3812353554511588
2,0,1893,1789633737437561856,3812353554522333
2,0,1894,1789633737437573120,3812353554533055
2,0,1895,1789633737437583360,3812353554543810
2,0,1896,1789633737437594624,3812353554554530
2,0,1897,1789633737437604864,3812353554565257
2,0,1898,1789633737437616128,3812353554575980
2,0,1899,1789633737437626368,3812353554586743
2,0,1900,1789633737437637632,3812353554597451
2,0,1901,1789633737437647872,3812353554608177
2,0,1902,1789633737437658112,3812353554618887
2,0,1903,1789633737437669376,3812353554629644
2,0,1904,1789633737437679616,3812353554640340
2,0,1905,1789633737437690880,3812353554651037
2,0,1906,1789633737437701120,3812353554661794
2,0,1907,1789633737437712384,3812353554672573
2,0,1908,1789633737437722624,3812353554683274
2,0,1909,1789633737437733888,3812353554694005
2,0,1910,1789633737437744128,3812353554704725
2,0,1911,1789633737437755392,3812353554715458
2,0,1912,1789633737437765632,3812353554726163
2,0,1913,1789633737437776896,3812353554736903
2,0,1914,1789633737437787136,3812353554747635
2,0,1915,1789633737437798400,3812353554758380
2,0,1916,1789633737437808640,3812353554769104
2,0,1917,1789633737437819904,3812353554779800
2,0,1918,1789633737437830144,3812353554790557
2,0,1919,1789633737437841408,3812353554801304
2,0,1920,1789633737437851648,3812353554811997
2,0,1921,1789633737437861888,3812353554822714
2,0,1922,1789633737437873152,3812353554833465
2,0,1923,1789633737437883392,3812353554844215
2,0,1924,1789633737437894656,3812353554854935
2,0,1925,1789633737437904896,3812353554865645
2,0,1926,1789633737437916160,3812353554876400
2,0,1927,1789633737437926400,3812353554887151
2,0,1928,1789633737437937664,3812353554897852
2,0,1929,1789633737437947904,3812353554908577
2,0,1930,1789633737437959168,3812353554919318
2,0,1931,1789633737437969408,3812353554930065
2,0,1932,1789633737437980672,3812353554940763
2,0,1933,1789633737437990912,3812353554951508
2,0,1934,1789633737438002176,3812353554962244
2,0,1935,1789633737438012416,3812353554972988
2,0,1936,1789633737438023680,3812353554983690
2,0,1937,1789633737438033920,3812353554994420
2,0,1938,1789633737438045184,3812353555005145
2,0,1939,1789633737438055424,3812353555015827
2,0,1940,1789633737438066688,3812353555026625
2,0,1941,1789633737438076928,3812353555037410
2,0,1942,1789633737438088192,3812353555048098
2,0,1943,1789633737438098432,3812353555058814
2,0,1944,1789633737438109696,3812353555069564
2,0,1945,1789633737438119936,3812353555080295
2,0,1946,1789633737438130176,3812353555090984
2,0,1947,1789633737438141440,3812353555101730
2,0,1948,1789633737438151680,3812353555112475
2,0,1949,1789633737438162944,3812353555123178
2,0,1950,1789633737438173184,3812353555133905
2,0,1951,1789633737438184448,3812353555144624
2,0,1952,1789633737438194688,3812353555155370
2,0,1953,1789633737438205952,3812353555166064
2,0,1954,1789633737438216192,3812353555176828
2,0,1955,1789633737438227456,3812353555187544
2,0,1956,1789633737438237696,3812353555198277
2,0,1957,1789633737438248960,3812353555209005
2,0,1958,1789633737438259200,3812353555219738
2,0,1959,1789633737438270464,3812353555230474
2,0,1960,1789633737438280704,3812353555241197
2,0,1961,1789633737438291968,3812353555251924
2,0,1962,1789633737438302208,3812353555262664
2,0,1963,1789633737438313472,3812353555273405
2,0,1964,1789633737438323712,3812353555284115
2,0,1965,1789633737438334976,3812353555294839
2,0,1966,1789633737438345216,3812353555305580
2,0,1967,1789633737438356480,3812353555316343
2,0,1968,1789633737438366720,3812353555327023
2,0,1969,1789633737438376960,3812353555337764
2,0,1970,1789633737438388224,3812353555348505
2,0,1971,1789633737438398464,3812353555359200
2,0,1972,1789633737438409728,3812353555369953
2,0,1973,1789633737438419968,3812353555380663
2,0,1974,1789633737438431232,3812353555391413
2,0,1975,1789633737438441472,3812353555402133
2,0,1976,1789633737438452736,3812353555412865
2,0,1977,1789633737438462976,3812353555423587
2,0,1978,1789633737438474240,3812353555434325
2,0,1979,1789633737438484480,3812353555445050
2,0,1980,1789633737438495744,3812353555455795
2,0,1981,1789633737438505984,3812353555466533
2,0,1982,1789633737438517248,3812353555477250
2,0,1983,1789633737438527488,3812353555487983
2,0,1984,1789633737438538752,3812353555498720
2,0,1985,1789633737438548992,3812353555509483
2,0,1986,1789633737438560256,3812353555520183
2,0,1987,1789633737438570496,3812353555530893
2,0,1988,1789633737438581760,3812353555541643
2,0,1989,1789633737438592000,3812353555552344
2,0,1990,1789633737438602240,3812353555563087
2,0,1991,1789633737438613504,3812353555573788
2,0,1992,1789633737438623744,3812353555584523
2,0,1993,1789633737438635008,3812353555595280
2,0,1994,1789633737438645248,3812353555606023
2,0,1995,1789633737438656512,3812353555616753
2,0,1996,1789633737438666752,3812353555627463
2,0,1997,1789633737438678016,3812353555638203
2,0,1998,1789633737438688256,3812353555648923
2,0,1999,1789633737438699520,3812353555659655
2,0,2000,1789633737438709760,3812353555670375
2,0,2001,1789633737438721024,3812353555681125
2,0,2002,1789633737438731264,3812353555691840
2,0,2003,1789633737438742528,3812353555702588
2,0,2004,1789633737438752768,3812353555713300
2,0,2005,1789633737438764032,3812353555724038
2,0,2006,1789633737438774272,3812353555734745
2,0,2007,1789633737438785536,3812353555745500
2,0,2008,1789633737438795776,3812353555756195
2,0,2009,1789633737438807040,3812353555766945
2,0,2010,1789633737438817280,3812353555777683
2,0,2011,1789633737438827520,3812353555788393
2,0,2012,1789633737438838784,3812353555799128
2,0,2013,1789633737438849024,3812353555809883
2,0,2014,1789633737438860288,3812353555820603
2,0,2015,1789633737438870528,3812353555831317
2,0,2016,1789633737438881792,3812353555842045
2,0,2017,1789633737438892032,3812353555852770
2,0,2018,1789633737438903296,3812353555863513
2,0,2019,1789633737438913536,3812353555874213
2,0,2020,1789633737438924800,3812353555884970
2,0,2021,1789633737438935040,3812353555895665
2,0,2022,1789633737438946304,3812353555906443
2,0,2023,1789633737438956544,3812353555917130
2,0,2024,1789633737438967808,3812353555927883
2,0,2025,1789633737438978048,3812353555938573
2,0,2026,1789633737438989312,3812353555949351
2,0,2027,1789633737438999552,3812353555960050
2,0,2028,1789633737439010816,3812353555970808
2,0,2029,1789633737439021056,3812353555981540
2,0,2030,1789633737439032320,3812353555992295
2,0,2031,1789633737439042560,3812353556003048
2,0,2032,1789633737439053824,3812353556013748
2,0,2033,1789633737439064064,3812353556024503
2,0,2034,1789633737439075328,3812353556035191
2,0,2035,1789633737439085568,3812353556045933
2,0,2036,1789633737439095808,3812353556056653
2,0,2037,1789633737439107072,3812353556067391
2,0,2038,1789633737439117312,3812353556078123
2,0,2039,1789633737439128576,3812353556088820
2,0,2040,1789633737439138816,3812353556099563
2,0,2041,1789633737439150080,3812353556110290
2,0,2042,1789633737439160320,3812353556121033
2,0,2043,1789633737439171584,3812353556131743
2,0,2044,1789633737439181824,3812353556142490
2,0,2045,1789633737439193088,3812353556153190
2,0,2046,1789633737439203328,3812353556163940
2,0,2047,1789633737439214592,3812353556174660
2,0,2048,1789633737439224832,3812353556185403
2,0,2049,1789633737439236096,3812353556196100
2,0,2050,1789633737439246336,3812353556206853
2,0,2051,1789633737439257600,3812353556217603
2,0,2052,1789633737439267840,3812353556228317
2,0,2053,1789633737439279104,3812353556239044
2,0,2054,1789633737439289344,3812353556249770
2,0,2055,1789633737439300608,3812353556260497
2,0,2056,1789633737439310848,3812353556271303
2,0,2057,1789633737439322112,3812353556281983
2,0,2058,1789633737439332352,3812353556292713
2,0,2059,1789633737439342592,3812353556303403
2,0,2060,1789633737439353856,3812353556314151
2,0,2061,1789633737439364096,3812353556324940
2,0,2062,1789633737439375360,3812353556335631
2,0,2063,1789633737439385600,3812353556346405
2,0,2064,1789633737439396864,3812353556357103
2,0,2065,1789633737439407104,3812353556367873
2,0,2066,1789633737439418368,3812353556378540
2,0,2067,1789633737439428608,3812353556389292
2,0,2068,1789633737439439872,3812353556399988
2,0,2069,1789633737439450112,3812353556410770
2,0,2070,1789633737439461376,3812353556421465
2,0,2071,1789633737439471616,3812353556432202
2,0,2072,1789633737439482880,3812353556442955
2,0,2073,1789633737439493120,3812353556453665
2,0,2074,1789633737439504384,3812353556464370
2,0,2075,1789633737439514624,3812353556475155
2,0,2076,1789633737439525888,3812353556485883
2,0,2077,1789633737439536128,3812353556496633
2,0,2078,1789633737439547392,3812353556507342
2,0,2079,1789633737439557632,3812353556518048
2,0,2080,1789633737439568896,3812353556528773
2,0,2081,1789633737439579136,3812353556539540
2,0,2082,1789633737439590400,3812353556550243
2,0,2083,1789633737439600640,3812353556560978
2,0,2084,1789633737439610880,3812353556571742
2,0,2085,1789633737439622144,3812353556582413
2,0,2086,1789633737439632384,3812353556593133
2,0,2087,1789633737439643648,3812353556603840
2,0,2088,1789633737439653888,3812353556614593
2,0,2089,1789633737439665152,3812353556625278
2,0,2090,1789633737439675392,3812353556636033
2,0,2091,1789633737439686656,3812353556646783
2,0,2092,1789633737439696896,3812353556657495
2,0,2093,1789633737439708160,3812353556668183
2,0,2094,1789633737439718400,3812353556678933
2,0,2095,1789633737439729664,3812353556689663
2,0,2096,1789633737439739904,3812353556700413
2,0,2097,1789633737439751168,3812353556711193
2,0,2098,1789633737439761408,3812353556721887
2,0,2099,1789633737439772672,3812353556732620
2,0,2100,1789633737439782912,3812353556743343
2,0,2101,1789633737439794176,3812353556754067
2,0,2102,1789633737439804416,3812353556764788
2,0,2103,1789633737439815680,3812353556775533
2,0,2104,1789633737439825920,3812353556786290
2,0,2105,1789633737439836160,3812353556796988
2,0,2106,1789633737439847424,3812353556807725
2,0,2107,1789633737439857664,3812353556818450
2,0,2108,1789633737439868928,3812353556829178
2,0,2109,1789633737439879168,3812353556839878
2,0,2110,1789633737439890432,3812353556850625
2,0,2111,1789633737439900672,3812353556861390
2,0,2112,1789633737439911936,3812353556872103
2,0,2113,1789633737439922176,3812353556882823
2,0,2114,1789633737439933440,3812353556893556
2,0,2115,1789633737439943680,3812353556904333
2,0,2116,1789633737439954944,3812353556915125
2,0,2117,1789633737439965184,3812353556925845
2,0,2118,1789633737439976448,3812353556936591
2,0,2119,1789633737439986688,3812353556947330
2,0,2120,1789633737439997952,3812353556958027
2,0,2121,1789633737440008192,3812353556968780
2,0,2122,1789633737440019456,3812353556979503
2,0,2123,1789633737440029696,3812353556990215
2,0,2124,1789633737440040960,3812353557000925
2,0,2125,1789633737440051200,3812353557011605
2,0,2126,1789633737440062464,3812353557022315
2,0,2127,1789633737440072704,3812353557033013
2,0,2128,1789633737440082944,3812353557043763
2,0,2129,1789633737440094208,3812353557054533
2,0,2130,1789633737440104448,3812353557065223
2,0,2131,1789633737440115712,3812353557075970
2,0,2132,1789633737440125952,3812353557086671
2,0,2133,1789633737440137216,3812353557097443
2,0,2134,1789633737440147456,3812353557108153
2,0,2135,1789633737440158720,3812353557118900
2,0,2136,1789633737440168960,3812353557129602
2,0,2137,1789633737440180224,3812353557140360
2,0,2138,1789633737440190464,3812353557151083
2,0,2139,1789633737440201728,3812353557161783
2,0,2140,1789633737440211968,3812353557172528
2,0,2141,1789633737440223232,3812353557183215
2,0,2142,1789633737440233472,3812353557193991
2,0,2143,1789633737440244736,3812353557204700
2,0,2144,1789633737440254976,3812353557215438
2,0,2145,1789633737440266240,3812353557226155
2,0,2146,1789633737440276480,3812353557236905
2,0,2147,1789633737440287744,3812353557247631
2,0,2148,1789633737440297984,3812353557258363
2,0,2149,1789633737440309248,3812353557269120
2,0,2150,1789633737440319488,3812353557279838
2,0,2151,1789633737440329728,3812353557290555
2,0,2152,1789633737440340992,3812353557301283
2,0,2153,1789633737440351232,3812353557312007
2,0,2154,1789633737440362496,3812353557322738
2,0,2155,1789633737440372736,3812353557333438
2,0,2156,1789633737440384000,3812353557344191
2,0,2157,1789633737440394240,3812353557354933
2,0,2158,1789633737440405504,3812353557365657
2,0,2159,1789633737440415744,3812353557376348
2,0,2160,1789633737440427008,3812353557387102
2,0,2161,1789633737440437248,3812353557397803
2,0,2162,1789633737440448512,3812353557408573
2,0,2163,1789633737440458752,3812353557419320
2,0,2164,1789633737440470016,3812353557430045
2,0,2165,1789633737440480256,3812353557440793
2,0,2166,1789633737440491520,3812353557451480
2,0,2167,1789633737440501760,3812353557462213
2,0,2168,1789633737440513024,3812353557472984
2,0,2169,1789633737440523264,3812353557483723
2,0,2170,1789633737440534528,3812353557494415
2,0,2171,1789633737440544768,3812353557505145
2,0,2172,1789633737440555008,3812353557515883
2,0,2173,1789633737440566272,3812353557526578
2,0,2174,1789633737440576512,3812353557537325
2,0,2175,1789633737440587776,3812353557548045
2,0,2176,1789633737440598016,3812353557558791
2,0,2177,1789633737440609280,3812353557569530
2,0,2178,1789633737440619520,3812353557580253
2,0,2179,1789633737440630784,3812353557594280
2,0,2180,1789633737440641024,3812353557601720
2,0,2181,1789633737440652288,3812353557612490
2,0,2182,1789633737440662528,3812353557623215
2,0,2183,1789633737440673792,3812353557633963
2,0,2184,1789633737440684032,3812353557644693
2,0,2185,1789633737440695296,3812353557655413
2,0,2186,1789633737440705536,3812353557666145
2,0,2187,1789633737440716800,3812353557676867
2,0,2188,1789633737440727040,3812353557687563
2,0,2189,1789633737440738304,3812353557698263
2,0,2190,1789633737440748544,3812353557709007
2,0,2191,1789633737440759808,3812353557719695
2,0,2192,1789633737440770048,3812353557730465
2,0,2193,1789633737440780288,3812353557741175
2,0,2194,1789633737440791552,3812353557751918
2,0,2195,1789633737440801792,3812353557762649
2,0,2196,1789633737440813056,3812353557773410
2,0,2197,1789633737440823296,3812353557784113
2,0,2198,1789633737440834560,3812353557794837
2,0,2199,1789633737440844800,3812353557805605
2,0,2200,1789633737440856064,3812353557816303
2,0,2201,1789633737440866304,3812353557827064
2,0,2202,1789633737440877568,3812353557837780
2,0,2203,1789633737440887808,3812353557848530
2,0,2204,1789633737440899072,3812353557859238
2,0,2205,1789633737440909312,3812353557869963
2,0,2206,1789633737440920576,3812353557880690
2,0,2207,1789633737440930816,3812353557891387
2,0,2208,1789633737440942080,3812353557902140
2,0,2209,1789633737440952320,3812353557912863
2,0,2210,1789633737440963584,3812353557923605
2,0,2211,1789633737440973824,3812353557934363
2,0,2212,1789633737440985088,3812353557945150
2,0,2213,1789633737440995328,3812353557955850
2,0,2214,1789633737441006592,3812353557966575
2,0,2215,1789633737441016832,3812353557977265
2,0,2216,1789633737441028096,3812353557987988
2,0,2217,1789633737441038336,3812353557998727
2,0,2218,1789633737441049600,3812353558009468
2,0,2219,1789633737441059840,3812353558020170
2,0,2220,1789633737441070080,3812353558030893
2,0,2221,1789633737441081344,3812353558041595
2,0,2222,1789633737441091584,3812353558052355
2,0,2223,1789633737441102848,3812353558063043
2,0,2224,1789633737441113088,3812353558073808
2,0,2225,1789633737441124352,3812353558084518
2,0,2226,1789633737441134592,3812353558095278
2,0,2227,1789633737441145856,3812353558105980
2,0,2228,1789633737441156096,3812353558116730
2,0,2229,1789633737441167360,3812353558127473
2,0,2230,1789633737441177600,3812353558138210
2,0,2231,1789633737441188864,3812353558148955
2,0,2232,1789633737441199104,3812353558159637
2,0,2233,1789633737441210368,3812353558170425
2,0,2234,1789633737441220608,3812353558181140
2,0,2235,1789633737441231872,3812353558191867
2,0,2236,1789633737441242112,3812353558202563
2,0,2237,1789633737441253376,3812353558213288
2,0,2238,1789633737441263616,3812353558224014
2,0,2239,1789633737441273856,3812353558234717
2,0,2240,1789633737441285120,3812353558245480
2,0,2241,1789633737441295360,3812353558256227
2,0,2242,1789633737441306624,3812353558266937
2,0,2243,1789633737441316864,3812353558277712
2,0,2244,1789633737441328128,3812353558288404
2,0,2245,1789633737441338368,3812353558299146
2,0,2246,1789633737441349632,3812353558310012
2,0,2247,1789633737441359872,3812353558320626
2,0,2248,1789633737441371136,3812353558331309
2,0,2249,1789633737441381376,3812353558342084
2,0,2250,1789633737441392640,3812353558352782
2,0,2251,1789633737441402880,3812353558363525
2,0,2252,1789633737441414144,3812353558374244
2,0,2253,1789633737441424384,3812353558384979
2,0,2254,1789633737441435648,3812353558395695
2,0,2255,1789633737441445888,3812353558406398
2,0,2256,1789633737441457152,3812353558417139
2,0,2257,1789633737441467392,3812353558427844
2,0,2258,1789633737441478656,3812353558438612
2,0,2259,1789633737441488896,3812353558449336
2,0,2260,1789633737441500160,3812353558460078
2,0,2261,1789633737441510400,3812353558470825
2,0,2262,1789633737441521664,3812353558481546
2,0,2263,1789633737441531904,3812353558492299
2,0,2264,1789633737441542144,3812353558503002
2,0,2265,1789633737441553408,3812353558513695
2,0,2266,1789633737441563648,3812353558524452
2,0,2267,1789633737441574912,3812353558535188
2,0,2268,1789633737441585152,3812353558545912
2,0,2269,1789633737441596416,3812353558556659
2,0,2270,1789633737441606656,3812353558567351
2,0,2271,1789633737441617920,3812353558578045
2,0,2272,1789633737441628160,3812353558588838
2,0,2273,1789633737441639424,3812353558599559
2,0,2274,1789633737441649664,3812353558610282
2,0,2275,1789633737441660928,3812353558620974
2,0,2276,1789633737441671168,3812353558631754
2,0,2277,1789633737441682432,3812353558642482
2,0,2278,1789633737441692672,3812353558653229
2,0,2279,1789633737441703936,3812353558663974
2,0,2280,1789633737441714176,3812353558674719
2,0,2281,1789633737441725440,3812353558685415
2,0,2282,1789633737441735680,3812353558696112
2,0,2283,1789633737441746944,3812353558706808
2,0,2284,1789633737441757184,3812353558717575
2,0,2285,1789633737441767424,3812353558728296
2,0,2286,1789633737441778688,3812353558739035
2,0,2287,1789633737441788928,3812353558749749
2,0,2288,1789633737441800192,3812353558760512
2,0,2289,1789633737441810432,3812353558771299
2,0,2290,1789633737441821696,3812353558781952
2,0,2291,1789633737441831936,3812353558792649
2,0,2292,1789633737441843200,3812353558803428
2,0,2293,1789633737441853440,3812353558814138
2,0,2294,1789633737441864704,3812353558824885
2,0,2295,1789633737441874944,3812353558835639
2,0,2296,1789633737441886208,3812353558846336
2,0,2297,1789633737441896448,3812353558857086
2,0,2298,1789633737441907712,3812353558867783
2,0,2299,1789633737441917952,3812353558878548
2,0,2300,1789633737441929216,3812353558889235
2,0,2301,1789633737441939456,3812353558899962
2,0,2302,1789633737441950720,3812353558910709
2,0,2303,1789633737441960960,3812353558921478
2,0,2304,1789633737441972224,3812353558932176
2,0,2305,1789633737441982464,3812353558942901
2,0,2306,1789633737441992704,3812353558953636
2,0,2307,1789633737442003968,3812353558964335
2,0,2308,1789633737442014208,3812353558975088
2,0,2309,1789633737442025472,3812353558985826
2,0,2310,1789633737442035712,3812353558996575
2,0,2311,1789633737442046976,3812353559007276
2,0,2312,1789633737442057216,3812353559018005
2,0,2313,1789633737442068480,3812353559028724
2,0,2314,1789633737442078720,3812353559039475
2,0,2315,1789633737442089984,3812353559050222
2,0,2316,1789633737442100224,3812353559060935
2,0,2317,1789633737442111488,3812353559071639
2,0,2318,1789633737442121728,3812353559082396
2,0,2319,1789633737442132992,3812353559093133
2,0,2320,1789633737442143232,3812353559103855
2,0,2321,1789633737442154496,3812353559114565
2,0,2322,1789633737442164736,3812353559125304
2,0,2323,1789633737442176000,3812353559136029
2,0,2324,1789633737442186240,3812353559146759
2,0,2325,1789633737442197504,3812353559157475
2,0,2326,1789633737442207744,3812353559168214
2,0,2327,1789633737442219008,3812353559178963
2,0,2328,1789633737442229248,3812353559189672
2,0,2329,1789633737442240512,3812353559200409
2,0,2330,1789633737442250752,3812353559211142
2,0,2331,1789633737442260992,3812353559221888
2,0,2332,1789633737442272256,3812353559232618
2,0,2333,1789633737442282496,3812353559243338
2,0,2334,1789633737442293760,3812353559254079
2,0,2335,1789633737442304000,3812353559264799
2,0,2336,1789633737442315264,3812353559275525
2,0,2337,1789633737442325504,3812353559286248
2,0,2338,1789633737442336768,3812353559296991
2,0,2339,1789633737442347008,3812353559307728
2,0,2340,1789633737442358272,3812353559318432
2,0,2341,1789633737442368512,3812353559329151
2,0,2342,1789633737442379776,3812353559339896
2,0,2343,1789633737442390016,3812353559350596
2,0,2344,1789633737442401280,3812353559361365
2,0,2345,1789633737442411520,3812353559372078
2,0,2346,1789633737442422784,3812353559382802
2,0,2347,1789633737442433024,3812353559393515
2,0,2348,1789633737442444288,3812353559404284
2,0,2349,1789633737442454528,3812353559415006
2,0,2350,1789633737442465792,3812353559425736
2,0,2351,1789633737442476032,3812353559436451
2,0,2352,1789633737442486272,3812353559447186
2,0,2353,1789633737442497536,3812353559457926
2,0,2354,1789633737442507776,3812353559468674
2,0,2355,1789633737442519040,3812353559479359
2,0,2356,1789633737442529280,3812353559490109
2,0,2357,1789633737442540544,3812353559500796
2,0,2358,1789633737442550784,3812353559511572
2,0,2359,1789633737442562048,3812353559522324
2,0,2360,1789633737442572288,3812353559533033
2,0,2361,1789633737442583552,3812353559543752
2,0,2362,1789633737442593792,3812353559554492
2,0,2363,1789633737442605056,3812353559565239
2,0,2364,1789633737442615296,3812353559575944
2,0,2365,1789633737442626560,3812353559586706
2,0,2366,1789633737442636800,3812353559597406
2,0,2367,1789633737442648064,3812353559608162
2,0,2368,1789633737442658304,3812353559618865
2,0,2369,1789633737442669568,3812353559629636
2,0,2370,1789633737442679808,3812353559640338
2,0,2371,1789633737442691072,3812353559651062
2,0,2372,1789633737442701312,3812353559661772
2,0,2373,1789633737442712576,3812353559672505
2,0,2374,1789633737442722816,3812353559683238
2,0,2375,1789633737442733056,3812353559693961
2,0,2376,1789633737442744320,3812353559704715
2,0,2377,1789633737442754560,3812353559715436
2,0,2378,1789633737442765824,3812353559726164
2,0,2379,1789633737442776064,3812353559736868
2,0,2380,1789633737442787328,3812353559747612
2,0,2381,1789633737442797568,3812353559758346
2,0,2382,1789633737442808832,3812353559769101
2,0,2383,1789633737442819072,3812353559779776
2,0,2384,1789633737442830336,3812353559790546
2,0,2385,1789633737442840576,3812353559801279
2,0,2386,1789633737442851840,3812353559811962
2,0,2387,1789633737442862080,3812353559822664
2,0,2388,1789633737442873344,3812353559833471
2,0,2389,1789633737442883584,3812353559844168
2,0,2390,1789633737442894848,3812353559854916
2,0,2391,1789633737442905088,3812353559865625
2,0,2392,1789633737442916352,3812353559876374
2,0,2393,1789633737442926592,3812353559887115
2,0,2394,1789633737442937856,3812353559897835
2,0,2395,1789633737442948096,3812353559908564
2,0,2396,1789633737442959360,3812353559919299
2,0,2397,1789633737442969600,3812353559930038
2,0,2398,1789633737442979840,3812353559940742
2,0,2399,1789633737442991104,3812353559951502
2,0,2400,1789633737443001344,3812353559962209
2,0,2401,1789633737443012608,3812353559972983
2,0,2402,1789633737443022848,3812353559983679
2,0,2403,1789633737443034112,3812353559994438
2,0,2404,1789633737443044352,3812353560005141
2,0,2405,1789633737443055616,3812353560015835
2,0,2406,1789633737443065856,3812353560026586
2,0,2407,1789633737443077120,3812353560037285
2,0,2408,1789633737443087360,3812353560048065
2,0,2409,1789633737443098624,3812353560058802
2,0,2410,1789633737443108864,3812353560069503
2,0,2411,1789633737443120128,3812353560080252
2,0,2412,1789633737443130368,3812353560090965
2,0,2413,1789633737443141632,3812353560101692
2,0,2414,1789633737443151872,3812353560112435
2,0,2415,1789633737443163136,3812353560123153
2,0,2416,1789633737443173376,3812353560133888
2,0,2417,1789633737443184640,3812353560144585
2,0,2418,1789633737443194880,3812353560155342
2,0,2419,1789633737443205120,3812353560166072
2,0,2420,1789633737443216384,3812353560176805
2,0,2421,1789633737443226624,3812353560187563
2,0,2422,1789633737443237888,3812353560198289
2,0,2423,1789633737443248128,3812353560208994
2,0,2424,1789633737443259392,3812353560219725
2,0,2425,1789633737443269632,3812353560230399
2,0,2426,1789633737443280896,3812353560241211
2,0,2427,1789633737443291136,3812353560251909
2,0,2428,1789633737443302400,3812353560262652
2,0,2429,1789633737443312640,3812353560273385
2,0,2430,1789633737443323904,3812353560284115
2,0,2431,1789633737443334144,3812353560294842
2,0,2432,1789633737443345408,3812353560305582
2,0,2433,1789633737443355648,3812353560316328
2,0,2434,1789633737443366912,3812353560327059
2,0,2435,1789633737443377152,3812353560337765
2,0,2436,1789633737443388416,3812353560348469
2,0,2437,1789633737443398656,3812353560359209
2,0,2438,1789633737443409920,3812353560369938
2,0,2439,1789633737443420160,3812353560380646
2,0,2440,1789633737443431424,3812353560391385
2,0,2441,1789633737443441664,3812353560402089
2,0,2442,1789633737443451904,3812353560412859
2,0,2443,1789633737443463168,3812353560423621
2,0,2444,1789633737443473408,3812353560434311
2,0,2445,1789633737443484672,3812353560445049
2,0,2446,1789633737443494912,3812353560455779
2,0,2447,1789633737443506176,3812353560466521
2,0,2448,1789633737443516416,3812353560477276
2,0,2449,1789633737443527680,3812353560487975
2,0,2450,1789633737443537920,3812353560498676
2,0,2451,1789633737443549184,3812353560509409
2,0,2452,1789633737443559424,3812353560520151
2,0,2453,1789633737443570688,3812353560530849
2,0,2454,1789633737443580928,3812353560541616
2,0,2455,1789633737443592192,3812353560552292
2,0,2456,1789633737443602432,3812353560563066
2,0,2457,1789633737443613696,3812353560573768
2,0,2458,1789633737443623936,3812353560584528
2,0,2459,1789633737443635200,3812353560595229
2,0,2460,1789633737443645440,3812353560606002
2,0,2461,1789633737443656704,3812353560616679
2,0,2462,1789633737443666944,3812353560627452
2,0,2463,1789633737443678208,3812353560638189
2,0,2464,1789633737443688448,3812353560648904
2,0,2465,1789633737443698688,3812353560659629
2,0,2466,1789633737443709952,3812353560670359
2,0,2467,1789633737443720192,3812353560681096
2,0,2468,1789633737443731456,3812353560691806
2,0,2469,1789633737443741696,3812353560702559
2,0,2470,1789633737443752960,3812353560713304
2,0,2471,1789633737443763200,3812353560724012
2,0,2472,1789633737443774464,3812353560734745
2,0,2473,1789633737443784704,3812353560745454
2,0,2474,1789633737443795968,3812353560756196
2,0,2475,1789633737443806208,3812353560766964
2,0,2476,1789633737443817472,3812353560777685
2,0,2477,1789633737443827712,3812353560788372
2,0,2478,1789633737443838976,3812353560799118
2,0,2479,1789633737443849216,3812353560809835
2,0,2480,1789633737443860480,3812353560820559
2,0,2481,1789633737443870720,3812353560831341
2,0,2482,1789633737443881984,3812353560842034
2,0,2483,1789633737443892224,3812353560852735
2,0,2484,1789633737443903488,3812353560863489
2,0,2485,1789633737443913728,3812353560874249
2,0,2486,1789633737443924992,3812353560884969
2,0,2487,1789633737443935232,3812353560895708
2,0,2488,1789633737443946496,3812353560906445
2,0,2489,1789633737443956736,3812353560917189
2,0,2490,1789633737443966976,3812353560927885
2,0,2491,1789633737443978240,3812353560938601
2,0,2492,1789633737443988480,3812353560949331
2,0,2493,1789633737443999744,3812353560960059
2,0,2494,1789633737444009984,3812353560970799
2,0,2495,1789633737444021248,3812353560981546
2,0,2496,1789633737444031488,3812353560992246
2,0,2497,1789633737444042752,3812353561002985
2,0,2498,1789633737444052992,3812353561013725
2,0,2499,1789633737444064256,3812353561024435
2,0,2500,1789633737444074496,3812353561035186
2,0,2501,1789633737444085760,3812353561045925
2,0,2502,1789633737444096000,3812353561056645
2,0,2503,1789633737444107264,3812353561067371
2,0,2504,1789633737444117504,3812353561078085
2,0,2505,1789633737444128768,3812353561088828
2,0,2506,1789633737444139008,3812353561099559
2,0,2507,1789633737444150272,3812353561110244
2,0,2508,1789633737444160512,3812353561121005
2,0,2509,1789633737444171776,3812353561131731
2,0,2510,1789633737444182016,3812353561142466
2,0,2511,1789633737444192256,3812353561153205
2,0,2512,1789633737444203520,3812353561163925
2,0,2513,1789633737444213760,3812353561174683
2,0,2514,1789633737444225024,3812353561185379
2,0,2515,1789633737444235264,3812353561196162
2,0,2516,1789633737444246528,3812353561206855
2,0,2517,1789633737444256768,3812353561217605
2,0,2518,1789633737444268032,3812353561228339
2,0,2519,1789633737444278272,3812353561239079
2,0,2520,1789633737444289536,3812353561249779
2,0,2521,1789633737444299776,3812353561260499
2,0,2522,1789633737444311040,3812353561271301
2,0,2523,1789633737444321280,3812353561281872
2,0,2524,1789633737444332544,3812353561292678
2,0,2525,1789633737444342784,3812353561303372
2,0,2526,1789633737444354048,3812353561314122
2,0,2527,1789633737444364288,3812353561324836
2,0,2528,1789633737444375552,3812353561335609
2,0,2529,1789633737444385792,3812353561346339
2,0,2530,1789633737444397056,3812353561357045
2,0,2531,1789633737444407296,3812353561367799
2,0,2532,1789633737444418560,3812353561378504
2,0,2533,1789633737444428800,3812353561389255
2,0,2534,1789633737444439040,3812353561399978
2,0,2535,1789633737444450304,3812353561410728
2,0,2536,1789633737444460544,3812353561421438
2,0,2537,1789633737444471808,3812353561432179
2,0,2538,1789633737444482048,3812353561442965
2,0,2539,1789633737444493312,3812353561453695
2,0,2540,1789633737444503552,3812353561464346
2,0,2541,1789633737444514816,3812353561475155
2,0,2542,1789633737444525056,3812353561485871
2,0,2543,1789633737444536320,3812353561496564
2,0,2544,1789633737444546560,3812353561507259
2,0,2545,1789633737444557824,3812353561517961
2,0,2546,1789633737444568064,3812353561528746
2,0,2547,1789633737444579328,3812353561539476
2,0,2548,1789633737444589568,3812353561550195
2,0,2549,1789633737444600832,3812353561560885
2,0,2550,1789633737444611072,3812353561571655
2,0,2551,1789633737444622336,3812353561582345
2,0,2552,1789633737444632576,3812353561594305
2,0,2553,1789633737444643840,3812353561603986
2,0,2554,1789633737444654080,3812353561614812
2,0,2555,1789633737444665344,3812353561625561
2,0,2556,1789633737444675584,3812353561636405
2,0,2557,1789633737444686848,3812353561647173
2,0,2558,1789633737444697088,3812353561658019
2,0,2559,1789633737444708352,3812353561668835
2,0,2560,1789633737444718592,3812353561679612
2,0,2561,1789633737444729856,3812353561690444
2,0,2562,1789633737444741120,3812353561701299
2,0,2563,1789633737444751360,3812353561712162
2,0,2564,1789633737444762624,3812353561723012
2,0,2565,1789633737444772864,3812353561733809
2,0,2566,1789633737444784128,3812353561744605
2,0,2567,1789633737444794368,3812353561755386
2,0,2568,1789633737444805632,3812353561766215
2,0,2569,1789633737444816896,3812353561776992
2,0,2570,1789633737444827136,3812353561787789
2,0,2571,1789633737444838400,3812353561798596
2,0,2572,1789633737444848640,3812353561809459
2,0,2573,1789633737444859904,3812353561820291
2,0,2574,1789633737444870144,3812353561831159
2,0,2575,1789633737444881408,3812353561841969
2,0,2576,1789633737444892672,3812353561852762
2,0,2577,1789633737444902912,3812353561863618
2,0,2578,1789633737444914176,3812353561874412
2,0,2579,1789633737444924416,3812353561885275
2,0,2580,1789633737444935680,3812353561896051
2,0,2581,1789633737444945920,3812353561906859
2,0,2582,1789633737444957184,3812353561917686
2,0,2583,1789633737444968448,3812353561928519
2,0,2584,1789633737444978688,3812353561939325
2,0,2585,1789633737444989952,3812353561950181
2,0,2586,1789633737445000192,3812353561960992
2,0,2587,1789633737445011456,3812353561971801
2,0,2588,1789633737445021696,3812353561982588
2,0,2589,1789633737445032960,3812353561993428
2,0,2590,1789633737445043200,3812353562004242
2,0,2591,1789633737445054464,3812353562015084
2,0,2592,1789633737445065728,3812353562025992
2,0,2593,1789633737445075968,3812353562036784
2,0,2594,1789633737445087232,3812353562047731
2,0,2595,1789633737445097472,3812353562058516
2,0,2596,1789633737445108736,3812353562069309
2,0,2597,1789633737445120000,3812353562080102
2,0,2598,1789633737445130240,3812353562090879
2,0,2599,1789633737445141504,3812353562101688
2,0,2600,1789633737445151744,3812353562112452
2,0,2601,1789633737445163008,3812353562123249
2,0,2602,1789633737445173248,3812353562134019
2,0,2603,1789633737445184512,3812353562144802
2,0,2604,1789633737445194752,3812353562155619
2,0,2605,1789633737445206016,3812353562166466
2,0,2606,1789633737445216256,3812353562177271
2,0,2607,1789633737445227520,3812353562188162
2,0,2608,1789633737445238784,3812353562198996
2,0,2609,1789633737445249024,3812353562209785
2,0,2610,1789633737445260288,3812353562220618
2,0,2611,1789633737445270528,3812353562231409
2,0,2612,1789633737445281792,3812353562242232
2,0,2613,1789633737445292032,3812353562253028
2,0,2614,1789633737445303296,3812353562264016
2,0,2615,1789633737445314560,3812353562274821
2,0,2616,1789633737445324800,3812353562285744
2,0,2617,1789633737445336064,3812353562296511
2,0,2618,1789633737445346304,3812353562307298
2,0,2619,1789633737445357568,3812353562318009
2,0,2620,1789633737445367808,3812353562328731
2,0,2621,1789633737445379072,3812353562339429
2,0,2622,1789633737445389312,3812353562350134
2,0,2623,1789633737445400576,3812353562360835
2,0,2624,1789633737445410816,3812353562371495
2,0,2625,1789633737445422080,3812353562382215
2,0,2626,1789633737445432320,3812353562392988
2,0,2627,1789633737445443584,3812353562403684
2,0,2628,1789633737445453824,3812353562414406
2,0,2629,1789633737445465088,3812353562425149
2,0,2630,1789633737445475328,3812353562435892
2,0,2631,1789633737445486592,3812353562446622
2,0,2632,1789633737445496832,3812353562457328
2,0,2633,1789633737445508096,3812353562468051
2,0,2634,1789633737445518336,3812353562478789
2,0,2635,1789633737445528576,3812353562489519
2,0,2636,1789633737445539840,3812353562500245
2,0,2637,1789633737445550080,3812353562510988
2,0,2638,1789633737445561344,3812353562521699
2,0,2639,1789633737445571584,3812353562532426
2,0,2640,1789633737445582848,3812353562543162
2,0,2641,1789633737445593088,3812353562553894
2,0,2642,1789633737445604352,3812353562564639
2,0,2643,1789633737445614592,3812353562575346
2,0,2644,1789633737445625856,3812353562586092
2,0,2645,1789633737445636096,3812353562596786
2,0,2646,1789633737445647360,3812353562607554
2,0,2647,1789633737445657600,3812353562618259
2,0,2648,1789633737445668864,3812353562629004
2,0,2649,1789633737445679104,3812353562639721
2,0,2650,1789633737445690368,3812353562650459
2,0,2651,1789633737445700608,3812353562661205
2,0,2652,1789633737445711872,3812353562671972
2,0,2653,1789633737445722112,3812353562682688
2,0,2654,1789633737445733376,3812353562693388
2,0,2655,1789633737445743616,3812353562704029
2,0,2656,1789633737445753856,3812353562714846
2,0,2657,1789633737445765120,3812353562725536
2,0,2658,1789633737445775360,3812353562736285
2,0,2659,1789633737445786624,3812353562746989
2,0,2660,1789633737445796864,3812353562757769
2,0,2661,1789633737445808128,3812353562768489
2,0,2662,1789633737445818368,3812353562779215
2,0,2663,1789633737445829632,3812353562789936
2,0,2664,1789633737445839872,3812353562800686
2,0,2665,1789633737445851136,3812353562811406
2,0,2666,1789633737445861376,3812353562822131
2,0,2667,1789633737445872640,3812353562832865
2,0,2668,1789633737445882880,3812353562843579
2,0,2669,1789633737445894144,3812353562854339
2,0,2670,1789633737445904384,3812353562865136
2,0,2671,1789633737445915648,3812353562875859
2,0,2672,1789633737445925888,3812353562886539
2,0,2673,1789633737445937152,3812353562897245
2,0,2674,1789633737445947392,3812353562907962
2,0,2675,1789633737445958656,3812353562918692
2,0,2676,1789633737445968896,3812353562929428
2,0,2677,1789633737445980160,3812353562940112
2,0,2678,1789633737445990400,3812353562950894
2,0,2679,1789633737446001664,3812353562961644
2,0,2680,1789633737446011904,3812353562972346
2,0,2681,1789633737446022144,3812353562983059
2,0,2682,1789633737446033408,3812353562993805
2,0,2683,1789633737446043648,3812353563004544
2,0,2684,1789633737446054912,3812353563015275
2,0,2685,1789633737446065152,3812353563025974
2,0,2686,1789633737446076416,3812353563036724
2,0,2687,1789633737446086656,3812353563047431
2,0,2688,1789633737446097920,3812353563058189
2,0,2689,1789633737446108160,3812353563068901
2,0,2690,1789633737446119424,3812353563079661
2,0,2691,1789633737446129664,3812353563090338
2,0,2692,1789633737446140928,3812353563101105
2,0,2693,1789633737446151168,3812353563111775
2,0,2694,1789633737446162432,3812353563122559
2,0,2695,1789633737446172672,3812353563133286
2,0,2696,1789633737446183936,3812353563144038
2,0,2697,1789633737446194176,3812353563154785
2,0,2698,1789633737446205440,3812353563165493
2,0,2699,1789633737446215680,3812353563176219
2,0,2700,1789633737446226944,3812353563186936
2,0,2701,1789633737446237184,3812353563197684
2,0,2702,1789633737446247424,3812353563208385
2,0,2703,1789633737446258688,3812353563219125
2,0,2704,1789633737446268928,3812353563229861
2,0,2705,1789633737446280192,3812353563240538
2,0,2706,1789633737446290432,3812353563251331
2,0,2707,1789633737446301696,3812353563262041
2,0,2708,1789633737446311936,3812353563272776
2,0,2709,1789633737446323200,3812353563283504
2,0,2710,1789633737446333440,3812353563294239
2,0,2711,1789633737446344704,3812353563304911
2,0,2712,1789633737446354944,3812353563315698
2,0,2713,1789633737446366208,3812353563326409
2,0,2714,1789633737446376448,3812353563337165
2,0,2715,1789633737446387712,3812353563347916
2,0,2716,1789633737446397952,3812353563358611
2,0,2717,1789633737446409216,3812353563369355
2,0,2718,1789633737446419456,3812353563380075
2,0,2719,1789633737446430720,3812353563390786
2,0,2720,1789633737446440960,3812353563401531
2,0,2721,1789633737446452224,3812353563412251
2,0,2722,1789633737446462464,3812353563422999
2,0,2723,1789633737446472704,3812353563433649
2,0,2724,1789633737446483968,3812353563444455
2,0,2725,1789633737446494208,3812353563455146
2,0,2726,1789633737446505472,3812353563465895
2,0,2727,1789633737446515712,3812353563476646
2,0,2728,1789633737446526976,3812353563487364
2,0,2729,1789633737446537216,3812353563498091
2,0,2730,1789633737446548480,3812353563508835
2,0,2731,1789633737446558720,3812353563519526
2,0,2732,1789633737446569984,3812353563530286
2,0,2733,1789633737446580224,3812353563540998
2,0,2734,1789633737446591488,3812353563551759
2,0,2735,1789633737446601728,3812353563562481
2,0,2736,1789633737446612992,3812353563573211
2,0,2737,1789633737446623232,3812353563583896
2,0,2738,1789633737446634496,3812353563594666
2,0,2739,1789633737446644736,3812353563605346
2,0,2740,1789633737446656000,3812353563616115
2,0,2741,1789633737446666240,3812353563626805
2,0,2742,1789633737446677504,3812353563637591
2,0,2743,1789633737446687744,3812353563648345
2,0,2744,1789633737446699008,3812353563659051
2,0,2745,1789633737446709248,3812353563669786
2,0,2746,1789633737446720512,3812353563680519
2,0,2747,1789633737446730752,3812353563691206
2,0,2748,1789633737446740992,3812353563701948
2,0,2749,1789633737446752256,3812353563712651
2,0,2750,1789633737446762496,3812353563723435
2,0,2751,1789633737446773760,3812353563734119
2,0,2752,1789633737446784000,3812353563744869
2,0,2753,1789633737446795264,3812353563755609
2,0,2754,1789633737446805504,3812353563766335
2,0,2755,1789633737446816768,3812353563777034
2,0,2756,1789633737446827008,3812353563787788
2,0,2757,1789633737446838272,3812353563798488
2,0,2758,1789633737446848512,3812353563809256
2,0,2759,1789633737446859776,3812353563819959
2,0,2760,1789633737446870016,3812353563830714
2,0,2761,1789633737446881280,3812353563841469
2,0,2762,1789633737446891520,3812353563852166
2,0,2763,1789633737446902784,3812353563862965
2,0,2764,1789633737446913024,3812353563873691
2,0,2765,1789633737446924288,3812353563884471
2,0,2766,1789633737446934528,3812353563895165
2,0,2767,1789633737446945792,3812353563905911
2,0,2768,1789633737446956032,3812353563916601
2,0,2769,1789633737446967296,3812353563927309
2,0,2770,1789633737446977536,3812353563938051
2,0,2771,1789633737446987776,3812353563948746
2,0,2772,1789633737446999040,3812353563959469
2,0,2773,1789633737447009280,3812353563970175
2,0,2774,1789633737447020544,3812353563980921
2,0,2775,1789633737447030784,3812353563991619
2,0,2776,1789633737447042048,3812353564002388
2,0,2777,1789633737447052288,3812353564013105
2,0,2778,1789633737447063552,3812353564023841
2,0,2779,1789633737447073792,3812353564034559
2,0,2780,1789633737447085056,3812353564045311
2,0,2781,1789633737447095296,3812353564056009
2,0,2782,1789633737447106560,3812353564066759
2,0,2783,1789633737447116800,3812353564077484
2,0,2784,1789633737447128064,3812353564088218
2,0,2785,1789633737447138304,3812353564098918
2,0,2786,1789633737447149568,3812353564109685
2,0,2787,1789633737447159808,3812353564120418
2,0,2788,1789633737447171072,3812353564131145
2,0,2789,1789633737447181312,3812353564141835
2,0,2790,1789633737447191552,3812353564152595
2,0,2791,1789633737447202816,3812353564163301
2,0,2792,1789633737447213056,3812353564174059
2,0,2793,1789633737447224320,3812353564184775
2,0,2794,1789633737447234560,3812353564195521
2,0,2795,1789633737447245824,3812353564206278
2,0,2796,1789633737447256064,3812353564216969
2,0,2797,1789633737447267328,3812353564227680
2,0,2798,1789633737447277568,3812353564238451
2,0,2799,1789633737447288832,3812353564249199
2,0,2800,1789633737447299072,3812353564259894
2,0,2801,1789633737447310336,3812353564270665
2,0,2802,1789633737447320576,3812353564281395
2,0,2803,1789633737447331840,3812353564292078
2,0,2804,1789633737447342080,3812353564302835
2,0,2805,1789633737447353344,3812353564313546
2,0,2806,1789633737447363584,3812353564324291
2,0,2807,1789633737447374848,3812353564334988
2,0,2808,1789633737447385088,3812353564345734
2,0,2809,1789633737447396352,3812353564356426
2,0,2810,1789633737447406592,3812353564367209
2,0,2811,1789633737447417856,3812353564377899
2,0,2812,1789633737447428096,3812353564388661
2,0,2813,1789633737447439360,3812353564399371
2,0,2814,1789633737447449600,3812353564410116
2,0,2815,1789633737447459840,3812353564420844
2,0,2816,1789633737447471104,3812353564431571
2,0,2817,1789633737447481344,3812353564442301
2,0,2818,1789633737447492608,3812353564453024
2,0,2819,1789633737447502848,3812353564463733
2,0,2820,1789633737447514112,3812353564474501
2,0,2821,1789633737447524352,3812353564485148
2,0,2822,1789633737447535616,3812353564495959
2,0,2823,1789633737447545856,3812353564506666
2,0,2824,1789633737447557120,3812353564517411
2,0,2825,1789633737447567360,3812353564528104
2,0,2826,1789633737447578624,3812353564538878
2,0,2827,1789633737447588864,3812353564549586
2,0,2828,1789633737447600128,3812353564560331
2,0,2829,1789633737447610368,3812353564571071
2,0,2830,1789633737447621632,3812353564581786
2,0,2831,1789633737447631872,3812353564592536
2,0,2832,1789633737447643136,3812353564603263
2,0,2833,1789633737447653376,3812353564614001
2,0,2834,1789633737447664640,3812353564624689
2,0,2835,1789633737447674880,3812353564635419
2,0,2836,1789633737447685120,3812353564646151
2,0,2837,1789633737447696384,3812353564656859
2,0,2838,1789633737447706624,3812353564667616
2,0,2839,1789633737447717888,3812353564678319
2,0,2840,1789633737447728128,3812353564689071
2,0,2841,1789633737447739392,3812353564699831
2,0,2842,1789633737447749632,3812353564710541
2,0,2843,1789633737447760896,3812353564721286
2,0,2844,1789633737447771136,3812353564732001
2,0,2845,1789633737447782400,3812353564742731
2,0,2846,1789633737447792640,3812353564753461
2,0,2847,1789633737447803904,3812353564764199
2,0,2848,1789633737447814144,3812353564774922
2,0,2849,1789633737447825408,3812353564785649
2,0,2850,1789633737447835648,3812353564796384
2,0,2851,1789633737447846912,3812353564807086
2,0,2852,1789633737447857152,3812353564817839
2,0,2853,1789633737447868416,3812353564828534
2,0,2854,1789633737447878656,3812353564839314
2,0,2855,1789633737447889920,3812353564850013
2,0,2856,1789633737447900160,3812353564860739
2,0,2857,1789633737447911424,3812353564871461
2,0,2858,1789633737447921664,3812353564882221
2,0,2859,1789633737447932928,3812353564892998
2,0,2860,1789633737447943168,3812353564903676
2,0,2861,1789633737447953408,3812353564914414
2,0,2862,1789633737447964672,3812353564925128
2,0,2863,1789633737447974912,3812353564935854
2,0,2864,1789633737447986176,3812353564946584
2,0,2865,1789633737447996416,3812353564957311
2,0,2866,1789633737448007680,3812353564968051
2,0,2867,1789633737448017920,3812353564978784
2,0,2868,1789633737448029184,3812353564989518
2,0,2869,1789633737448039424,3812353565000259
2,0,2870,1789633737448050688,3812353565010979
2,0,2871,1789633737448060928,3812353565021711
2,0,2872,1789633737448072192,3812353565032434
2,0,2873,1789633737448082432,3812353565043111
2,0,2874,1789633737448093696,3812353565053899
2,0,2875,1789633737448103936,3812353565064631
2,0,2876,1789633737448115200,3812353565075351
2,0,2877,1789633737448125440,3812353565086071
2,0,2878,1789633737448136704,3812353565096788
2,0,2879,1789633737448146944,3812353565107566
2,0,2880,1789633737448158208,3812353565118256
2,0,2881,1789633737448168448,3812353565129014
2,0,2882,1789633737448179712,3812353565139721
2,0,2883,1789633737448189952,3812353565150468
2,0,2884,1789633737448200192,3812353565161188
2,0,2885,1789633737448211456,3812353565171871
2,0,2886,1789633737448221696,3812353565182634
2,0,2887,1789633737448232960,3812353565193371
2,0,2888,1789633737448243200,3812353565204101
2,0,2889,1789633737448254464,3812353565214790
2,0,2890,1789633737448264704,3812353565225554
2,0,2891,1789633737448275968,3812353565236266
2,0,2892,1789633737448286208,3812353565247026
2,0,2893,1789633737448297472,3812353565257764
2,0,2894,1789633737448307712,3812353565268474
2,0,2895,1789633737448318976,3812353565279211
2,0,2896,1789633737448329216,3812353565289934
2,0,2897,1789633737448340480,3812353565300667
2,0,2898,1789633737448350720,3812353565311401
2,0,2899,1789633737448361984,3812353565322159
2,0,2900,1789633737448372224,3812353565332854
2,0,2901,1789633737448383488,3812353565343594
2,0,2902,1789633737448393728,3812353565354316
2,0,2903,1789633737448404992,3812353565365141
2,0,2904,1789633737448415232,3812353565375804
2,0,2905,1789633737448426496,3812353565386516
2,0,2906,1789633737448436736,3812353565397234
2,0,2907,1789633737448446976,3812353565407919
2,0,2908,1789633737448458240,3812353565418691
2,0,2909,1789633737448468480,3812353565429401
2,0,2910,1789633737448479744,3812353565440163
2,0,2911,1789633737448489984,3812353565450879
2,0,2912,1789633737448501248,3812353565461604
2,0,2913,1789633737448511488,3812353565472299
2,0,2914,1789633737448522752,3812353565483081
2,0,2915,1789633737448532992,3812353565493774
2,0,2916,1789633737448544256,3812353565504526
2,0,2917,1789633737448554496,3812353565515221
2,0,2918,1789633737448565760,3812353565526007
2,0,2919,1789633737448576000,3812353565536741
2,0,2920,1789633737448587264,3812353565547439
2,0,2921,1789633737448597504,3812353565558149
2,0,2922,1789633737448608768,3812353565568911
2,0,2923,1789633737448619008,3812353565579628
2,0,2924,1789633737448630272,3812353565593571
2,0,2925,1789633737448640512,3812353565601121
2,0,2926,1789633737448651776,3812353565611841
2,0,2927,1789633737448662016,3812353565622539
2,0,2928,1789633737448672256,3812353565633294
2,0,2929,1789633737448683520,3812353565644034
2,0,2930,1789633737448693760,3812353565654764
2,0,2931,1789633737448705024,3812353565665541
2,0,2932,1789633737448715264,3812353565676224
2,0,2933,1789633737448726528,3812353565686954
2,0,2934,1789633737448736768,3812353565697644
2,0,2935,1789633737448748032,3812353565708409
2,0,2936,1789633737448758272,3812353565719124
2,0,2937,1789633737448769536,3812353565729814
2,0,2938,1789633737448779776,3812353565740579
2,0,2939,1789633737448791040,3812353565751299
2,0,2940,1789633737448801280,3812353565762039
2,0,2941,1789633737448812544,3812353565772779
2,0,2942,1789633737448822784,3812353565783467
2,0,2943,1789633737448834048,3812353565794177
2,0,2944,1789633737448844288,3812353565804978
2,0,2945,1789633737448855552,3812353565815686
2,0,2946,1789633737448865792,3812353565826399
2,0,2947,1789633737448877056,3812353565837190
2,0,2948,1789633737448887296,3812353565847901
2,0,2949,1789633737448898560,3812353565858639
2,0,2950,1789633737448908800,3812353565869386
2,0,2951,1789633737448920064,3812353565880114
2,0,2952,1789633737448930304,3812353565890819
2,0,2953,1789633737448940544,3812353565901509
2,0,2954,1789633737448951808,3812353565912259
2,0,2955,1789633737448962048,3812353565922999
2,0,2956,1789633737448973312,3812353565933714
2,0,2957,1789633737448983552,3812353565944426
2,0,2958,1789633737448994816,3812353565955171
2,0,2959,1789633737449005056,3812353565965911
2,0,2960,1789633737449016320,3812353565976634
2,0,2961,1789633737449026560,3812353565987394
2,0,2962,1789633737449037824,3812353565998139
2,0,2963,1789633737449048064,3812353566008859
2,0,2964,1789633737449059328,3812353566019584
2,0,2965,1789633737449069568,3812353566030371
2,0,2966,1789633737449080832,3812353566041036
2,0,2967,1789633737449091072,3812353566051814
2,0,2968,1789633737449102336,3812353566062486
2,0,2969,1789633737449112576,3812353566073176
2,0,2970,1789633737449122816,3812353566083939
2,0,2971,1789633737449134080,3812353566094631
2,0,2972,1789633737449144320,3812353566105389
2,0,2973,1789633737449155584,3812353566116087
2,0,2974,1789633737449165824,3812353566126849
2,0,2975,1789633737449177088,3812353566137604
2,0,2976,1789633737449187328,3812353566148304
2,0,2977,1789633737449198592,3812353566159054
2,0,2978,1789633737449208832,3812353566169818
2,0,2979,1789633737449220096,3812353566180504
2,0,2980,1789633737449230336,3812353566191301
2,0,2981,1789633737449241600,3812353566201984
2,0,2982,1789633737449251840,3812353566212709
2,0,2983,1789633737449263104,3812353566223446
2,0,2984,1789633737449273344,3812353566234154
2,0,2985,1789633737449284608,3812353566244834
2,0,2986,1789633737449294848,3812353566255604
2,0,2987,1789633737449306112,3812353566266321
2,0,2988,1789633737449316352,3812353566277071
2,0,2989,1789633737449327616,3812353566287789
2,0,2990,1789633737449337856,3812353566298519
2,0,2991,1789633737449349120,3812353566309254
2,0,2992,1789633737449359360,3812353566319979
2,0,2993,1789633737449370624,3812353566330736
2,0,2994,1789633737449380864,3812353566341437
2,0,2995,1789633737449391104,3812353566352146
2,0,2996,1789633737449402368,3812353566362981
2,0,2997,1789633737449413632,3812353566373694
2,0,2998,1789633737449423872,3812353566384416
2,0,2999,1789633737449434112,3812353566395159
2,0,3000,1789633737449445376,3812353566405849
2,0,3001,1789633737449455616,3812353566416574
2,0,3002,1789633737449466880,3812353566427274
2,0,3003,1789633737449477120,3812353566438011
2,0,3004,1789633737449488384,3812353566448751
2,0,3005,1789633737449498624,3812353566459439
2,0,3006,1789633737449509888,3812353566470209
2,0,3007,1789633737449520128,3812353566480926
2,0,3008,1789633737449531392,3812353566491646
2,0,3009,1789633737449541632,3812353566502387
2,0,3010,1789633737449552896,3812353566513114
2,0,3011,1789633737449563136,3812353566523821
2,0,3012,1789633737449574400,3812353566534569
2,0,3013,1789633737449584640,3812353566545327
2,0,3014,1789633737449595904,3812353566556019
2,0,3015,1789633737449606144,3812353566566766
2,0,3016,1789633737449617408,3812353566577489
2,0,3017,1789633737449627648,3812353566588191
2,0,3018,1789633737449637888,3812353566598939
2,0,3019,1789633737449649152,3812353566609651
2,0,3020,1789633737449659392,3812353566620391
2,0,3021,1789633737449670656,3812353566631109
2,0,3022,1789633737449680896,3812353566641884
2,0,3023,1789633737449692160,3812353566652591
2,0,3024,1789633737449702400,3812353566663311
2,0,3025,1789633737449713664,3812353566674051
2,0,3026,1789633737449723904,3812353566684801
2,0,3027,1789633737449735168,3812353566695519
2,0,3028,1789633737449745408,3812353566706236
2,0,3029,1789633737449756672,3812353566716959
2,0,3030,1789633737449766912,3812353566727716
2,0,3031,1789633737449778176,3812353566738416
2,0,3032,1789633737449788416,3812353566749159
2,0,3033,1789633737449799680,3812353566759876
2,0,3034,1789633737449809920,3812353566770616
2,0,3035,1789633737449821184,3812353566781324
2,0,3036,1789633737449831424,3812353566792086
2,0,3037,1789633737449842688,3812353566802804
2,0,3038,1789633737449852928,3812353566813534
2,0,3039,1789633737449864192,3812353566824269
2,0,3040,1789633737449874432,3812353566834999
2,0,3041,1789633737449884672,3812353566845737
2,0,3042,1789633737449895936,3812353566856424
2,0,3043,1789633737449906176,3812353566867174
2,0,3044,1789633737449917440,3812353566877917
2,0,3045,1789633737449927680,3812353566888628
2,0,3046,1789633737449938944,3812353566899361
2,0,3047,1789633737449949184,3812353566910079
2,0,3048,1789633737449960448,3812353566920857
2,0,3049,1789633737449970688,3812353566931554
2,0,3050,1789633737449981952,3812353566942289
2,0,3051,1789633737449992192,3812353566952987
2,0,3052,1789633737450003456,3812353566963769
2,0,3053,1789633737450013696,3812353566974459
2,0,3054,1789633737450024960,3812353566985211
2,0,3055,1789633737450035200,3812353566995936
2,0,3056,1789633737450046464,3812353567006690
2,0,3057,1789633737450056704,3812353567017394
2,0,3058,1789633737450067968,3812353567028126
2,0,3059,1789633737450078208,3812353567038834
2,0,3060,1789633737450089472,3812353567049604
2,0,3061,1789633737450099712,3812353567060304
2,0,3062,1789633737450110976,3812353567071049
2,0,3063,1789633737450121216,3812353567081779
2,0,3064,1789633737450131456,3812353567092509
2,0,3065,1789633737450142720,3812353567103262
2,0,3066,1789633737450152960,3812353567113951
2,0,3067,1789633737450164224,3812353567124689
2,0,3068,1789633737450174464,3812353567135429
2,0,3069,1789633737450185728,3812353567146158
2,0,3070,1789633737450195968,3812353567156884
2,0,3071,1789633737450207232,3812353567167554
2,0,3072,1789633737450217472,3812353567178346
2,0,3073,1789633737450228736,3812353567189070
2,0,3074,1789633737450238976,3812353567199819
2,0,3075,1789633737450250240,3812353567210500
2,0,3076,1789633737450260480,3812353567221299
2,0,3077,1789633737450271744,3812353567231969
2,0,3078,1789633737450281984,3812353567242729
2,0,3079,1789633737450293248,3812353567253437
2,0,3080,1789633737450303488,3812353567264181
2,0,3081,1789633737450314752,3812353567274887
2,0,3082,1789633737450324992,3812353567285649
2,0,3083,1789633737450336256,3812353567296334
2,0,3084,1789633737450346496,3812353567307094
2,0,3085,1789633737450357760,3812353567317794
2,0,3086,1789633737450368000,3812353567328559
2,0,3087,1789633737450378240,3812353567339259
2,0,3088,1789633737450389504,3812353567350014
2,0,3089,1789633737450399744,3812353567360744
2,0,3090,1789633737450411008,3812353567371479
2,0,3091,1789633737450421248,3812353567382231
2,0,3092,1789633737450432512,3812353567392977
2,0,3093,1789633737450442752,3812353567403719
2,0,3094,1789633737450454016,3812353567414449
2,0,3095,1789633737450464256,3812353567425206
2,0,3096,1789633737450475520,3812353567435847
2,0,3097,1789633737450485760,3812353567446609
2,0,3098,1789633737450497024,3812353567457302
2,0,3099,1789633737450507264,3812353567468084
2,0,3100,1789633737450518528,3812353567478776
2,0,3101,1789633737450528768,3812353567489499
2,0,3102,1789633737450540032,3812353567500234
2,0,3103,1789633737450550272,3812353567510904
2,0,3104,1789633737450561536,3812353567521694
2,0,3105,1789633737450571776,3812353567532411
2,0,3106,1789633737450583040,3812353567543137
2,0,3107,1789633737450593280,3812353567553849
2,0,3108,1789633737450603520,3812353567564607
2,0,3109,1789633737450614784,3812353567575351
2,0,3110,1789633737450626048,3812353567586076
2,0,3111,1789633737450636288,3812353567596801
2,0,3112,1789633737450646528,3812353567607526
2,0,3113,1789633737450657792,3812353567618290
2,0,3114,1789633737450668032,3812353567629009
2,0,3115,1789633737450679296,3812353567639726
2,0,3116,1789633737450689536,3812353567650444
2,0,3117,1789633737450700800,3812353567661146
2,0,3118,1789633737450711040,3812353567671910
2,0,3119,1789633737450722304,3812353567682595
2,0,3120,1789633737450732544,3812353567693359
2,0,3121,1789633737450743808,3812353567704106
2,0,3122,1789633737450754048,3812353567714826
2,0,3123,1789633737450765312,3812353567725561
2,0,3124,1789633737450775552,3812353567736284
2,0,3125,1789633737450786816,3812353567747014
2,0,3126,1789633737450797056,3812353567757760
2,0,3127,1789633737450808320,3812353567768499
2,0,3128,1789633737450818560,3812353567779177
2,0,3129,1789633737450829824,3812353567789927
2,0,3130,1789633737450840064,3812353567800689
2,0,3131,1789633737450851328,3812353567811414
2,0,3132,1789633737450861568,3812353567822117
2,0,3133,1789633737450871808,3812353567832834
2,0,3134,1789633737450883072,3812353567843589
2,0,3135,1789633737450893312,3812353567854294
2,0,3136,1789633737450904576,3812353567865039
2,0,3137,1789633737450914816,3812353567875734
2,0,3138,1789633737450926080,3812353567886530
2,0,3139,1789633737450936320,3812353567897234
2,0,3140,1789633737450947584,3812353567907959
2,0,3141,1789633737450957824,3812353567918669
2,0,3142,1789633737450969088,3812353567929419
2,0,3143,1789633737450979328,3812353567940170
2,0,3144,1789633737450990592,3812353567950876
2,0,3145,1789633737451000832,3812353567961609
2,0,3146,1789633737451012096,3812353567972350
2,0,3147,1789633737451022336,3812353567983054
2,0,3148,1789633737451033600,3812353567993791
2,0,3149,1789633737451043840,3812353568004497
2,0,3150,1789633737451055104,3812353568015259
2,0,3151,1789633737451065344,3812353568025951
2,0,3152,1789633737451075584,3812353568036734
2,0,3153,1789633737451086848,3812353568047451
2,0,3154,1789633737451097088,3812353568058174
2,0,3155,1789633737451108352,3812353568068891
2,0,3156,1789633737451118592,3812353568079648
2,0,3157,1789633737451129856,3812353568090377
2,0,3158,1789633737451140096,3812353568101086
2,0,3159,1789633737451151360,3812353568111819
2,0,3160,1789633737451161600,3812353568122577
2,0,3161,1789633737451172864,3812353568133294
2,0,3162,1789633737451183104,3812353568143996
2,0,3163,1789633737451194368,3812353568154720
2,0,3164,1789633737451204608,3812353568165466
2,0,3165,1789633737451215872,3812353568176230
2,0,3166,1789633737451226112,3812353568186909
2,0,3167,1789633737451237376,3812353568197624
2,0,3168,1789633737451247616,3812353568208374
2,0,3169,1789633737451258880,3812353568219096
2,0,3170,1789633737451269120,3812353568229836
2,0,3171,1789633737451280384,3812353568240526
2,0,3172,1789633737451290624,3812353568251319
2,0,3173,1789633737451301888,3812353568262029
2,0,3174,1789633737451312128,3812353568272763
2,0,3175,1789633737451323392,3812353568283461
2,0,3176,1789633737451333632,3812353568294211
2,0,3177,1789633737451343872,3812353568304934
2,0,3178,1789633737451355136,3812353568315686
2,0,3179,1789633737451365376,3812353568326411
2,0,3180,1789633737451376640,3812353568337149
2,0,3181,1789633737451386880,3812353568347897
2,0,3182,1789633737451398144,3812353568358623
2,0,3183,1789633737451408384,3812353568369337
2,0,3184,1789633737451419648,3812353568380053
2,0,3185,1789633737451429888,3812353568390759
2,0,3186,1789633737451441152,3812353568401547
2,0,3187,1789633737451451392,3812353568412239
2,0,3188,1789633737451462656,3812353568422971
2,0,3189,1789633737451472896,3812353568433686
2,0,3190,1789633737451484160,3812353568444446
2,0,3191,1789633737451494400,3812353568455137
2,0,3192,1789633737451505664,3812353568465879
2,0,3193,1789633737451515904,3812353568476614
2,0,3194,1789633737451527168,3812353568487351
2,0,3195,1789633737451537408,3812353568498133
2,0,3196,1789633737451548672,3812353568508839
2,0,3197,1789633737451558912,3812353568519579
2,0,3198,1789633737451570176,3812353568530274
2,0,3199,1789633737451580416,3812353568541020
2,0,3200,1789633737451591680,3812353568551755
2,0,3201,1789633737451601920,3812353568562449
2,0,3202,1789633737451612160,3812353568573199
2,0,3203,1789633737451623424,3812353568583926
2,0,3204,1789633737451633664,3812353568594664
2,0,3205,1789633737451644928,3812353568605383
2,0,3206,1789633737451655168,3812353568616119
2,0,3207,1789633737451666432,3812353568626828
2,0,3208,1789633737451676672,3812353568637571
2,0,3209,1789633737451687936,3812353568648286
2,0,3210,1789633737451698176,3812353568659039
2,0,3211,1789633737451709440,3812353568669759
2,0,3212,1789633737451719680,3812353568680520
2,0,3213,1789633737451730944,3812353568691163
2,0,3214,1789633737451741184,3812353568701959
2,0,3215,1789633737451752448,3812353568712634
2,0,3216,1789633737451762688,3812353568723410
2,0,3217,1789633737451773952,3812353568734144
2,0,3218,1789633737451784192,3812353568744884
2,0,3219,1789633737451795456,3812353568755576
2,0,3220,1789633737451805696,3812353568766319
2,0,3221,1789633737451816960,3812353568777066
2,0,3222,1789633737451827200,3812353568787779
2,0,3223,1789633737451837440,3812353568798520
2,0,3224,1789633737451848704,3812353568809231
2,0,3225,1789633737451858944,3812353568819998
2,0,3226,1789633737451870208,3812353568830691
2,0,3227,1789633737451880448,3812353568841441
2,0,3228,1789633737451891712,3812353568852179
2,0,3229,1789633737451901952,3812353568862973
2,0,3230,1789633737451913216,3812353568873679
2,0,3231,1789633737451923456,3812353568884401
2,0,3232,1789633737451934720,3812353568895120
2,0,3233,1789633737451944960,3812353568905816
2,0,3234,1789633737451956224,3812353568916536
2,0,3235,1789633737451966464,3812353568927276
2,0,3236,1789633737451977728,3812353568938014
2,0,3237,1789633737451987968,3812353568948734
2,0,3238,1789633737451999232,3812353568959486
2,0,3239,1789633737452009472,3812353568970201
2,0,3240,1789633737452020736,3812353568980921
2,0,3241,1789633737452030976,3812353568991667
2,0,3242,1789633737452042240,3812353569002377
2,0,3243,1789633737452052480,3812353569013120
2,0,3244,1789633737452063744,3812353569023833
2,0,3245,1789633737452073984,3812353569034573
2,0,3246,1789633737452084224,3812353569045284
2,0,3247,1789633737452095488,3812353569056020
2,0,3248,1789633737452105728,3812353569066750
2,0,3249,1789633737452116992,3812353569077444
2,0,3250,1789633737452127232,3812353569088193
2,0,3251,1789633737452138496,3812353569098919
2,0,3252,1789633737452148736,3812353569109666
2,0,3253,1789633737452160000,3812353569120359
2,0,3254,1789633737452170240,3812353569131129
2,0,3255,1789633737452181504,3812353569141861
2,0,3256,1789633737452191744,3812353569152596
2,0,3257,1789633737452203008,3812353569163341
2,0,3258,1789633737452213248,3812353569174041
2,0,3259,1789633737452224512,3812353569184787
2,0,3260,1789633737452234752,3812353569195524
2,0,3261,1789633737452246016,3812353569206251
2,0,3262,1789633737452256256,3812353569216943
2,0,3263,1789633737452267520,3812353569227696
2,0,3264,1789633737452277760,3812353569238450
2,0,3265,1789633737452289024,3812353569249153
2,0,3266,1789633737452299264,3812353569259886
2,0,3267,1789633737452309504,3812353569270554
2,0,3268,1789633737452320768,3812353569281347
2,0,3269,1789633737452331008,3812353569292101
2,0,3270,1789633737452342272,3812353569302829
2,0,3271,1789633737452352512,3812353569313521
2,0,3272,1789633737452363776,3812353569324269
2,0,3273,1789633737452374016,3812353569334994
2,0,3274,1789633737452385280,3812353569345727
2,0,3275,1789633737452395520,3812353569356436
2,0,3276,1789633737452406784,3812353569367201
2,0,3277,1789633737452417024,3812353569377874
2,0,3278,1789633737452428288,3812353569388633
2,0,3279,1789633737452438528,3812353569399366
2,0,3280,1789633737452449792,3812353569410083
2,0,3281,1789633737452460032,3812353569420794
2,0,3282,1789633737452471296,3812353569431573
2,0,3283,1789633737452481536,3812353569442276
2,0,3284,1789633737452492800,3812353569453019
2,0,3285,1789633737452503040,3812353569463716
2,0,3286,1789633737452514304,3812353569474490
2,0,3287,1789633737452524544,3812353569485204
2,0,3288,1789633737452535808,3812353569495913
2,0,3289,1789633737452546048,3812353569506647
2,0,3290,1789633737452556288,3812353569517403
2,0,3291,1789633737452567552,3812353569528160
2,0,3292,1789633737452578816,3812353569538859
2,0,3293,1789633737452589056,3812353569549599
2,0,3294,1789633737452599296,3812353569560316
2,0,3295,1789633737452610560,3812353569571066
2,0,3296,1789633737452620800,3812353569581721
2,0,3297,1789633737452632064,3812353569593460
2,0,3298,1789633737452642304,3812353569603229
2,0,3299,1789633737452653568,3812353569613988
2,0,3300,1789633737452663808,3812353569624689
2,0,3301,1789633737452675072,3812353569635394
2,0,3302,1789633737452685312,3812353569646170
2,0,3303,1789633737452696576,3812353569656877
2,0,3304,1789633737452706816,3812353569667619
2,0,3305,1789633737452718080,3812353569678327
2,0,3306,1789633737452728320,3812353569689073
2,0,3307,1789633737452739584,3812353569699786
2,0,3308,1789633737452749824,3812353569710524
2,0,3309,1789633737452761088,3812353569721283
2,0,3310,1789633737452771328,3812353569732004
2,0,3311,1789633737452781568,3812353569742681
2,0,3312,1789633737452792832,3812353569753429
2,0,3313,1789633737452803072,3812353569764209
2,0,3314,1789633737452814336,3812353569774911
2,0,3315,1789633737452824576,3812353569785601
2,0,3316,1789633737452835840,3812353569796361
2,0,3317,1789633737452846080,3812353569807069
2,0,3318,1789633737452857344,3812353569817821
2,0,3319,1789633737452867584,3812353569828537
2,0,3320,1789633737452878848,3812353569839271
2,0,3321,1789633737452889088,3812353569850016
2,0,3322,1789633737452900352,3812353569860734
2,0,3323,1789633737452910592,3812353569871474
2,0,3324,1789633737452921856,3812353569882214
2,0,3325,1789633737452932096,3812353569892986
2,0,3326,1789633737452943360,3812353569903664
2,0,3327,1789633737452953600,3812353569914427
2,0,3328,1789633737452964864,3812353569925130
2,0,3329,1789633737452975104,3812353569935860
2,0,3330,1789633737452986368,3812353569946582
2,0,3331,1789633737452996608,3812353569957282
2,0,3332,1789633737453007872,3812353569968031
2,0,3333,1789633737453018112,3812353569978732
2,0,3334,1789633737453028352,3812353569989457
2,0,3335,1789633737453039616,3812353570000203
2,0,3336,1789633737453049856,3812353570010957
2,0,3337,1789633737453061120,3812353570021660
2,0,3338,1789633737453071360,3812353570032392
2,0,3339,1789633737453082624,3812353570043161
2,0,3340,1789633737453092864,3812353570053867
2,0,3341,1789633737453104128,3812353570064602
2,0,3342,1789633737453114368,3812353570075330
2,0,3343,1789633737453125632,3812353570086062
2,0,3344,1789633737453135872,3812353570096790
2,0,3345,1789633737453147136,3812353570107492
2,0,3346,1789633737453157376,3812353570118242
2,0,3347,1789633737453168640,3812353570128942
2,0,3348,1789633737453178880,3812353570139682
2,0,3349,1789633737453190144,3812353570150458
2,0,3350,1789633737453200384,3812353570161162
2,0,3351,1789633737453211648,3812353570171887
2,0,3352,1789633737453221888,3812353570182611
2,0,3353,1789633737453233152,3812353570193330
2,0,3354,1789633737453243392,3812353570204091
2,0,3355,1789633737453254656,3812353570214834
2,0,3356,1789633737453264896,3812353570225559
2,0,3357,1789633737453276160,3812353570236267
2,0,3358,1789633737453286400,3812353570247007
2,0,3359,1789633737453296640,3812353570257744
2,0,3360,1789633737453307904,3812353570268459
2,0,3361,1789633737453318144,3812353570279194
2,0,3362,1789633737453329408,3812353570289927
2,0,3363,1789633737453339648,3812353570300647
2,0,3364,1789633737453350912,3812353570311360
2,0,3365,1789633737453361152,3812353570322054
2,0,3366,1789633737453372416,3812353570332852
2,0,3367,1789633737453382656,3812353570343570
2,0,3368,1789633737453393920,3812353570354317
2,0,3369,1789633737453404160,3812353570365024
2,0,3370,1789633737453415424,3812353570375762
2,0,3371,1789633737453425664,3812353570386517
2,0,3372,1789633737453436928,3812353570397231
2,0,3373,1789633737453447168,3812353570407972
2,0,3374,1789633737453458432,3812353570418692
2,0,3375,1789633737453468672,3812353570429387
2,0,3376,1789633737453479936,3812353570440147
2,0,3377,1789633737453490176,3812353570450866
2,0,3378,1789633737453501440,3812353570461594
2,0,3379,1789633737453511680,3812353570472303
2,0,3380,1789633737453522944,3812353570483060
2,0,3381,1789633737453533184,3812353570493746
2,0,3382,1789633737453543424,3812353570504502
2,0,3383,1789633737453554688,3812353570515202
2,0,3384,1789633737453564928,3812353570525968
2,0,3385,1789633737453576192,3812353570536714
2,0,3386,1789633737453586432,3812353570547422
2,0,3387,1789633737453597696,3812353570558185
2,0,3388,1789633737453607936,3812353570568953
2,0,3389,1789633737453619200,3812353570579684
2,0,3390,1789633737453629440,3812353570590374
2,0,3391,1789633737453640704,3812353570601092
2,0,3392,1789633737453650944,3812353570611809
2,0,3393,1789633737453662208,3812353570622545
2,0,3394,1789633737453672448,3812353570633264
2,0,3395,1789633737453683712,3812353570643978
2,0,3396,1789633737453693952,3812353570654734
2,0,3397,1789633737453705216,3812353570665442
2,0,3398,1789633737453715456,3812353570676182
2,0,3399,1789633737453726720,3812353570686883
2,0,3400,1789633737453736960,3812353570697637
2,0,3401,1789633737453748224,3812353570708411
2,0,3402,1789633737453758464,3812353570719127
2,0,3403,1789633737453768704,3812353570729847
2,0,3404,1789633737453779968,3812353570740563
2,0,3405,1789633737453790208,3812353570751300
2,0,3406,1789633737453801472,3812353570762033
2,0,3407,1789633737453811712,3812353570772742
2,0,3408,1789633737453822976,3812353570783487
2,0,3409,1789633737453833216,3812353570794207
2,0,3410,1789633737453844480,3812353570804945
2,0,3411,1789633737453854720,3812353570815649
2,0,3412,1789633737453865984,3812353570826409
2,0,3413,1789633737453876224,3812353570837086
2,0,3414,1789633737453887488,3812353570847877
2,0,3415,1789633737453897728,3812353570858546
2,0,3416,1789633737453908992,3812353570869321
2,0,3417,1789633737453919232,3812353570880064
2,0,3418,1789633737453930496,3812353570890774
2,0,3419,1789633737453940736,3812353570901502
2,0,3420,1789633737453952000,3812353570912230
2,0,3421,1789633737453962240,3812353570922994
2,0,3422,1789633737453973504,3812353570933695
2,0,3423,1789633737453983744,3812353570944448
2,0,3424,1789633737453995008,3812353570955157
2,0,3425,1789633737454005248,3812353570965865
2,0,3426,1789633737454015488,3812353570976614
2,0,3427,1789633737454026752,3812353570987386
2,0,3428,1789633737454036992,3812353570998062
2,0,3429,1789633737454048256,3812353571008750
2,0,3430,1789633737454058496,3812353571019533
2,0,3431,1789633737454069760,3812353571030279
2,0,3432,1789633737454080000,3812353571040987
2,0,3433,1789633737454091264,3812353571051731
2,0,3434,1789633737454101504,3812353571062450
2,0,3435,1789633737454112768,3812353571073157
2,0,3436,1789633737454123008,3812353571083902
2,0,3437,1789633737454134272,3812353571094657
2,0,3438,1789633737454144512,3812353571105393
2,0,3439,1789633737454155776,3812353571116132
2,0,3440,1789633737454166016,3812353571126837
2,0,3441,1789633737454177280,3812353571137553
2,0,3442,1789633737454187520,3812353571148277
2,0,3443,1789633737454198784,3812353571159014
2,0,3444,1789633737454209024,3812353571169759
2,0,3445,1789633737454220288,3812353571180451
2,0,3446,1789633737454230528,3812353571191189
2,0,3447,1789633737454241792,3812353571201932
2,0,3448,1789633737454252032,3812353571212679
2,0,3449,1789633737454262272,3812353571223371
2,0,3450,1789633737454273536,3812353571234124
2,0,3451,1789633737454283776,3812353571244873
2,0,3452,1789633737454295040,3812353571255590
2,0,3453,1789633737454305280,3812353571266347
2,0,3454,1789633737454316544,3812353571277052
2,0,3455,1789633737454326784,3812353571287799
2,0,3456,1789633737454338048,3812353571298533
2,0,3457,1789633737454348288,3812353571309232
2,0,3458,1789633737454359552,3812353571319965
2,0,3459,1789633737454369792,3812353571330721
2,0,3460,1789633737454381056,3812353571341472
2,0,3461,1789633737454391296,3812353571352257
2,0,3462,1789633737454402560,3812353571362974
2,0,3463,1789633737454412800,3812353571373709
2,0,3464,1789633737454424064,3812353571384412
2,0,3465,1789633737454434304,3812353571395140
2,0,3466,1789633737454445568,3812353571405819
2,0,3467,1789633737454455808,3812353571416558
2,0,3468,1789633737454467072,3812353571427257
2,0,3469,1789633737454477312,3812353571438016
2,0,3470,1789633737454488576,3812353571448733
2,0,3471,1789633737454498816,3812353571459451
2,0,3472,1789633737454509056,3812353571470204
2,0,3473,1789633737454520320,3812353571480900
2,0,3474,1789633737454530560,3812353571491623
2,0,3475,1789633737454541824,3812353571502367
2,0,3476,1789633737454552064,3812353571513090
2,0,3477,1789633737454563328,3812353571523814
2,0,3478,1789633737454573568,3812353571534550
2,0,3479,1789633737454584832,3812353571545266
2,0,3480,1789633737454595072,3812353571556015
2,0,3481,1789633737454606336,3812353571566684
2,0,3482,1789633737454616576,3812353571577484
2,0,3483,1789633737454627840,3812353571588173
2,0,3484,1789633737454638080,3812353571598924
2,0,3485,1789633737454649344,3812353571609679
2,0,3486,1789633737454659584,3812353571620387
2,0,3487,1789633737454670848,3812353571631142
2,0,3488,1789633737454681088,3812353571641843
2,0,3489,1789633737454692352,3812353571652594
2,0,3490,1789633737454702592,3812353571663300
2,0,3491,1789633737454713856,3812353571674031
2,0,3492,1789633737454724096,3812353571684742
2,0,3493,1789633737454735360,3812353571695532
2,0,3494,1789633737454745600,3812353571706246
2,0,3495,1789633737454755840,3812353571716963
2,0,3496,1789633737454767104,3812353571727682
2,0,3497,1789633737454777344,3812353571738397
2,0,3498,1789633737454788608,3812353571749153
2,0,3499,1789633737454798848,3812353571759882
2,0,3500,1789633737454810112,3812353571770590
2,0,3501,1789633737454820352,3812353571781349
2,0,3502,1789633737454831616,3812353571792049
2,0,3503,1789633737454841856,3812353571802782
2,0,3504,1789633737454853120,3812353571813527
2,0,3505,1789633737454863360,3812353571824243
2,0,3506,1789633737454874624,3812353571834997
2,0,3507,1789633737454884864,3812353571845674
2,0,3508,1789633737454896128,3812353571856447
2,0,3509,1789633737454906368,3812353571867184
2,0,3510,1789633737454917632,3812353571877891
2,0,3511,1789633737454927872,3812353571888603
2,0,3512,1789633737454939136,3812353571899366
2,0,3513,1789633737454949376,3812353571910077
2,0,3514,1789633737454960640,3812353571920802
2,0,3515,1789633737454970880,3812353571931511
2,0,3516,1789633737454981120,3812353571942269
2,0,3517,1789633737454992384,3812353571953007
2,0,3518,1789633737455002624,3812353571963750
2,0,3519,1789633737455013888,3812353571974491
2,0,3520,1789633737455024128,3812353571985191
2,0,3521,1789633737455035392,3812353571995894
2,0,3522,1789633737455045632,3812353572006650
2,0,3523,1789633737455056896,3812353572017427
2,0,3524,1789633737455067136,3812353572028117
2,0,3525,1789633737455078400,3812353572038885
2,0,3526,1789633737455088640,3812353572049575
2,0,3527,1789633737455099904,3812353572060310
2,0,3528,1789633737455110144,3812353572071022
2,0,3529,1789633737455121408,3812353572081752
2,0,3530,1789633737455131648,3812353572092497
2,0,3531,1789633737455142912,3812353572103164
2,0,3532,1789633737455153152,3812353572113950
2,0,3533,1789633737455164416,3812353572124669
2,0,3534,1789633737455174656,3812353572135417
2,0,3535,1789633737455185920,3812353572146122
2,0,3536,1789633737455196160,3812353572156869
2,0,3537,1789633737455207424,3812353572167557
2,0,3538,1789633737455217664,3812353572178337
2,0,3539,1789633737455227904,3812353572189044
2,0,3540,1789633737455239168,3812353572199776
2,0,3541,1789633737455249408,3812353572210499
2,0,3542,1789633737455260672,3812353572221299
2,0,3543,1789633737455270912,3812353572231933
2,0,3544,1789633737455282176,3812353572242706
2,0,3545,1789633737455292416,3812353572253434
2,0,3546,1789633737455303680,3812353572264162
2,0,3547,1789633737455313920,3812353572274881
2,0,3548,1789633737455325184,3812353572285622
2,0,3549,1789633737455335424,3812353572296337
2,0,3550,1789633737455346688,3812353572307074
2,0,3551,1789633737455356928,3812353572317830
2,0,3552,1789633737455368192,3812353572328557
2,0,3553,1789633737455378432,3812353572339322
2,0,3554,1789633737455389696,3812353572350044
2,0,3555,1789633737455399936,3812353572360762
2,0,3556,1789633737455411200,3812353572371457
2,0,3557,1789633737455421440,3812353572382222
2,0,3558,1789633737455432704,3812353572392983
2,0,3559,1789633737455442944,3812353572403739
2,0,3560,1789633737455454208,3812353572414414
2,0,3561,1789633737455464448,3812353572425121
2,0,3562,1789633737455474688,3812353572435822
2,0,3563,1789633737455485952,3812353572446524
2,0,3564,1789633737455496192,3812353572457282
2,0,3565,1789633737455507456,3812353572468019
2,0,3566,1789633737455517696,3812353572478764
2,0,3567,1789633737455528960,3812353572489444
2,0,3568,1789633737455539200,3812353572500210
2,0,3569,1789633737455550464,3812353572510923
2,0,3570,1789633737455560704,3812353572521651
2,0,3571,1789633737455571968,3812353572532381
2,0,3572,1789633737455582208,3812353572543147
2,0,3573,1789633737455593472,3812353572553870
2,0,3574,1789633737455603712,3812353572564589
2,0,3575,1789633737455614976,3812353572575315
2,0,3576,1789633737455625216,3812353572586059
2,0,3577,1789633737455636480,3812353572596752
2,0,3578,1789633737455646720,3812353572607491
2,0,3579,1789633737455657984,3812353572618262
2,0,3580,1789633737455668224,3812353572628961
2,0,3581,1789633737455679488,3812353572639642
2,0,3582,1789633737455689728,3812353572650442
2,0,3583,1789633737455700992,3812353572661143
2,0,3584,1789633737455711232,3812353572671899
2,0,3585,1789633737455721472,3812353572682606
2,0,3586,1789633737455732736,3812353572693366
2,0,3587,1789633737455742976,3812353572704059
2,0,3588,1789633737455754240,3812353572714782
2,0,3589,1789633737455764480,3812353572725513
2,0,3590,1789633737455775744,3812353572736273
2,0,3591,1789633737455785984,3812353572747032
2,0,3592,1789633737455797248,3812353572757716
2,0,3593,1789633737455807488,3812353572768465
2,0,3594,1789633737455818752,3812353572779187
2,0,3595,1789633737455828992,3812353572789933
2,0,3596,1789633737455840256,3812353572800630
2,0,3597,1789633737455850496,3812353572811379
2,0,3598,1789633737455861760,3812353572822116
2,0,3599,1789633737455872000,3812353572832802
2,0,3600,1789633737455883264,3812353572843550
2,0,3601,1789633737455893504,3812353572854269
2,0,3602,1789633737455904768,3812353572865032
2,0,3603,1789633737455915008,3812353572875743
2,0,3604,1789633737455926272,3812353572886488
2,0,3605,1789633737455936512,3812353572897241
2,0,3606,1789633737455947776,3812353572907982
2,0,3607,1789633737455958016,3812353572918641
2,0,3608,1789633737455968256,3812353572929415
2,0,3609,1789633737455979520,3812353572940133
2,0,3610,1789633737455989760,3812353572950841
2,0,3611,1789633737456001024,3812353572961567
2,0,3612,1789633737456011264,3812353572972313
2,0,3613,1789633737456022528,3812353572983024
2,0,3614,1789633737456032768,3812353572993762
2,0,3615,1789633737456044032,3812353573004492
2,0,3616,1789633737456054272,3812353573015241
2,0,3617,1789633737456065536,3812353573025957
2,0,3618,1789633737456075776,3812353573037196
2,0,3619,1789633737456087040,3812353573047941
2,0,3620,1789633737456098304,3812353573058647
2,0,3621,1789633737456108544,3812353573069409
2,0,3622,1789633737456119808,3812353573080155
2,0,3623,1789633737456130048,3812353573090917
2,0,3624,1789633737456141312,3812353573101590
2,0,3625,1789633737456151552,3812353573112321
2,0,3626,1789633737456162816,3812353573123033
2,0,3627,1789633737456173056,3812353573133736
2,0,3628,1789633737456183296,3812353573144491
2,0,3629,1789633737456194560,3812353573155242
2,0,3630,1789633737456204800,3812353573165960
2,0,3631,1789633737456216064,3812353573176641
2,0,3632,1789633737456226304,3812353573187298
2,0,3633,1789633737456237568,3812353573198015
2,0,3634,1789633737456247808,3812353573208709
2,0,3635,1789633737456259072,3812353573219423
2,0,3636,1789633737456269312,3812353573230127
2,0,3637,1789633737456280576,3812353573240850
2,0,3638,1789633737456290816,3812353573251596
2,0,3639,1789633737456302080,3812353573262301
2,0,3640,1789633737456312320,3812353573273013
2,0,3641,1789633737456322560,3812353573283692
2,0,3642,1789633737456333824,3812353573294386
2,0,3643,1789633737456344064,3812353573305136
2,0,3644,1789633737456355328,3812353573315870
2,0,3645,1789633737456365568,3812353573326596
2,0,3646,1789633737456376832,3812353573337269
2,0,3647,1789633737456387072,3812353573347943
2,0,3648,1789633737456398336,3812353573358631
2,0,3649,1789633737456408576,3812353573369331
2,0,3650,1789633737456419840,3812353573380041
2,0,3651,1789633737456430080,3812353573390792
2,0,3652,1789633737456441344,3812353573401507
2,0,3653,1789633737456451584,3812353573412252
2,0,3654,1789633737456461824,3812353573422961
2,0,3655,1789633737456473088,3812353573433712
2,0,3656,1789633737456483328,3812353573444412
2,0,3657,1789633737456494592,3812353573455171
2,0,3658,1789633737456504832,3812353573465864
2,0,3659,1789633737456516096,3812353573476610
2,0,3660,1789633737456526336,3812353573487349
2,0,3661,1789633737456537600,3812353573498059
2,0,3662,1789633737456547840,3812353573508807
2,0,3663,1789633737456559104,3812353573519508
2,0,3664,1789633737456569344,3812353573530255
2,0,3665,1789633737456580608,3812353573540983
2,0,3666,1789633737456590848,3812353573551732
2,0,3667,1789633737456602112,3812353573562436
2,0,3668,1789633737456612352,3812353573573207
2,0,3669,1789633737456623616,3812353573583907
2,0,3670,1789633737456633856,3812353573594658
2,0,3671,1789633737456645120,3812353573605342
2,0,3672,1789633737456655360,3812353573616088
2,0,3673,1789633737456666624,3812353573626815
2,0,3674,1789633737456676864,3812353573637533
2,0,3675,1789633737456687104,3812353573648272
2,0,3676,1789633737456698368,3812353573659001
2,0,3677,1789633737456708608,3812353573669741
2,0,3678,1789633737456719872,3812353573680461
2,0,3679,1789633737456730112,3812353573691171
2,0,3680,1789633737456741376,3812353573701942
2,0,3681,1789633737456751616,3812353573712645
2,0,3682,1789633737456762880,3812353573723392
2,0,3683,1789633737456773120,3812353573734127
2,0,3684,1789633737456784384,3812353573744850
2,0,3685,1789633737456794624,3812353573755593
2,0,3686,1789633737456805888,3812353573766329
2,0,3687,1789633737456816128,3812353573777076
2,0,3688,1789633737456827392,3812353573787811
2,0,3689,1789633737456837632,3812353573798483
2,0,3690,1789633737456848896,3812353573809231
2,0,3691,1789633737456859136,3812353573819956
2,0,3692,1789633737456870400,3812353573830670
2,0,3693,1789633737456880640,3812353573841428
2,0,3694,1789633737456891904,3812353573852139
2,0,3695,1789633737456902144,3812353573862869
2,0,3696,1789633737456912384,3812353573873601
2,0,3697,1789633737456923648,3812353573884328
2,0,3698,1789633737456933888,3812353573895127
2,0,3699,1789633737456945152,3812353573905881
2,0,3700,1789633737456956416,3812353573916618
2,0,3701,1789633737456966656,3812353573927367
2,0,3702,1789633737456976896,3812353573938080
2,0,3703,1789633737456988160,3812353573948778
2,0,3704,1789633737456998400,3812353573959478
2,0,3705,1789633737457009664,3812353573970181
2,0,3706,1789633737457019904,3812353573980961
2,0,3707,1789633737457031168,3812353573991672
2,0,3708,1789633737457041408,3812353574002383
2,0,3709,1789633737457052672,3812353574013102
2,0,3710,1789633737457062912,3812353574023811
2,0,3711,1789633737457074176,3812353574034532
2,0,3712,1789633737457084416,3812353574045269
2,0,3713,1789633737457095680,3812353574056010
2,0,3714,1789633737457105920,3812353574066748
2,0,3715,1789633737457117184,3812353574077475
2,0,3716,1789633737457127424,3812353574088191
2,0,3717,1789633737457138688,3812353574098942
2,0,3718,1789633737457148928,3812353574109641
2,0,3719,1789633737457159168,3812353574120342
2,0,3720,1789633737457170432,3812353574131127
2,0,3721,1789633737457181696,3812353574141862
2,0,3722,1789633737457191936,3812353574152580
2,0,3723,1789633737457202176,3812353574163305
2,0,3724,1789633737457213440,3812353574174032
2,0,3725,1789633737457223680,3812353574184783
2,0,3726,1789633737457234944,3812353574195502
2,0,3727,1789633737457245184,3812353574206227
2,0,3728,1789633737457256448,3812353574216961
2,0,3729,1789633737457266688,3812353574227683
2,0,3730,1789633737457277952,3812353574238401
2,0,3731,1789633737457288192,3812353574249155
2,0,3732,1789633737457299456,3812353574259882
2,0,3733,1789633737457309696,3812353574270640
2,0,3734,1789633737457320960,3812353574281368
2,0,3735,1789633737457331200,3812353574292080
2,0,3736,1789633737457342464,3812353574302833
2,0,3737,1789633737457352704,3812353574313570
2,0,3738,1789633737457363968,3812353574324280
2,0,3739,1789633737457374208,3812353574334998
2,0,3740,1789633737457385472,3812353574345711
2,0,3741,1789633737457395712,3812353574356384
2,0,3742,1789633737457405952,3812353574367158
2,0,3743,1789633737457417216,3812353574377916
2,0,3744,1789633737457427456,3812353574388918
2,0,3745,1789633737457438720,3812353574399601
2,0,3746,1789633737457449984,3812353574410321
2,0,3747,1789633737457460224,3812353574421033
2,0,3748,1789633737457471488,3812353574431725
2,0,3749,1789633737457481728,3812353574442482
2,0,3750,1789633737457492992,3812353574453161
2,0,3751,1789633737457503232,3812353574463930
2,0,3752,1789633737457513472,3812353574474633
2,0,3753,1789633737457524736,3812353574485401
2,0,3754,1789633737457534976,3812353574496055
2,0,3755,1789633737457546240,3812353574506802
2,0,3756,1789633737457556480,3812353574517521
2,0,3757,1789633737457567744,3812353574528259
2,0,3758,1789633737457577984,3812353574538945
2,0,3759,1789633737457589248,3812353574549632
2,0,3760,1789633737457599488,3812353574560353
2,0,3761,1789633737457610752,3812353574571070
2,0,3762,1789633737457620992,3812353574581803
2,0,3763,1789633737457632256,3812353574592482
2,0,3764,1789633737457642496,3812353574603218
2,0,3765,1789633737457653760,3812353574613971
2,0,3766,1789633737457664000,3812353574624721
2,0,3767,1789633737457674240,3812353574635436
2,0,3768,1789633737457685504,3812353574646184
2,0,3769,1789633737457695744,3812353574656884
2,0,3770,1789633737457707008,3812353574667611
2,0,3771,1789633737457717248,3812353574678341
2,0,3772,1789633737457728512,3812353574689044
2,0,3773,1789633737457738752,3812353574699741
2,0,3774,1789633737457750016,3812353574710511
2,0,3775,1789633737457760256,3812353574721305
2,0,3776,1789633737457771520,3812353574731967
2,0,3777,1789633737457781760,3812353574742658
2,0,3778,1789633737457793024,3812353574753421
2,0,3779,1789633737457803264,3812353574764162
2,0,3780,1789633737457814528,3812353574774901
2,0,3781,1789633737457824768,3812353574785633
2,0,3782,1789633737457836032,3812353574796350
2,0,3783,1789633737457846272,3812353574807064
2,0,3784,1789633737457857536,3812353574817827
2,0,3785,1789633737457867776,3812353574828531
2,0,3786,1789633737457879040,3812353574839268
2,0,3787,1789633737457889280,3812353574850024
2,0,3788,1789633737457899520,3812353574860733
2,0,3789,1789633737457910784,3812353574871438
2,0,3790,1789633737457921024,3812353574882148
2,0,3791,1789633737457932288,3812353574893002
2,0,3792,1789633737457942528,3812353574903721
2,0,3793,1789633737457953792,3812353574914452
2,0,3794,1789633737457964032,3812353574925105
2,0,3795,1789633737457975296,3812353574935858
2,0,3796,1789633737457985536,3812353574946556
2,0,3797,1789633737457996800,3812353574957318
2,0,3798,1789633737458007040,3812353574968012
2,0,3799,1789633737458018304,3812353574978796
2,0,3800,1789633737458028544,3812353574989516
2,0,3801,1789633737458039808,3812353575000218
2,0,3802,1789633737458050048,3812353575010983
2,0,3803,1789633737458061312,3812353575021663
2,0,3804,1789633737458071552,3812353575032425
2,0,3805,1789633737458082816,3812353575043158
2,0,3806,1789633737458093056,3812353575053892
2,0,3807,1789633737458104320,3812353575064616
2,0,3808,1789633737458114560,3812353575075368
2,0,3809,1789633737458125824,3812353575086067
2,0,3810,1789633737458136064,3812353575096767
2,0,3811,1789633737458146304,3812353575107525
2,0,3812,1789633737458157568,3812353575118231
2,0,3813,1789633737458167808,3812353575128951
2,0,3814,1789633737458179072,3812353575139691
2,0,3815,1789633737458189312,3812353575150415
2,0,3816,1789633737458200576,3812353575161148
2,0,3817,1789633737458210816,3812353575171919
2,0,3818,1789633737458222080,3812353575182608
2,0,3819,1789633737458232320,3812353575193333
2,0,3820,1789633737458243584,3812353575204071
2,0,3821,1789633737458253824,3812353575214793
2,0,3822,1789633737458265088,3812353575225547
2,0,3823,1789633737458275328,3812353575236222
2,0,3824,1789633737458286592,3812353575246980
2,0,3825,1789633737458296832,3812353575257733
2,0,3826,1789633737458308096,3812353575268442
2,0,3827,1789633737458318336,3812353575279101
2,0,3828,1789633737458329600,3812353575289898
2,0,3829,1789633737458339840,3812353575300647
2,0,3830,1789633737458351104,3812353575311373
2,0,3831,1789633737458361344,3812353575322110
2,0,3832,1789633737458372608,3812353575332831
2,0,3833,1789633737458382848,3812353575343542
2,0,3834,1789633737458393088,3812353575354281
2,0,3835,1789633737458404352,3812353575365022
2,0,3836,1789633737458414592,3812353575375736
2,0,3837,1789633737458425856,3812353575386505
2,0,3838,1789633737458436096,3812353575397211
2,0,3839,1789633737458447360,3812353575407908
2,0,3840,1789633737458457600,3812353575418678
2,0,3841,1789633737458468864,3812353575429372
2,0,3842,1789633737458479104,3812353575440125
2,0,3843,1789633737458490368,3812353575450831
2,0,3844,1789633737458500608,3812353575461598
2,0,3845,1789633737458511872,3812353575472347
2,0,3846,1789633737458522112,3812353575483040
2,0,3847,1789633737458533376,3812353575493751
2,0,3848,1789633737458543616,3812353575504503
2,0,3849,1789633737458554880,3812353575515268
2,0,3850,1789633737458565120,3812353575525948
2,0,3851,1789633737458576384,3812353575536732
2,0,3852,1789633737458586624,3812353575547433
2,0,3853,1789633737458597888,3812353575558155
2,0,3854,1789633737458608128,3812353575568848
2,0,3855,1789633737458619392,3812353575579633
2,0,3856,1789633737458629632,3812353575590335
2,0,3857,1789633737458639872,3812353575601085
2,0,3858,1789633737458651136,3812353575611793
2,0,3859,1789633737458661376,3812353575622496
2,0,3860,1789633737458672640,3812353575633259
2,0,3861,1789633737458682880,3812353575643962
2,0,3862,1789633737458694144,3812353575654723
2,0,3863,1789633737458704384,3812353575665431
2,0,3864,1789633737458715648,3812353575676183
2,0,3865,1789633737458725888,3812353575686908
2,0,3866,1789633737458737152,3812353575697683
2,0,3867,1789633737458747392,3812353575708383
2,0,3868,1789633737458758656,3812353575719123
2,0,3869,1789633737458768896,3812353575729832
2,0,3870,1789633737458780160,3812353575740556
2,0,3871,1789633737458790400,3812353575751292
2,0,3872,1789633737458801664,3812353575762011
2,0,3873,1789633737458811904,3812353575772721
2,0,3874,1789633737458823168,3812353575783465
2,0,3875,1789633737458833408,3812353575794192
2,0,3876,1789633737458844672,3812353575804928
2,0,3877,1789633737458854912,3812353575815631
2,0,3878,1789633737458865152,3812353575826391
2,0,3879,1789633737458876416,3812353575837123
2,0,3880,1789633737458886656,3812353575847812
2,0,3881,1789633737458897920,3812353575858545
2,0,3882,1789633737458908160,3812353575869310
2,0,3883,1789633737458919424,3812353575880043
2,0,3884,1789633737458929664,3812353575890776
2,0,3885,1789633737458940928,3812353575901527
2,0,3886,1789633737458951168,3812353575912233
2,0,3887,1789633737458962432,3812353575922984
2,0,3888,1789633737458972672,3812353575933693
2,0,3889,1789633737458983936,3812353575944461
2,0,3890,1789633737458994176,3812353575955148
2,0,3891,1789633737459005440,3812353575965883
2,0,3892,1789633737459015680,3812353575976603
2,0,3893,1789633737459026944,3812353575987342
2,0,3894,1789633737459037184,3812353575998056
2,0,3895,1789633737459048448,3812353576008782
2,0,3896,1789633737459058688,3812353576019531
2,0,3897,1789633737459069952,3812353576030248
2,0,3898,1789633737459080192,3812353576040971
2,0,3899,1789633737459091456,3812353576051705
2,0,3900,1789633737459101696,3812353576062459
2,0,3901,1789633737459111936,3812353576073133
2,0,3902,1789633737459123200,3812353576083895
2,0,3903,1789633737459133440,3812353576094591
2,0,3904,1789633737459144704,3812353576105350
2,0,3905,1789633737459154944,3812353576116105
2,0,3906,1789633737459166208,3812353576126819
2,0,3907,1789633737459176448,3812353576137513
2,0,3908,1789633737459187712,3812353576148305
2,0,3909,1789633737459197952,3812353576159030
2,0,3910,1789633737459209216,3812353576169733
2,0,3911,1789633737459219456,3812353576180468
2,0,3912,1789633737459230720,3812353576191188
2,0,3913,1789633737459240960,3812353576201910
2,0,3914,1789633737459252224,3812353576212645
2,0,3915,1789633737459262464,3812353576223416
2,0,3916,1789633737459273728,3812353576234133
2,0,3917,1789633737459283968,3812353576244915
2,0,3918,1789633737459295232,3812353576255591
2,0,3919,1789633737459305472,3812353576266331
2,0,3920,1789633737459316736,3812353576277055
2,0,3921,1789633737459326976,3812353576287791
2,0,3922,1789633737459338240,3812353576298498
2,0,3923,1789633737459348480,3812353576309248
2,0,3924,1789633737459359744,3812353576319961
2,0,3925,1789633737459369984,3812353576330656
2,0,3926,1789633737459380224,3812353576341413
2,0,3927,1789633737459391488,3812353576352125
2,0,3928,1789633737459401728,3812353576362858
2,0,3929,1789633737459412992,3812353576373570
2,0,3930,1789633737459423232,3812353576384311
2,0,3931,1789633737459434496,3812353576395040
2,0,3932,1789633737459444736,3812353576405788
2,0,3933,1789633737459456000,3812353576416523
2,0,3934,1789633737459466240,3812353576427243
2,0,3935,1789633737459477504,3812353576437972
2,0,3936,1789633737459487744,3812353576448708
2,0,3937,1789633737459499008,3812353576459417
2,0,3938,1789633737459509248,3812353576470161
2,0,3939,1789633737459520512,3812353576480888
2,0,3940,1789633737459530752,3812353576491630
2,0,3941,1789633737459542016,3812353576502373
2,0,3942,1789633737459552256,3812353576513108
2,0,3943,1789633737459563520,3812353576523801
2,0,3944,1789633737459573760,3812353576534561
2,0,3945,1789633737459585024,3812353576545310
2,0,3946,1789633737459595264,3812353576556015
2,0,3947,1789633737459605504,3812353576566693
2,0,3948,1789633737459616768,3812353576577464
2,0,3949,1789633737459627008,3812353576588215
2,0,3950,1789633737459638272,3812353576598921
2,0,3951,1789633737459648512,3812353576609681
2,0,3952,1789633737459659776,3812353576620383
2,0,3953,1789633737459670016,3812353576631165
2,0,3954,1789633737459681280,3812353576641881
2,0,3955,1789633737459691520,3812353576652632
2,0,3956,1789633737459702784,3812353576663313
2,0,3957,1789633737459713024,3812353576674067
2,0,3958,1789633737459724288,3812353576684736
2,0,3959,1789633737459734528,3812353576695490
2,0,3960,1789633737459745792,3812353576706221
2,0,3961,1789633737459756032,3812353576716950
2,0,3962,1789633737459767296,3812353576727658
2,0,3963,1789633737459777536,3812353576738385
2,0,3964,1789633737459788800,3812353576749141
2,0,3965,1789633737459799040,3812353576759845
2,0,3966,1789633737459810304,3812353576770590
2,0,3967,1789633737459820544,3812353576781341
2,0,3968,1789633737459831808,3812353576792041
2,0,3969,1789633737459842048,3812353576802778
2,0,3970,1789633737459853312,3812353576813505
2,0,3971,1789633737459863552,3812353576824243
2,0,3972,1789633737459873792,3812353576834961
2,0,3973,1789633737459885056,3812353576845672
2,0,3974,1789633737459895296,3812353576856436
2,0,3975,1789633737459906560,3812353576867144
2,0,3976,1789633737459916800,3812353576877891
2,0,3977,1789633737459928064,3812353576888593
2,0,3978,1789633737459938304,3812353576899331
2,0,3979,1789633737459949568,3812353576910093
2,0,3980,1789633737459959808,3812353576920801
2,0,3981,1789633737459971072,3812353576931485
2,0,3982,1789633737459981312,3812353576942273
2,0,3983,1789633737459992576,3812353576952991
2,0,3984,1789633737460002816,3812353576963708
2,0,3985,1789633737460014080,3812353576974444
2,0,3986,1789633737460024320,3812353576985191
2,0,3987,1789633737460035584,3812353576995921
2,0,3988,1789633737460045824,3812353577006631
2,0,3989,1789633737460057088,3812353577017352
2,0,3990,1789633737460067328,3812353577029602
2,0,3991,1789633737460079616,3812353577040307
2,0,3992,1789633737460089856,3812353577050992
2,0,3993,1789633737460101120,3812353577061755
2,0,3994,1789633737460111360,3812353577072431
2,0,3995,1789633737460122624,3812353577083153
2,0,3996,1789633737460132864,3812353577093856
2,0,3997,1789633737460144128,3812353577104541
2,0,3998,1789633737460154368,3812353577115231
2,0,3999,1789633737460165632,3812353577125961
2,0,4000,1789633737460175872,3812353577136664
2,0,4001,1789633737460187136,3812353577147348
2,0,4002,1789633737460197376,3812353577158161
2,0,4003,1789633737460208640,3812353577168838
2,0,4004,1789633737460218880,3812353577179542
2,0,4005,1789633737460229120,3812353577190201
2,0,4006,1789633737460240384,3812353577200965
2,0,4007,1789633737460250624,3812353577211636
2,0,4008,1789633737460261888,3812353577222415
2,0,4009,1789633737460272128,3812353577233083
2,0,4010,1789633737460283392,3812353577243883
2,0,4011,1789633737460293632,3812353577254493
2,0,4012,1789633737460304896,3812353577265236
2,0,4013,1789633737460315136,3812353577275928
2,0,4014,1789633737460326400,3812353577286677
2,0,4015,1789633737460336640,3812353577297344
2,0,4016,1789633737460346880,3812353577308056
2,0,4017,1789633737460358144,3812353577318774
2,0,4018,1789633737460368384,3812353577329507
2,0,4019,1789633737460379648,3812353577340243
2,0,4020,1789633737460389888,3812353577350921
2,0,4021,1789633737460401152,3812353577361710
2,0,4022,1789633737460411392,3812353577372407
2,0,4023,1789633737460422656,3812353577383148
2,0,4024,1789633737460432896,3812353577393884
2,0,4025,1789633737460444160,3812353577404613
2,0,4026,1789633737460454400,3812353577415372
2,0,4027,1789633737460465664,3812353577426076
2,0,4028,1789633737460475904,3812353577436845
2,0,4029,1789633737460487168,3812353577447545
2,0,4030,1789633737460497408,3812353577458281
2,0,4031,1789633737460508672,3812353577468981
2,0,4032,1789633737460518912,3812353577479691
2,0,4033,1789633737460529152,3812353577490440
2,0,4034,1789633737460540416,3812353577501158
2,0,4035,1789633737460550656,3812353577511907
2,0,4036,1789633737460561920,3812353577522593
2,0,4037,1789633737460572160,3812353577533367
2,0,4038,1789633737460583424,3812353577544091
2,0,4039,1789633737460593664,3812353577554825
2,0,4040,1789633737460604928,3812353577565563
2,0,4041,1789633737460615168,3812353577576284
2,0,4042,1789633737460626432,3812353577587041
2,0,4043,1789633737460636672,3812353577597750
2,0,4044,1789633737460647936,3812353577608494
2,0,4045,1789633737460658176,3812353577619233
2,0,4046,1789633737460669440,3812353577629956
2,0,4047,1789633737460679680,3812353577640661
2,0,4048,1789633737460690944,3812353577651423
2,0,4049,1789633737460701184,3812353577662121
2,0,4050,1789633737460712448,3812353577672868
2,0,4051,1789633737460722688,3812353577683571
2,0,4052,1789633737460733952,3812353577694304
2,0,4053,1789633737460744192,3812353577705044
2,0,4054,1789633737460755456,3812353577715740
2,0,4055,1789633737460765696,3812353577726484
2,0,4056,1789633737460776960,3812353577737213
2,0,4057,1789633737460787200,3812353577748031
2,0,4058,1789633737460798464,3812353577758865
2,0,4059,1789633737460808704,3812353577769666
2,0,4060,1789633737460819968,3812353577780485
2,0,4061,1789633737460830208,3812353577791313
2,0,4062,1789633737460841472,3812353577802121
2,0,4063,1789633737460851712,3812353577813030
2,0,4064,1789633737460862976,3812353577823852
2,0,4065,1789633737460874240,3812353577834693
2,0,4066,1789633737460884480,3812353577845541
2,0,4067,1789633737460895744,3812353577856392
2,0,4068,1789633737460905984,3812353577867193
2,0,4069,1789633737460917248,3812353577878023
2,0,4070,1789633737460927488,3812353577888811
2,0,4071,1789633737460938752,3812353577899636
2,0,4072,1789633737460950016,3812353577910393
2,0,4073,1789633737460960256,3812353577921308
2,0,4074,1789633737460971520,3812353577931999
2,0,4075,1789633737460981760,3812353577942831
2,0,4076,1789633737460993024,3812353577953607
2,0,4077,1789633737461003264,3812353577964348
2,0,4078,1789633737461014528,3812353577975141
2,0,4079,1789633737461024768,3812353577985964
2,0,4080,1789633737461036032,3812353577996676
2,0,4081,1789633737461046272,3812353578007425
2,0,4082,1789633737461057536,3812353578018143
2,0,4083,1789633737461067776,3812353578028876
2,0,4084,1789633737461079040,3812353578039621
2,0,4085,1789633737461089280,3812353578050348
2,0,4086,1789633737461100544,3812353578061107
2,0,4087,1789633737461110784,3812353578071802
2,0,4088,1789633737461122048,3812353578082518
2,0,4089,1789633737461132288,3812353578093233
2,0,4090,1789633737461143552,3812353578103987
2,0,4091,1789633737461153792,3812353578114716
2,0,4092,1789633737461165056,3812353578125462
2,0,4093,1789633737461175296,3812353578136198
2,0,4094,1789633737461186560,3812353578146891
2,0,4095,1789633737461196800,3812353578157631
2,0,4096,1789633737461208064,3812353578168365
2,0,4097,1789633737461218304,3812353578179085
2,0,4098,1789633737461228544,3812353578189808
2,0,4099,1789633737461239808,3812353578200558
2,0,4100,1789633737461250048,3812353578211296
2,0,4101,1789633737461261312,3812353578222007
2,0,4102,1789633737461271552,3812353578232772
2,0,4103,1789633737461282816,3812353578243471
2,0,4104,1789633737461293056,3812353578254163
2,0,4105,1789633737461304320,3812353578264918
2,0,4106,1789633737461314560,3812353578275612
2,0,4107,1789633737461325824,3812353578286376
2,0,4108,1789633737461336064,3812353578297110
2,0,4109,1789633737461347328,3812353578307841
2,0,4110,1789633737461357568,3812353578318580
2,0,4111,1789633737461368832,3812353578329304
2,0,4112,1789633737461379072,3812353578340031
2,0,4113,1789633737461390336,3812353578350763
2,0,4114,1789633737461400576,3812353578361484
2,0,4115,1789633737461411840,3812353578372236
2,0,4116,1789633737461422080,3812353578382987
2,0,4117,1789633737461433344,3812353578393693
2,0,4118,1789633737461443584,3812353578404408
2,0,4119,1789633737461454848,3812353578415133
2,0,4120,1789633737461465088,3812353578425891
2,0,4121,1789633737461476352,3812353578436601
2,0,4122,1789633737461486592,3812353578447373
2,0,4123,1789633737461497856,3812353578458091
2,0,4124,1789633737461508096,3812353578468836
2,0,4125,1789633737461518336,3812353578479533
2,0,4126,1789633737461529600,3812353578490263
2,0,4127,1789633737461539840,3812353578500996
2,0,4128,1789633737461551104,3812353578511714
2,0,4129,1789633737461561344,3812353578522430
2,0,4130,1789633737461572608,3812353578533127
2,0,4131,1789633737461582848,3812353578543919
2,0,4132,1789633737461594112,3812353578554632
2,0,4133,1789633737461604352,3812353578565356
2,0,4134,1789633737461615616,3812353578576102
2,0,4135,1789633737461625856,3812353578586811
2,0,4136,1789633737461637120,3812353578597513
2,0,4137,1789633737461647360,3812353578608267
2,0,4138,1789633737461658624,3812353578619016
2,0,4139,1789633737461668864,3812353578629733
2,0,4140,1789633737461680128,3812353578640460
2,0,4141,1789633737461690368,3812353578651184
2,0,4142,1789633737461700608,3812353578661881
2,0,4143,1789633737461711872,3812353578672651
2,0,4144,1789633737461722112,3812353578683351
2,0,4145,1789633737461733376,3812353578694091
2,0,4146,1789633737461743616,3812353578704841
2,0,4147,1789633737461754880,3812353578715563
2,0,4148,1789633737461765120,3812353578726307
2,0,4149,1789633737461776384,3812353578737042
2,0,4150,1789633737461786624,3812353578747744
2,0,4151,1789633737461797888,3812353578758493
2,0,4152,1789633737461808128,3812353578769250
2,0,4153,1789633737461819392,3812353578779996
2,0,4154,1789633737461829632,3812353578790731
2,0,4155,1789633737461840896,3812353578801405
2,0,4156,1789633737461851136,3812353578812161
2,0,4157,1789633737461862400,3812353578822873
2,0,4158,1789633737461872640,3812353578833616
2,0,4159,1789633737461883904,3812353578844347
2,0,4160,1789633737461894144,3812353578855164
2,0,4161,1789633737461905408,3812353578865856
2,0,4162,1789633737461915648,3812353578876543
2,0,4163,1789633737461926912,3812353578887240
2,0,4164,1789633737461937152,3812353578897941
2,0,4165,1789633737461947392,3812353578908681
2,0,4166,1789633737461958656,3812353578919424
2,0,4167,1789633737461968896,3812353578930161
2,0,4168,1789633737461980160,3812353578940883
2,0,4169,1789633737461990400,3812353578951631
2,0,4170,1789633737462001664,3812353578962321
2,0,4171,1789633737462011904,3812353578973061
2,0,4172,1789633737462023168,3812353578983843
2,0,4173,1789633737462033408,3812353578994556
2,0,4174,1789633737462044672,3812353579005251
2,0,4175,1789633737462054912,3812353579016003
2,0,4176,1789633737462066176,3812353579026727
2,0,4177,1789633737462076416,3812353579037463
2,0,4178,1789633737462087680,3812353579048163
2,0,4179,1789633737462097920,3812353579058911
2,0,4180,1789633737462109184,3812353579069621
2,0,4181,1789633737462119424,3812353579080381
2,0,4182,1789633737462130688,3812353579091085
2,0,4183,1789633737462140928,3812353579101831
2,0,4184,1789633737462152192,3812353579112583
2,0,4185,1789633737462162432,3812353579123323
2,0,4186,1789633737462173696,3812353579134047
2,0,4187,1789633737462183936,3812353579144772
2,0,4188,1789633737462195200,3812353579155536
2,0,4189,1789633737462205440,3812353579166251
2,0,4190,1789633737462216704,3812353579177007
2,0,4191,1789633737462226944,3812353579187707
2,0,4192,1789633737462237184,3812353579198424
2,0,4193,1789633737462248448,3812353579209141
2,0,4194,1789633737462258688,3812353579219858
2,0,4195,1789633737462269952,3812353579230607
2,0,4196,1789633737462280192,3812353579241361
2,0,4197,1789633737462291456,3812353579252043
2,0,4198,1789633737462301696,3812353579262784
2,0,4199,1789633737462312960,3812353579273514
2,0,4200,1789633737462323200,3812353579284250
2,0,4201,1789633737462334464,3812353579294973
2,0,4202,1789633737462344704,3812353579305720
2,0,4203,1789633737462355968,3812353579316433
2,0,4204,1789633737462366208,3812353579327156
2,0,4205,1789633737462377472,3812353579337878
2,0,4206,1789633737462387712,3812353579348605
2,0,4207,1789633737462398976,3812353579359356
2,0,4208,1789633737462409216,3812353579370072
2,0,4209,1789633737462420480,3812353579380791
2,0,4210,1789633737462430720,3812353579391540
2,0,4211,1789633737462440960,3812353579402256
2,0,4212,1789633737462452224,3812353579412973
2,0,4213,1789633737462462464,3812353579423729
2,0,4214,1789633737462473728,3812353579434445
2,0,4215,1789633737462483968,3812353579445184
2,0,4216,1789633737462495232,3812353579455917
2,0,4217,1789633737462505472,3812353579466638
2,0,4218,1789633737462516736,3812353579477407
2,0,4219,1789633737462526976,3812353579488123
2,0,4220,1789633737462538240,3812353579498857
2,0,4221,1789633737462548480,3812353579509583
2,0,4222,1789633737462559744,3812353579520340
2,0,4223,1789633737462569984,3812353579531076
2,0,4224,1789633737462581248,3812353579541801
2,0,4225,1789633737462591488,3812353579552477
2,0,4226,1789633737462602752,3812353579563172
2,0,4227,1789633737462612992,3812353579573933
2,0,4228,1789633737462624256,3812353579584694
2,0,4229,1789633737462634496,3812353579595405
2,0,4230,1789633737462645760,3812353579606118
2,0,4231,1789633737462656000,3812353579616868
2,0,4232,1789633737462667264,3812353579627601
2,0,4233,1789633737462677504,3812353579638318
2,0,4234,1789633737462687744,3812353579649038
2,0,4235,1789633737462699008,3812353579659790
2,0,4236,1789633737462709248,3812353579670508
2,0,4237,1789633737462720512,3812353579681296
2,0,4238,1789633737462730752,3812353579691973
2,0,4239,1789633737462742016,3812353579702713
2,0,4240,1789633737462752256,3812353579713470
2,0,4241,1789633737462763520,3812353579724171
2,0,4242,1789633737462773760,3812353579734896
2,0,4243,1789633737462785024,3812353579745616
2,0,4244,1789633737462795264,3812353579756317
2,0,4245,1789633737462806528,3812353579767067
2,0,4246,1789633737462816768,3812353579777788
2,0,4247,1789633737462828032,3812353579788531
2,0,4248,1789633737462838272,3812353579799260
2,0,4249,1789633737462849536,3812353579809980
2,0,4250,1789633737462859776,3812353579820736
2,0,4251,1789633737462871040,3812353579831440
2,0,4252,1789633737462881280,3812353579842211
2,0,4253,1789633737462892544,3812353579852970
2,0,4254,1789633737462902784,3812353579863743
2,0,4255,1789633737462914048,3812353579874454
2,0,4256,1789633737462924288,3812353579885218
2,0,4257,1789633737462935552,3812353579895908
2,0,4258,1789633737462945792,3812353579906670
2,0,4259,1789633737462957056,3812353579917333
2,0,4260,1789633737462967296,3812353579928040
2,0,4261,1789633737462977536,3812353579938740
2,0,4262,1789633737462988800,3812353579949463
2,0,4263,1789633737462999040,3812353579960215
2,0,4264,1789633737463010304,3812353579970920
2,0,4265,1789633737463020544,3812353579981693
2,0,4266,1789633737463031808,3812353579992400
2,0,4267,1789633737463042048,3812353580003108
2,0,4268,1789633737463053312,3812353580013857
2,0,4269,1789633737463063552,3812353580024580
2,0,4270,1789633737463074816,3812353580035290
2,0,4271,1789633737463085056,3812353580046042
2,0,4272,1789633737463096320,3812353580056744
2,0,4273,1789633737463106560,3812353580067472
2,0,4274,1789633737463117824,3812353580078211
2,0,4275,1789633737463128064,3812353580088940
2,0,4276,1789633737463139328,3812353580099683
2,0,4277,1789633737463149568,3812353580110413
2,0,4278,1789633737463160832,3812353580121154
2,0,4279,1789633737463171072,3812353580131856
2,0,4280,1789633737463181312,3812353580142567
2,0,4281,1789633737463192576,3812353580153341
2,0,4282,1789633737463202816,3812353580164061
2,0,4283,1789633737463214080,3812353580174811
2,0,4284,1789633737463224320,3812353580185525
2,0,4285,1789633737463235584,3812353580196247
2,0,4286,1789633737463245824,3812353580207014
2,0,4287,1789633737463257088,3812353580217713
2,0,4288,1789633737463266304,3812353580227464
2,0,4289,1789633737463276544,3812353580237240
2,0,4290,1789633737463285760,3812353580246987
2,0,4291,1789633737463296000,3812353580256756
2,0,4292,1789633737463306240,3812353580266510
2,0,4293,1789633737463315456,3812353580276276
2,0,4294,1789633737463325696,3812353580286008
2,0,4295,1789633737463334912,3812353580295763
2,0,4296,1789633737463345152,3812353580305543
2,0,4297,1789633737463354368,3812353580315270
2,0,4298,1789633737463364608,3812353580325123
2,0,4299,1789633737463373824,3812353580334873
2,0,4300,1789633737463384064,3812353580344640
2,0,4301,1789633737463393280,3812353580354400
2,0,4302,1789633737463403520,3812353580364143
2,0,4303,1789633737463412736,3812353580373840
2,0,4304,1789633737463422976,3812353580383609
2,0,4305,1789633737463432192,3812353580393336
2,0,4306,1789633737463442432,3812353580403099
2,0,4307,1789633737463451648,3812353580412847
2,0,4308,1789633737463461888,3812353580422590
2,0,4309,1789633737463471104,3812353580432336
2,0,4310,1789633737463481344,3812353580442093
2,0,4311,1789633737463491584,3812353580451854
2,0,4312,1789633737463500800,3812353580461583
2,0,4313,1789633737463511040,3812353580471347
2,0,4314,1789633737463520256,3812353580481093
2,0,4315,1789633737463530496,3812353580490847
2,0,4316,1789633737463539712,3812353580500581
2,0,4317,1789633737463549952,3812353580510333
2,0,4318,1789633737463559168,3812353580520107
2,0,4319,1789633737463569408,3812353580529840
2,0,4320,1789633737463578624,3812353580539593
2,0,4321,1789633737463588864,3812353580549348
2,0,4322,1789633737463598080,3812353580559122
2,0,4323,1789633737463608320,3812353580568847
2,0,4324,1789633737463617536,3812353580578622
2,0,4325,1789633737463627776,3812353580588359
2,0,4326,1789633737463636992,3812353580598132
2,0,4327,1789633737463647232,3812353580607860
2,0,4328,1789633737463656448,3812353580617630
2,0,4329,1789633737463666688,3812353580627380
2,0,4330,1789633737463675904,3812353580637157
2,0,4331,1789633737463686144,3812353580646885
2,0,4332,1789633737463695360,3812353580656638
2,0,4333,1789633737463705600,3812353580666405
2,0,4334,1789633737463715840,3812353580676167
2,0,4335,1789633737463725056,3812353580685910
2,0,4336,1789633737463735296,3812353580695676
2,0,4337,1789633737463744512,3812353580705410
2,0,4338,1789633737463754752,3812353580715180
2,0,4339,1789633737463763968,3812353580724933
2,0,4340,1789633737463774208,3812353580734678
2,0,4341,1789633737463783424,3812353580744442
2,0,4342,1789633737463793664,3812353580754188
2,0,4343,1789633737463802880,3812353580763956
2,0,4344,1789633737463813120,3812353580773707
2,0,4345,1789633737463822336,3812353580783440
2,0,4346,1789633737463832576,3812353580793190
2,0,4347,1789633737463841792,3812353580802970
2,0,4348,1789633737463852032,3812353580812705
2,0,4349,1789633737463861248,3812353580822467
2,0,4350,1789633737463871488,3812353580832238
2,0,4351,1789633737463880704,3812353580841970
2,0,4352,1789633737463890944,3812353580851730
2,0,4353,1789633737463901184,3812353580861494
2,0,4354,1789633737463910400,3812353580871295
2,0,4355,1789633737463920640,3812353580880980
2,0,4356,1789633737463929856,3812353580890748
2,0,4357,1789633737463940096,3812353580900516
2,0,4358,1789633737463949312,3812353580910236
2,0,4359,1789633737463959552,3812353580920011
2,0,4360,1789633737463968768,3812353580929768
2,0,4361,1789633737463979008,3812353580939507
2,0,4362,1789633737463988224,3812353580949267
2,0,4363,1789633737463998464,3812353580959023
2,0,4364,1789633737464007680,3812353580968784
2,0,4365,1789633737464017920,3812353580978538
2,0,4366,1789633737464027136,3812353580988263
2,0,4367,1789633737464037376,3812353580998038
2,0,4368,1789633737464046592,3812353581007802
2,0,4369,1789633737464056832,3812353581017530
2,0,4370,1789633737464066048,3812353581027305
2,0,4371,1789633737464076288,3812353581037070
2,0,4372,1789633737464086528,3812353581046834
2,0,4373,1789633737464095744,3812353581056560
2,0,4374,1789633737464105984,3812353581066324
2,0,4375,1789633737464115200,3812353581076083
2,0,4376,1789633737464125440,3812353581085825
2,0,4377,1789633737464134656,3812353581095587
2,0,4378,1789633737464144896,3812353581105342
2,0,4379,1789633737464154112,3812353581115100
2,0,4380,1789633737464164352,3812353581124856
2,0,4381,1789633737464173568,3812353581134613
2,0,4382,1789633737464183808,3812353581144350
2,0,4383,1789633737464193024,3812353581154123
2,0,4384,1789633737464203264,3812353581163856
2,0,4385,1789633737464212480,3812353581173613
2,0,4386,1789633737464222720,3812353581183380
2,0,4387,1789633737464231936,3812353581193116
2,0,4388,1789633737464242176,3812353581202967
2,0,4389,1789633737464252416,3812353581212707
2,0,4390,1789633737464261632,3812353581222477
2,0,4391,1789633737464271872,3812353581232205
2,0,4392,1789633737464281088,3812353581241945
2,0,4393,1789633737464291328,3812353581251673
2,0,4394,1789633737464300544,3812353581261447
2,0,4395,1789633737464310784,3812353581271193
2,0,4396,1789633737464320000,3812353581280920
2,0,4397,1789633737464330240,3812353581290670
2,0,4398,1789633737464339456,3812353581300430
2,0,4399,1789633737464349696,3812353581310160
2,0,4400,1789633737464358912,3812353581319930
2,0,4401,1789633737464369152,3812353581329682
2,0,4402,1789633737464378368,3812353581339430
2,0,4403,1789633737464388608,3812353581349198
2,0,4404,1789633737464397824,3812353581358933
2,0,4405,1789633737464408064,3812353581368707
2,0,4406,1789633737464417280,3812353581378447
2,0,4407,1789633737464427520,3812353581388205
2,0,4408,1789633737464436736,3812353581397947
2,0,4409,1789633737464446976,3812353581407719
2,0,4410,1789633737464456192,3812353581417460
2,0,4411,1789633737464466432,3812353581427198
2,0,4412,1789633737464476672,3812353581436983
2,0,4413,1789633737464485888,3812353581446743
2,0,4414,1789633737464496128,3812353581456490
2,0,4415,1789633737464505344,3812353581466233
2,0,4416,1789633737464515584,3812353581475985
2,0,4417,1789633737464524800,3812353581485757
2,0,4418,1789633737464535040,3812353581495499
2,0,4419,1789633737464544256,3812353581505263
2,0,4420,1789633737464554496,3812353581515017
2,0,4421,1789633737464563712,3812353581524748
2,0,4422,1789633737464573952,3812353581534500
2,0,4423,1789633737464583168,3812353581544283
2,0,4424,1789633737464593408,3812353581554040
2,0,4425,1789633737464602624,3812353581563878
2,0,4426,1789633737464612864,3812353581573723
2,0,4427,1789633737464623104,3812353581583593
2,0,4428,1789633737464632320,3812353581594077
2,0,4429,1789633737464642560,3812353581603320
2,0,4430,1789633737464651776,3812353581613170
2,0,4431,1789633737464662016,3812353581623020
2,0,4432,1789633737464672256,3812353581632885
2,0,4433,1789633737464681472,3812353581642745
2,0,4434,1789633737464691712,3812353581652605
2,0,4435,1789633737464701952,3812353581662428
2,0,4436,1789633737464711168,3812353581672332
2,0,4437,1789633737464721408,3812353581682187
2,0,4438,1789633737464731648,3812353581692036
2,0,4439,1789633737464740864,3812353581701896
2,0,4440,1789633737464751104,3812353581711850
2,0,4441,1789633737464760320,3812353581721723
2,0,4442,1789633737464770560,3812353581731608
2,0,4443,1789633737464780800,3812353581741467
2,0,4444,1789633737464790016,3812353581751323
2,0,4445,1789633737464800256,3812353581761193
2,0,4446,1789633737464810496,3812353581771048
2,0,4447,1789633737464819712,3812353581780903
2,0,4448,1789633737464829952,3812353581790760
2,0,4449,1789633737464840192,3812353581800645
2,0,4450,1789633737464849408,3812353581810498
2,0,4451,1789633737464859648,3812353581820357
2,0,4452,1789633737464868864,3812353581830196
2,0,4453,1789633737464879104,3812353581840063
2,0,4454,1789633737464889344,3812353581849930
2,0,4455,1789633737464898560,3812353581859770
2,0,4456,1789633737464908800,3812353581869590
2,0,4457,1789633737464919040,3812353581879456
2,0,4458,1789633737464928256,3812353581889387
2,0,4459,1789633737464938496,3812353581899246
2,0,4460,1789633737464947712,3812353581909130
2,0,4461,1789633737464957952,3812353581918993
2,0,4462,1789633737464968192,3812353581928867
2,0,4463,1789633737464977408,3812353581938723
2,0,4464,1789633737464987648,3812353581948583
2,0,4465,1789633737464997888,3812353581958450
2,0,4466,1789633737465007104,3812353581968305
2,0,4467,1789633737465017344,3812353581978164
2,0,4468,1789633737465027584,3812353581988013
2,0,4469,1789633737465036800,3812353581997880
2,0,4470,1789633737465047040,3812353582007756
2,0,4471,1789633737465056256,3812353582017640
2,0,4472,1789633737465066496,3812353582027473
2,0,4473,1789633737465076736,3812353582037344
2,0,4474,1789633737465085952,3812353582047208
2,0,4475,1789633737465096192,3812353582057165
2,0,4476,1789633737465106432,3812353582067009
2,0,4477,1789633737465115648,3812353582076907
2,0,4478,1789633737465125888,3812353582086782
2,0,4479,1789633737465136128,3812353582096620
2,0,4480,1789633737465145344,3812353582106493
2,0,4481,1789633737465155584,3812353582116356
2,0,4482,1789633737465164800,3812353582126207
2,0,4483,1789633737465175040,3812353582136065
2,0,4484,1789633737465185280,3812353582145952
2,0,4485,1789633737465194496,3812353582155783
2,0,4486,1789633737465204736,3812353582165648
2,0,4487,1789633737465214976,3812353582175476
2,0,4488,1789633737465224192,3812353582185354
2,0,4489,1789633737465234432,3812353582195220
2,0,4490,1789633737465244672,3812353582205100
2,0,4491,1789633737465253888,3812353582214963
2,0,4492,1789633737465264128,3812353582224958
2,0,4493,1789633737465274368,3812353582234803
2,0,4494,1789633737465283584,3812353582244673
2,0,4495,1789633737465293824,3812353582254516
2,0,4496,1789633737465303040,3812353582264390
2,0,4497,1789633737465313280,3812353582274265
2,0,4498,1789633737465323520,3812353582284130
2,0,4499,1789633737465332736,3812353582293981
2,0,4500,1789633737465342976,3812353582303858
2,0,4501,1789633737465353216,3812353582313721
2,0,4502,1789633737465362432,3812353582323550
2,0,4503,1789633737465372672,3812353582333432
2,0,4504,1789633737465381888,3812353582343305
2,0,4505,1789633737465392128,3812353582353168
2,0,4506,1789633737465402368,3812353582363027
2,0,4507,1789633737465411584,3812353582372887
2,0,4508,1789633737465421824,3812353582382740
2,0,4509,1789633737465432064,3812353582392689
2,0,4510,1789633737465441280,3812353582402557
2,0,4511,1789633737465451520,3812353582412457
2,0,4512,1789633737465461760,3812353582422305
2,0,4513,1789633737465470976,3812353582432147
2,0,4514,1789633737465481216,3812353582442000
2,0,4515,1789633737465491456,3812353582451854
2,0,4516,1789633737465500672,3812353582461722
2,0,4517,1789633737465510912,3812353582471557
2,0,4518,1789633737465520128,3812353582481422
2,0,4519,1789633737465530368,3812353582491275
2,0,4520,1789633737465540608,3812353582501120
2,0,4521,1789633737465549824,3812353582511005
2,0,4522,1789633737465560064,3812353582520763
2,0,4523,1789633737465569280,3812353582530535
2,0,4524,1789633737465579520,3812353582540315
2,0,4525,1789633737465589760,3812353582550072
2,0,4526,1789633737465598976,3812353582559890
2,0,4527,1789633737465609216,3812353582569640
2,0,4528,1789633737465618432,3812353582579395
2,0,4529,1789633737465628672,3812353582589158
2,0,4530,1789633737465637888,3812353582598904
2,0,4531,1789633737465648128,3812353582608680
2,0,4532,1789633737465657344,3812353582618437
2,0,4533,1789633737465667584,3812353582628213
2,0,4534,1789633737465676800,3812353582637967
2,0,4535,1789633737465687040,3812353582647745
2,0,4536,1789633737465696256,3812353582657518
2,0,4537,1789633737465706496,3812353582667275
2,0,4538,1789633737465716736,3812353582677030
2,0,4539,1789633737465725952,3812353582686783
2,0,4540,1789633737465736192,3812353582696555
2,0,4541,1789633737465745408,3812353582706350
2,0,4542,1789633737465755648,3812353582716150
2,0,4543,1789633737465764864,3812353582725913
2,0,4544,1789633737465775104,3812353582735667
2,0,4545,1789633737465784320,3812353582745405
2,0,4546,1789633737465794560,3812353582755155
2,0,4547,1789633737465803776,3812353582764915
2,0,4548,1789633737465814016,3812353582774660
2,0,4549,1789633737465823232,3812353582784420
2,0,4550,1789633737465833472,3812353582794182
2,0,4551,1789633737465842688,3812353582803951
2,0,4552,1789633737465852928,3812353582813683
2,0,4553,1789633737465862144,3812353582823440
2,0,4554,1789633737465872384,3812353582833207
2,0,4555,1789633737465882624,3812353582842963
2,0,4556,1789633737465891840,3812353582852720
2,0,4557,1789633737465902080,3812353582862473
2,0,4558,1789633737465911296,3812353582872243
2,0,4559,1789633737465921536,3812353582881971
2,0,4560,1789633737465930752,3812353582891687
2,0,4561,1789633737465940992,3812353582901485
2,0,4562,1789633737465950208,3812353582911294
2,0,4563,1789633737465960448,3812353582920992
2,0,4564,1789633737465969664,3812353582930748
2,0,4565,1789633737465979904,3812353582940516
2,0,4566,1789633737465989120,3812353582950250
2,0,4567,1789633737465999360,3812353582959990
2,0,4568,1789633737466008576,3812353582969750
2,0,4569,1789633737466018816,3812353582979510
2,0,4570,1789633737466028032,3812353582989273
2,0,4571,1789633737466038272,3812353582999025
2,0,4572,1789633737466047488,3812353583008765
2,0,4573,1789633737466057728,3812353583018539
2,0,4574,1789633737466067968,3812353583028265
2,0,4575,1789633737466077184,3812353583038030
2,0,4576,1789633737466087424,3812353583047792
2,0,4577,1789633737466096640,3812353583057555
2,0,4578,1789633737466106880,3812353583067304
2,0,4579,1789633737466116096,3812353583077055
2,0,4580,1789633737466126336,3812353583086832
2,0,4581,1789633737466135552,3812353583096565
2,0,4582,1789633737466145792,3812353583106323
2,0,4583,1789633737466155008,3812353583116060
2,0,4584,1789633737466165248,3812353583125832
2,0,4585,1789633737466174464,3812353583135570
2,0,4586,1789633737466184704,3812353583145324
2,0,4587,1789633737466193920,3812353583155104
2,0,4588,1789633737466204160,3812353583164857
2,0,4589,1789633737466213376,3812353583174613
2,0,4590,1789633737466223616,3812353583184355
2,0,4591,1789633737466232832,3812353583194105
2,0,4592,1789633737466243072,3812353583203855
2,0,4593,1789633737466252288,3812353583213607
2,0,4594,1789633737466262528,3812353583223360
2,0,4595,1789633737466272768,3812353583233120
2,0,4596,1789633737466281984,3812353583242873
2,0,4597,1789633737466292224,3812353583252620
2,0,4598,1789633737466301440,3812353583262380
2,0,4599,1789633737466311680,3812353583272150
2,0,4600,1789633737466320896,3812353583281904
2,0,4601,1789633737466331136,3812353583291637
2,0,4602,1789633737466340352,3812353583301404
2,0,4603,1789633737466350592,3812353583311144
2,0,4604,1789633737466359808,3812353583320903
2,0,4605,1789633737466370048,3812353583330665
2,0,4606,1789633737466379264,3812353583340410
2,0,4607,1789633737466389504,3812353583350160
2,0,4608,1789633737466398720,3812353583359918
2,0,4609,1789633737466408960,3812353583369670
2,0,4610,1789633737466418176,3812353583379430
2,0,4611,1789633737466428416,3812353583389190
2,0,4612,1789633737466437632,3812353583398943
2,0,4613,1789633737466447872,3812353583408704
2,0,4614,1789633737466458112,3812353583418465
2,0,4615,1789633737466467328,3812353583428210
2,0,4616,1789633737466477568,3812353583437960
2,0,4617,1789633737466486784,3812353583447728
2,0,4618,1789633737466497024,3812353583457455
2,0,4619,1789633737466506240,3812353583467210
2,0,4620,1789633737466516480,3812353583476960
2,0,4621,1789633737466525696,3812353583486725
2,0,4622,1789633737466535936,3812353583496483
2,0,4623,1789633737466545152,3812353583506207
2,0,4624,1789633737466555392,3812353583515982
2,0,4625,1789633737466564608,3812353583525747
2,0,4626,1789633737466574848,3812353583535482
2,0,4627,1789633737466584064,3812353583545240
2,0,4628,1789633737466594304,3812353583555005
2,0,4629,1789633737466603520,3812353583564763
2,0,4630,1789633737466613760,3812353583574520
2,0,4631,1789633737466622976,3812353583584271
2,0,4632,1789633737466633216,3812353583594030
2,0,4633,1789633737466643456,3812353583603783
2,0,4634,1789633737466652672,3812353583613555
2,0,4635,1789633737466662912,3812353583623282
2,0,4636,1789633737466672128,3812353583633047
2,0,4637,1789633737466682368,3812353583642793
2,0,4638,1789633737466691584,3812353583652550
2,0,4639,1789633737466701824,3812353583662316
2,0,4640,1789633737466711040,3812353583672037
2,0,4641,1789633737466721280,3812353583681800
2,0,4642,1789633737466730496,3812353583691549
2,0,4643,1789633737466740736,3812353583701299
2,0,4644,1789633737466749952,3812353583711049
2,0,4645,1789633737466760192,3812353583720823
2,0,4646,1789633737466769408,3812353583730583
2,0,4647,1789633737466779648,3812353583740339
2,0,4648,1789633737466788864,3812353583750093
2,0,4649,1789633737466799104,3812353583759830
2,0,4650,1789633737466808320,3812353583769607
2,0,4651,1789633737466818560,3812353583779330
2,0,4652,1789633737466827776,3812353583789105
2,0,4653,1789633737466838016,3812353583798883
2,0,4654,1789633737466848256,3812353583808625
2,0,4655,1789633737466857472,3812353583818340
2,0,4656,1789633737466867712,3812353583828132
2,0,4657,1789633737466876928,3812353583837885
2,0,4658,1789633737466887168,3812353583847635
2,0,4659,1789633737466896384,3812353583857379
2,0,4660,1789633737466906624,3812353583867147
2,0,4661,1789633737466915840,3812353583876893
2,0,4662,1789633737466926080,3812353583886660
2,0,4663,1789633737466935296,3812353583896387
2,0,4664,1789633737466945536,3812353583906159
2,0,4665,1789633737466954752,3812353583915903
2,0,4666,1789633737466964992,3812353583925673
2,0,4667,1789633737466974208,3812353583935407
2,0,4668,1789633737466984448,3812353583945175
2,0,4669,1789633737466993664,3812353583954917
2,0,4670,1789633737467003904,3812353583964679
2,0,4671,1789633737467013120,3812353583974442
2,0,4672,1789633737467023360,3812353583984199
2,0,4673,1789633737467033600,3812353583993943
2,0,4674,1789633737467042816,3812353584003697
2,0,4675,1789633737467053056,3812353584013458
2,0,4676,1789633737467062272,3812353584023205
2,0,4677,1789633737467072512,3812353584032973
2,0,4678,1789633737467081728,3812353584042723
2,0,4679,1789633737467091968,3812353584052473
2,0,4680,1789633737467101184,3812353584062229
2,0,4681,1789633737467111424,3812353584071985
2,0,4682,1789633737467120640,3812353584081739
2,0,4683,1789633737467130880,3812353584091515
2,0,4684,1789633737467140096,3812353584101297
2,0,4685,1789633737467150336,3812353584110993
2,0,4686,1789633737467159552,3812353584120755
2,0,4687,1789633737467169792,3812353584130505
2,0,4688,1789633737467179008,3812353584140257
2,0,4689,1789633737467189248,3812353584150012
2,0,4690,1789633737467198464,3812353584159771
2,0,4691,1789633737467208704,3812353584169532
2,0,4692,1789633737467218944,3812353584179273
2,0,4693,1789633737467228160,3812353584189032
2,0,4694,1789633737467238400,3812353584198772
2,0,4695,1789633737467247616,3812353584208541
2,0,4696,1789633737467257856,3812353584218289
2,0,4697,1789633737467267072,3812353584228060
2,0,4698,1789633737467277312,3812353584237797
2,0,4699,1789633737467286528,3812353584247555
2,0,4700,1789633737467296768,3812353584257313
2,0,4701,1789633737467305984,3812353584267067
2,0,4702,1789633737467316224,3812353584276807
2,0,4703,1789633737467325440,3812353584286555
2,0,4704,1789633737467335680,3812353584296317
2,0,4705,1789633737467344896,3812353584306068
2,0,4706,1789633737467355136,3812353584315845
2,0,4707,1789633737467364352,3812353584325583
2,0,4708,1789633737467374592,3812353584335329
2,0,4709,1789633737467383808,3812353584345107
2,0,4710,1789633737467394048,3812353584354872
2,0,4711,1789633737467404288,3812353584364621
2,0,4712,1789633737467413504,3812353584374368
2,0,4713,1789633737467423744,3812353584384123
2,0,4714,1789633737467432960,3812353584393859
2,0,4715,1789633737467443200,3812353584403622
2,0,4716,1789633737467452416,3812353584413394
2,0,4717,1789633737467462656,3812353584423127
2,0,4718,1789633737467471872,3812353584432987
2,0,4719,1789633737467482112,3812353584442816
2,0,4720,1789633737467491328,3812353584452555
2,0,4721,1789633737467501568,3812353584462297
2,0,4722,1789633737467510784,3812353584472075
2,0,4723,1789633737467521024,3812353584481797
2,0,4724,1789633737467530240,3812353584491555
2,0,4725,1789633737467540480,3812353584501309
2,0,4726,1789633737467550720,3812353584511073
2,0,4727,1789633737467559936,3812353584520843
2,0,4728,1789633737467570176,3812353584530560
2,0,4729,1789633737467579392,3812353584540319
2,0,4730,1789633737467589632,3812353584550082
2,0,4731,1789633737467598848,3812353584559859
2,0,4732,1789633737467609088,3812353584569593
2,0,4733,1789633737467618304,3812353584579362
2,0,4734,1789633737467628544,3812353584589120
2,0,4735,1789633737467637760,3812353584598867
2,0,4736,1789633737467648000,3812353584608629
2,0,4737,1789633737467657216,3812353584618357
2,0,4738,1789633737467667456,3812353584628129
2,0,4739,1789633737467676672,3812353584637860
2,0,4740,1789633737467686912,3812353584647645
2,0,4741,1789633737467696128,3812353584657405
2,0,4742,1789633737467706368,3812353584667145
2,0,4743,1789633737467715584,3812353584676897
2,0,4744,1789633737467725824,3812353584686643
2,0,4745,1789633737467735040,3812353584696404
2,0,4746,1789633737467745280,3812353584706155
2,0,4747,1789633737467755520,3812353584715899
2,0,4748,1789633737467764736,3812353584725657
2,0,4749,1789633737467774976,3812353584735426
2,0,4750,1789633737467784192,3812353584745179
2,0,4751,1789633737467794432,3812353584754917
2,0,4752,1789633737467803648,3812353584764679
2,0,4753,1789633737467813888,3812353584774435
2,0,4754,1789633737467823104,3812353584784194
2,0,4755,1789633737467833344,3812353584793950
2,0,4756,1789633737467842560,3812353584803706
2,0,4757,1789633737467852800,3812353584813457
2,0,4758,1789633737467862016,3812353584823205
2,0,4759,1789633737467872256,3812353584832972
2,0,4760,1789633737467881472,3812353584842695
2,0,4761,1789633737467891712,3812353584852479
2,0,4762,1789633737467900928,3812353584862238
2,0,4763,1789633737467911168,3812353584872013
2,0,4764,1789633737467921408,3812353584881747
2,0,4765,1789633737467930624,3812353584891488
2,0,4766,1789633737467940864,3812353584901295
2,0,4767,1789633737467950080,3812353584911005
2,0,4768,1789633737467960320,3812353584920729
2,0,4769,1789633737467969536,3812353584930495
2,0,4770,1789633737467979776,3812353584940263
2,0,4771,1789633737467988992,3812353584950015
2,0,4772,1789633737467999232,3812353584959763
2,0,4773,1789633737468008448,3812353584969519
2,0,4774,1789633737468018688,3812353584979262
2,0,4775,1789633737468027904,3812353584989024
2,0,4776,1789633737468038144,3812353584998769
2,0,4777,1789633737468047360,3812353585008535
2,0,4778,1789633737468057600,3812353585018302
2,0,4779,1789633737468066816,3812353585028049
2,0,4780,1789633737468077056,3812353585037800
2,0,4781,1789633737468086272,3812353585047550
2,0,4782,1789633737468096512,3812353585057285
2,0,4783,1789633737468105728,3812353585067049
2,0,4784,1789633737468115968,3812353585076830
2,0,4785,1789633737468126208,3812353585086570
2,0,4786,1789633737468135424,3812353585096312
2,0,4787,1789633737468145664,3812353585106072
2,0,4788,1789633737468154880,3812353585115829
2,0,4789,1789633737468165120,3812353585125595
2,0,4790,1789633737468174336,3812353585135355
2,0,4791,1789633737468184576,3812353585145117
2,0,4792,1789633737468193792,3812353585154855
2,0,4793,1789633737468204032,3812353585164615
2,0,4794,1789633737468213248,3812353585174357
2,0,4795,1789633737468223488,3812353585184103
2,0,4796,1789633737468232704,3812353585193872
2,0,4797,1789633737468242944,3812353585203617
2,0,4798,1789633737468252160,3812353585213383
2,0,4799,1789633737468262400,3812353585223117
2,0,4800,1789633737468271616,3812353585233109
2,0,4801,1789633737468281856,3812353585242845
2,0,4802,1789633737468292096,3812353585252604
2,0,4803,1789633737468301312,3812353585262362
2,0,4804,1789633737468311552,3812353585272122
2,0,4805,1789633737468320768,3812353585281885
2,0,4806,1789633737468331008,3812353585291622
2,0,4807,1789633737468340224,3812353585301388
2,0,4808,1789633737468350464,3812353585311142
2,0,4809,1789633737468359680,3812353585320897
2,0,4810,1789633737468369920,3812353585330655
2,0,4811,1789633737468379136,3812353585340407
2,0,4812,1789633737468389376,3812353585350145
2,0,4813,1789633737468398592,3812353585359900
2,0,4814,1789633737468408832,3812353585369657
2,0,4815,1789633737468418048,3812353585379418
2,0,4816,1789633737468428288,3812353585389172
2,0,4817,1789633737468438528,3812353585398938
2,0,4818,1789633737468447744,3812353585408694
2,0,4819,1789633737468457984,3812353585418447
2,0,4820,1789633737468467200,3812353585428205
2,0,4821,1789633737468477440,3812353585438142
2,0,4822,1789633737468486656,3812353585447908
2,0,4823,1789633737468496896,3812353585457660
2,0,4824,1789633737468506112,3812353585467432
2,0,4825,1789633737468516352,3812353585477190
2,0,4826,1789633737468525568,3812353585486944
2,0,4827,1789633737468535808,3812353585496705
2,0,4828,1789633737468546048,3812353585506466
2,0,4829,1789633737468555264,3812353585516212
2,0,4830,1789633737468565504,3812353585525948
2,0,4831,1789633737468574720,3812353585535710
2,0,4832,1789633737468584960,3812353585545467
2,0,4833,1789633737468594176,3812353585555232
2,0,4834,1789633737468604416,3812353585564989
2,0,4835,1789633737468613632,3812353585574729
2,0,4836,1789633737468623872,3812353585584482
2,0,4837,1789633737468633088,3812353585594241
2,0,4838,1789633737468643328,3812353585603996
2,0,4839,1789633737468652544,3812353585613776
2,0,4840,1789633737468662784,3812353585623516
2,0,4841,1789633737468672000,3812353585633239
2,0,4842,1789633737468682240,3812353585643026
2,0,4843,1789633737468691456,3812353585652784
2,0,4844,1789633737468701696,3812353585662531
2,0,4845,1789633737468710912,3812353585672288
2,0,4846,1789633737468721152,3812353585682041
2,0,4847,1789633737468731392,3812353585691804
2,0,4848,1789633737468740608,3812353585701538
2,0,4849,1789633737468750848,3812353585711302
2,0,4850,1789633737468760064,3812353585721038
2,0,4851,1789633737468770304,3812353585730761
2,0,4852,1789633737468779520,3812353585740533
2,0,4853,1789633737468789760,3812353585750307
2,0,4854,1789633737468798976,3812353585760073
2,0,4855,1789633737468809216,3812353585769834
2,0,4856,1789633737468818432,3812353585779600
2,0,4857,1789633737468828672,3812353585789349
2,0,4858,1789633737468837888,3812353585799116
2,0,4859,1789633737468848128,3812353585808869
2,0,4860,1789633737468857344,3812353585818604
2,0,4861,1789633737468867584,3812353585828368
2,0,4862,1789633737468876800,3812353585838109
2,0,4863,1789633737468887040,3812353585847882
2,0,4864,1789633737468896256,3812353585857643
2,0,4865,1789633737468906496,3812353585867404
2,0,4866,1789633737468916736,3812353585877164
2,0,4867,1789633737468925952,3812353585886928
2,0,4868,1789633737468936192,3812353585896659
2,0,4869,1789633737468945408,3812353585906420
2,0,4870,1789633737468955648,3812353585916169
2,0,4871,1789633737468964864,3812353585925889
2,0,4872,1789633737468975104,3812353585935645
2,0,4873,1789633737468984320,3812353585945406
2,0,4874,1789633737468994560,3812353585955169
2,0,4875,1789633737469003776,3812353585964916
2,0,4876,1789633737469014016,3812353585974679
2,0,4877,1789633737469023232,3812353585984457
2,0,4878,1789633737469033472,3812353585994206
2,0,4879,1789633737469042688,3812353586003963
2,0,4880,1789633737469052928,3812353586013730
2,0,4881,1789633737469062144,3812353586023472
2,0,4882,1789633737469072384,3812353586033229
2,0,4883,1789633737469081600,3812353586043003
2,0,4884,1789633737469091840,3812353586052729
2,0,4885,1789633737469102080,3812353586062492
2,0,4886,1789633737469111296,3812353586072266
2,0,4887,1789633737469121536,3812353586082004
2,0,4888,1789633737469130752,3812353586091773
2,0,4889,1789633737469140992,3812353586101509
2,0,4890,1789633737469150208,3812353586111296
2,0,4891,1789633737469160448,3812353586121018
2,0,4892,1789633737469169664,3812353586130729
2,0,4893,1789633737469179904,3812353586140494
2,0,4894,1789633737469189120,3812353586150268
2,0,4895,1789633737469199360,3812353586160024
2,0,4896,1789633737469208576,3812353586169790
2,0,4897,1789633737469218816,3812353586179529
2,0,4898,1789633737469228032,3812353586189289
2,0,4899,1789633737469238272,3812353586199058
2,0,4900,1789633737469247488,3812353586208789
2,0,4901,1789633737469257728,3812353586218539
2,0,4902,1789633737469266944,3812353586228309
2,0,4903,1789633737469277184,3812353586238069
2,0,4904,1789633737469287424,3812353586247804
2,0,4905,1789633737469296640,3812353586257577
2,0,4906,1789633737469306880,3812353586267341
2,0,4907,1789633737469316096,3812353586277078
2,0,4908,1789633737469326336,3812353586286846
2,0,4909,1789633737469335552,3812353586296599
2,0,4910,1789633737469345792,3812353586306366
2,0,4911,1789633737469355008,3812353586316112
2,0,4912,1789633737469365248,3812353586325879
2,0,4913,1789633737469374464,3812353586335634
2,0,4914,1789633737469384704,3812353586345364
2,0,4915,1789633737469393920,3812353586355130
2,0,4916,1789633737469404160,3812353586364869
2,0,4917,1789633737469413376,3812353586374621
2,0,4918,1789633737469423616,3812353586384388
2,0,4919,1789633737469432832,3812353586394149
2,0,4920,1789633737469443072,3812353586403899
2,0,4921,1789633737469452288,3812353586413678
2,0,4922,1789633737469462528,3812353586423434
2,0,4923,1789633737469472768,3812353586433184
2,0,4924,1789633737469481984,3812353586442976
2,0,4925,1789633737469492224,3812353586452732
2,0,4926,1789633737469501440,3812353586462501
2,0,4927,1789633737469511680,3812353586472229
2,0,4928,1789633737469520896,3812353586481984
2,0,4929,1789633737469531136,3812353586491755
2,0,4930,1789633737469540352,3812353586501509
2,0,4931,1789633737469550592,3812353586511294
2,0,4932,1789633737469559808,3812353586520999
2,0,4933,1789633737469570048,3812353586530762
2,0,4934,1789633737469579264,3812353586540529
2,0,4935,1789633737469589504,3812353586550276
2,0,4936,1789633737469598720,3812353586560042
2,0,4937,1789633737469608960,3812353586569813
2,0,4938,1789633737469618176,3812353586579542
2,0,4939,1789633737469628416,3812353586589309
2,0,4940,1789633737469638656,3812353586599062
2,0,4941,1789633737469647872,3812353586608831
2,0,4942,1789633737469658112,3812353586618584
2,0,4943,1789633737469667328,3812353586628348
2,0,4944,1789633737469677568,3812353586638111
2,0,4945,1789633737469686784,3812353586647866
2,0,4946,1789633737469697024,3812353586657612
2,0,4947,1789633737469706240,3812353586667362
2,0,4948,1789633737469716480,3812353586677125
2,0,4949,1789633737469725696,3812353586686861
2,0,4950,1789633737469735936,3812353586696604
2,0,4951,1789633737469745152,3812353586706363
2,0,4952,1789633737469755392,3812353586716089
2,0,4953,1789633737469764608,3812353586725829
2,0,4954,1789633737469774848,3812353586735592
2,0,4955,1789633737469784064,3812353586745354
2,0,4956,1789633737469794304,3812353586755120
2,0,4957,1789633737469803520,3812353586764862
2,0,4958,1789633737469813760,3812353586774617
2,0,4959,1789633737469822976,3812353586784370
2,0,4960,1789633737469833216,3812353586794089
2,0,4961,1789633737469843456,3812353586803834
2,0,4962,1789633737469852672,3812353586813599
2,0,4963,1789633737469862912,3812353586823359
2,0,4964,1789633737469872128,3812353586833090
2,0,4965,1789633737469882368,3812353586842832
2,0,4966,1789633737469891584,3812353586852589
2,0,4967,1789633737469901824,3812353586862366
2,0,4968,1789633737469911040,3812353586872084
2,0,4969,1789633737469921280,3812353586881839
2,0,4970,1789633737469930496,3812353586891593
2,0,4971,1789633737469940736,3812353586901354
2,0,4972,1789633737469949952,3812353586911076
2,0,4973,1789633737469960192,3812353586920832
2,0,4974,1789633737469969408,3812353586930579
2,0,4975,1789633737469979648,3812353586940342
2,0,4976,1789633737469988864,3812353586950082
2,0,4977,1789633737469999104,3812353586959829
2,0,4978,1789633737470008320,3812353586969568
2,0,4979,1789633737470018560,3812353586979304
2,0,4980,1789633737470027776,3812353586989046
2,0,4981,1789633737470038016,3812353586998816
2,0,4982,1789633737470047232,3812353587008522
2,0,4983,1789633737470057472,3812353587018319
2,0,4984,1789633737470066688,3812353587028066
2,0,4985,1789633737470076928,3812353587037819
2,0,4986,1789633737470087168,3812353587047569
2,0,4987,1789633737470096384,3812353587057324
2,0,4988,1789633737470106624,3812353587067099
2,0,4989,1789633737470115840,3812353587076863
2,0,4990,1789633737470126080,3812353587086586
2,0,4991,1789633737470135296,3812353587096354
2,0,4992,1789633737470145536,3812353587106095
2,0,4993,1789633737470154752,3812353587115849
2,0,4994,1789633737470164992,3812353587125621
2,0,4995,1789633737470174208,3812353587135362
2,0,4996,1789633737470184448,3812353587145111
2,0,4997,1789633737470193664,3812353587154880
2,0,4998,1789633737470203904,3812353587164622
2,0,4999,1789633737470213120,3812353587174369
2,0,5000,1789633737470223360,3812353587184118
2,0,5001,1789633737470232576,3812353587193884
2,0,5002,1789633737470242816,3812353587203650
2,0,5003,1789633737470252032,3812353587213374
2,0,5004,1789633737470262272,3812353587223144
2,0,5005,1789633737470272512,3812353587232969
2,0,5006,1789633737470281728,3812353587242706
2,0,5007,1789633737470291968,3812353587252474
2,0,5008,1789633737470301184,3812353587262230
2,0,5009,1789633737470311424,3812353587271979
2,0,5010,1789633737470320640,3812353587281742
2,0,5011,1789633737470330880,3812353587291490
2,0,5012,1789633737470340096,3812353587301294
2,0,5013,1789633737470350336,3812353587310980
2,0,5014,1789633737470359552,3812353587320736
2,0,5015,1789633737470369792,3812353587330484
2,0,5016,1789633737470379008,3812353587340252
2,0,5017,1789633737470389248,3812353587349966
2,0,5018,1789633737470398464,3812353587359759
2,0,5019,1789633737470408704,3812353587369490
2,0,5020,1789633737470417920,3812353587379256
2,0,5021,1789633737470428160,3812353587388989
2,0,5022,1789633737470437376,3812353587398729
2,0,5023,1789633737470447616,3812353587408476
2,0,5024,1789633737470456832,3812353587418218
2,0,5025,1789633737470467072,3812353587427989
2,0,5026,1789633737470477312,3812353587437754
2,0,5027,1789633737470486528,3812353587447483
2,0,5028,1789633737470496768,3812353587457254
2,0,5029,1789633737470505984,3812353587467007
2,0,5030,1789633737470516224,3812353587476763
2,0,5031,1789633737470525440,3812353587486511
2,0,5032,1789633737470535680,3812353587496280
2,0,5033,1789633737470544896,3812353587505999
2,0,5034,1789633737470555136,3812353587515779
2,0,5035,1789633737470564352,3812353587525526
2,0,5036,1789633737470574592,3812353587535292
2,0,5037,1789633737470583808,3812353587545117
2,0,5038,1789633737470594048,3812353587554884
2,0,5039,1789633737470603264,3812353587564618
2,0,5040,1789633737470613504,3812353587574363
2,0,5041,1789633737470622720,3812353587584078
2,0,5042,1789633737470632960,3812353587593838
2,0,5043,1789633737470643200,3812353587603613
2,0,5044,1789633737470652416,3812353587613358
2,0,5045,1789633737470662656,3812353587623086
2,0,5046,1789633737470671872,3812353587632865
2,0,5047,1789633737470682112,3812353587642609
2,0,5048,1789633737470691328,3812353587652357
2,0,5049,1789633737470701568,3812353587662108
2,0,5050,1789633737470710784,3812353587671874
2,0,5051,1789633737470721024,3812353587681618
2,0,5052,1789633737470730240,3812353587691354
2,0,5053,1789633737470740480,3812353587701105
2,0,5054,1789633737470749696,3812353587710868
2,0,5055,1789633737470759936,3812353587720610
2,0,5056,1789633737470769152,3812353587730394
2,0,5057,1789633737470779392,3812353587740142
2,0,5058,1789633737470788608,3812353587749864
2,0,5059,1789633737470798848,3812353587759640
2,0,5060,1789633737470808064,3812353587769382
2,0,5061,1789633737470818304,3812353587779128
2,0,5062,1789633737470827520,3812353587788892
2,0,5063,1789633737470837760,3812353587798633
2,0,5064,1789633737470848000,3812353587808406
2,0,5065,1789633737470857216,3812353587818171
2,0,5066,1789633737470867456,3812353587827888
2,0,5067,1789633737470876672,3812353587837648
2,0,5068,1789633737470886912,3812353587847430
2,0,5069,1789633737470896128,3812353587857321
2,0,5070,1789633737470906368,3812353587867165
2,0,5071,1789633737470915584,3812353587876924
2,0,5072,1789633737470925824,3812353587886996
2,0,5073,1789633737470936064,3812353587896768
2,0,5074,1789633737470945280,3812353587906531
2,0,5075,1789633737470955520,3812353587916314
2,0,5076,1789633737470964736,3812353587926072
2,0,5077,1789633737470974976,3812353587935838
2,0,5078,1789633737470984192,3812353587945615
2,0,5079,1789633737470994432,3812353587955379
2,0,5080,1789633737471004672,3812353587965126
2,0,5081,1789633737471013888,3812353587974941
2,0,5082,1789633737471024128,3812353587984686
2,0,5083,1789633737471033344,3812353587994454
2,0,5084,1789633737471043584,3812353588004234
2,0,5085,1789633737471052800,3812353588014003
2,0,5086,1789633737471063040,3812353588023778
2,0,5087,1789633737471072256,3812353588033568
2,0,5088,1789633737471082496,3812353588043333
2,0,5089,1789633737471091712,3812353588053134
2,0,5090,1789633737471101952,3812353588062982
2,0,5091,1789633737471112192,3812353588072746
2,0,5092,1789633737471121408,3812353588082528
2,0,5093,1789633737471131648,3812353588092286
2,0,5094,1789633737471140864,3812353588102092
2,0,5095,1789633737471151104,3812353588111842
2,0,5096,1789633737471160320,3812353588121604
2,0,5097,1789633737471170560,3812353588131412
2,0,5098,1789633737471179776,3812353588141171
2,0,5099,1789633737471190016,3812353588150976
2,0,5100,1789633737471200256,3812353588160755
2,0,5101,1789633737471209472,3812353588170506
2,0,5102,1789633737471219712,3812353588180252
2,0,5103,1789633737471228928,3812353588190004
2,0,5104,1789633737471239168,3812353588199764
2,0,5105,1789633737471248384,3812353588209512
2,0,5106,1789633737471258624,3812353588219279
2,0,5107,1789633737471267840,3812353588229046
2,0,5108,1789633737471278080,3812353588238809
2,0,5109,1789633737471287296,3812353588248563
2,0,5110,1789633737471297536,3812353588258336
2,0,5111,1789633737471306752,3812353588268067
2,0,5112,1789633737471316992,3812353588277829
2,0,5113,1789633737471326208,3812353588287593
2,0,5114,1789633737471336448,3812353588297368
2,0,5115,1789633737471346688,3812353588307101
2,0,5116,1789633737471355904,3812353588316882
2,0,5117,1789633737471366144,3812353588326654
2,0,5118,1789633737471375360,3812353588336382
2,0,5119,1789633737471385600,3812353588346162
2,0,5120,1789633737471394816,3812353588355888
2,0,5121,1789633737471405056,3812353588365653
2,0,5122,1789633737471414272,3812353588375424
2,0,5123,1789633737471424512,3812353588385178
2,0,5124,1789633737471433728,3812353588394958
2,0,5125,1789633737471443968,3812353588404744
2,0,5126,1789633737471453184,3812353588414479
2,0,5127,1789633737471463424,3812353588424254
2,0,5128,1789633737471472640,3812353588434029
2,0,5129,1789633737471482880,3812353588443789
2,0,5130,1789633737471493120,3812353588453556
2,0,5131,1789633737471502336,3812353588463296
2,0,5132,1789633737471512576,3812353588473061
2,0,5133,1789633737471521792,3812353588482812
2,0,5134,1789633737471532032,3812353588492558
2,0,5135,1789633737471541248,3812353588502312
2,0,5136,1789633737471551488,3812353588512079
2,0,5137,1789633737471560704,3812353588521834
2,0,5138,1789633737471570944,3812353588531605
2,0,5139,1789633737471580160,3812353588541349
2,0,5140,1789633737471590400,3812353588551114
2,0,5141,1789633737471599616,3812353588560841
2,0,5142,1789633737471609856,3812353588570586
2,0,5143,1789633737471619072,3812353588580358
2,0,5144,1789633737471629312,3812353588590106
2,0,5145,1789633737471638528,3812353588599871
2,0,5146,1789633737471648768,3812353588609632
2,0,5147,1789633737471657984,3812353588619373
2,0,5148,1789633737471668224,3812353588629116
2,0,5149,1789633737471678464,3812353588638878
2,0,5150,1789633737471687680,3812353588648612
2,0,5151,1789633737471697920,3812353588658392
2,0,5152,1789633737471707136,3812353588668151
2,0,5153,1789633737471717376,3812353588677892
2,0,5154,1789633737471726592,3812353588687638
2,0,5155,1789633737471736832,3812353588697404
2,0,5156,1789633737471746048,3812353588707156
2,0,5157,1789633737471756288,3812353588716918
2,0,5158,1789633737471765504,3812353588726654
2,0,5159,1789633737471775744,3812353588736431
2,0,5160,1789633737471784960,3812353588746186
2,0,5161,1789633737471795200,3812353588755938
2,0,5162,1789633737471804416,3812353588765672
2,0,5163,1789633737471814656,3812353588775432
2,0,5164,1789633737471823872,3812353588785178
2,0,5165,1789633737471834112,3812353588794954
2,0,5166,1789633737471843328,3812353588804688
2,0,5167,1789633737471853568,3812353588814454
2,0,5168,1789633737471862784,3812353588824216
2,0,5169,1789633737471873024,3812353588833954
2,0,5170,1789633737471883264,3812353588843706
2,0,5171,1789633737471892480,3812353588853441
2,0,5172,1789633737471902720,3812353588863181
2,0,5173,1789633737471911936,3812353588872984
2,0,5174,1789633737471922176,3812353588882749
2,0,5175,1789633737471931392,3812353588892500
2,0,5176,1789633737471941632,3812353588902229
2,0,5177,1789633737471950848,3812353588911998
2,0,5178,1789633737471961088,3812353588921736
2,0,5179,1789633737471970304,3812353588931498
2,0,5180,1789633737471980544,3812353588941302
2,0,5181,1789633737471989760,3812353588950984
2,0,5182,1789633737472000000,3812353588960771
2,0,5183,1789633737472009216,3812353588970511
2,0,5184,1789633737472019456,3812353588980282
2,0,5185,1789633737472028672,3812353588990008
2,0,5186,1789633737472038912,3812353588999791
2,0,5187,1789633737472048128,3812353589009536
2,0,5188,1789633737472058368,3812353589019304
2,0,5189,1789633737472068608,3812353589029014
2,0,5190,1789633737472077824,3812353589038813
2,0,5191,1789633737472088064,3812353589048536
2,0,5192,1789633737472097280,3812353589058307
2,0,5193,1789633737472107520,3812353589068046
2,0,5194,1789633737472116736,3812353589077833
2,0,5195,1789633737472126976,3812353589087568
2,0,5196,1789633737472136192,3812353589097329
2,0,5197,1789633737472146432,3812353589107059
2,0,5198,1789633737472155648,3812353589116836
2,0,5199,1789633737472165888,3812353589126568
2,0,5200,1789633737472175104,3812353589136354
2,0,5201,1789633737472185344,3812353589146090
2,0,5202,1789633737472194560,3812353589155834
2,0,5203,1789633737472204800,3812353589165596
2,0,5204,1789633737472214016,3812353589175370
2,0,5205,1789633737472224256,3812353589185096
2,0,5206,1789633737472233472,3812353589194869
2,0,5207,1789633737472243712,3812353589204631
2,0,5208,1789633737472253952,3812353589214373
2,0,5209,1789633737472263168,3812353589224121
2,0,5210,1789633737472273408,3812353589233883
2,0,5211,1789633737472282624,3812353589243641
2,0,5212,1789633737472292864,3812353589253396
2,0,5213,1789633737472302080,3812353589263148
2,0,5214,1789633737472312320,3812353589272954
2,0,5215,1789633737472321536,3812353589282713
2,0,5216,1789633737472331776,3812353589292454
2,0,5217,1789633737472340992,3812353589302214
2,0,5218,1789633737472351232,3812353589311938
2,0,5219,1789633737472360448,3812353589321706
2,0,5220,1789633737472370688,3812353589331446
2,0,5221,1789633737472379904,3812353589341204
2,0,5222,1789633737472390144,3812353589350953
2,0,5223,1789633737472399360,3812353589360718
2,0,5224,1789633737472409600,3812353589370454
2,0,5225,1789633737472418816,3812353589380206
2,0,5226,1789633737472429056,3812353589389954
2,0,5227,1789633737472438272,3812353589399718
2,0,5228,1789633737472448512,3812353589409441
2,0,5229,1789633737472458752,3812353589419204
2,0,5230,1789633737472467968,3812353589428949
2,0,5231,1789633737472478208,3812353589438709
2,0,5232,1789633737472487424,3812353589448480
2,0,5233,1789633737472497664,3812353589458236
2,0,5234,1789633737472506880,3812353589467971
2,0,5235,1789633737472517120,3812353589477729
2,0,5236,1789633737472526336,3812353589487481
2,0,5237,1789633737472536576,3812353589497233
2,0,5238,1789633737472545792,3812353589507004
2,0,5239,1789633737472556032,3812353589516746
2,0,5240,1789633737472565248,3812353589526506
2,0,5241,1789633737472575488,3812353589536258
2,0,5242,1789633737472584704,3812353589546015
2,0,5243,1789633737472594944,3812353589555759
2,0,5244,1789633737472604160,3812353589565519
2,0,5245,1789633737472614400,3812353589575282
2,0,5246,1789633737472623616,3812353589585148
2,0,5247,1789633737472633856,3812353589596418
2,0,5248,1789633737472644096,3812353589604817
2,0,5249,1789633737472653312,3812353589614690
2,0,5250,1789633737472663552,3812353589624503
2,0,5251,1789633737472673792,3812353589634411
2,0,5252,1789633737472683008,3812353589644280
2,0,5253,1789633737472693248,3812353589654126
2,0,5254,1789633737472702464,3812353589663984
2,0,5255,1789633737472712704,3812353589673856
2,0,5256,1789633737472722944,3812353589683718
2,0,5257,1789633737472732160,3812353589693574
2,0,5258,1789633737472742400,3812353589703452
2,0,5259,1789633737472752640,3812353589713298
2,0,5260,1789633737472761856,3812353589723169
2,0,5261,1789633737472772096,3812353589733046
2,0,5262,1789633737472782336,3812353589742889
2,0,5263,1789633737472791552,3812353589752754
2,0,5264,1789633737472801792,3812353589762625
2,0,5265,1789633737472811008,3812353589772459
2,0,5266,1789633737472821248,3812353589782299
2,0,5267,1789633737472831488,3812353589792205
2,0,5268,1789633737472840704,3812353589802046
2,0,5269,1789633737472850944,3812353589811938
2,0,5270,1789633737472861184,3812353589821831
2,0,5271,1789633737472870400,3812353589831691
2,0,5272,1789633737472880640,3812353589841563
2,0,5273,1789633737472890880,3812353589851440
2,0,5274,1789633737472900096,3812353589861296
2,0,5275,1789633737472910336,3812353589871136
2,0,5276,1789633737472919552,3812353589881005
2,0,5277,1789633737472929792,3812353589890861
2,0,5278,1789633737472940032,3812353589900724
2,0,5279,1789633737472949248,3812353589910589
2,0,5280,1789633737472959488,3812353589920441
2,0,5281,1789633737472969728,3812353589930304
2,0,5282,1789633737472978944,3812353589940130
2,0,5283,1789633737472989184,3812353589949991
2,0,5284,1789633737472998400,3812353589959974
2,0,5285,1789633737473008640,3812353589969842
2,0,5286,1789633737473018880,3812353589979741
2,0,5287,1789633737473028096,3812353589989591
2,0,5288,1789633737473038336,3812353589999455
2,0,5289,1789633737473048576,3812353590009309
2,0,5290,1789633737473057792,3812353590019149
2,0,5291,1789633737473068032,3812353590029021
2,0,5292,1789633737473078272,3812353590038871
2,0,5293,1789633737473087488,3812353590048759
2,0,5294,1789633737473097728,3812353590058656
2,0,5295,1789633737473106944,3812353590068518
2,0,5296,1789633737473117184,3812353590078354
2,0,5297,1789633737473127424,3812353590088223
2,0,5298,1789633737473136640,3812353590098088
2,0,5299,1789633737473146880,3812353590107941
2,0,5300,1789633737473157120,3812353590117811
2,0,5301,1789633737473166336,3812353590127758
2,0,5302,1789633737473176576,3812353590137598
2,0,5303,1789633737473186816,3812353590147489
2,0,5304,1789633737473196032,3812353590157370
2,0,5305,1789633737473206272,3812353590167229
2,0,5306,1789633737473216512,3812353590177091
2,0,5307,1789633737473225728,3812353590186913
2,0,5308,1789633737473235968,3812353590196639
2,0,5309,1789633737473245184,3812353590206408
2,0,5310,1789633737473255424,3812353590216149
2,0,5311,1789633737473264640,3812353590225894
2,0,5312,1789633737473274880,3812353590235654
2,0,5313,1789633737473284096,3812353590245394
2,0,5314,1789633737473294336,3812353590255156
2,0,5315,1789633737473303552,3812353590264879
2,0,5316,1789633737473313792,3812353590274674
2,0,5317,1789633737473323008,3812353590284404
2,0,5318,1789633737473333248,3812353590294158
2,0,5319,1789633737473342464,3812353590303912
2,0,5320,1789633737473352704,3812353590313644
2,0,5321,1789633737473362944,3812353590323406
2,0,5322,1789633737473372160,3812353590333157
2,0,5323,1789633737473382400,3812353590342968
2,0,5324,1789633737473391616,3812353590352716
2,0,5325,1789633737473401856,3812353590362481
2,0,5326,1789633737473411072,3812353590372208
2,0,5327,1789633737473421312,3812353590381968
2,0,5328,1789633737473430528,3812353590391714
2,0,5329,1789633737473440768,3812353590401478
2,0,5330,1789633737473449984,3812353590411293
2,0,5331,1789633737473460224,3812353590420980
2,0,5332,1789633737473469440,3812353590430731
2,0,5333,1789633737473479680,3812353590440469
2,0,5334,1789633737473488896,3812353590450206
2,0,5335,1789633737473499136,3812353590459970
2,0,5336,1789633737473508352,3812353590469696
2,0,5337,1789633737473518592,3812353590479454
2,0,5338,1789633737473527808,3812353590489220
2,0,5339,1789633737473538048,3812353590498958
2,0,5340,1789633737473547264,3812353590508718
2,0,5341,1789633737473557504,3812353590518465
2,0,5342,1789633737473567744,3812353590528204
2,0,5343,1789633737473576960,3812353590537964
2,0,5344,1789633737473587200,3812353590547718
2,0,5345,1789633737473596416,3812353590557464
2,0,5346,1789633737473606656,3812353590567234
2,0,5347,1789633737473615872,3812353590576956
2,0,5348,1789633737473626112,3812353590586720
2,0,5349,1789633737473635328,3812353590596454
2,0,5350,1789633737473645568,3812353590606204
2,0,5351,1789633737473654784,3812353590615974
2,0,5352,1789633737473665024,3812353590625703
2,0,5353,1789633737473674240,3812353590635456
2,0,5354,1789633737473684480,3812353590645220
2,0,5355,1789633737473693696,3812353590654964
2,0,5356,1789633737473703936,3812353590664711
2,0,5357,1789633737473713152,3812353590674481
2,0,5358,1789633737473723392,3812353590684198
2,0,5359,1789633737473732608,3812353590693961
2,0,5360,1789633737473742848,3812353590703712
2,0,5361,1789633737473752064,3812353590713446
2,0,5362,1789633737473762304,3812353590723204
2,0,5363,1789633737473771520,3812353590732954
2,0,5364,1789633737473781760,3812353590742723
2,0,5365,1789633737473792000,3812353590752454
2,0,5366,1789633737473801216,3812353590762204
2,0,5367,1789633737473811456,3812353590771963
2,0,5368,1789633737473820672,3812353590781679
2,0,5369,1789633737473830912,3812353590791438
2,0,5370,1789633737473840128,3812353590801191
2,0,5371,1789633737473850368,3812353590810929
2,0,5372,1789633737473859584,3812353590820674
2,0,5373,1789633737473869824,3812353590830446
2,0,5374,1789633737473879040,3812353590840174
2,0,5375,1789633737473889280,3812353590849936
2,0,5376,1789633737473898496,3812353590859652
2,0,5377,1789633737473908736,3812353590869391
2,0,5378,1789633737473917952,3812353590879146
2,0,5379,1789633737473928192,3812353590888914
2,0,5380,1789633737473937408,3812353590898639
2,0,5381,1789633737473947648,3812353590908359
2,0,5382,1789633737473956864,3812353590918121
2,0,5383,1789633737473967104,3812353590927859
2,0,5384,1789633737473976320,3812353590937606
2,0,5385,1789633737473986560,3812353590947371
2,0,5386,1789633737473995776,3812353590957128
2,0,5387,1789633737474006016,3812353590966854
2,0,5388,1789633737474015232,3812353590976591
2,0,5389,1789633737474025472,3812353590986345
2,0,5390,1789633737474034688,3812353590996106
2,0,5391,1789633737474044928,3812353591005831
2,0,5392,1789633737474054144,3812353591015593
2,0,5393,1789633737474064384,3812353591025331
2,0,5394,1789633737474074624,3812353591035128
2,0,5395,1789633737474083840,3812353591044871
2,0,5396,1789633737474094080,3812353591054598
2,0,5397,1789633737474103296,3812353591064311
2,0,5398,1789633737474113536,3812353591074124
2,0,5399,1789633737474122752,3812353591083854
2,0,5400,1789633737474132992,3812353591093587
2,0,5401,1789633737474142208,3812353591103341
2,0,5402,1789633737474152448,3812353591113109
2,0,5403,1789633737474161664,3812353591122871
2,0,5404,1789633737474171904,3812353591132616
2,0,5405,1789633737474181120,3812353591142370
2,0,5406,1789633737474191360,3812353591152116
2,0,5407,1789633737474200576,3812353591161861
2,0,5408,1789633737474210816,3812353591171638
2,0,5409,1789633737474220032,3812353591181385
2,0,5410,1789633737474230272,3812353591191154
2,0,5411,1789633737474239488,3812353591200896
2,0,5412,1789633737474249728,3812353591210654
2,0,5413,1789633737474258944,3812353591220406
2,0,5414,1789633737474269184,3812353591230168
2,0,5415,1789633737474279424,3812353591239921
2,0,5416,1789633737474288640,3812353591249658
2,0,5417,1789633737474298880,3812353591259440
2,0,5418,1789633737474308096,3812353591269168
2,0,5419,1789633737474318336,3812353591278931
2,0,5420,1789633737474327552,3812353591288676
2,0,5421,1789633737474337792,3812353591298448
2,0,5422,1789633737474347008,3812353591308179
2,0,5423,1789633737474357248,3812353591317946
2,0,5424,1789633737474366464,3812353591327688
2,0,5425,1789633737474376704,3812353591337454
2,0,5426,1789633737474385920,3812353591347206
2,0,5427,1789633737474396160,3812353591356983
2,0,5428,1789633737474405376,3812353591366730
2,0,5429,1789633737474415616,3812353591376466
2,0,5430,1789633737474424832,3812353591386242
2,0,5431,1789633737474435072,3812353591395991
2,0,5432,1789633737474444288,3812353591405717
2,0,5433,1789633737474454528,3812353591415500
2,0,5434,1789633737474464768,3812353591425241
2,0,5435,1789633737474473984,3812353591434998
2,0,5436,1789633737474484224,3812353591444750
2,0,5437,1789633737474493440,3812353591454511
2,0,5438,1789633737474503680,3812353591464257
2,0,5439,1789633737474512896,3812353591473978
2,0,5440,1789633737474523136,3812353591483770
2,0,5441,1789633737474532352,3812353591493514
2,0,5442,1789633737474542592,3812353591503265
2,0,5443,1789633737474551808,3812353591513027
2,0,5444,1789633737474562048,3812353591522779
2,0,5445,1789633737474571264,3812353591532544
2,0,5446,1789633737474581504,3812353591542304
2,0,5447,1789633737474590720,3812353591552029
2,0,5448,1789633737474600960,3812353591561803
2,0,5449,1789633737474610176,3812353591571567
2,0,5450,1789633737474620416,3812353591581309
2,0,5451,1789633737474629632,3812353591591056
2,0,5452,1789633737474639872,3812353591600838
2,0,5453,1789633737474649088,3812353591610559
2,0,5454,1789633737474659328,3812353591620331
2,0,5455,1789633737474669568,3812353591630085
2,0,5456,1789633737474678784,3812353591639834
2,0,5457,1789633737474689024,3812353591649606
2,0,5458,1789633737474698240,3812353591659365
2,0,5459,1789633737474708480,3812353591669116
2,0,5460,1789633737474717696,3812353591678860
2,0,5461,1789633737474727936,3812353591688638
2,0,5462,1789633737474737152,3812353591698378
2,0,5463,1789633737474747392,3812353591708118
2,0,5464,1789633737474756608,3812353591717869
2,0,5465,1789633737474766848,3812353591727624
2,0,5466,1789633737474776064,3812353591737369
2,0,5467,1789633737474786304,3812353591747106
2,0,5468,1789633737474795520,3812353591756901
2,0,5469,1789633737474805760,3812353591766629
2,0,5470,1789633737474814976,3812353591776409
2,0,5471,1789633737474825216,3812353591786162
2,0,5472,1789633737474834432,3812353591795906
2,0,5473,1789633737474844672,3812353591805676
2,0,5474,1789633737474854912,3812353591815407
2,0,5475,1789633737474864128,3812353591825186
2,0,5476,1789633737474874368,3812353591834921
2,0,5477,1789633737474883584,3812353591844688
2,0,5478,1789633737474893824,3812353591854437
2,0,5479,1789633737474903040,3812353591864198
2,0,5480,1789633737474913280,3812353591873928
2,0,5481,1789633737474922496,3812353591883701
2,0,5482,1789633737474932736,3812353591893429
2,0,5483,1789633737474941952,3812353591903194
2,0,5484,1789633737474952192,3812353591912969
2,0,5485,1789633737474961408,3812353591922724
2,0,5486,1789633737474971648,3812353591932471
2,0,5487,1789633737474980864,3812353591942230
2,0,5488,1789633737474991104,3812353591951959
2,0,5489,1789633737475000320,3812353591961723
2,0,5490,1789633737475010560,3812353591971497
2,0,5491,1789633737475019776,3812353591981293
2,0,5492,1789633737475030016,3812353591991011
2,0,5493,1789633737475040256,3812353592000765
2,0,5494,1789633737475049472,3812353592010511
2,0,5495,1789633737475059712,3812353592020269
2,0,5496,1789633737475068928,3812353592030021
2,0,5497,1789633737475079168,3812353592039766
2,0,5498,1789633737475088384,3812353592049514
2,0,5499,1789633737475098624,3812353592059266
2,0,5500,1789633737475107840,3812353592069014
2,0,5501,1789633737475118080,3812353592078789
2,0,5502,1789633737475127296,3812353592088519
2,0,5503,1789633737475137536,3812353592098306
2,0,5504,1789633737475146752,3812353592108044
2,0,5505,1789633737475156992,3812353592117781
2,0,5506,1789633737475166208,3812353592127550
2,0,5507,1789633737475176448,3812353592137314
2,0,5508,1789633737475185664,3812353592147034
2,0,5509,1789633737475195904,3812353592156808
2,0,5510,1789633737475205120,3812353592166544
2,0,5511,1789633737475215360,3812353592176329
2,0,5512,1789633737475224576,3812353592186100
2,0,5513,1789633737475234816,3812353592195816
2,0,5514,1789633737475245056,3812353592205591
2,0,5515,1789633737475254272,3812353592215342
2,0,5516,1789633737475264512,3812353592225114
2,0,5517,1789633737475273728,3812353592234888
2,0,5518,1789633737475283968,3812353592244664
2,0,5519,1789633737475293184,3812353592254359
2,0,5520,1789633737475303424,3812353592264121
2,0,5521,1789633737475312640,3812353592273854
2,0,5522,1789633737475322880,3812353592283624
2,0,5523,1789633737475332096,3812353592293389
2,0,5524,1789633737475342336,3812353592303154
2,0,5525,1789633737475351552,3812353592312980
2,0,5526,1789633737475361792,3812353592322714
2,0,5527,1789633737475371008,3812353592332471
2,0,5528,1789633737475381248,3812353592342226
2,0,5529,1789633737475391488,3812353592351991
2,0,5530,1789633737475400704,3812353592361728
2,0,5531,1789633737475410944,3812353592371514
2,0,5532,1789633737475420160,3812353592381271
2,0,5533,1789633737475430400,3812353592391004
2,0,5534,1789633737475439616,3812353592400767
2,0,5535,1789633737475449856,3812353592410509
2,0,5536,1789633737475459072,3812353592420278
2,0,5537,1789633737475469312,3812353592430017
2,0,5538,1789633737475478528,3812353592439766
2,0,5539,1789633737475488768,3812353592449518
2,0,5540,1789633737475497984,3812353592459258
2,0,5541,1789633737475508224,3812353592469031
2,0,5542,1789633737475517440,3812353592478778
2,0,5543,1789633737475527680,3812353592488529
2,0,5544,1789633737475536896,3812353592498304
2,0,5545,1789633737475547136,3812353592508026
2,0,5546,1789633737475556352,3812353592517804
2,0,5547,1789633737475566592,3812353592527564
2,0,5548,1789633737475575808,3812353592537289
2,0,5549,1789633737475586048,3812353592547056
2,0,5550,1789633737475596288,3812353592556843
2,0,5551,1789633737475605504,3812353592566579
2,0,5552,1789633737475615744,3812353592576331
2,0,5553,1789633737475624960,3812353592586094
2,0,5554,1789633737475635200,3812353592595839
2,0,5555,1789633737475644416,3812353592605598
2,0,5556,1789633737475654656,3812353592615363
2,0,5557,1789633737475663872,3812353592625084
2,0,5558,1789633737475674112,3812353592634854
2,0,5559,1789633737475683328,3812353592644626
2,0,5560,1789633737475693568,3812353592654395
2,0,5561,1789633737475702784,3812353592664134
2,0,5562,1789633737475713024,3812353592673871
2,0,5563,1789633737475722240,3812353592683634
2,0,5564,1789633737475732480,3812353592693394
2,0,5565,1789633737475741696,3812353592703122
2,0,5566,1789633737475751936,3812353592712982
2,0,5567,1789633737475762176,3812353592722709
2,0,5568,1789633737475771392,3812353592732459
2,0,5569,1789633737475781632,3812353592742242
2,0,5570,1789633737475790848,3812353592751962
2,0,5571,1789633737475801088,3812353592761704
2,0,5572,1789633737475810304,3812353592771462
2,0,5573,1789633737475820544,3812353592781294
2,0,5574,1789633737475829760,3812353592790968
2,0,5575,1789633737475840000,3812353592800730
2,0,5576,1789633737475849216,3812353592810504
2,0,5577,1789633737475859456,3812353592820276
2,0,5578,1789633737475868672,3812353592830017
2,0,5579,1789633737475878912,3812353592839770
2,0,5580,1789633737475888128,3812353592849519
2,0,5581,1789633737475898368,3812353592859271
2,0,5582,1789633737475907584,3812353592869025
2,0,5583,1789633737475917824,3812353592878793
2,0,5584,1789633737475927040,3812353592888516
2,0,5585,1789633737475937280,3812353592898280
2,0,5586,1789633737475947520,3812353592908020
2,0,5587,1789633737475956736,3812353592917749
2,0,5588,1789633737475966976,3812353592927523
2,0,5589,1789633737475976192,3812353592937254
2,0,5590,1789633737475986432,3812353592947006
2,0,5591,1789633737475995648,3812353592956767
2,0,5592,1789633737476005888,3812353592966494
2,0,5593,1789633737476015104,3812353592976254
2,0,5594,1789633737476025344,3812353592985993
2,0,5595,1789633737476034560,3812353592995736
2,0,5596,1789633737476044800,3812353593005481
2,0,5597,1789633737476054016,3812353593015257
2,0,5598,1789633737476064256,3812353593024998
2,0,5599,1789633737476073472,3812353593034749
2,0,5600,1789633737476083712,3812353593044479
2,0,5601,1789633737476092928,3812353593054254
2,0,5602,1789633737476103168,3812353593063989
2,0,5603,1789633737476112384,3812353593073749
2,0,5604,1789633737476122624,3812353593083505
2,0,5605,1789633737476131840,3812353593093241
2,0,5606,1789633737476142080,3812353593102996
2,0,5607,1789633737476151296,3812353593112762
2,0,5608,1789633737476161536,3812353593122478
2,0,5609,1789633737476170752,3812353593132244
2,0,5610,1789633737476180992,3812353593141991
2,0,5611,1789633737476191232,3812353593151728
2,0,5612,1789633737476200448,3812353593161486
2,0,5613,1789633737476210688,3812353593171302
2,0,5614,1789633737476219904,3812353593180991
2,0,5615,1789633737476230144,3812353593190749
2,0,5616,1789633737476239360,3812353593200506
2,0,5617,1789633737476249600,3812353593210246
2,0,5618,1789633737476258816,3812353593220012
2,0,5619,1789633737476269056,3812353593229782
2,0,5620,1789633737476278272,3812353593239510
2,0,5621,1789633737476288512,3812353593249280
2,0,5622,1789633737476297728,3812353593259018
2,0,5623,1789633737476307968,3812353593268778
2,0,5624,1789633737476317184,3812353593278530
2,0,5625,1789633737476327424,3812353593288291
2,0,5626,1789633737476336640,3812353593298037
2,0,5627,1789633737476346880,3812353593307813
2,0,5628,1789633737476356096,3812353593317536
2,0,5629,1789633737476366336,3812353593327330
2,0,5630,1789633737476375552,3812353593337048
2,0,5631,1789633737476385792,3812353593346814
2,0,5632,1789633737476396032,3812353593356579
2,0,5633,1789633737476405248,3812353593366306
2,0,5634,1789633737476415488,3812353593376069
2,0,5635,1789633737476424704,3812353593385840
2,0,5636,1789633737476434944,3812353593395598
2,0,5637,1789633737476444160,3812353593405360
2,0,5638,1789633737476454400,3812353593415127
2,0,5639,1789633737476463616,3812353593424882
2,0,5640,1789633737476473856,3812353593434645
2,0,5641,1789633737476483072,3812353593444354
2,0,5642,1789633737476493312,3812353593454124
2,0,5643,1789633737476502528,3812353593463870
2,0,5644,1789633737476512768,3812353593473629
2,0,5645,1789633737476521984,3812353593483381
2,0,5646,1789633737476532224,3812353593493140
2,0,5647,1789633737476541440,3812353593502967
2,0,5648,1789633737476551680,3812353593512717
2,0,5649,1789633737476561920,3812353593522479
2,0,5650,1789633737476571136,3812353593532204
2,0,5651,1789633737476581376,3812353593541967
2,0,5652,1789633737476590592,3812353593551688
2,0,5653,1789633737476600832,3812353593561454
2,0,5654,1789633737476610048,3812353593571202
2,0,5655,1789633737476620288,3812353593580937
2,0,5656,1789633737476629504,3812353593594502
2,0,5657,1789633737476639744,3812353593600408
2,0,5658,1789633737476648960,3812353593610193
2,0,5659,1789633737476659200,3812353593619934
2,0,5660,1789633737476668416,3812353593629699
2,0,5661,1789633737476678656,3812353593639429
2,0,5662,1789633737476687872,3812353593649214
2,0,5663,1789633737476698112,3812353593658954
2,0,5664,1789633737476707328,3812353593668793
2,0,5665,1789633737476717568,3812353593678667
2,0,5666,1789633737476727808,3812353593688518
2,0,5667,1789633737476737024,3812353593698356
2,0,5668,1789633737476747264,3812353593708208
2,0,5669,1789633737476756480,3812353593718067
2,0,5670,1789633737476766720,3812353593727914
2,0,5671,1789633737476776960,3812353593737719
2,0,5672,1789633737476786176,3812353593747478
2,0,5673,1789633737476796416,3812353593757247
2,0,5674,1789633737476805632,3812353593767008
2,0,5675,1789633737476815872,3812353593776811
2,0,5676,1789633737476825088,3812353593786581
2,0,5677,1789633737476835328,3812353593796338
2,0,5678,1789633737476845568,3812353593806120
2,0,5679,1789633737476854784,3812353593815888
2,0,5680,1789633737476865024,3812353593825674
2,0,5681,1789633737476874240,3812353593835434
2,0,5682,1789633737476884480,3812353593845229
2,0,5683,1789633737476893696,3812353593855004
2,0,5684,1789633737476903936,3812353593864768
2,0,5685,1789633737476913152,3812353593874541
2,0,5686,1789633737476923392,3812353593884311
2,0,5687,1789633737476932608,3812353593894087
2,0,5688,1789633737476942848,3812353593903846
2,0,5689,1789633737476953088,3812353593913634
2,0,5690,1789633737476962304,3812353593923414
2,0,5691,1789633737476972544,3812353593933180
2,0,5692,1789633737476981760,3812353593942986
2,0,5693,1789633737476992000,3812353593952749
2,0,5694,1789633737477001216,3812353593962505
2,0,5695,1789633737477011456,3812353593972298
2,0,5696,1789633737477020672,3812353593982014
2,0,5697,1789633737477030912,3812353593991796
2,0,5698,1789633737477040128,3812353594001554
2,0,5699,1789633737477050368,3812353594011327
2,0,5700,1789633737477059584,3812353594021056
2,0,5701,1789633737477069824,3812353594030818
2,0,5702,1789633737477080064,3812353594040578
2,0,5703,1789633737477089280,3812353594050388
2,0,5704,1789633737477099520,3812353594060147
2,0,5705,1789633737477108736,3812353594069903
2,0,5706,1789633737477118976,3812353594079673
2,0,5707,1789633737477128192,3812353594089383
2,0,5708,1789633737477138432,3812353594099173
2,0,5709,1789633737477147648,3812353594108931
2,0,5710,1789633737477157888,3812353594118732
2,0,5711,1789633737477167104,3812353594128481
2,0,5712,1789633737477177344,3812353594138236
2,0,5713,1789633737477186560,3812353594147986
2,0,5714,1789633737477196800,3812353594157766
2,0,5715,1789633737477206016,3812353594167533
2,0,5716,1789633737477216256,3812353594177296
2,0,5717,1789633737477226496,3812353594187053
2,0,5718,1789633737477235712,3812353594196783
2,0,5719,1789633737477245952,3812353594206553
2,0,5720,1789633737477255168,3812353594216310
2,0,5721,1789633737477265408,3812353594226070
2,0,5722,1789633737477274624,3812353594235820
2,0,5723,1789633737477284864,3812353594245568
2,0,5724,1789633737477294080,3812353594255319
2,0,5725,1789633737477304320,3812353594265140
2,0,5726,1789633737477313536,3812353594274881
2,0,5727,1789633737477323776,3812353594284629
2,0,5728,1789633737477332992,3812353594294356
2,0,5729,1789633737477343232,3812353594304113
2,0,5730,1789633737477352448,3812353594313838
2,0,5731,1789633737477362688,3812353594323603
2,0,5732,1789633737477371904,3812353594333328
2,0,5733,1789633737477382144,3812353594343095
2,0,5734,1789633737477391360,3812353594352858
2,0,5735,1789633737477401600,3812353594362609
2,0,5736,1789633737477411840,3812353594372368
2,0,5737,1789633737477421056,3812353594382140
2,0,5738,1789633737477431296,3812353594391876
2,0,5739,1789633737477440512,3812353594401638
2,0,5740,1789633737477450752,3812353594411391
2,0,5741,1789633737477459968,3812353594421147
2,0,5742,1789633737477470208,3812353594430906
2,0,5743,1789633737477479424,3812353594440661
2,0,5744,1789633737477489664,3812353594450424
2,0,5745,1789633737477498880,3812353594460169
2,0,5746,1789633737477509120,3812353594469923
2,0,5747,1789633737477518336,3812353594479653
2,0,5748,1789633737477528576,3812353594489442
2,0,5749,1789633737477537792,3812353594499169
2,0,5750,1789633737477548032,3812353594508943
2,0,5751,1789633737477557248,3812353594518713
2,0,5752,1789633737477567488,3812353594528455
2,0,5753,1789633737477576704,3812353594538203
2,0,5754,1789633737477586944,3812353594547961
2,0,5755,1789633737477597184,3812353594557713
2,0,5756,1789633737477606400,3812353594567480
2,0,5757,1789633737477616640,3812353594577183
2,0,5758,1789633737477625856,3812353594586973
2,0,5759,1789633737477636096,3812353594596720
2,0,5760,1789633737477645312,3812353594606479
2,0,5761,1789633737477655552,3812353594616213
2,0,5762,1789633737477664768,3812353594625976
2,0,5763,1789633737477675008,3812353594635767
2,0,5764,1789633737477684224,3812353594645481
2,0,5765,1789633737477694464,3812353594655243
2,0,5766,1789633737477703680,3812353594665008
2,0,5767,1789633737477713920,3812353594674772
2,0,5768,1789633737477723136,3812353594684503
2,0,5769,1789633737477733376,3812353594694271
2,0,5770,1789633737477742592,3812353594704003
2,0,5771,1789633737477752832,3812353594713787
2,0,5772,1789633737477762048,3812353594723519
2,0,5773,1789633737477772288,3812353594733288
2,0,5774,1789633737477781504,3812353594743047
2,0,5775,1789633737477791744,3812353594752778
2,0,5776,1789633737477801984,3812353594762528
2,0,5777,1789633737477811200,3812353594772306
2,0,5778,1789633737477821440,3812353594782043
2,0,5779,1789633737477830656,3812353594791811
2,0,5780,1789633737477840896,3812353594801562
2,0,5781,1789633737477850112,3812353594811313
2,0,5782,1789633737477860352,3812353594821073
2,0,5783,1789633737477869568,3812353594830841
2,0,5784,1789633737477879808,3812353594840569
2,0,5785,1789633737477889024,3812353594850331
2,0,5786,1789633737477899264,3812353594860090
2,0,5787,1789633737477908480,3812353594869853
2,0,5788,1789633737477918720,3812353594879583
2,0,5789,1789633737477927936,3812353594889350
2,0,5790,1789633737477938176,3812353594899089
2,0,5791,1789633737477947392,3812353594908849
2,0,5792,1789633737477957632,3812353594918608
2,0,5793,1789633737477966848,3812353594928368
2,0,5794,1789633737477977088,3812353594938123
2,0,5795,1789633737477987328,3812353594947861
2,0,5796,1789633737477996544,3812353594957623
2,0,5797,1789633737478006784,3812353594967370
2,0,5798,1789633737478016000,3812353594977128
2,0,5799,1789633737478026240,3812353594986879
2,0,5800,1789633737478035456,3812353594996629
2,0,5801,1789633737478045696,3812353595006389
2,0,5802,1789633737478054912,3812353595016153
2,0,5803,1789633737478065152,3812353595025909
2,0,5804,1789633737478074368,3812353595035669
2,0,5805,1789633737478084608,3812353595045427
2,0,5806,1789633737478093824,3812353595055171
2,0,5807,1789633737478104064,3812353595064916
2,0,5808,1789633737478113280,3812353595074683
2,0,5809,1789633737478123520,3812353595084421
2,0,5810,1789633737478132736,3812353595094180
2,0,5811,1789633737478142976,3812353595103938
2,0,5812,1789633737478152192,3812353595113713
2,0,5813,1789633737478162432,3812353595123453
2,0,5814,1789633737478171648,3812353595133211
2,0,5815,1789633737478181888,3812353595142968
2,0,5816,1789633737478192128,3812353595152728
2,0,5817,1789633737478201344,3812353595162466
2,0,5818,1789633737478211584,3812353595172229
2,0,5819,1789633737478220800,3812353595181958
2,0,5820,1789633737478231040,3812353595191742
2,0,5821,1789633737478240256,3812353595201483
2,0,5822,1789633737478250496,3812353595211293
2,0,5823,1789633737478259712,3812353595221002
2,0,5824,1789633737478269952,3812353595230743
2,0,5825,1789633737478279168,3812353595240498
2,0,5826,1789633737478289408,3812353595250240
2,0,5827,1789633737478298624,3812353595260010
2,0,5828,1789633737478308864,3812353595269763
2,0,5829,1789633737478318080,3812353595279513
2,0,5830,1789633737478328320,3812353595289271
2,0,5831,1789633737478337536,3812353595299030
2,0,5832,1789633737478347776,3812353595308766
2,0,5833,1789633737478356992,3812353595318518
2,0,5834,1789633737478367232,3812353595328270
2,0,5835,1789633737478377472,3812353595338048
2,0,5836,1789633737478386688,3812353595347803
2,0,5837,1789633737478396928,3812353595357558
2,0,5838,1789633737478406144,3812353595367296
2,0,5839,1789633737478416384,3812353595377061
2,0,5840,1789633737478425600,3812353595386808
2,0,5841,1789633737478435840,3812353595396570
2,0,5842,1789633737478445056,3812353595406298
2,0,5843,1789633737478455296,3812353595416056
2,0,5844,1789633737478464512,3812353595425816
2,0,5845,1789633737478474752,3812353595435579
2,0,5846,1789633737478483968,3812353595445363
2,0,5847,1789633737478494208,3812353595455116
2,0,5848,1789633737478503424,3812353595464849
2,0,5849,1789633737478513664,3812353595474606
2,0,5850,1789633737478522880,3812353595484363
2,0,5851,1789633737478533120,3812353595494111
2,0,5852,1789633737478542336,3812353595503869
2,0,5853,1789633737478552576,3812353595513618
2,0,5854,1789633737478562816,3812353595523370
2,0,5855,1789633737478572032,3812353595533119
2,0,5856,1789633737478582272,3812353595543003
2,0,5857,1789633737478591488,3812353595552790
2,0,5858,1789633737478601728,3812353595562541
2,0,5859,1789633737478610944,3812353595572309
2,0,5860,1789633737478621184,3812353595582058
2,0,5861,1789633737478630400,3812353595591810
2,0,5862,1789633737478640640,3812353595601561
2,0,5863,1789633737478649856,3812353595611329
2,0,5864,1789633737478660096,3812353595621070
2,0,5865,1789633737478669312,3812353595630817
2,0,5866,1789633737478679552,3812353595640576
2,0,5867,1789633737478688768,3812353595650329
2,0,5868,1789633737478699008,3812353595660063
2,0,5869,1789633737478709248,3812353595669855
2,0,5870,1789633737478718464,3812353595679591
2,0,5871,1789633737478728704,3812353595689353
2,0,5872,1789633737478737920,3812353595699113
2,0,5873,1789633737478748160,3812353595708843
2,0,5874,1789633737478757376,3812353595718608
2,0,5875,1789633737478767616,3812353595728353
2,0,5876,1789633737478776832,3812353595738140
2,0,5877,1789633737478787072,3812353595747860
2,0,5878,1789633737478796288,3812353595757619
2,0,5879,1789633737478806528,3812353595767381
2,0,5880,1789633737478815744,3812353595777147
2,0,5881,1789633737478825984,3812353595786861
2,0,5882,1789633737478835200,3812353595796643
2,0,5883,1789633737478845440,3812353595806403
2,0,5884,1789633737478854656,3812353595816170
2,0,5885,1789633737478864896,3812353595825906
2,0,5886,1789633737478874112,3812353595835661
2,0,5887,1789633737478884352,3812353595845406
2,0,5888,1789633737478894592,3812353595855170
2,0,5889,1789633737478903808,3812353595864933
2,0,5890,1789633737478914048,3812353595874666
2,0,5891,1789633737478923264,3812353595884450
2,0,5892,1789633737478933504,3812353595894178
2,0,5893,1789633737478942720,3812353595903943
2,0,5894,1789633737478952960,3812353595913698
2,0,5895,1789633737478962176,3812353595923436
2,0,5896,1789633737478972416,3812353595933210
2,0,5897,1789633737478981632,3812353595942968
2,0,5898,1789633737478991872,3812353595952723
2,0,5899,1789633737479001088,3812353595962473
2,0,5900,1789633737479011328,3812353595972219
2,0,5901,1789633737479020544,3812353595981949
2,0,5902,1789633737479030784,3812353595991728
2,0,5903,1789633737479040000,3812353596001475
2,0,5904,1789633737479050240,3812353596011296
2,0,5905,1789633737479059456,3812353596020979
2,0,5906,1789633737479069696,3812353596030736
2,0,5907,1789633737479079936,3812353596040513
2,0,5908,1789633737479089152,3812353596050249
2,0,5909,1789633737479099392,3812353596060009
2,0,5910,1789633737479108608,3812353596069763
2,0,5911,1789633737479118848,3812353596079506
2,0,5912,1789633737479128064,3812353596089249
2,0,5913,1789633737479138304,3812353596099009
2,0,5914,1789633737479147520,3812353596108790
2,0,5915,1789633737479157760,3812353596118531
2,0,5916,1789633737479166976,3812353596128288
2,0,5917,1789633737479177216,3812353596138030
2,0,5918,1789633737479186432,3812353596147814
2,0,5919,1789633737479196672,3812353596157538
2,0,5920,1789633737479205888,3812353596167303
2,0,5921,1789633737479216128,3812353596177069
2,0,5922,1789633737479225344,3812353596186847
2,0,5923,1789633737479235584,3812353596196568
2,0,5924,1789633737479244800,3812353596206309
2,0,5925,1789633737479255040,3812353596216069
2,0,5926,1789633737479264256,3812353596225825
2,0,5927,1789633737479274496,3812353596235581
2,0,5928,1789633737479284736,3812353596245318
2,0,5929,1789633737479293952,3812353596255134
2,0,5930,1789633737479304192,3812353596264871
2,0,5931,1789633737479313408,3812353596274610
2,0,5932,1789633737479323648,3812353596284366
2,0,5933,1789633737479332864,3812353596294130
2,0,5934,1789633737479343104,3812353596303861
2,0,5935,1789633737479352320,3812353596313618
2,0,5936,1789633737479362560,3812353596323383
2,0,5937,1789633737479371776,3812353596333126
2,0,5938,1789633737479382016,3812353596342869
2,0,5939,1789633737479391232,3812353596352631
2,0,5940,1789633737479401472,3812353596362378
2,0,5941,1789633737479410688,3812353596372175
2,0,5942,1789633737479420928,3812353596381913
2,0,5943,1789633737479430144,3812353596391640
2,0,5944,1789633737479440384,3812353596401394
2,0,5945,1789633737479449600,3812353596411158
2,0,5946,1789633737479459840,3812353596420900
2,0,5947,1789633737479470080,3812353596430669
2,0,5948,1789633737479479296,3812353596440435
2,0,5949,1789633737479489536,3812353596450181
2,0,5950,1789633737479498752,3812353596459926
2,0,5951,1789633737479508992,3812353596469680
2,0,5952,1789633737479518208,3812353596479453
2,0,5953,1789633737479528448,3812353596489166
2,0,5954,1789633737479537664,3812353596498949
2,0,5955,1789633737479547904,3812353596508681
2,0,5956,1789633737479557120,3812353596518475
2,0,5957,1789633737479567360,3812353596528178
2,0,5958,1789633737479576576,3812353596537949
2,0,5959,1789633737479586816,3812353596547711
2,0,5960,1789633737479596032,3812353596557483
2,0,5961,1789633737479606272,3812353596567231
2,0,5962,1789633737479615488,3812353596576989
2,0,5963,1789633737479625728,3812353596586739
2,0,5964,1789633737479634944,3812353596596496
2,0,5965,1789633737479645184,3812353596606233
2,0,5966,1789633737479655424,3812353596615998
2,0,5967,1789633737479664640,3812353596625758
2,0,5968,1789633737479674880,3812353596635513
2,0,5969,1789633737479684096,3812353596645249
2,0,5970,1789633737479694336,3812353596655021
2,0,5971,1789633737479703552,3812353596664779
2,0,5972,1789633737479713792,3812353596674529
2,0,5973,1789633737479723008,3812353596684270
2,0,5974,1789633737479733248,3812353596694030
2,0,5975,1789633737479742464,3812353596703792
2,0,5976,1789633737479752704,3812353596713523
2,0,5977,1789633737479761920,3812353596723293
2,0,5978,1789633737479772160,3812353596733069
2,0,5979,1789633737479781376,3812353596742831
2,0,5980,1789633737479791616,3812353596752553
2,0,5981,1789633737479800832,3812353596762309
2,0,5982,1789633737479811072,3812353596772082
2,0,5983,1789633737479820288,3812353596781803
2,0,5984,1789633737479830528,3812353596791563
2,0,5985,1789633737479839744,3812353596801330
2,0,5986,1789633737479849984,3812353596811092
2,0,5987,1789633737479860224,3812353596820821
2,0,5988,1789633737479869440,3812353596830568
2,0,5989,1789633737479879680,3812353596840349
2,0,5990,1789633737479888896,3812353596850106
2,0,5991,1789633737479899136,3812353596859853
2,0,5992,1789633737479908352,3812353596869629
2,0,5993,1789633737479918592,3812353596879366
2,0,5994,1789633737479927808,3812353596889120
2,0,5995,1789633737479938048,3812353596898869
2,0,5996,1789633737479947264,3812353596908621
2,0,5997,1789633737479957504,3812353596918382
2,0,5998,1789633737479966720,3812353596928128
2,0,5999,1789633737479976960,3812353596937878
2,0,6000,1789633737479986176,3812353596947623
2,0,6001,1789633737479996416,3812353596957393
2,0,6002,1789633737480005632,3812353596967149
2,0,6003,1789633737480015872,3812353596976883
2,0,6004,1789633737480025088,3812353596986648
2,0,6005,1789633737480035328,3812353596996398
2,0,6006,1789633737480045568,3812353597006160
2,0,6007,1789633737480054784,3812353597015919
2,0,6008,1789633737480065024,3812353597025683
2,0,6009,1789633737480074240,3812353597035435
2,0,6010,1789633737480084480,3812353597045161
2,0,6011,1789633737480093696,3812353597054929
2,0,6012,1789633737480103936,3812353597064693
2,0,6013,1789633737480113152,3812353597074463
2,0,6014,1789633737480123392,3812353597084190
2,0,6015,1789633737480132608,3812353597093930
2,0,6016,1789633737480142848,3812353597103717
2,0,6017,1789633737480152064,3812353597113444
2,0,6018,1789633737480162304,3812353597123223
2,0,6019,1789633737480171520,3812353597132959
2,0,6020,1789633737480181760,3812353597142726
2,0,6021,1789633737480190976,3812353597152453
2,0,6022,1789633737480201216,3812353597162230
2,0,6023,1789633737480210432,3812353597171959
2,0,6024,1789633737480220672,3812353597181749
2,0,6025,1789633737480230912,3812353597191478
2,0,6026,1789633737480240128,3812353597201293
2,0,6027,1789633737480250368,3812353597210989
2,0,6028,1789633737480259584,3812353597220754
2,0,6029,1789633737480269824,3812353597230506
2,0,6030,1789633737480279040,3812353597240249
2,0,6031,1789633737480289280,3812353597250011
2,0,6032,1789633737480298496,3812353597259777
2,0,6033,1789633737480308736,3812353597269503
2,0,6034,1789633737480317952,3812353597279269
2,0,6035,1789633737480328192,3812353597289036
2,0,6036,1789633737480337408,3812353597298791
2,0,6037,1789633737480347648,3812353597308531
2,0,6038,1789633737480356864,3812353597318281
2,0,6039,1789633737480367104,3812353597328057
2,0,6040,1789633737480376320,3812353597337798
2,0,6041,1789633737480386560,3812353597347561
2,0,6042,1789633737480395776,3812353597357306
2,0,6043,1789633737480406016,3812353597367082
2,0,6044,1789633737480415232,3812353597376816
2,0,6045,1789633737480425472,3812353597386560
2,0,6046,1789633737480435712,3812353597396321
2,0,6047,1789633737480444928,3812353597406098
2,0,6048,1789633737480455168,3812353597415843
2,0,6049,1789633737480464384,3812353597425590
2,0,6050,1789633737480474624,3812353597435340
2,0,6051,1789633737480483840,3812353597445112
2,0,6052,1789633737480494080,3812353597454849
2,0,6053,1789633737480503296,3812353597464608
2,0,6054,1789633737480513536,3812353597474362
2,0,6055,1789633737480522752,3812353597484121
2,0,6056,1789633737480532992,3812353597493830
2,0,6057,1789633737480542208,3812353597503619
2,0,6058,1789633737480552448,3812353597513383
2,0,6059,1789633737480561664,3812353597523131
2,0,6060,1789633737480571904,3812353597533113
2,0,6061,1789633737480582144,3812353597542861
2,0,6062,1789633737480591360,3812353597552630
2,0,6063,1789633737480601600,3812353597562383
2,0,6064,1789633737480610816,3812353597572123
2,0,6065,1789633737480621056,3812353597581879
2,0,6066,1789633737480630272,3812353597593603
2,0,6067,1789633737480640512,3812353597601379
2,0,6068,1789633737480649728,3812353597611133
2,0,6069,1789633737480659968,3812353597620890
2,0,6070,1789633737480669184,3812353597630663
2,0,6071,1789633737480679424,3812353597640398
2,0,6072,1789633737480688640,3812353597650153
2,0,6073,1789633737480698880,3812353597659919
2,0,6074,1789633737480708096,3812353597669663
2,0,6075,1789633737480718336,3812353597679411
2,0,6076,1789633737480728576,3812353597689169
2,0,6077,1789633737480737792,3812353597698898
2,0,6078,1789633737480748032,3812353597708679
2,0,6079,1789633737480757248,3812353597718438
2,0,6080,1789633737480767488,3812353597728178
2,0,6081,1789633737480776704,3812353597737956
2,0,6082,1789633737480786944,3812353597747712
2,0,6083,1789633737480796160,3812353597757456
2,0,6084,1789633737480806400,3812353597767210
2,0,6085,1789633737480815616,3812353597776953
2,0,6086,1789633737480825856,3812353597786719
2,0,6087,1789633737480835072,3812353597796464
2,0,6088,1789633737480845312,3812353597806218
2,0,6089,1789633737480854528,3812353597815981
2,0,6090,1789633737480864768,3812353597825730
2,0,6091,1789633737480873984,3812353597835496
2,0,6092,1789633737480884224,3812353597845237
2,0,6093,1789633737480893440,3812353597854981
2,0,6094,1789633737480903680,3812353597864749
2,0,6095,1789633737480913920,3812353597874631
2,0,6096,1789633737480923136,3812353597884522
2,0,6097,1789633737480933376,3812353597894370
2,0,6098,1789633737480942592,3812353597904213
2,0,6099,1789633737480952832,3812353597914072
2,0,6100,1789633737480963072,3812353597923918
2,0,6101,1789633737480972288,3812353597933794
2,0,6102,1789633737480982528,3812353597943651
2,0,6103,1789633737480992768,3812353597953420
2,0,6104,1789633737481001984,3812353597963178
2,0,6105,1789633737481012224,3812353597972995
2,0,6106,1789633737481021440,3812353597982749
2,0,6107,1789633737481031680,3812353597992528
2,0,6108,1789633737481040896,3812353598002309
2,0,6109,1789633737481051136,3812353598012056
2,0,6110,1789633737481060352,3812353598021862
2,0,6111,1789633737481070592,3812353598031619
2,0,6112,1789633737481079808,3812353598041411
2,0,6113,1789633737481090048,3812353598051183
2,0,6114,1789633737481100288,3812353598060959
2,0,6115,1789633737481109504,3812353598070747
2,0,6116,1789633737481119744,3812353598080493
2,0,6117,1789633737481128960,3812353598090289
2,0,6118,1789633737481139200,3812353598100080
2,0,6119,1789633737481148416,3812353598109795
2,0,6120,1789633737481158656,3812353598119546
2,0,6121,1789633737481167872,3812353598129333
2,0,6122,1789633737481178112,3812353598139098
2,0,6123,1789633737481187328,3812353598148861
2,0,6124,1789633737481197568,3812353598158644
2,0,6125,1789633737481207808,3812353598168412
2,0,6126,1789633737481217024,3812353598178166
2,0,6127,1789633737481227264,3812353598187963
2,0,6128,1789633737481236480,3812353598197771
2,0,6129,1789633737481246720,3812353598207529
2,0,6130,1789633737481255936,3812353598217289
2,0,6131,1789633737481266176,3812353598227053
2,0,6132,1789633737481275392,3812353598236824
2,0,6133,1789633737481285632,3812353598246568
2,0,6134,1789633737481294848,3812353598256353
2,0,6135,1789633737481305088,3812353598266066
2,0,6136,1789633737481314304,3812353598275871
2,0,6137,1789633737481324544,3812353598285619
2,0,6138,1789633737481333760,3812353598295381
2,0,6139,1789633737481344000,3812353598305141
2,0,6140,1789633737481354240,3812353598314907
2,0,6141,1789633737481363456,3812353598324663
2,0,6142,1789633737481373696,3812353598334422
2,0,6143,1789633737481382912,3812353598344187
2,0,6144,1789633737481393152,3812353598353989
2,0,6145,1789633737481402368,3812353598363738
2,0,6146,1789633737481412608,3812353598373503
2,0,6147,1789633737481421824,3812353598383247
2,0,6148,1789633737481432064,3812353598393011
2,0,6149,1789633737481441280,3812353598402779
2,0,6150,1789633737481451520,3812353598412570
2,0,6151,1789633737481460736,3812353598422319
2,0,6152,1789633737481470976,3812353598432056
2,0,6153,1789633737481481216,3812353598441810
2,0,6154,1789633737481490432,3812353598451571
2,0,6155,1789633737481500672,3812353598461329
2,0,6156,1789633737481509888,3812353598471063
2,0,6157,1789633737481520128,3812353598480841
2,0,6158,1789633737481529344,3812353598490612
2,0,6159,1789633737481539584,3812353598500338
2,0,6160,1789633737481548800,3812353598510109
2,0,6161,1789633737481559040,3812353598519798
2,0,6162,1789633737481568256,3812353598529564
2,0,6163,1789633737481578496,3812353598539340
2,0,6164,1789633737481587712,3812353598549109
2,0,6165,1789633737481597952,3812353598558866
2,0,6166,1789633737481607168,3812353598568629
2,0,6167,1789633737481617408,3812353598578382
2,0,6168,1789633737481626624,3812353598588133
2,0,6169,1789633737481636864,3812353598597881
2,0,6170,1789633737481646080,3812353598607659
2,0,6171,1789633737481656320,3812353598617411
2,0,6172,1789633737481666560,3812353598627156
2,0,6173,1789633737481675776,3812353598636919
2,0,6174,1789633737481686016,3812353598646667
2,0,6175,1789633737481695232,3812353598656406
2,0,6176,1789633737481705472,3812353598666160
2,0,6177,1789633737481714688,3812353598675927
2,0,6178,1789633737481724928,3812353598685659
2,0,6179,1789633737481734144,3812353598695423
2,0,6180,1789633737481744384,3812353598705161
2,0,6181,1789633737481753600,3812353598714924
2,0,6182,1789633737481763840,3812353598724659
2,0,6183,1789633737481773056,3812353598734406
2,0,6184,1789633737481783296,3812353598744161
2,0,6185,1789633737481792512,3812353598753925
2,0,6186,1789633737481802752,3812353598763653
2,0,6187,1789633737481811968,3812353598773411
2,0,6188,1789633737481822208,3812353598783169
2,0,6189,1789633737481831424,3812353598792979
2,0,6190,1789633737481841664,3812353598802728
2,0,6191,1789633737481850880,3812353598812478
2,0,6192,1789633737481861120,3812353598822237
2,0,6193,1789633737481871360,3812353598831990
2,0,6194,1789633737481880576,3812353598841731
2,0,6195,1789633737481890816,3812353598851493
2,0,6196,1789633737481900032,3812353598861305
2,0,6197,1789633737481910272,3812353598870978
2,0,6198,1789633737481919488,3812353598880740
2,0,6199,1789633737481929728,3812353598890509
2,0,6200,1789633737481938944,3812353598900269
2,0,6201,1789633737481949184,3812353598910020
2,0,6202,1789633737481958400,3812353598919747
2,0,6203,1789633737481968640,3812353598929493
2,0,6204,1789633737481977856,3812353598939287
2,0,6205,1789633737481988096,3812353598949030
2,0,6206,1789633737481997312,3812353598958783
2,0,6207,1789633737482007552,3812353598968532
2,0,6208,1789633737482016768,3812353598978323
2,0,6209,1789633737482027008,3812353598988046
2,0,6210,1789633737482036224,3812353598997810
2,0,6211,1789633737482046464,3812353599007608
2,0,6212,1789633737482056704,3812353599017346
2,0,6213,1789633737482065920,3812353599027091
2,0,6214,1789633737482076160,3812353599036853
2,0,6215,1789633737482085376,3812353599046615
2,0,6216,1789633737482095616,3812353599056356
2,0,6217,1789633737482104832,3812353599066113
2,0,6218,1789633737482115072,3812353599075836
2,0,6219,1789633737482124288,3812353599085599
2,0,6220,1789633737482134528,3812353599095344
2,0,6221,1789633737482143744,3812353599105103
2,0,6222,1789633737482153984,3812353599114856
2,0,6223,1789633737482163200,3812353599124623
2,0,6224,1789633737482173440,3812353599134360
2,0,6225,1789633737482182656,3812353599144121
2,0,6226,1789633737482192896,3812353599153892
2,0,6227,1789633737482202112,3812353599163623
2,0,6228,1789633737482212352,3812353599173383
2,0,6229,1789633737482221568,3812353599183131
2,0,6230,1789633737482231808,3812353599193005
2,0,6231,1789633737482242048,3812353599202759
2,0,6232,1789633737482251264,3812353599212513
2,0,6233,1789633737482261504,3812353599222305
2,0,6234,1789633737482270720,3812353599232051
2,0,6235,1789633737482280960,3812353599241791
2,0,6236,1789633737482290176,3812353599251578
2,0,6237,1789633737482300416,3812353599261331
2,0,6238,1789633737482309632,3812353599271079
2,0,6239,1789633737482319872,3812353599280820
2,0,6240,1789633737482329088,3812353599290578
2,0,6241,1789633737482339328,3812353599300349
2,0,6242,1789633737482348544,3812353599310103
2,0,6243,1789633737482358784,3812353599319843
2,0,6244,1789633737482368000,3812353599329603
2,0,6245,1789633737482378240,3812353599339370
2,0,6246,1789633737482388480,3812353599349323
2,0,6247,1789633737482397696,3812353599359088
2,0,6248,1789633737482407936,3812353599368845
2,0,6249,1789633737482417152,3812353599378595
2,0,6250,1789633737482427392,3812353599388353
2,0,6251,1789633737482436608,3812353599398109
2,0,6252,1789633737482446848,3812353599407862
2,0,6253,1789633737482456064,3812353599417617
2,0,6254,1789633737482466304,3812353599427368
2,0,6255,1789633737482475520,3812353599437120
2,0,6256,1789633737482485760,3812353599446879
2,0,6257,1789633737482496000,3812353599456631
2,0,6258,1789633737482505216,3812353599466385
2,0,6259,1789633737482515456,3812353599476138
2,0,6260,1789633737482524672,3812353599485902
2,0,6261,1789633737482534912,3812353599495635
2,0,6262,1789633737482544128,3812353599505391
2,0,6263,1789633737482554368,3812353599515153
2,0,6264,1789633737482563584,3812353599524915
2,0,6265,1789633737482573824,3812353599534653
2,0,6266,1789633737482583040,3812353599544415
2,0,6267,1789633737482593280,3812353599554158
2,0,6268,1789633737482602496,3812353599563938
2,0,6269,1789633737482612736,3812353599573681
2,0,6270,1789633737482621952,3812353599583429
2,0,6271,1789633737482632192,3812353599593191
2,0,6272,1789633737482641408,3812353599602945
2,0,6273,1789633737482651648,3812353599612972
2,0,6274,1789633737482661888,3812353599622698
2,0,6275,1789633737482671104,3812353599632465
2,0,6276,1789633737482681344,3812353599642189
2,0,6277,1789633737482690560,3812353599651928
2,0,6278,1789633737482700800,3812353599661688
2,0,6279,1789633737482710016,3812353599671427
2,0,6280,1789633737482720256,3812353599681171
2,0,6281,1789633737482729472,3812353599690918
2,0,6282,1789633737482739712,3812353599700665
2,0,6283,1789633737482748928,3812353599710439
2,0,6284,1789633737482759168,3812353599720178
2,0,6285,1789633737482768384,3812353599729941
2,0,6286,1789633737482778624,3812353599739678
2,0,6287,1789633737482787840,3812353599749448
2,0,6288,1789633737482798080,3812353599759203
2,0,6289,1789633737482808320,3812353599768961
2,0,6290,1789633737482817536,3812353599778712
2,0,6291,1789633737482827776,3812353599788469
2,0,6292,1789633737482836992,3812353599798233
2,0,6293,1789633737482847232,3812353599807978
2,0,6294,1789633737482856448,3812353599817704
2,0,6295,1789633737482866688,3812353599827469
2,0,6296,1789633737482875904,3812353599837230
2,0,6297,1789633737482886144,3812353599846984
2,0,6298,1789633737482895360,3812353599856742
2,0,6299,1789633737482905600,3812353599866515
2,0,6300,1789633737482914816,3812353599876248
2,0,6301,1789633737482925056,3812353599886003
2,0,6302,1789633737482934272,3812353599895769
2,0,6303,1789633737482944512,3812353599905521
2,0,6304,1789633737482953728,3812353599915271
2,0,6305,1789633737482963968,3812353599925119
2,0,6306,1789633737482974208,3812353599934855
2,0,6307,1789633737482983424,3812353599944611
2,0,6308,1789633737482993664,3812353599954360
2,0,6309,1789633737483002880,3812353599964119
2,0,6310,1789633737483013120,3812353599973835
2,0,6311,1789633737483022336,3812353599983583
2,0,6312,1789633737483032576,3812353599993330
2,0,6313,1789633737483041792,3812353600003090
2,0,6314,1789633737483052032,3812353600012809
2,0,6315,1789633737483061248,3812353600022558
2,0,6316,1789633737483071488,3812353600032309
2,0,6317,1789633737483080704,3812353600042097
2,0,6318,1789633737483090944,3812353600051808
2,0,6319,1789633737483100160,3812353600061579
2,0,6320,1789633737483110400,3812353600071341
2,0,6321,1789633737483119616,3812353600081069
2,0,6322,1789633737483129856,3812353600090843
2,0,6323,1789633737483139072,3812353600100589
2,0,6324,1789633737483149312,3812353600110369
2,0,6325,1789633737483158528,3812353600120098
2,0,6326,1789633737483168768,3812353600129861
2,0,6327,1789633737483177984,3812353600139605
2,0,6328,1789633737483188224,3812353600149387
2,0,6329,1789633737483198464,3812353600159119
2,0,6330,1789633737483207680,3812353600168880
2,0,6331,1789633737483217920,3812353600178631
2,0,6332,1789633737483227136,3812353600188387
2,0,6333,1789633737483237376,3812353600198141
2,0,6334,1789633737483246592,3812353600207898
2,0,6335,1789633737483256832,3812353600217643
2,0,6336,1789633737483266048,3812353600227413
2,0,6337,1789633737483276288,3812353600237162
2,0,6338,1789633737483285504,3812353600246921
2,0,6339,1789633737483295744,3812353600256678
2,0,6340,1789633737483304960,3812353600266429
2,0,6341,1789633737483315200,3812353600276168
2,0,6342,1789633737483324416,3812353600285928
2,0,6343,1789633737483334656,3812353600295682
2,0,6344,1789633737483343872,3812353600305420
2,0,6345,1789633737483354112,3812353600315185
2,0,6346,1789633737483363328,3812353600324955
2,0,6347,1789633737483373568,3812353600334712
2,0,6348,1789633737483383808,3812353600344478
2,0,6349,1789633737483393024,3812353600354202
2,0,6350,1789633737483403264,3812353600363958
2,0,6351,1789633737483412480,3812353600373712
2,0,6352,1789633737483422720,3812353600383459
2,0,6353,1789633737483431936,3812353600393202
2,0,6354,1789633737483442176,3812353600402981
2,0,6355,1789633737483451392,3812353600412729
2,0,6356,1789633737483461632,3812353600422478
2,0,6357,1789633737483470848,3812353600432229
2,0,6358,1789633737483481088,3812353600441997
2,0,6359,1789633737483490304,3812353600451745
2,0,6360,1789633737483500544,3812353600461502
2,0,6361,1789633737483509760,3812353600471271
2,0,6362,1789633737483520000,3812353600481015
2,0,6363,1789633737483529216,3812353600490768
2,0,6364,1789633737483539456,3812353600500523
2,0,6365,1789633737483548672,3812353600510278
2,0,6366,1789633737483558912,3812353600520039
2,0,6367,1789633737483569152,3812353600529780
2,0,6368,1789633737483578368,3812353600539533
2,0,6369,1789633737483588608,3812353600549291
2,0,6370,1789633737483597824,3812353600559055
