schema_version,trial,sample,gpu_ns,cpu_observed_ns
2,0,0,1789633730815334400,3812346932173578
2,0,1,1789633730815345664,3812346932184598
2,0,2,1789633730815356928,3812346932195678
2,0,3,1789633730815368192,3812346932206606
2,0,4,1789633730815378432,3812346932217594
2,0,5,1789633730815389696,3812346932228657
2,0,6,1789633730815400960,3812346932239574
2,0,7,1789633730815412224,3812346932250632
2,0,8,1789633730815422464,3812346932261618
2,0,9,1789633730815433728,3812346932272681
2,0,10,1789633730815444992,3812346932283617
2,0,11,1789633730815456256,3812346932294666
2,0,12,1789633730815466496,3812346932305712
2,0,13,1789633730815477760,3812346932316786
2,0,14,1789633730815489024,3812346932327764
2,0,15,1789633730815500288,3812346932338818
2,0,16,1789633730815510528,3812346932349746
2,0,17,1789633730815521792,3812346932360806
2,0,18,1789633730815533056,3812346932371781
2,0,19,1789633730815543296,3812346932382694
2,0,20,1789633730815554560,3812346932393738
2,0,21,1789633730815565824,3812346932404649
2,0,22,1789633730815577088,3812346932415694
2,0,23,1789633730815587328,3812346932426666
2,0,24,1789633730815598592,3812346932437746
2,0,25,1789633730815609856,3812346932448789
2,0,26,1789633730815621120,3812346932459737
2,0,27,1789633730815632384,3812346932470794
2,0,28,1789633730815642624,3812346932481786
2,0,29,1789633730815653888,3812346932492754
2,0,30,1789633730815665152,3812346932503818
2,0,31,1789633730815676416,3812346932514884
2,0,32,1789633730815686656,3812346932525926
2,0,33,1789633730815697920,3812346932537021
2,0,34,1789633730815709184,3812346932548052
2,0,35,1789633730815720448,3812346932559014
2,0,36,1789633730815730688,3812346932570057
2,0,37,1789633730815741952,3812346932580998
2,0,38,1789633730815753216,3812346932592044
2,0,39,1789633730815764480,3812346932603021
2,0,40,1789633730815774720,3812346932614072
2,0,41,1789633730815785984,3812346932625014
2,0,42,1789633730815797248,3812346932636057
2,0,43,1789633730815808512,3812346932646961
2,0,44,1789633730815818752,3812346932658001
2,0,45,1789633730815830016,3812346932668906
2,0,46,1789633730815841280,3812346932679869
2,0,47,1789633730815851520,3812346932690792
2,0,48,1789633730815862784,3812346932701834
2,0,49,1789633730815874048,3812346932712769
2,0,50,1789633730815885312,3812346932723729
2,0,51,1789633730815895552,3812346932734712
2,0,52,1789633730815906816,3812346932745774
2,0,53,1789633730815918080,3812346932756701
2,0,54,1789633730815928320,3812346932767626
2,0,55,1789633730815939584,3812346932778598
2,0,56,1789633730815950848,3812346932789561
2,0,57,1789633730815962112,3812346932800611
2,0,58,1789633730815972352,3812346932811512
2,0,59,1789633730815983616,3812346932822426
2,0,60,1789633730815994880,3812346932833334
2,0,61,1789633730816005120,3812346932844386
2,0,62,1789633730816016384,3812346932855294
2,0,63,1789633730816027648,3812346932866226
2,0,64,1789633730816037888,3812346932877174
2,0,65,1789633730816049152,3812346932888218
2,0,66,1789633730816060416,3812346932899138
2,0,67,1789633730816071680,3812346932910061
2,0,68,1789633730816081920,3812346932920978
2,0,69,1789633730816093184,3812346932931977
2,0,70,1789633730816104448,3812346932943037
2,0,71,1789633730816114688,3812346932953966
2,0,72,1789633730816125952,3812346932964909
2,0,73,1789633730816137216,3812346932975972
2,0,74,1789633730816148480,3812346932986906
2,0,75,1789633730816158720,3812346932997846
2,0,76,1789633730816169984,3812346933008769
2,0,77,1789633730816181248,3812346933019681
2,0,78,1789633730816191488,3812346933030758
2,0,79,1789633730816202752,3812346933041686
2,0,80,1789633730816214016,3812346933052629
2,0,81,1789633730816224256,3812346933063721
2,0,82,1789633730816235520,3812346933074751
2,0,83,1789633730816246784,3812346933085644
2,0,84,1789633730816258048,3812346933096564
2,0,85,1789633730816268288,3812346933107609
2,0,86,1789633730816279552,3812346933118546
2,0,87,1789633730816290816,3812346933129484
2,0,88,1789633730816302080,3812346933140426
2,0,89,1789633730816312320,3812346933151604
2,0,90,1789633730816323584,3812346933162498
2,0,91,1789633730816334848,3812346933173414
2,0,92,1789633730816345088,3812346933184466
2,0,93,1789633730816356352,3812346933195374
2,0,94,1789633730816367616,3812346933206421
2,0,95,1789633730816378880,3812346933217317
2,0,96,1789633730816389120,3812346933228226
2,0,97,1789633730816400384,3812346933239294
2,0,98,1789633730816411648,3812346933250338
2,0,99,1789633730816421888,3812346933261254
2,0,100,1789633730816433152,3812346933272146
2,0,101,1789633730816444416,3812346933283077
2,0,102,1789633730816455680,3812346933294134
2,0,103,1789633730816465920,3812346933305072
2,0,104,1789633730816477184,3812346933316118
2,0,105,1789633730816488448,3812346933327094
2,0,106,1789633730816498688,3812346933338038
2,0,107,1789633730816509952,3812346933348981
2,0,108,1789633730816521216,3812346933359918
2,0,109,1789633730816532480,3812346933370934
2,0,110,1789633730816542720,3812346933381969
2,0,111,1789633730816553984,3812346933392849
2,0,112,1789633730816565248,3812346933403806
2,0,113,1789633730816575488,3812346933414872
2,0,114,1789633730816586752,3812346933425849
2,0,115,1789633730816598016,3812346933436786
2,0,116,1789633730816609280,3812346933447714
2,0,117,1789633730816619520,3812346933458692
2,0,118,1789633730816630784,3812346933469769
2,0,119,1789633730816642048,3812346933480697
2,0,120,1789633730816652288,3812346933491609
2,0,121,1789633730816663552,3812346933502686
2,0,122,1789633730816674816,3812346933513629
2,0,123,1789633730816686080,3812346933524564
2,0,124,1789633730816696320,3812346933535494
2,0,125,1789633730816707584,3812346933546466
2,0,126,1789633730816718848,3812346933557546
2,0,127,1789633730816729088,3812346933568466
2,0,128,1789633730816740352,3812346933579386
2,0,129,1789633730816751616,3812346933620849
2,0,130,1789633730816761856,3812346933620849
2,0,131,1789633730816773120,3812346933620849
2,0,132,1789633730816784384,3812346933623044
2,0,133,1789633730816795648,3812346933634066
2,0,134,1789633730816805888,3812346933645121
2,0,135,1789633730816817152,3812346933656078
2,0,136,1789633730816828416,3812346933667118
2,0,137,1789633730816839680,3812346933678094
2,0,138,1789633730816849920,3812346933689158
2,0,139,1789633730816861184,3812346933700146
2,0,140,1789633730816872448,3812346933711134
2,0,141,1789633730816883712,3812346933722194
2,0,142,1789633730816893952,3812346933733109
2,0,143,1789633730816905216,3812346933744174
2,0,144,1789633730816916480,3812346933755146
2,0,145,1789633730816927744,3812346933766252
2,0,146,1789633730816937984,3812346933777301
2,0,147,1789633730816949248,3812346933788261
2,0,148,1789633730816960512,3812346933799232
2,0,149,1789633730816971776,3812346933810289
2,0,150,1789633730816982016,3812346933821206
2,0,151,1789633730816993280,3812346933832412
2,0,152,1789633730817004544,3812346933843346
2,0,153,1789633730817015808,3812346933854394
2,0,154,1789633730817026048,3812346933865426
2,0,155,1789633730817037312,3812346933876358
2,0,156,1789633730817048576,3812346933887414
2,0,157,1789633730817059840,3812346933898341
2,0,158,1789633730817070080,3812346933909374
2,0,159,1789633730817081344,3812346933920409
2,0,160,1789633730817092608,3812346933931361
2,0,161,1789633730817103872,3812346933942398
2,0,162,1789633730817114112,3812346933953438
2,0,163,1789633730817125376,3812346933964404
2,0,164,1789633730817136640,3812346933975452
2,0,165,1789633730817147904,3812346933986494
2,0,166,1789633730817158144,3812346933997524
2,0,167,1789633730817169408,3812346934008444
2,0,168,1789633730817180672,3812346934019494
2,0,169,1789633730817191936,3812346934030444
2,0,170,1789633730817202176,3812346934041484
2,0,171,1789633730817213440,3812346934052532
2,0,172,1789633730817224704,3812346934063578
2,0,173,1789633730817235968,3812346934074481
2,0,174,1789633730817246208,3812346934085521
2,0,175,1789633730817257472,3812346934096466
2,0,176,1789633730817268736,3812346934107506
2,0,177,1789633730817280000,3812346934118452
2,0,178,1789633730817290240,3812346934129501
2,0,179,1789633730817301504,3812346934140398
2,0,180,1789633730817312768,3812346934151346
2,0,181,1789633730817323008,3812346934162306
2,0,182,1789633730817334272,3812346934173293
2,0,183,1789633730817345536,3812346934184308
2,0,184,1789633730817356800,3812346934195381
2,0,185,1789633730817368064,3812346934206400
2,0,186,1789633730817378304,3812346934217408
2,0,187,1789633730817389568,3812346934228560
2,0,188,1789633730817400832,3812346934239535
2,0,189,1789633730817412096,3812346934250568
2,0,190,1789633730817422336,3812346934261734
2,0,191,1789633730817433600,3812346934272766
2,0,192,1789633730817444864,3812346934283738
2,0,193,1789633730817456128,3812346934294875
2,0,194,1789633730817467392,3812346934305870
2,0,195,1789633730817477632,3812346934316858
2,0,196,1789633730817488896,3812346934327833
2,0,197,1789633730817500160,3812346934338841
2,0,198,1789633730817511424,3812346934349806
2,0,199,1789633730817521664,3812346934360753
2,0,200,1789633730817532928,3812346934371738
2,0,201,1789633730817544192,3812346934382626
2,0,202,1789633730817554432,3812346934393546
2,0,203,1789633730817565696,3812346934404446
2,0,204,1789633730817576960,3812346934415378
2,0,205,1789633730817587200,3812346934426298
2,0,206,1789633730817598464,3812346934437286
2,0,207,1789633730817609728,3812346934448228
2,0,208,1789633730817619968,3812346934459186
2,0,209,1789633730817631232,3812346934470218
2,0,210,1789633730817642496,3812346934481166
2,0,211,1789633730817653760,3812346934492081
2,0,212,1789633730817664000,3812346934503030
2,0,213,1789633730817675264,3812346934513980
2,0,214,1789633730817686528,3812346934525028
2,0,215,1789633730817696768,3812346934535955
2,0,216,1789633730817708032,3812346934546917
2,0,217,1789633730817719296,3812346934558014
2,0,218,1789633730817730560,3812346934568980
2,0,219,1789633730817740800,3812346934579947
2,0,220,1789633730817752064,3812346934590907
2,0,221,1789633730817763328,3812346934601858
2,0,222,1789633730817773568,3812346934612832
2,0,223,1789633730817784832,3812346934623773
2,0,224,1789633730817796096,3812346934634763
2,0,225,1789633730817807360,3812346934645786
2,0,226,1789633730817817600,3812346934656747
2,0,227,1789633730817828864,3812346934667700
2,0,228,1789633730817840128,3812346934678710
2,0,229,1789633730817850368,3812346934689647
2,0,230,1789633730817861632,3812346934700610
2,0,231,1789633730817872896,3812346934711540
2,0,232,1789633730817884160,3812346934722481
2,0,233,1789633730817894400,3812346934733586
2,0,234,1789633730817905664,3812346934744593
2,0,235,1789633730817916928,3812346934755488
2,0,236,1789633730817927168,3812346934766477
2,0,237,1789633730817938432,3812346934777439
2,0,238,1789633730817949696,3812346934788406
2,0,239,1789633730817960960,3812346934799333
2,0,240,1789633730817971200,3812346934810255
2,0,241,1789633730817982464,3812346934821173
2,0,242,1789633730817993728,3812346934832148
2,0,243,1789633730818003968,3812346934843066
2,0,244,1789633730818015232,3812346934854030
2,0,245,1789633730818026496,3812346934864978
2,0,246,1789633730818036736,3812346934875990
2,0,247,1789633730818048000,3812346934886940
2,0,248,1789633730818059264,3812346934897883
2,0,249,1789633730818069504,3812346934908819
2,0,250,1789633730818080768,3812346934919746
2,0,251,1789633730818092032,3812346934930828
2,0,252,1789633730818103296,3812346934941779
2,0,253,1789633730818113536,3812346934952760
2,0,254,1789633730818124800,3812346934963773
2,0,255,1789633730818136064,3812346934974759
2,0,256,1789633730818147328,3812346934985686
2,0,257,1789633730818157568,3812346934996693
2,0,258,1789633730818168832,3812346935007654
2,0,259,1789633730818180096,3812346935018590
2,0,260,1789633730818190336,3812346935029555
2,0,261,1789633730818201600,3812346935040508
2,0,262,1789633730818212864,3812346935051565
2,0,263,1789633730818224128,3812346935062528
2,0,264,1789633730818234368,3812346935073533
2,0,265,1789633730818245632,3812346935084521
2,0,266,1789633730818256896,3812346935095473
2,0,267,1789633730818267136,3812346935106426
2,0,268,1789633730818278400,3812346935117378
2,0,269,1789633730818289664,3812346935128328
2,0,270,1789633730818300928,3812346935139357
2,0,271,1789633730818311168,3812346935150340
2,0,272,1789633730818322432,3812346935161298
2,0,273,1789633730818333696,3812346935172303
2,0,274,1789633730818343936,3812346935183266
2,0,275,1789633730818355200,3812346935194223
2,0,276,1789633730818366464,3812346935205166
2,0,277,1789633730818377728,3812346935216130
2,0,278,1789633730818387968,3812346935227099
2,0,279,1789633730818399232,3812346935238106
2,0,280,1789633730818410496,3812346935249068
2,0,281,1789633730818420736,3812346935260014
2,0,282,1789633730818432000,3812346935270979
2,0,283,1789633730818443264,3812346935281950
2,0,284,1789633730818454528,3812346935292893
2,0,285,1789633730818464768,3812346935303835
2,0,286,1789633730818476032,3812346935314950
2,0,287,1789633730818487296,3812346935325908
2,0,288,1789633730818497536,3812346935336859
2,0,289,1789633730818508800,3812346935347753
2,0,290,1789633730818520064,3812346935358750
2,0,291,1789633730818531328,3812346935369754
2,0,292,1789633730818541568,3812346935380740
2,0,293,1789633730818552832,3812346935391722
2,0,294,1789633730818564096,3812346935402717
2,0,295,1789633730818574336,3812346935413666
2,0,296,1789633730818585600,3812346935424646
2,0,297,1789633730818596864,3812346935435550
2,0,298,1789633730818608128,3812346935446528
2,0,299,1789633730818618368,3812346935457541
2,0,300,1789633730818629632,3812346935468506
2,0,301,1789633730818640896,3812346935479493
2,0,302,1789633730818651136,3812346935490510
2,0,303,1789633730818662400,3812346935501446
2,0,304,1789633730818673664,3812346935512418
2,0,305,1789633730818684928,3812346935523346
2,0,306,1789633730818695168,3812346935534300
2,0,307,1789633730818706432,3812346935545330
2,0,308,1789633730818717696,3812346935556301
2,0,309,1789633730818727936,3812346935567212
2,0,310,1789633730818739200,3812346935578290
2,0,311,1789633730818750464,3812346935589270
2,0,312,1789633730818761728,3812346935600190
2,0,313,1789633730818771968,3812346935611119
2,0,314,1789633730818783232,3812346935622053
2,0,315,1789633730818794496,3812346935633117
2,0,316,1789633730818805760,3812346935644110
2,0,317,1789633730818816000,3812346935655060
2,0,318,1789633730818827264,3812346935666078
2,0,319,1789633730818838528,3812346935677020
2,0,320,1789633730818848768,3812346935687955
2,0,321,1789633730818860032,3812346935698875
2,0,322,1789633730818871296,3812346935709826
2,0,323,1789633730818881536,3812346935720923
2,0,324,1789633730818892800,3812346935731883
2,0,325,1789633730818904064,3812346935742797
2,0,326,1789633730818915328,3812346935753858
2,0,327,1789633730818925568,3812346935764857
2,0,328,1789633730818936832,3812346935775773
2,0,329,1789633730818948096,3812346935786708
2,0,330,1789633730818958336,3812346935797681
2,0,331,1789633730818969600,3812346935808690
2,0,332,1789633730818980864,3812346935819673
2,0,333,1789633730818992128,3812346935830621
2,0,334,1789633730819002368,3812346935841738
2,0,335,1789633730819013632,3812346935852641
2,0,336,1789633730819024896,3812346935863560
2,0,337,1789633730819036160,3812346935874503
2,0,338,1789633730819046400,3812346935885468
2,0,339,1789633730819057664,3812346935896485
2,0,340,1789633730819068928,3812346935907450
2,0,341,1789633730819079168,3812346935918430
2,0,342,1789633730819090432,3812346935929442
2,0,343,1789633730819101696,3812346935940415
2,0,344,1789633730819112960,3812346935951341
2,0,345,1789633730819123200,3812346935962290
2,0,346,1789633730819134464,3812346935973270
2,0,347,1789633730819145728,3812346935984259
2,0,348,1789633730819155968,3812346935995234
2,0,349,1789633730819167232,3812346936006143
2,0,350,1789633730819178496,3812346936017223
2,0,351,1789633730819189760,3812346936028163
2,0,352,1789633730819200000,3812346936039106
2,0,353,1789633730819211264,3812346936050046
2,0,354,1789633730819222528,3812346936060990
2,0,355,1789633730819232768,3812346936072048
2,0,356,1789633730819244032,3812346936082988
2,0,357,1789633730819255296,3812346936093915
2,0,358,1789633730819266560,3812346936105008
2,0,359,1789633730819276800,3812346936115986
2,0,360,1789633730819288064,3812346936126938
2,0,361,1789633730819299328,3812346936137974
2,0,362,1789633730819310592,3812346936148976
2,0,363,1789633730819320832,3812346936159901
2,0,364,1789633730819332096,3812346936170936
2,0,365,1789633730819343360,3812346936181870
2,0,366,1789633730819353600,3812346936192795
2,0,367,1789633730819364864,3812346936203813
2,0,368,1789633730819376128,3812346936214774
2,0,369,1789633730819386368,3812346936225746
2,0,370,1789633730819397632,3812346936236710
2,0,371,1789633730819408896,3812346936247628
2,0,372,1789633730819420160,3812346936258630
2,0,373,1789633730819430400,3812346936269590
2,0,374,1789633730819441664,3812346936280593
2,0,375,1789633730819452928,3812346936291515
2,0,376,1789633730819463168,3812346936302458
2,0,377,1789633730819474432,3812346936313353
2,0,378,1789633730819485696,3812346936324346
2,0,379,1789633730819495936,3812346936335410
2,0,380,1789633730819507200,3812346936346366
2,0,381,1789633730820168704,3812346937008513
2,0,382,1789633730820180992,3812346937019550
2,0,383,1789633730820191232,3812346937030541
2,0,384,1789633730820202496,3812346937041739
2,0,385,1789633730820213760,3812346937052693
2,0,386,1789633730820225024,3812346937063643
2,0,387,1789633730820235264,3812346937074773
2,0,388,1789633730820246528,3812346937085740
2,0,389,1789633730820257792,3812346937096721
2,0,390,1789633730820269056,3812346937107750
2,0,391,1789633730820280320,3812346937118718
2,0,392,1789633730820290560,3812346937129706
2,0,393,1789633730820301824,3812346937140648
2,0,394,1789633730820313088,3812346937151618
2,0,395,1789633730820323328,3812346937162568
2,0,396,1789633730820334592,3812346937173525
2,0,397,1789633730820345856,3812346937184521
2,0,398,1789633730820356096,3812346937195530
2,0,399,1789633730820367360,3812346937206555
2,0,400,1789633730820378624,3812346937217506
2,0,401,1789633730820389888,3812346937228485
2,0,402,1789633730820400128,3812346937239436
2,0,403,1789633730820411392,3812346937250430
2,0,404,1789633730820422656,3812346937261395
2,0,405,1789633730820433920,3812346937272368
2,0,406,1789633730820444160,3812346937283326
2,0,407,1789633730820455424,3812346937294295
2,0,408,1789633730820466688,3812346937305213
2,0,409,1789633730820476928,3812346937316129
2,0,410,1789633730820488192,3812346937327141
2,0,411,1789633730820499456,3812346937338128
2,0,412,1789633730820510720,3812346937349103
2,0,413,1789633730820520960,3812346937360081
2,0,414,1789633730820532224,3812346937371099
2,0,415,1789633730820543488,3812346937382083
2,0,416,1789633730820553728,3812346937393035
2,0,417,1789633730820564992,3812346937404015
2,0,418,1789633730820576256,3812346937414988
2,0,419,1789633730820587520,3812346937425933
2,0,420,1789633730820597760,3812346937436883
2,0,421,1789633730820609024,3812346937447875
2,0,422,1789633730820620288,3812346937458873
2,0,423,1789633730820630528,3812346937469828
2,0,424,1789633730820641792,3812346937480773
2,0,425,1789633730820653056,3812346937491720
2,0,426,1789633730820664320,3812346937502730
2,0,427,1789633730820674560,3812346937513726
2,0,428,1789633730820685824,3812346937524690
2,0,429,1789633730820697088,3812346937535678
2,0,430,1789633730820707328,3812346937546688
2,0,431,1789633730820718592,3812346937557661
2,0,432,1789633730820729856,3812346937568595
2,0,433,1789633730820741120,3812346937579539
2,0,434,1789633730820751360,3812346937590536
2,0,435,1789633730820762624,3812346937601499
2,0,436,1789633730820773888,3812346937612466
2,0,437,1789633730820784128,3812346937623441
2,0,438,1789633730820795392,3812346937634468
2,0,439,1789633730820806656,3812346937645426
2,0,440,1789633730820817920,3812346937656390
2,0,441,1789633730820828160,3812346937667326
2,0,442,1789633730820839424,3812346937678313
2,0,443,1789633730820850688,3812346937689283
2,0,444,1789633730820860928,3812346937700235
2,0,445,1789633730820872192,3812346937711173
2,0,446,1789633730820883456,3812346937722270
2,0,447,1789633730820894720,3812346937733235
2,0,448,1789633730820904960,3812346937744138
2,0,449,1789633730820916224,3812346937755099
2,0,450,1789633730820927488,3812346937766013
2,0,451,1789633730820937728,3812346937777080
2,0,452,1789633730820948992,3812346937788030
2,0,453,1789633730820960256,3812346937798988
2,0,454,1789633730820971520,3812346937810050
2,0,455,1789633730820981760,3812346937821052
2,0,456,1789633730820993024,3812346937832019
2,0,457,1789633730821004288,3812346937842993
2,0,458,1789633730821015552,3812346937853963
2,0,459,1789633730821025792,3812346937864906
2,0,460,1789633730821037056,3812346937875901
2,0,461,1789633730821048320,3812346937886866
2,0,462,1789633730821058560,3812346937897830
2,0,463,1789633730821069824,3812346937908813
2,0,464,1789633730821081088,3812346937919730
2,0,465,1789633730821091328,3812346937930660
2,0,466,1789633730821102592,3812346937941600
2,0,467,1789633730821113856,3812346937952622
2,0,468,1789633730821125120,3812346937963606
2,0,469,1789633730821135360,3812346937974522
2,0,470,1789633730821146624,3812346937985619
2,0,471,1789633730821157888,3812346937996623
2,0,472,1789633730821169152,3812346938007543
2,0,473,1789633730821179392,3812346938018523
2,0,474,1789633730821190656,3812346938029493
2,0,475,1789633730821201920,3812346938040468
2,0,476,1789633730821212160,3812346938051408
2,0,477,1789633730821223424,3812346938062399
2,0,478,1789633730821234688,3812346938073413
2,0,479,1789633730821245952,3812346938084373
2,0,480,1789633730821256192,3812346938095323
2,0,481,1789633730821267456,3812346938106273
2,0,482,1789633730821278720,3812346938117190
2,0,483,1789633730821288960,3812346938128230
2,0,484,1789633730821300224,3812346938139181
2,0,485,1789633730821311488,3812346938150118
2,0,486,1789633730821321728,3812346938161186
2,0,487,1789633730821332992,3812346938172180
2,0,488,1789633730821344256,3812346938183148
2,0,489,1789633730821355520,3812346938194043
2,0,490,1789633730821365760,3812346938205070
2,0,491,1789633730821377024,3812346938216018
2,0,492,1789633730821388288,3812346938226990
2,0,493,1789633730821398528,3812346938237883
2,0,494,1789633730821409792,3812346938248983
2,0,495,1789633730821421056,3812346938259930
2,0,496,1789633730821432320,3812346938270860
2,0,497,1789633730821442560,3812346938281808
2,0,498,1789633730821453824,3812346938292790
2,0,499,1789633730821465088,3812346938303813
2,0,500,1789633730821476352,3812346938314770
2,0,501,1789633730821486592,3812346938325688
2,0,502,1789633730821497856,3812346938336763
2,0,503,1789633730821509120,3812346938347734
2,0,504,1789633730821519360,3812346938358676
2,0,505,1789633730821530624,3812346938369628
2,0,506,1789633730821541888,3812346938380606
2,0,507,1789633730821553152,3812346938391599
2,0,508,1789633730821563392,3812346938402590
2,0,509,1789633730821574656,3812346938413561
2,0,510,1789633730821585920,3812346938424546
2,0,511,1789633730821596160,3812346938435550
2,0,512,1789633730821607424,3812346938446493
2,0,513,1789633730821618688,3812346938457466
2,0,514,1789633730821629952,3812346938468430
2,0,515,1789633730821640192,3812346938479381
2,0,516,1789633730821651456,3812346938490363
2,0,517,1789633730821662720,3812346938501325
2,0,518,1789633730821672960,3812346938512350
2,0,519,1789633730821684224,3812346938523310
2,0,520,1789633730821695488,3812346938534228
2,0,521,1789633730821706752,3812346938545178
2,0,522,1789633730821716992,3812346938556123
2,0,523,1789633730821728256,3812346938567166
2,0,524,1789633730821739520,3812346938578110
2,0,525,1789633730821749760,3812346938589048
2,0,526,1789633730821761024,3812346938599950
2,0,527,1789633730821772288,3812346938610863
2,0,528,1789633730821782528,3812346938621820
2,0,529,1789633730821793792,3812346938632732
2,0,530,1789633730821805056,3812346938643660
2,0,531,1789633730821815296,3812346938654746
2,0,532,1789633730821826560,3812346938665732
2,0,533,1789633730821837824,3812346938676692
2,0,534,1789633730821849088,3812346938687670
2,0,535,1789633730821859328,3812346938698635
2,0,536,1789633730821870592,3812346938709574
2,0,537,1789633730821881856,3812346938720528
2,0,538,1789633730821892096,3812346938731448
2,0,539,1789633730821903360,3812346938742541
2,0,540,1789633730821914624,3812346938753550
2,0,541,1789633730821925888,3812346938764510
2,0,542,1789633730821936128,3812346938775485
2,0,543,1789633730821947392,3812346938786470
2,0,544,1789633730821958656,3812346938797410
2,0,545,1789633730821969920,3812346938808406
2,0,546,1789633730821980160,3812346938819356
2,0,547,1789633730821991424,3812346938830325
2,0,548,1789633730822002688,3812346938841300
2,0,549,1789633730822012928,3812346938852266
2,0,550,1789633730822024192,3812346938863230
2,0,551,1789633730822035456,3812346938874226
2,0,552,1789633730822046720,3812346938885212
2,0,553,1789633730822056960,3812346938896155
2,0,554,1789633730822068224,3812346938907096
2,0,555,1789633730822079488,3812346938918108
2,0,556,1789633730822089728,3812346938929077
2,0,557,1789633730822100992,3812346938940030
2,0,558,1789633730822112256,3812346938951018
2,0,559,1789633730822123520,3812346938962006
2,0,560,1789633730822133760,3812346938972932
2,0,561,1789633730822145024,3812346938983868
2,0,562,1789633730822156288,3812346938994775
2,0,563,1789633730822166528,3812346939005708
2,0,564,1789633730822177792,3812346939016623
2,0,565,1789633730822189056,3812346939027562
2,0,566,1789633730822199296,3812346939038484
2,0,567,1789633730822210560,3812346939049408
2,0,568,1789633730822221824,3812346939060532
2,0,569,1789633730822233088,3812346939071490
2,0,570,1789633730822243328,3812346939082440
2,0,571,1789633730822254592,3812346939093368
2,0,572,1789633730822265856,3812346939104386
2,0,573,1789633730822276096,3812346939115366
2,0,574,1789633730822287360,3812346939126308
2,0,575,1789633730822298624,3812346939137239
2,0,576,1789633730822308864,3812346939148322
2,0,577,1789633730822320128,3812346939159269
2,0,578,1789633730822331392,3812346939170228
2,0,579,1789633730822342656,3812346939181143
2,0,580,1789633730822352896,3812346939192150
2,0,581,1789633730822364160,3812346939203134
2,0,582,1789633730822375424,3812346939214110
2,0,583,1789633730822385664,3812346939225028
2,0,584,1789633730822396928,3812346939236101
2,0,585,1789633730822408192,3812346939247066
2,0,586,1789633730822419456,3812346939258050
2,0,587,1789633730822429696,3812346939268959
2,0,588,1789633730822440960,3812346939279943
2,0,589,1789633730822452224,3812346939290926
2,0,590,1789633730822463488,3812346939301899
2,0,591,1789633730822473728,3812346939312870
2,0,592,1789633730822484992,3812346939323882
2,0,593,1789633730822496256,3812346939334860
2,0,594,1789633730822506496,3812346939345812
2,0,595,1789633730822517760,3812346939356804
2,0,596,1789633730822529024,3812346939367770
2,0,597,1789633730822540288,3812346939378723
2,0,598,1789633730822550528,3812346939389674
2,0,599,1789633730822561792,3812346939400583
2,0,600,1789633730822573056,3812346939411738
2,0,601,1789633730822583296,3812346939422670
2,0,602,1789633730822594560,3812346939433568
2,0,603,1789633730822605824,3812346939444475
2,0,604,1789633730822616064,3812346939455401
2,0,605,1789633730822627328,3812346939466503
2,0,606,1789633730822638592,3812346939477415
2,0,607,1789633730822649856,3812346939488386
2,0,608,1789633730822660096,3812346939499478
2,0,609,1789633730822671360,3812346939510443
2,0,610,1789633730822682624,3812346939521372
2,0,611,1789633730822693888,3812346939532321
2,0,612,1789633730822704128,3812346939543286
2,0,613,1789633730822715392,3812346939554288
2,0,614,1789633730822726656,3812346939565230
2,0,615,1789633730822736896,3812346939576190
2,0,616,1789633730822748160,3812346939587244
2,0,617,1789633730822759424,3812346939598223
2,0,618,1789633730822770688,3812346939609180
2,0,619,1789633730822780928,3812346939620155
2,0,620,1789633730822792192,3812346939631140
2,0,621,1789633730822803456,3812346939642075
2,0,622,1789633730822813696,3812346939653010
2,0,623,1789633730822824960,3812346939663960
2,0,624,1789633730822836224,3812346939675060
2,0,625,1789633730822847488,3812346939686032
2,0,626,1789633730822857728,3812346939696948
2,0,627,1789633730822868992,3812346939707939
2,0,628,1789633730822880256,3812346939718908
2,0,629,1789633730822890496,3812346939729870
2,0,630,1789633730822901760,3812346939740850
2,0,631,1789633730822913024,3812346939751808
2,0,632,1789633730822924288,3812346939762826
2,0,633,1789633730822934528,3812346939773812
2,0,634,1789633730822945792,3812346939784734
2,0,635,1789633730822957056,3812346939795750
2,0,636,1789633730822967296,3812346939806668
2,0,637,1789633730822978560,3812346939817652
2,0,638,1789633730822989824,3812346939828640
2,0,639,1789633730823001088,3812346939839610
2,0,640,1789633730823011328,3812346939850612
2,0,641,1789633730823022592,3812346939861586
2,0,642,1789633730823033856,3812346939872528
2,0,643,1789633730823044096,3812346939883530
2,0,644,1789633730823055360,3812346939894508
2,0,645,1789633730823066624,3812346939905445
2,0,646,1789633730823077888,3812346939916375
2,0,647,1789633730823088128,3812346939927300
2,0,648,1789633730823099392,3812346939938434
2,0,649,1789633730823110656,3812346939949372
2,0,650,1789633730823120896,3812346939960288
2,0,651,1789633730823132160,3812346939971203
2,0,652,1789633730823143424,3812346939982130
2,0,653,1789633730823154688,3812346939993225
2,0,654,1789633730823164928,3812346940004190
2,0,655,1789633730823176192,3812346940015141
2,0,656,1789633730823187456,3812346940026190
2,0,657,1789633730823198720,3812346940037145
2,0,658,1789633730823208960,3812346940048083
2,0,659,1789633730823220224,3812346940059030
2,0,660,1789633730823231488,3812346940070016
2,0,661,1789633730823241728,3812346940081022
2,0,662,1789633730823252992,3812346940091978
2,0,663,1789633730823264256,3812346940102908
2,0,664,1789633730823274496,3812346940113990
2,0,665,1789633730823285760,3812346940124955
2,0,666,1789633730823297024,3812346940135900
2,0,667,1789633730823308288,3812346940146818
2,0,668,1789633730823318528,3812346940157790
2,0,669,1789633730823329792,3812346940168808
2,0,670,1789633730823341056,3812346940179780
2,0,671,1789633730823352320,3812346940190741
2,0,672,1789633730823362560,3812346940201772
2,0,673,1789633730823373824,3812346940212712
2,0,674,1789633730823385088,3812346940223678
2,0,675,1789633730823395328,3812346940234630
2,0,676,1789633730823406592,3812346940245708
2,0,677,1789633730823417856,3812346940256648
2,0,678,1789633730823429120,3812346940267561
2,0,679,1789633730823439360,3812346940278459
2,0,680,1789633730823450624,3812346940289550
2,0,681,1789633730823461888,3812346940300485
2,0,682,1789633730823472128,3812346940311405
2,0,683,1789633730823483392,3812346940322341
2,0,684,1789633730823494656,3812346940333263
2,0,685,1789633730823504896,3812346940344172
2,0,686,1789633730823516160,3812346940355108
2,0,687,1789633730823527424,3812346940366012
2,0,688,1789633730823537664,3812346940376956
2,0,689,1789633730823548928,3812346940387928
2,0,690,1789633730823560192,3812346940399021
2,0,691,1789633730823571456,3812346940409970
2,0,692,1789633730823581696,3812346940420948
2,0,693,1789633730823592960,3812346940431968
2,0,694,1789633730823604224,3812346940442945
2,0,695,1789633730823615488,3812346940453862
2,0,696,1789633730823625728,3812346940464782
2,0,697,1789633730823636992,3812346940475719
2,0,698,1789633730823647232,3812346940486839
2,0,699,1789633730823658496,3812346940497752
2,0,700,1789633730823669760,3812346940508685
2,0,701,1789633730823681024,3812346940519748
2,0,702,1789633730823692288,3812346940530739
2,0,703,1789633730823702528,3812346940541740
2,0,704,1789633730823713792,3812346940552602
2,0,705,1789633730823725056,3812346940563592
2,0,706,1789633730823735296,3812346940574530
2,0,707,1789633730823746560,3812346940585501
2,0,708,1789633730823757824,3812346940596450
2,0,709,1789633730823768064,3812346940607530
2,0,710,1789633730823779328,3812346940618501
2,0,711,1789633730823790592,3812346940629420
2,0,712,1789633730823801856,3812346940640401
2,0,713,1789633730823812096,3812346940651372
2,0,714,1789633730823823360,3812346940662363
2,0,715,1789633730823834624,3812346940673310
2,0,716,1789633730823844864,3812346940684252
2,0,717,1789633730823856128,3812346940695339
2,0,718,1789633730823867392,3812346940706310
2,0,719,1789633730823878656,3812346940717203
2,0,720,1789633730823888896,3812346940728114
2,0,721,1789633730823900160,3812346940739092
2,0,722,1789633730823911424,3812346940750147
2,0,723,1789633730823921664,3812346940761075
2,0,724,1789633730823932928,3812346940771988
2,0,725,1789633730823944192,3812346940783134
2,0,726,1789633730823955456,3812346940794122
2,0,727,1789633730823965696,3812346940805085
2,0,728,1789633730823976960,3812346940816022
2,0,729,1789633730823988224,3812346940826981
2,0,730,1789633730823999488,3812346940837929
2,0,731,1789633730824009728,3812346940848872
2,0,732,1789633730824020992,3812346940859823
2,0,733,1789633730824032256,3812346940870725
2,0,734,1789633730824042496,3812346940881738
2,0,735,1789633730824053760,3812346940892592
2,0,736,1789633730824065024,3812346940903539
2,0,737,1789633730824075264,3812346940914461
2,0,738,1789633730824086528,3812346940925522
2,0,739,1789633730824097792,3812346940936485
2,0,740,1789633730824108032,3812346940947459
2,0,741,1789633730824119296,3812346940958432
2,0,742,1789633730824130560,3812346940969399
2,0,743,1789633730824141824,3812346940980363
2,0,744,1789633730824152064,3812346940991340
2,0,745,1789633730824163328,3812346941002298
2,0,746,1789633730824174592,3812346941013301
2,0,747,1789633730824185856,3812346941024288
2,0,748,1789633730824196096,3812346941035228
2,0,749,1789633730824207360,3812346941046152
2,0,750,1789633730824218624,3812346941057142
2,0,751,1789633730824228864,3812346941068132
2,0,752,1789633730824240128,3812346941079098
2,0,753,1789633730824251392,3812346941090070
2,0,754,1789633730824261632,3812346941101110
2,0,755,1789633730824272896,3812346941112045
2,0,756,1789633730824284160,3812346941122981
2,0,757,1789633730824295424,3812346941133900
2,0,758,1789633730824305664,3812346941144812
2,0,759,1789633730824316928,3812346941155905
2,0,760,1789633730824328192,3812346941166848
2,0,761,1789633730824338432,3812346941177760
2,0,762,1789633730824349696,3812346941188710
2,0,763,1789633730824360960,3812346941199690
2,0,764,1789633730824372224,3812346941210640
2,0,765,1789633730824382464,3812346941221592
2,0,766,1789633730824393728,3812346941232525
2,0,767,1789633730824404992,3812346941243523
2,0,768,1789633730824415232,3812346941254423
2,0,769,1789633730824426496,3812346941265352
2,0,770,1789633730824437760,3812346941276250
2,0,771,1789633730824448000,3812346941287230
2,0,772,1789633730824459264,3812346941298150
2,0,773,1789633730824470528,3812346941309148
2,0,774,1789633730824480768,3812346941320045
2,0,775,1789633730824492032,3812346941331045
2,0,776,1789633730824503296,3812346941342041
2,0,777,1789633730824514560,3812346941352968
2,0,778,1789633730824524800,3812346941363888
2,0,779,1789633730824536064,3812346941374896
2,0,780,1789633730824547328,3812346941385915
2,0,781,1789633730824557568,3812346941396910
2,0,782,1789633730824568832,3812346941407832
2,0,783,1789633730824580096,3812346941418825
2,0,784,1789633730824590336,3812346941429790
2,0,785,1789633730824601600,3812346941440748
2,0,786,1789633730824612864,3812346941451738
2,0,787,1789633730824624128,3812346941462618
2,0,788,1789633730824634368,3812346941473710
2,0,789,1789633730824645632,3812346941484690
2,0,790,1789633730824656896,3812346941495685
2,0,791,1789633730824668160,3812346941506658
2,0,792,1789633730824678400,3812346941517601
2,0,793,1789633730824689664,3812346941528550
2,0,794,1789633730824700928,3812346941539501
2,0,795,1789633730824711168,3812346941550465
2,0,796,1789633730824722432,3812346941561498
2,0,797,1789633730824733696,3812346941572472
2,0,798,1789633730824744960,3812346941584412
2,0,799,1789633730824755200,3812346941594318
2,0,800,1789633730824766464,3812346941605312
2,0,801,1789633730824777728,3812346941616334
2,0,802,1789633730824787968,3812346941627281
2,0,803,1789633730824799232,3812346941638179
2,0,804,1789633730824810496,3812346941649070
2,0,805,1789633730824820736,3812346941659987
2,0,806,1789633730824832000,3812346941670938
2,0,807,1789633730824843264,3812346941681868
2,0,808,1789633730824853504,3812346941692785
2,0,809,1789633730824864768,3812346941703695
2,0,810,1789633730824876032,3812346941714625
2,0,811,1789633730824886272,3812346941725558
2,0,812,1789633730824897536,3812346941736510
2,0,813,1789633730824908800,3812346941747438
2,0,814,1789633730824919040,3812346941758538
2,0,815,1789633730824930304,3812346941769488
2,0,816,1789633730824941568,3812346941780455
2,0,817,1789633730824952832,3812346941791332
2,0,818,1789633730824963072,3812346941802292
2,0,819,1789633730824974336,3812346941813355
2,0,820,1789633730824985600,3812346941824298
2,0,821,1789633730824995840,3812346941835225
2,0,822,1789633730825007104,3812346941846325
2,0,823,1789633730825018368,3812346941857238
2,0,824,1789633730825029632,3812346941868218
2,0,825,1789633730825039872,3812346941879138
2,0,826,1789633730825051136,3812346941890132
2,0,827,1789633730825062400,3812346941901150
2,0,828,1789633730825073664,3812346941912135
2,0,829,1789633730825083904,3812346941923156
2,0,830,1789633730825095168,3812346941934098
2,0,831,1789633730825106432,3812346941945078
2,0,832,1789633730825116672,3812346941956068
2,0,833,1789633730825127936,3812346941966958
2,0,834,1789633730825139200,3812346941977923
2,0,835,1789633730825150464,3812346941988908
2,0,836,1789633730825160704,3812346941999881
2,0,837,1789633730825171968,3812346942010830
2,0,838,1789633730825183232,3812346942021892
2,0,839,1789633730825193472,3812346942032827
2,0,840,1789633730825204736,3812346942043778
2,0,841,1789633730825216000,3812346942054795
2,0,842,1789633730825227264,3812346942065815
2,0,843,1789633730825237504,3812346942076721
2,0,844,1789633730825248768,3812346942087661
2,0,845,1789633730825260032,3812346942098610
2,0,846,1789633730825270272,3812346942109680
2,0,847,1789633730825281536,3812346942120630
2,0,848,1789633730825292800,3812346942131505
2,0,849,1789633730825303040,3812346942142432
2,0,850,1789633730825314304,3812346942153390
2,0,851,1789633730825325568,3812346942164327
2,0,852,1789633730825335808,3812346942175275
2,0,853,1789633730825347072,3812346942186248
2,0,854,1789633730825358336,3812346942197163
2,0,855,1789633730825369600,3812346942208125
2,0,856,1789633730825379840,3812346942219120
2,0,857,1789633730825391104,3812346942230130
2,0,858,1789633730825402368,3812346942241028
2,0,859,1789633730825412608,3812346942252089
2,0,860,1789633730825423872,3812346942263048
2,0,861,1789633730825435136,3812346942274023
2,0,862,1789633730825446400,3812346942285001
2,0,863,1789633730825456640,3812346942295965
2,0,864,1789633730825467904,3812346942306915
2,0,865,1789633730825479168,3812346942317880
2,0,866,1789633730825489408,3812346942328860
2,0,867,1789633730825500672,3812346942339885
2,0,868,1789633730825511936,3812346942350885
2,0,869,1789633730825523200,3812346942361830
2,0,870,1789633730825533440,3812346942372720
2,0,871,1789633730825544704,3812346942383712
2,0,872,1789633730825555968,3812346942394710
2,0,873,1789633730825566208,3812346942405690
2,0,874,1789633730825577472,3812346942416650
2,0,875,1789633730825588736,3812346942427650
2,0,876,1789633730825600000,3812346942438645
2,0,877,1789633730825610240,3812346942449610
2,0,878,1789633730825621504,3812346942460568
2,0,879,1789633730825632768,3812346942471560
2,0,880,1789633730825644032,3812346942482505
2,0,881,1789633730825654272,3812346942493516
2,0,882,1789633730825665536,3812346942504476
2,0,883,1789633730825676800,3812346942515452
2,0,884,1789633730825687040,3812346942526418
2,0,885,1789633730825698304,3812346942537308
2,0,886,1789633730825709568,3812346942548258
2,0,887,1789633730825719808,3812346942559178
2,0,888,1789633730825731072,3812346942570274
2,0,889,1789633730825742336,3812346942581167
2,0,890,1789633730825753600,3812346942592090
2,0,891,1789633730825763840,3812346942603045
2,0,892,1789633730825775104,3812346942614014
2,0,893,1789633730825786368,3812346942624988
2,0,894,1789633730825796608,3812346942635985
2,0,895,1789633730825807872,3812346942646898
2,0,896,1789633730825819136,3812346942657868
2,0,897,1789633730825829376,3812346942668815
2,0,898,1789633730825840640,3812346942679755
2,0,899,1789633730825851904,3812346942690682
2,0,900,1789633730825863168,3812346942701740
2,0,901,1789633730825873408,3812346942712688
2,0,902,1789633730825884672,3812346942723658
2,0,903,1789633730825895936,3812346942734580
2,0,904,1789633730825906176,3812346942745652
2,0,905,1789633730825917440,3812346942756623
2,0,906,1789633730825928704,3812346942767572
2,0,907,1789633730825939968,3812346942778560
2,0,908,1789633730825950208,3812346942789556
2,0,909,1789633730825961472,3812346942800552
2,0,910,1789633730825972736,3812346942811495
2,0,911,1789633730825982976,3812346942822423
2,0,912,1789633730825994240,3812346942833430
2,0,913,1789633730826005504,3812346942844388
2,0,914,1789633730826016768,3812346942855348
2,0,915,1789633730826027008,3812346942866280
2,0,916,1789633730826038272,3812346942877268
2,0,917,1789633730826049536,3812346942888225
2,0,918,1789633730826059776,3812346942899190
2,0,919,1789633730826071040,3812346942910110
2,0,920,1789633730826082304,3812346942921052
2,0,921,1789633730826092544,3812346942931998
2,0,922,1789633730826103808,3812346942942915
2,0,923,1789633730826115072,3812346942953888
2,0,924,1789633730826126336,3812346942964861
2,0,925,1789633730826136576,3812346942975841
2,0,926,1789633730826147840,3812346942986808
2,0,927,1789633730826159104,3812346942997748
2,0,928,1789633730826169344,3812346943008698
2,0,929,1789633730826180608,3812346943019688
2,0,930,1789633730826191872,3812346943030681
2,0,931,1789633730826203136,3812346943041630
2,0,932,1789633730826213376,3812346943052572
2,0,933,1789633730826224640,3812346943063635
2,0,934,1789633730826235904,3812346943074601
2,0,935,1789633730826246144,3812346943085550
2,0,936,1789633730826257408,3812346943096507
2,0,937,1789633730826268672,3812346943107458
2,0,938,1789633730826279936,3812346943118461
2,0,939,1789633730826290176,3812346943129410
2,0,940,1789633730826301440,3812346943140348
2,0,941,1789633730826312704,3812346943151432
2,0,942,1789633730826322944,3812346943162375
2,0,943,1789633730826334208,3812346943173308
2,0,944,1789633730826345472,3812346943184258
2,0,945,1789633730826356736,3812346943195232
2,0,946,1789633730826366976,3812346943206248
2,0,947,1789633730826378240,3812346943217212
2,0,948,1789633730826389504,3812346943228148
2,0,949,1789633730826399744,3812346943239210
2,0,950,1789633730826411008,3812346943250161
2,0,951,1789633730826422272,3812346943261118
2,0,952,1789633730826433536,3812346943272048
2,0,953,1789633730826443776,3812346943282988
2,0,954,1789633730826455040,3812346943294035
2,0,955,1789633730826466304,3812346943304972
2,0,956,1789633730826476544,3812346943315868
2,0,957,1789633730826487808,3812346943326795
2,0,958,1789633730826499072,3812346943337745
2,0,959,1789633730826509312,3812346943348655
2,0,960,1789633730826520576,3812346943359578
2,0,961,1789633730826531840,3812346943370505
2,0,962,1789633730826542080,3812346943381412
2,0,963,1789633730826553344,3812346943392382
2,0,964,1789633730826564608,3812346943403288
2,0,965,1789633730826574848,3812346943414239
2,0,966,1789633730826586112,3812346943425128
2,0,967,1789633730826597376,3812346943436041
2,0,968,1789633730826607616,3812346943447005
2,0,969,1789633730826618880,3812346943457925
2,0,970,1789633730826630144,3812346943468921
2,0,971,1789633730826640384,3812346943479872
2,0,972,1789633730826651648,3812346943490880
2,0,973,1789633730826662912,3812346943501837
2,0,974,1789633730826674176,3812346943512796
2,0,975,1789633730826684416,3812346943523698
2,0,976,1789633730826695680,3812346943534710
2,0,977,1789633730826706944,3812346943545692
2,0,978,1789633730826717184,3812346943556674
2,0,979,1789633730826728448,3812346943567628
2,0,980,1789633730826739712,3812346943578660
2,0,981,1789633730826750976,3812346943589638
2,0,982,1789633730826761216,3812346943600618
2,0,983,1789633730826772480,3812346943611570
2,0,984,1789633730826783744,3812346943622528
2,0,985,1789633730826795008,3812346943633539
2,0,986,1789633730826805248,3812346943644481
2,0,987,1789633730826816512,3812346943655430
2,0,988,1789633730826827776,3812346943666448
2,0,989,1789633730826838016,3812346943677428
2,0,990,1789633730826849280,3812346943688400
2,0,991,1789633730826860544,3812346943699350
2,0,992,1789633730826871808,3812346943710338
2,0,993,1789633730826882048,3812346943721283
2,0,994,1789633730826893312,3812346943732252
2,0,995,1789633730826904576,3812346943743150
2,0,996,1789633730826914816,3812346943754235
2,0,997,1789633730826926080,3812346943765178
2,0,998,1789633730826937344,3812346943776128
2,0,999,1789633730826947584,3812346943787065
2,0,1000,1789633730826958848,3812346943798036
2,0,1001,1789633730826970112,3812346943809060
2,0,1002,1789633730826981376,3812346943820012
2,0,1003,1789633730826991616,3812346943830930
2,0,1004,1789633730827002880,3812346943841827
2,0,1005,1789633730827014144,3812346943852756
2,0,1006,1789633730827024384,3812346943863682
2,0,1007,1789633730827035648,3812346943874614
2,0,1008,1789633730827046912,3812346943885514
2,0,1009,1789633730827057152,3812346943896652
2,0,1010,1789633730827068416,3812346943907598
2,0,1011,1789633730827079680,3812346943918570
2,0,1012,1789633730827090944,3812346943929541
2,0,1013,1789633730827101184,3812346943940505
2,0,1014,1789633730827112448,3812346943951532
2,0,1015,1789633730827123712,3812346943962556
2,0,1016,1789633730827134976,3812346943973534
2,0,1017,1789633730827145216,3812346943984638
2,0,1018,1789633730827156480,3812346943995570
2,0,1019,1789633730827167744,3812346944006528
2,0,1020,1789633730827177984,3812346944017606
2,0,1021,1789633730827189248,3812346944028585
2,0,1022,1789633730827200512,3812346944039548
2,0,1023,1789633730827211776,3812346944050536
2,0,1024,1789633730827222016,3812346944061512
2,0,1025,1789633730827233280,3812346944072454
2,0,1026,1789633730827244544,3812346944083381
2,0,1027,1789633730827255808,3812346944094363
2,0,1028,1789633730827266048,3812346944105378
2,0,1029,1789633730827277312,3812346944116380
2,0,1030,1789633730827288576,3812346944127308
2,0,1031,1789633730827298816,3812346944138272
2,0,1032,1789633730827310080,3812346944149230
2,0,1033,1789633730827321344,3812346944160212
2,0,1034,1789633730827332608,3812346944171167
2,0,1035,1789633730827342848,3812346944182156
2,0,1036,1789633730827354112,3812346944193172
2,0,1037,1789633730827365376,3812346944204130
2,0,1038,1789633730827375616,3812346944215072
2,0,1039,1789633730827386880,3812346944226038
2,0,1040,1789633730827398144,3812346944237009
2,0,1041,1789633730827409408,3812346944247983
2,0,1042,1789633730827419648,3812346944258972
2,0,1043,1789633730827430912,3812346944269950
2,0,1044,1789633730827442176,3812346944280960
2,0,1045,1789633730827452416,3812346944291910
2,0,1046,1789633730827463680,3812346944302845
2,0,1047,1789633730827474944,3812346944313803
2,0,1048,1789633730827486208,3812346944324788
2,0,1049,1789633730827496448,3812346944335785
2,0,1050,1789633730827507712,3812346944346772
2,0,1051,1789633730827518976,3812346944357692
2,0,1052,1789633730827529216,3812346944368740
2,0,1053,1789633730827540480,3812346944379698
2,0,1054,1789633730827551744,3812346944390670
2,0,1055,1789633730827563008,3812346944401602
2,0,1056,1789633730827573248,3812346944412598
2,0,1057,1789633730827584512,3812346944423565
2,0,1058,1789633730827595776,3812346944434508
2,0,1059,1789633730827606016,3812346944445412
2,0,1060,1789633730827617280,3812346944456550
2,0,1061,1789633730827628544,3812346944467514
2,0,1062,1789633730827639808,3812346944478454
2,0,1063,1789633730827650048,3812346944489438
2,0,1064,1789633730827661312,3812346944500418
2,0,1065,1789633730827672576,3812346944511374
2,0,1066,1789633730827683840,3812346944522354
2,0,1067,1789633730827694080,3812346944533305
2,0,1068,1789633730827705344,3812346944544330
2,0,1069,1789633730827716608,3812346944555310
2,0,1070,1789633730827726848,3812346944566270
2,0,1071,1789633730827738112,3812346944577218
2,0,1072,1789633730827749376,3812346944588174
2,0,1073,1789633730827759616,3812346944599147
2,0,1074,1789633730827770880,3812346944610098
2,0,1075,1789633730827782144,3812346944621048
2,0,1076,1789633730827793408,3812346944632119
2,0,1077,1789633730827803648,3812346944643068
2,0,1078,1789633730827814912,3812346944654008
2,0,1079,1789633730827826176,3812346944664945
2,0,1080,1789633730827836416,3812346944675888
2,0,1081,1789633730827847680,3812346944686923
2,0,1082,1789633730827858944,3812346944697869
2,0,1083,1789633730827870208,3812346944708783
2,0,1084,1789633730827880448,3812346944719684
2,0,1085,1789633730827891712,3812346944730648
2,0,1086,1789633730827902976,3812346944741580
2,0,1087,1789633730827913216,3812346944752548
2,0,1088,1789633730827924480,3812346944763543
2,0,1089,1789633730827935744,3812346944774518
2,0,1090,1789633730827945984,3812346944785485
2,0,1091,1789633730827957248,3812346944796423
2,0,1092,1789633730827968512,3812346944807332
2,0,1093,1789633730827979776,3812346944818350
2,0,1094,1789633730827990016,3812346944829341
2,0,1095,1789633730828001280,3812346944840310
2,0,1096,1789633730828012544,3812346944851222
2,0,1097,1789633730828022784,3812346944862308
2,0,1098,1789633730828034048,3812346944873281
2,0,1099,1789633730828045312,3812346944884263
2,0,1100,1789633730828056576,3812346944895220
2,0,1101,1789633730828066816,3812346944906243
2,0,1102,1789633730828078080,3812346944917181
2,0,1103,1789633730828089344,3812346944928218
2,0,1104,1789633730828100608,3812346944939188
2,0,1105,1789633730828110848,3812346944950125
2,0,1106,1789633730828122112,3812346944961098
2,0,1107,1789633730828133376,3812346944972070
2,0,1108,1789633730828143616,3812346944983034
2,0,1109,1789633730828154880,3812346944994028
2,0,1110,1789633730828166144,3812346945004950
2,0,1111,1789633730828177408,3812346945015914
2,0,1112,1789633730828187648,3812346945026865
2,0,1113,1789633730828198912,3812346945037874
2,0,1114,1789633730828210176,3812346945048872
2,0,1115,1789633730828220416,3812346945059788
2,0,1116,1789633730828231680,3812346945070732
2,0,1117,1789633730828242944,3812346945081737
2,0,1118,1789633730828253184,3812346945092709
2,0,1119,1789633730828264448,3812346945103657
2,0,1120,1789633730828275712,3812346945114583
2,0,1121,1789633730828286976,3812346945125701
2,0,1122,1789633730828297216,3812346945136656
2,0,1123,1789633730828308480,3812346945147577
2,0,1124,1789633730828319744,3812346945158580
2,0,1125,1789633730828329984,3812346945169502
2,0,1126,1789633730828341248,3812346945180503
2,0,1127,1789633730828352512,3812346945191437
2,0,1128,1789633730828363776,3812346945202365
2,0,1129,1789633730828374016,3812346945213460
2,0,1130,1789633730828385280,3812346945224407
2,0,1131,1789633730828396544,3812346945235322
2,0,1132,1789633730828406784,3812346945246270
2,0,1133,1789633730828418048,3812346945257205
2,0,1134,1789633730828429312,3812346945268290
2,0,1135,1789633730828440576,3812346945279212
2,0,1136,1789633730828450816,3812346945290220
2,0,1137,1789633730828462080,3812346945301247
2,0,1138,1789633730828473344,3812346945312202
2,0,1139,1789633730828484608,3812346945323145
2,0,1140,1789633730828494848,3812346945334147
2,0,1141,1789633730828506112,3812346945345150
2,0,1142,1789633730828517376,3812346945356085
2,0,1143,1789633730828527616,3812346945367034
2,0,1144,1789633730828538880,3812346945378010
2,0,1145,1789633730828550144,3812346945389040
2,0,1146,1789633730828561408,3812346945400012
2,0,1147,1789633730828571648,3812346945410987
2,0,1148,1789633730828582912,3812346945421987
2,0,1149,1789633730828594176,3812346945433005
2,0,1150,1789633730828605440,3812346945444003
2,0,1151,1789633730828615680,3812346945454985
2,0,1152,1789633730828626944,3812346945466004
2,0,1153,1789633730828638208,3812346945477060
2,0,1154,1789633730828648448,3812346945488027
2,0,1155,1789633730828659712,3812346945499050
2,0,1156,1789633730828670976,3812346945510025
2,0,1157,1789633730828682240,3812346945521052
2,0,1158,1789633730828692480,3812346945532021
2,0,1159,1789633730828703744,3812346945543150
2,0,1160,1789633730828715008,3812346945554147
2,0,1161,1789633730828726272,3812346945565174
2,0,1162,1789633730828737536,3812346945576307
2,0,1163,1789633730828747776,3812346945587314
2,0,1164,1789633730828759040,3812346945598317
2,0,1165,1789633730828770304,3812346945609314
2,0,1166,1789633730828781568,3812346945620325
2,0,1167,1789633730828791808,3812346945631334
2,0,1168,1789633730828803072,3812346945642329
2,0,1169,1789633730828814336,3812346945653347
2,0,1170,1789633730828825600,3812346945664365
2,0,1171,1789633730828835840,3812346945675390
2,0,1172,1789633730828847104,3812346945686353
2,0,1173,1789633730828858368,3812346945697349
2,0,1174,1789633730828869632,3812346945708327
2,0,1175,1789633730828879872,3812346945719321
2,0,1176,1789633730828891136,3812346945730416
2,0,1177,1789633730828902400,3812346945741398
2,0,1178,1789633730828913664,3812346945752400
2,0,1179,1789633730828923904,3812346945763435
2,0,1180,1789633730828935168,3812346945774429
2,0,1181,1789633730828946432,3812346945785436
2,0,1182,1789633730828957696,3812346945796459
2,0,1183,1789633730828967936,3812346945807471
2,0,1184,1789633730828979200,3812346945818484
2,0,1185,1789633730828990464,3812346945829501
2,0,1186,1789633730829001728,3812346945840535
2,0,1187,1789633730829011968,3812346945851611
2,0,1188,1789633730829023232,3812346945862621
2,0,1189,1789633730829034496,3812346945873647
2,0,1190,1789633730829045760,3812346945884759
2,0,1191,1789633730829057024,3812346945895749
2,0,1192,1789633730829067264,3812346945906767
2,0,1193,1789633730829078528,3812346945917732
2,0,1194,1789633730829089792,3812346945928801
2,0,1195,1789633730829101056,3812346945939809
2,0,1196,1789633730829111296,3812346945950859
2,0,1197,1789633730829122560,3812346945961837
2,0,1198,1789633730829133824,3812346945972841
2,0,1199,1789633730829145088,3812346945983819
2,0,1200,1789633730829155328,3812346945994779
2,0,1201,1789633730829166592,3812346946005774
2,0,1202,1789633730829177856,3812346946016741
2,0,1203,1789633730829189120,3812346946027741
2,0,1204,1789633730829199360,3812346946038891
2,0,1205,1789633730829210624,3812346946049904
2,0,1206,1789633730829221888,3812346946060901
2,0,1207,1789633730829233152,3812346946072074
2,0,1208,1789633730829244416,3812346946083044
2,0,1209,1789633730829254656,3812346946094031
2,0,1210,1789633730829265920,3812346946105021
2,0,1211,1789633730829277184,3812346946116047
2,0,1212,1789633730829288448,3812346946127049
2,0,1213,1789633730829298688,3812346946138141
2,0,1214,1789633730829309952,3812346946149141
2,0,1215,1789633730829321216,3812346946160151
2,0,1216,1789633730829332480,3812346946171321
2,0,1217,1789633730829342720,3812346946182291
2,0,1218,1789633730829353984,3812346946193274
2,0,1219,1789633730829365248,3812346946204259
2,0,1220,1789633730829376512,3812346946215235
2,0,1221,1789633730829386752,3812346946226187
2,0,1222,1789633730829398016,3812346946237225
2,0,1223,1789633730829409280,3812346946248201
2,0,1224,1789633730829420544,3812346946259334
2,0,1225,1789633730829430784,3812346946270367
2,0,1226,1789633730829442048,3812346946281377
2,0,1227,1789633730829453312,3812346946292447
2,0,1228,1789633730829464576,3812346946303554
2,0,1229,1789633730829475840,3812346946314505
2,0,1230,1789633730829486080,3812346946325454
2,0,1231,1789633730829497344,3812346946336411
2,0,1232,1789633730829508608,3812346946347351
2,0,1233,1789633730829518848,3812346946358240
2,0,1234,1789633730829530112,3812346946369244
2,0,1235,1789633730829541376,3812346946380257
2,0,1236,1789633730829552640,3812346946391180
2,0,1237,1789633730829562880,3812346946402077
2,0,1238,1789633730829574144,3812346946413027
2,0,1239,1789633730829585408,3812346946423979
2,0,1240,1789633730829595648,3812346946434899
2,0,1241,1789633730829606912,3812346946445851
2,0,1242,1789633730829618176,3812346946456844
2,0,1243,1789633730829628416,3812346946467831
2,0,1244,1789633730829639680,3812346946478829
2,0,1245,1789633730829650944,3812346946489769
2,0,1246,1789633730829661184,3812346946500671
2,0,1247,1789633730829672448,3812346946511631
2,0,1248,1789633730829683712,3812346946522647
2,0,1249,1789633730829694976,3812346946533651
2,0,1250,1789633730829705216,3812346946544609
2,0,1251,1789633730829716480,3812346946555607
2,0,1252,1789633730829727744,3812346946566579
2,0,1253,1789633730829737984,3812346946577517
2,0,1254,1789633730829749248,3812346946588439
2,0,1255,1789633730829760512,3812346946599384
2,0,1256,1789633730829771776,3812346946610447
2,0,1257,1789633730829782016,3812346946621391
2,0,1258,1789633730829793280,3812346946632299
2,0,1259,1789633730829804544,3812346946643421
2,0,1260,1789633730829815808,3812346946654345
2,0,1261,1789633730829826048,3812346946665279
2,0,1262,1789633730829837312,3812346946676229
2,0,1263,1789633730829848576,3812346946687237
2,0,1264,1789633730829858816,3812346946698230
2,0,1265,1789633730829870080,3812346946709181
2,0,1266,1789633730829881344,3812346946720124
2,0,1267,1789633730829891584,3812346946731192
2,0,1268,1789633730829902848,3812346946742151
2,0,1269,1789633730829914112,3812346946753117
2,0,1270,1789633730829925376,3812346946764025
2,0,1271,1789633730829935616,3812346946774997
2,0,1272,1789633730829946880,3812346946786011
2,0,1273,1789633730829958144,3812346946796977
2,0,1274,1789633730829968384,3812346946807871
2,0,1275,1789633730829979648,3812346946819001
2,0,1276,1789633730829990912,3812346946829981
2,0,1277,1789633730830002176,3812346946840921
2,0,1278,1789633730830012416,3812346946851884
2,0,1279,1789633730830023680,3812346946862881
2,0,1280,1789633730830034944,3812346946873837
2,0,1281,1789633730830046208,3812346946884807
2,0,1282,1789633730830056448,3812346946895761
2,0,1283,1789633730830067712,3812346946906769
2,0,1284,1789633730830078976,3812346946917759
2,0,1285,1789633730830089216,3812346946928677
2,0,1286,1789633730830100480,3812346946939681
2,0,1287,1789633730830111744,3812346946950644
2,0,1288,1789633730830123008,3812346946961601
2,0,1289,1789633730830133248,3812346946972551
2,0,1290,1789633730830144512,3812346946983539
2,0,1291,1789633730830155776,3812346946994551
2,0,1292,1789633730830166016,3812346947005457
2,0,1293,1789633730830177280,3812346947016384
2,0,1294,1789633730830188544,3812346947027341
2,0,1295,1789633730830198784,3812346947038309
2,0,1296,1789633730830210048,3812346947049387
2,0,1297,1789633730830221312,3812346947060324
2,0,1298,1789633730830232576,3812346947071259
2,0,1299,1789633730830242816,3812346947082359
2,0,1300,1789633730830254080,3812346947093349
2,0,1301,1789633730830265344,3812346947104284
2,0,1302,1789633730830276608,3812346947115267
2,0,1303,1789633730830286848,3812346947126211
2,0,1304,1789633730830298112,3812346947137161
2,0,1305,1789633730830309376,3812346947148144
2,0,1306,1789633730830319616,3812346947159124
2,0,1307,1789633730830330880,3812346947170131
2,0,1308,1789633730830342144,3812346947181101
2,0,1309,1789633730830353408,3812346947192019
2,0,1310,1789633730830363648,3812346947202999
2,0,1311,1789633730830374912,3812346947213949
2,0,1312,1789633730830386176,3812346947224965
2,0,1313,1789633730830396416,3812346947235916
2,0,1314,1789633730830407680,3812346947246847
2,0,1315,1789633730830418944,3812346947257917
2,0,1316,1789633730830430208,3812346947268890
2,0,1317,1789633730830440448,3812346947279841
2,0,1318,1789633730830451712,3812346947290837
2,0,1319,1789633730830462976,3812346947301787
2,0,1320,1789633730830473216,3812346947312724
2,0,1321,1789633730830484480,3812346947323674
2,0,1322,1789633730830495744,3812346947334614
2,0,1323,1789633730830507008,3812346947345703
2,0,1324,1789633730830517248,3812346947356641
2,0,1325,1789633730830528512,3812346947367527
2,0,1326,1789633730830539776,3812346947378459
2,0,1327,1789633730830550016,3812346947389424
2,0,1328,1789633730830561280,3812346947400547
2,0,1329,1789633730830572544,3812346947411459
2,0,1330,1789633730830583808,3812346947422374
2,0,1331,1789633730830594048,3812346947433309
2,0,1332,1789633730830605312,3812346947444249
2,0,1333,1789633730830616576,3812346947455161
2,0,1334,1789633730830626816,3812346947466117
2,0,1335,1789633730830638080,3812346947477089
2,0,1336,1789633730830649344,3812346947488110
2,0,1337,1789633730830659584,3812346947499087
2,0,1338,1789633730830670848,3812346947510079
2,0,1339,1789633730830682112,3812346947521029
2,0,1340,1789633730830693376,3812346947532025
2,0,1341,1789633730830703616,3812346947542974
2,0,1342,1789633730830714880,3812346947553908
2,0,1343,1789633730830726144,3812346947564870
2,0,1344,1789633730830736384,3812346947575910
2,0,1345,1789633730830747648,3812346947586897
2,0,1346,1789633730830758912,3812346947597861
2,0,1347,1789633730830770176,3812346947608827
2,0,1348,1789633730830780416,3812346947619774
2,0,1349,1789633730830791680,3812346947630724
2,0,1350,1789633730830802944,3812346947641731
2,0,1351,1789633730830813184,3812346947652647
2,0,1352,1789633730830824448,3812346947663699
2,0,1353,1789633730830835712,3812346947674673
2,0,1354,1789633730830846976,3812346947685681
2,0,1355,1789633730830857216,3812346947696660
2,0,1356,1789633730830868480,3812346947707649
2,0,1357,1789633730830879744,3812346947718599
2,0,1358,1789633730830891008,3812346947729557
2,0,1359,1789633730830901248,3812346947740509
2,0,1360,1789633730830912512,3812346947751479
2,0,1361,1789633730830923776,3812346947762459
2,0,1362,1789633730830934016,3812346947773407
2,0,1363,1789633730830945280,3812346947784381
2,0,1364,1789633730830956544,3812346947795359
2,0,1365,1789633730830966784,3812346947806359
2,0,1366,1789633730830978048,3812346947817345
2,0,1367,1789633730830989312,3812346947828329
2,0,1368,1789633730831000576,3812346947839281
2,0,1369,1789633730831010816,3812346947850291
2,0,1370,1789633730831022080,3812346947861301
2,0,1371,1789633730831033344,3812346947872431
2,0,1372,1789633730831044608,3812346947883549
2,0,1373,1789633730831055872,3812346947894519
2,0,1374,1789633730831066112,3812346947905591
2,0,1375,1789633730831077376,3812346947916591
2,0,1376,1789633730831088640,3812346947927579
2,0,1377,1789633730831099904,3812346947938583
2,0,1378,1789633730831110144,3812346947949591
2,0,1379,1789633730831121408,3812346947960594
2,0,1380,1789633730831132672,3812346947971609
2,0,1381,1789633730831143936,3812346947982617
2,0,1382,1789633730831154176,3812346947993625
2,0,1383,1789633730831165440,3812346948004617
2,0,1384,1789633730831176704,3812346948015631
2,0,1385,1789633730831187968,3812346948026807
2,0,1386,1789633730831198208,3812346948037823
2,0,1387,1789633730831209472,3812346948048867
2,0,1388,1789633730831220736,3812346948059957
2,0,1389,1789633730831232000,3812346948070967
2,0,1390,1789633730831243264,3812346948081947
2,0,1391,1789633730831253504,3812346948092969
2,0,1392,1789633730831264768,3812346948103905
2,0,1393,1789633730831276032,3812346948114901
2,0,1394,1789633730831287296,3812346948126047
2,0,1395,1789633730831297536,3812346948137059
2,0,1396,1789633730831308800,3812346948148049
2,0,1397,1789633730831320064,3812346948159061
2,0,1398,1789633730831331328,3812346948170011
2,0,1399,1789633730831341568,3812346948180999
2,0,1400,1789633730831352832,3812346948191995
2,0,1401,1789633730831364096,3812346948203010
2,0,1402,1789633730831375360,3812346948214069
2,0,1403,1789633730831385600,3812346948225111
2,0,1404,1789633730831396864,3812346948236072
2,0,1405,1789633730831408128,3812346948247243
2,0,1406,1789633730831419392,3812346948258219
2,0,1407,1789633730831429632,3812346948269241
2,0,1408,1789633730831440896,3812346948280223
2,0,1409,1789633730831452160,3812346948291241
2,0,1410,1789633730831463424,3812346948302231
2,0,1411,1789633730831473664,3812346948313320
2,0,1412,1789633730831484928,3812346948324329
2,0,1413,1789633730831496192,3812346948335294
2,0,1414,1789633730831507456,3812346948346321
2,0,1415,1789633730831518720,3812346948357331
2,0,1416,1789633730831528960,3812346948368343
2,0,1417,1789633730831540224,3812346948379319
2,0,1418,1789633730831551488,3812346948390327
2,0,1419,1789633730831561728,3812346948401331
2,0,1420,1789633730831572992,3812346948412343
2,0,1421,1789633730831584256,3812346948423361
2,0,1422,1789633730831595520,3812346948434502
2,0,1423,1789633730831606784,3812346948445507
2,0,1424,1789633730831617024,3812346948456530
2,0,1425,1789633730831628288,3812346948467499
2,0,1426,1789633730831639552,3812346948478509
2,0,1427,1789633730831650816,3812346948489479
2,0,1428,1789633730831661056,3812346948500603
2,0,1429,1789633730831672320,3812346948511607
2,0,1430,1789633730831683584,3812346948522620
2,0,1431,1789633730831694848,3812346948533611
2,0,1432,1789633730831705088,3812346948544620
2,0,1433,1789633730831716352,3812346948555599
2,0,1434,1789633730831727616,3812346948566597
2,0,1435,1789633730831738880,3812346948577606
2,0,1436,1789633730831749120,3812346948588611
2,0,1437,1789633730831760384,3812346948599609
2,0,1438,1789633730831771648,3812346948610603
2,0,1439,1789633730831782912,3812346948621612
2,0,1440,1789633730831793152,3812346948632580
2,0,1441,1789633730831804416,3812346948643569
2,0,1442,1789633730831815680,3812346948654539
2,0,1443,1789633730831826944,3812346948665573
2,0,1444,1789633730831837184,3812346948676574
2,0,1445,1789633730831848448,3812346948687573
2,0,1446,1789633730831859712,3812346948698611
2,0,1447,1789633730831870976,3812346948709621
2,0,1448,1789633730831881216,3812346948720599
2,0,1449,1789633730831892480,3812346948731627
2,0,1450,1789633730831903744,3812346948742741
2,0,1451,1789633730831915008,3812346948753757
2,0,1452,1789633730831925248,3812346948764741
2,0,1453,1789633730831936512,3812346948775919
2,0,1454,1789633730831947776,3812346948786925
2,0,1455,1789633730831959040,3812346948797947
2,0,1456,1789633730831970304,3812346948809073
2,0,1457,1789633730831980544,3812346948820049
2,0,1458,1789633730831991808,3812346948831047
2,0,1459,1789633730832003072,3812346948841995
2,0,1460,1789633730832014336,3812346948853000
2,0,1461,1789633730832024576,3812346948863959
2,0,1462,1789633730832035840,3812346948874974
2,0,1463,1789633730832047104,3812346948885959
2,0,1464,1789633730832058368,3812346948896971
2,0,1465,1789633730832068608,3812346948908000
2,0,1466,1789633730832079872,3812346948918999
2,0,1467,1789633730832091136,3812346948930023
2,0,1468,1789633730832101376,3812346948940996
2,0,1469,1789633730832112640,3812346948952029
2,0,1470,1789633730832123904,3812346948963174
2,0,1471,1789633730832135168,3812346948974185
2,0,1472,1789633730832146432,3812346948985190
2,0,1473,1789633730832156672,3812346948996201
2,0,1474,1789633730832167936,3812346949007231
2,0,1475,1789633730832179200,3812346949018253
2,0,1476,1789633730832190464,3812346949029276
2,0,1477,1789633730832200704,3812346949040273
2,0,1478,1789633730832211968,3812346949051281
2,0,1479,1789633730832223232,3812346949062461
2,0,1480,1789633730832234496,3812346949073541
2,0,1481,1789633730832245760,3812346949084546
2,0,1482,1789633730832256000,3812346949095626
2,0,1483,1789633730832267264,3812346949106579
2,0,1484,1789633730832278528,3812346949117561
2,0,1485,1789633730832289792,3812346949128516
2,0,1486,1789633730832300032,3812346949139459
2,0,1487,1789633730832311296,3812346949150431
2,0,1488,1789633730832322560,3812346949161381
2,0,1489,1789633730832332800,3812346949172319
2,0,1490,1789633730832344064,3812346949183039
2,0,1491,1789633730832355328,3812346949193759
2,0,1492,1789633730832365568,3812346949204463
2,0,1493,1789633730832375808,3812346949215099
2,0,1494,1789633730832387072,3812346949225836
2,0,1495,1789633730832397312,3812346949236525
2,0,1496,1789633730832408576,3812346949247246
2,0,1497,1789633730832418816,3812346949257983
2,0,1498,1789633730832430080,3812346949268723
2,0,1499,1789633730832440320,3812346949279431
2,0,1500,1789633730832451584,3812346949290176
2,0,1501,1789633730832461824,3812346949300859
2,0,1502,1789633730832473088,3812346949311594
2,0,1503,1789633730832483328,3812346949322326
2,0,1504,1789633730832494592,3812346949333075
2,0,1505,1789633730832504832,3812346949343819
2,0,1506,1789633730832516096,3812346949354585
2,0,1507,1789633730832526336,3812346949365291
2,0,1508,1789633730832537600,3812346949376061
2,0,1509,1789633730832547840,3812346949386809
2,0,1510,1789633730832559104,3812346949397586
2,0,1511,1789633730832569344,3812346949408351
2,0,1512,1789633730832580608,3812346949419109
2,0,1513,1789633730832590848,3812346949429874
2,0,1514,1789633730832602112,3812346949440669
2,0,1515,1789633730832612352,3812346949451439
2,0,1516,1789633730832623616,3812346949462211
2,0,1517,1789633730832633856,3812346949472971
2,0,1518,1789633730832645120,3812346949483811
2,0,1519,1789633730832655360,3812346949494623
2,0,1520,1789633730832666624,3812346949505545
2,0,1521,1789633730832677888,3812346949516316
2,0,1522,1789633730832688128,3812346949527089
2,0,1523,1789633730832699392,3812346949537869
2,0,1524,1789633730832709632,3812346949548646
2,0,1525,1789633730832720896,3812346949559433
2,0,1526,1789633730832731136,3812346949570223
2,0,1527,1789633730832742400,3812346949584034
2,0,1528,1789633730832752640,3812346949591753
2,0,1529,1789633730832763904,3812346949602533
2,0,1530,1789633730832774144,3812346949613326
2,0,1531,1789633730832785408,3812346949624291
2,0,1532,1789633730832795648,3812346949635031
2,0,1533,1789633730832806912,3812346949645981
2,0,1534,1789633730832818176,3812346949656774
2,0,1535,1789633730832828416,3812346949667543
2,0,1536,1789633730832839680,3812346949678341
2,0,1537,1789633730832849920,3812346949689126
2,0,1538,1789633730832861184,3812346949699869
2,0,1539,1789633730832871424,3812346949710640
2,0,1540,1789633730832882688,3812346949721380
2,0,1541,1789633730832892928,3812346949732109
2,0,1542,1789633730832904192,3812346949742819
2,0,1543,1789633730832914432,3812346949753551
2,0,1544,1789633730832925696,3812346949764329
2,0,1545,1789633730832935936,3812346949775041
2,0,1546,1789633730832947200,3812346949785796
2,0,1547,1789633730832957440,3812346949796513
2,0,1548,1789633730832968704,3812346949807289
2,0,1549,1789633730832978944,3812346949817976
2,0,1550,1789633730832990208,3812346949828729
2,0,1551,1789633730833000448,3812346949839473
2,0,1552,1789633730833011712,3812346949850206
2,0,1553,1789633730833021952,3812346949860886
2,0,1554,1789633730833033216,3812346949871606
2,0,1555,1789633730833043456,3812346949882311
2,0,1556,1789633730833053696,3812346949893081
2,0,1557,1789633730833064960,3812346949903796
2,0,1558,1789633730833075200,3812346949914539
2,0,1559,1789633730833086464,3812346949925249
2,0,1560,1789633730833096704,3812346949936003
2,0,1561,1789633730833107968,3812346949946716
2,0,1562,1789633730833118208,3812346949957461
2,0,1563,1789633730833129472,3812346949968179
2,0,1564,1789633730833139712,3812346949978902
2,0,1565,1789633730833150976,3812346949989646
2,0,1566,1789633730833161216,3812346950000379
2,0,1567,1789633730833172480,3812346950011126
2,0,1568,1789633730833182720,3812346950021829
2,0,1569,1789633730833193984,3812346950032539
2,0,1570,1789633730833204224,3812346950043291
2,0,1571,1789633730833215488,3812346950053979
2,0,1572,1789633730833225728,3812346950064680
2,0,1573,1789633730833236992,3812346950075399
2,0,1574,1789633730833247232,3812346950086116
2,0,1575,1789633730833257472,3812346950096810
2,0,1576,1789633730833268736,3812346950107559
2,0,1577,1789633730833278976,3812346950118264
2,0,1578,1789633730833290240,3812346950128983
2,0,1579,1789633730833300480,3812346950139703
2,0,1580,1789633730833311744,3812346950150446
2,0,1581,1789633730833321984,3812346950161156
2,0,1582,1789633730833333248,3812346950171905
2,0,1583,1789633730833343488,3812346950182621
2,0,1584,1789633730833354752,3812346950193383
2,0,1585,1789633730833364992,3812346950204079
2,0,1586,1789633730833376256,3812346950214801
2,0,1587,1789633730833386496,3812346950225491
2,0,1588,1789633730833397760,3812346950236269
2,0,1589,1789633730833408000,3812346950246996
2,0,1590,1789633730833419264,3812346950257726
2,0,1591,1789633730833429504,3812346950268441
2,0,1592,1789633730833440768,3812346950279199
2,0,1593,1789633730833451008,3812346950289899
2,0,1594,1789633730833462272,3812346950300626
2,0,1595,1789633730833472512,3812346950311391
2,0,1596,1789633730833482752,3812346950322111
2,0,1597,1789633730833494016,3812346950332863
2,0,1598,1789633730833504256,3812346950343599
2,0,1599,1789633730833515520,3812346950354326
2,0,1600,1789633730833525760,3812346950365105
2,0,1601,1789633730833537024,3812346950375846
2,0,1602,1789633730833547264,3812346950386585
2,0,1603,1789633730833558528,3812346950397286
2,0,1604,1789633730833568768,3812346950407986
2,0,1605,1789633730833580032,3812346950418699
2,0,1606,1789633730833590272,3812346950429446
2,0,1607,1789633730833601536,3812346950440139
2,0,1608,1789633730833611776,3812346950450859
2,0,1609,1789633730833623040,3812346950461583
2,0,1610,1789633730833633280,3812346950472321
2,0,1611,1789633730833644544,3812346950483019
2,0,1612,1789633730833654784,3812346950493779
2,0,1613,1789633730833666048,3812346950504463
2,0,1614,1789633730833676288,3812346950515246
2,0,1615,1789633730833687552,3812346950525949
2,0,1616,1789633730833697792,3812346950536700
2,0,1617,1789633730833708032,3812346950547399
2,0,1618,1789633730833719296,3812346950558151
2,0,1619,1789633730833729536,3812346950568839
2,0,1620,1789633730833740800,3812346950579543
2,0,1621,1789633730833751040,3812346950590190
2,0,1622,1789633730833762304,3812346950600953
2,0,1623,1789633730833772544,3812346950611629
2,0,1624,1789633730833783808,3812346950622350
2,0,1625,1789633730833794048,3812346950633076
2,0,1626,1789633730833805312,3812346950643799
2,0,1627,1789633730833815552,3812346950654540
2,0,1628,1789633730833826816,3812346950665284
2,0,1629,1789633730833837056,3812346950676023
2,0,1630,1789633730833848320,3812346950686733
2,0,1631,1789633730833858560,3812346950697501
2,0,1632,1789633730833869824,3812346950708251
2,0,1633,1789633730833880064,3812346950718999
2,0,1634,1789633730833891328,3812346950729706
2,0,1635,1789633730833901568,3812346950740416
2,0,1636,1789633730833911808,3812346950751091
2,0,1637,1789633730833923072,3812346950761836
2,0,1638,1789633730833933312,3812346950772591
2,0,1639,1789633730833944576,3812346950783294
2,0,1640,1789633730833954816,3812346950793999
2,0,1641,1789633730833966080,3812346950804769
2,0,1642,1789633730833976320,3812346950815559
2,0,1643,1789633730833987584,3812346950826241
2,0,1644,1789633730833997824,3812346950836979
2,0,1645,1789633730834009088,3812346950847669
2,0,1646,1789633730834019328,3812346950858423
2,0,1647,1789633730834030592,3812346950869141
2,0,1648,1789633730834040832,3812346950879926
2,0,1649,1789633730834052096,3812346950890621
2,0,1650,1789633730834062336,3812346950901351
2,0,1651,1789633730834073600,3812346950912026
2,0,1652,1789633730834083840,3812346950922756
2,0,1653,1789633730834094080,3812346950933519
2,0,1654,1789633730834105344,3812346950944251
2,0,1655,1789633730834115584,3812346950954949
2,0,1656,1789633730834126848,3812346950965700
2,0,1657,1789633730834137088,3812346950976421
2,0,1658,1789633730834148352,3812346950987146
2,0,1659,1789633730834158592,3812346950997894
2,0,1660,1789633730834169856,3812346951008641
2,0,1661,1789633730834180096,3812346951019366
2,0,1662,1789633730834191360,3812346951030141
2,0,1663,1789633730834201600,3812346951040853
2,0,1664,1789633730834212864,3812346951051581
2,0,1665,1789633730834223104,3812346951062279
2,0,1666,1789633730834234368,3812346951073025
2,0,1667,1789633730834244608,3812346951083783
2,0,1668,1789633730834255872,3812346951094486
2,0,1669,1789633730834266112,3812346951105211
2,0,1670,1789633730834277376,3812346951115949
2,0,1671,1789633730834287616,3812346951126659
2,0,1672,1789633730834298880,3812346951137391
2,0,1673,1789633730834309120,3812346951148123
2,0,1674,1789633730834320384,3812346951158843
2,0,1675,1789633730834330624,3812346951169551
2,0,1676,1789633730834341888,3812346951180301
2,0,1677,1789633730834352128,3812346951191030
2,0,1678,1789633730834362368,3812346951201777
2,0,1679,1789633730834373632,3812346951212469
2,0,1680,1789633730834383872,3812346951223254
2,0,1681,1789633730834395136,3812346951233934
2,0,1682,1789633730834405376,3812346951244681
2,0,1683,1789633730834416640,3812346951255386
2,0,1684,1789633730834426880,3812346951266101
2,0,1685,1789633730834438144,3812346951276819
2,0,1686,1789633730834448384,3812346951287573
2,0,1687,1789633730834459648,3812346951298293
2,0,1688,1789633730834469888,3812346951309046
2,0,1689,1789633730834481152,3812346951319762
2,0,1690,1789633730834491392,3812346951330474
2,0,1691,1789633730834502656,3812346951341219
2,0,1692,1789633730834512896,3812346951351936
2,0,1693,1789633730834524160,3812346951362684
2,0,1694,1789633730834534400,3812346951373426
2,0,1695,1789633730834545664,3812346951384143
2,0,1696,1789633730834555904,3812346951394863
2,0,1697,1789633730834567168,3812346951405673
2,0,1698,1789633730834577408,3812346951416402
2,0,1699,1789633730834588672,3812346951427119
2,0,1700,1789633730834598912,3812346951437829
2,0,1701,1789633730834610176,3812346951448546
2,0,1702,1789633730834620416,3812346951459283
2,0,1703,1789633730834630656,3812346951469959
2,0,1704,1789633730834641920,3812346951480699
2,0,1705,1789633730834652160,3812346951491436
2,0,1706,1789633730834663424,3812346951502171
2,0,1707,1789633730834673664,3812346951512899
2,0,1708,1789633730834684928,3812346951523651
2,0,1709,1789633730834695168,3812346951534419
2,0,1710,1789633730834706432,3812346951545156
2,0,1711,1789633730834716672,3812346951555809
2,0,1712,1789633730834727936,3812346951566559
2,0,1713,1789633730834738176,3812346951577283
2,0,1714,1789633730834749440,3812346951588046
2,0,1715,1789633730834759680,3812346951598731
2,0,1716,1789633730834770944,3812346951609451
2,0,1717,1789633730834781184,3812346951620181
2,0,1718,1789633730834792448,3812346951630889
2,0,1719,1789633730834802688,3812346951641619
2,0,1720,1789633730834813952,3812346951652360
2,0,1721,1789633730834824192,3812346951663096
2,0,1722,1789633730834834432,3812346951673826
2,0,1723,1789633730834845696,3812346951684561
2,0,1724,1789633730834855936,3812346951695281
2,0,1725,1789633730834867200,3812346951706016
2,0,1726,1789633730834877440,3812346951716761
2,0,1727,1789633730834888704,3812346951727483
2,0,1728,1789633730834898944,3812346951738201
2,0,1729,1789633730834910208,3812346951748943
2,0,1730,1789633730834920448,3812346951759681
2,0,1731,1789633730834931712,3812346951770451
2,0,1732,1789633730834941952,3812346951781163
2,0,1733,1789633730834953216,3812346951791851
2,0,1734,1789633730834963456,3812346951802559
2,0,1735,1789633730834974720,3812346951813309
2,0,1736,1789633730834984960,3812346951824041
2,0,1737,1789633730834996224,3812346951834773
2,0,1738,1789633730835006464,3812346951845519
2,0,1739,1789633730835017728,3812346951856243
2,0,1740,1789633730835027968,3812346951867025
2,0,1741,1789633730835039232,3812346951877733
2,0,1742,1789633730835049472,3812346951888511
2,0,1743,1789633730835060736,3812346951899229
2,0,1744,1789633730835070976,3812346951910004
2,0,1745,1789633730835082240,3812346951920726
2,0,1746,1789633730835092480,3812346951931486
2,0,1747,1789633730835103744,3812346951942206
2,0,1748,1789633730835113984,3812346951952946
2,0,1749,1789633730835125248,3812346951963661
2,0,1750,1789633730835135488,3812346951974389
2,0,1751,1789633730835145728,3812346951985116
2,0,1752,1789633730835156992,3812346951995829
2,0,1753,1789633730835167232,3812346952006523
2,0,1754,1789633730835178496,3812346952017256
2,0,1755,1789633730835188736,3812346952027959
2,0,1756,1789633730835200000,3812346952038669
2,0,1757,1789633730835210240,3812346952049399
2,0,1758,1789633730835221504,3812346952060141
2,0,1759,1789633730835231744,3812346952070875
2,0,1760,1789633730835243008,3812346952081601
2,0,1761,1789633730835253248,3812346952092329
2,0,1762,1789633730835264512,3812346952103073
2,0,1763,1789633730835274752,3812346952113811
2,0,1764,1789633730835286016,3812346952124521
2,0,1765,1789633730835296256,3812346952135256
2,0,1766,1789633730835307520,3812346952145979
2,0,1767,1789633730835317760,3812346952156656
2,0,1768,1789633730835328000,3812346952167391
2,0,1769,1789633730835339264,3812346952178123
2,0,1770,1789633730835349504,3812346952188854
2,0,1771,1789633730835360768,3812346952199574
2,0,1772,1789633730835371008,3812346952210329
2,0,1773,1789633730835382272,3812346952221053
2,0,1774,1789633730835392512,3812346952231802
2,0,1775,1789633730835403776,3812346952242523
2,0,1776,1789633730835414016,3812346952253259
2,0,1777,1789633730835425280,3812346952263979
2,0,1778,1789633730835435520,3812346952274751
2,0,1779,1789633730835446784,3812346952285461
2,0,1780,1789633730835457024,3812346952296219
2,0,1781,1789633730835468288,3812346952306941
2,0,1782,1789633730835478528,3812346952317659
2,0,1783,1789633730835489792,3812346952328341
2,0,1784,1789633730835500032,3812346952339103
2,0,1785,1789633730835511296,3812346952349791
2,0,1786,1789633730835521536,3812346952360499
2,0,1787,1789633730835532800,3812346952371261
2,0,1788,1789633730835543040,3812346952381981
2,0,1789,1789633730835554304,3812346952392716
2,0,1790,1789633730835564544,3812346952403506
2,0,1791,1789633730835575808,3812346952414231
2,0,1792,1789633730835586048,3812346952424979
2,0,1793,1789633730835597312,3812346952435709
2,0,1794,1789633730835607552,3812346952446411
2,0,1795,1789633730835617792,3812346952457176
2,0,1796,1789633730835629056,3812346952467886
2,0,1797,1789633730835639296,3812346952478596
2,0,1798,1789633730835650560,3812346952489305
2,0,1799,1789633730835660800,3812346952500023
2,0,1800,1789633730835672064,3812346952510705
2,0,1801,1789633730835682304,3812346952521474
2,0,1802,1789633730835693568,3812346952532201
2,0,1803,1789633730835703808,3812346952542926
2,0,1804,1789633730835715072,3812346952553651
2,0,1805,1789633730835725312,3812346952564403
2,0,1806,1789633730835736576,3812346952575166
2,0,1807,1789633730835746816,3812346952585910
2,0,1808,1789633730835758080,3812346952596630
2,0,1809,1789633730835768320,3812346952607323
2,0,1810,1789633730835779584,3812346952618069
2,0,1811,1789633730835789824,3812346952628804
2,0,1812,1789633730835801088,3812346952639585
2,0,1813,1789633730835811328,3812346952650274
2,0,1814,1789633730835822592,3812346952661041
2,0,1815,1789633730835832832,3812346952671711
2,0,1816,1789633730835843072,3812346952682459
2,0,1817,1789633730835854336,3812346952693145
2,0,1818,1789633730835864576,3812346952703866
2,0,1819,1789633730835875840,3812346952714613
2,0,1820,1789633730835886080,3812346952725341
2,0,1821,1789633730835897344,3812346952736069
2,0,1822,1789633730835907584,3812346952746821
2,0,1823,1789633730835918848,3812346952757541
2,0,1824,1789633730835929088,3812346952768269
2,0,1825,1789633730835940352,3812346952778993
2,0,1826,1789633730835950592,3812346952789761
2,0,1827,1789633730835961856,3812346952800479
2,0,1828,1789633730835972096,3812346952811233
2,0,1829,1789633730835983360,3812346952821985
2,0,1830,1789633730835993600,3812346952832700
2,0,1831,1789633730836004864,3812346952843523
2,0,1832,1789633730836015104,3812346952854283
2,0,1833,1789633730836026368,3812346952864974
2,0,1834,1789633730836036608,3812346952875699
2,0,1835,1789633730836047872,3812346952886399
2,0,1836,1789633730836058112,3812346952897123
2,0,1837,1789633730836069376,3812346952907843
2,0,1838,1789633730836079616,3812346952918606
2,0,1839,1789633730836090880,3812346952929331
2,0,1840,1789633730836101120,3812346952940116
2,0,1841,1789633730836112384,3812346952950831
2,0,1842,1789633730836122624,3812346952961579
2,0,1843,1789633730836133888,3812346952972291
2,0,1844,1789633730836144128,3812346952983049
2,0,1845,1789633730836154368,3812346952993766
2,0,1846,1789633730836165632,3812346953004503
2,0,1847,1789633730836175872,3812346953015183
2,0,1848,1789633730836187136,3812346953025909
2,0,1849,1789633730836197376,3812346953036565
2,0,1850,1789633730836208640,3812346953047341
2,0,1851,1789633730836218880,3812346953058001
2,0,1852,1789633730836230144,3812346953068769
2,0,1853,1789633730836240384,3812346953079516
2,0,1854,1789633730836251648,3812346953090291
2,0,1855,1789633730836261888,3812346953101011
2,0,1856,1789633730836273152,3812346953111731
2,0,1857,1789633730836283392,3812346953122479
2,0,1858,1789633730836294656,3812346953133196
2,0,1859,1789633730836304896,3812346953143943
2,0,1860,1789633730836316160,3812346953154659
2,0,1861,1789633730836326400,3812346953165399
2,0,1862,1789633730836336640,3812346953176105
2,0,1863,1789633730836347904,3812346953186799
2,0,1864,1789633730836358144,3812346953197509
2,0,1865,1789633730836369408,3812346953208201
2,0,1866,1789633730836379648,3812346953218966
2,0,1867,1789633730836390912,3812346953229646
2,0,1868,1789633730836401152,3812346953240379
2,0,1869,1789633730836412416,3812346953251109
2,0,1870,1789633730836422656,3812346953261859
2,0,1871,1789633730836433920,3812346953272531
2,0,1872,1789633730836444160,3812346953283279
2,0,1873,1789633730836455424,3812346953293996
2,0,1874,1789633730836465664,3812346953304739
2,0,1875,1789633730836476928,3812346953315461
2,0,1876,1789633730836487168,3812346953326236
2,0,1877,1789633730836498432,3812346953336939
2,0,1878,1789633730836508672,3812346953347701
2,0,1879,1789633730836519936,3812346953358376
2,0,1880,1789633730836530176,3812346953369079
2,0,1881,1789633730836540416,3812346953379839
2,0,1882,1789633730836551680,3812346953390573
2,0,1883,1789633730836561920,3812346953401289
2,0,1884,1789633730836573184,3812346953411999
2,0,1885,1789633730836583424,3812346953422749
2,0,1886,1789633730836594688,3812346953433531
2,0,1887,1789633730836604928,3812346953444246
2,0,1888,1789633730836616192,3812346953454976
2,0,1889,1789633730836626432,3812346953465701
2,0,1890,1789633730836637696,3812346953476449
2,0,1891,1789633730836647936,3812346953487179
2,0,1892,1789633730836659200,3812346953497896
2,0,1893,1789633730836669440,3812346953508623
2,0,1894,1789633730836680704,3812346953519349
2,0,1895,1789633730836690944,3812346953530059
2,0,1896,1789633730836702208,3812346953540785
2,0,1897,1789633730836712448,3812346953551523
2,0,1898,1789633730836723712,3812346953562261
2,0,1899,1789633730836733952,3812346953572965
2,0,1900,1789633730836745216,3812346953585834
2,0,1901,1789633730836755456,3812346953594447
2,0,1902,1789633730836766720,3812346953605176
2,0,1903,1789633730836776960,3812346953615886
2,0,1904,1789633730836787200,3812346953626621
2,0,1905,1789633730836798464,3812346953637361
2,0,1906,1789633730836808704,3812346953648123
2,0,1907,1789633730836819968,3812346953658885
2,0,1908,1789633730836830208,3812346953669611
2,0,1909,1789633730836841472,3812346953680311
2,0,1910,1789633730836851712,3812346953691055
2,0,1911,1789633730836862976,3812346953701741
2,0,1912,1789633730836873216,3812346953712506
2,0,1913,1789633730836884480,3812346953723211
2,0,1914,1789633730836894720,3812346953733961
2,0,1915,1789633730836905984,3812346953744666
2,0,1916,1789633730836916224,3812346953755381
2,0,1917,1789633730836927488,3812346953766103
2,0,1918,1789633730836937728,3812346953776831
2,0,1919,1789633730836948992,3812346953787556
2,0,1920,1789633730836959232,3812346953798303
2,0,1921,1789633730836970496,3812346953809049
2,0,1922,1789633730836980736,3812346953819819
2,0,1923,1789633730836992000,3812346953830541
2,0,1924,1789633730837002240,3812346953841292
2,0,1925,1789633730837013504,3812346953852033
2,0,1926,1789633730837023744,3812346953862773
2,0,1927,1789633730837035008,3812346953873511
2,0,1928,1789633730837045248,3812346953884225
2,0,1929,1789633730837056512,3812346953894942
2,0,1930,1789633730837066752,3812346953905701
2,0,1931,1789633730837076992,3812346953916385
2,0,1932,1789633730837088256,3812346953927083
2,0,1933,1789633730837098496,3812346953937774
2,0,1934,1789633730837109760,3812346953948491
2,0,1935,1789633730837120000,3812346953959244
2,0,1936,1789633730837131264,3812346953969961
2,0,1937,1789633730837141504,3812346953980703
2,0,1938,1789633730837152768,3812346953991426
2,0,1939,1789633730837163008,3812346954002151
2,0,1940,1789633730837174272,3812346954012899
2,0,1941,1789633730837184512,3812346954023611
2,0,1942,1789633730837195776,3812346954034366
2,0,1943,1789633730837206016,3812346954045071
2,0,1944,1789633730837217280,3812346954055823
2,0,1945,1789633730837227520,3812346954066531
2,0,1946,1789633730837238784,3812346954077273
2,0,1947,1789633730837249024,3812346954087985
2,0,1948,1789633730837259264,3812346954098694
2,0,1949,1789633730837270528,3812346954109462
2,0,1950,1789633730837280768,3812346954120174
2,0,1951,1789633730837292032,3812346954130912
2,0,1952,1789633730837302272,3812346954141731
2,0,1953,1789633730837313536,3812346954152391
2,0,1954,1789633730837323776,3812346954163178
2,0,1955,1789633730837335040,3812346954173911
2,0,1956,1789633730837345280,3812346954184666
2,0,1957,1789633730837356544,3812346954195399
2,0,1958,1789633730837366784,3812346954206101
2,0,1959,1789633730837378048,3812346954216861
2,0,1960,1789633730837388288,3812346954227563
2,0,1961,1789633730837399552,3812346954238281
2,0,1962,1789633730837409792,3812346954249026
2,0,1963,1789633730837421056,3812346954259716
2,0,1964,1789633730837431296,3812346954270434
2,0,1965,1789633730837442560,3812346954281128
2,0,1966,1789633730837452800,3812346954291853
2,0,1967,1789633730837464064,3812346954302578
2,0,1968,1789633730837474304,3812346954313311
2,0,1969,1789633730837485568,3812346954324031
2,0,1970,1789633730837495808,3812346954334778
2,0,1971,1789633730837507072,3812346954345515
2,0,1972,1789633730837517312,3812346954356228
2,0,1973,1789633730837527552,3812346954366991
2,0,1974,1789633730837538816,3812346954377771
2,0,1975,1789633730837549056,3812346954388491
2,0,1976,1789633730837560320,3812346954399231
2,0,1977,1789633730837570560,3812346954409916
2,0,1978,1789633730837581824,3812346954420628
2,0,1979,1789633730837592064,3812346954431341
2,0,1980,1789633730837603328,3812346954442065
2,0,1981,1789633730837613568,3812346954452783
2,0,1982,1789633730837624832,3812346954463528
2,0,1983,1789633730837635072,3812346954474260
2,0,1984,1789633730837646336,3812346954484986
2,0,1985,1789633730837656576,3812346954495718
2,0,1986,1789633730837667840,3812346954506453
2,0,1987,1789633730837678080,3812346954517168
2,0,1988,1789633730837689344,3812346954527918
2,0,1989,1789633730837699584,3812346954538673
2,0,1990,1789633730837710848,3812346954549403
2,0,1991,1789633730837721088,3812346954560128
2,0,1992,1789633730837732352,3812346954570808
2,0,1993,1789633730837742592,3812346954581555
2,0,1994,1789633730837752832,3812346954592243
2,0,1995,1789633730837764096,3812346954603023
2,0,1996,1789633730837774336,3812346954613706
2,0,1997,1789633730837785600,3812346954624478
2,0,1998,1789633730837795840,3812346954635228
2,0,1999,1789633730837807104,3812346954645941
2,0,2000,1789633730837817344,3812346954656676
2,0,2001,1789633730837828608,3812346954667396
2,0,2002,1789633730837838848,3812346954678166
2,0,2003,1789633730837850112,3812346954688868
2,0,2004,1789633730837860352,3812346954699596
2,0,2005,1789633730837871616,3812346954710316
2,0,2006,1789633730837881856,3812346954721076
2,0,2007,1789633730837893120,3812346954731810
2,0,2008,1789633730837903360,3812346954742558
2,0,2009,1789633730837914624,3812346954753266
2,0,2010,1789633730837924864,3812346954764023
2,0,2011,1789633730837936128,3812346954774693
2,0,2012,1789633730837946368,3812346954785453
2,0,2013,1789633730837957632,3812346954796161
2,0,2014,1789633730837967872,3812346954806838
2,0,2015,1789633730837978112,3812346954817606
2,0,2016,1789633730837989376,3812346954828331
2,0,2017,1789633730837999616,3812346954839065
2,0,2018,1789633730838010880,3812346954849808
2,0,2019,1789633730838021120,3812346954860543
2,0,2020,1789633730838032384,3812346954871268
2,0,2021,1789633730838042624,3812346954881990
2,0,2022,1789633730838053888,3812346954892725
2,0,2023,1789633730838064128,3812346954903511
2,0,2024,1789633730838075392,3812346954914238
2,0,2025,1789633730838085632,3812346954924976
2,0,2026,1789633730838096896,3812346954935698
2,0,2027,1789633730838107136,3812346954946418
2,0,2028,1789633730838118400,3812346954957155
2,0,2029,1789633730838128640,3812346954967851
2,0,2030,1789633730838139904,3812346954978575
2,0,2031,1789633730838150144,3812346954989313
2,0,2032,1789633730838161408,3812346955000051
2,0,2033,1789633730838171648,3812346955010781
2,0,2034,1789633730838182912,3812346955021551
2,0,2035,1789633730838193152,3812346955032241
2,0,2036,1789633730838204416,3812346955043010
2,0,2037,1789633730838214656,3812346955053766
2,0,2038,1789633730838225920,3812346955064511
2,0,2039,1789633730838236160,3812346955075226
2,0,2040,1789633730838247424,3812346955085991
2,0,2041,1789633730838257664,3812346955096711
2,0,2042,1789633730838268928,3812346955107508
2,0,2043,1789633730838279168,3812346955118216
2,0,2044,1789633730838290432,3812346955128960
2,0,2045,1789633730838300672,3812346955139676
2,0,2046,1789633730838311936,3812346955150408
2,0,2047,1789633730838322176,3812346955161143
2,0,2048,1789633730838332416,3812346955171871
2,0,2049,1789633730838343680,3812346955182608
2,0,2050,1789633730838353920,3812346955193300
2,0,2051,1789633730838365184,3812346955204001
2,0,2052,1789633730838375424,3812346955214725
2,0,2053,1789633730838386688,3812346955225456
2,0,2054,1789633730838396928,3812346955236178
2,0,2055,1789633730838408192,3812346955246922
2,0,2056,1789633730838418432,3812346955257648
2,0,2057,1789633730838429696,3812346955268390
2,0,2058,1789633730838439936,3812346955279105
2,0,2059,1789633730838451200,3812346955289831
2,0,2060,1789633730838461440,3812346955300581
2,0,2061,1789633730838472704,3812346955311254
2,0,2062,1789633730838482944,3812346955321974
2,0,2063,1789633730838494208,3812346955332684
2,0,2064,1789633730838504448,3812346955343423
2,0,2065,1789633730838514688,3812346955354133
2,0,2066,1789633730838525952,3812346955364878
2,0,2067,1789633730838536192,3812346955375681
2,0,2068,1789633730838547456,3812346955386406
2,0,2069,1789633730838557696,3812346955397163
2,0,2070,1789633730838568960,3812346955407931
2,0,2071,1789633730838579200,3812346955418630
2,0,2072,1789633730838590464,3812346955429388
2,0,2073,1789633730838600704,3812346955440111
2,0,2074,1789633730838611968,3812346955450875
2,0,2075,1789633730838622208,3812346955461578
2,0,2076,1789633730838633472,3812346955472303
2,0,2077,1789633730838643712,3812346955483018
2,0,2078,1789633730838654976,3812346955493761
2,0,2079,1789633730838665216,3812346955504476
2,0,2080,1789633730838676480,3812346955515174
2,0,2081,1789633730838686720,3812346955525846
2,0,2082,1789633730838697984,3812346955536619
2,0,2083,1789633730838708224,3812346955547323
2,0,2084,1789633730838719488,3812346955558048
2,0,2085,1789633730838729728,3812346955568781
2,0,2086,1789633730838740992,3812346955579506
2,0,2087,1789633730838751232,3812346955590226
2,0,2088,1789633730838762496,3812346955600973
2,0,2089,1789633730838772736,3812346955611730
2,0,2090,1789633730838782976,3812346955622458
2,0,2091,1789633730838794240,3812346955633194
2,0,2092,1789633730838804480,3812346955643903
2,0,2093,1789633730838815744,3812346955654621
2,0,2094,1789633730838825984,3812346955665361
2,0,2095,1789633730838837248,3812346955676066
2,0,2096,1789633730838847488,3812346955686758
2,0,2097,1789633730838858752,3812346955697518
2,0,2098,1789633730838868992,3812346955708258
2,0,2099,1789633730838880256,3812346955718931
2,0,2100,1789633730838890496,3812346955729678
2,0,2101,1789633730838901760,3812346955740383
2,0,2102,1789633730838912000,3812346955751138
2,0,2103,1789633730838923264,3812346955761841
2,0,2104,1789633730838933504,3812346955772591
2,0,2105,1789633730838944768,3812346955783298
2,0,2106,1789633730838955008,3812346955794053
2,0,2107,1789633730838966272,3812346955804741
2,0,2108,1789633730838976512,3812346955815466
2,0,2109,1789633730838986752,3812346955826181
2,0,2110,1789633730838998016,3812346955836946
2,0,2111,1789633730839008256,3812346955847621
2,0,2112,1789633730839019520,3812346955858391
2,0,2113,1789633730839029760,3812346955869101
2,0,2114,1789633730839041024,3812346955879844
2,0,2115,1789633730839051264,3812346955890571
2,0,2116,1789633730839062528,3812346955901298
2,0,2117,1789633730839072768,3812346955912041
2,0,2118,1789633730839084032,3812346955922803
2,0,2119,1789633730839094272,3812346955933526
2,0,2120,1789633730839105536,3812346955944276
2,0,2121,1789633730839115776,3812346955955001
2,0,2122,1789633730839127040,3812346955965741
2,0,2123,1789633730839137280,3812346955976451
2,0,2124,1789633730839148544,3812346955987225
2,0,2125,1789633730839158784,3812346955997918
2,0,2126,1789633730839170048,3812346956008626
2,0,2127,1789633730839180288,3812346956019323
2,0,2128,1789633730839190528,3812346956030031
2,0,2129,1789633730839201792,3812346956040772
2,0,2130,1789633730839212032,3812346956051493
2,0,2131,1789633730839223296,3812346956062246
2,0,2132,1789633730839233536,3812346956072971
2,0,2133,1789633730839244800,3812346956083701
2,0,2134,1789633730839255040,3812346956094436
2,0,2135,1789633730839266304,3812346956105178
2,0,2136,1789633730839276544,3812346956115916
2,0,2137,1789633730839287808,3812346956126618
2,0,2138,1789633730839298048,3812346956137366
2,0,2139,1789633730839309312,3812346956148068
2,0,2140,1789633730839319552,3812346956158825
2,0,2141,1789633730839330816,3812346956169533
2,0,2142,1789633730839341056,3812346956180280
2,0,2143,1789633730839352320,3812346956191003
2,0,2144,1789633730839362560,3812346956201726
2,0,2145,1789633730839373824,3812346956212441
2,0,2146,1789633730839384064,3812346956223158
2,0,2147,1789633730839395328,3812346956233918
2,0,2148,1789633730839405568,3812346956244643
2,0,2149,1789633730839416832,3812346956255361
2,0,2150,1789633730839427072,3812346956266036
2,0,2151,1789633730839438336,3812346956276811
2,0,2152,1789633730839448576,3812346956287524
2,0,2153,1789633730839458816,3812346956298286
2,0,2154,1789633730839470080,3812346956309015
2,0,2155,1789633730839480320,3812346956319754
2,0,2156,1789633730839491584,3812346956330458
2,0,2157,1789633730839501824,3812346956341198
2,0,2158,1789633730839513088,3812346956351926
2,0,2159,1789633730839523328,3812346956362649
2,0,2160,1789633730839534592,3812346956373376
2,0,2161,1789633730839544832,3812346956384098
2,0,2162,1789633730839556096,3812346956394830
2,0,2163,1789633730839566336,3812346956405533
2,0,2164,1789633730839577600,3812346956416281
2,0,2165,1789633730839587840,3812346956427036
2,0,2166,1789633730839599104,3812346956437771
2,0,2167,1789633730839609344,3812346956448505
2,0,2168,1789633730839620608,3812346956459265
2,0,2169,1789633730839630848,3812346956469973
2,0,2170,1789633730839642112,3812346956480708
2,0,2171,1789633730839652352,3812346956491431
2,0,2172,1789633730839663616,3812346956502178
2,0,2173,1789633730839673856,3812346956512889
2,0,2174,1789633730839685120,3812346956523654
2,0,2175,1789633730839695360,3812346956534318
2,0,2176,1789633730839705600,3812346956545036
2,0,2177,1789633730839716864,3812346956555798
2,0,2178,1789633730839727104,3812346956566520
2,0,2179,1789633730839738368,3812346956577251
2,0,2180,1789633730839748608,3812346956587970
2,0,2181,1789633730839759872,3812346956598711
2,0,2182,1789633730839770112,3812346956609425
2,0,2183,1789633730839781376,3812346956620171
2,0,2184,1789633730839791616,3812346956630926
2,0,2185,1789633730839802880,3812346956641731
2,0,2186,1789633730839813120,3812346956652358
2,0,2187,1789633730839824384,3812346956663098
2,0,2188,1789633730839834624,3812346956673881
2,0,2189,1789633730839845888,3812346956684611
2,0,2190,1789633730839856128,3812346956695368
2,0,2191,1789633730839867392,3812346956706103
2,0,2192,1789633730839877632,3812346956716846
2,0,2193,1789633730839888896,3812346956727561
2,0,2194,1789633730839899136,3812346956738324
2,0,2195,1789633730839910400,3812346956749028
2,0,2196,1789633730839920640,3812346956759751
2,0,2197,1789633730839931904,3812346956770493
2,0,2198,1789633730839942144,3812346956781218
2,0,2199,1789633730839953408,3812346956791940
2,0,2200,1789633730839963648,3812346956802691
2,0,2201,1789633730839974912,3812346956813541
2,0,2202,1789633730839985152,3812346956824298
2,0,2203,1789633730839996416,3812346956834991
2,0,2204,1789633730840006656,3812346956845748
2,0,2205,1789633730840017920,3812346956856476
2,0,2206,1789633730840028160,3812346956867211
2,0,2207,1789633730840039424,3812346956877924
2,0,2208,1789633730840049664,3812346956888654
2,0,2209,1789633730840059904,3812346956899368
2,0,2210,1789633730840071168,3812346956910088
2,0,2211,1789633730840081408,3812346956920761
2,0,2212,1789633730840092672,3812346956931481
2,0,2213,1789633730840102912,3812346956942204
2,0,2214,1789633730840114176,3812346956952883
2,0,2215,1789633730840124416,3812346956963576
2,0,2216,1789633730840135680,3812346956974298
2,0,2217,1789633730840145920,3812346956985041
2,0,2218,1789633730840157184,3812346956995791
2,0,2219,1789633730840167424,3812346957006526
2,0,2220,1789633730840178688,3812346957017300
2,0,2221,1789633730840188928,3812346957028028
2,0,2222,1789633730840200192,3812346957038781
2,0,2223,1789633730840210432,3812346957049483
2,0,2224,1789633730840221696,3812346957060211
2,0,2225,1789633730840231936,3812346957070928
2,0,2226,1789633730840242176,3812346957081601
2,0,2227,1789633730840253440,3812346957092268
2,0,2228,1789633730840263680,3812346957103013
2,0,2229,1789633730840274944,3812346957113731
2,0,2230,1789633730840285184,3812346957124486
2,0,2231,1789633730840296448,3812346957135208
2,0,2232,1789633730840306688,3812346957145964
2,0,2233,1789633730840317952,3812346957156711
2,0,2234,1789633730840328192,3812346957167450
2,0,2235,1789633730840339456,3812346957178198
2,0,2236,1789633730840349696,3812346957188956
2,0,2237,1789633730840360960,3812346957199666
2,0,2238,1789633730840371200,3812346957210428
2,0,2239,1789633730840382464,3812346957221148
2,0,2240,1789633730840392704,3812346957231884
2,0,2241,1789633730840403968,3812346957242568
2,0,2242,1789633730840414208,3812346957253311
2,0,2243,1789633730840425472,3812346957263991
2,0,2244,1789633730840435712,3812346957274731
2,0,2245,1789633730840445952,3812346957285418
2,0,2246,1789633730840457216,3812346957296125
2,0,2247,1789633730840467456,3812346957306864
2,0,2248,1789633730840478720,3812346957317631
2,0,2249,1789633730840488960,3812346957328378
2,0,2250,1789633730840500224,3812346957339091
2,0,2251,1789633730840510464,3812346957349853
2,0,2252,1789633730840521728,3812346957360623
2,0,2253,1789633730840531968,3812346957371326
2,0,2254,1789633730840543232,3812346957382054
2,0,2255,1789633730840553472,3812346957392798
2,0,2256,1789633730840564736,3812346957403541
2,0,2257,1789633730840574976,3812346957414276
2,0,2258,1789633730840586240,3812346957425001
2,0,2259,1789633730840596480,3812346957435698
2,0,2260,1789633730840607744,3812346957446436
2,0,2261,1789633730840617984,3812346957457141
2,0,2262,1789633730840629248,3812346957467858
2,0,2263,1789633730840639488,3812346957478601
2,0,2264,1789633730840650752,3812346957489358
2,0,2265,1789633730840660992,3812346957500068
2,0,2266,1789633730840672256,3812346957510831
2,0,2267,1789633730840682496,3812346957521548
2,0,2268,1789633730840693760,3812346957532304
2,0,2269,1789633730840704000,3812346957543046
2,0,2270,1789633730840714240,3812346957553761
2,0,2271,1789633730840725504,3812346957564451
2,0,2272,1789633730840735744,3812346957575204
2,0,2273,1789633730840747008,3812346957585963
2,0,2274,1789633730840757248,3812346957596610
2,0,2275,1789633730840768512,3812346957607291
2,0,2276,1789633730840778752,3812346957618035
2,0,2277,1789633730840790016,3812346957628748
2,0,2278,1789633730840800256,3812346957639501
2,0,2279,1789633730840811520,3812346957650198
2,0,2280,1789633730840821760,3812346957660941
2,0,2281,1789633730840833024,3812346957671734
2,0,2282,1789633730840843264,3812346957682420
2,0,2283,1789633730840854528,3812346957693156
2,0,2284,1789633730840864768,3812346957703868
2,0,2285,1789633730840876032,3812346957714594
2,0,2286,1789633730840886272,3812346957725326
2,0,2287,1789633730840897536,3812346957736045
2,0,2288,1789633730840907776,3812346957746798
2,0,2289,1789633730840918016,3812346957757508
2,0,2290,1789633730840929280,3812346957768181
2,0,2291,1789633730840939520,3812346957778965
2,0,2292,1789633730840950784,3812346957789653
2,0,2293,1789633730840961024,3812346957800436
2,0,2294,1789633730840972288,3812346957811156
2,0,2295,1789633730840982528,3812346957821879
2,0,2296,1789633730840993792,3812346957832616
2,0,2297,1789633730841004032,3812346957843356
2,0,2298,1789633730841015296,3812346957854116
2,0,2299,1789633730841025536,3812346957864788
2,0,2300,1789633730841036800,3812346957875573
2,0,2301,1789633730841047040,3812346957886268
2,0,2302,1789633730841058304,3812346957897023
2,0,2303,1789633730841068544,3812346957907716
2,0,2304,1789633730841079808,3812346957918474
2,0,2305,1789633730841090048,3812346957929191
2,0,2306,1789633730841101312,3812346957939866
2,0,2307,1789633730841111552,3812346957950641
2,0,2308,1789633730841122816,3812346957961391
2,0,2309,1789633730841133056,3812346957972091
2,0,2310,1789633730841143296,3812346957982821
2,0,2311,1789633730841154560,3812346957993543
2,0,2312,1789633730841164800,3812346958004308
2,0,2313,1789633730841176064,3812346958015021
2,0,2314,1789633730841186304,3812346958025783
2,0,2315,1789633730841197568,3812346958036498
2,0,2316,1789633730841207808,3812346958047215
2,0,2317,1789633730841219072,3812346958057956
2,0,2318,1789633730841229312,3812346958068671
2,0,2319,1789633730841240576,3812346958079435
2,0,2320,1789633730841250816,3812346958090148
2,0,2321,1789633730841262080,3812346958100871
2,0,2322,1789633730841272320,3812346958111600
2,0,2323,1789633730841283584,3812346958122305
2,0,2324,1789633730841293824,3812346958133038
2,0,2325,1789633730841305088,3812346958143748
2,0,2326,1789633730841315328,3812346958154463
2,0,2327,1789633730841326592,3812346958165233
2,0,2328,1789633730841336832,3812346958175975
2,0,2329,1789633730841348096,3812346958186691
2,0,2330,1789633730841358336,3812346958197438
2,0,2331,1789633730841369600,3812346958208147
2,0,2332,1789633730841379840,3812346958218886
2,0,2333,1789633730841391104,3812346958229602
2,0,2334,1789633730841401344,3812346958240362
2,0,2335,1789633730841412608,3812346958251107
2,0,2336,1789633730841422848,3812346958261857
2,0,2337,1789633730841433088,3812346958272582
2,0,2338,1789633730841444352,3812346958283327
2,0,2339,1789633730841454592,3812346958294024
2,0,2340,1789633730841465856,3812346958304780
2,0,2341,1789633730841476096,3812346958315452
2,0,2342,1789633730841487360,3812346958326163
2,0,2343,1789633730841497600,3812346958336907
2,0,2344,1789633730841508864,3812346958347647
2,0,2345,1789633730841519104,3812346958358394
2,0,2346,1789633730841530368,3812346958369113
2,0,2347,1789633730841540608,3812346958379814
2,0,2348,1789633730841551872,3812346958390577
2,0,2349,1789633730841562112,3812346958401287
2,0,2350,1789633730841573376,3812346958411997
2,0,2351,1789633730841583616,3812346958422740
2,0,2352,1789633730841594880,3812346958433537
2,0,2353,1789633730841605120,3812346958444220
2,0,2354,1789633730841616384,3812346958454900
2,0,2355,1789633730841626624,3812346958465654
2,0,2356,1789633730841636864,3812346958476401
2,0,2357,1789633730841648128,3812346958487122
2,0,2358,1789633730841658368,3812346958497857
2,0,2359,1789633730841669632,3812346958508570
2,0,2360,1789633730841679872,3812346958519340
2,0,2361,1789633730841691136,3812346958530042
2,0,2362,1789633730841701376,3812346958540774
2,0,2363,1789633730841712640,3812346958551474
2,0,2364,1789633730841722880,3812346958562245
2,0,2365,1789633730841734144,3812346958572973
2,0,2366,1789633730841744384,3812346958583737
2,0,2367,1789633730841755648,3812346958594464
2,0,2368,1789633730841765888,3812346958605223
2,0,2369,1789633730841777152,3812346958615897
2,0,2370,1789633730841787392,3812346958626627
2,0,2371,1789633730841798656,3812346958637327
2,0,2372,1789633730841808896,3812346958648064
2,0,2373,1789633730841820160,3812346958658796
2,0,2374,1789633730841830400,3812346958669504
2,0,2375,1789633730841841664,3812346958680257
2,0,2376,1789633730841851904,3812346958690970
2,0,2377,1789633730841863168,3812346958701727
2,0,2378,1789633730841873408,3812346958712420
2,0,2379,1789633730841883648,3812346958723157
2,0,2380,1789633730841894912,3812346958733877
2,0,2381,1789633730841905152,3812346958744607
2,0,2382,1789633730841916416,3812346958755377
2,0,2383,1789633730841926656,3812346958766094
2,0,2384,1789633730841937920,3812346958776862
2,0,2385,1789633730841948160,3812346958787570
2,0,2386,1789633730841959424,3812346958798352
2,0,2387,1789633730841969664,3812346958809054
2,0,2388,1789633730841980928,3812346958819772
2,0,2389,1789633730841991168,3812346958830504
2,0,2390,1789633730842002432,3812346958841212
2,0,2391,1789633730842012672,3812346958851922
2,0,2392,1789633730842023936,3812346958862634
2,0,2393,1789633730842034176,3812346958873370
2,0,2394,1789633730842045440,3812346958884163
2,0,2395,1789633730842055680,3812346958894854
2,0,2396,1789633730842066944,3812346958905694
2,0,2397,1789633730842077184,3812346958916362
2,0,2398,1789633730842088448,3812346958927120
2,0,2399,1789633730842098688,3812346958937834
2,0,2400,1789633730842109952,3812346958948597
2,0,2401,1789633730842120192,3812346958959297
2,0,2402,1789633730842131456,3812346958970072
2,0,2403,1789633730842141696,3812346958980774
2,0,2404,1789633730842152960,3812346958991517
2,0,2405,1789633730842163200,3812346959002184
2,0,2406,1789633730842173440,3812346959012910
2,0,2407,1789633730842184704,3812346959023614
2,0,2408,1789633730842194944,3812346959034380
2,0,2409,1789633730842206208,3812346959045097
2,0,2410,1789633730842216448,3812346959055872
2,0,2411,1789633730842227712,3812346959066604
2,0,2412,1789633730842237952,3812346959077345
2,0,2413,1789633730842249216,3812346959088057
2,0,2414,1789633730842259456,3812346959098812
2,0,2415,1789633730842270720,3812346959109567
2,0,2416,1789633730842280960,3812346959120314
2,0,2417,1789633730842292224,3812346959130980
2,0,2418,1789633730842302464,3812346959141740
2,0,2419,1789633730842313728,3812346959152472
2,0,2420,1789633730842323968,3812346959163162
2,0,2421,1789633730842335232,3812346959173840
2,0,2422,1789633730842345472,3812346959184524
2,0,2423,1789633730842355712,3812346959195267
2,0,2424,1789633730842366976,3812346959206003
2,0,2425,1789633730842377216,3812346959216725
2,0,2426,1789633730842388480,3812346959227494
2,0,2427,1789633730842398720,3812346959238204
2,0,2428,1789633730842409984,3812346959248963
2,0,2429,1789633730842420224,3812346959259647
2,0,2430,1789633730842431488,3812346959270387
2,0,2431,1789633730842441728,3812346959281122
2,0,2432,1789633730842452992,3812346959291847
2,0,2433,1789633730842463232,3812346959302557
2,0,2434,1789633730842474496,3812346959313337
2,0,2435,1789633730842484736,3812346959324067
2,0,2436,1789633730842496000,3812346959334743
2,0,2437,1789633730842506240,3812346959345472
2,0,2438,1789633730842517504,3812346959356197
2,0,2439,1789633730842527744,3812346959366922
2,0,2440,1789633730842539008,3812346959377700
2,0,2441,1789633730842549248,3812346959388402
2,0,2442,1789633730842560512,3812346959399133
2,0,2443,1789633730842570752,3812346959409867
2,0,2444,1789633730842582016,3812346959420602
2,0,2445,1789633730842592256,3812346959431332
2,0,2446,1789633730842603520,3812346959442070
2,0,2447,1789633730842613760,3812346959452787
2,0,2448,1789633730842624000,3812346959463552
2,0,2449,1789633730842635264,3812346959474274
2,0,2450,1789633730842645504,3812346959485002
2,0,2451,1789633730842656768,3812346959495747
2,0,2452,1789633730842667008,3812346959506458
2,0,2453,1789633730842678272,3812346959517160
2,0,2454,1789633730842688512,3812346959527864
2,0,2455,1789633730842699776,3812346959538620
2,0,2456,1789633730842710016,3812346959549330
2,0,2457,1789633730842721280,3812346959560097
2,0,2458,1789633730842731520,3812346959570824
2,0,2459,1789633730842742784,3812346959581540
2,0,2460,1789633730842753024,3812346959592280
2,0,2461,1789633730842764288,3812346959602987
2,0,2462,1789633730842774528,3812346959613770
2,0,2463,1789633730842785792,3812346959624483
2,0,2464,1789633730842796032,3812346959635264
2,0,2465,1789633730842807296,3812346959645957
2,0,2466,1789633730842817536,3812346959656704
2,0,2467,1789633730842828800,3812346959667372
2,0,2468,1789633730842839040,3812346959678127
2,0,2469,1789633730842850304,3812346959688862
2,0,2470,1789633730842860544,3812346959699597
2,0,2471,1789633730842870784,3812346959710287
2,0,2472,1789633730842882048,3812346959721034
2,0,2473,1789633730842892288,3812346959731820
2,0,2474,1789633730842903552,3812346959742590
2,0,2475,1789633730842913792,3812346959753362
2,0,2476,1789633730842925056,3812346959764127
2,0,2477,1789633730842936320,3812346959774914
2,0,2478,1789633730842946560,3812346959785720
2,0,2479,1789633730842957824,3812346959796527
2,0,2480,1789633730842968064,3812346959807337
2,0,2481,1789633730842979328,3812346959818123
2,0,2482,1789633730842989568,3812346959828870
2,0,2483,1789633730843000832,3812346959839643
2,0,2484,1789633730843011072,3812346959850564
2,0,2485,1789633730843022336,3812346959861342
2,0,2486,1789633730843032576,3812346959872097
2,0,2487,1789633730843043840,3812346959882900
2,0,2488,1789633730843055104,3812346959893697
2,0,2489,1789633730843065344,3812346959904472
2,0,2490,1789633730843076608,3812346959915213
2,0,2491,1789633730843086848,3812346959925994
2,0,2492,1789633730843098112,3812346959936732
2,0,2493,1789633730843108352,3812346959947494
2,0,2494,1789633730843119616,3812346959958283
2,0,2495,1789633730843129856,3812346959969057
2,0,2496,1789633730843141120,3812346959979793
2,0,2497,1789633730843151360,3812346959990525
2,0,2498,1789633730843162624,3812346960001243
2,0,2499,1789633730843172864,3812346960011962
2,0,2500,1789633730843184128,3812346960022684
2,0,2501,1789633730843194368,3812346960033400
2,0,2502,1789633730843204608,3812346960044120
2,0,2503,1789633730843215872,3812346960054857
2,0,2504,1789633730843226112,3812346960065657
2,0,2505,1789633730843237376,3812346960076397
2,0,2506,1789633730843247616,3812346960087144
2,0,2507,1789633730843258880,3812346960097877
2,0,2508,1789633730843269120,3812346960108598
2,0,2509,1789633730843280384,3812346960119334
2,0,2510,1789633730843290624,3812346960130044
2,0,2511,1789633730843301888,3812346960140800
2,0,2512,1789633730843312128,3812346960151482
2,0,2513,1789633730843323392,3812346960162197
2,0,2514,1789633730843333632,3812346960172864
2,0,2515,1789633730843344896,3812346960183587
2,0,2516,1789633730843355136,3812346960194312
2,0,2517,1789633730843366400,3812346960205037
2,0,2518,1789633730843376640,3812346960215747
2,0,2519,1789633730843387904,3812346960226477
2,0,2520,1789633730843398144,3812346960237187
2,0,2521,1789633730843408384,3812346960247940
2,0,2522,1789633730843419648,3812346960258614
2,0,2523,1789633730843429888,3812346960269327
2,0,2524,1789633730843441152,3812346960280000
2,0,2525,1789633730843451392,3812346960290720
2,0,2526,1789633730843462656,3812346960301414
2,0,2527,1789633730843472896,3812346960312137
2,0,2528,1789633730843484160,3812346960322847
2,0,2529,1789633730843494400,3812346960333620
2,0,2530,1789633730843505664,3812346960344347
2,0,2531,1789633730843515904,3812346960355072
2,0,2532,1789633730843527168,3812346960365802
2,0,2533,1789633730843537408,3812346960376504
2,0,2534,1789633730843548672,3812346960387227
2,0,2535,1789633730843558912,3812346960397954
2,0,2536,1789633730843569152,3812346960408687
2,0,2537,1789633730843580416,3812346960419420
2,0,2538,1789633730843590656,3812346960430157
2,0,2539,1789633730843601920,3812346960440854
2,0,2540,1789633730843612160,3812346960451611
2,0,2541,1789633730843623424,3812346960462337
2,0,2542,1789633730843633664,3812346960473057
2,0,2543,1789633730843644928,3812346960483777
2,0,2544,1789633730843655168,3812346960494540
2,0,2545,1789633730843666432,3812346960505262
2,0,2546,1789633730843676672,3812346960515974
2,0,2547,1789633730843687936,3812346960526720
2,0,2548,1789633730843698176,3812346960537437
2,0,2549,1789633730843709440,3812346960548187
2,0,2550,1789633730843719680,3812346960558894
2,0,2551,1789633730843730944,3812346960569657
2,0,2552,1789633730843741184,3812346960580362
2,0,2553,1789633730843752448,3812346960591117
2,0,2554,1789633730843762688,3812346960601820
2,0,2555,1789633730843773952,3812346960612572
2,0,2556,1789633730843784192,3812346960623270
2,0,2557,1789633730843795456,3812346960634010
2,0,2558,1789633730843805696,3812346960644722
2,0,2559,1789633730843815936,3812346960655459
2,0,2560,1789633730843827200,3812346960666197
2,0,2561,1789633730843837440,3812346960676914
2,0,2562,1789633730843848704,3812346960687647
2,0,2563,1789633730843858944,3812346960698387
2,0,2564,1789633730843870208,3812346960709112
2,0,2565,1789633730843880448,3812346960719824
2,0,2566,1789633730843891712,3812346960730577
2,0,2567,1789633730843901952,3812346960741337
2,0,2568,1789633730843913216,3812346960752062
2,0,2569,1789633730843923456,3812346960762797
2,0,2570,1789633730843934720,3812346960773552
2,0,2571,1789633730843944960,3812346960784271
2,0,2572,1789633730843956224,3812346960794984
2,0,2573,1789633730843966464,3812346960805697
2,0,2574,1789633730843977728,3812346960816407
2,0,2575,1789633730843987968,3812346960827087
2,0,2576,1789633730843999232,3812346960837872
2,0,2577,1789633730844009472,3812346960848574
2,0,2578,1789633730844019712,3812346960859340
2,0,2579,1789633730844030976,3812346960870043
2,0,2580,1789633730844041216,3812346960880773
2,0,2581,1789633730844052480,3812346960891527
2,0,2582,1789633730844062720,3812346960902253
2,0,2583,1789633730844073984,3812346960912992
2,0,2584,1789633730844084224,3812346960923694
2,0,2585,1789633730844095488,3812346960934462
2,0,2586,1789633730844105728,3812346960945170
2,0,2587,1789633730844116992,3812346960955897
2,0,2588,1789633730844127232,3812346960966640
2,0,2589,1789633730844138496,3812346960977387
2,0,2590,1789633730844148736,3812346960988097
2,0,2591,1789633730844160000,3812346960998803
2,0,2592,1789633730844170240,3812346961009547
2,0,2593,1789633730844181504,3812346961020263
2,0,2594,1789633730844191744,3812346961031004
2,0,2595,1789633730844203008,3812346961041737
2,0,2596,1789633730844213248,3812346961052477
2,0,2597,1789633730844224512,3812346961063232
2,0,2598,1789633730844234752,3812346961073927
2,0,2599,1789633730844246016,3812346961084670
2,0,2600,1789633730844256256,3812346961095380
2,0,2601,1789633730844267520,3812346961106120
2,0,2602,1789633730844277760,3812346961116852
2,0,2603,1789633730844288000,3812346961127577
2,0,2604,1789633730844299264,3812346961138307
2,0,2605,1789633730844309504,3812346961149077
2,0,2606,1789633730844320768,3812346961159787
2,0,2607,1789633730844331008,3812346961170516
2,0,2608,1789633730844342272,3812346961181297
2,0,2609,1789633730844352512,3812346961192007
2,0,2610,1789633730844363776,3812346961202697
2,0,2611,1789633730844374016,3812346961213407
2,0,2612,1789633730844385280,3812346961224140
2,0,2613,1789633730844395520,3812346961234900
2,0,2614,1789633730844406784,3812346961245664
2,0,2615,1789633730844417024,3812346961256424
2,0,2616,1789633730844428288,3812346961267133
2,0,2617,1789633730844438528,3812346961277913
2,0,2618,1789633730844449792,3812346961288622
2,0,2619,1789633730844460032,3812346961299376
2,0,2620,1789633730844471296,3812346961310127
2,0,2621,1789633730844481536,3812346961320886
2,0,2622,1789633730844492800,3812346961331597
2,0,2623,1789633730844503040,3812346961342367
2,0,2624,1789633730844514304,3812346961353067
2,0,2625,1789633730844524544,3812346961363820
2,0,2626,1789633730844535808,3812346961374523
2,0,2627,1789633730844546048,3812346961385277
2,0,2628,1789633730844557312,3812346961395982
2,0,2629,1789633730844567552,3812346961406687
2,0,2630,1789633730844578816,3812346961417403
2,0,2631,1789633730844589056,3812346961428152
2,0,2632,1789633730844599296,3812346961438854
2,0,2633,1789633730844610560,3812346961449580
2,0,2634,1789633730844620800,3812346961460310
2,0,2635,1789633730844632064,3812346961471072
2,0,2636,1789633730844642304,3812346961481812
2,0,2637,1789633730844653568,3812346961492522
2,0,2638,1789633730844663808,3812346961503257
2,0,2639,1789633730844675072,3812346961513982
2,0,2640,1789633730844685312,3812346961524707
2,0,2641,1789633730844696576,3812346961535482
2,0,2642,1789633730844706816,3812346961546176
2,0,2643,1789633730844718080,3812346961556900
2,0,2644,1789633730844728320,3812346961567617
2,0,2645,1789633730844739584,3812346961578297
2,0,2646,1789633730844749824,3812346961589004
2,0,2647,1789633730844761088,3812346961599740
2,0,2648,1789633730844771328,3812346961610454
2,0,2649,1789633730844782592,3812346961621193
2,0,2650,1789633730844792832,3812346961631917
2,0,2651,1789633730844803072,3812346961642656
2,0,2652,1789633730844814336,3812346961653397
2,0,2653,1789633730844824576,3812346961664137
2,0,2654,1789633730844835840,3812346961674830
2,0,2655,1789633730844846080,3812346961685587
2,0,2656,1789633730844857344,3812346961696284
2,0,2657,1789633730844867584,3812346961707035
2,0,2658,1789633730844878848,3812346961717707
2,0,2659,1789633730844889088,3812346961728430
2,0,2660,1789633730844900352,3812346961739162
2,0,2661,1789633730844910592,3812346961749904
2,0,2662,1789633730844921856,3812346961760607
2,0,2663,1789633730844932096,3812346961771314
2,0,2664,1789633730844943360,3812346961782064
2,0,2665,1789633730844953600,3812346961792767
2,0,2666,1789633730844964864,3812346961803527
2,0,2667,1789633730844975104,3812346961814237
2,0,2668,1789633730844986368,3812346961825003
2,0,2669,1789633730844996608,3812346961835727
2,0,2670,1789633730845007872,3812346961846457
2,0,2671,1789633730845018112,3812346961857187
2,0,2672,1789633730845028352,3812346961867914
2,0,2673,1789633730845039616,3812346961878633
2,0,2674,1789633730845049856,3812346961889360
2,0,2675,1789633730845061120,3812346961900130
2,0,2676,1789633730845071360,3812346961910874
2,0,2677,1789633730845082624,3812346961921577
2,0,2678,1789633730845092864,3812346961932287
2,0,2679,1789633730845104128,3812346961943037
2,0,2680,1789633730845114368,3812346961953724
2,0,2681,1789633730845125632,3812346961964506
2,0,2682,1789633730845135872,3812346961975246
2,0,2683,1789633730845147136,3812346961985970
2,0,2684,1789633730845157376,3812346961996674
2,0,2685,1789633730845168640,3812346962007440
2,0,2686,1789633730845178880,3812346962018142
2,0,2687,1789633730845190144,3812346962028872
2,0,2688,1789633730845200384,3812346962039570
2,0,2689,1789633730845211648,3812346962050287
2,0,2690,1789633730845221888,3812346962061040
2,0,2691,1789633730845233152,3812346962071757
2,0,2692,1789633730845243392,3812346962082500
2,0,2693,1789633730845253632,3812346962093207
2,0,2694,1789633730845264896,3812346962103977
2,0,2695,1789633730845275136,3812346962114687
2,0,2696,1789633730845286400,3812346962125407
2,0,2697,1789633730845296640,3812346962136163
2,0,2698,1789633730845307904,3812346962146870
2,0,2699,1789633730845318144,3812346962157630
2,0,2700,1789633730845329408,3812346962168374
2,0,2701,1789633730845339648,3812346962179097
2,0,2702,1789633730845350912,3812346962189802
2,0,2703,1789633730845361152,3812346962200547
2,0,2704,1789633730845372416,3812346962211262
2,0,2705,1789633730845382656,3812346962222015
2,0,2706,1789633730845393920,3812346962232762
2,0,2707,1789633730845404160,3812346962243530
2,0,2708,1789633730845415424,3812346962254233
2,0,2709,1789633730845425664,3812346962264947
2,0,2710,1789633730845436928,3812346962275672
2,0,2711,1789633730845447168,3812346962286402
2,0,2712,1789633730845458432,3812346962297102
2,0,2713,1789633730845468672,3812346962307857
2,0,2714,1789633730845479936,3812346962318570
2,0,2715,1789633730845490176,3812346962329337
2,0,2716,1789633730845501440,3812346962340024
2,0,2717,1789633730845511680,3812346962350763
2,0,2718,1789633730845521920,3812346962361470
2,0,2719,1789633730845533184,3812346962372207
2,0,2720,1789633730845543424,3812346962382937
2,0,2721,1789633730845554688,3812346962393673
2,0,2722,1789633730845564928,3812346962404377
2,0,2723,1789633730845576192,3812346962415107
2,0,2724,1789633730845586432,3812346962425838
2,0,2725,1789633730845597696,3812346962436544
2,0,2726,1789633730845607936,3812346962447300
2,0,2727,1789633730845619200,3812346962458052
2,0,2728,1789633730845629440,3812346962468777
2,0,2729,1789633730845640704,3812346962479487
2,0,2730,1789633730845650944,3812346962490226
2,0,2731,1789633730845662208,3812346962500984
2,0,2732,1789633730845672448,3812346962511740
2,0,2733,1789633730845683712,3812346962522427
2,0,2734,1789633730845693952,3812346962533167
2,0,2735,1789633730845705216,3812346962543920
2,0,2736,1789633730845715456,3812346962554640
2,0,2737,1789633730845726720,3812346962565403
2,0,2738,1789633730845736960,3812346962576137
2,0,2739,1789633730845748224,3812346962586894
2,0,2740,1789633730845758464,3812346962597597
2,0,2741,1789633730845769728,3812346962608362
2,0,2742,1789633730845779968,3812346962619057
2,0,2743,1789633730845790208,3812346962629767
2,0,2744,1789633730845801472,3812346962640497
2,0,2745,1789633730845811712,3812346962651213
2,0,2746,1789633730845822976,3812346962661954
2,0,2747,1789633730845833216,3812346962672694
2,0,2748,1789633730845844480,3812346962683517
2,0,2749,1789633730845854720,3812346962694220
2,0,2750,1789633730845865984,3812346962704974
2,0,2751,1789633730845876224,3812346962715692
2,0,2752,1789633730845887488,3812346962726420
2,0,2753,1789633730845897728,3812346962737144
2,0,2754,1789633730845908992,3812346962747816
2,0,2755,1789633730845919232,3812346962758597
2,0,2756,1789633730845930496,3812346962769294
2,0,2757,1789633730845940736,3812346962779977
2,0,2758,1789633730845952000,3812346962790702
2,0,2759,1789633730845962240,3812346962801477
2,0,2760,1789633730845973504,3812346962812172
2,0,2761,1789633730845983744,3812346962822914
2,0,2762,1789633730845995008,3812346962833612
2,0,2763,1789633730846005248,3812346962844377
2,0,2764,1789633730846016512,3812346962855087
2,0,2765,1789633730846026752,3812346962865803
2,0,2766,1789633730846036992,3812346962876540
2,0,2767,1789633730846048256,3812346962887277
2,0,2768,1789633730846058496,3812346962898032
2,0,2769,1789633730846069760,3812346962908767
2,0,2770,1789633730846080000,3812346962919500
2,0,2771,1789633730846091264,3812346962930206
2,0,2772,1789633730846101504,3812346962940947
2,0,2773,1789633730846112768,3812346962951730
2,0,2774,1789633730846123008,3812346962962400
2,0,2775,1789633730846134272,3812346962973094
2,0,2776,1789633730846144512,3812346962983820
2,0,2777,1789633730846155776,3812346962994532
2,0,2778,1789633730846166016,3812346963005237
2,0,2779,1789633730846177280,3812346963016002
2,0,2780,1789633730846187520,3812346963026697
2,0,2781,1789633730846198784,3812346963037465
2,0,2782,1789633730846209024,3812346963048162
2,0,2783,1789633730846220288,3812346963058936
2,0,2784,1789633730846230528,3812346963069643
2,0,2785,1789633730846240768,3812346963080362
2,0,2786,1789633730846252032,3812346963091100
2,0,2787,1789633730846262272,3812346963101814
2,0,2788,1789633730846273536,3812346963112524
2,0,2789,1789633730846283776,3812346963123257
2,0,2790,1789633730846295040,3812346963134012
2,0,2791,1789633730846305280,3812346963144763
2,0,2792,1789633730846316544,3812346963155477
2,0,2793,1789633730846326784,3812346963166232
2,0,2794,1789633730846338048,3812346963176942
2,0,2795,1789633730846348288,3812346963187714
2,0,2796,1789633730846359552,3812346963198427
2,0,2797,1789633730846369792,3812346963209179
2,0,2798,1789633730846381056,3812346963219896
2,0,2799,1789633730846391296,3812346963230662
2,0,2800,1789633730846402560,3812346963241352
2,0,2801,1789633730846412800,3812346963252094
2,0,2802,1789633730846424064,3812346963262813
2,0,2803,1789633730846434304,3812346963273536
2,0,2804,1789633730846445568,3812346963284275
2,0,2805,1789633730846455808,3812346963294997
2,0,2806,1789633730846467072,3812346963305719
2,0,2807,1789633730846477312,3812346963316439
2,0,2808,1789633730846487552,3812346963327139
2,0,2809,1789633730846498816,3812346963337847
2,0,2810,1789633730846509056,3812346963348574
2,0,2811,1789633730846520320,3812346963359304
2,0,2812,1789633730846530560,3812346963370042
2,0,2813,1789633730846541824,3812346963380799
2,0,2814,1789633730846552064,3812346963391504
2,0,2815,1789633730846563328,3812346963402227
2,0,2816,1789633730846573568,3812346963412962
2,0,2817,1789633730846584832,3812346963423714
2,0,2818,1789633730846595072,3812346963434432
2,0,2819,1789633730846606336,3812346963445163
2,0,2820,1789633730846616576,3812346963455877
2,0,2821,1789633730846627840,3812346963466657
2,0,2822,1789633730846638080,3812346963477347
2,0,2823,1789633730846649344,3812346963488077
2,0,2824,1789633730846659584,3812346963498812
2,0,2825,1789633730846670848,3812346963509533
2,0,2826,1789633730846681088,3812346963520257
2,0,2827,1789633730846692352,3812346963530987
2,0,2828,1789633730846702592,3812346963541719
2,0,2829,1789633730846712832,3812346963552447
2,0,2830,1789633730846724096,3812346963563183
2,0,2831,1789633730846734336,3812346963573904
2,0,2832,1789633730846745600,3812346963584627
2,0,2833,1789633730846755840,3812346963595362
2,0,2834,1789633730846767104,3812346963606094
2,0,2835,1789633730846777344,3812346963616842
2,0,2836,1789633730846788608,3812346963627587
2,0,2837,1789633730846798848,3812346963638312
2,0,2838,1789633730846810112,3812346963649017
2,0,2839,1789633730846820352,3812346963659754
2,0,2840,1789633730846831616,3812346963670494
2,0,2841,1789633730846841856,3812346963681202
2,0,2842,1789633730846853120,3812346963691939
2,0,2843,1789633730846863360,3812346963702655
2,0,2844,1789633730846874624,3812346963713394
2,0,2845,1789633730846884864,3812346963724112
2,0,2846,1789633730846896128,3812346963734847
2,0,2847,1789633730846906368,3812346963745599
2,0,2848,1789633730846917632,3812346963756293
2,0,2849,1789633730846927872,3812346963767082
2,0,2850,1789633730846939136,3812346963777784
2,0,2851,1789633730846949376,3812346963788552
2,0,2852,1789633730846960640,3812346963799312
2,0,2853,1789633730846970880,3812346963810047
2,0,2854,1789633730846982144,3812346963820762
2,0,2855,1789633730846992384,3812346963831532
2,0,2856,1789633730847002624,3812346963842194
2,0,2857,1789633730847013888,3812346963852917
2,0,2858,1789633730847024128,3812346963863607
2,0,2859,1789633730847035392,3812346963874307
2,0,2860,1789633730847045632,3812346963885059
2,0,2861,1789633730847056896,3812346963895769
2,0,2862,1789633730847067136,3812346963906522
2,0,2863,1789633730847078400,3812346963917269
2,0,2864,1789633730847088640,3812346963927994
2,0,2865,1789633730847099904,3812346963938734
2,0,2866,1789633730847110144,3812346963949479
2,0,2867,1789633730847121408,3812346963960272
2,0,2868,1789633730847131648,3812346963971034
2,0,2869,1789633730847142912,3812346963981761
2,0,2870,1789633730847153152,3812346963992487
2,0,2871,1789633730847164416,3812346964003219
2,0,2872,1789633730847174656,3812346964013937
2,0,2873,1789633730847185920,3812346964024673
2,0,2874,1789633730847196160,3812346964035407
2,0,2875,1789633730847207424,3812346964046132
2,0,2876,1789633730847217664,3812346964056837
2,0,2877,1789633730847227904,3812346964067507
2,0,2878,1789633730847239168,3812346964078219
2,0,2879,1789633730847249408,3812346964088962
2,0,2880,1789633730847260672,3812346964099672
2,0,2881,1789633730847270912,3812346964110447
2,0,2882,1789633730847282176,3812346964121172
2,0,2883,1789633730847292416,3812346964131919
2,0,2884,1789633730847303680,3812346964142639
2,0,2885,1789633730847313920,3812346964153387
2,0,2886,1789633730847325184,3812346964164047
2,0,2887,1789633730847335424,3812346964174819
2,0,2888,1789633730847346688,3812346964185513
2,0,2889,1789633730847356928,3812346964196225
2,0,2890,1789633730847368192,3812346964206956
2,0,2891,1789633730847378432,3812346964217686
2,0,2892,1789633730847389696,3812346964228414
2,0,2893,1789633730847399936,3812346964239139
2,0,2894,1789633730847411200,3812346964249869
2,0,2895,1789633730847421440,3812346964260607
2,0,2896,1789633730847432704,3812346964271332
2,0,2897,1789633730847442944,3812346964282057
2,0,2898,1789633730847454208,3812346964292812
2,0,2899,1789633730847464448,3812346964303523
2,0,2900,1789633730847474688,3812346964314279
2,0,2901,1789633730847485952,3812346964324992
2,0,2902,1789633730847496192,3812346964335707
2,0,2903,1789633730847507456,3812346964346449
2,0,2904,1789633730847517696,3812346964357167
2,0,2905,1789633730847528960,3812346964367897
2,0,2906,1789633730847539200,3812346964378642
2,0,2907,1789633730847550464,3812346964389399
2,0,2908,1789633730847560704,3812346964400097
2,0,2909,1789633730847571968,3812346964410806
2,0,2910,1789633730847582208,3812346964421562
2,0,2911,1789633730847593472,3812346964432287
2,0,2912,1789633730847603712,3812346964443042
2,0,2913,1789633730847614976,3812346964453797
2,0,2914,1789633730847625216,3812346964464499
2,0,2915,1789633730847636480,3812346964475244
2,0,2916,1789633730847646720,3812346964485997
2,0,2917,1789633730847657984,3812346964496749
2,0,2918,1789633730847668224,3812346964507472
2,0,2919,1789633730847679488,3812346964518227
2,0,2920,1789633730847689728,3812346964528937
2,0,2921,1789633730847700992,3812346964539687
2,0,2922,1789633730847711232,3812346964550394
2,0,2923,1789633730847721472,3812346964561102
2,0,2924,1789633730847732736,3812346964571779
2,0,2925,1789633730847742976,3812346964582547
2,0,2926,1789633730847754240,3812346964593227
2,0,2927,1789633730847764480,3812346964603962
2,0,2928,1789633730847775744,3812346964614672
2,0,2929,1789633730847785984,3812346964625439
2,0,2930,1789633730847797248,3812346964636164
2,0,2931,1789633730847807488,3812346964646847
2,0,2932,1789633730847818752,3812346964657587
2,0,2933,1789633730847828992,3812346964668322
2,0,2934,1789633730847840256,3812346964679062
2,0,2935,1789633730847850496,3812346964689787
2,0,2936,1789633730847861760,3812346964700537
2,0,2937,1789633730847872000,3812346964711269
2,0,2938,1789633730847883264,3812346964721977
2,0,2939,1789633730847893504,3812346964732669
2,0,2940,1789633730847904768,3812346964743519
2,0,2941,1789633730847915008,3812346964754242
2,0,2942,1789633730847926272,3812346964764947
2,0,2943,1789633730847936512,3812346964775712
2,0,2944,1789633730847947776,3812346964786417
2,0,2945,1789633730847958016,3812346964797177
2,0,2946,1789633730847969280,3812346964807877
2,0,2947,1789633730847979520,3812346964818639
2,0,2948,1789633730847989760,3812346964829364
2,0,2949,1789633730848001024,3812346964840127
2,0,2950,1789633730848011264,3812346964850807
2,0,2951,1789633730848022528,3812346964861594
2,0,2952,1789633730848032768,3812346964872257
2,0,2953,1789633730848044032,3812346964882989
2,0,2954,1789633730848054272,3812346964893707
2,0,2955,1789633730848065536,3812346964904454
2,0,2956,1789633730848075776,3812346964915186
2,0,2957,1789633730848087040,3812346964925937
2,0,2958,1789633730848097280,3812346964936607
2,0,2959,1789633730848108544,3812346964947322
2,0,2960,1789633730848118784,3812346964958029
2,0,2961,1789633730848130048,3812346964968762
2,0,2962,1789633730848140288,3812346964979527
2,0,2963,1789633730848151552,3812346964990264
2,0,2964,1789633730848161792,3812346965000997
2,0,2965,1789633730848173056,3812346965011735
2,0,2966,1789633730848183296,3812346965022447
2,0,2967,1789633730848193536,3812346965033194
2,0,2968,1789633730848204800,3812346965043912
2,0,2969,1789633730848215040,3812346965054704
2,0,2970,1789633730848226304,3812346965065462
2,0,2971,1789633730848236544,3812346965076169
2,0,2972,1789633730848247808,3812346965086882
2,0,2973,1789633730848258048,3812346965097587
2,0,2974,1789633730848269312,3812346965108232
2,0,2975,1789633730848279552,3812346965118979
2,0,2976,1789633730848290816,3812346965129687
2,0,2977,1789633730848301056,3812346965140414
2,0,2978,1789633730848312320,3812346965151164
2,0,2979,1789633730848322560,3812346965161899
2,0,2980,1789633730848333824,3812346965172632
2,0,2981,1789633730848344064,3812346965183379
2,0,2982,1789633730848355328,3812346965194088
2,0,2983,1789633730848365568,3812346965204837
2,0,2984,1789633730848376832,3812346965215579
2,0,2985,1789633730848387072,3812346965226327
2,0,2986,1789633730848398336,3812346965237037
2,0,2987,1789633730848408576,3812346965247834
2,0,2988,1789633730848419840,3812346965258514
2,0,2989,1789633730848430080,3812346965269254
2,0,2990,1789633730848441344,3812346965279967
2,0,2991,1789633730848451584,3812346965290655
2,0,2992,1789633730848461824,3812346965301377
2,0,2993,1789633730848473088,3812346965312127
2,0,2994,1789633730848483328,3812346965322837
2,0,2995,1789633730848494592,3812346965333554
2,0,2996,1789633730848504832,3812346965344292
2,0,2997,1789633730848516096,3812346965355004
2,0,2998,1789633730848526336,3812346965365749
2,0,2999,1789633730848537600,3812346965376529
2,0,3000,1789633730848547840,3812346965387237
2,0,3001,1789633730848559104,3812346965397999
2,0,3002,1789633730848569344,3812346965408704
2,0,3003,1789633730848580608,3812346965419449
2,0,3004,1789633730848590848,3812346965430177
2,0,3005,1789633730848602112,3812346965440907
2,0,3006,1789633730848612352,3812346965451592
2,0,3007,1789633730848623616,3812346965462327
2,0,3008,1789633730848633856,3812346965473047
2,0,3009,1789633730848645120,3812346965483789
2,0,3010,1789633730848655360,3812346965494507
2,0,3011,1789633730848665600,3812346965505259
2,0,3012,1789633730848676864,3812346965515969
2,0,3013,1789633730848687104,3812346965526707
2,0,3014,1789633730848698368,3812346965537419
2,0,3015,1789633730848708608,3812346965548174
2,0,3016,1789633730848719872,3812346965558852
2,0,3017,1789633730848730112,3812346965569644
2,0,3018,1789633730848741376,3812346965580357
2,0,3019,1789633730848751616,3812346965591104
2,0,3020,1789633730848762880,3812346965601806
2,0,3021,1789633730848773120,3812346965612506
2,0,3022,1789633730848784384,3812346965623265
2,0,3023,1789633730848794624,3812346965634037
2,0,3024,1789633730848805888,3812346965644729
2,0,3025,1789633730848816128,3812346965655497
2,0,3026,1789633730848827392,3812346965666207
2,0,3027,1789633730848837632,3812346965676974
2,0,3028,1789633730848848896,3812346965687757
2,0,3029,1789633730848859136,3812346965698512
2,0,3030,1789633730848870400,3812346965709277
2,0,3031,1789633730848880640,3812346965720092
2,0,3032,1789633730848891904,3812346965730902
2,0,3033,1789633730848902144,3812346965741717
2,0,3034,1789633730848913408,3812346965752519
2,0,3035,1789633730848923648,3812346965763282
2,0,3036,1789633730848934912,3812346965774074
2,0,3037,1789633730848945152,3812346965784997
2,0,3038,1789633730848956416,3812346965795799
2,0,3039,1789633730848967680,3812346965806669
2,0,3040,1789633730848977920,3812346965817444
2,0,3041,1789633730848989184,3812346965828222
2,0,3042,1789633730848999424,3812346965839002
2,0,3043,1789633730849010688,3812346965849774
2,0,3044,1789633730849020928,3812346965860519
2,0,3045,1789633730849032192,3812346965871294
2,0,3046,1789633730849042432,3812346965882067
2,0,3047,1789633730849053696,3812346965892789
2,0,3048,1789633730849063936,3812346965903557
2,0,3049,1789633730849075200,3812346965914312
2,0,3050,1789633730849085440,3812346965925089
2,0,3051,1789633730849096704,3812346965935857
2,0,3052,1789633730849106944,3812346965946619
2,0,3053,1789633730849118208,3812346965957419
2,0,3054,1789633730849129472,3812346965968142
2,0,3055,1789633730849139712,3812346965978967
2,0,3056,1789633730849150976,3812346965989819
2,0,3057,1789633730849161216,3812346966000649
2,0,3058,1789633730849172480,3812346966011497
2,0,3059,1789633730849182720,3812346966022289
2,0,3060,1789633730849193984,3812346966033064
2,0,3061,1789633730849204224,3812346966043852
2,0,3062,1789633730849215488,3812346966054632
2,0,3063,1789633730849225728,3812346966065425
2,0,3064,1789633730849236992,3812346966076167
2,0,3065,1789633730849248256,3812346966086987
2,0,3066,1789633730849258496,3812346966097757
2,0,3067,1789633730849269760,3812346966108527
2,0,3068,1789633730849280000,3812346966119298
2,0,3069,1789633730849291264,3812346966130097
2,0,3070,1789633730849301504,3812346966140847
2,0,3071,1789633730849312768,3812346966151722
2,0,3072,1789633730849323008,3812346966162494
2,0,3073,1789633730849334272,3812346966173229
2,0,3074,1789633730849344512,3812346966184004
2,0,3075,1789633730849355776,3812346966194874
2,0,3076,1789633730849366016,3812346966205717
2,0,3077,1789633730849377280,3812346966216469
2,0,3078,1789633730849388544,3812346966227244
2,0,3079,1789633730849398784,3812346966238024
2,0,3080,1789633730849410048,3812346966248846
2,0,3081,1789633730849420288,3812346966259654
2,0,3082,1789633730849431552,3812346966270437
2,0,3083,1789633730849441792,3812346966281196
2,0,3084,1789633730849453056,3812346966291999
2,0,3085,1789633730849463296,3812346966302747
2,0,3086,1789633730849474560,3812346966313642
2,0,3087,1789633730849484800,3812346966324406
2,0,3088,1789633730849496064,3812346966335347
2,0,3089,1789633730849507328,3812346966346121
2,0,3090,1789633730849517568,3812346966356919
2,0,3091,1789633730849528832,3812346966367677
2,0,3092,1789633730849539072,3812346966378469
2,0,3093,1789633730849550336,3812346966389224
2,0,3094,1789633730849560576,3812346966400044
2,0,3095,1789633730849571840,3812346966410772
2,0,3096,1789633730849582080,3812346966421534
2,0,3097,1789633730849593344,3812346966432272
2,0,3098,1789633730849603584,3812346966443019
2,0,3099,1789633730849614848,3812346966453694
2,0,3100,1789633730849625088,3812346966464442
2,0,3101,1789633730849636352,3812346966475157
2,0,3102,1789633730849646592,3812346966485837
2,0,3103,1789633730849657856,3812346966496617
2,0,3104,1789633730849668096,3812346966507304
2,0,3105,1789633730849679360,3812346966518076
2,0,3106,1789633730849689600,3812346966528775
2,0,3107,1789633730849700864,3812346966539542
2,0,3108,1789633730849711104,3812346966550259
2,0,3109,1789633730849721344,3812346966561033
2,0,3110,1789633730849732608,3812346966571739
2,0,3111,1789633730849742848,3812346966582469
2,0,3112,1789633730849754112,3812346966593216
2,0,3113,1789633730849764352,3812346966603904
2,0,3114,1789633730849775616,3812346966614596
2,0,3115,1789633730849785856,3812346966625287
2,0,3116,1789633730849797120,3812346966635974
2,0,3117,1789633730849807360,3812346966646687
2,0,3118,1789633730849818624,3812346966657437
2,0,3119,1789633730849828864,3812346966668154
2,0,3120,1789633730849840128,3812346966678864
2,0,3121,1789633730849850368,3812346966689579
2,0,3122,1789633730849861632,3812346966700309
2,0,3123,1789633730849871872,3812346966711037
2,0,3124,1789633730849883136,3812346966721814
2,0,3125,1789633730849893376,3812346966732533
2,0,3126,1789633730849903616,3812346966743252
2,0,3127,1789633730849914880,3812346966753969
2,0,3128,1789633730849925120,3812346966764672
2,0,3129,1789633730849936384,3812346966775429
2,0,3130,1789633730849946624,3812346966786142
2,0,3131,1789633730849957888,3812346966796887
2,0,3132,1789633730849968128,3812346966807564
2,0,3133,1789633730849979392,3812346966818292
2,0,3134,1789633730849989632,3812346966829007
2,0,3135,1789633730850000896,3812346966839732
2,0,3136,1789633730850011136,3812346966850472
2,0,3137,1789633730850022400,3812346966861274
2,0,3138,1789633730850032640,3812346966871977
2,0,3139,1789633730850043904,3812346966882737
2,0,3140,1789633730850054144,3812346966893507
2,0,3141,1789633730850065408,3812346966904242
2,0,3142,1789633730850075648,3812346966914917
2,0,3143,1789633730850086912,3812346966925674
2,0,3144,1789633730850097152,3812346966936357
2,0,3145,1789633730850107392,3812346966947094
2,0,3146,1789633730850118656,3812346966957787
2,0,3147,1789633730850128896,3812346966968506
2,0,3148,1789633730850140160,3812346966979196
2,0,3149,1789633730850150400,3812346966989912
2,0,3150,1789633730850161664,3812346967000632
2,0,3151,1789633730850171904,3812346967011399
2,0,3152,1789633730850183168,3812346967022104
2,0,3153,1789633730850193408,3812346967032829
2,0,3154,1789633730850204672,3812346967043562
2,0,3155,1789633730850214912,3812346967054314
2,0,3156,1789633730850226176,3812346967065067
2,0,3157,1789633730850236416,3812346967075777
2,0,3158,1789633730850247680,3812346967086499
2,0,3159,1789633730850257920,3812346967097199
2,0,3160,1789633730850269184,3812346967107907
2,0,3161,1789633730850279424,3812346967118644
2,0,3162,1789633730850290688,3812346967129337
2,0,3163,1789633730850300928,3812346967140047
2,0,3164,1789633730850311168,3812346967150772
2,0,3165,1789633730850322432,3812346967161536
2,0,3166,1789633730850332672,3812346967172237
2,0,3167,1789633730850343936,3812346967182999
2,0,3168,1789633730850354176,3812346967193747
2,0,3169,1789633730850365440,3812346967204496
2,0,3170,1789633730850375680,3812346967215207
2,0,3171,1789633730850386944,3812346967225962
2,0,3172,1789633730850397184,3812346967236653
2,0,3173,1789633730850408448,3812346967247419
2,0,3174,1789633730850418688,3812346967258137
2,0,3175,1789633730850429952,3812346967268912
2,0,3176,1789633730850440192,3812346967279614
2,0,3177,1789633730850451456,3812346967290386
2,0,3178,1789633730850461696,3812346967301072
2,0,3179,1789633730850472960,3812346967311787
2,0,3180,1789633730850483200,3812346967322512
2,0,3181,1789633730850494464,3812346967333257
2,0,3182,1789633730850504704,3812346967343957
2,0,3183,1789633730850515968,3812346967354699
2,0,3184,1789633730850526208,3812346967365414
2,0,3185,1789633730850537472,3812346967376179
2,0,3186,1789633730850547712,3812346967386919
2,0,3187,1789633730850558976,3812346967397692
2,0,3188,1789633730850569216,3812346967408384
2,0,3189,1789633730850579456,3812346967419137
2,0,3190,1789633730850590720,3812346967429849
2,0,3191,1789633730850600960,3812346967440564
2,0,3192,1789633730850612224,3812346967451287
2,0,3193,1789633730850622464,3812346967462022
2,0,3194,1789633730850633728,3812346967472719
2,0,3195,1789633730850643968,3812346967483522
2,0,3196,1789633730850655232,3812346967494237
2,0,3197,1789633730850665472,3812346967504969
2,0,3198,1789633730850676736,3812346967515647
2,0,3199,1789633730850686976,3812346967526382
2,0,3200,1789633730850698240,3812346967537074
2,0,3201,1789633730850708480,3812346967547847
2,0,3202,1789633730850719744,3812346967558579
2,0,3203,1789633730850729984,3812346967569287
2,0,3204,1789633730850741248,3812346967579972
2,0,3205,1789633730850751488,3812346967590737
2,0,3206,1789633730850762752,3812346967601439
2,0,3207,1789633730850772992,3812346967612162
2,0,3208,1789633730850783232,3812346967622869
2,0,3209,1789633730850794496,3812346967633599
2,0,3210,1789633730850804736,3812346967644327
2,0,3211,1789633730850816000,3812346967655087
2,0,3212,1789633730850826240,3812346967665797
2,0,3213,1789633730850837504,3812346967676507
2,0,3214,1789633730850847744,3812346967687247
2,0,3215,1789633730850859008,3812346967697964
2,0,3216,1789633730850869248,3812346967708698
2,0,3217,1789633730850880512,3812346967719453
2,0,3218,1789633730850890752,3812346967730207
2,0,3219,1789633730850902016,3812346967741002
2,0,3220,1789633730850912256,3812346967751712
2,0,3221,1789633730850923520,3812346967762457
2,0,3222,1789633730850933760,3812346967773162
2,0,3223,1789633730850945024,3812346967783907
2,0,3224,1789633730850955264,3812346967794612
2,0,3225,1789633730850966528,3812346967805337
2,0,3226,1789633730850976768,3812346967816025
2,0,3227,1789633730850988032,3812346967826779
2,0,3228,1789633730850998272,3812346967837452
2,0,3229,1789633730851008512,3812346967848174
2,0,3230,1789633730851019776,3812346967858917
2,0,3231,1789633730851030016,3812346967869664
2,0,3232,1789633730851041280,3812346967880419
2,0,3233,1789633730851051520,3812346967891132
2,0,3234,1789633730851062784,3812346967901837
2,0,3235,1789633730851073024,3812346967912622
2,0,3236,1789633730851084288,3812346967923377
2,0,3237,1789633730851094528,3812346967934097
2,0,3238,1789633730851105792,3812346967944827
2,0,3239,1789633730851116032,3812346967955687
2,0,3240,1789633730851127296,3812346967966392
2,0,3241,1789633730851137536,3812346967977152
2,0,3242,1789633730851148800,3812346967987834
2,0,3243,1789633730851159040,3812346967998594
2,0,3244,1789633730851170304,3812346968009327
2,0,3245,1789633730851180544,3812346968020038
2,0,3246,1789633730851191808,3812346968030752
2,0,3247,1789633730851202048,3812346968041517
2,0,3248,1789633730851213312,3812346968052214
2,0,3249,1789633730851223552,3812346968062975
2,0,3250,1789633730851234816,3812346968073677
2,0,3251,1789633730851245056,3812346968084439
2,0,3252,1789633730851256320,3812346968095187
2,0,3253,1789633730851266560,3812346968105900
2,0,3254,1789633730851277824,3812346968116637
2,0,3255,1789633730851288064,3812346968127377
2,0,3256,1789633730851299328,3812346968138087
2,0,3257,1789633730851309568,3812346968148817
2,0,3258,1789633730851320832,3812346968159514
2,0,3259,1789633730851331072,3812346968170232
2,0,3260,1789633730851341312,3812346968180904
2,0,3261,1789633730851352576,3812346968191624
2,0,3262,1789633730851362816,3812346968202334
2,0,3263,1789633730851374080,3812346968213007
2,0,3264,1789633730851384320,3812346968223732
2,0,3265,1789633730851395584,3812346968234497
2,0,3266,1789633730851405824,3812346968245219
2,0,3267,1789633730851417088,3812346968255974
2,0,3268,1789633730851427328,3812346968266697
2,0,3269,1789633730851438592,3812346968277454
2,0,3270,1789633730851448832,3812346968288199
2,0,3271,1789633730851460096,3812346968298949
2,0,3272,1789633730851470336,3812346968309672
2,0,3273,1789633730851481600,3812346968320394
2,0,3274,1789633730851491840,3812346968331131
2,0,3275,1789633730851503104,3812346968341894
2,0,3276,1789633730851513344,3812346968352578
2,0,3277,1789633730851523584,3812346968363261
2,0,3278,1789633730851534848,3812346968373994
2,0,3279,1789633730851545088,3812346968384694
2,0,3280,1789633730851556352,3812346968395397
2,0,3281,1789633730851566592,3812346968406132
2,0,3282,1789633730851577856,3812346968416849
2,0,3283,1789633730851588096,3812346968427619
2,0,3284,1789633730851599360,3812346968438334
2,0,3285,1789633730851609600,3812346968449069
2,0,3286,1789633730851620864,3812346968459778
2,0,3287,1789633730851631104,3812346968470494
2,0,3288,1789633730851642368,3812346968481234
2,0,3289,1789633730851652608,3812346968491976
2,0,3290,1789633730851663872,3812346968502673
2,0,3291,1789633730851674112,3812346968513387
2,0,3292,1789633730851685376,3812346968524166
2,0,3293,1789633730851695616,3812346968534874
2,0,3294,1789633730851706880,3812346968545607
2,0,3295,1789633730851717120,3812346968556341
2,0,3296,1789633730851727360,3812346968567071
2,0,3297,1789633730851738624,3812346968577814
2,0,3298,1789633730851748864,3812346968588559
2,0,3299,1789633730851760128,3812346968599317
2,0,3300,1789633730851770368,3812346968610087
2,0,3301,1789633730851781632,3812346968620857
2,0,3302,1789633730851791872,3812346968631619
2,0,3303,1789633730851803136,3812346968642391
2,0,3304,1789633730851814400,3812346968653174
2,0,3305,1789633730851824640,3812346968663927
2,0,3306,1789633730851835904,3812346968674662
2,0,3307,1789633730851846144,3812346968685444
2,0,3308,1789633730851857408,3812346968696122
2,0,3309,1789633730851867648,3812346968706849
2,0,3310,1789633730851877888,3812346968717514
2,0,3311,1789633730851889152,3812346968728247
2,0,3312,1789633730851899392,3812346968738922
2,0,3313,1789633730851910656,3812346968749631
2,0,3314,1789633730851920896,3812346968760319
2,0,3315,1789633730851932160,3812346968771062
2,0,3316,1789633730851942400,3812346968781769
2,0,3317,1789633730851953664,3812346968792537
2,0,3318,1789633730851963904,3812346968803264
2,0,3319,1789633730851975168,3812346968813994
2,0,3320,1789633730851985408,3812346968824737
2,0,3321,1789633730851996672,3812346968835511
2,0,3322,1789633730852006912,3812346968846227
2,0,3323,1789633730852018176,3812346968856979
2,0,3324,1789633730852028416,3812346968867685
2,0,3325,1789633730852039680,3812346968878374
2,0,3326,1789633730852049920,3812346968889117
2,0,3327,1789633730852060160,3812346968899819
2,0,3328,1789633730852071424,3812346968910529
2,0,3329,1789633730852081664,3812346968921242
2,0,3330,1789633730852092928,3812346968931951
2,0,3331,1789633730852103168,3812346968942666
2,0,3332,1789633730852114432,3812346968953369
2,0,3333,1789633730852124672,3812346968964137
2,0,3334,1789633730852135936,3812346968974847
2,0,3335,1789633730852146176,3812346968985594
2,0,3336,1789633730852157440,3812346968996337
2,0,3337,1789633730852167680,3812346969007054
2,0,3338,1789633730852178944,3812346969017801
2,0,3339,1789633730852189184,3812346969028604
2,0,3340,1789633730852200448,3812346969039249
2,0,3341,1789633730852210688,3812346969049987
2,0,3342,1789633730852221952,3812346969060676
2,0,3343,1789633730852232192,3812346969071422
2,0,3344,1789633730852242432,3812346969082111
2,0,3345,1789633730852253696,3812346969092861
2,0,3346,1789633730852263936,3812346969103524
2,0,3347,1789633730852275200,3812346969114227
2,0,3348,1789633730852285440,3812346969125004
2,0,3349,1789633730852296704,3812346969135727
2,0,3350,1789633730852306944,3812346969146458
2,0,3351,1789633730852318208,3812346969157176
2,0,3352,1789633730852328448,3812346969167927
2,0,3353,1789633730852339712,3812346969178624
2,0,3354,1789633730852349952,3812346969189394
2,0,3355,1789633730852361216,3812346969200181
2,0,3356,1789633730852371456,3812346969210919
2,0,3357,1789633730852382720,3812346969221637
2,0,3358,1789633730852392960,3812346969232369
2,0,3359,1789633730852404224,3812346969243101
2,0,3360,1789633730852414464,3812346969253773
2,0,3361,1789633730852425728,3812346969264477
2,0,3362,1789633730852435968,3812346969275224
2,0,3363,1789633730852447232,3812346969285942
2,0,3364,1789633730852457472,3812346969296694
2,0,3365,1789633730852468736,3812346969307414
2,0,3366,1789633730852478976,3812346969318134
2,0,3367,1789633730852489216,3812346969328914
2,0,3368,1789633730852500480,3812346969339619
2,0,3369,1789633730852510720,3812346969350377
2,0,3370,1789633730852521984,3812346969361074
2,0,3371,1789633730852532224,3812346969371809
2,0,3372,1789633730852543488,3812346969382541
2,0,3373,1789633730852553728,3812346969393282
2,0,3374,1789633730852564992,3812346969403997
2,0,3375,1789633730852575232,3812346969414752
2,0,3376,1789633730852586496,3812346969425431
2,0,3377,1789633730852596736,3812346969436189
2,0,3378,1789633730852608000,3812346969446899
2,0,3379,1789633730852618240,3812346969457627
2,0,3380,1789633730852629504,3812346969468346
2,0,3381,1789633730852639744,3812346969479109
2,0,3382,1789633730852651008,3812346969489824
2,0,3383,1789633730852661248,3812346969500539
2,0,3384,1789633730852672512,3812346969511241
2,0,3385,1789633730852682752,3812346969522016
2,0,3386,1789633730852694016,3812346969532731
2,0,3387,1789633730852704256,3812346969543527
2,0,3388,1789633730852715520,3812346969554241
2,0,3389,1789633730852725760,3812346969564951
2,0,3390,1789633730852736000,3812346969575694
2,0,3391,1789633730852747264,3812346969586497
2,0,3392,1789633730852757504,3812346969597161
2,0,3393,1789633730852768768,3812346969607907
2,0,3394,1789633730852779008,3812346969618669
2,0,3395,1789633730852790272,3812346969629421
2,0,3396,1789633730852800512,3812346969640164
2,0,3397,1789633730852811776,3812346969650926
2,0,3398,1789633730852822016,3812346969661719
2,0,3399,1789633730852833280,3812346969672487
2,0,3400,1789633730852843520,3812346969683244
2,0,3401,1789633730852854784,3812346969694011
2,0,3402,1789633730852866048,3812346969704829
2,0,3403,1789633730852876288,3812346969715579
2,0,3404,1789633730852887552,3812346969726399
2,0,3405,1789633730852897792,3812346969737199
2,0,3406,1789633730852909056,3812346969747927
2,0,3407,1789633730852919296,3812346969758837
2,0,3408,1789633730852930560,3812346969769641
2,0,3409,1789633730852940800,3812346969780519
2,0,3410,1789633730852952064,3812346969791257
2,0,3411,1789633730852962304,3812346969802041
2,0,3412,1789633730852973568,3812346969812812
2,0,3413,1789633730852983808,3812346969823577
2,0,3414,1789633730852995072,3812346969834334
2,0,3415,1789633730853005312,3812346969845077
2,0,3416,1789633730853016576,3812346969855857
2,0,3417,1789633730853027840,3812346969866614
2,0,3418,1789633730853038080,3812346969877397
2,0,3419,1789633730853049344,3812346969888134
2,0,3420,1789633730853059584,3812346969898894
2,0,3421,1789633730853070848,3812346969909657
2,0,3422,1789633730853081088,3812346969920447
2,0,3423,1789633730853092352,3812346969931219
2,0,3424,1789633730853102592,3812346969942001
2,0,3425,1789633730853113856,3812346969952777
2,0,3426,1789633730853124096,3812346969963657
2,0,3427,1789633730853135360,3812346969974464
2,0,3428,1789633730853145600,3812346969985357
2,0,3429,1789633730853156864,3812346969996137
2,0,3430,1789633730853168128,3812346970006934
2,0,3431,1789633730853178368,3812346970017704
2,0,3432,1789633730853189632,3812346970028484
2,0,3433,1789633730853199872,3812346970039244
2,0,3434,1789633730853211136,3812346970050017
2,0,3435,1789633730853221376,3812346970060784
2,0,3436,1789633730853232640,3812346970071548
2,0,3437,1789633730853242880,3812346970082296
2,0,3438,1789633730853254144,3812346970093097
2,0,3439,1789633730853264384,3812346970103828
2,0,3440,1789633730853275648,3812346970114604
2,0,3441,1789633730853285888,3812346970125398
2,0,3442,1789633730853297152,3812346970136191
2,0,3443,1789633730853307392,3812346970147044
2,0,3444,1789633730853318656,3812346970157811
2,0,3445,1789633730853328896,3812346970168754
2,0,3446,1789633730853340160,3812346970179508
2,0,3447,1789633730853351424,3812346970190297
2,0,3448,1789633730853361664,3812346970201011
2,0,3449,1789633730853372928,3812346970211806
2,0,3450,1789633730853383168,3812346970222571
2,0,3451,1789633730853394432,3812346970233374
2,0,3452,1789633730853404672,3812346970244124
2,0,3453,1789633730853415936,3812346970254924
2,0,3454,1789633730853426176,3812346970265722
2,0,3455,1789633730853437440,3812346970276491
2,0,3456,1789633730853447680,3812346970287251
2,0,3457,1789633730853458944,3812346970298001
2,0,3458,1789633730853469184,3812346970308706
2,0,3459,1789633730853480448,3812346970319439
2,0,3460,1789633730853490688,3812346970330108
2,0,3461,1789633730853501952,3812346970340784
2,0,3462,1789633730853512192,3812346970351516
2,0,3463,1789633730853523456,3812346970362201
2,0,3464,1789633730853533696,3812346970372934
2,0,3465,1789633730853543936,3812346970383644
2,0,3466,1789633730853555200,3812346970394374
2,0,3467,1789633730853565440,3812346970405079
2,0,3468,1789633730853576704,3812346970415844
2,0,3469,1789633730853586944,3812346970426597
2,0,3470,1789633730853598208,3812346970437346
2,0,3471,1789633730853608448,3812346970448014
2,0,3472,1789633730853619712,3812346970458804
2,0,3473,1789633730853629952,3812346970469532
2,0,3474,1789633730853641216,3812346970480251
2,0,3475,1789633730853651456,3812346970490934
2,0,3476,1789633730853662720,3812346970501724
2,0,3477,1789633730853672960,3812346970512354
2,0,3478,1789633730853684224,3812346970523058
2,0,3479,1789633730853694464,3812346970533794
2,0,3480,1789633730853705728,3812346970544568
2,0,3481,1789633730853715968,3812346970555291
2,0,3482,1789633730853727232,3812346970566051
2,0,3483,1789633730853737472,3812346970576754
2,0,3484,1789633730853748736,3812346970587517
2,0,3485,1789633730853758976,3812346970598251
2,0,3486,1789633730853770240,3812346970608976
2,0,3487,1789633730853780480,3812346970619678
2,0,3488,1789633730853790720,3812346970630361
2,0,3489,1789633730853801984,3812346970641084
2,0,3490,1789633730853812224,3812346970651791
2,0,3491,1789633730853823488,3812346970662466
2,0,3492,1789633730853833728,3812346970673197
2,0,3493,1789633730853844992,3812346970683876
2,0,3494,1789633730853855232,3812346970694601
2,0,3495,1789633730853866496,3812346970705301
2,0,3496,1789633730853876736,3812346970716094
2,0,3497,1789633730853888000,3812346970726830
2,0,3498,1789633730853898240,3812346970737561
2,0,3499,1789633730853909504,3812346970748250
2,0,3500,1789633730853919744,3812346970759028
2,0,3501,1789633730853931008,3812346970769797
2,0,3502,1789633730853941248,3812346970780552
2,0,3503,1789633730853952512,3812346970791276
2,0,3504,1789633730853962752,3812346970801994
2,0,3505,1789633730853972992,3812346970812704
2,0,3506,1789633730853984256,3812346970823504
2,0,3507,1789633730853994496,3812346970834179
2,0,3508,1789633730854005760,3812346970844908
2,0,3509,1789633730854016000,3812346970855634
2,0,3510,1789633730854027264,3812346970866397
2,0,3511,1789633730854037504,3812346970877117
2,0,3512,1789633730854048768,3812346970887824
2,0,3513,1789633730854059008,3812346970898537
2,0,3514,1789633730854070272,3812346970909261
2,0,3515,1789633730854080512,3812346970919991
2,0,3516,1789633730854091776,3812346970930724
2,0,3517,1789633730854102016,3812346970941461
2,0,3518,1789633730854113280,3812346970952191
2,0,3519,1789633730854123520,3812346970962916
2,0,3520,1789633730854134784,3812346970973624
2,0,3521,1789633730854145024,3812346970984359
2,0,3522,1789633730854156288,3812346970995074
2,0,3523,1789633730854166528,3812346971005771
2,0,3524,1789633730854176768,3812346971016494
2,0,3525,1789633730854188032,3812346971027204
2,0,3526,1789633730854198272,3812346971037924
2,0,3527,1789633730854209536,3812346971048646
2,0,3528,1789633730854219776,3812346971059384
2,0,3529,1789633730854231040,3812346971070094
2,0,3530,1789633730854241280,3812346971080861
2,0,3531,1789633730854252544,3812346971091556
2,0,3532,1789633730854262784,3812346971102317
2,0,3533,1789633730854274048,3812346971113034
2,0,3534,1789633730854284288,3812346971123777
2,0,3535,1789633730854295552,3812346971134486
2,0,3536,1789633730854305792,3812346971145254
2,0,3537,1789633730854317056,3812346971155926
2,0,3538,1789633730854327296,3812346971166638
2,0,3539,1789633730854338560,3812346971177308
2,0,3540,1789633730854348800,3812346971188021
2,0,3541,1789633730854359040,3812346971198744
2,0,3542,1789633730854370304,3812346971209478
2,0,3543,1789633730854380544,3812346971220211
2,0,3544,1789633730854391808,3812346971230984
2,0,3545,1789633730854402048,3812346971241724
2,0,3546,1789633730854413312,3812346971252421
2,0,3547,1789633730854423552,3812346971263112
2,0,3548,1789633730854434816,3812346971273874
2,0,3549,1789633730854445056,3812346971284604
2,0,3550,1789633730854456320,3812346971295348
2,0,3551,1789633730854466560,3812346971306084
2,0,3552,1789633730854477824,3812346971316784
2,0,3553,1789633730854488064,3812346971327504
2,0,3554,1789633730854499328,3812346971338228
2,0,3555,1789633730854509568,3812346971348961
2,0,3556,1789633730854520832,3812346971359646
2,0,3557,1789633730854531072,3812346971370395
2,0,3558,1789633730854542336,3812346971381144
2,0,3559,1789633730854552576,3812346971391884
2,0,3560,1789633730854563840,3812346971402674
2,0,3561,1789633730854574080,3812346971413379
2,0,3562,1789633730854585344,3812346971424137
2,0,3563,1789633730854595584,3812346971434830
2,0,3564,1789633730854605824,3812346971445591
2,0,3565,1789633730854617088,3812346971456314
2,0,3566,1789633730854627328,3812346971467044
2,0,3567,1789633730854638592,3812346971477777
2,0,3568,1789633730854648832,3812346971488508
2,0,3569,1789633730854660096,3812346971499174
2,0,3570,1789633730854670336,3812346971509891
2,0,3571,1789633730854681600,3812346971520630
2,0,3572,1789633730854691840,3812346971531359
2,0,3573,1789633730854703104,3812346971542084
2,0,3574,1789633730854713344,3812346971552811
2,0,3575,1789633730854724608,3812346971563541
2,0,3576,1789633730854734848,3812346971574258
2,0,3577,1789633730854746112,3812346971585004
2,0,3578,1789633730854756352,3812346971595734
2,0,3579,1789633730854767616,3812346971606461
2,0,3580,1789633730854777856,3812346971617184
2,0,3581,1789633730854789120,3812346971627919
2,0,3582,1789633730854799360,3812346971638644
2,0,3583,1789633730854810624,3812346971649392
2,0,3584,1789633730854820864,3812346971660116
2,0,3585,1789633730854831104,3812346971670854
2,0,3586,1789633730854842368,3812346971681595
2,0,3587,1789633730854852608,3812346971692304
2,0,3588,1789633730854863872,3812346971703016
2,0,3589,1789633730854874112,3812346971713761
2,0,3590,1789633730854885376,3812346971724439
2,0,3591,1789633730854895616,3812346971735218
2,0,3592,1789633730854906880,3812346971745974
2,0,3593,1789633730854917120,3812346971756670
2,0,3594,1789633730854928384,3812346971767424
2,0,3595,1789633730854938624,3812346971778150
2,0,3596,1789633730854949888,3812346971788924
2,0,3597,1789633730854960128,3812346971799648
2,0,3598,1789633730854971392,3812346971810417
2,0,3599,1789633730854981632,3812346971821106
2,0,3600,1789633730854992896,3812346971831881
2,0,3601,1789633730855003136,3812346971842591
2,0,3602,1789633730855014400,3812346971853348
2,0,3603,1789633730855024640,3812346971864006
2,0,3604,1789633730855035904,3812346971874736
2,0,3605,1789633730855046144,3812346971885436
2,0,3606,1789633730855057408,3812346971896184
2,0,3607,1789633730855067648,3812346971906872
2,0,3608,1789633730855077888,3812346971917568
2,0,3609,1789633730855089152,3812346971928318
2,0,3610,1789633730855099392,3812346971939072
2,0,3611,1789633730855110656,3812346971949804
2,0,3612,1789633730855120896,3812346971960512
2,0,3613,1789633730855132160,3812346971971259
2,0,3614,1789633730855142400,3812346971982016
2,0,3615,1789633730855153664,3812346971992732
2,0,3616,1789633730855163904,3812346972003514
2,0,3617,1789633730855175168,3812346972014274
2,0,3618,1789633730855185408,3812346972024999
2,0,3619,1789633730855196672,3812346972035701
2,0,3620,1789633730855206912,3812346972046411
2,0,3621,1789633730855218176,3812346972057114
2,0,3622,1789633730855228416,3812346972067828
2,0,3623,1789633730855239680,3812346972078568
2,0,3624,1789633730855249920,3812346972089321
2,0,3625,1789633730855261184,3812346972100034
2,0,3626,1789633730855271424,3812346972110804
2,0,3627,1789633730855282688,3812346972121494
2,0,3628,1789633730855292928,3812346972132196
2,0,3629,1789633730855304192,3812346972142939
2,0,3630,1789633730855314432,3812346972153674
2,0,3631,1789633730855324672,3812346972164414
2,0,3632,1789633730855335936,3812346972175154
2,0,3633,1789633730855346176,3812346972185874
2,0,3634,1789633730855357440,3812346972196614
2,0,3635,1789633730855367680,3812346972207324
2,0,3636,1789633730855378944,3812346972218048
2,0,3637,1789633730855389184,3812346972228763
2,0,3638,1789633730855400448,3812346972239566
2,0,3639,1789633730855410688,3812346972250276
2,0,3640,1789633730855421952,3812346972261016
2,0,3641,1789633730855432192,3812346972271724
2,0,3642,1789633730855443456,3812346972282454
2,0,3643,1789633730855453696,3812346972293176
2,0,3644,1789633730855464960,3812346972303898
2,0,3645,1789633730855475200,3812346972314624
2,0,3646,1789633730855486464,3812346972325334
2,0,3647,1789633730855496704,3812346972336091
2,0,3648,1789633730855507968,3812346972346859
2,0,3649,1789633730855518208,3812346972357574
2,0,3650,1789633730855529472,3812346972368298
2,0,3651,1789633730855539712,3812346972379051
2,0,3652,1789633730855550976,3812346972389774
2,0,3653,1789633730855561216,3812346972400516
2,0,3654,1789633730855571456,3812346972411248
2,0,3655,1789633730855582720,3812346972421956
2,0,3656,1789633730855592960,3812346972432686
2,0,3657,1789633730855604224,3812346972443374
2,0,3658,1789633730855614464,3812346972454117
2,0,3659,1789633730855625728,3812346972464838
2,0,3660,1789633730855635968,3812346972475594
2,0,3661,1789633730855647232,3812346972486301
2,0,3662,1789633730855657472,3812346972497058
2,0,3663,1789633730855668736,3812346972507810
2,0,3664,1789633730855678976,3812346972518578
2,0,3665,1789633730855690240,3812346972529274
2,0,3666,1789633730855700480,3812346972540016
2,0,3667,1789633730855711744,3812346972550694
2,0,3668,1789633730855721984,3812346972561424
2,0,3669,1789633730855733248,3812346972572119
2,0,3670,1789633730855743488,3812346972582868
2,0,3671,1789633730855754752,3812346972593564
2,0,3672,1789633730855764992,3812346972604304
2,0,3673,1789633730855775232,3812346972615044
2,0,3674,1789633730855786496,3812346972625754
2,0,3675,1789633730855796736,3812346972636508
2,0,3676,1789633730855808000,3812346972647239
2,0,3677,1789633730855818240,3812346972657968
2,0,3678,1789633730855829504,3812346972668748
2,0,3679,1789633730855839744,3812346972679474
2,0,3680,1789633730855851008,3812346972690158
2,0,3681,1789633730855861248,3812346972700891
2,0,3682,1789633730855872512,3812346972711616
2,0,3683,1789633730855882752,3812346972722341
2,0,3684,1789633730855894016,3812346972733051
2,0,3685,1789633730855904256,3812346972743812
2,0,3686,1789633730855915520,3812346972754524
2,0,3687,1789633730855925760,3812346972765257
2,0,3688,1789633730855937024,3812346972775981
2,0,3689,1789633730855947264,3812346972786711
2,0,3690,1789633730855958528,3812346972797448
2,0,3691,1789633730855968768,3812346972808186
2,0,3692,1789633730855980032,3812346972818934
2,0,3693,1789633730855990272,3812346972829638
2,0,3694,1789633730856001536,3812346972840421
2,0,3695,1789633730856011776,3812346972851151
2,0,3696,1789633730856023040,3812346972861888
2,0,3697,1789633730856033280,3812346972872624
2,0,3698,1789633730856044544,3812346972883382
2,0,3699,1789633730856054784,3812346972894044
2,0,3700,1789633730856065024,3812346972904779
2,0,3701,1789633730856076288,3812346972915501
2,0,3702,1789633730856086528,3812346972926239
2,0,3703,1789633730856097792,3812346972936974
2,0,3704,1789633730856108032,3812346972947694
2,0,3705,1789633730856119296,3812346972958404
2,0,3706,1789633730856129536,3812346972969114
2,0,3707,1789633730856140800,3812346972979848
2,0,3708,1789633730856151040,3812346972990616
2,0,3709,1789633730856162304,3812346973001336
2,0,3710,1789633730856172544,3812346973012066
2,0,3711,1789633730856183808,3812346973022814
2,0,3712,1789633730856194048,3812346973033577
2,0,3713,1789633730856205312,3812346973044304
2,0,3714,1789633730856215552,3812346973055051
2,0,3715,1789633730856226816,3812346973065770
2,0,3716,1789633730856237056,3812346973076491
2,0,3717,1789633730856248320,3812346973087216
2,0,3718,1789633730856258560,3812346973097934
2,0,3719,1789633730856269824,3812346973108664
2,0,3720,1789633730856280064,3812346973119376
2,0,3721,1789633730856291328,3812346973130084
2,0,3722,1789633730856301568,3812346973140824
2,0,3723,1789633730856311808,3812346973151536
2,0,3724,1789633730856323072,3812346973162274
2,0,3725,1789633730856333312,3812346973172986
2,0,3726,1789633730856344576,3812346973183719
2,0,3727,1789633730856354816,3812346973194434
2,0,3728,1789633730856366080,3812346973205196
2,0,3729,1789633730856376320,3812346973215900
2,0,3730,1789633730856387584,3812346973226677
2,0,3731,1789633730856397824,3812346973237359
2,0,3732,1789633730856409088,3812346973248139
2,0,3733,1789633730856419328,3812346973258886
2,0,3734,1789633730856430592,3812346973269641
2,0,3735,1789633730856440832,3812346973280326
2,0,3736,1789633730856452096,3812346973291048
2,0,3737,1789633730856462336,3812346973301774
2,0,3738,1789633730856473600,3812346973312479
2,0,3739,1789633730856483840,3812346973323204
2,0,3740,1789633730856495104,3812346973333908
2,0,3741,1789633730856505344,3812346973344655
2,0,3742,1789633730856515584,3812346973355368
2,0,3743,1789633730856526848,3812346973366116
2,0,3744,1789633730856537088,3812346973376871
2,0,3745,1789633730856548352,3812346973387604
2,0,3746,1789633730856558592,3812346973398324
2,0,3747,1789633730856569856,3812346973409059
2,0,3748,1789633730856580096,3812346973419784
2,0,3749,1789633730856591360,3812346973430511
2,0,3750,1789633730856601600,3812346973441238
2,0,3751,1789633730856612864,3812346973451954
2,0,3752,1789633730856623104,3812346973462643
2,0,3753,1789633730856634368,3812346973473513
2,0,3754,1789633730856644608,3812346973484233
2,0,3755,1789633730856655872,3812346973494917
2,0,3756,1789633730856666112,3812346973505688
2,0,3757,1789633730856677376,3812346973516379
2,0,3758,1789633730856687616,3812346973527091
2,0,3759,1789633730856698880,3812346973537788
2,0,3760,1789633730856709120,3812346973548572
2,0,3761,1789633730856720384,3812346973559294
2,0,3762,1789633730856730624,3812346973570013
2,0,3763,1789633730856741888,3812346973583713
2,0,3764,1789633730856752128,3812346973591451
2,0,3765,1789633730856762368,3812346973602174
2,0,3766,1789633730856773632,3812346973612933
2,0,3767,1789633730856783872,3812346973623613
2,0,3768,1789633730856795136,3812346973634362
2,0,3769,1789633730856805376,3812346973645091
2,0,3770,1789633730856816640,3812346973655843
2,0,3771,1789633730856826880,3812346973666591
2,0,3772,1789633730856838144,3812346973677283
2,0,3773,1789633730856848384,3812346973688023
2,0,3774,1789633730856859648,3812346973698765
2,0,3775,1789633730856869888,3812346973709497
2,0,3776,1789633730856881152,3812346973720217
2,0,3777,1789633730856891392,3812346973730930
2,0,3778,1789633730856902656,3812346973741723
2,0,3779,1789633730856912896,3812346973752398
2,0,3780,1789633730856924160,3812346973763143
2,0,3781,1789633730856934400,3812346973773893
2,0,3782,1789633730856945664,3812346973784574
2,0,3783,1789633730856955904,3812346973795333
2,0,3784,1789633730856967168,3812346973806044
2,0,3785,1789633730856977408,3812346973816810
2,0,3786,1789633730856988672,3812346973827516
2,0,3787,1789633730856998912,3812346973838221
2,0,3788,1789633730857009152,3812346973848943
2,0,3789,1789633730857020416,3812346973859691
2,0,3790,1789633730857030656,3812346973870366
2,0,3791,1789633730857041920,3812346973881143
2,0,3792,1789633730857052160,3812346973891881
2,0,3793,1789633730857063424,3812346973902593
2,0,3794,1789633730857073664,3812346973913363
2,0,3795,1789633730857084928,3812346973924079
2,0,3796,1789633730857095168,3812346973934821
2,0,3797,1789633730857106432,3812346973945543
2,0,3798,1789633730857116672,3812346973956273
2,0,3799,1789633730857127936,3812346973967023
2,0,3800,1789633730857138176,3812346973977774
2,0,3801,1789633730857149440,3812346973988492
2,0,3802,1789633730857159680,3812346973999238
2,0,3803,1789633730857170944,3812346974009951
2,0,3804,1789633730857181184,3812346974020661
2,0,3805,1789633730857192448,3812346974031343
2,0,3806,1789633730857202688,3812346974042094
2,0,3807,1789633730857213952,3812346974052800
2,0,3808,1789633730857224192,3812346974063539
2,0,3809,1789633730857235456,3812346974074248
2,0,3810,1789633730857245696,3812346974084985
2,0,3811,1789633730857255936,3812346974095723
2,0,3812,1789633730857267200,3812346974106439
2,0,3813,1789633730857277440,3812346974117197
2,0,3814,1789633730857288704,3812346974127913
2,0,3815,1789633730857298944,3812346974138623
2,0,3816,1789633730857310208,3812346974149374
2,0,3817,1789633730857320448,3812346974160113
2,0,3818,1789633730857331712,3812346974170838
2,0,3819,1789633730857341952,3812346974181561
2,0,3820,1789633730857353216,3812346974192272
2,0,3821,1789633730857363456,3812346974203023
2,0,3822,1789633730857374720,3812346974213733
2,0,3823,1789633730857384960,3812346974224515
2,0,3824,1789633730857396224,3812346974235273
2,0,3825,1789633730857406464,3812346974245994
2,0,3826,1789633730857417728,3812346974256766
2,0,3827,1789633730857427968,3812346974267456
2,0,3828,1789633730857439232,3812346974278237
2,0,3829,1789633730857449472,3812346974288986
2,0,3830,1789633730857460736,3812346974299719
2,0,3831,1789633730857470976,3812346974310443
2,0,3832,1789633730857482240,3812346974321179
2,0,3833,1789633730857492480,3812346974331868
2,0,3834,1789633730857503744,3812346974342612
2,0,3835,1789633730857513984,3812346974353303
2,0,3836,1789633730857524224,3812346974364048
2,0,3837,1789633730857535488,3812346974374771
2,0,3838,1789633730857545728,3812346974385519
2,0,3839,1789633730857556992,3812346974396208
2,0,3840,1789633730857567232,3812346974406923
2,0,3841,1789633730857578496,3812346974417654
2,0,3842,1789633730857588736,3812346974428373
2,0,3843,1789633730857600000,3812346974439123
2,0,3844,1789633730857610240,3812346974449899
2,0,3845,1789633730857621504,3812346974460610
2,0,3846,1789633730857631744,3812346974471293
2,0,3847,1789633730857643008,3812346974482036
2,0,3848,1789633730857653248,3812346974492788
2,0,3849,1789633730857664512,3812346974503493
2,0,3850,1789633730857674752,3812346974514234
2,0,3851,1789633730857686016,3812346974524971
2,0,3852,1789633730857696256,3812346974535679
2,0,3853,1789633730857707520,3812346974546388
2,0,3854,1789633730857717760,3812346974557118
2,0,3855,1789633730857729024,3812346974567850
2,0,3856,1789633730857739264,3812346974578573
2,0,3857,1789633730857749504,3812346974589279
2,0,3858,1789633730857760768,3812346974600023
2,0,3859,1789633730857771008,3812346974610743
2,0,3860,1789633730857782272,3812346974621513
2,0,3861,1789633730857792512,3812346974632232
2,0,3862,1789633730857803776,3812346974643003
2,0,3863,1789633730857814016,3812346974653668
2,0,3864,1789633730857825280,3812346974664394
2,0,3865,1789633730857835520,3812346974675119
2,0,3866,1789633730857846784,3812346974685878
2,0,3867,1789633730857857024,3812346974696581
2,0,3868,1789633730857868288,3812346974707312
2,0,3869,1789633730857878528,3812346974718038
2,0,3870,1789633730857889792,3812346974728768
2,0,3871,1789633730857900032,3812346974739517
2,0,3872,1789633730857911296,3812346974750233
2,0,3873,1789633730857921536,3812346974760963
2,0,3874,1789633730857932800,3812346974771703
2,0,3875,1789633730857943040,3812346974782426
2,0,3876,1789633730857954304,3812346974793148
2,0,3877,1789633730857964544,3812346974803878
2,0,3878,1789633730857975808,3812346974814659
2,0,3879,1789633730857986048,3812346974825383
2,0,3880,1789633730857996288,3812346974836108
2,0,3881,1789633730858007552,3812346974846821
2,0,3882,1789633730858017792,3812346974857561
2,0,3883,1789633730858029056,3812346974868268
2,0,3884,1789633730858039296,3812346974879011
2,0,3885,1789633730858050560,3812346974889766
2,0,3886,1789633730858060800,3812346974900483
2,0,3887,1789633730858072064,3812346974911228
2,0,3888,1789633730858082304,3812346974921923
2,0,3889,1789633730858093568,3812346974932636
2,0,3890,1789633730858103808,3812346974943374
2,0,3891,1789633730858115072,3812346974954083
2,0,3892,1789633730858125312,3812346974964861
2,0,3893,1789633730858136576,3812346974975559
2,0,3894,1789633730858146816,3812346974986292
2,0,3895,1789633730858158080,3812346974997016
2,0,3896,1789633730858168320,3812346975007791
2,0,3897,1789633730858179584,3812346975018508
2,0,3898,1789633730858189824,3812346975029248
2,0,3899,1789633730858201088,3812346975039990
2,0,3900,1789633730858211328,3812346975050773
2,0,3901,1789633730858222592,3812346975061453
2,0,3902,1789633730858232832,3812346975072223
2,0,3903,1789633730858244096,3812346975082911
2,0,3904,1789633730858254336,3812346975093654
2,0,3905,1789633730858264576,3812346975104324
2,0,3906,1789633730858275840,3812346975115096
2,0,3907,1789633730858286080,3812346975125774
2,0,3908,1789633730858297344,3812346975136493
2,0,3909,1789633730858307584,3812346975147223
2,0,3910,1789633730858318848,3812346975157959
2,0,3911,1789633730858329088,3812346975168711
2,0,3912,1789633730858340352,3812346975179453
2,0,3913,1789633730858350592,3812346975190216
2,0,3914,1789633730858361856,3812346975200993
2,0,3915,1789633730858372096,3812346975211734
2,0,3916,1789633730858383360,3812346975222483
2,0,3917,1789633730858393600,3812346975233211
2,0,3918,1789633730858404864,3812346975243921
2,0,3919,1789633730858415104,3812346975254663
2,0,3920,1789633730858426368,3812346975265396
2,0,3921,1789633730858436608,3812346975276106
2,0,3922,1789633730858447872,3812346975286839
2,0,3923,1789633730858458112,3812346975297553
2,0,3924,1789633730858469376,3812346975308308
2,0,3925,1789633730858479616,3812346975319019
2,0,3926,1789633730858490880,3812346975329751
2,0,3927,1789633730858501120,3812346975340451
2,0,3928,1789633730858511360,3812346975351186
2,0,3929,1789633730858522624,3812346975361896
2,0,3930,1789633730858532864,3812346975372644
2,0,3931,1789633730858544128,3812346975383340
2,0,3932,1789633730858554368,3812346975394096
2,0,3933,1789633730858565632,3812346975404776
2,0,3934,1789633730858575872,3812346975415532
2,0,3935,1789633730858587136,3812346975426228
2,0,3936,1789633730858597376,3812346975436971
2,0,3937,1789633730858608640,3812346975447651
2,0,3938,1789633730858618880,3812346975458363
2,0,3939,1789633730858630144,3812346975469110
2,0,3940,1789633730858640384,3812346975479828
2,0,3941,1789633730858651648,3812346975490576
2,0,3942,1789633730858661888,3812346975501293
2,0,3943,1789633730858673152,3812346975512031
2,0,3944,1789633730858683392,3812346975522750
2,0,3945,1789633730858694656,3812346975533510
2,0,3946,1789633730858704896,3812346975544253
2,0,3947,1789633730858716160,3812346975554992
2,0,3948,1789633730858726400,3812346975565743
2,0,3949,1789633730858737664,3812346975576496
2,0,3950,1789633730858747904,3812346975587206
2,0,3951,1789633730858758144,3812346975597921
2,0,3952,1789633730858769408,3812346975608670
2,0,3953,1789633730858779648,3812346975619379
2,0,3954,1789633730858790912,3812346975630111
2,0,3955,1789633730858801152,3812346975640811
2,0,3956,1789633730858812416,3812346975651554
2,0,3957,1789633730858822656,3812346975662293
2,0,3958,1789633730858833920,3812346975673008
2,0,3959,1789633730858844160,3812346975683723
2,0,3960,1789633730858855424,3812346975694459
2,0,3961,1789633730858865664,3812346975705159
2,0,3962,1789633730858876928,3812346975715966
2,0,3963,1789633730858887168,3812346975726651
2,0,3964,1789633730858898432,3812346975737383
2,0,3965,1789633730858908672,3812346975748118
2,0,3966,1789633730858919936,3812346975758893
2,0,3967,1789633730858930176,3812346975769591
2,0,3968,1789633730858941440,3812346975780351
2,0,3969,1789633730858951680,3812346975791061
2,0,3970,1789633730858962944,3812346975801768
2,0,3971,1789633730858973184,3812346975812459
2,0,3972,1789633730858983424,3812346975823208
2,0,3973,1789633730858994688,3812346975833923
2,0,3974,1789633730859004928,3812346975844651
2,0,3975,1789633730859016192,3812346975855393
2,0,3976,1789633730859026432,3812346975866134
2,0,3977,1789633730859037696,3812346975876879
2,0,3978,1789633730859047936,3812346975887623
2,0,3979,1789633730859059200,3812346975898348
2,0,3980,1789633730859069440,3812346975909073
2,0,3981,1789633730859080704,3812346975919781
2,0,3982,1789633730859090944,3812346975930523
2,0,3983,1789633730859102208,3812346975941256
2,0,3984,1789633730859112448,3812346975951964
2,0,3985,1789633730859123712,3812346975962701
2,0,3986,1789633730859133952,3812346975973518
2,0,3987,1789633730859145216,3812346975984226
2,0,3988,1789633730859155456,3812346975994936
2,0,3989,1789633730859166720,3812346976005660
2,0,3990,1789633730859176960,3812346976016418
2,0,3991,1789633730859188224,3812346976027123
2,0,3992,1789633730859198464,3812346976037866
2,0,3993,1789633730859209728,3812346976048578
2,0,3994,1789633730859219968,3812346976059321
2,0,3995,1789633730859230208,3812346976069993
2,0,3996,1789633730859241472,3812346976080759
2,0,3997,1789633730859251712,3812346976091461
2,0,3998,1789633730859262976,3812346976102217
2,0,3999,1789633730859273216,3812346976112938
2,0,4000,1789633730859284480,3812346976123703
2,0,4001,1789633730859294720,3812346976134386
2,0,4002,1789633730859305984,3812346976145103
2,0,4003,1789633730859316224,3812346976155813
2,0,4004,1789633730859327488,3812346976166483
2,0,4005,1789633730859337728,3812346976177268
2,0,4006,1789633730859348992,3812346976187986
2,0,4007,1789633730859359232,3812346976198708
2,0,4008,1789633730859370496,3812346976209434
2,0,4009,1789633730859380736,3812346976220193
2,0,4010,1789633730859392000,3812346976230920
2,0,4011,1789633730859402240,3812346976241726
2,0,4012,1789633730859413504,3812346976252359
2,0,4013,1789633730859423744,3812346976263114
2,0,4014,1789633730859433984,3812346976273816
2,0,4015,1789633730859445248,3812346976284551
2,0,4016,1789633730859455488,3812346976295283
2,0,4017,1789633730859466752,3812346976306014
2,0,4018,1789633730859476992,3812346976316743
2,0,4019,1789633730859488256,3812346976327483
2,0,4020,1789633730859498496,3812346976338219
2,0,4021,1789633730859509760,3812346976348936
2,0,4022,1789633730859520000,3812346976359626
2,0,4023,1789633730859531264,3812346976370391
2,0,4024,1789633730859541504,3812346976381133
2,0,4025,1789633730859552768,3812346976391896
2,0,4026,1789633730859563008,3812346976402678
2,0,4027,1789633730859574272,3812346976413533
2,0,4028,1789633730859584512,3812346976424311
2,0,4029,1789633730859595776,3812346976435066
2,0,4030,1789633730859606016,3812346976445840
2,0,4031,1789633730859617280,3812346976456611
2,0,4032,1789633730859627520,3812346976467392
2,0,4033,1789633730859638784,3812346976478159
2,0,4034,1789633730859650048,3812346976488943
2,0,4035,1789633730859660288,3812346976499716
2,0,4036,1789633730859671552,3812346976510493
2,0,4037,1789633730859681792,3812346976521258
2,0,4038,1789633730859693056,3812346976532143
2,0,4039,1789633730859703296,3812346976542869
2,0,4040,1789633730859714560,3812346976553593
2,0,4041,1789633730859724800,3812346976564354
2,0,4042,1789633730859736064,3812346976575276
2,0,4043,1789633730859746304,3812346976586046
2,0,4044,1789633730859757568,3812346976596783
2,0,4045,1789633730859767808,3812346976607558
2,0,4046,1789633730859779072,3812346976618290
2,0,4047,1789633730859789312,3812346976629061
2,0,4048,1789633730859800576,3812346976639834
2,0,4049,1789633730859810816,3812346976650626
2,0,4050,1789633730859822080,3812346976661383
2,0,4051,1789633730859832320,3812346976672153
2,0,4052,1789633730859843584,3812346976682928
2,0,4053,1789633730859853824,3812346976693698
2,0,4054,1789633730859865088,3812346976704471
2,0,4055,1789633730859876352,3812346976715266
2,0,4056,1789633730859886592,3812346976726066
2,0,4057,1789633730859897856,3812346976736949
2,0,4058,1789633730859908096,3812346976747760
2,0,4059,1789633730859919360,3812346976758628
2,0,4060,1789633730859929600,3812346976769386
2,0,4061,1789633730859940864,3812346976780166
2,0,4062,1789633730859951104,3812346976790923
2,0,4063,1789633730859962368,3812346976801723
2,0,4064,1789633730859972608,3812346976812453
2,0,4065,1789633730859983872,3812346976823213
2,0,4066,1789633730859994112,3812346976833938
2,0,4067,1789633730860005376,3812346976844718
2,0,4068,1789633730860015616,3812346976855483
2,0,4069,1789633730860026880,3812346976866246
2,0,4070,1789633730860037120,3812346976876996
2,0,4071,1789633730860048384,3812346976887774
2,0,4072,1789633730860059648,3812346976898573
2,0,4073,1789633730860069888,3812346976909303
2,0,4074,1789633730860081152,3812346976920103
2,0,4075,1789633730860091392,3812346976930851
2,0,4076,1789633730860102656,3812346976941628
2,0,4077,1789633730860112896,3812346976952383
2,0,4078,1789633730860124160,3812346976963243
2,0,4079,1789633730860134400,3812346976974008
2,0,4080,1789633730860145664,3812346976984972
2,0,4081,1789633730860155904,3812346976995758
2,0,4082,1789633730860167168,3812346977006519
2,0,4083,1789633730860177408,3812346977017303
2,0,4084,1789633730860188672,3812346977028006
2,0,4085,1789633730860198912,3812346977038708
2,0,4086,1789633730860210176,3812346977049403
2,0,4087,1789633730860220416,3812346977060132
2,0,4088,1789633730860231680,3812346977070868
2,0,4089,1789633730860241920,3812346977081594
2,0,4090,1789633730860253184,3812346977092303
2,0,4091,1789633730860263424,3812346977103058
2,0,4092,1789633730860274688,3812346977113788
2,0,4093,1789633730860284928,3812346977124594
2,0,4094,1789633730860296192,3812346977135323
2,0,4095,1789633730860306432,3812346977146051
2,0,4096,1789633730860317696,3812346977156776
2,0,4097,1789633730860327936,3812346977167514
2,0,4098,1789633730860339200,3812346977178223
2,0,4099,1789633730860349440,3812346977188973
2,0,4100,1789633730860360704,3812346977199733
2,0,4101,1789633730860370944,3812346977210459
2,0,4102,1789633730860382208,3812346977221133
2,0,4103,1789633730860392448,3812346977231839
2,0,4104,1789633730860402688,3812346977242521
2,0,4105,1789633730860413952,3812346977253206
2,0,4106,1789633730860424192,3812346977263939
2,0,4107,1789633730860435456,3812346977274641
2,0,4108,1789633730860445696,3812346977285416
2,0,4109,1789633730860456960,3812346977296111
2,0,4110,1789633730860467200,3812346977306841
2,0,4111,1789633730860478464,3812346977317533
2,0,4112,1789633730860488704,3812346977328276
2,0,4113,1789633730860499968,3812346977339009
2,0,4114,1789633730860510208,3812346977349739
2,0,4115,1789633730860521472,3812346977360463
2,0,4116,1789633730860531712,3812346977371188
2,0,4117,1789633730860542976,3812346977381913
2,0,4118,1789633730860553216,3812346977392638
2,0,4119,1789633730860563456,3812346977403333
2,0,4120,1789633730860574720,3812346977414013
2,0,4121,1789633730860584960,3812346977424766
2,0,4122,1789633730860596224,3812346977435558
2,0,4123,1789633730860606464,3812346977446332
2,0,4124,1789633730860617728,3812346977457044
2,0,4125,1789633730860627968,3812346977467791
2,0,4126,1789633730860639232,3812346977478529
2,0,4127,1789633730860649472,3812346977489316
2,0,4128,1789633730860660736,3812346977500013
2,0,4129,1789633730860670976,3812346977510779
2,0,4130,1789633730860682240,3812346977521452
2,0,4131,1789633730860692480,3812346977532176
2,0,4132,1789633730860703744,3812346977542873
2,0,4133,1789633730860713984,3812346977553621
2,0,4134,1789633730860725248,3812346977564313
2,0,4135,1789633730860735488,3812346977575031
2,0,4136,1789633730860746752,3812346977585762
2,0,4137,1789633730860756992,3812346977596494
2,0,4138,1789633730860768256,3812346977607223
2,0,4139,1789633730860778496,3812346977617941
2,0,4140,1789633730860789760,3812346977628673
2,0,4141,1789633730860800000,3812346977639439
2,0,4142,1789633730860811264,3812346977650161
2,0,4143,1789633730860821504,3812346977660871
2,0,4144,1789633730860831744,3812346977671592
2,0,4145,1789633730860843008,3812346977682273
2,0,4146,1789633730860853248,3812346977693068
2,0,4147,1789633730860864512,3812346977703799
2,0,4148,1789633730860874752,3812346977714566
2,0,4149,1789633730860886016,3812346977725291
2,0,4150,1789633730860896256,3812346977736016
2,0,4151,1789633730860907520,3812346977746703
2,0,4152,1789633730860917760,3812346977757441
2,0,4153,1789633730860929024,3812346977768173
2,0,4154,1789633730860939264,3812346977778901
2,0,4155,1789633730860950528,3812346977789633
2,0,4156,1789633730860960768,3812346977800366
2,0,4157,1789633730860972032,3812346977811134
2,0,4158,1789633730860982272,3812346977821836
2,0,4159,1789633730860993536,3812346977832617
2,0,4160,1789633730861003776,3812346977843301
2,0,4161,1789633730861015040,3812346977854042
2,0,4162,1789633730861025280,3812346977864773
2,0,4163,1789633730861036544,3812346977875508
2,0,4164,1789633730861046784,3812346977886211
2,0,4165,1789633730861058048,3812346977896943
2,0,4166,1789633730861068288,3812346977907652
2,0,4167,1789633730861078528,3812346977918383
2,0,4168,1789633730861089792,3812346977929119
2,0,4169,1789633730861100032,3812346977939811
2,0,4170,1789633730861111296,3812346977950573
2,0,4171,1789633730861121536,3812346977961331
2,0,4172,1789633730861132800,3812346977972021
2,0,4173,1789633730861143040,3812346977982788
2,0,4174,1789633730861154304,3812346977993513
2,0,4175,1789633730861164544,3812346978004261
2,0,4176,1789633730861175808,3812346978014963
2,0,4177,1789633730861186048,3812346978025708
2,0,4178,1789633730861197312,3812346978036481
2,0,4179,1789633730861207552,3812346978047241
2,0,4180,1789633730861218816,3812346978057996
2,0,4181,1789633730861229056,3812346978068723
2,0,4182,1789633730861240320,3812346978079479
2,0,4183,1789633730861250560,3812346978090201
2,0,4184,1789633730861261824,3812346978100948
2,0,4185,1789633730861272064,3812346978111723
2,0,4186,1789633730861283328,3812346978122366
2,0,4187,1789633730861293568,3812346978133134
2,0,4188,1789633730861304832,3812346978143841
2,0,4189,1789633730861315072,3812346978154574
2,0,4190,1789633730861326336,3812346978165283
2,0,4191,1789633730861336576,3812346978176016
2,0,4192,1789633730861347840,3812346978186739
2,0,4193,1789633730861358080,3812346978197558
2,0,4194,1789633730861369344,3812346978208253
2,0,4195,1789633730861379584,3812346978219008
2,0,4196,1789633730861390848,3812346978229763
2,0,4197,1789633730861401088,3812346978240496
2,0,4198,1789633730861412352,3812346978251241
2,0,4199,1789633730861422592,3812346978261951
2,0,4200,1789633730861432832,3812346978272668
2,0,4201,1789633730861444096,3812346978283501
2,0,4202,1789633730861455360,3812346978294223
2,0,4203,1789633730861465600,3812346978304903
2,0,4204,1789633730861475840,3812346978315634
2,0,4205,1789633730861487104,3812346978326399
2,0,4206,1789633730861497344,3812346978337126
2,0,4207,1789633730861508608,3812346978347852
2,0,4208,1789633730861518848,3812346978358528
2,0,4209,1789633730861530112,3812346978369316
2,0,4210,1789633730861540352,3812346978380014
2,0,4211,1789633730861551616,3812346978390736
2,0,4212,1789633730861561856,3812346978401479
2,0,4213,1789633730861573120,3812346978412214
2,0,4214,1789633730861583360,3812346978422933
2,0,4215,1789633730861594624,3812346978433651
2,0,4216,1789633730861604864,3812346978444396
2,0,4217,1789633730861616128,3812346978455083
2,0,4218,1789633730861626368,3812346978465783
2,0,4219,1789633730861636608,3812346978476526
2,0,4220,1789633730861647872,3812346978487216
2,0,4221,1789633730861658112,3812346978497933
2,0,4222,1789633730861669376,3812346978508643
2,0,4223,1789633730861679616,3812346978519373
2,0,4224,1789633730861690880,3812346978530103
2,0,4225,1789633730861701120,3812346978540856
2,0,4226,1789633730861712384,3812346978551603
2,0,4227,1789633730861722624,3812346978562353
2,0,4228,1789633730861733888,3812346978573048
2,0,4229,1789633730861744128,3812346978583828
2,0,4230,1789633730861755392,3812346978594528
2,0,4231,1789633730861765632,3812346978605268
2,0,4232,1789633730861776896,3812346978615992
2,0,4233,1789633730861787136,3812346978626733
2,0,4234,1789633730861798400,3812346978637419
2,0,4235,1789633730861808640,3812346978648193
2,0,4236,1789633730861819904,3812346978658843
2,0,4237,1789633730861830144,3812346978669561
2,0,4238,1789633730861841408,3812346978680308
2,0,4239,1789633730861851648,3812346978691023
2,0,4240,1789633730861861888,3812346978701794
2,0,4241,1789633730861873152,3812346978712516
2,0,4242,1789633730861883392,3812346978723255
2,0,4243,1789633730861894656,3812346978734028
2,0,4244,1789633730861904896,3812346978744774
2,0,4245,1789633730861916160,3812346978755496
2,0,4246,1789633730861926400,3812346978766218
2,0,4247,1789633730861937664,3812346978776953
2,0,4248,1789633730861947904,3812346978787710
2,0,4249,1789633730861959168,3812346978798421
2,0,4250,1789633730861969408,3812346978809103
2,0,4251,1789633730861980672,3812346978819879
2,0,4252,1789633730861990912,3812346978830559
2,0,4253,1789633730862002176,3812346978841260
2,0,4254,1789633730862012416,3812346978851959
2,0,4255,1789633730862023680,3812346978862683
2,0,4256,1789633730862033920,3812346978873403
2,0,4257,1789633730862045184,3812346978884151
2,0,4258,1789633730862055424,3812346978894871
2,0,4259,1789633730862066688,3812346978905693
2,0,4260,1789633730862076928,3812346978916423
2,0,4261,1789633730862088192,3812346978927189
2,0,4262,1789633730862098432,3812346978937951
2,0,4263,1789633730862109696,3812346978948734
2,0,4264,1789633730862119936,3812346978959463
2,0,4265,1789633730862131200,3812346978970236
2,0,4266,1789633730862141440,3812346978981028
2,0,4267,1789633730862152704,3812346978991761
2,0,4268,1789633730862162944,3812346979002553
2,0,4269,1789633730862174208,3812346979013319
2,0,4270,1789633730862184448,3812346979024119
2,0,4271,1789633730862195712,3812346979035054
2,0,4272,1789633730862205952,3812346979045815
2,0,4273,1789633730862217216,3812346979056535
2,0,4274,1789633730862227456,3812346979067319
2,0,4275,1789633730862238720,3812346979078193
2,0,4276,1789633730862249984,3812346979088979
2,0,4277,1789633730862260224,3812346979099754
2,0,4278,1789633730862271488,3812346979110523
2,0,4279,1789633730862281728,3812346979121296
2,0,4280,1789633730862292992,3812346979132074
2,0,4281,1789633730862303232,3812346979142819
2,0,4282,1789633730862314496,3812346979153618
2,0,4283,1789633730862324736,3812346979164391
2,0,4284,1789633730862336000,3812346979175166
2,0,4285,1789633730862346240,3812346979185922
2,0,4286,1789633730862357504,3812346979196709
2,0,4287,1789633730862366720,3812346979206531
2,0,4288,1789633730862376960,3812346979216475
2,0,4289,1789633730862387200,3812346979226294
2,0,4290,1789633730862396416,3812346979236198
2,0,4291,1789633730862406656,3812346979246021
2,0,4292,1789633730862416896,3812346979255843
2,0,4293,1789633730862426112,3812346979265723
2,0,4294,1789633730862436352,3812346979275525
2,0,4295,1789633730862445568,3812346979285365
2,0,4296,1789633730862455808,3812346979295203
2,0,4297,1789633730862466048,3812346979305036
2,0,4298,1789633730862475264,3812346979314871
2,0,4299,1789633730862485504,3812346979324672
2,0,4300,1789633730862494720,3812346979334511
2,0,4301,1789633730862504960,3812346979344322
2,0,4302,1789633730862515200,3812346979354161
2,0,4303,1789633730862524416,3812346979363995
2,0,4304,1789633730862534656,3812346979373805
2,0,4305,1789633730862543872,3812346979383651
2,0,4306,1789633730862554112,3812346979393533
2,0,4307,1789633730862564352,3812346979403352
2,0,4308,1789633730862573568,3812346979413173
2,0,4309,1789633730862583808,3812346979423013
2,0,4310,1789633730862593024,3812346979432843
2,0,4311,1789633730862603264,3812346979442773
2,0,4312,1789633730862613504,3812346979452560
2,0,4313,1789633730862622720,3812346979462492
2,0,4314,1789633730862632960,3812346979472322
2,0,4315,1789633730862643200,3812346979482148
2,0,4316,1789633730862652416,3812346979491975
2,0,4317,1789633730862662656,3812346979501778
2,0,4318,1789633730862671872,3812346979511614
2,0,4319,1789633730862682112,3812346979521403
2,0,4320,1789633730862691328,3812346979531159
2,0,4321,1789633730862701568,3812346979540938
2,0,4322,1789633730862711808,3812346979550693
2,0,4323,1789633730862721024,3812346979560423
2,0,4324,1789633730862731264,3812346979570203
2,0,4325,1789633730862740480,3812346979580000
2,0,4326,1789633730862750720,3812346979589773
2,0,4327,1789633730862759936,3812346979599539
2,0,4328,1789633730862770176,3812346979609333
2,0,4329,1789633730862779392,3812346979619101
2,0,4330,1789633730862789632,3812346979628871
2,0,4331,1789633730862798848,3812346979638645
2,0,4332,1789633730862809088,3812346979648400
2,0,4333,1789633730862818304,3812346979658195
2,0,4334,1789633730862828544,3812346979668016
2,0,4335,1789633730862838784,3812346979677788
2,0,4336,1789633730862848000,3812346979687591
2,0,4337,1789633730862858240,3812346979697383
2,0,4338,1789633730862867456,3812346979707168
2,0,4339,1789633730862877696,3812346979716973
2,0,4340,1789633730862886912,3812346979726759
2,0,4341,1789633730862897152,3812346979736559
2,0,4342,1789633730862907392,3812346979746336
2,0,4343,1789633730862916608,3812346979756119
2,0,4344,1789633730862926848,3812346979765903
2,0,4345,1789633730862936064,3812346979775689
2,0,4346,1789633730862946304,3812346979785525
2,0,4347,1789633730862955520,3812346979795278
2,0,4348,1789633730862965760,3812346979805056
2,0,4349,1789633730862974976,3812346979814836
2,0,4350,1789633730862985216,3812346979824616
2,0,4351,1789633730862995456,3812346979834388
2,0,4352,1789633730863004672,3812346979844221
2,0,4353,1789633730863014912,3812346979854015
2,0,4354,1789633730863024128,3812346979863768
2,0,4355,1789633730863034368,3812346979873512
2,0,4356,1789633730863043584,3812346979883308
2,0,4357,1789633730863053824,3812346979893053
2,0,4358,1789633730863063040,3812346979902891
2,0,4359,1789633730863073280,3812346979912723
2,0,4360,1789633730863083520,3812346979922656
2,0,4361,1789633730863092736,3812346979932491
2,0,4362,1789633730863102976,3812346979942408
2,0,4363,1789633730863113216,3812346979952220
2,0,4364,1789633730863122432,3812346979962052
2,0,4365,1789633730863132672,3812346979971876
2,0,4366,1789633730863141888,3812346979981723
2,0,4367,1789633730863152128,3812346979991503
2,0,4368,1789633730863162368,3812346980001333
2,0,4369,1789633730863171584,3812346980011161
2,0,4370,1789633730863181824,3812346980020972
2,0,4371,1789633730863191040,3812346980030818
2,0,4372,1789633730863201280,3812346980040628
2,0,4373,1789633730863210496,3812346980050448
2,0,4374,1789633730863220736,3812346980060261
2,0,4375,1789633730863230976,3812346980070091
2,0,4376,1789633730863240192,3812346980079898
2,0,4377,1789633730863250432,3812346980089725
2,0,4378,1789633730863259648,3812346980099538
2,0,4379,1789633730863269888,3812346980109375
2,0,4380,1789633730863280128,3812346980119161
2,0,4381,1789633730863289344,3812346980128925
2,0,4382,1789633730863299584,3812346980138689
2,0,4383,1789633730863308800,3812346980148488
2,0,4384,1789633730863319040,3812346980158301
2,0,4385,1789633730863328256,3812346980168083
2,0,4386,1789633730863338496,3812346980177843
2,0,4387,1789633730863347712,3812346980187613
2,0,4388,1789633730863357952,3812346980197373
2,0,4389,1789633730863368192,3812346980207115
2,0,4390,1789633730863377408,3812346980216893
2,0,4391,1789633730863387648,3812346980226643
2,0,4392,1789633730863396864,3812346980236394
2,0,4393,1789633730863407104,3812346980246143
2,0,4394,1789633730863416320,3812346980255924
2,0,4395,1789633730863426560,3812346980265678
2,0,4396,1789633730863435776,3812346980275433
2,0,4397,1789633730863446016,3812346980285198
2,0,4398,1789633730863455232,3812346980294954
2,0,4399,1789633730863465472,3812346980304711
2,0,4400,1789633730863474688,3812346980314465
2,0,4401,1789633730863484928,3812346980324212
2,0,4402,1789633730863494144,3812346980333965
2,0,4403,1789633730863504384,3812346980343783
2,0,4404,1789633730863514624,3812346980353530
2,0,4405,1789633730863523840,3812346980363335
2,0,4406,1789633730863534080,3812346980373103
2,0,4407,1789633730863543296,3812346980382868
2,0,4408,1789633730863553536,3812346980392833
2,0,4409,1789633730863562752,3812346980402583
2,0,4410,1789633730863572992,3812346980412332
2,0,4411,1789633730863582208,3812346980422303
2,0,4412,1789633730863592448,3812346980432053
2,0,4413,1789633730863602688,3812346980441803
2,0,4414,1789633730863611904,3812346980451573
2,0,4415,1789633730863622144,3812346980461336
2,0,4416,1789633730863631360,3812346980471078
2,0,4417,1789633730863641600,3812346980480833
2,0,4418,1789633730863650816,3812346980490578
2,0,4419,1789633730863661056,3812346980500358
2,0,4420,1789633730863670272,3812346980510123
2,0,4421,1789633730863680512,3812346980519868
2,0,4422,1789633730863690752,3812346980529638
2,0,4423,1789633730863699968,3812346980539371
2,0,4424,1789633730863710208,3812346980549153
2,0,4425,1789633730863719424,3812346980558898
2,0,4426,1789633730863729664,3812346980568653
2,0,4427,1789633730863738880,3812346980578434
2,0,4428,1789633730863749120,3812346980588188
2,0,4429,1789633730863758336,3812346980597939
2,0,4430,1789633730863768576,3812346980607701
2,0,4431,1789633730863777792,3812346980617465
2,0,4432,1789633730863788032,3812346980627212
2,0,4433,1789633730863797248,3812346980636983
2,0,4434,1789633730863807488,3812346980646735
2,0,4435,1789633730863816704,3812346980656498
2,0,4436,1789633730863826944,3812346980666278
2,0,4437,1789633730863836160,3812346980675988
2,0,4438,1789633730863846400,3812346980685745
2,0,4439,1789633730863855616,3812346980695508
2,0,4440,1789633730863865856,3812346980705295
2,0,4441,1789633730863876096,3812346980715043
2,0,4442,1789633730863885312,3812346980724803
2,0,4443,1789633730863895552,3812346980734565
2,0,4444,1789633730863904768,3812346980744333
2,0,4445,1789633730863915008,3812346980754091
2,0,4446,1789633730863924224,3812346980763868
2,0,4447,1789633730863934464,3812346980773621
2,0,4448,1789633730863943680,3812346980783416
2,0,4449,1789633730863953920,3812346980793165
2,0,4450,1789633730863963136,3812346980802920
2,0,4451,1789633730863973376,3812346980812694
2,0,4452,1789633730863982592,3812346980822443
2,0,4453,1789633730863992832,3812346980832194
2,0,4454,1789633730864002048,3812346980841948
2,0,4455,1789633730864012288,3812346980851722
2,0,4456,1789633730864022528,3812346980861456
2,0,4457,1789633730864031744,3812346980871214
2,0,4458,1789633730864041984,3812346980880975
2,0,4459,1789633730864051200,3812346980890741
2,0,4460,1789633730864061440,3812346980900495
2,0,4461,1789633730864070656,3812346980910268
2,0,4462,1789633730864080896,3812346980920022
2,0,4463,1789633730864090112,3812346980929821
2,0,4464,1789633730864100352,3812346980939548
2,0,4465,1789633730864109568,3812346980949325
2,0,4466,1789633730864119808,3812346980959072
2,0,4467,1789633730864129024,3812346980968843
2,0,4468,1789633730864139264,3812346980978598
2,0,4469,1789633730864148480,3812346980988373
2,0,4470,1789633730864158720,3812346980998108
2,0,4471,1789633730864168960,3812346981007863
2,0,4472,1789633730864178176,3812346981017632
2,0,4473,1789633730864188416,3812346981027383
2,0,4474,1789633730864197632,3812346981037161
2,0,4475,1789633730864207872,3812346981046898
2,0,4476,1789633730864217088,3812346981056685
2,0,4477,1789633730864227328,3812346981066440
2,0,4478,1789633730864236544,3812346981076218
2,0,4479,1789633730864246784,3812346981085948
2,0,4480,1789633730864256000,3812346981095734
2,0,4481,1789633730864266240,3812346981105498
2,0,4482,1789633730864275456,3812346981115238
2,0,4483,1789633730864285696,3812346981125068
2,0,4484,1789633730864294912,3812346981134843
2,0,4485,1789633730864305152,3812346981144615
2,0,4486,1789633730864315392,3812346981154394
2,0,4487,1789633730864324608,3812346981164173
2,0,4488,1789633730864334848,3812346981173941
2,0,4489,1789633730864344064,3812346981183728
2,0,4490,1789633730864354304,3812346981193518
2,0,4491,1789633730864363520,3812346981203318
2,0,4492,1789633730864373760,3812346981213094
2,0,4493,1789633730864382976,3812346981222883
2,0,4494,1789633730864393216,3812346981232665
2,0,4495,1789633730864403456,3812346981242454
2,0,4496,1789633730864412672,3812346981252251
2,0,4497,1789633730864422912,3812346981262034
2,0,4498,1789633730864432128,3812346981271815
2,0,4499,1789633730864442368,3812346981281598
2,0,4500,1789633730864451584,3812346981291371
2,0,4501,1789633730864461824,3812346981301128
2,0,4502,1789633730864471040,3812346981310943
2,0,4503,1789633730864481280,3812346981320743
2,0,4504,1789633730864491520,3812346981330534
2,0,4505,1789633730864500736,3812346981340341
2,0,4506,1789633730864510976,3812346981350113
2,0,4507,1789633730864520192,3812346981359883
2,0,4508,1789633730864530432,3812346981369672
2,0,4509,1789633730864539648,3812346981379448
2,0,4510,1789633730864549888,3812346981389263
2,0,4511,1789633730864560128,3812346981399075
2,0,4512,1789633730864569344,3812346981408841
2,0,4513,1789633730864579584,3812346981418601
2,0,4514,1789633730864588800,3812346981428362
2,0,4515,1789633730864599040,3812346981438111
2,0,4516,1789633730864608256,3812346981447871
2,0,4517,1789633730864618496,3812346981457633
2,0,4518,1789633730864627712,3812346981467416
2,0,4519,1789633730864637952,3812346981477223
2,0,4520,1789633730864647168,3812346981487014
2,0,4521,1789633730864657408,3812346981496771
2,0,4522,1789633730864666624,3812346981506558
2,0,4523,1789633730864676864,3812346981516508
2,0,4524,1789633730864687104,3812346981526461
2,0,4525,1789633730864696320,3812346981536219
2,0,4526,1789633730864706560,3812346981545978
2,0,4527,1789633730864716800,3812346981555765
2,0,4528,1789633730864726016,3812346981565531
2,0,4529,1789633730864736256,3812346981575305
2,0,4530,1789633730864745472,3812346981585094
2,0,4531,1789633730864755712,3812346981594788
2,0,4532,1789633730864764928,3812346981604576
2,0,4533,1789633730864775168,3812346981614343
2,0,4534,1789633730864784384,3812346981624083
2,0,4535,1789633730864794624,3812346981633856
2,0,4536,1789633730864803840,3812346981643603
2,0,4537,1789633730864814080,3812346981653371
2,0,4538,1789633730864823296,3812346981663135
2,0,4539,1789633730864833536,3812346981672900
2,0,4540,1789633730864842752,3812346981682654
2,0,4541,1789633730864852992,3812346981692428
2,0,4542,1789633730864863232,3812346981702193
2,0,4543,1789633730864872448,3812346981711938
2,0,4544,1789633730864882688,3812346981721725
2,0,4545,1789633730864891904,3812346981731473
2,0,4546,1789633730864902144,3812346981741255
2,0,4547,1789633730864911360,3812346981751003
2,0,4548,1789633730864921600,3812346981760758
2,0,4549,1789633730864930816,3812346981770511
2,0,4550,1789633730864941056,3812346981780263
2,0,4551,1789633730864950272,3812346981790021
2,0,4552,1789633730864960512,3812346981799801
2,0,4553,1789633730864969728,3812346981809573
2,0,4554,1789633730864979968,3812346981819391
2,0,4555,1789633730864990208,3812346981829216
2,0,4556,1789633730864999424,3812346981839045
2,0,4557,1789633730865009664,3812346981848865
2,0,4558,1789633730865018880,3812346981858676
2,0,4559,1789633730865029120,3812346981868483
2,0,4560,1789633730865038336,3812346981878311
2,0,4561,1789633730865048576,3812346981888136
2,0,4562,1789633730865058816,3812346981897941
2,0,4563,1789633730865068032,3812346981907771
2,0,4564,1789633730865078272,3812346981917595
2,0,4565,1789633730865087488,3812346981927414
2,0,4566,1789633730865097728,3812346981937238
2,0,4567,1789633730865107968,3812346981947034
2,0,4568,1789633730865117184,3812346981956865
2,0,4569,1789633730865127424,3812346981966682
2,0,4570,1789633730865136640,3812346981976488
2,0,4571,1789633730865146880,3812346981986323
2,0,4572,1789633730865157120,3812346981996168
2,0,4573,1789633730865166336,3812346982005953
2,0,4574,1789633730865176576,3812346982015933
2,0,4575,1789633730865185792,3812346982025916
2,0,4576,1789633730865196032,3812346982035731
2,0,4577,1789633730865206272,3812346982045533
2,0,4578,1789633730865215488,3812346982055303
2,0,4579,1789633730865225728,3812346982065031
2,0,4580,1789633730865234944,3812346982074808
2,0,4581,1789633730865245184,3812346982084562
2,0,4582,1789633730865254400,3812346982094332
2,0,4583,1789633730865264640,3812346982104103
2,0,4584,1789633730865274880,3812346982113878
2,0,4585,1789633730865284096,3812346982123651
2,0,4586,1789633730865294336,3812346982133495
2,0,4587,1789633730865303552,3812346982143278
2,0,4588,1789633730865313792,3812346982153020
2,0,4589,1789633730865323008,3812346982162778
2,0,4590,1789633730865333248,3812346982172572
2,0,4591,1789633730865342464,3812346982182332
2,0,4592,1789633730865352704,3812346982192083
2,0,4593,1789633730865361920,3812346982201828
2,0,4594,1789633730865372160,3812346982211595
2,0,4595,1789633730865382400,3812346982221375
2,0,4596,1789633730865391616,3812346982231118
2,0,4597,1789633730865401856,3812346982240865
2,0,4598,1789633730865411072,3812346982250652
2,0,4599,1789633730865421312,3812346982260390
2,0,4600,1789633730865430528,3812346982270160
2,0,4601,1789633730865440768,3812346982279962
2,0,4602,1789633730865449984,3812346982289738
2,0,4603,1789633730865460224,3812346982299511
2,0,4604,1789633730865469440,3812346982309290
2,0,4605,1789633730865479680,3812346982319068
2,0,4606,1789633730865488896,3812346982328848
2,0,4607,1789633730865499136,3812346982338628
2,0,4608,1789633730865509376,3812346982348448
2,0,4609,1789633730865518592,3812346982358225
2,0,4610,1789633730865528832,3812346982368018
2,0,4611,1789633730865538048,3812346982377800
2,0,4612,1789633730865548288,3812346982387601
2,0,4613,1789633730865557504,3812346982397415
2,0,4614,1789633730865567744,3812346982407198
2,0,4615,1789633730865577984,3812346982416978
2,0,4616,1789633730865587200,3812346982426741
2,0,4617,1789633730865597440,3812346982436543
2,0,4618,1789633730865606656,3812346982446327
2,0,4619,1789633730865616896,3812346982456118
2,0,4620,1789633730865626112,3812346982465903
2,0,4621,1789633730865636352,3812346982475732
2,0,4622,1789633730865645568,3812346982485488
2,0,4623,1789633730865655808,3812346982495274
2,0,4624,1789633730865666048,3812346982505068
2,0,4625,1789633730865675264,3812346982514813
2,0,4626,1789633730865685504,3812346982524615
2,0,4627,1789633730865694720,3812346982534418
2,0,4628,1789633730865704960,3812346982544176
2,0,4629,1789633730865714176,3812346982553970
2,0,4630,1789633730865724416,3812346982563728
2,0,4631,1789633730865733632,3812346982573518
2,0,4632,1789633730865743872,3812346982583264
2,0,4633,1789633730865753088,3812346982593024
2,0,4634,1789633730865763328,3812346982602764
2,0,4635,1789633730865773568,3812346982612510
2,0,4636,1789633730865782784,3812346982622294
2,0,4637,1789633730865793024,3812346982632023
2,0,4638,1789633730865802240,3812346982641792
2,0,4639,1789633730865812480,3812346982651543
2,0,4640,1789633730865821696,3812346982661295
2,0,4641,1789633730865831936,3812346982671072
2,0,4642,1789633730865841152,3812346982680828
2,0,4643,1789633730865851392,3812346982690596
2,0,4644,1789633730865860608,3812346982700392
2,0,4645,1789633730865870848,3812346982710192
2,0,4646,1789633730865880064,3812346982719953
2,0,4647,1789633730865890304,3812346982729708
2,0,4648,1789633730865900544,3812346982739468
2,0,4649,1789633730865909760,3812346982749428
2,0,4650,1789633730865920000,3812346982759214
2,0,4651,1789633730865929216,3812346982769152
2,0,4652,1789633730865939456,3812346982778915
2,0,4653,1789633730865949696,3812346982788673
2,0,4654,1789633730865958912,3812346982798423
2,0,4655,1789633730865969152,3812346982808175
2,0,4656,1789633730865978368,3812346982817938
2,0,4657,1789633730865988608,3812346982827690
2,0,4658,1789633730865997824,3812346982837423
2,0,4659,1789633730866008064,3812346982847190
2,0,4660,1789633730866017280,3812346982856928
2,0,4661,1789633730866027520,3812346982866690
2,0,4662,1789633730866036736,3812346982876464
2,0,4663,1789633730866046976,3812346982886218
2,0,4664,1789633730866056192,3812346982895998
2,0,4665,1789633730866066432,3812346982905767
2,0,4666,1789633730866075648,3812346982915518
2,0,4667,1789633730866085888,3812346982925258
2,0,4668,1789633730866095104,3812346982935031
2,0,4669,1789633730866105344,3812346982944810
2,0,4670,1789633730866115584,3812346982954548
2,0,4671,1789633730866124800,3812346982964298
2,0,4672,1789633730866135040,3812346982974072
2,0,4673,1789633730866144256,3812346982983823
2,0,4674,1789633730866154496,3812346982993575
2,0,4675,1789633730866163712,3812346983003363
2,0,4676,1789633730866173952,3812346983013108
2,0,4677,1789633730866183168,3812346983022884
2,0,4678,1789633730866193408,3812346983032663
2,0,4679,1789633730866202624,3812346983042413
2,0,4680,1789633730866212864,3812346983052188
2,0,4681,1789633730866222080,3812346983061935
2,0,4682,1789633730866232320,3812346983071701
2,0,4683,1789633730866241536,3812346983081457
2,0,4684,1789633730866251776,3812346983091168
2,0,4685,1789633730866260992,3812346983100923
2,0,4686,1789633730866271232,3812346983110695
2,0,4687,1789633730866281472,3812346983120452
2,0,4688,1789633730866290688,3812346983130223
2,0,4689,1789633730866300928,3812346983139980
2,0,4690,1789633730866310144,3812346983149733
2,0,4691,1789633730866320384,3812346983159510
2,0,4692,1789633730866329600,3812346983169263
2,0,4693,1789633730866339840,3812346983179050
2,0,4694,1789633730866349056,3812346983188785
2,0,4695,1789633730866359296,3812346983198573
2,0,4696,1789633730866368512,3812346983208350
2,0,4697,1789633730866378752,3812346983218103
2,0,4698,1789633730866387968,3812346983227882
2,0,4699,1789633730866398208,3812346983237630
2,0,4700,1789633730866408448,3812346983247412
2,0,4701,1789633730866417664,3812346983257179
2,0,4702,1789633730866427904,3812346983266943
2,0,4703,1789633730866437120,3812346983276712
2,0,4704,1789633730866447360,3812346983286468
2,0,4705,1789633730866456576,3812346983296220
2,0,4706,1789633730866466816,3812346983305975
2,0,4707,1789633730866476032,3812346983315732
2,0,4708,1789633730866486272,3812346983325515
2,0,4709,1789633730866495488,3812346983335268
2,0,4710,1789633730866505728,3812346983345058
2,0,4711,1789633730866514944,3812346983354810
2,0,4712,1789633730866525184,3812346983364620
2,0,4713,1789633730866535424,3812346983374394
2,0,4714,1789633730866544640,3812346983384198
2,0,4715,1789633730866554880,3812346983393960
2,0,4716,1789633730866564096,3812346983403758
2,0,4717,1789633730866574336,3812346983413528
2,0,4718,1789633730866583552,3812346983423348
2,0,4719,1789633730866593792,3812346983433158
2,0,4720,1789633730866603008,3812346983442968
2,0,4721,1789633730866613248,3812346983452740
2,0,4722,1789633730866623488,3812346983462543
2,0,4723,1789633730866632704,3812346983472331
2,0,4724,1789633730866642944,3812346983482140
2,0,4725,1789633730866652160,3812346983491943
2,0,4726,1789633730866662400,3812346983501728
2,0,4727,1789633730866671616,3812346983511512
2,0,4728,1789633730866681856,3812346983521308
2,0,4729,1789633730866692096,3812346983531122
2,0,4730,1789633730866701312,3812346983540912
2,0,4731,1789633730866711552,3812346983550685
2,0,4732,1789633730866720768,3812346983560470
2,0,4733,1789633730866731008,3812346983570240
2,0,4734,1789633730866740224,3812346983580058
2,0,4735,1789633730866750464,3812346983589855
2,0,4736,1789633730866759680,3812346983599602
2,0,4737,1789633730866769920,3812346983609383
2,0,4738,1789633730866780160,3812346983619123
2,0,4739,1789633730866789376,3812346983628915
2,0,4740,1789633730866799616,3812346983638663
2,0,4741,1789633730866808832,3812346983648443
2,0,4742,1789633730866819072,3812346983658202
2,0,4743,1789633730866828288,3812346983667943
2,0,4744,1789633730866838528,3812346983677747
2,0,4745,1789633730866847744,3812346983687558
2,0,4746,1789633730866857984,3812346983697315
2,0,4747,1789633730866867200,3812346983707064
2,0,4748,1789633730866877440,3812346983716845
2,0,4749,1789633730866886656,3812346983726595
2,0,4750,1789633730866896896,3812346983736368
2,0,4751,1789633730866907136,3812346983746303
2,0,4752,1789633730866916352,3812346983756070
2,0,4753,1789633730866926592,3812346983766023
2,0,4754,1789633730866936832,3812346983775794
2,0,4755,1789633730866946048,3812346983785650
2,0,4756,1789633730866956288,3812346983795423
2,0,4757,1789633730866965504,3812346983805175
2,0,4758,1789633730866975744,3812346983814950
2,0,4759,1789633730866984960,3812346983824703
2,0,4760,1789633730866995200,3812346983834471
2,0,4761,1789633730867004416,3812346983844252
2,0,4762,1789633730867014656,3812346983854010
2,0,4763,1789633730867023872,3812346983863770
2,0,4764,1789633730867034112,3812346983873557
2,0,4765,1789633730867044352,3812346983883313
2,0,4766,1789633730867053568,3812346983893095
2,0,4767,1789633730867063808,3812346983902847
2,0,4768,1789633730867073024,3812346983912567
2,0,4769,1789633730867083264,3812346983922347
2,0,4770,1789633730867092480,3812346983932112
2,0,4771,1789633730867102720,3812346983941890
2,0,4772,1789633730867111936,3812346983951725
2,0,4773,1789633730867122176,3812346983961420
2,0,4774,1789633730867131392,3812346983971187
2,0,4775,1789633730867141632,3812346983980964
2,0,4776,1789633730867150848,3812346983990743
2,0,4777,1789633730867161088,3812346984000499
2,0,4778,1789633730867170304,3812346984010260
2,0,4779,1789633730867180544,3812346984020040
2,0,4780,1789633730867190784,3812346984029800
2,0,4781,1789633730867200000,3812346984039613
2,0,4782,1789633730867210240,3812346984049374
2,0,4783,1789633730867219456,3812346984059183
2,0,4784,1789633730867229696,3812346984068940
2,0,4785,1789633730867238912,3812346984078727
2,0,4786,1789633730867249152,3812346984088507
2,0,4787,1789633730867258368,3812346984098257
2,0,4788,1789633730867268608,3812346984108090
2,0,4789,1789633730867278848,3812346984117882
2,0,4790,1789633730867288064,3812346984127667
2,0,4791,1789633730867298304,3812346984137460
2,0,4792,1789633730867307520,3812346984147277
2,0,4793,1789633730867317760,3812346984157050
2,0,4794,1789633730867326976,3812346984166844
2,0,4795,1789633730867337216,3812346984176654
2,0,4796,1789633730867347456,3812346984186444
2,0,4797,1789633730867356672,3812346984196252
2,0,4798,1789633730867366912,3812346984206063
2,0,4799,1789633730867376128,3812346984215837
2,0,4800,1789633730867386368,3812346984225665
2,0,4801,1789633730867395584,3812346984235445
2,0,4802,1789633730867405824,3812346984245227
2,0,4803,1789633730867415040,3812346984255052
2,0,4804,1789633730867425280,3812346984264840
2,0,4805,1789633730867435520,3812346984274607
2,0,4806,1789633730867444736,3812346984284365
2,0,4807,1789633730867454976,3812346984294162
2,0,4808,1789633730867464192,3812346984303917
2,0,4809,1789633730867474432,3812346984313717
2,0,4810,1789633730867483648,3812346984323534
2,0,4811,1789633730867493888,3812346984333282
2,0,4812,1789633730867503104,3812346984343047
2,0,4813,1789633730867513344,3812346984352807
2,0,4814,1789633730867523584,3812346984362557
2,0,4815,1789633730867532800,3812346984372520
2,0,4816,1789633730867543040,3812346984382483
2,0,4817,1789633730867553280,3812346984392232
2,0,4818,1789633730867562496,3812346984401983
2,0,4819,1789633730867572736,3812346984411738
2,0,4820,1789633730867581952,3812346984421483
2,0,4821,1789633730867592192,3812346984431237
2,0,4822,1789633730867601408,3812346984440987
2,0,4823,1789633730867611648,3812346984450767
2,0,4824,1789633730867620864,3812346984460520
2,0,4825,1789633730867631104,3812346984470294
2,0,4826,1789633730867640320,3812346984480059
2,0,4827,1789633730867650560,3812346984489833
2,0,4828,1789633730867659776,3812346984499590
2,0,4829,1789633730867670016,3812346984509352
2,0,4830,1789633730867679232,3812346984519094
2,0,4831,1789633730867689472,3812346984528847
2,0,4832,1789633730867698688,3812346984538600
2,0,4833,1789633730867708928,3812346984548344
2,0,4834,1789633730867718144,3812346984558132
2,0,4835,1789633730867728384,3812346984567867
2,0,4836,1789633730867738624,3812346984577642
2,0,4837,1789633730867747840,3812346984587414
2,0,4838,1789633730867758080,3812346984597150
2,0,4839,1789633730867767296,3812346984606922
2,0,4840,1789633730867777536,3812346984616691
2,0,4841,1789633730867786752,3812346984626422
2,0,4842,1789633730867796992,3812346984636171
2,0,4843,1789633730867806208,3812346984645937
2,0,4844,1789633730867816448,3812346984655679
2,0,4845,1789633730867825664,3812346984665459
2,0,4846,1789633730867835904,3812346984675237
2,0,4847,1789633730867845120,3812346984685012
2,0,4848,1789633730867855360,3812346984694784
2,0,4849,1789633730867864576,3812346984704496
2,0,4850,1789633730867874816,3812346984714269
2,0,4851,1789633730867885056,3812346984724024
2,0,4852,1789633730867894272,3812346984733814
2,0,4853,1789633730867904512,3812346984743557
2,0,4854,1789633730867913728,3812346984753311
2,0,4855,1789633730867923968,3812346984763089
2,0,4856,1789633730867933184,3812346984772844
2,0,4857,1789633730867943424,3812346984782623
2,0,4858,1789633730867952640,3812346984792377
2,0,4859,1789633730867962880,3812346984802132
2,0,4860,1789633730867972096,3812346984811879
2,0,4861,1789633730867982336,3812346984821724
2,0,4862,1789633730867991552,3812346984831379
2,0,4863,1789633730868001792,3812346984841141
2,0,4864,1789633730868011008,3812346984850899
2,0,4865,1789633730868021248,3812346984860669
2,0,4866,1789633730868030464,3812346984870404
2,0,4867,1789633730868040704,3812346984880177
2,0,4868,1789633730868050944,3812346984889931
2,0,4869,1789633730868060160,3812346984899681
2,0,4870,1789633730868070400,3812346984909424
2,0,4871,1789633730868079616,3812346984919214
2,0,4872,1789633730868089856,3812346984928964
2,0,4873,1789633730868099072,3812346984938727
2,0,4874,1789633730868109312,3812346984948494
2,0,4875,1789633730868118528,3812346984958255
2,0,4876,1789633730868128768,3812346984968007
2,0,4877,1789633730868137984,3812346984977787
2,0,4878,1789633730868148224,3812346984987539
2,0,4879,1789633730868157440,3812346984997303
2,0,4880,1789633730868167680,3812346985007067
2,0,4881,1789633730868176896,3812346985016824
2,0,4882,1789633730868187136,3812346985026584
2,0,4883,1789633730868197376,3812346985036351
2,0,4884,1789633730868206592,3812346985046114
2,0,4885,1789633730868216832,3812346985055864
2,0,4886,1789633730868226048,3812346985065640
2,0,4887,1789633730868236288,3812346985075410
2,0,4888,1789633730868245504,3812346985085190
2,0,4889,1789633730868255744,3812346985094929
2,0,4890,1789633730868264960,3812346985104681
2,0,4891,1789633730868275200,3812346985114459
2,0,4892,1789633730868284416,3812346985124204
2,0,4893,1789633730868294656,3812346985133959
2,0,4894,1789633730868303872,3812346985143707
2,0,4895,1789633730868314112,3812346985153514
2,0,4896,1789633730868323328,3812346985163314
2,0,4897,1789633730868333568,3812346985173082
2,0,4898,1789633730868343808,3812346985182854
2,0,4899,1789633730868353024,3812346985192617
2,0,4900,1789633730868363264,3812346985202404
2,0,4901,1789633730868372480,3812346985212191
2,0,4902,1789633730868382720,3812346985221939
2,0,4903,1789633730868391936,3812346985231717
2,0,4904,1789633730868402176,3812346985241464
2,0,4905,1789633730868411392,3812346985251284
2,0,4906,1789633730868421632,3812346985261097
2,0,4907,1789633730868431872,3812346985270867
2,0,4908,1789633730868441088,3812346985280661
2,0,4909,1789633730868451328,3812346985290442
2,0,4910,1789633730868460544,3812346985300239
2,0,4911,1789633730868470784,3812346985310016
2,0,4912,1789633730868480000,3812346985319819
2,0,4913,1789633730868490240,3812346985329614
2,0,4914,1789633730868499456,3812346985339409
2,0,4915,1789633730868509696,3812346985349200
2,0,4916,1789633730868519936,3812346985358984
2,0,4917,1789633730868529152,3812346985368757
2,0,4918,1789633730868539392,3812346985378572
2,0,4919,1789633730868548608,3812346985388341
2,0,4920,1789633730868558848,3812346985398134
2,0,4921,1789633730868568064,3812346985407897
2,0,4922,1789633730868578304,3812346985417694
2,0,4923,1789633730868587520,3812346985427507
2,0,4924,1789633730868597760,3812346985437284
2,0,4925,1789633730868608000,3812346985447047
2,0,4926,1789633730868617216,3812346985456814
2,0,4927,1789633730868627456,3812346985466561
2,0,4928,1789633730868636672,3812346985476317
2,0,4929,1789633730868646912,3812346985486091
2,0,4930,1789633730868656128,3812346985495844
2,0,4931,1789633730868666368,3812346985505684
2,0,4932,1789633730868675584,3812346985515481
2,0,4933,1789633730868685824,3812346985525237
2,0,4934,1789633730868695040,3812346985535009
2,0,4935,1789633730868705280,3812346985544789
2,0,4936,1789633730868715520,3812346985554540
2,0,4937,1789633730868724736,3812346985564491
2,0,4938,1789633730868734976,3812346985574429
2,0,4939,1789633730868745216,3812346985586423
2,0,4940,1789633730868754432,3812346985593967
2,0,4941,1789633730868764672,3812346985603724
2,0,4942,1789633730868773888,3812346985613492
2,0,4943,1789633730868784128,3812346985623267
2,0,4944,1789633730868793344,3812346985632997
2,0,4945,1789633730868803584,3812346985642784
2,0,4946,1789633730868812800,3812346985652547
2,0,4947,1789633730868823040,3812346985662301
2,0,4948,1789633730868832256,3812346985672067
2,0,4949,1789633730868842496,3812346985681832
2,0,4950,1789633730868851712,3812346985691602
2,0,4951,1789633730868861952,3812346985701379
2,0,4952,1789633730868871168,3812346985711103
2,0,4953,1789633730868881408,3812346985720897
2,0,4954,1789633730868891648,3812346985730664
2,0,4955,1789633730868900864,3812346985740404
2,0,4956,1789633730868911104,3812346985750187
2,0,4957,1789633730868920320,3812346985759964
2,0,4958,1789633730868930560,3812346985769717
2,0,4959,1789633730868939776,3812346985779463
2,0,4960,1789633730868950016,3812346985789223
2,0,4961,1789633730868959232,3812346985798981
2,0,4962,1789633730868969472,3812346985808772
2,0,4963,1789633730868978688,3812346985818514
2,0,4964,1789633730868988928,3812346985828264
2,0,4965,1789633730868998144,3812346985838057
2,0,4966,1789633730869008384,3812346985847801
2,0,4967,1789633730869017600,3812346985857569
2,0,4968,1789633730869027840,3812346985867330
2,0,4969,1789633730869038080,3812346985877097
2,0,4970,1789633730869047296,3812346985886891
2,0,4971,1789633730869057536,3812346985896647
2,0,4972,1789633730869066752,3812346985906402
2,0,4973,1789633730869076992,3812346985916143
2,0,4974,1789633730869086208,3812346985925927
2,0,4975,1789633730869096448,3812346985935681
2,0,4976,1789633730869105664,3812346985945469
2,0,4977,1789633730869115904,3812346985955207
2,0,4978,1789633730869125120,3812346985964977
2,0,4979,1789633730869135360,3812346985974761
2,0,4980,1789633730869144576,3812346985984519
2,0,4981,1789633730869154816,3812346985994297
2,0,4982,1789633730869165056,3812346986004090
2,0,4983,1789633730869174272,3812346986013859
2,0,4984,1789633730869184512,3812346986023647
2,0,4985,1789633730869193728,3812346986033506
2,0,4986,1789633730869203968,3812346986043317
2,0,4987,1789633730869213184,3812346986053114
2,0,4988,1789633730869223424,3812346986062901
2,0,4989,1789633730869233664,3812346986072681
2,0,4990,1789633730869242880,3812346986082480
2,0,4991,1789633730869253120,3812346986092271
2,0,4992,1789633730869262336,3812346986102067
2,0,4993,1789633730869272576,3812346986111861
2,0,4994,1789633730869281792,3812346986121621
2,0,4995,1789633730869292032,3812346986131397
2,0,4996,1789633730869301248,3812346986141194
2,0,4997,1789633730869311488,3812346986150971
2,0,4998,1789633730869321728,3812346986160764
2,0,4999,1789633730869330944,3812346986170549
2,0,5000,1789633730869341184,3812346986180359
2,0,5001,1789633730869350400,3812346986190137
2,0,5002,1789633730869360640,3812346986199932
2,0,5003,1789633730869369856,3812346986209724
2,0,5004,1789633730869380096,3812346986219534
2,0,5005,1789633730869389312,3812346986229333
2,0,5006,1789633730869399552,3812346986239092
2,0,5007,1789633730869409792,3812346986248844
2,0,5008,1789633730869419008,3812346986258591
2,0,5009,1789633730869429248,3812346986268374
2,0,5010,1789633730869438464,3812346986278121
2,0,5011,1789633730869448704,3812346986287901
2,0,5012,1789633730869457920,3812346986297657
2,0,5013,1789633730869468160,3812346986307420
2,0,5014,1789633730869477376,3812346986317189
2,0,5015,1789633730869487616,3812346986326984
2,0,5016,1789633730869496832,3812346986336784
2,0,5017,1789633730869507072,3812346986346541
2,0,5018,1789633730869517312,3812346986356303
2,0,5019,1789633730869526528,3812346986366069
2,0,5020,1789633730869536768,3812346986375832
2,0,5021,1789633730869545984,3812346986385769
2,0,5022,1789633730869556224,3812346986395507
2,0,5023,1789633730869565440,3812346986405291
2,0,5024,1789633730869575680,3812346986415029
2,0,5025,1789633730869584896,3812346986424784
2,0,5026,1789633730869595136,3812346986434543
2,0,5027,1789633730869604352,3812346986444319
2,0,5028,1789633730869614592,3812346986454277
2,0,5029,1789633730869624832,3812346986464021
2,0,5030,1789633730869634048,3812346986473783
2,0,5031,1789633730869644288,3812346986483545
2,0,5032,1789633730869653504,3812346986493287
2,0,5033,1789633730869663744,3812346986503069
2,0,5034,1789633730869672960,3812346986512823
2,0,5035,1789633730869683200,3812346986522617
2,0,5036,1789633730869692416,3812346986532372
2,0,5037,1789633730869702656,3812346986542147
2,0,5038,1789633730869712896,3812346986551903
2,0,5039,1789633730869722112,3812346986561725
2,0,5040,1789633730869732352,3812346986571419
2,0,5041,1789633730869741568,3812346986581177
2,0,5042,1789633730869751808,3812346986590957
2,0,5043,1789633730869761024,3812346986600721
2,0,5044,1789633730869771264,3812346986610492
2,0,5045,1789633730869780480,3812346986620231
2,0,5046,1789633730869790720,3812346986629994
2,0,5047,1789633730869799936,3812346986639743
2,0,5048,1789633730869810176,3812346986649509
2,0,5049,1789633730869819392,3812346986659237
2,0,5050,1789633730869829632,3812346986669017
2,0,5051,1789633730869838848,3812346986678794
2,0,5052,1789633730869849088,3812346986688547
2,0,5053,1789633730869858304,3812346986698303
2,0,5054,1789633730869868544,3812346986708046
2,0,5055,1789633730869878784,3812346986717827
2,0,5056,1789633730869888000,3812346986727589
2,0,5057,1789633730869898240,3812346986737357
2,0,5058,1789633730869907456,3812346986747119
2,0,5059,1789633730869917696,3812346986756883
2,0,5060,1789633730869926912,3812346986766644
2,0,5061,1789633730869937152,3812346986776419
2,0,5062,1789633730869946368,3812346986786173
2,0,5063,1789633730869956608,3812346986795943
2,0,5064,1789633730869965824,3812346986805703
2,0,5065,1789633730869976064,3812346986815474
2,0,5066,1789633730869985280,3812346986825229
2,0,5067,1789633730869995520,3812346986835014
2,0,5068,1789633730870005760,3812346986844769
2,0,5069,1789633730870014976,3812346986854514
2,0,5070,1789633730870025216,3812346986864294
2,0,5071,1789633730870034432,3812346986874057
2,0,5072,1789633730870044672,3812346986883817
2,0,5073,1789633730870053888,3812346986893602
2,0,5074,1789633730870064128,3812346986903357
2,0,5075,1789633730870073344,3812346986913157
2,0,5076,1789633730870083584,3812346986922943
2,0,5077,1789633730870092800,3812346986932721
2,0,5078,1789633730870103040,3812346986942497
2,0,5079,1789633730870112256,3812346986952284
2,0,5080,1789633730870122496,3812346986962044
2,0,5081,1789633730870132736,3812346986971837
2,0,5082,1789633730870141952,3812346986981597
2,0,5083,1789633730870152192,3812346986991389
2,0,5084,1789633730870161408,3812346987001183
2,0,5085,1789633730870171648,3812346987010983
2,0,5086,1789633730870180864,3812346987020783
2,0,5087,1789633730870191104,3812346987030577
2,0,5088,1789633730870200320,3812346987040364
2,0,5089,1789633730870210560,3812346987050137
2,0,5090,1789633730870220800,3812346987059922
2,0,5091,1789633730870230016,3812346987069712
2,0,5092,1789633730870240256,3812346987079503
2,0,5093,1789633730870249472,3812346987089294
2,0,5094,1789633730870259712,3812346987099077
2,0,5095,1789633730870268928,3812346987108874
2,0,5096,1789633730870279168,3812346987118667
2,0,5097,1789633730870289408,3812346987128457
2,0,5098,1789633730870298624,3812346987138232
2,0,5099,1789633730870308864,3812346987147974
2,0,5100,1789633730870318080,3812346987157752
2,0,5101,1789633730870328320,3812346987167534
2,0,5102,1789633730870337536,3812346987177317
2,0,5103,1789633730870347776,3812346987187092
2,0,5104,1789633730870356992,3812346987196900
2,0,5105,1789633730870367232,3812346987206691
2,0,5106,1789633730870376448,3812346987216463
2,0,5107,1789633730870386688,3812346987226227
2,0,5108,1789633730870396928,3812346987235980
2,0,5109,1789633730870406144,3812346987245737
2,0,5110,1789633730870416384,3812346987255511
2,0,5111,1789633730870425600,3812346987265272
2,0,5112,1789633730870435840,3812346987275044
2,0,5113,1789633730870445056,3812346987284807
2,0,5114,1789633730870455296,3812346987294560
2,0,5115,1789633730870464512,3812346987304309
2,0,5116,1789633730870474752,3812346987314063
2,0,5117,1789633730870483968,3812346987323864
2,0,5118,1789633730870494208,3812346987333643
2,0,5119,1789633730870503424,3812346987343627
2,0,5120,1789633730870513664,3812346987353381
2,0,5121,1789633730870523904,3812346987363141
2,0,5122,1789633730870533120,3812346987372922
2,0,5123,1789633730870543360,3812346987382867
2,0,5124,1789633730870553600,3812346987392617
2,0,5125,1789633730870562816,3812346987402402
2,0,5126,1789633730870573056,3812346987412157
2,0,5127,1789633730870582272,3812346987421924
2,0,5128,1789633730870592512,3812346987431724
2,0,5129,1789633730870601728,3812346987441463
2,0,5130,1789633730870611968,3812346987451217
2,0,5131,1789633730870621184,3812346987460983
2,0,5132,1789633730870631424,3812346987470737
2,0,5133,1789633730870640640,3812346987480501
2,0,5134,1789633730870650880,3812346987490264
2,0,5135,1789633730870660096,3812346987500027
2,0,5136,1789633730870670336,3812346987509790
2,0,5137,1789633730870679552,3812346987519539
2,0,5138,1789633730870689792,3812346987529331
2,0,5139,1789633730870700032,3812346987539069
2,0,5140,1789633730870709248,3812346987548829
2,0,5141,1789633730870719488,3812346987558613
2,0,5142,1789633730870728704,3812346987568367
2,0,5143,1789633730870738944,3812346987578112
2,0,5144,1789633730870748160,3812346987587895
2,0,5145,1789633730870758400,3812346987597647
2,0,5146,1789633730870767616,3812346987607397
2,0,5147,1789633730870777856,3812346987617140
2,0,5148,1789633730870787072,3812346987626903
2,0,5149,1789633730870797312,3812346987636671
2,0,5150,1789633730870806528,3812346987646417
2,0,5151,1789633730870816768,3812346987656190
2,0,5152,1789633730870825984,3812346987665946
2,0,5153,1789633730870836224,3812346987675726
2,0,5154,1789633730870845440,3812346987685466
2,0,5155,1789633730870855680,3812346987695224
2,0,5156,1789633730870865920,3812346987704989
2,0,5157,1789633730870875136,3812346987714749
2,0,5158,1789633730870885376,3812346987724515
2,0,5159,1789633730870894592,3812346987734259
2,0,5160,1789633730870904832,3812346987744001
2,0,5161,1789633730870914048,3812346987753763
2,0,5162,1789633730870924288,3812346987763512
2,0,5163,1789633730870933504,3812346987773263
2,0,5164,1789633730870943744,3812346987783014
2,0,5165,1789633730870952960,3812346987792774
2,0,5166,1789633730870963200,3812346987802543
2,0,5167,1789633730870972416,3812346987812322
2,0,5168,1789633730870982656,3812346987822096
2,0,5169,1789633730870991872,3812346987831849
2,0,5170,1789633730871002112,3812346987841614
2,0,5171,1789633730871012352,3812346987851366
2,0,5172,1789633730871021568,3812346987861112
2,0,5173,1789633730871031808,3812346987870884
2,0,5174,1789633730871041024,3812346987880641
2,0,5175,1789633730871051264,3812346987890392
2,0,5176,1789633730871060480,3812346987900151
2,0,5177,1789633730871070720,3812346987909903
2,0,5178,1789633730871079936,3812346987919666
2,0,5179,1789633730871090176,3812346987929402
2,0,5180,1789633730871099392,3812346987939163
2,0,5181,1789633730871109632,3812346987948932
2,0,5182,1789633730871118848,3812346987958699
2,0,5183,1789633730871129088,3812346987968463
2,0,5184,1789633730871138304,3812346987978221
2,0,5185,1789633730871148544,3812346987987992
2,0,5186,1789633730871157760,3812346987997752
2,0,5187,1789633730871168000,3812346988007512
2,0,5188,1789633730871178240,3812346988017266
2,0,5189,1789633730871187456,3812346988027032
2,0,5190,1789633730871197696,3812346988036796
2,0,5191,1789633730871206912,3812346988046540
2,0,5192,1789633730871217152,3812346988056312
2,0,5193,1789633730871226368,3812346988066063
2,0,5194,1789633730871236608,3812346988075823
2,0,5195,1789633730871245824,3812346988085669
2,0,5196,1789633730871256064,3812346988095456
2,0,5197,1789633730871265280,3812346988105235
2,0,5198,1789633730871275520,3812346988114997
2,0,5199,1789633730871284736,3812346988124792
2,0,5200,1789633730871294976,3812346988134566
2,0,5201,1789633730871305216,3812346988144366
2,0,5202,1789633730871314432,3812346988154164
2,0,5203,1789633730871324672,3812346988163951
2,0,5204,1789633730871333888,3812346988173743
2,0,5205,1789633730871344128,3812346988183529
2,0,5206,1789633730871353344,3812346988193309
2,0,5207,1789633730871363584,3812346988203086
2,0,5208,1789633730871373824,3812346988212882
2,0,5209,1789633730871383040,3812346988222669
2,0,5210,1789633730871393280,3812346988232459
2,0,5211,1789633730871402496,3812346988242251
2,0,5212,1789633730871412736,3812346988252033
2,0,5213,1789633730871421952,3812346988261834
2,0,5214,1789633730871432192,3812346988271596
2,0,5215,1789633730871441408,3812346988281401
2,0,5216,1789633730871451648,3812346988291185
2,0,5217,1789633730871461888,3812346988300960
2,0,5218,1789633730871471104,3812346988310734
2,0,5219,1789633730871481344,3812346988320511
2,0,5220,1789633730871490560,3812346988330289
2,0,5221,1789633730871500800,3812346988340074
2,0,5222,1789633730871510016,3812346988349846
2,0,5223,1789633730871520256,3812346988359644
2,0,5224,1789633730871529472,3812346988369410
2,0,5225,1789633730871539712,3812346988379171
2,0,5226,1789633730871548928,3812346988388962
2,0,5227,1789633730871559168,3812346988398701
2,0,5228,1789633730871569408,3812346988408476
2,0,5229,1789633730871578624,3812346988418231
2,0,5230,1789633730871588864,3812346988428029
2,0,5231,1789633730871598080,3812346988437784
2,0,5232,1789633730871608320,3812346988447583
2,0,5233,1789633730871617536,3812346988457336
2,0,5234,1789633730871627776,3812346988467103
2,0,5235,1789633730871636992,3812346988476871
2,0,5236,1789633730871647232,3812346988486634
2,0,5237,1789633730871656448,3812346988496390
2,0,5238,1789633730871666688,3812346988506156
2,0,5239,1789633730871675904,3812346988516091
2,0,5240,1789633730871686144,3812346988525846
2,0,5241,1789633730871696384,3812346988535781
2,0,5242,1789633730871705600,3812346988545543
2,0,5243,1789633730871715840,3812346988555296
2,0,5244,1789633730871725056,3812346988565063
2,0,5245,1789633730871735296,3812346988574845
2,0,5246,1789633730871745536,3812346988584592
2,0,5247,1789633730871754752,3812346988594361
2,0,5248,1789633730871764992,3812346988604126
2,0,5249,1789633730871774208,3812346988613906
2,0,5250,1789633730871784448,3812346988623636
2,0,5251,1789633730871793664,3812346988633491
2,0,5252,1789633730871803904,3812346988643234
2,0,5253,1789633730871813120,3812346988652989
2,0,5254,1789633730871823360,3812346988662746
2,0,5255,1789633730871832576,3812346988672513
2,0,5256,1789633730871842816,3812346988682269
2,0,5257,1789633730871852032,3812346988692039
2,0,5258,1789633730871862272,3812346988701794
2,0,5259,1789633730871872512,3812346988711571
2,0,5260,1789633730871881728,3812346988721306
2,0,5261,1789633730871891968,3812346988731058
2,0,5262,1789633730871901184,3812346988740794
2,0,5263,1789633730871911424,3812346988750574
2,0,5264,1789633730871920640,3812346988760326
2,0,5265,1789633730871930880,3812346988770101
2,0,5266,1789633730871940096,3812346988779870
2,0,5267,1789633730871950336,3812346988789619
2,0,5268,1789633730871959552,3812346988799391
2,0,5269,1789633730871969792,3812346988809143
2,0,5270,1789633730871979008,3812346988818914
2,0,5271,1789633730871989248,3812346988828666
2,0,5272,1789633730871998464,3812346988838443
2,0,5273,1789633730872008704,3812346988848206
2,0,5274,1789633730872017920,3812346988857989
2,0,5275,1789633730872028160,3812346988867723
2,0,5276,1789633730872038400,3812346988877482
2,0,5277,1789633730872047616,3812346988887246
2,0,5278,1789633730872057856,3812346988897019
2,0,5279,1789633730872067072,3812346988906766
2,0,5280,1789633730872077312,3812346988916534
2,0,5281,1789633730872086528,3812346988926281
2,0,5282,1789633730872096768,3812346988936056
2,0,5283,1789633730872105984,3812346988945809
2,0,5284,1789633730872116224,3812346988955654
2,0,5285,1789633730872125440,3812346988965459
2,0,5286,1789633730872135680,3812346988975241
2,0,5287,1789633730872145920,3812346988985021
2,0,5288,1789633730872155136,3812346988994791
2,0,5289,1789633730872165376,3812346989004566
2,0,5290,1789633730872174592,3812346989014356
2,0,5291,1789633730872184832,3812346989024132
2,0,5292,1789633730872194048,3812346989033893
2,0,5293,1789633730872204288,3812346989043673
2,0,5294,1789633730872213504,3812346989053512
2,0,5295,1789633730872223744,3812346989063299
2,0,5296,1789633730872233984,3812346989073083
2,0,5297,1789633730872243200,3812346989082874
2,0,5298,1789633730872253440,3812346989092664
2,0,5299,1789633730872262656,3812346989102431
2,0,5300,1789633730872272896,3812346989112206
2,0,5301,1789633730872282112,3812346989121996
2,0,5302,1789633730872292352,3812346989131789
2,0,5303,1789633730872301568,3812346989141580
2,0,5304,1789633730872311808,3812346989151334
2,0,5305,1789633730872322048,3812346989161146
2,0,5306,1789633730872331264,3812346989170946
2,0,5307,1789633730872341504,3812346989180744
2,0,5308,1789633730872350720,3812346989190521
2,0,5309,1789633730872360960,3812346989200286
2,0,5310,1789633730872370176,3812346989210076
2,0,5311,1789633730872380416,3812346989219844
2,0,5312,1789633730872389632,3812346989229626
2,0,5313,1789633730872399872,3812346989239423
2,0,5314,1789633730872410112,3812346989249219
2,0,5315,1789633730872419328,3812346989258981
2,0,5316,1789633730872429568,3812346989268746
2,0,5317,1789633730872438784,3812346989278516
2,0,5318,1789633730872449024,3812346989288269
2,0,5319,1789633730872458240,3812346989298031
2,0,5320,1789633730872468480,3812346989307791
2,0,5321,1789633730872477696,3812346989317544
2,0,5322,1789633730872487936,3812346989327306
2,0,5323,1789633730872497152,3812346989337064
2,0,5324,1789633730872507392,3812346989346823
2,0,5325,1789633730872516608,3812346989356556
2,0,5326,1789633730872526848,3812346989366322
2,0,5327,1789633730872536064,3812346989376089
2,0,5328,1789633730872546304,3812346989385851
2,0,5329,1789633730872556544,3812346989395693
2,0,5330,1789633730872565760,3812346989405449
2,0,5331,1789633730872576000,3812346989415221
2,0,5332,1789633730872585216,3812346989424992
2,0,5333,1789633730872595456,3812346989434731
2,0,5334,1789633730872604672,3812346989444686
2,0,5335,1789633730872614912,3812346989454439
2,0,5336,1789633730872625152,3812346989464183
2,0,5337,1789633730872634368,3812346989473946
2,0,5338,1789633730872644608,3812346989483684
2,0,5339,1789633730872653824,3812346989493506
2,0,5340,1789633730872664064,3812346989503386
2,0,5341,1789633730872673280,3812346989513173
2,0,5342,1789633730872683520,3812346989522929
2,0,5343,1789633730872692736,3812346989532682
2,0,5344,1789633730872702976,3812346989542445
2,0,5345,1789633730872712192,3812346989552194
2,0,5346,1789633730872722432,3812346989561956
2,0,5347,1789633730872731648,3812346989571703
2,0,5348,1789633730872741888,3812346989585226
2,0,5349,1789633730872752128,3812346989591229
2,0,5350,1789633730872761344,3812346989600992
2,0,5351,1789633730872771584,3812346989610763
2,0,5352,1789633730872780800,3812346989620521
2,0,5353,1789633730872791040,3812346989630294
2,0,5354,1789633730872800256,3812346989640044
2,0,5355,1789633730872810496,3812346989649809
2,0,5356,1789633730872819712,3812346989659576
2,0,5357,1789633730872829952,3812346989669324
2,0,5358,1789633730872839168,3812346989679099
2,0,5359,1789633730872849408,3812346989688869
2,0,5360,1789633730872858624,3812346989698619
2,0,5361,1789633730872868864,3812346989708389
2,0,5362,1789633730872878080,3812346989718149
2,0,5363,1789633730872888320,3812346989727919
2,0,5364,1789633730872898560,3812346989737659
2,0,5365,1789633730872907776,3812346989747442
2,0,5366,1789633730872918016,3812346989757201
2,0,5367,1789633730872927232,3812346989766946
2,0,5368,1789633730872937472,3812346989776709
2,0,5369,1789633730872946688,3812346989786489
2,0,5370,1789633730872956928,3812346989796244
2,0,5371,1789633730872966144,3812346989806006
2,0,5372,1789633730872976384,3812346989815789
2,0,5373,1789633730872985600,3812346989825543
2,0,5374,1789633730872995840,3812346989835314
2,0,5375,1789633730873005056,3812346989845069
2,0,5376,1789633730873015296,3812346989854841
2,0,5377,1789633730873025536,3812346989864586
2,0,5378,1789633730873034752,3812346989874332
2,0,5379,1789633730873044992,3812346989884082
2,0,5380,1789633730873054208,3812346989893861
2,0,5381,1789633730873064448,3812346989903609
2,0,5382,1789633730873073664,3812346989913389
2,0,5383,1789633730873083904,3812346989923124
2,0,5384,1789633730873093120,3812346989932866
2,0,5385,1789633730873103360,3812346989942656
2,0,5386,1789633730873112576,3812346989952401
2,0,5387,1789633730873122816,3812346989962183
2,0,5388,1789633730873132032,3812346989971923
2,0,5389,1789633730873142272,3812346989981703
2,0,5390,1789633730873151488,3812346989991469
2,0,5391,1789633730873161728,3812346990001226
2,0,5392,1789633730873170944,3812346990010966
2,0,5393,1789633730873181184,3812346990020713
2,0,5394,1789633730873190400,3812346990030494
2,0,5395,1789633730873200640,3812346990040259
2,0,5396,1789633730873210880,3812346990050021
2,0,5397,1789633730873220096,3812346990059774
2,0,5398,1789633730873230336,3812346990069549
2,0,5399,1789633730873239552,3812346990079306
2,0,5400,1789633730873249792,3812346990089076
2,0,5401,1789633730873259008,3812346990098836
2,0,5402,1789633730873269248,3812346990108592
2,0,5403,1789633730873278464,3812346990118356
2,0,5404,1789633730873288704,3812346990128149
2,0,5405,1789633730873297920,3812346990137911
2,0,5406,1789633730873308160,3812346990147691
2,0,5407,1789633730873318400,3812346990157484
2,0,5408,1789633730873327616,3812346990167253
2,0,5409,1789633730873337856,3812346990177042
2,0,5410,1789633730873347072,3812346990186806
2,0,5411,1789633730873357312,3812346990196584
2,0,5412,1789633730873366528,3812346990206401
2,0,5413,1789633730873376768,3812346990216192
2,0,5414,1789633730873385984,3812346990225973
2,0,5415,1789633730873396224,3812346990235757
2,0,5416,1789633730873405440,3812346990245556
2,0,5417,1789633730873415680,3812346990255341
2,0,5418,1789633730873425920,3812346990265131
2,0,5419,1789633730873435136,3812346990274933
2,0,5420,1789633730873445376,3812346990284696
2,0,5421,1789633730873454592,3812346990294494
2,0,5422,1789633730873464832,3812346990304289
2,0,5423,1789633730873474048,3812346990314082
2,0,5424,1789633730873484288,3812346990323866
2,0,5425,1789633730873494528,3812346990333679
2,0,5426,1789633730873503744,3812346990343496
2,0,5427,1789633730873513984,3812346990353284
2,0,5428,1789633730873523200,3812346990363056
2,0,5429,1789633730873533440,3812346990372869
2,0,5430,1789633730873542656,3812346990382657
2,0,5431,1789633730873552896,3812346990392422
2,0,5432,1789633730873562112,3812346990402169
2,0,5433,1789633730873572352,3812346990411926
2,0,5434,1789633730873582592,3812346990421701
2,0,5435,1789633730873591808,3812346990431451
2,0,5436,1789633730873602048,3812346990441222
2,0,5437,1789633730873611264,3812346990450986
2,0,5438,1789633730873621504,3812346990460736
2,0,5439,1789633730873630720,3812346990470516
2,0,5440,1789633730873640960,3812346990480256
2,0,5441,1789633730873650176,3812346990490072
2,0,5442,1789633730873660416,3812346990499859
2,0,5443,1789633730873669632,3812346990509634
2,0,5444,1789633730873679872,3812346990519402
2,0,5445,1789633730873689088,3812346990529364
2,0,5446,1789633730873699328,3812346990539321
2,0,5447,1789633730873709568,3812346990549074
2,0,5448,1789633730873718784,3812346990558856
2,0,5449,1789633730873729024,3812346990568601
2,0,5450,1789633730873739264,3812346990578352
2,0,5451,1789633730873748480,3812346990588102
2,0,5452,1789633730873758720,3812346990597864
2,0,5453,1789633730873767936,3812346990607611
2,0,5454,1789633730873778176,3812346990617371
2,0,5455,1789633730873787392,3812346990627126
2,0,5456,1789633730873797632,3812346990636881
2,0,5457,1789633730873806848,3812346990646636
2,0,5458,1789633730873817088,3812346990656429
2,0,5459,1789633730873826304,3812346990666169
2,0,5460,1789633730873836544,3812346990675932
2,0,5461,1789633730873845760,3812346990685714
2,0,5462,1789633730873856000,3812346990695459
2,0,5463,1789633730873865216,3812346990705252
2,0,5464,1789633730873875456,3812346990715001
2,0,5465,1789633730873884672,3812346990724756
2,0,5466,1789633730873894912,3812346990734509
2,0,5467,1789633730873905152,3812346990744276
2,0,5468,1789633730873914368,3812346990754034
2,0,5469,1789633730873924608,3812346990763813
2,0,5470,1789633730873933824,3812346990773576
2,0,5471,1789633730873944064,3812346990783341
2,0,5472,1789633730873953280,3812346990793093
2,0,5473,1789633730873963520,3812346990802836
2,0,5474,1789633730873972736,3812346990812616
2,0,5475,1789633730873982976,3812346990822373
2,0,5476,1789633730873992192,3812346990832129
2,0,5477,1789633730874002432,3812346990841886
2,0,5478,1789633730874011648,3812346990851724
2,0,5479,1789633730874021888,3812346990861433
2,0,5480,1789633730874031104,3812346990871213
2,0,5481,1789633730874041344,3812346990880964
2,0,5482,1789633730874051584,3812346990890714
2,0,5483,1789633730874060800,3812346990900464
2,0,5484,1789633730874071040,3812346990910226
2,0,5485,1789633730874080256,3812346990920002
2,0,5486,1789633730874090496,3812346990929774
2,0,5487,1789633730874099712,3812346990939532
2,0,5488,1789633730874109952,3812346990949289
2,0,5489,1789633730874119168,3812346990959046
2,0,5490,1789633730874129408,3812346990968796
2,0,5491,1789633730874138624,3812346990978589
2,0,5492,1789633730874148864,3812346990988364
2,0,5493,1789633730874158080,3812346990998114
2,0,5494,1789633730874168320,3812346991007891
2,0,5495,1789633730874178560,3812346991017639
2,0,5496,1789633730874187776,3812346991027401
2,0,5497,1789633730874198016,3812346991037189
2,0,5498,1789633730874207232,3812346991046931
2,0,5499,1789633730874217472,3812346991056709
2,0,5500,1789633730874226688,3812346991066491
2,0,5501,1789633730874236928,3812346991076306
2,0,5502,1789633730874246144,3812346991086066
2,0,5503,1789633730874256384,3812346991095849
2,0,5504,1789633730874265600,3812346991105666
2,0,5505,1789633730874275840,3812346991115434
2,0,5506,1789633730874286080,3812346991125252
2,0,5507,1789633730874295296,3812346991135056
2,0,5508,1789633730874305536,3812346991144841
2,0,5509,1789633730874314752,3812346991154626
2,0,5510,1789633730874324992,3812346991164431
2,0,5511,1789633730874334208,3812346991174206
2,0,5512,1789633730874344448,3812346991184016
2,0,5513,1789633730874354688,3812346991193801
2,0,5514,1789633730874363904,3812346991203589
2,0,5515,1789633730874374144,3812346991213382
2,0,5516,1789633730874383360,3812346991223176
2,0,5517,1789633730874393600,3812346991232962
2,0,5518,1789633730874402816,3812346991242729
2,0,5519,1789633730874413056,3812346991252521
2,0,5520,1789633730874422272,3812346991262272
2,0,5521,1789633730874432512,3812346991272059
2,0,5522,1789633730874441728,3812346991281822
2,0,5523,1789633730874451968,3812346991291596
2,0,5524,1789633730874462208,3812346991301379
2,0,5525,1789633730874471424,3812346991311162
2,0,5526,1789633730874481664,3812346991320959
2,0,5527,1789633730874490880,3812346991330761
2,0,5528,1789633730874501120,3812346991340503
2,0,5529,1789633730874510336,3812346991350269
2,0,5530,1789633730874520576,3812346991360032
2,0,5531,1789633730874529792,3812346991369802
2,0,5532,1789633730874540032,3812346991379536
2,0,5533,1789633730874549248,3812346991389321
2,0,5534,1789633730874559488,3812346991399069
2,0,5535,1789633730874569728,3812346991408836
2,0,5536,1789633730874578944,3812346991418606
2,0,5537,1789633730874589184,3812346991428372
2,0,5538,1789633730874598400,3812346991438166
2,0,5539,1789633730874608640,3812346991447963
2,0,5540,1789633730874617856,3812346991457744
2,0,5541,1789633730874628096,3812346991467499
2,0,5542,1789633730874637312,3812346991477253
2,0,5543,1789633730874647552,3812346991487009
2,0,5544,1789633730874656768,3812346991496969
2,0,5545,1789633730874667008,3812346991506912
2,0,5546,1789633730874677248,3812346991516681
2,0,5547,1789633730874686464,3812346991526445
2,0,5548,1789633730874696704,3812346991536212
2,0,5549,1789633730874705920,3812346991545982
2,0,5550,1789633730874716160,3812346991555746
2,0,5551,1789633730874726400,3812346991565496
2,0,5552,1789633730874735616,3812346991575263
2,0,5553,1789633730874745856,3812346991585011
2,0,5554,1789633730874755072,3812346991594781
2,0,5555,1789633730874765312,3812346991604556
2,0,5556,1789633730874774528,3812346991614315
2,0,5557,1789633730874784768,3812346991624060
2,0,5558,1789633730874793984,3812346991633821
2,0,5559,1789633730874804224,3812346991643572
2,0,5560,1789633730874813440,3812346991653332
2,0,5561,1789633730874823680,3812346991663111
2,0,5562,1789633730874832896,3812346991672864
2,0,5563,1789633730874843136,3812346991682651
2,0,5564,1789633730874852352,3812346991692409
2,0,5565,1789633730874862592,3812346991702163
2,0,5566,1789633730874872832,3812346991711946
2,0,5567,1789633730874882048,3812346991721724
2,0,5568,1789633730874892288,3812346991731462
2,0,5569,1789633730874901504,3812346991741216
2,0,5570,1789633730874911744,3812346991750964
2,0,5571,1789633730874920960,3812346991760716
2,0,5572,1789633730874931200,3812346991770509
2,0,5573,1789633730874940416,3812346991780256
2,0,5574,1789633730874950656,3812346991790023
2,0,5575,1789633730874959872,3812346991799801
2,0,5576,1789633730874970112,3812346991809546
2,0,5577,1789633730874979328,3812346991819306
2,0,5578,1789633730874989568,3812346991829072
2,0,5579,1789633730874998784,3812346991838820
2,0,5580,1789633730875009024,3812346991848582
2,0,5581,1789633730875018240,3812346991858362
2,0,5582,1789633730875028480,3812346991868111
2,0,5583,1789633730875038720,3812346991877859
2,0,5584,1789633730875047936,3812346991887624
2,0,5585,1789633730875058176,3812346991897386
2,0,5586,1789633730875067392,3812346991907141
2,0,5587,1789633730875077632,3812346991916901
2,0,5588,1789633730875086848,3812346991926642
2,0,5589,1789633730875097088,3812346991936396
2,0,5590,1789633730875106304,3812346991946176
2,0,5591,1789633730875116544,3812346991955931
2,0,5592,1789633730875125760,3812346991965679
2,0,5593,1789633730875136000,3812346991975446
2,0,5594,1789633730875145216,3812346991985234
2,0,5595,1789633730875155456,3812346991994981
2,0,5596,1789633730875164672,3812346992004752
2,0,5597,1789633730875174912,3812346992014506
2,0,5598,1789633730875185152,3812346992024266
2,0,5599,1789633730875194368,3812346992034011
2,0,5600,1789633730875204608,3812346992043764
2,0,5601,1789633730875213824,3812346992053532
2,0,5602,1789633730875224064,3812346992063281
2,0,5603,1789633730875233280,3812346992073056
2,0,5604,1789633730875243520,3812346992082826
2,0,5605,1789633730875252736,3812346992092602
2,0,5606,1789633730875262976,3812346992102414
2,0,5607,1789633730875272192,3812346992112176
2,0,5608,1789633730875282432,3812346992121969
2,0,5609,1789633730875291648,3812346992131731
2,0,5610,1789633730875301888,3812346992141506
2,0,5611,1789633730875312128,3812346992151266
2,0,5612,1789633730875321344,3812346992161064
2,0,5613,1789633730875331584,3812346992170842
2,0,5614,1789633730875340800,3812346992180643
2,0,5615,1789633730875351040,3812346992190404
2,0,5616,1789633730875360256,3812346992200201
2,0,5617,1789633730875370496,3812346992209999
2,0,5618,1789633730875379712,3812346992219792
2,0,5619,1789633730875389952,3812346992229614
2,0,5620,1789633730875400192,3812346992239371
2,0,5621,1789633730875409408,3812346992249171
2,0,5622,1789633730875419648,3812346992258961
2,0,5623,1789633730875428864,3812346992268751
2,0,5624,1789633730875439104,3812346992278529
2,0,5625,1789633730875448320,3812346992288291
2,0,5626,1789633730875458560,3812346992298079
2,0,5627,1789633730875467776,3812346992307874
2,0,5628,1789633730875478016,3812346992317679
2,0,5629,1789633730875488256,3812346992327456
2,0,5630,1789633730875497472,3812346992337251
2,0,5631,1789633730875507712,3812346992347009
2,0,5632,1789633730875516928,3812346992356782
2,0,5633,1789633730875527168,3812346992366569
2,0,5634,1789633730875536384,3812346992376361
2,0,5635,1789633730875546624,3812346992386169
2,0,5636,1789633730875555840,3812346992396051
2,0,5637,1789633730875566080,3812346992405839
2,0,5638,1789633730875576320,3812346992415801
2,0,5639,1789633730875585536,3812346992425752
2,0,5640,1789633730875595776,3812346992435532
2,0,5641,1789633730875606016,3812346992445269
2,0,5642,1789633730875615232,3812346992455029
2,0,5643,1789633730875625472,3812346992464781
2,0,5644,1789633730875634688,3812346992474572
2,0,5645,1789633730875644928,3812346992484314
2,0,5646,1789633730875654144,3812346992494091
2,0,5647,1789633730875664384,3812346992503842
2,0,5648,1789633730875673600,3812346992513594
2,0,5649,1789633730875683840,3812346992523344
2,0,5650,1789633730875693056,3812346992533106
2,0,5651,1789633730875703296,3812346992542872
2,0,5652,1789633730875712512,3812346992552632
2,0,5653,1789633730875722752,3812346992562393
2,0,5654,1789633730875732992,3812346992572151
2,0,5655,1789633730875742208,3812346992581919
2,0,5656,1789633730875752448,3812346992591724
2,0,5657,1789633730875761664,3812346992601449
2,0,5658,1789633730875771904,3812346992611202
2,0,5659,1789633730875781120,3812346992620956
2,0,5660,1789633730875791360,3812346992630716
2,0,5661,1789633730875800576,3812346992640481
2,0,5662,1789633730875810816,3812346992650226
2,0,5663,1789633730875820032,3812346992659969
2,0,5664,1789633730875830272,3812346992669723
2,0,5665,1789633730875839488,3812346992679506
2,0,5666,1789633730875849728,3812346992689269
2,0,5667,1789633730875858944,3812346992699022
2,0,5668,1789633730875869184,3812346992708812
2,0,5669,1789633730875879424,3812346992718551
2,0,5670,1789633730875888640,3812346992728309
2,0,5671,1789633730875898880,3812346992738064
2,0,5672,1789633730875908096,3812346992747826
2,0,5673,1789633730875918336,3812346992757629
2,0,5674,1789633730875927552,3812346992767391
2,0,5675,1789633730875937792,3812346992777151
2,0,5676,1789633730875947008,3812346992786906
2,0,5677,1789633730875957248,3812346992796672
2,0,5678,1789633730875966464,3812346992806442
2,0,5679,1789633730875976704,3812346992816201
2,0,5680,1789633730875985920,3812346992825968
2,0,5681,1789633730875996160,3812346992835732
2,0,5682,1789633730876005376,3812346992845476
2,0,5683,1789633730876015616,3812346992855221
2,0,5684,1789633730876025856,3812346992864985
2,0,5685,1789633730876035072,3812346992874763
2,0,5686,1789633730876045312,3812346992884526
2,0,5687,1789633730876054528,3812346992894294
2,0,5688,1789633730876064768,3812346992904048
2,0,5689,1789633730876073984,3812346992913793
2,0,5690,1789633730876084224,3812346992923571
2,0,5691,1789633730876093440,3812346992933318
2,0,5692,1789633730876103680,3812346992943073
2,0,5693,1789633730876112896,3812346992952846
2,0,5694,1789633730876123136,3812346992962593
2,0,5695,1789633730876132352,3812346992972352
2,0,5696,1789633730876142592,3812346992982098
2,0,5697,1789633730876151808,3812346992991851
2,0,5698,1789633730876162048,3812346993001588
2,0,5699,1789633730876171264,3812346993011346
2,0,5700,1789633730876181504,3812346993021146
2,0,5701,1789633730876191744,3812346993030896
2,0,5702,1789633730876200960,3812346993040658
2,0,5703,1789633730876211200,3812346993050413
2,0,5704,1789633730876220416,3812346993060164
2,0,5705,1789633730876230656,3812346993069922
2,0,5706,1789633730876239872,3812346993079694
2,0,5707,1789633730876250112,3812346993089434
2,0,5708,1789633730876259328,3812346993099197
2,0,5709,1789633730876269568,3812346993108972
2,0,5710,1789633730876278784,3812346993118714
2,0,5711,1789633730876289024,3812346993128488
2,0,5712,1789633730876298240,3812346993138225
2,0,5713,1789633730876308480,3812346993147991
2,0,5714,1789633730876317696,3812346993157731
2,0,5715,1789633730876327936,3812346993167478
2,0,5716,1789633730876337152,3812346993177251
2,0,5717,1789633730876347392,3812346993187001
2,0,5718,1789633730876357632,3812346993196746
2,0,5719,1789633730876366848,3812346993206466
2,0,5720,1789633730876377088,3812346993216275
2,0,5721,1789633730876386304,3812346993226046
2,0,5722,1789633730876396544,3812346993235831
2,0,5723,1789633730876405760,3812346993245682
2,0,5724,1789633730876416000,3812346993255436
2,0,5725,1789633730876425216,3812346993265236
2,0,5726,1789633730876435456,3812346993275006
2,0,5727,1789633730876444672,3812346993284821
2,0,5728,1789633730876454912,3812346993294621
2,0,5729,1789633730876465152,3812346993304422
2,0,5730,1789633730876474368,3812346993314181
2,0,5731,1789633730876484608,3812346993324011
2,0,5732,1789633730876493824,3812346993333791
2,0,5733,1789633730876504064,3812346993343588
2,0,5734,1789633730876513280,3812346993353376
2,0,5735,1789633730876523520,3812346993363161
2,0,5736,1789633730876533760,3812346993372944
2,0,5737,1789633730876542976,3812346993382738
2,0,5738,1789633730876553216,3812346993392536
2,0,5739,1789633730876562432,3812346993402336
2,0,5740,1789633730876572672,3812346993412124
2,0,5741,1789633730876581888,3812346993421892
2,0,5742,1789633730876592128,3812346993431724
2,0,5743,1789633730876601344,3812346993441448
2,0,5744,1789633730876611584,3812346993451236
2,0,5745,1789633730876621824,3812346993461028
2,0,5746,1789633730876631040,3812346993470823
2,0,5747,1789633730876641280,3812346993480584
2,0,5748,1789633730876650496,3812346993490363
2,0,5749,1789633730876660736,3812346993500116
2,0,5750,1789633730876669952,3812346993509881
2,0,5751,1789633730876680192,3812346993519637
2,0,5752,1789633730876689408,3812346993529386
2,0,5753,1789633730876699648,3812346993539172
2,0,5754,1789633730876708864,3812346993548915
2,0,5755,1789633730876719104,3812346993558672
2,0,5756,1789633730876728320,3812346993568446
2,0,5757,1789633730876738560,3812346993578232
2,0,5758,1789633730876748800,3812346993588025
2,0,5759,1789633730876758016,3812346993597788
2,0,5760,1789633730876768256,3812346993607544
2,0,5761,1789633730876777472,3812346993617298
2,0,5762,1789633730876787712,3812346993627044
2,0,5763,1789633730876796928,3812346993636795
2,0,5764,1789633730876807168,3812346993646571
2,0,5765,1789633730876816384,3812346993656321
2,0,5766,1789633730876826624,3812346993666082
2,0,5767,1789633730876835840,3812346993675851
2,0,5768,1789633730876846080,3812346993685771
2,0,5769,1789633730876856320,3812346993695563
2,0,5770,1789633730876865536,3812346993705308
2,0,5771,1789633730876875776,3812346993715272
2,0,5772,1789633730876884992,3812346993725019
2,0,5773,1789633730876895232,3812346993734802
2,0,5774,1789633730876904448,3812346993744544
2,0,5775,1789633730876914688,3812346993754311
2,0,5776,1789633730876924928,3812346993764075
2,0,5777,1789633730876934144,3812346993773808
2,0,5778,1789633730876944384,3812346993783539
2,0,5779,1789633730876953600,3812346993793296
2,0,5780,1789633730876963840,3812346993803074
2,0,5781,1789633730876973056,3812346993812811
2,0,5782,1789633730876983296,3812346993822571
2,0,5783,1789633730876992512,3812346993832356
2,0,5784,1789633730877002752,3812346993842115
2,0,5785,1789633730877011968,3812346993851866
2,0,5786,1789633730877022208,3812346993861722
2,0,5787,1789633730877031424,3812346993871363
2,0,5788,1789633730877041664,3812346993881134
2,0,5789,1789633730877050880,3812346993890899
2,0,5790,1789633730877061120,3812346993900658
2,0,5791,1789633730877070336,3812346993910426
2,0,5792,1789633730877080576,3812346993920196
2,0,5793,1789633730877090816,3812346993929948
2,0,5794,1789633730877100032,3812346993939702
2,0,5795,1789633730877110272,3812346993949456
2,0,5796,1789633730877119488,3812346993959201
2,0,5797,1789633730877129728,3812346993968958
2,0,5798,1789633730877138944,3812346993978721
2,0,5799,1789633730877149184,3812346993988441
2,0,5800,1789633730877158400,3812346993998216
2,0,5801,1789633730877168640,3812346994007968
2,0,5802,1789633730877177856,3812346994017732
2,0,5803,1789633730877188096,3812346994027491
2,0,5804,1789633730877197312,3812346994037256
2,0,5805,1789633730877207552,3812346994047031
2,0,5806,1789633730877216768,3812346994056791
2,0,5807,1789633730877227008,3812346994066571
2,0,5808,1789633730877236224,3812346994076308
2,0,5809,1789633730877246464,3812346994086088
2,0,5810,1789633730877256704,3812346994095846
2,0,5811,1789633730877265920,3812346994105648
2,0,5812,1789633730877276160,3812346994115421
2,0,5813,1789633730877285376,3812346994125176
2,0,5814,1789633730877295616,3812346994134931
2,0,5815,1789633730877304832,3812346994144705
2,0,5816,1789633730877315072,3812346994154448
2,0,5817,1789633730877324288,3812346994164201
2,0,5818,1789633730877334528,3812346994173986
2,0,5819,1789633730877343744,3812346994183736
2,0,5820,1789633730877353984,3812346994193514
2,0,5821,1789633730877363200,3812346994203266
2,0,5822,1789633730877373440,3812346994213031
2,0,5823,1789633730877382656,3812346994222811
2,0,5824,1789633730877392896,3812346994232554
2,0,5825,1789633730877403136,3812346994242314
2,0,5826,1789633730877412352,3812346994252056
2,0,5827,1789633730877422592,3812346994261841
2,0,5828,1789633730877431808,3812346994271586
2,0,5829,1789633730877442048,3812346994281371
2,0,5830,1789633730877451264,3812346994291114
2,0,5831,1789633730877461504,3812346994300861
2,0,5832,1789633730877470720,3812346994310646
2,0,5833,1789633730877480960,3812346994320391
2,0,5834,1789633730877490176,3812346994330146
2,0,5835,1789633730877500416,3812346994339896
2,0,5836,1789633730877509632,3812346994349671
2,0,5837,1789633730877519872,3812346994359426
2,0,5838,1789633730877529088,3812346994369214
2,0,5839,1789633730877539328,3812346994378966
2,0,5840,1789633730877549568,3812346994388728
2,0,5841,1789633730877558784,3812346994398468
2,0,5842,1789633730877569024,3812346994408265
2,0,5843,1789633730877578240,3812346994418071
2,0,5844,1789633730877588480,3812346994427824
2,0,5845,1789633730877597696,3812346994437614
2,0,5846,1789633730877607936,3812346994447371
2,0,5847,1789633730877617152,3812346994457148
2,0,5848,1789633730877627392,3812346994466916
2,0,5849,1789633730877636608,3812346994476688
2,0,5850,1789633730877646848,3812346994486471
2,0,5851,1789633730877656064,3812346994496291
2,0,5852,1789633730877666304,3812346994506065
2,0,5853,1789633730877676544,3812346994515866
2,0,5854,1789633730877685760,3812346994525691
2,0,5855,1789633730877696000,3812346994535461
2,0,5856,1789633730877705216,3812346994545266
2,0,5857,1789633730877715456,3812346994555046
2,0,5858,1789633730877724672,3812346994564826
2,0,5859,1789633730877734912,3812346994574614
2,0,5860,1789633730877745152,3812346994584394
2,0,5861,1789633730877754368,3812346994594183
2,0,5862,1789633730877764608,3812346994603971
2,0,5863,1789633730877773824,3812346994613766
2,0,5864,1789633730877784064,3812346994623574
2,0,5865,1789633730877793280,3812346994633334
2,0,5866,1789633730877803520,3812346994643098
2,0,5867,1789633730877812736,3812346994652875
2,0,5868,1789633730877822976,3812346994662641
2,0,5869,1789633730877833216,3812346994672423
2,0,5870,1789633730877842432,3812346994682201
2,0,5871,1789633730877852672,3812346994692016
2,0,5872,1789633730877861888,3812346994701796
2,0,5873,1789633730877872128,3812346994711574
2,0,5874,1789633730877881344,3812346994721324
2,0,5875,1789633730877891584,3812346994731076
2,0,5876,1789633730877900800,3812346994740831
2,0,5877,1789633730877911040,3812346994750591
2,0,5878,1789633730877920256,3812346994760341
2,0,5879,1789633730877930496,3812346994770106
2,0,5880,1789633730877939712,3812346994779888
2,0,5881,1789633730877949952,3812346994789626
2,0,5882,1789633730877960192,3812346994799396
2,0,5883,1789633730877969408,3812346994809165
2,0,5884,1789633730877979648,3812346994818931
2,0,5885,1789633730877988864,3812346994828691
2,0,5886,1789633730877999104,3812346994838481
2,0,5887,1789633730878008320,3812346994848266
2,0,5888,1789633730878018560,3812346994858021
2,0,5889,1789633730878027776,3812346994867791
2,0,5890,1789633730878038016,3812346994877555
2,0,5891,1789633730878047232,3812346994887311
2,0,5892,1789633730878057472,3812346994897051
2,0,5893,1789633730878066688,3812346994906806
2,0,5894,1789633730878076928,3812346994916576
2,0,5895,1789633730878087168,3812346994926521
2,0,5896,1789633730878096384,3812346994936278
2,0,5897,1789633730878106624,3812346994946047
2,0,5898,1789633730878115840,3812346994955796
2,0,5899,1789633730878126080,3812346994965734
2,0,5900,1789633730878136320,3812346994975498
2,0,5901,1789633730878145536,3812346994985249
2,0,5902,1789633730878155776,3812346994995022
2,0,5903,1789633730878164992,3812346995004756
2,0,5904,1789633730878175232,3812346995014528
2,0,5905,1789633730878184448,3812346995024311
2,0,5906,1789633730878194688,3812346995034069
2,0,5907,1789633730878203904,3812346995043851
2,0,5908,1789633730878214144,3812346995053601
2,0,5909,1789633730878223360,3812346995063351
2,0,5910,1789633730878233600,3812346995073102
2,0,5911,1789633730878242816,3812346995082868
2,0,5912,1789633730878253056,3812346995092622
2,0,5913,1789633730878262272,3812346995102412
2,0,5914,1789633730878272512,3812346995112111
2,0,5915,1789633730878281728,3812346995121891
2,0,5916,1789633730878291968,3812346995131721
2,0,5917,1789633730878302208,3812346995141414
2,0,5918,1789633730878311424,3812346995151166
2,0,5919,1789633730878321664,3812346995160914
2,0,5920,1789633730878330880,3812346995170668
2,0,5921,1789633730878341120,3812346995180441
2,0,5922,1789633730878350336,3812346995190201
2,0,5923,1789633730878360576,3812346995199958
2,0,5924,1789633730878369792,3812346995209721
2,0,5925,1789633730878380032,3812346995219484
2,0,5926,1789633730878389248,3812346995229266
2,0,5927,1789633730878399488,3812346995239011
2,0,5928,1789633730878408704,3812346995248768
2,0,5929,1789633730878418944,3812346995258533
2,0,5930,1789633730878428160,3812346995268298
2,0,5931,1789633730878438400,3812346995278071
2,0,5932,1789633730878448640,3812346995287818
2,0,5933,1789633730878457856,3812346995297591
2,0,5934,1789633730878468096,3812346995307356
2,0,5935,1789633730878477312,3812346995317093
2,0,5936,1789633730878487552,3812346995326841
2,0,5937,1789633730878496768,3812346995336601
2,0,5938,1789633730878507008,3812346995346366
2,0,5939,1789633730878516224,3812346995356131
2,0,5940,1789633730878526464,3812346995365874
2,0,5941,1789633730878535680,3812346995375666
2,0,5942,1789633730878545920,3812346995385408
2,0,5943,1789633730878555136,3812346995395182
2,0,5944,1789633730878565376,3812346995404956
2,0,5945,1789633730878574592,3812346995414711
2,0,5946,1789633730878584832,3812346995424469
2,0,5947,1789633730878594048,3812346995434236
2,0,5948,1789633730878604288,3812346995443998
2,0,5949,1789633730878614528,3812346995453766
2,0,5950,1789633730878623744,3812346995463531
2,0,5951,1789633730878633984,3812346995473288
2,0,5952,1789633730878643200,3812346995483061
2,0,5953,1789633730878653440,3812346995492806
2,0,5954,1789633730878662656,3812346995502566
2,0,5955,1789633730878672896,3812346995512341
2,0,5956,1789633730878682112,3812346995522091
2,0,5957,1789633730878692352,3812346995531848
2,0,5958,1789633730878701568,3812346995541614
2,0,5959,1789633730878711808,3812346995551368
2,0,5960,1789633730878721024,3812346995561131
2,0,5961,1789633730878731264,3812346995570921
2,0,5962,1789633730878741504,3812346995580681
2,0,5963,1789633730878750720,3812346995590451
2,0,5964,1789633730878760960,3812346995600184
2,0,5965,1789633730878770176,3812346995609989
2,0,5966,1789633730878780416,3812346995619766
2,0,5967,1789633730878789632,3812346995629538
2,0,5968,1789633730878799872,3812346995639321
2,0,5969,1789633730878809088,3812346995649086
2,0,5970,1789633730878819328,3812346995658873
2,0,5971,1789633730878828544,3812346995668646
2,0,5972,1789633730878838784,3812346995678437
2,0,5973,1789633730878849024,3812346995688258
2,0,5974,1789633730878858240,3812346995698036
2,0,5975,1789633730878868480,3812346995707821
2,0,5976,1789633730878877696,3812346995717606
2,0,5977,1789633730878887936,3812346995727389
2,0,5978,1789633730878897152,3812346995737176
2,0,5979,1789633730878907392,3812346995746976
2,0,5980,1789633730878916608,3812346995756769
2,0,5981,1789633730878926848,3812346995766551
2,0,5982,1789633730878937088,3812346995776341
2,0,5983,1789633730878946304,3812346995786131
2,0,5984,1789633730878956544,3812346995795916
2,0,5985,1789633730878965760,3812346995805706
2,0,5986,1789633730878976000,3812346995815531
2,0,5987,1789633730878985216,3812346995825286
2,0,5988,1789633730878995456,3812346995835076
2,0,5989,1789633730879004672,3812346995844851
2,0,5990,1789633730879014912,3812346995854626
2,0,5991,1789633730879025152,3812346995864414
2,0,5992,1789633730879034368,3812346995874204
2,0,5993,1789633730879044608,3812346995883996
2,0,5994,1789633730879053824,3812346995893771
2,0,5995,1789633730879064064,3812346995903531
2,0,5996,1789633730879073280,3812346995913291
2,0,5997,1789633730879083520,3812346995923031
2,0,5998,1789633730879092736,3812346995932811
2,0,5999,1789633730879102976,3812346995942571
2,0,6000,1789633730879112192,3812346995952318
2,0,6001,1789633730879122432,3812346995962094
2,0,6002,1789633730879132672,3812346995971848
2,0,6003,1789633730879141888,3812346995981596
2,0,6004,1789633730879152128,3812346995991411
2,0,6005,1789633730879161344,3812346996001228
2,0,6006,1789633730879171584,3812346996010991
2,0,6007,1789633730879180800,3812346996020741
2,0,6008,1789633730879191040,3812346996030492
2,0,6009,1789633730879200256,3812346996040259
2,0,6010,1789633730879210496,3812346996050021
2,0,6011,1789633730879219712,3812346996059984
2,0,6012,1789633730879229952,3812346996069926
2,0,6013,1789633730879240192,3812346996079694
2,0,6014,1789633730879249408,3812346996089444
2,0,6015,1789633730879259648,3812346996099204
2,0,6016,1789633730879268864,3812346996108970
2,0,6017,1789633730879279104,3812346996118726
2,0,6018,1789633730879288320,3812346996128496
2,0,6019,1789633730879298560,3812346996138256
2,0,6020,1789633730879308800,3812346996148001
2,0,6021,1789633730879318016,3812346996157751
2,0,6022,1789633730879328256,3812346996167502
2,0,6023,1789633730879337472,3812346996177251
2,0,6024,1789633730879347712,3812346996187011
2,0,6025,1789633730879356928,3812346996196749
2,0,6026,1789633730879367168,3812346996206508
2,0,6027,1789633730879376384,3812346996216281
2,0,6028,1789633730879386624,3812346996226046
2,0,6029,1789633730879395840,3812346996235816
2,0,6030,1789633730879406080,3812346996245656
2,0,6031,1789633730879415296,3812346996255422
2,0,6032,1789633730879425536,3812346996265182
2,0,6033,1789633730879434752,3812346996274956
2,0,6034,1789633730879444992,3812346996284706
2,0,6035,1789633730879455232,3812346996294494
2,0,6036,1789633730879464448,3812346996304244
2,0,6037,1789633730879474688,3812346996314021
2,0,6038,1789633730879483904,3812346996323766
2,0,6039,1789633730879494144,3812346996333551
2,0,6040,1789633730879503360,3812346996343301
2,0,6041,1789633730879513600,3812346996353073
2,0,6042,1789633730879522816,3812346996362831
2,0,6043,1789633730879533056,3812346996372581
2,0,6044,1789633730879542272,3812346996382368
2,0,6045,1789633730879552512,3812346996392136
2,0,6046,1789633730879561728,3812346996401862
2,0,6047,1789633730879571968,3812346996411721
2,0,6048,1789633730879582208,3812346996421394
2,0,6049,1789633730879591424,3812346996431171
2,0,6050,1789633730879601664,3812346996440914
2,0,6051,1789633730879610880,3812346996450688
2,0,6052,1789633730879621120,3812346996460448
2,0,6053,1789633730879630336,3812346996470196
2,0,6054,1789633730879640576,3812346996479973
2,0,6055,1789633730879649792,3812346996489746
2,0,6056,1789633730879660032,3812346996499498
2,0,6057,1789633730879669248,3812346996509264
2,0,6058,1789633730879679488,3812346996519022
2,0,6059,1789633730879688704,3812346996528806
2,0,6060,1789633730879698944,3812346996538606
2,0,6061,1789633730879708160,3812346996548355
2,0,6062,1789633730879718400,3812346996558156
2,0,6063,1789633730879728640,3812346996567951
2,0,6064,1789633730879737856,3812346996577711
2,0,6065,1789633730879748096,3812346996587502
2,0,6066,1789633730879757312,3812346996597268
2,0,6067,1789633730879767552,3812346996607081
2,0,6068,1789633730879776768,3812346996616888
2,0,6069,1789633730879787008,3812346996626668
2,0,6070,1789633730879797248,3812346996636466
2,0,6071,1789633730879806464,3812346996646231
2,0,6072,1789633730879816704,3812346996656011
2,0,6073,1789633730879825920,3812346996665803
2,0,6074,1789633730879836160,3812346996675686
2,0,6075,1789633730879845376,3812346996685473
2,0,6076,1789633730879855616,3812346996695263
2,0,6077,1789633730879864832,3812346996705051
2,0,6078,1789633730879875072,3812346996714854
2,0,6079,1789633730879885312,3812346996724608
2,0,6080,1789633730879894528,3812346996734404
2,0,6081,1789633730879904768,3812346996744172
2,0,6082,1789633730879913984,3812346996753974
2,0,6083,1789633730879924224,3812346996763746
2,0,6084,1789633730879933440,3812346996773546
2,0,6085,1789633730879943680,3812346996783341
2,0,6086,1789633730879952896,3812346996793109
2,0,6087,1789633730879963136,3812346996802871
2,0,6088,1789633730879973376,3812346996812596
2,0,6089,1789633730879982592,3812346996822344
2,0,6090,1789633730879992832,3812346996832124
2,0,6091,1789633730880002048,3812346996841871
2,0,6092,1789633730880012288,3812346996851723
2,0,6093,1789633730880021504,3812346996861388
2,0,6094,1789633730880031744,3812346996871168
2,0,6095,1789633730880040960,3812346996880928
2,0,6096,1789633730880051200,3812346996890691
2,0,6097,1789633730880060416,3812346996900434
2,0,6098,1789633730880070656,3812346996910181
2,0,6099,1789633730880079872,3812346996919936
2,0,6100,1789633730880090112,3812346996929711
2,0,6101,1789633730880099328,3812346996939491
2,0,6102,1789633730880109568,3812346996949281
2,0,6103,1789633730880119808,3812346996959069
2,0,6104,1789633730880129024,3812346996968816
2,0,6105,1789633730880139264,3812346996978571
2,0,6106,1789633730880148480,3812346996988356
2,0,6107,1789633730880158720,3812346996998108
2,0,6108,1789633730880167936,3812346997007861
2,0,6109,1789633730880178176,3812346997017598
2,0,6110,1789633730880187392,3812346997027371
2,0,6111,1789633730880197632,3812346997037149
2,0,6112,1789633730880206848,3812346997046904
2,0,6113,1789633730880217088,3812346997056844
2,0,6114,1789633730880227328,3812346997066606
2,0,6115,1789633730880236544,3812346997076358
2,0,6116,1789633730880246784,3812346997086118
2,0,6117,1789633730880256000,3812346997096061
2,0,6118,1789633730880266240,3812346997105824
2,0,6119,1789633730880275456,3812346997115654
2,0,6120,1789633730880285696,3812346997125411
2,0,6121,1789633730880295936,3812346997135158
2,0,6122,1789633730880305152,3812346997144903
2,0,6123,1789633730880315392,3812346997154656
2,0,6124,1789633730880324608,3812346997164441
2,0,6125,1789633730880334848,3812346997174214
2,0,6126,1789633730880344064,3812346997183961
2,0,6127,1789633730880354304,3812346997193721
2,0,6128,1789633730880363520,3812346997203506
2,0,6129,1789633730880373760,3812346997213273
2,0,6130,1789633730880382976,3812346997223041
2,0,6131,1789633730880393216,3812346997232801
2,0,6132,1789633730880402432,3812346997242561
2,0,6133,1789633730880412672,3812346997252344
2,0,6134,1789633730880422912,3812346997262092
2,0,6135,1789633730880432128,3812346997271851
2,0,6136,1789633730880442368,3812346997281614
2,0,6137,1789633730880451584,3812346997291381
2,0,6138,1789633730880461824,3812346997301171
2,0,6139,1789633730880471040,3812346997310902
2,0,6140,1789633730880481280,3812346997320666
2,0,6141,1789633730880490496,3812346997330431
2,0,6142,1789633730880500736,3812346997340194
2,0,6143,1789633730880509952,3812346997349946
2,0,6144,1789633730880520192,3812346997359721
2,0,6145,1789633730880529408,3812346997369481
2,0,6146,1789633730880539648,3812346997379241
2,0,6147,1789633730880548864,3812346997389036
2,0,6148,1789633730880559104,3812346997398778
2,0,6149,1789633730880569344,3812346997408544
2,0,6150,1789633730880578560,3812346997418306
2,0,6151,1789633730880588800,3812346997428088
2,0,6152,1789633730880598016,3812346997437846
2,0,6153,1789633730880608256,3812346997447606
2,0,6154,1789633730880617472,3812346997457378
2,0,6155,1789633730880627712,3812346997467139
2,0,6156,1789633730880636928,3812346997476951
2,0,6157,1789633730880647168,3812346997486721
2,0,6158,1789633730880656384,3812346997496494
2,0,6159,1789633730880666624,3812346997506261
2,0,6160,1789633730880675840,3812346997516046
2,0,6161,1789633730880686080,3812346997525831
2,0,6162,1789633730880696320,3812346997535671
2,0,6163,1789633730880705536,3812346997545462
2,0,6164,1789633730880715776,3812346997555249
2,0,6165,1789633730880724992,3812346997565046
2,0,6166,1789633730880735232,3812346997574838
2,0,6167,1789633730880744448,3812346997584637
2,0,6168,1789633730880754688,3812346997594406
2,0,6169,1789633730880764928,3812346997604201
2,0,6170,1789633730880774144,3812346997613981
2,0,6171,1789633730880784384,3812346997623778
2,0,6172,1789633730880793600,3812346997633516
2,0,6173,1789633730880803840,3812346997643301
2,0,6174,1789633730880813056,3812346997653088
2,0,6175,1789633730880823296,3812346997662874
2,0,6176,1789633730880832512,3812346997672656
2,0,6177,1789633730880842752,3812346997682474
2,0,6178,1789633730880852992,3812346997692251
2,0,6179,1789633730880862208,3812346997702031
2,0,6180,1789633730880872448,3812346997711811
2,0,6181,1789633730880881664,3812346997721591
2,0,6182,1789633730880891904,3812346997731366
2,0,6183,1789633730880901120,3812346997741151
2,0,6184,1789633730880911360,3812346997750954
2,0,6185,1789633730880920576,3812346997760694
2,0,6186,1789633730880930816,3812346997770471
2,0,6187,1789633730880940032,3812346997780226
2,0,6188,1789633730880950272,3812346997789993
2,0,6189,1789633730880960512,3812346997799746
2,0,6190,1789633730880969728,3812346997809521
2,0,6191,1789633730880979968,3812346997819271
2,0,6192,1789633730880989184,3812346997829056
2,0,6193,1789633730880999424,3812346997838788
2,0,6194,1789633730881008640,3812346997848538
2,0,6195,1789633730881018880,3812346997858309
2,0,6196,1789633730881028096,3812346997868106
2,0,6197,1789633730881038336,3812346997877916
2,0,6198,1789633730881047552,3812346997887671
2,0,6199,1789633730881057792,3812346997897451
2,0,6200,1789633730881067008,3812346997907411
2,0,6201,1789633730881077248,3812346997917371
2,0,6202,1789633730881087488,3812346997927121
2,0,6203,1789633730881096704,3812346997936841
2,0,6204,1789633730881106944,3812346997946631
2,0,6205,1789633730881117184,3812346997956399
2,0,6206,1789633730881126400,3812346997966161
2,0,6207,1789633730881136640,3812346997975926
2,0,6208,1789633730881145856,3812346997985676
2,0,6209,1789633730881156096,3812346997995446
2,0,6210,1789633730881165312,3812346998005226
2,0,6211,1789633730881175552,3812346998014991
2,0,6212,1789633730881184768,3812346998024748
2,0,6213,1789633730881195008,3812346998034479
2,0,6214,1789633730881204224,3812346998044270
2,0,6215,1789633730881214464,3812346998054022
2,0,6216,1789633730881223680,3812346998063796
2,0,6217,1789633730881233920,3812346998073550
2,0,6218,1789633730881243136,3812346998083308
2,0,6219,1789633730881253376,3812346998093066
2,0,6220,1789633730881263616,3812346998102796
2,0,6221,1789633730881272832,3812346998112566
2,0,6222,1789633730881283072,3812346998122346
2,0,6223,1789633730881292288,3812346998132119
2,0,6224,1789633730881302528,3812346998141831
2,0,6225,1789633730881311744,3812346998151626
2,0,6226,1789633730881321984,3812346998161378
2,0,6227,1789633730881331200,3812346998171174
2,0,6228,1789633730881341440,3812346998180916
2,0,6229,1789633730881350656,3812346998190702
2,0,6230,1789633730881360896,3812346998200484
2,0,6231,1789633730881370112,3812346998210234
2,0,6232,1789633730881380352,3812346998220011
2,0,6233,1789633730881389568,3812346998229760
2,0,6234,1789633730881399808,3812346998239513
2,0,6235,1789633730881410048,3812346998249293
2,0,6236,1789633730881419264,3812346998259059
2,0,6237,1789633730881429504,3812346998268816
2,0,6238,1789633730881438720,3812346998278570
2,0,6239,1789633730881448960,3812346998288316
2,0,6240,1789633730881458176,3812346998298081
2,0,6241,1789633730881468416,3812346998307823
2,0,6242,1789633730881477632,3812346998317600
2,0,6243,1789633730881487872,3812346998327368
2,0,6244,1789633730881497088,3812346998337138
2,0,6245,1789633730881507328,3812346998346876
2,0,6246,1789633730881516544,3812346998356666
2,0,6247,1789633730881526784,3812346998366422
2,0,6248,1789633730881536000,3812346998376186
2,0,6249,1789633730881546240,3812346998385930
2,0,6250,1789633730881556480,3812346998395716
2,0,6251,1789633730881565696,3812346998405476
2,0,6252,1789633730881575936,3812346998415266
2,0,6253,1789633730881585152,3812346998425046
2,0,6254,1789633730881595392,3812346998434836
2,0,6255,1789633730881604608,3812346998444624
2,0,6256,1789633730881614848,3812346998454386
2,0,6257,1789633730881624064,3812346998464146
2,0,6258,1789633730881634304,3812346998473933
2,0,6259,1789633730881643520,3812346998483714
2,0,6260,1789633730881653760,3812346998493520
2,0,6261,1789633730881664000,3812346998503294
2,0,6262,1789633730881673216,3812346998513090
2,0,6263,1789633730881683456,3812346998522886
2,0,6264,1789633730881692672,3812346998532658
2,0,6265,1789633730881702912,3812346998542466
2,0,6266,1789633730881712128,3812346998552248
2,0,6267,1789633730881722368,3812346998562043
2,0,6268,1789633730881731584,3812346998571831
2,0,6269,1789633730881741824,3812346998581631
2,0,6270,1789633730881752064,3812346998591426
2,0,6271,1789633730881761280,3812346998601222
2,0,6272,1789633730881771520,3812346998611016
2,0,6273,1789633730881780736,3812346998620824
2,0,6274,1789633730881790976,3812346998630596
2,0,6275,1789633730881800192,3812346998640360
2,0,6276,1789633730881810432,3812346998650156
2,0,6277,1789633730881820672,3812346998659931
2,0,6278,1789633730881829888,3812346998669706
2,0,6279,1789633730881840128,3812346998679506
2,0,6280,1789633730881849344,3812346998689310
2,0,6281,1789633730881859584,3812346998699066
2,0,6282,1789633730881868800,3812346998708818
2,0,6283,1789633730881879040,3812346998718580
2,0,6284,1789633730881888256,3812346998728350
2,0,6285,1789633730881898496,3812346998738111
2,0,6286,1789633730881907712,3812346998747866
2,0,6287,1789633730881917952,3812346998757630
2,0,6288,1789633730881927168,3812346998767396
2,0,6289,1789633730881937408,3812346998777206
2,0,6290,1789633730881947648,3812346998786991
2,0,6291,1789633730881956864,3812346998796737
2,0,6292,1789633730881967104,3812346998806514
2,0,6293,1789633730881976320,3812346998816290
2,0,6294,1789633730881986560,3812346998826028
2,0,6295,1789633730881995776,3812346998835794
2,0,6296,1789633730882006016,3812346998845528
2,0,6297,1789633730882015232,3812346998855316
2,0,6298,1789633730882025472,3812346998865071
2,0,6299,1789633730882034688,3812346998874818
2,0,6300,1789633730882044928,3812346998884791
2,0,6301,1789633730882055168,3812346998894744
2,0,6302,1789633730882064384,3812346998904516
2,0,6303,1789633730882074624,3812346998914270
2,0,6304,1789633730882083840,3812346998923990
2,0,6305,1789633730882094080,3812346998933770
2,0,6306,1789633730882103296,3812346998943520
2,0,6307,1789633730882113536,3812346998953267
2,0,6308,1789633730882123776,3812346998963038
2,0,6309,1789633730882132992,3812346998972786
2,0,6310,1789633730882143232,3812346998982550
2,0,6311,1789633730882152448,3812346998992302
2,0,6312,1789633730882162688,3812346999002062
2,0,6313,1789633730882171904,3812346999011831
2,0,6314,1789633730882182144,3812346999021576
2,0,6315,1789633730882191360,3812346999031337
2,0,6316,1789633730882201600,3812346999041114
2,0,6317,1789633730882210816,3812346999050892
2,0,6318,1789633730882221056,3812346999060634
2,0,6319,1789633730882230272,3812346999070394
2,0,6320,1789633730882240512,3812346999080142
2,0,6321,1789633730882249728,3812346999089893
2,0,6322,1789633730882259968,3812346999099640
2,0,6323,1789633730882269184,3812346999109405
2,0,6324,1789633730882279424,3812346999119178
2,0,6325,1789633730882289664,3812346999128904
2,0,6326,1789633730882298880,3812346999138671
2,0,6327,1789633730882309120,3812346999148486
2,0,6328,1789633730882318336,3812346999158320
2,0,6329,1789633730882328576,3812346999168133
2,0,6330,1789633730882337792,3812346999177933
2,0,6331,1789633730882348032,3812346999187768
2,0,6332,1789633730882358272,3812346999197598
2,0,6333,1789633730882367488,3812346999207398
2,0,6334,1789633730882377728,3812346999217240
2,0,6335,1789633730882386944,3812346999227038
2,0,6336,1789633730882397184,3812346999236883
2,0,6337,1789633730882406400,3812346999246680
2,0,6338,1789633730882416640,3812346999256500
2,0,6339,1789633730882426880,3812346999266339
2,0,6340,1789633730882436096,3812346999276156
2,0,6341,1789633730882446336,3812346999285948
2,0,6342,1789633730882455552,3812346999295771
2,0,6343,1789633730882465792,3812346999305596
2,0,6344,1789633730882476032,3812346999315423
2,0,6345,1789633730882485248,3812346999325246
2,0,6346,1789633730882495488,3812346999335060
2,0,6347,1789633730882504704,3812346999344888
2,0,6348,1789633730882514944,3812346999354733
2,0,6349,1789633730882525184,3812346999364663
2,0,6350,1789633730882534400,3812346999374480
2,0,6351,1789633730882544640,3812346999384398
2,0,6352,1789633730882554880,3812346999394243
2,0,6353,1789633730882564096,3812346999404066
2,0,6354,1789633730882574336,3812346999413906
2,0,6355,1789633730882583552,3812346999423718
2,0,6356,1789633730882593792,3812346999433532
2,0,6357,1789633730882604032,3812346999443355
2,0,6358,1789633730882613248,3812346999453180
2,0,6359,1789633730882623488,3812346999463001
2,0,6360,1789633730882632704,3812346999472822
2,0,6361,1789633730882642944,3812346999482646
2,0,6362,1789633730882652160,3812346999492448
2,0,6363,1789633730882662400,3812346999502281
2,0,6364,1789633730882672640,3812346999512111
2,0,6365,1789633730882681856,3812346999521916
2,0,6366,1789633730882692096,3812346999531711
2,0,6367,1789633730882701312,3812346999541488
2,0,6368,1789633730882711552,3812346999551283
2,0,6369,1789633730882721792,3812346999561071
2,0,6370,1789633730882731008,3812346999571022
