schema_version,trial,sample,gpu_ns,cpu_observed_ns
2,0,0,1789633741883914240,3812358000957355
2,0,1,1789633741883926528,3812358000968446
2,0,2,1789633741883936768,3812358000979477
2,0,3,1789633741883948032,3812358000990503
2,0,4,1789633741883959296,3812358001001486
2,0,5,1789633741883970560,3812358001012579
2,0,6,1789633741883980800,3812358001023595
2,0,7,1789633741883992064,3812358001034741
2,0,8,1789633741884003328,3812358001045763
2,0,9,1789633741884014592,3812358001056779
2,0,10,1789633741884025856,3812358001067786
2,0,11,1789633741884036096,3812358001078811
2,0,12,1789633741884047360,3812358001089841
2,0,13,1789633741884058624,3812358001100848
2,0,14,1789633741884069888,3812358001111875
2,0,15,1789633741884080128,3812358001122893
2,0,16,1789633741884091392,3812358001133875
2,0,17,1789633741884102656,3812358001144913
2,0,18,1789633741884113920,3812358001155928
2,0,19,1789633741884124160,3812358001166923
2,0,20,1789633741884135424,3812358001177979
2,0,21,1789633741884146688,3812358001188989
2,0,22,1789633741884157952,3812358001200055
2,0,23,1789633741884169216,3812358001211113
2,0,24,1789633741884179456,3812358001222172
2,0,25,1789633741884190720,3812358001233206
2,0,26,1789633741884201984,3812358001244263
2,0,27,1789633741884213248,3812358001255295
2,0,28,1789633741884223488,3812358001266358
2,0,29,1789633741884234752,3812358001277423
2,0,30,1789633741884246016,3812358001288438
2,0,31,1789633741884257280,3812358001299505
2,0,32,1789633741884268544,3812358001310588
2,0,33,1789633741884278784,3812358001321588
2,0,34,1789633741884290048,3812358001332641
2,0,35,1789633741884301312,3812358001343771
2,0,36,1789633741884312576,3812358001354825
2,0,37,1789633741884323840,3812358001365823
2,0,38,1789633741884334080,3812358001376918
2,0,39,1789633741884345344,3812358001387945
2,0,40,1789633741884356608,3812358001398981
2,0,41,1789633741884367872,3812358001410055
2,0,42,1789633741884379136,3812358001421118
2,0,43,1789633741884389376,3812358001432128
2,0,44,1789633741884400640,3812358001443238
2,0,45,1789633741884411904,3812358001454263
2,0,46,1789633741884423168,3812358001465255
2,0,47,1789633741884433408,3812358001476246
2,0,48,1789633741884444672,3812358001487263
2,0,49,1789633741884455936,3812358001498301
2,0,50,1789633741884467200,3812358001509314
2,0,51,1789633741884477440,3812358001520323
2,0,52,1789633741884488704,3812358001531378
2,0,53,1789633741884499968,3812358001542493
2,0,54,1789633741884511232,3812358001553512
2,0,55,1789633741884522496,3812358001564558
2,0,56,1789633741884532736,3812358001575601
2,0,57,1789633741884544000,3812358001586638
2,0,58,1789633741884555264,3812358001623622
2,0,59,1789633741884566528,3812358001623622
2,0,60,1789633741884577792,3812358001623622
2,0,61,1789633741884588032,3812358001630813
2,0,62,1789633741884599296,3812358001641823
2,0,63,1789633741884610560,3812358001652839
2,0,64,1789633741884621824,3812358001663961
2,0,65,1789633741884633088,3812358001675013
2,0,66,1789633741884643328,3812358001686073
2,0,67,1789633741884654592,3812358001697139
2,0,68,1789633741884665856,3812358001708122
2,0,69,1789633741884677120,3812358001719113
2,0,70,1789633741884687360,3812358001730135
2,0,71,1789633741884698624,3812358001741155
2,0,72,1789633741884709888,3812358001752115
2,0,73,1789633741884721152,3812358001763173
2,0,74,1789633741884731392,3812358001774166
2,0,75,1789633741884742656,3812358001785164
2,0,76,1789633741884753920,3812358001796158
2,0,77,1789633741884765184,3812358001807183
2,0,78,1789633741884775424,3812358001818206
2,0,79,1789633741884786688,3812358001829241
2,0,80,1789633741884797952,3812358001840282
2,0,81,1789633741884809216,3812358001851299
2,0,82,1789633741884819456,3812358001862322
2,0,83,1789633741884830720,3812358001873346
2,0,84,1789633741884841984,3812358001884417
2,0,85,1789633741884853248,3812358001895466
2,0,86,1789633741884864512,3812358001906526
2,0,87,1789633741884874752,3812358001917584
2,0,88,1789633741884886016,3812358001928622
2,0,89,1789633741884897280,3812358001939646
2,0,90,1789633741884908544,3812358001950751
2,0,91,1789633741884919808,3812358001961788
2,0,92,1789633741884930048,3812358001972818
2,0,93,1789633741884941312,3812358001983919
2,0,94,1789633741884952576,3812358001994966
2,0,95,1789633741884963840,3812358002006035
2,0,96,1789633741884975104,3812358002017075
2,0,97,1789633741884985344,3812358002028055
2,0,98,1789633741884996608,3812358002039082
2,0,99,1789633741885007872,3812358002050106
2,0,100,1789633741885019136,3812358002061148
2,0,101,1789633741885029376,3812358002072155
2,0,102,1789633741885040640,3812358002083168
2,0,103,1789633741885051904,3812358002094175
2,0,104,1789633741885063168,3812358002105173
2,0,105,1789633741885073408,3812358002116273
2,0,106,1789633741885084672,3812358002127251
2,0,107,1789633741885095936,3812358002138288
2,0,108,1789633741885107200,3812358002149326
2,0,109,1789633741885117440,3812358002160342
2,0,110,1789633741885128704,3812358002171371
2,0,111,1789633741885139968,3812358002182380
2,0,112,1789633741885151232,3812358002193386
2,0,113,1789633741885162496,3812358002204473
2,0,114,1789633741885172736,3812358002215484
2,0,115,1789633741885184000,3812358002226519
2,0,116,1789633741885195264,3812358002237551
2,0,117,1789633741885206528,3812358002248591
2,0,118,1789633741885216768,3812358002259644
2,0,119,1789633741885228032,3812358002270683
2,0,120,1789633741885239296,3812358002281715
2,0,121,1789633741885250560,3812358002292764
2,0,122,1789633741885261824,3812358002303848
2,0,123,1789633741885272064,3812358002314891
2,0,124,1789633741885283328,3812358002325908
2,0,125,1789633741885294592,3812358002337024
2,0,126,1789633741885305856,3812358002348024
2,0,127,1789633741885317120,3812358002359088
2,0,128,1789633741885327360,3812358002370181
2,0,129,1789633741885338624,3812358002381203
2,0,130,1789633741885349888,3812358002392248
2,0,131,1789633741885361152,3812358002403373
2,0,132,1789633741885372416,3812358002414371
2,0,133,1789633741885382656,3812358002425408
2,0,134,1789633741885393920,3812358002436493
2,0,135,1789633741885405184,3812358002447513
2,0,136,1789633741885416448,3812358002458548
2,0,137,1789633741885426688,3812358002469678
2,0,138,1789633741885437952,3812358002480713
2,0,139,1789633741885449216,3812358002491733
2,0,140,1789633741885460480,3812358002502839
2,0,141,1789633741885471744,3812358002513791
2,0,142,1789633741885481984,3812358002524828
2,0,143,1789633741885493248,3812358002535828
2,0,144,1789633741885504512,3812358002546861
2,0,145,1789633741885515776,3812358002557886
2,0,146,1789633741885526016,3812358002568871
2,0,147,1789633741885537280,3812358002579833
2,0,148,1789633741885548544,3812358002590801
2,0,149,1789633741885559808,3812358002601715
2,0,150,1789633741885570048,3812358002612668
2,0,151,1789633741885581312,3812358002623726
2,0,152,1789633741885592576,3812358002634648
2,0,153,1789633741885602816,3812358002645581
2,0,154,1789633741885614080,3812358002656663
2,0,155,1789633741885625344,3812358002667566
2,0,156,1789633741885636608,3812358002678477
2,0,157,1789633741885646848,3812358002689424
2,0,158,1789633741885658112,3812358002700313
2,0,159,1789633741885669376,3812358002711278
2,0,160,1789633741885679616,3812358002722188
2,0,161,1789633741885690880,3812358002733131
2,0,162,1789633741885702144,3812358002744067
2,0,163,1789633741885712384,3812358002754977
2,0,164,1789633741885723648,3812358002765923
2,0,165,1789633741885734912,3812358002776875
2,0,166,1789633741885745152,3812358002787748
2,0,167,1789633741885756416,3812358002798726
2,0,168,1789633741885767680,3812358002809673
2,0,169,1789633741885777920,3812358002820582
2,0,170,1789633741885789184,3812358002831491
2,0,171,1789633741885800448,3812358002842441
2,0,172,1789633741885810688,3812358002853353
2,0,173,1789633741885821952,3812358002864281
2,0,174,1789633741885833216,3812358002875197
2,0,175,1789633741885843456,3812358002886139
2,0,176,1789633741885854720,3812358002897075
2,0,177,1789633741885865984,3812358002907988
2,0,178,1789633741885876224,3812358002918931
2,0,179,1789633741885887488,3812358002930038
2,0,180,1789633741885898752,3812358002941055
2,0,181,1789633741885910016,3812358002951858
2,0,182,1789633741885920256,3812358002962935
2,0,183,1789633741885931520,3812358002973884
2,0,184,1789633741885942784,3812358002984827
2,0,185,1789633741885953024,3812358002995753
2,0,186,1789633741885964288,3812358003006672
2,0,187,1789633741885975552,3812358003017593
2,0,188,1789633741885985792,3812358003028517
2,0,189,1789633741885997056,3812358003039404
2,0,190,1789633741886008320,3812358003050308
2,0,191,1789633741886018560,3812358003061238
2,0,192,1789633741886029824,3812358003072179
2,0,193,1789633741886041088,3812358003083153
2,0,194,1789633741886051328,3812358003094081
2,0,195,1789633741886062592,3812358003105001
2,0,196,1789633741886073856,3812358003115938
2,0,197,1789633741886084096,3812358003126853
2,0,198,1789633741886095360,3812358003137826
2,0,199,1789633741886106624,3812358003148753
2,0,200,1789633741886116864,3812358003159655
2,0,201,1789633741886128128,3812358003170608
2,0,202,1789633741886139392,3812358003181488
2,0,203,1789633741886149632,3812358003192457
2,0,204,1789633741886160896,3812358003203365
2,0,205,1789633741886172160,3812358003214353
2,0,206,1789633741886183424,3812358003225288
2,0,207,1789633741886193664,3812358003236288
2,0,208,1789633741886204928,3812358003247248
2,0,209,1789633741886216192,3812358003258168
2,0,210,1789633741886226432,3812358003269215
2,0,211,1789633741886237696,3812358003280168
2,0,212,1789633741886248960,3812358003291104
2,0,213,1789633741886259200,3812358003302041
2,0,214,1789633741886270464,3812358003312973
2,0,215,1789633741886281728,3812358003323860
2,0,216,1789633741886291968,3812358003334778
2,0,217,1789633741886303232,3812358003345697
2,0,218,1789633741886314496,3812358003356586
2,0,219,1789633741886324736,3812358003367544
2,0,220,1789633741886336000,3812358003378486
2,0,221,1789633741886347264,3812358003389464
2,0,222,1789633741886358528,3812358003400358
2,0,223,1789633741886368768,3812358003411319
2,0,224,1789633741886380032,3812358003422228
2,0,225,1789633741886391296,3812358003433321
2,0,226,1789633741886401536,3812358003444244
2,0,227,1789633741886412800,3812358003455144
2,0,228,1789633741886424064,3812358003466078
2,0,229,1789633741886434304,3812358003477026
2,0,230,1789633741886445568,3812358003487933
2,0,231,1789633741886456832,3812358003498844
2,0,232,1789633741886467072,3812358003509748
2,0,233,1789633741886478336,3812358003520633
2,0,234,1789633741886489600,3812358003531624
2,0,235,1789633741886499840,3812358003542628
2,0,236,1789633741886511104,3812358003553664
2,0,237,1789633741886522368,3812358003564751
2,0,238,1789633741886533632,3812358003575791
2,0,239,1789633741886544896,3812358003586838
2,0,240,1789633741886555136,3812358003597846
2,0,241,1789633741886566400,3812358003608947
2,0,242,1789633741886577664,3812358003619993
2,0,243,1789633741886588928,3812358003631058
2,0,244,1789633741886599168,3812358003642057
2,0,245,1789633741886610432,3812358003653008
2,0,246,1789633741886621696,3812358003663973
2,0,247,1789633741886632960,3812358003674991
2,0,248,1789633741886643200,3812358003685971
2,0,249,1789633741886654464,3812358003696868
2,0,250,1789633741886665728,3812358003707819
2,0,251,1789633741886675968,3812358003718708
2,0,252,1789633741886687232,3812358003729613
2,0,253,1789633741886698496,3812358003740558
2,0,254,1789633741886708736,3812358003751498
2,0,255,1789633741886720000,3812358003762446
2,0,256,1789633741886731264,3812358003773375
2,0,257,1789633741886741504,3812358003784481
2,0,258,1789633741886752768,3812358003795388
2,0,259,1789633741886764032,3812358003806324
2,0,260,1789633741886775296,3812358003817237
2,0,261,1789633741886785536,3812358003828198
2,0,262,1789633741886796800,3812358003839098
2,0,263,1789633741886808064,3812358003850004
2,0,264,1789633741886818304,3812358003860924
2,0,265,1789633741886829568,3812358003871844
2,0,266,1789633741886840832,3812358003882793
2,0,267,1789633741886851072,3812358003893728
2,0,268,1789633741886862336,3812358003904646
2,0,269,1789633741886873600,3812358003915575
2,0,270,1789633741886883840,3812358003926678
2,0,271,1789633741886895104,3812358003937634
2,0,272,1789633741886906368,3812358003948558
2,0,273,1789633741886917632,3812358003959471
2,0,274,1789633741886927872,3812358003970428
2,0,275,1789633741886939136,3812358003981537
2,0,276,1789633741886950400,3812358003992497
2,0,277,1789633741886960640,3812358004003415
2,0,278,1789633741886971904,3812358004014446
2,0,279,1789633741886983168,3812358004025364
2,0,280,1789633741886994432,3812358004036271
2,0,281,1789633741887004672,3812358004047184
2,0,282,1789633741887015936,3812358004058111
2,0,283,1789633741887026176,3812358004069063
2,0,284,1789633741887037440,3812358004079953
2,0,285,1789633741887048704,3812358004090921
2,0,286,1789633741887059968,3812358004101841
2,0,287,1789633741887070208,3812358004112771
2,0,288,1789633741887081472,3812358004123688
2,0,289,1789633741887092736,3812358004134654
2,0,290,1789633741887102976,3812358004145553
2,0,291,1789633741887114240,3812358004156506
2,0,292,1789633741887125504,3812358004167464
2,0,293,1789633741887135744,3812358004178353
2,0,294,1789633741887147008,3812358004189268
2,0,295,1789633741887158272,3812358004200171
2,0,296,1789633741887168512,3812358004211068
2,0,297,1789633741887179776,3812358004222033
2,0,298,1789633741887191040,3812358004232975
2,0,299,1789633741887201280,3812358004243934
2,0,300,1789633741887212544,3812358004254886
2,0,301,1789633741887223808,3812358004265781
2,0,302,1789633741887234048,3812358004276745
2,0,303,1789633741887245312,3812358004287791
2,0,304,1789633741887256576,3812358004298741
2,0,305,1789633741887266816,3812358004309625
2,0,306,1789633741887278080,3812358004320721
2,0,307,1789633741887289344,3812358004331624
2,0,308,1789633741887300608,3812358004342526
2,0,309,1789633741887310848,3812358004353464
2,0,310,1789633741887322112,3812358004364379
2,0,311,1789633741887333376,3812358004375338
2,0,312,1789633741887343616,3812358004386246
2,0,313,1789633741887354880,3812358004397186
2,0,314,1789633741887366144,3812358004408124
2,0,315,1789633741887376384,3812358004419037
2,0,316,1789633741887387648,3812358004429968
2,0,317,1789633741887398912,3812358004440913
2,0,318,1789633741887409152,3812358004451848
2,0,319,1789633741887420416,3812358004462784
2,0,320,1789633741887431680,3812358004473726
2,0,321,1789633741887441920,3812358004484633
2,0,322,1789633741887453184,3812358004495544
2,0,323,1789633741887464448,3812358004506479
2,0,324,1789633741887474688,3812358004517368
2,0,325,1789633741887485952,3812358004528315
2,0,326,1789633741887497216,3812358004539253
2,0,327,1789633741887507456,3812358004550204
2,0,328,1789633741887518720,3812358004561144
2,0,329,1789633741887529984,3812358004572055
2,0,330,1789633741887540224,3812358004583023
2,0,331,1789633741887551488,3812358004594065
2,0,332,1789633741887562752,3812358004605038
2,0,333,1789633741887574016,3812358004615979
2,0,334,1789633741887584256,3812358004627008
2,0,335,1789633741887595520,3812358004637941
2,0,336,1789633741887606784,3812358004648871
2,0,337,1789633741887617024,3812358004659746
2,0,338,1789633741887628288,3812358004670719
2,0,339,1789633741887639552,3812358004681628
2,0,340,1789633741887649792,3812358004692566
2,0,341,1789633741887661056,3812358004703495
2,0,342,1789633741887672320,3812358004714446
2,0,343,1789633741887682560,3812358004725361
2,0,344,1789633741887693824,3812358004736263
2,0,345,1789633741887705088,3812358004747213
2,0,346,1789633741887715328,3812358004758131
2,0,347,1789633741887726592,3812358004769098
2,0,348,1789633741887737856,3812358004780004
2,0,349,1789633741887748096,3812358004790921
2,0,350,1789633741887759360,3812358004801874
2,0,351,1789633741887770624,3812358004812791
2,0,352,1789633741887780864,3812358004823705
2,0,353,1789633741887792128,3812358004834648
2,0,354,1789633741887803392,3812358004845726
2,0,355,1789633741887814656,3812358004856646
2,0,356,1789633741887824896,3812358004867566
2,0,357,1789633741887836160,3812358004878674
2,0,358,1789633741887847424,3812358004889654
2,0,359,1789633741887858688,3812358004900572
2,0,360,1789633741887868928,3812358004911488
2,0,361,1789633741887880192,3812358004922458
2,0,362,1789633741887891456,3812358004933514
2,0,363,1789633741887901696,3812358004944448
2,0,364,1789633741887912960,3812358004955339
2,0,365,1789633741887924224,3812358004966457
2,0,366,1789633741887935488,3812358004977404
2,0,367,1789633741887945728,3812358004988308
2,0,368,1789633741887956992,3812358004999198
2,0,369,1789633741887968256,3812358005010126
2,0,370,1789633741887978496,3812358005021066
2,0,371,1789633741887989760,3812358005032003
2,0,372,1789633741888001024,3812358005042915
2,0,373,1789633741888011264,3812358005053828
2,0,374,1789633741888022528,3812358005064766
2,0,375,1789633741888033792,3812358005075721
2,0,376,1789633741888044032,3812358005086664
2,0,377,1789633741888055296,3812358005097568
2,0,378,1789633741888066560,3812358005108455
2,0,379,1789633741888076800,3812358005119373
2,0,380,1789633741888088064,3812358005130306
2,0,381,1789633741888099328,3812358005141228
2,0,382,1789633741888109568,3812358005152128
2,0,383,1789633741888120832,3812358005163071
2,0,384,1789633741888132096,3812358005173985
2,0,385,1789633741888142336,3812358005184935
2,0,386,1789633741888153600,3812358005195868
2,0,387,1789633741888164864,3812358005206804
2,0,388,1789633741888175104,3812358005217704
2,0,389,1789633741888186368,3812358005228651
2,0,390,1789633741888197632,3812358005239568
2,0,391,1789633741888207872,3812358005250528
2,0,392,1789633741888219136,3812358005261441
2,0,393,1789633741888230400,3812358005272466
2,0,394,1789633741888240640,3812358005283424
2,0,395,1789633741888251904,3812358005294418
2,0,396,1789633741888263168,3812358005305315
2,0,397,1789633741888273408,3812358005316206
2,0,398,1789633741888284672,3812358005327175
2,0,399,1789633741888295936,3812358005338108
2,0,400,1789633741888306176,3812358005349041
2,0,401,1789633741888317440,3812358005359986
2,0,402,1789633741888328704,3812358005370959
2,0,403,1789633741888339968,3812358005381981
2,0,404,1789633741888350208,3812358005392908
2,0,405,1789633741888361472,3812358005403833
2,0,406,1789633741888372736,3812358005414727
2,0,407,1789633741888382976,3812358005425686
2,0,408,1789633741888394240,3812358005436601
2,0,409,1789633741888405504,3812358005447528
2,0,410,1789633741888415744,3812358005458423
2,0,411,1789633741888427008,3812358005469338
2,0,412,1789633741888438272,3812358005480261
2,0,413,1789633741888448512,3812358005491226
2,0,414,1789633741888459776,3812358005502138
2,0,415,1789633741888471040,3812358005513048
2,0,416,1789633741888481280,3812358005523961
2,0,417,1789633741888492544,3812358005534893
2,0,418,1789633741888503808,3812358005545835
2,0,419,1789633741888514048,3812358005556761
2,0,420,1789633741888525312,3812358005567646
2,0,421,1789633741888536576,3812358005578591
2,0,422,1789633741888546816,3812358005589492
2,0,423,1789633741888558080,3812358005600758
2,0,424,1789633741888569344,3812358005611403
2,0,425,1789633741888579584,3812358005622298
2,0,426,1789633741888590848,3812358005633233
2,0,427,1789633741888602112,3812358005644153
2,0,428,1789633741888612352,3812358005655126
2,0,429,1789633741888623616,3812358005666091
2,0,430,1789633741888634880,3812358005677021
2,0,431,1789633741888645120,3812358005687992
2,0,432,1789633741888656384,3812358005698945
2,0,433,1789633741888667648,3812358005709944
2,0,434,1789633741888678912,3812358005720877
2,0,435,1789633741888689152,3812358005731813
2,0,436,1789633741888700416,3812358005742881
2,0,437,1789633741888711680,3812358005753839
2,0,438,1789633741888721920,3812358005764799
2,0,439,1789633741888733184,3812358005775659
2,0,440,1789633741888744448,3812358005786591
2,0,441,1789633741888754688,3812358005797508
2,0,442,1789633741888765952,3812358005808523
2,0,443,1789633741888777216,3812358005819521
2,0,444,1789633741888788480,3812358005830688
2,0,445,1789633741888799744,3812358005841745
2,0,446,1789633741888809984,3812358005852775
2,0,447,1789633741888821248,3812358005863821
2,0,448,1789633741888832512,3812358005874838
2,0,449,1789633741888843776,3812358005885924
2,0,450,1789633741888854016,3812358005896988
2,0,451,1789633741888865280,3812358005908079
2,0,452,1789633741888876544,3812358005919253
2,0,453,1789633741888887808,3812358005930263
2,0,454,1789633741888899072,3812358005941247
2,0,455,1789633741888909312,3812358005952311
2,0,456,1789633741888920576,3812358005963324
2,0,457,1789633741888931840,3812358005974313
2,0,458,1789633741888943104,3812358005985361
2,0,459,1789633741888954368,3812358006666344
2,0,460,1789633741889635328,3812358006677647
2,0,461,1789633741889646592,3812358006688721
2,0,462,1789633741889656832,3812358006699748
2,0,463,1789633741889668096,3812358006710784
2,0,464,1789633741889679360,3812358006721766
2,0,465,1789633741889690624,3812358006732686
2,0,466,1789633741889700864,3812358006743653
2,0,467,1789633741889712128,3812358006754646
2,0,468,1789633741889723392,3812358006765558
2,0,469,1789633741889733632,3812358006776504
2,0,470,1789633741889744896,3812358006787393
2,0,471,1789633741889756160,3812358006798515
2,0,472,1789633741889767424,3812358006809441
2,0,473,1789633741889777664,3812358006820348
2,0,474,1789633741889788928,3812358006831464
2,0,475,1789633741889800192,3812358006842455
2,0,476,1789633741889811456,3812358006853380
2,0,477,1789633741889821696,3812358006864266
2,0,478,1789633741889832960,3812358006875173
2,0,479,1789633741889843200,3812358006886064
2,0,480,1789633741889854464,3812358006897013
2,0,481,1789633741889865728,3812358006907955
2,0,482,1789633741889876992,3812358006918906
2,0,483,1789633741889887232,3812358006929830
2,0,484,1789633741889898496,3812358006940933
2,0,485,1789633741889909760,3812358006951864
2,0,486,1789633741889920000,3812358006962790
2,0,487,1789633741889931264,3812358006973853
2,0,488,1789633741889942528,3812358006984778
2,0,489,1789633741889952768,3812358006995646
2,0,490,1789633741889964032,3812358007006604
2,0,491,1789633741889975296,3812358007017495
2,0,492,1789633741889985536,3812358007028478
2,0,493,1789633741889996800,3812358007039437
2,0,494,1789633741890008064,3812358007050328
2,0,495,1789633741890019328,3812358007061246
2,0,496,1789633741890029568,3812358007072200
2,0,497,1789633741890040832,3812358007083115
2,0,498,1789633741890052096,3812358007094046
2,0,499,1789633741890062336,3812358007104965
2,0,500,1789633741890073600,3812358007115878
2,0,501,1789633741890084864,3812358007126826
2,0,502,1789633741890095104,3812358007137754
2,0,503,1789633741890106368,3812358007148728
2,0,504,1789633741890117632,3812358007159615
2,0,505,1789633741890127872,3812358007170543
2,0,506,1789633741890139136,3812358007181459
2,0,507,1789633741890150400,3812358007192450
2,0,508,1789633741890160640,3812358007203383
2,0,509,1789633741890171904,3812358007214338
2,0,510,1789633741890183168,3812358007225284
2,0,511,1789633741890193408,3812358007236218
2,0,512,1789633741890204672,3812358007247218
2,0,513,1789633741890215936,3812358007258184
2,0,514,1789633741890227200,3812358007269114
2,0,515,1789633741890237440,3812358007280141
2,0,516,1789633741890248704,3812358007291070
2,0,517,1789633741890259968,3812358007301984
2,0,518,1789633741890270208,3812358007312913
2,0,519,1789633741890281472,3812358007323838
2,0,520,1789633741890292736,3812358007334758
2,0,521,1789633741890302976,3812358007345655
2,0,522,1789633741890314240,3812358007356579
2,0,523,1789633741890325504,3812358007367513
2,0,524,1789633741890335744,3812358007378424
2,0,525,1789633741890347008,3812358007389377
2,0,526,1789633741890358272,3812358007400324
2,0,527,1789633741890368512,3812358007411228
2,0,528,1789633741890379776,3812358007422133
2,0,529,1789633741890391040,3812358007433088
2,0,530,1789633741890401280,3812358007443995
2,0,531,1789633741890412544,3812358007454958
2,0,532,1789633741890423808,3812358007465828
2,0,533,1789633741890434048,3812358007476746
2,0,534,1789633741890445312,3812358007487665
2,0,535,1789633741890456576,3812358007498626
2,0,536,1789633741890466816,3812358007509548
2,0,537,1789633741890478080,3812358007520470
2,0,538,1789633741890489344,3812358007531390
2,0,539,1789633741890499584,3812358007542314
2,0,540,1789633741890510848,3812358007553233
2,0,541,1789633741890522112,3812358007564184
2,0,542,1789633741890532352,3812358007575097
2,0,543,1789633741890543616,3812358007586080
2,0,544,1789633741890554880,3812358007597044
2,0,545,1789633741890565120,3812358007608130
2,0,546,1789633741890576384,3812358007619046
2,0,547,1789633741890587648,3812358007630015
2,0,548,1789633741890598912,3812358007641050
2,0,549,1789633741890609152,3812358007651933
2,0,550,1789633741890620416,3812358007662833
2,0,551,1789633741890631680,3812358007673737
2,0,552,1789633741890641920,3812358007684661
2,0,553,1789633741890653184,3812358007695655
2,0,554,1789633741890664448,3812358007706568
2,0,555,1789633741890674688,3812358007717497
2,0,556,1789633741890685952,3812358007728415
2,0,557,1789633741890697216,3812358007739339
2,0,558,1789633741890707456,3812358007750288
2,0,559,1789633741890718720,3812358007761258
2,0,560,1789633741890729984,3812358007772173
2,0,561,1789633741890740224,3812358007783123
2,0,562,1789633741890751488,3812358007794053
2,0,563,1789633741890762752,3812358007805139
2,0,564,1789633741890774016,3812358007816048
2,0,565,1789633741890784256,3812358007826970
2,0,566,1789633741890795520,3812358007837894
2,0,567,1789633741890806784,3812358007848860
2,0,568,1789633741890817024,3812358007859773
2,0,569,1789633741890828288,3812358007870686
2,0,570,1789633741890839552,3812358007881613
2,0,571,1789633741890849792,3812358007892715
2,0,572,1789633741890861056,3812358007903658
2,0,573,1789633741890872320,3812358007914628
2,0,574,1789633741890883584,3812358007925550
2,0,575,1789633741890893824,3812358007936464
2,0,576,1789633741890905088,3812358007947550
2,0,577,1789633741890916352,3812358007958457
2,0,578,1789633741890926592,3812358007969363
2,0,579,1789633741890937856,3812358007980299
2,0,580,1789633741890949120,3812358007991219
2,0,581,1789633741890959360,3812358008002175
2,0,582,1789633741890970624,3812358008013095
2,0,583,1789633741890981888,3812358008024023
2,0,584,1789633741890992128,3812358008035126
2,0,585,1789633741891003392,3812358008046099
2,0,586,1789633741891014656,3812358008057021
2,0,587,1789633741891025920,3812358008067955
2,0,588,1789633741891036160,3812358008078875
2,0,589,1789633741891047424,3812358008089958
2,0,590,1789633741891058688,3812358008100855
2,0,591,1789633741891068928,3812358008111817
2,0,592,1789633741891080192,3812358008122708
2,0,593,1789633741891091456,3812358008133641
2,0,594,1789633741891101696,3812358008144623
2,0,595,1789633741891112960,3812358008155541
2,0,596,1789633741891124224,3812358008166433
2,0,597,1789633741891134464,3812358008177526
2,0,598,1789633741891145728,3812358008188446
2,0,599,1789633741891156992,3812358008199366
2,0,600,1789633741891168256,3812358008210337
2,0,601,1789633741891178496,3812358008221286
2,0,602,1789633741891189760,3812358008232438
2,0,603,1789633741891201024,3812358008243424
2,0,604,1789633741891212288,3812358008254381
2,0,605,1789633741891222528,3812358008265308
2,0,606,1789633741891233792,3812358008276257
2,0,607,1789633741891245056,3812358008287195
2,0,608,1789633741891255296,3812358008298118
2,0,609,1789633741891266560,3812358008309023
2,0,610,1789633741891277824,3812358008319941
2,0,611,1789633741891288064,3812358008330863
2,0,612,1789633741891299328,3812358008341760
2,0,613,1789633741891310592,3812358008352678
2,0,614,1789633741891320832,3812358008363621
2,0,615,1789633741891332096,3812358008374788
2,0,616,1789633741891343360,3812358008385726
2,0,617,1789633741891354624,3812358008396646
2,0,618,1789633741891364864,3812358008407710
2,0,619,1789633741891376128,3812358008418673
2,0,620,1789633741891387392,3812358008429623
2,0,621,1789633741891397632,3812358008440555
2,0,622,1789633741891408896,3812358008451474
2,0,623,1789633741891420160,3812358008462578
2,0,624,1789633741891431424,3812358008473468
2,0,625,1789633741891441664,3812358008484373
2,0,626,1789633741891452928,3812358008495250
2,0,627,1789633741891464192,3812358008506203
2,0,628,1789633741891474432,3812358008517201
2,0,629,1789633741891485696,3812358008528126
2,0,630,1789633741891496960,3812358008539041
2,0,631,1789633741891507200,3812358008550140
2,0,632,1789633741891518464,3812358008561126
2,0,633,1789633741891529728,3812358008572063
2,0,634,1789633741891540992,3812358008582983
2,0,635,1789633741891551232,3812358008593913
2,0,636,1789633741891562496,3812358008604974
2,0,637,1789633741891573760,3812358008615895
2,0,638,1789633741891584000,3812358008626810
2,0,639,1789633741891595264,3812358008637941
2,0,640,1789633741891606528,3812358008648869
2,0,641,1789633741891617792,3812358008659788
2,0,642,1789633741891628032,3812358008670720
2,0,643,1789633741891639296,3812358008681608
2,0,644,1789633741891650560,3812358008692538
2,0,645,1789633741891660800,3812358008703488
2,0,646,1789633741891672064,3812358008714383
2,0,647,1789633741891683328,3812358008725303
2,0,648,1789633741891693568,3812358008736223
2,0,649,1789633741891704832,3812358008747158
2,0,650,1789633741891716096,3812358008758103
2,0,651,1789633741891726336,3812358008769026
2,0,652,1789633741891737600,3812358008779930
2,0,653,1789633741891748864,3812358008790853
2,0,654,1789633741891759104,3812358008801790
2,0,655,1789633741891770368,3812358008812706
2,0,656,1789633741891781632,3812358008823595
2,0,657,1789633741891791872,3812358008834523
2,0,658,1789633741891803136,3812358008845423
2,0,659,1789633741891814400,3812358008856403
2,0,660,1789633741891824640,3812358008867335
2,0,661,1789633741891835904,3812358008878290
2,0,662,1789633741891847168,3812358008889239
2,0,663,1789633741891857408,3812358008900154
2,0,664,1789633741891868672,3812358008911269
2,0,665,1789633741891879936,3812358008922208
2,0,666,1789633741891891200,3812358008933174
2,0,667,1789633741891901440,3812358008944179
2,0,668,1789633741891912704,3812358008955174
2,0,669,1789633741891923968,3812358008966103
2,0,670,1789633741891934208,3812358008977033
2,0,671,1789633741891945472,3812358008987953
2,0,672,1789633741891956736,3812358008998836
2,0,673,1789633741891966976,3812358009009793
2,0,674,1789633741891978240,3812358009020706
2,0,675,1789633741891989504,3812358009031632
2,0,676,1789633741891999744,3812358009042583
2,0,677,1789633741892011008,3812358009053676
2,0,678,1789633741892022272,3812358009064646
2,0,679,1789633741892033536,3812358009075590
2,0,680,1789633741892043776,3812358009086607
2,0,681,1789633741892055040,3812358009097543
2,0,682,1789633741892066304,3812358009108481
2,0,683,1789633741892076544,3812358009119441
2,0,684,1789633741892087808,3812358009130316
2,0,685,1789633741892099072,3812358009141241
2,0,686,1789633741892109312,3812358009152168
2,0,687,1789633741892120576,3812358009163058
2,0,688,1789633741892131840,3812358009173975
2,0,689,1789633741892142080,3812358009184893
2,0,690,1789633741892153344,3812358009195853
2,0,691,1789633741892164608,3812358009206758
2,0,692,1789633741892174848,3812358009217686
2,0,693,1789633741892186112,3812358009228596
2,0,694,1789633741892197376,3812358009239546
2,0,695,1789633741892207616,3812358009250468
2,0,696,1789633741892218880,3812358009261401
2,0,697,1789633741892230144,3812358009272293
2,0,698,1789633741892240384,3812358009283226
2,0,699,1789633741892251648,3812358009294163
2,0,700,1789633741892262912,3812358009305093
2,0,701,1789633741892273152,3812358009315988
2,0,702,1789633741892284416,3812358009326893
2,0,703,1789633741892295680,3812358009337843
2,0,704,1789633741892305920,3812358009348748
2,0,705,1789633741892317184,3812358009359721
2,0,706,1789633741892328448,3812358009370695
2,0,707,1789633741892338688,3812358009381606
2,0,708,1789633741892349952,3812358009392526
2,0,709,1789633741892361216,3812358009403463
2,0,710,1789633741892371456,3812358009414348
2,0,711,1789633741892382720,3812358009425321
2,0,712,1789633741892393984,3812358009436238
2,0,713,1789633741892405248,3812358009447180
2,0,714,1789633741892415488,3812358009458046
2,0,715,1789633741892426752,3812358009468970
2,0,716,1789633741892436992,3812358009479878
2,0,717,1789633741892448256,3812358009490800
2,0,718,1789633741892459520,3812358009501726
2,0,719,1789633741892469760,3812358009512683
2,0,720,1789633741892481024,3812358009523633
2,0,721,1789633741892492288,3812358009534650
2,0,722,1789633741892503552,3812358009545563
2,0,723,1789633741892513792,3812358009556501
2,0,724,1789633741892525056,3812358009567452
2,0,725,1789633741892536320,3812358009578443
2,0,726,1789633741892546560,3812358009589363
2,0,727,1789633741892557824,3812358009600227
2,0,728,1789633741892569088,3812358009611135
2,0,729,1789633741892579328,3812358009621996
2,0,730,1789633741892590592,3812358009633073
2,0,731,1789633741892601856,3812358009643947
2,0,732,1789633741892612096,3812358009654868
2,0,733,1789633741892623360,3812358009665815
2,0,734,1789633741892634624,3812358009676780
2,0,735,1789633741892644864,3812358009687703
2,0,736,1789633741892656128,3812358009698646
2,0,737,1789633741892667392,3812358009709615
2,0,738,1789633741892677632,3812358009720623
2,0,739,1789633741892688896,3812358009731593
2,0,740,1789633741892700160,3812358009742463
2,0,741,1789633741892711424,3812358009753392
2,0,742,1789633741892721664,3812358009764323
2,0,743,1789633741892732928,3812358009775253
2,0,744,1789633741892744192,3812358009786168
2,0,745,1789633741892754432,3812358009797083
2,0,746,1789633741892765696,3812358009808013
2,0,747,1789633741892776960,3812358009818933
2,0,748,1789633741892787200,3812358009829860
2,0,749,1789633741892798464,3812358009840823
2,0,750,1789633741892809728,3812358009851743
2,0,751,1789633741892819968,3812358009862687
2,0,752,1789633741892831232,3812358009873615
2,0,753,1789633741892842496,3812358009884515
2,0,754,1789633741892852736,3812358009895467
2,0,755,1789633741892864000,3812358009906354
2,0,756,1789633741892875264,3812358009917246
2,0,757,1789633741892885504,3812358009928135
2,0,758,1789633741892896768,3812358009939115
2,0,759,1789633741892908032,3812358009950054
2,0,760,1789633741892918272,3812358009960943
2,0,761,1789633741892929536,3812358009971887
2,0,762,1789633741892940800,3812358009982813
2,0,763,1789633741892951040,3812358009993746
2,0,764,1789633741892962304,3812358010004695
2,0,765,1789633741892973568,3812358010015654
2,0,766,1789633741892983808,3812358010026567
2,0,767,1789633741892995072,3812358010037488
2,0,768,1789633741893006336,3812358010048406
2,0,769,1789633741893016576,3812358010059323
2,0,770,1789633741893027840,3812358010070246
2,0,771,1789633741893039104,3812358010081150
2,0,772,1789633741893049344,3812358010092083
2,0,773,1789633741893060608,3812358010102990
2,0,774,1789633741893071872,3812358010113973
2,0,775,1789633741893082112,3812358010124863
2,0,776,1789633741893093376,3812358010135823
2,0,777,1789633741893104640,3812358010146745
2,0,778,1789633741893114880,3812358010157870
2,0,779,1789633741893126144,3812358010168806
2,0,780,1789633741893137408,3812358010179766
2,0,781,1789633741893148672,3812358010190775
2,0,782,1789633741893158912,3812358010201706
2,0,783,1789633741893170176,3812358010212643
2,0,784,1789633741893181440,3812358010223545
2,0,785,1789633741893191680,3812358010234498
2,0,786,1789633741893202944,3812358010245403
2,0,787,1789633741893214208,3812358010256323
2,0,788,1789633741893224448,3812358010267258
2,0,789,1789633741893235712,3812358010278175
2,0,790,1789633741893246976,3812358010289087
2,0,791,1789633741893257216,3812358010300015
2,0,792,1789633741893268480,3812358010310923
2,0,793,1789633741893279744,3812358010321840
2,0,794,1789633741893289984,3812358010332767
2,0,795,1789633741893301248,3812358010343694
2,0,796,1789633741893312512,3812358010354648
2,0,797,1789633741893322752,3812358010365568
2,0,798,1789633741893334016,3812358010376472
2,0,799,1789633741893345280,3812358010387389
2,0,800,1789633741893355520,3812358010398283
2,0,801,1789633741893366784,3812358010409275
2,0,802,1789633741893378048,3812358010420214
2,0,803,1789633741893388288,3812358010431118
2,0,804,1789633741893399552,3812358010442043
2,0,805,1789633741893410816,3812358010452976
2,0,806,1789633741893421056,3812358010463905
2,0,807,1789633741893432320,3812358010474848
2,0,808,1789633741893443584,3812358010485800
2,0,809,1789633741893453824,3812358010496713
2,0,810,1789633741893465088,3812358010507640
2,0,811,1789633741893476352,3812358010518553
2,0,812,1789633741893486592,3812358010529500
2,0,813,1789633741893497856,3812358010540425
2,0,814,1789633741893509120,3812358010551283
2,0,815,1789633741893519360,3812358010562203
2,0,816,1789633741893530624,3812358010573153
2,0,817,1789633741893541888,3812358010584115
2,0,818,1789633741893552128,3812358010595007
2,0,819,1789633741893563392,3812358010605938
2,0,820,1789633741893574656,3812358010616833
2,0,821,1789633741893584896,3812358010627775
2,0,822,1789633741893596160,3812358010638683
2,0,823,1789633741893607424,3812358010649607
2,0,824,1789633741893617664,3812358010660505
2,0,825,1789633741893628928,3812358010671403
2,0,826,1789633741893640192,3812358010682387
2,0,827,1789633741893650432,3812358010693300
2,0,828,1789633741893661696,3812358010704192
2,0,829,1789633741893672960,3812358010715135
2,0,830,1789633741893683200,3812358010726055
2,0,831,1789633741893694464,3812358010737012
2,0,832,1789633741893705728,3812358010747998
2,0,833,1789633741893715968,3812358010758923
2,0,834,1789633741893727232,3812358010769854
2,0,835,1789633741893738496,3812358010780766
2,0,836,1789633741893748736,3812358010791893
2,0,837,1789633741893760000,3812358010802800
2,0,838,1789633741893771264,3812358010813730
2,0,839,1789633741893782528,3812358010824823
2,0,840,1789633741893792768,3812358010835758
2,0,841,1789633741893804032,3812358010846655
2,0,842,1789633741893815296,3812358010857568
2,0,843,1789633741893825536,3812358010868500
2,0,844,1789633741893836800,3812358010879420
2,0,845,1789633741893848064,3812358010890387
2,0,846,1789633741893859328,3812358010901353
2,0,847,1789633741893869568,3812358010912254
2,0,848,1789633741893880832,3812358010923146
2,0,849,1789633741893892096,3812358010934100
2,0,850,1789633741893902336,3812358010945003
2,0,851,1789633741893913600,3812358010955907
2,0,852,1789633741893923840,3812358010966813
2,0,853,1789633741893935104,3812358010977718
2,0,854,1789633741893946368,3812358010988665
2,0,855,1789633741893956608,3812358010999555
2,0,856,1789633741893967872,3812358011010438
2,0,857,1789633741893979136,3812358011021410
2,0,858,1789633741893990400,3812358011032446
2,0,859,1789633741894000640,3812358011043520
2,0,860,1789633741894011904,3812358011054470
2,0,861,1789633741894023168,3812358011065438
2,0,862,1789633741894033408,3812358011076452
2,0,863,1789633741894044672,3812358011087383
2,0,864,1789633741894055936,3812358011098326
2,0,865,1789633741894067200,3812358011109240
2,0,866,1789633741894077440,3812358011120199
2,0,867,1789633741894088704,3812358011131107
2,0,868,1789633741894099968,3812358011142070
2,0,869,1789633741894110208,3812358011152955
2,0,870,1789633741894121472,3812358011163900
2,0,871,1789633741894132736,3812358011174825
2,0,872,1789633741894142976,3812358011185743
2,0,873,1789633741894154240,3812358011196727
2,0,874,1789633741894165504,3812358011207620
2,0,875,1789633741894175744,3812358011218547
2,0,876,1789633741894187008,3812358011229478
2,0,877,1789633741894198272,3812358011240375
2,0,878,1789633741894208512,3812358011251313
2,0,879,1789633741894219776,3812358011262252
2,0,880,1789633741894231040,3812358011273173
2,0,881,1789633741894241280,3812358011284105
2,0,882,1789633741894252544,3812358011295187
2,0,883,1789633741894263808,3812358011306113
2,0,884,1789633741894274048,3812358011316975
2,0,885,1789633741894285312,3812358011327879
2,0,886,1789633741894296576,3812358011338813
2,0,887,1789633741894306816,3812358011349792
2,0,888,1789633741894318080,3812358011360726
2,0,889,1789633741894329344,3812358011371654
2,0,890,1789633741894340608,3812358011382773
2,0,891,1789633741894350848,3812358011393683
2,0,892,1789633741894362112,3812358011404626
2,0,893,1789633741894373376,3812358011415558
2,0,894,1789633741894383616,3812358011426480
2,0,895,1789633741894394880,3812358011437375
2,0,896,1789633741894406144,3812358011448314
2,0,897,1789633741894416384,3812358011459203
2,0,898,1789633741894427648,3812358011470120
2,0,899,1789633741894438912,3812358011481047
2,0,900,1789633741894449152,3812358011491989
2,0,901,1789633741894460416,3812358011502909
2,0,902,1789633741894471680,3812358011513803
2,0,903,1789633741894481920,3812358011524745
2,0,904,1789633741894493184,3812358011535695
2,0,905,1789633741894504448,3812358011546613
2,0,906,1789633741894514688,3812358011557534
2,0,907,1789633741894525952,3812358011568460
2,0,908,1789633741894537216,3812358011579367
2,0,909,1789633741894547456,3812358011590256
2,0,910,1789633741894558720,3812358011601227
2,0,911,1789633741894569984,3812358011612178
2,0,912,1789633741894580224,3812358011623060
2,0,913,1789633741894591488,3812358011633992
2,0,914,1789633741894602752,3812358011644907
2,0,915,1789633741894612992,3812358011655852
2,0,916,1789633741894624256,3812358011666832
2,0,917,1789633741894635520,3812358011677746
2,0,918,1789633741894645760,3812358011688682
2,0,919,1789633741894657024,3812358011699575
2,0,920,1789633741894668288,3812358011710516
2,0,921,1789633741894678528,3812358011721438
2,0,922,1789633741894689792,3812358011732500
2,0,923,1789633741894701056,3812358011743654
2,0,924,1789633741894712320,3812358011754727
2,0,925,1789633741894723584,3812358011765722
2,0,926,1789633741894733824,3812358011776798
2,0,927,1789633741894745088,3812358011787806
2,0,928,1789633741894756352,3812358011798815
2,0,929,1789633741894767616,3812358011809812
2,0,930,1789633741894777856,3812358011820820
2,0,931,1789633741894789120,3812358011831820
2,0,932,1789633741894800384,3812358011842818
2,0,933,1789633741894811648,3812358011853838
2,0,934,1789633741894821888,3812358011864879
2,0,935,1789633741894833152,3812358011875912
2,0,936,1789633741894844416,3812358011886942
2,0,937,1789633741894855680,3812358011898012
2,0,938,1789633741894866944,3812358011909018
2,0,939,1789633741894877184,3812358011920058
2,0,940,1789633741894888448,3812358011931072
2,0,941,1789633741894899712,3812358011942126
2,0,942,1789633741894910976,3812358011953182
2,0,943,1789633741894921216,3812358011964222
2,0,944,1789633741894932480,3812358011975203
2,0,945,1789633741894943744,3812358011986229
2,0,946,1789633741894955008,3812358011997249
2,0,947,1789633741894965248,3812358012008292
2,0,948,1789633741894976512,3812358012019315
2,0,949,1789633741894987776,3812358012030402
2,0,950,1789633741894999040,3812358012041438
2,0,951,1789633741895010304,3812358012052495
2,0,952,1789633741895020544,3812358012063402
2,0,953,1789633741895031808,3812358012074352
2,0,954,1789633741895043072,3812358012085280
2,0,955,1789633741895053312,3812358012096155
2,0,956,1789633741895064576,3812358012107078
2,0,957,1789633741895075840,3812358012117972
2,0,958,1789633741895086080,3812358012128919
2,0,959,1789633741895097344,3812358012139895
2,0,960,1789633741895108608,3812358012150866
2,0,961,1789633741895118848,3812358012161790
2,0,962,1789633741895130112,3812358012172819
2,0,963,1789633741895141376,3812358012183732
2,0,964,1789633741895152640,3812358012194698
2,0,965,1789633741895162880,3812358012205595
2,0,966,1789633741895174144,3812358012216522
2,0,967,1789633741895185408,3812358012227455
2,0,968,1789633741895195648,3812358012238375
2,0,969,1789633741895206912,3812358012249275
2,0,970,1789633741895218176,3812358012260196
2,0,971,1789633741895228416,3812358012271110
2,0,972,1789633741895239680,3812358012282080
2,0,973,1789633741895250944,3812358012293018
2,0,974,1789633741895261184,3812358012303955
2,0,975,1789633741895272448,3812358012314892
2,0,976,1789633741895283712,3812358012325810
2,0,977,1789633741895293952,3812358012336738
2,0,978,1789633741895305216,3812358012347694
2,0,979,1789633741895316480,3812358012358600
2,0,980,1789633741895326720,3812358012369522
2,0,981,1789633741895337984,3812358012380412
2,0,982,1789633741895349248,3812358012391349
2,0,983,1789633741895359488,3812358012402275
2,0,984,1789633741895370752,3812358012413175
2,0,985,1789633741895382016,3812358012424212
2,0,986,1789633741895392256,3812358012435246
2,0,987,1789633741895403520,3812358012446275
2,0,988,1789633741895414784,3812358012457332
2,0,989,1789633741895426048,3812358012468390
2,0,990,1789633741895437312,3812358012479442
2,0,991,1789633741895447552,3812358012490495
2,0,992,1789633741895458816,3812358012501527
2,0,993,1789633741895470080,3812358012512558
2,0,994,1789633741895481344,3812358012523600
2,0,995,1789633741895491584,3812358012534612
2,0,996,1789633741895502848,3812358012545712
2,0,997,1789633741895514112,3812358012556692
2,0,998,1789633741895525376,3812358012567732
2,0,999,1789633741895536640,3812358012578900
2,0,1000,1789633741895546880,3812358012589907
2,0,1001,1789633741895558144,3812358012600940
2,0,1002,1789633741895569408,3812358012612055
2,0,1003,1789633741895580672,3812358012623095
2,0,1004,1789633741895591936,3812358012634095
2,0,1005,1789633741895602176,3812358012645220
2,0,1006,1789633741895613440,3812358012656202
2,0,1007,1789633741895624704,3812358012667228
2,0,1008,1789633741895635968,3812358012678218
2,0,1009,1789633741895646208,3812358012689169
2,0,1010,1789633741895657472,3812358012700075
2,0,1011,1789633741895668736,3812358012711052
2,0,1012,1789633741895678976,3812358012721968
2,0,1013,1789633741895690240,3812358012732942
2,0,1014,1789633741895701504,3812358012743880
2,0,1015,1789633741895712768,3812358012754812
2,0,1016,1789633741895723008,3812358012765882
2,0,1017,1789633741895734272,3812358012776828
2,0,1018,1789633741895745536,3812358012787762
2,0,1019,1789633741895755776,3812358012798718
2,0,1020,1789633741895767040,3812358012809625
2,0,1021,1789633741895778304,3812358012820555
2,0,1022,1789633741895788544,3812358012831506
2,0,1023,1789633741895799808,3812358012842436
2,0,1024,1789633741895811072,3812358012853358
2,0,1025,1789633741895821312,3812358012864258
2,0,1026,1789633741895832576,3812358012875172
2,0,1027,1789633741895843840,3812358012886108
2,0,1028,1789633741895854080,3812358012897045
2,0,1029,1789633741895865344,3812358012907962
2,0,1030,1789633741895876608,3812358012918898
2,0,1031,1789633741895886848,3812358012929802
2,0,1032,1789633741895898112,3812358012940755
2,0,1033,1789633741895909376,3812358012951638
2,0,1034,1789633741895919616,3812358012962567
2,0,1035,1789633741895930880,3812358012973505
2,0,1036,1789633741895942144,3812358012984422
2,0,1037,1789633741895952384,3812358012995292
2,0,1038,1789633741895963648,3812358013006205
2,0,1039,1789633741895974912,3812358013017145
2,0,1040,1789633741895985152,3812358013028082
2,0,1041,1789633741895996416,3812358013039022
2,0,1042,1789633741896007680,3812358013049950
2,0,1043,1789633741896017920,3812358013060890
2,0,1044,1789633741896029184,3812358013071820
2,0,1045,1789633741896040448,3812358013082750
2,0,1046,1789633741896050688,3812358013093645
2,0,1047,1789633741896061952,3812358013104650
2,0,1048,1789633741896073216,3812358013115547
2,0,1049,1789633741896083456,3812358013126420
2,0,1050,1789633741896094720,3812358013137327
2,0,1051,1789633741896105984,3812358013148247
2,0,1052,1789633741896116224,3812358013159152
2,0,1053,1789633741896127488,3812358013170070
2,0,1054,1789633741896138752,3812358013181052
2,0,1055,1789633741896148992,3812358013191925
2,0,1056,1789633741896160256,3812358013202887
2,0,1057,1789633741896171520,3812358013213800
2,0,1058,1789633741896181760,3812358013224694
2,0,1059,1789633741896193024,3812358013235605
2,0,1060,1789633741896204288,3812358013246518
2,0,1061,1789633741896214528,3812358013257492
2,0,1062,1789633741896225792,3812358013268405
2,0,1063,1789633741896237056,3812358013279295
2,0,1064,1789633741896247296,3812358013290232
2,0,1065,1789633741896258560,3812358013301138
2,0,1066,1789633741896269824,3812358013312105
2,0,1067,1789633741896280064,3812358013323042
2,0,1068,1789633741896291328,3812358013333972
2,0,1069,1789633741896302592,3812358013344934
2,0,1070,1789633741896313856,3812358013355858
2,0,1071,1789633741896324096,3812358013366775
2,0,1072,1789633741896335360,3812358013377720
2,0,1073,1789633741896346624,3812358013388638
2,0,1074,1789633741896356864,3812358013399572
2,0,1075,1789633741896368128,3812358013410492
2,0,1076,1789633741896379392,3812358013421382
2,0,1077,1789633741896389632,3812358013432250
2,0,1078,1789633741896400896,3812358013443183
2,0,1079,1789633741896411136,3812358013454182
2,0,1080,1789633741896422400,3812358013465105
2,0,1081,1789633741896433664,3812358013476220
2,0,1082,1789633741896444928,3812358013487154
2,0,1083,1789633741896455168,3812358013498125
2,0,1084,1789633741896466432,3812358013509127
2,0,1085,1789633741896477696,3812358013520082
2,0,1086,1789633741896488960,3812358013531056
2,0,1087,1789633741896499200,3812358013541985
2,0,1088,1789633741896510464,3812358013552915
2,0,1089,1789633741896521728,3812358013563823
2,0,1090,1789633741896531968,3812358013574765
2,0,1091,1789633741896543232,3812358013585685
2,0,1092,1789633741896554496,3812358013601231
2,0,1093,1789633741896564736,3812358013607540
2,0,1094,1789633741896576000,3812358013618645
2,0,1095,1789633741896587264,3812358013629552
2,0,1096,1789633741896597504,3812358013640449
2,0,1097,1789633741896608768,3812358013651570
2,0,1098,1789633741896620032,3812358013662487
2,0,1099,1789633741896631296,3812358013673424
2,0,1100,1789633741896641536,3812358013684374
2,0,1101,1789633741896652800,3812358013695307
2,0,1102,1789633741896664064,3812358013706172
2,0,1103,1789633741896674304,3812358013717165
2,0,1104,1789633741896685568,3812358013728055
2,0,1105,1789633741896696832,3812358013738948
2,0,1106,1789633741896707072,3812358013749865
2,0,1107,1789633741896718336,3812358013760788
2,0,1108,1789633741896729600,3812358013771730
2,0,1109,1789633741896739840,3812358013782595
2,0,1110,1789633741896751104,3812358013793545
2,0,1111,1789633741896762368,3812358013804465
2,0,1112,1789633741896772608,3812358013815425
2,0,1113,1789633741896783872,3812358013826335
2,0,1114,1789633741896795136,3812358013837285
2,0,1115,1789633741896805376,3812358013848242
2,0,1116,1789633741896816640,3812358013859202
2,0,1117,1789633741896827904,3812358013870270
2,0,1118,1789633741896839168,3812358013881217
2,0,1119,1789633741896849408,3812358013892110
2,0,1120,1789633741896860672,3812358013903027
2,0,1121,1789633741896870912,3812358013913916
2,0,1122,1789633741896882176,3812358013924896
2,0,1123,1789633741896893440,3812358013935815
2,0,1124,1789633741896904704,3812358013946736
2,0,1125,1789633741896914944,3812358013957832
2,0,1126,1789633741896926208,3812358013968756
2,0,1127,1789633741896937472,3812358013979689
2,0,1128,1789633741896947712,3812358013990588
2,0,1129,1789633741896958976,3812358014001514
2,0,1130,1789633741896970240,3812358014012454
2,0,1131,1789633741896980480,3812358014023419
2,0,1132,1789633741896991744,3812358014034334
2,0,1133,1789633741897003008,3812358014045271
2,0,1134,1789633741897013248,3812358014056189
2,0,1135,1789633741897024512,3812358014067081
2,0,1136,1789633741897035776,3812358014078034
2,0,1137,1789633741897046016,3812358014088964
2,0,1138,1789633741897057280,3812358014099901
2,0,1139,1789633741897068544,3812358014110829
2,0,1140,1789633741897078784,3812358014121936
2,0,1141,1789633741897090048,3812358014132856
2,0,1142,1789633741897101312,3812358014143837
2,0,1143,1789633741897112576,3812358014154859
2,0,1144,1789633741897122816,3812358014165822
2,0,1145,1789633741897134080,3812358014176744
2,0,1146,1789633741897145344,3812358014187684
2,0,1147,1789633741897155584,3812358014198579
2,0,1148,1789633741897166848,3812358014209484
2,0,1149,1789633741897178112,3812358014220392
2,0,1150,1789633741897188352,3812358014231285
2,0,1151,1789633741897199616,3812358014242192
2,0,1152,1789633741897210880,3812358014253089
2,0,1153,1789633741897221120,3812358014264099
2,0,1154,1789633741897232384,3812358014275057
2,0,1155,1789633741897243648,3812358014285999
2,0,1156,1789633741897253888,3812358014296925
2,0,1157,1789633741897265152,3812358014307876
2,0,1158,1789633741897276416,3812358014318964
2,0,1159,1789633741897287680,3812358014329882
2,0,1160,1789633741897297920,3812358014340801
2,0,1161,1789633741897309184,3812358014351891
2,0,1162,1789633741897320448,3812358014362889
2,0,1163,1789633741897331712,3812358014373789
2,0,1164,1789633741897341952,3812358014384716
2,0,1165,1789633741897353216,3812358014395642
2,0,1166,1789633741897364480,3812358014406581
2,0,1167,1789633741897374720,3812358014417496
2,0,1168,1789633741897385984,3812358014428405
2,0,1169,1789633741897397248,3812358014439349
2,0,1170,1789633741897407488,3812358014450289
2,0,1171,1789633741897418752,3812358014461417
2,0,1172,1789633741897430016,3812358014472426
2,0,1173,1789633741897441280,3812358014483349
2,0,1174,1789633741897451520,3812358014494309
2,0,1175,1789633741897462784,3812358014505242
2,0,1176,1789633741897474048,3812358014516199
2,0,1177,1789633741897484288,3812358014527122
2,0,1178,1789633741897495552,3812358014538052
2,0,1179,1789633741897506816,3812358014548964
2,0,1180,1789633741897517056,3812358014559906
2,0,1181,1789633741897528320,3812358014570805
2,0,1182,1789633741897539584,3812358014581759
2,0,1183,1789633741897549824,3812358014592667
2,0,1184,1789633741897561088,3812358014603619
2,0,1185,1789633741897572352,3812358014614632
2,0,1186,1789633741897582592,3812358014625568
2,0,1187,1789633741897593856,3812358014636489
2,0,1188,1789633741897605120,3812358014647404
2,0,1189,1789633741897615360,3812358014658414
2,0,1190,1789633741897626624,3812358014669324
2,0,1191,1789633741897637888,3812358014680319
2,0,1192,1789633741897649152,3812358014691332
2,0,1193,1789633741897659392,3812358014702256
2,0,1194,1789633741897670656,3812358014713156
2,0,1195,1789633741897681920,3812358014724036
2,0,1196,1789633741897692160,3812358014734949
2,0,1197,1789633741897703424,3812358014745965
2,0,1198,1789633741897714688,3812358014756916
2,0,1199,1789633741897724928,3812358014767805
2,0,1200,1789633741897736192,3812358014778739
2,0,1201,1789633741897747456,3812358014789639
2,0,1202,1789633741897757696,3812358014800591
2,0,1203,1789633741897768960,3812358014811539
2,0,1204,1789633741897780224,3812358014822479
2,0,1205,1789633741897790464,3812358014833432
2,0,1206,1789633741897801728,3812358014844365
2,0,1207,1789633741897812992,3812358014855249
2,0,1208,1789633741897823232,3812358014866159
2,0,1209,1789633741897834496,3812358014877065
2,0,1210,1789633741897845760,3812358014887969
2,0,1211,1789633741897856000,3812358014898906
2,0,1212,1789633741897867264,3812358014909824
2,0,1213,1789633741897878528,3812358014920796
2,0,1214,1789633741897888768,3812358014931689
2,0,1215,1789633741897900032,3812358014942659
2,0,1216,1789633741897911296,3812358014953589
2,0,1217,1789633741897921536,3812358014964501
2,0,1218,1789633741897932800,3812358014975419
2,0,1219,1789633741897944064,3812358014986368
2,0,1220,1789633741897954304,3812358014997271
2,0,1221,1789633741897965568,3812358015008224
2,0,1222,1789633741897976832,3812358015019325
2,0,1223,1789633741897988096,3812358015030232
2,0,1224,1789633741897998336,3812358015041165
2,0,1225,1789633741898009600,3812358015052264
2,0,1226,1789633741898020864,3812358015063200
2,0,1227,1789633741898031104,3812358015074106
2,0,1228,1789633741898042368,3812358015085056
2,0,1229,1789633741898053632,3812358015095976
2,0,1230,1789633741898063872,3812358015106914
2,0,1231,1789633741898075136,3812358015117818
2,0,1232,1789633741898086400,3812358015128749
2,0,1233,1789633741898096640,3812358015139714
2,0,1234,1789633741898107904,3812358015150649
2,0,1235,1789633741898119168,3812358015161538
2,0,1236,1789633741898129408,3812358015172448
2,0,1237,1789633741898140672,3812358015183389
2,0,1238,1789633741898151936,3812358015194314
2,0,1239,1789633741898162176,3812358015205216
2,0,1240,1789633741898173440,3812358015216151
2,0,1241,1789633741898184704,3812358015227119
2,0,1242,1789633741898195968,3812358015237996
2,0,1243,1789633741898206208,3812358015248949
2,0,1244,1789633741898217472,3812358015259852
2,0,1245,1789633741898228736,3812358015271051
2,0,1246,1789633741898238976,3812358015281901
2,0,1247,1789633741898250240,3812358015292809
2,0,1248,1789633741898261504,3812358015303716
2,0,1249,1789633741898271744,3812358015314639
2,0,1250,1789633741898283008,3812358015325596
2,0,1251,1789633741898294272,3812358015336514
2,0,1252,1789633741898304512,3812358015347429
2,0,1253,1789633741898315776,3812358015358334
2,0,1254,1789633741898327040,3812358015369276
2,0,1255,1789633741898337280,3812358015380219
2,0,1256,1789633741898348544,3812358015391159
2,0,1257,1789633741898359808,3812358015402078
2,0,1258,1789633741898370048,3812358015413151
2,0,1259,1789633741898381312,3812358015424124
2,0,1260,1789633741898392576,3812358015435067
2,0,1261,1789633741898403840,3812358015445999
2,0,1262,1789633741898414080,3812358015456911
2,0,1263,1789633741898425344,3812358015467789
2,0,1264,1789633741898436608,3812358015478694
2,0,1265,1789633741898446848,3812358015489577
2,0,1266,1789633741898458112,3812358015500519
2,0,1267,1789633741898469376,3812358015511434
2,0,1268,1789633741898479616,3812358015522438
2,0,1269,1789633741898490880,3812358015533368
2,0,1270,1789633741898502144,3812358015544266
2,0,1271,1789633741898512384,3812358015555216
2,0,1272,1789633741898523648,3812358015566119
2,0,1273,1789633741898534912,3812358015577031
2,0,1274,1789633741898545152,3812358015587977
2,0,1275,1789633741898556416,3812358015598924
2,0,1276,1789633741898567680,3812358015609831
2,0,1277,1789633741898577920,3812358015620786
2,0,1278,1789633741898589184,3812358015631888
2,0,1279,1789633741898600448,3812358015642814
2,0,1280,1789633741898610688,3812358015653731
2,0,1281,1789633741898621952,3812358015664618
2,0,1282,1789633741898633216,3812358015675539
2,0,1283,1789633741898643456,3812358015686492
2,0,1284,1789633741898654720,3812358015697434
2,0,1285,1789633741898665984,3812358015708336
2,0,1286,1789633741898676224,3812358015719436
2,0,1287,1789633741898687488,3812358015730371
2,0,1288,1789633741898698752,3812358015741299
2,0,1289,1789633741898710016,3812358015752248
2,0,1290,1789633741898720256,3812358015763189
2,0,1291,1789633741898731520,3812358015774111
2,0,1292,1789633741898742784,3812358015785061
2,0,1293,1789633741898753024,3812358015795981
2,0,1294,1789633741898764288,3812358015806879
2,0,1295,1789633741898775552,3812358015817776
2,0,1296,1789633741898785792,3812358015828679
2,0,1297,1789633741898797056,3812358015839616
2,0,1298,1789633741898808320,3812358015850489
2,0,1299,1789633741898818560,3812358015861441
2,0,1300,1789633741898829824,3812358015872449
2,0,1301,1789633741898841088,3812358015883549
2,0,1302,1789633741898852352,3812358015894449
2,0,1303,1789633741898862592,3812358015905441
2,0,1304,1789633741898873856,3812358015916461
2,0,1305,1789633741898885120,3812358015927421
2,0,1306,1789633741898895360,3812358015938319
2,0,1307,1789633741898906624,3812358015949291
2,0,1308,1789633741898917888,3812358015960205
2,0,1309,1789633741898928128,3812358015971108
2,0,1310,1789633741898939392,3812358015982019
2,0,1311,1789633741898950656,3812358015992969
2,0,1312,1789633741898960896,3812358016003896
2,0,1313,1789633741898972160,3812358016014786
2,0,1314,1789633741898983424,3812358016025746
2,0,1315,1789633741898993664,3812358016036687
2,0,1316,1789633741899004928,3812358016047629
2,0,1317,1789633741899016192,3812358016058616
2,0,1318,1789633741899027456,3812358016069564
2,0,1319,1789633741899037696,3812358016080574
2,0,1320,1789633741899048960,3812358016091514
2,0,1321,1789633741899060224,3812358016102438
2,0,1322,1789633741899070464,3812358016113501
2,0,1323,1789633741899081728,3812358016124399
2,0,1324,1789633741899092992,3812358016135289
2,0,1325,1789633741899103232,3812358016146196
2,0,1326,1789633741899114496,3812358016157148
2,0,1327,1789633741899125760,3812358016168109
2,0,1328,1789633741899136000,3812358016179067
2,0,1329,1789633741899147264,3812358016189999
2,0,1330,1789633741899158528,3812358016200948
2,0,1331,1789633741899169792,3812358016211899
2,0,1332,1789633741899180032,3812358016222805
2,0,1333,1789633741899191296,3812358016233804
2,0,1334,1789633741899202560,3812358016244736
2,0,1335,1789633741899212800,3812358016255656
2,0,1336,1789633741899224064,3812358016266564
2,0,1337,1789633741899235328,3812358016277601
2,0,1338,1789633741899245568,3812358016288506
2,0,1339,1789633741899256832,3812358016299411
2,0,1340,1789633741899268096,3812358016310341
2,0,1341,1789633741899278336,3812358016321295
2,0,1342,1789633741899289600,3812358016332238
2,0,1343,1789633741899300864,3812358016343157
2,0,1344,1789633741899311104,3812358016354139
2,0,1345,1789633741899322368,3812358016365148
2,0,1346,1789633741899333632,3812358016376099
2,0,1347,1789633741899344896,3812358016387021
2,0,1348,1789633741899355136,3812358016397972
2,0,1349,1789633741899366400,3812358016408901
2,0,1350,1789633741899377664,3812358016419831
2,0,1351,1789633741899387904,3812358016430739
2,0,1352,1789633741899399168,3812358016441637
2,0,1353,1789633741899410432,3812358016452539
2,0,1354,1789633741899420672,3812358016463438
2,0,1355,1789633741899431936,3812358016474397
2,0,1356,1789633741899443200,3812358016485319
2,0,1357,1789633741899453440,3812358016496244
2,0,1358,1789633741899464704,3812358016507239
2,0,1359,1789633741899475968,3812358016518169
2,0,1360,1789633741899486208,3812358016529294
2,0,1361,1789633741899497472,3812358016540219
2,0,1362,1789633741899508736,3812358016551182
2,0,1363,1789633741899520000,3812358016562198
2,0,1364,1789633741899530240,3812358016573104
2,0,1365,1789633741899541504,3812358016584031
2,0,1366,1789633741899552768,3812358016594936
2,0,1367,1789633741899563008,3812358016605877
2,0,1368,1789633741899574272,3812358016616814
2,0,1369,1789633741899585536,3812358016627729
2,0,1370,1789633741899595776,3812358016638631
2,0,1371,1789633741899607040,3812358016649556
2,0,1372,1789633741899618304,3812358016660491
2,0,1373,1789633741899628544,3812358016671438
2,0,1374,1789633741899639808,3812358016682449
2,0,1375,1789633741899651072,3812358016693354
2,0,1376,1789633741899661312,3812358016704261
2,0,1377,1789633741899672576,3812358016715199
2,0,1378,1789633741899683840,3812358016726291
2,0,1379,1789633741899695104,3812358016737214
2,0,1380,1789633741899705344,3812358016748169
2,0,1381,1789633741899716608,3812358016759231
2,0,1382,1789633741899727872,3812358016770151
2,0,1383,1789633741899738112,3812358016781106
2,0,1384,1789633741899749376,3812358016792049
2,0,1385,1789633741899760640,3812358016802931
2,0,1386,1789633741899770880,3812358016813841
2,0,1387,1789633741899782144,3812358016824831
2,0,1388,1789633741899793408,3812358016835674
2,0,1389,1789633741899803648,3812358016846614
2,0,1390,1789633741899814912,3812358016857558
2,0,1391,1789633741899826176,3812358016868489
2,0,1392,1789633741899836416,3812358016879438
2,0,1393,1789633741899847680,3812358016890365
2,0,1394,1789633741899858944,3812358016901287
2,0,1395,1789633741899869184,3812358016912236
2,0,1396,1789633741899880448,3812358016923151
2,0,1397,1789633741899891712,3812358016934039
2,0,1398,1789633741899901952,3812358016944996
2,0,1399,1789633741899913216,3812358016955919
2,0,1400,1789633741899924480,3812358016966837
2,0,1401,1789633741899934720,3812358016977725
2,0,1402,1789633741899945984,3812358016988677
2,0,1403,1789633741899957248,3812358016999569
2,0,1404,1789633741899967488,3812358017010536
2,0,1405,1789633741899978752,3812358017021437
2,0,1406,1789633741899990016,3812358017032431
2,0,1407,1789633741900000256,3812358017043336
2,0,1408,1789633741900011520,3812358017054279
2,0,1409,1789633741900022784,3812358017065176
2,0,1410,1789633741900033024,3812358017076097
2,0,1411,1789633741900044288,3812358017086997
2,0,1412,1789633741900055552,3812358017097944
2,0,1413,1789633741900065792,3812358017108851
2,0,1414,1789633741900077056,3812358017119789
2,0,1415,1789633741900088320,3812358017130741
2,0,1416,1789633741900099584,3812358017141839
2,0,1417,1789633741900109824,3812358017152749
2,0,1418,1789633741900121088,3812358017163632
2,0,1419,1789633741900132352,3812358017174754
2,0,1420,1789633741900143616,3812358017185699
2,0,1421,1789633741900153856,3812358017196634
2,0,1422,1789633741900165120,3812358017207581
2,0,1423,1789633741900176384,3812358017218534
2,0,1424,1789633741900186624,3812358017229609
2,0,1425,1789633741900197888,3812358017240556
2,0,1426,1789633741900209152,3812358017251519
2,0,1427,1789633741900219392,3812358017262547
2,0,1428,1789633741900230656,3812358017273429
2,0,1429,1789633741900241920,3812358017284325
2,0,1430,1789633741900253184,3812358017295291
2,0,1431,1789633741900263424,3812358017306209
2,0,1432,1789633741900274688,3812358017317158
2,0,1433,1789633741900285952,3812358017328127
2,0,1434,1789633741900296192,3812358017339068
2,0,1435,1789633741900307456,3812358017349984
2,0,1436,1789633741900318720,3812358017360944
2,0,1437,1789633741900328960,3812358017372039
2,0,1438,1789633741900340224,3812358017382965
2,0,1439,1789633741900351488,3812358017393881
2,0,1440,1789633741900361728,3812358017404965
2,0,1441,1789633741900372992,3812358017415868
2,0,1442,1789633741900384256,3812358017426769
2,0,1443,1789633741900395520,3812358017437699
2,0,1444,1789633741900405760,3812358017448605
2,0,1445,1789633741900417024,3812358017459569
2,0,1446,1789633741900428288,3812358017470509
2,0,1447,1789633741900438528,3812358017481421
2,0,1448,1789633741900449792,3812358017492432
2,0,1449,1789633741900461056,3812358017503417
2,0,1450,1789633741900471296,3812358017514427
2,0,1451,1789633741900482560,3812358017525369
2,0,1452,1789633741900493824,3812358017536311
2,0,1453,1789633741900505088,3812358017547364
2,0,1454,1789633741900515328,3812358017558298
2,0,1455,1789633741900526592,3812358017569237
2,0,1456,1789633741900537856,3812358017580186
2,0,1457,1789633741900548096,3812358017591112
2,0,1458,1789633741900559360,3812358017601974
2,0,1459,1789633741900570624,3812358017612916
2,0,1460,1789633741900580864,3812358017623799
2,0,1461,1789633741900592128,3812358017634724
2,0,1462,1789633741900603392,3812358017645647
2,0,1463,1789633741900613632,3812358017656597
2,0,1464,1789633741900624896,3812358017667539
2,0,1465,1789633741900636160,3812358017678464
2,0,1466,1789633741900646400,3812358017689431
2,0,1467,1789633741900657664,3812358017700379
2,0,1468,1789633741900668928,3812358017711471
2,0,1469,1789633741900680192,3812358017722416
2,0,1470,1789633741900690432,3812358017733402
2,0,1471,1789633741900701696,3812358017744399
2,0,1472,1789633741900712960,3812358017755288
2,0,1473,1789633741900723200,3812358017766198
2,0,1474,1789633741900734464,3812358017777149
2,0,1475,1789633741900745728,3812358017788041
2,0,1476,1789633741900755968,3812358017799019
2,0,1477,1789633741900767232,3812358017809956
2,0,1478,1789633741900778496,3812358017820891
2,0,1479,1789633741900789760,3812358017831842
2,0,1480,1789633741900800000,3812358017842768
2,0,1481,1789633741900811264,3812358017853881
2,0,1482,1789633741900822528,3812358017864796
2,0,1483,1789633741900832768,3812358017875731
2,0,1484,1789633741900844032,3812358017886626
2,0,1485,1789633741900855296,3812358017897579
2,0,1486,1789633741900865536,3812358017908506
2,0,1487,1789633741900876800,3812358017919407
2,0,1488,1789633741900888064,3812358017930299
2,0,1489,1789633741900898304,3812358017941199
2,0,1490,1789633741900909568,3812358017952154
2,0,1491,1789633741900920832,3812358017963111
2,0,1492,1789633741900931072,3812358017974069
2,0,1493,1789633741900942336,3812358017984999
2,0,1494,1789633741900953600,3812358017996054
2,0,1495,1789633741900964864,3812358018006996
2,0,1496,1789633741900975104,3812358018017932
2,0,1497,1789633741900986368,3812358018028866
2,0,1498,1789633741900997632,3812358018039814
2,0,1499,1789633741901007872,3812358018050934
2,0,1500,1789633741901019136,3812358018061864
2,0,1501,1789633741901030400,3812358018072754
2,0,1502,1789633741901040640,3812358018083839
2,0,1503,1789633741901051904,3812358018094769
2,0,1504,1789633741901063168,3812358018105689
2,0,1505,1789633741901074432,3812358018116581
2,0,1506,1789633741901084672,3812358018127527
2,0,1507,1789633741901095936,3812358018138457
2,0,1508,1789633741901107200,3812358018149436
2,0,1509,1789633741901117440,3812358018160357
2,0,1510,1789633741901128704,3812358018171299
2,0,1511,1789633741901139968,3812358018182251
2,0,1512,1789633741901150208,3812358018193200
2,0,1513,1789633741901161472,3812358018204154
2,0,1514,1789633741901172736,3812358018215045
2,0,1515,1789633741901182976,3812358018225989
2,0,1516,1789633741901194240,3812358018236961
2,0,1517,1789633741901205504,3812358018247931
2,0,1518,1789633741901215744,3812358018258869
2,0,1519,1789633741901227008,3812358018269767
2,0,1520,1789633741901238272,3812358018280880
2,0,1521,1789633741901249536,3812358018291812
2,0,1522,1789633741901259776,3812358018302704
2,0,1523,1789633741901271040,3812358018313627
2,0,1524,1789633741901282304,3812358018324632
2,0,1525,1789633741901292544,3812358018335525
2,0,1526,1789633741901303808,3812358018346476
2,0,1527,1789633741901315072,3812358018357419
2,0,1528,1789633741901325312,3812358018368316
2,0,1529,1789633741901336576,3812358018379271
2,0,1530,1789633741901347840,3812358018390337
2,0,1531,1789633741901359104,3812358018401269
2,0,1532,1789633741901369344,3812358018412177
2,0,1533,1789633741901380608,3812358018423301
2,0,1534,1789633741901391872,3812358018434226
2,0,1535,1789633741901402112,3812358018445111
2,0,1536,1789633741901413376,3812358018456049
2,0,1537,1789633741901424640,3812358018466986
2,0,1538,1789633741901434880,3812358018477906
2,0,1539,1789633741901446144,3812358018488844
2,0,1540,1789633741901457408,3812358018499769
2,0,1541,1789633741901467648,3812358018510714
2,0,1542,1789633741901478912,3812358018521619
2,0,1543,1789633741901490176,3812358018532561
2,0,1544,1789633741901500416,3812358018543499
2,0,1545,1789633741901511680,3812358018554431
2,0,1546,1789633741901522944,3812358018565357
2,0,1547,1789633741901534208,3812358018576245
2,0,1548,1789633741901544448,3812358018587164
2,0,1549,1789633741901555712,3812358018598066
2,0,1550,1789633741901565952,3812358018608967
2,0,1551,1789633741901577216,3812358018619895
2,0,1552,1789633741901588480,3812358018630817
2,0,1553,1789633741901598720,3812358018641776
2,0,1554,1789633741901609984,3812358018652717
2,0,1555,1789633741901621248,3812358018663644
2,0,1556,1789633741901631488,3812358018674617
2,0,1557,1789633741901642752,3812358018685511
2,0,1558,1789633741901654016,3812358018696449
2,0,1559,1789633741901664256,3812358018707341
2,0,1560,1789633741901675520,3812358018718269
2,0,1561,1789633741901686784,3812358018729189
2,0,1562,1789633741901697024,3812358018740104
2,0,1563,1789633741901708288,3812358018751041
2,0,1564,1789633741901719552,3812358018761999
2,0,1565,1789633741901730816,3812358018772957
2,0,1566,1789633741901741056,3812358018783924
2,0,1567,1789633741901752320,3812358018794889
2,0,1568,1789633741901763584,3812358018805884
2,0,1569,1789633741901773824,3812358018816831
2,0,1570,1789633741901785088,3812358018827789
2,0,1571,1789633741901796352,3812358018838801
2,0,1572,1789633741901806592,3812358018849719
2,0,1573,1789633741901817856,3812358018860659
2,0,1574,1789633741901829120,3812358018871581
2,0,1575,1789633741901840384,3812358018882514
2,0,1576,1789633741901850624,3812358018893436
2,0,1577,1789633741901861888,3812358018904381
2,0,1578,1789633741901873152,3812358018915277
2,0,1579,1789633741901883392,3812358018926196
2,0,1580,1789633741901894656,3812358018937149
2,0,1581,1789633741901905920,3812358018948096
2,0,1582,1789633741901916160,3812358018959045
2,0,1583,1789633741901927424,3812358018969977
2,0,1584,1789633741901938688,3812358018980919
2,0,1585,1789633741901948928,3812358018991822
2,0,1586,1789633741901960192,3812358019002899
2,0,1587,1789633741901971456,3812358019013814
2,0,1588,1789633741901981696,3812358019024737
2,0,1589,1789633741901992960,3812358019035666
2,0,1590,1789633741902004224,3812358019046554
2,0,1591,1789633741902014464,3812358019057536
2,0,1592,1789633741902025728,3812358019068469
2,0,1593,1789633741902036992,3812358019079389
2,0,1594,1789633741902047232,3812358019090289
2,0,1595,1789633741902058496,3812358019101239
2,0,1596,1789633741902069760,3812358019112181
2,0,1597,1789633741902080000,3812358019123131
2,0,1598,1789633741902091264,3812358019134111
2,0,1599,1789633741902102528,3812358019145094
2,0,1600,1789633741902113792,3812358019155989
2,0,1601,1789633741902124032,3812358019166941
2,0,1602,1789633741902135296,3812358019177857
2,0,1603,1789633741902146560,3812358019188749
2,0,1604,1789633741902156800,3812358019199717
2,0,1605,1789633741902168064,3812358019210621
2,0,1606,1789633741902179328,3812358019221517
2,0,1607,1789633741902189568,3812358019232467
2,0,1608,1789633741902200832,3812358019243391
2,0,1609,1789633741902212096,3812358019254336
2,0,1610,1789633741902222336,3812358019265325
2,0,1611,1789633741902233600,3812358019276237
2,0,1612,1789633741902244864,3812358019287174
2,0,1613,1789633741902255104,3812358019298106
2,0,1614,1789633741902266368,3812358019309232
2,0,1615,1789633741902277632,3812358019320181
2,0,1616,1789633741902288896,3812358019331119
2,0,1617,1789633741902299136,3812358019342130
2,0,1618,1789633741902310400,3812358019353091
2,0,1619,1789633741902321664,3812358019364031
2,0,1620,1789633741902331904,3812358019374949
2,0,1621,1789633741902343168,3812358019385850
2,0,1622,1789633741902354432,3812358019396774
2,0,1623,1789633741902364672,3812358019407677
2,0,1624,1789633741902375936,3812358019418581
2,0,1625,1789633741902387200,3812358019429534
2,0,1626,1789633741902397440,3812358019440456
2,0,1627,1789633741902408704,3812358019451399
2,0,1628,1789633741902419968,3812358019462323
2,0,1629,1789633741902430208,3812358019473277
2,0,1630,1789633741902441472,3812358019484180
2,0,1631,1789633741902452736,3812358019495169
2,0,1632,1789633741902462976,3812358019506230
2,0,1633,1789633741902474240,3812358019517184
2,0,1634,1789633741902485504,3812358019528069
2,0,1635,1789633741902496768,3812358019538976
2,0,1636,1789633741902507008,3812358019549907
2,0,1637,1789633741902518272,3812358019560860
2,0,1638,1789633741902529536,3812358019571776
2,0,1639,1789633741902539776,3812358019582690
2,0,1640,1789633741902551040,3812358019593780
2,0,1641,1789633741902562304,3812358019604736
2,0,1642,1789633741902572544,3812358019615649
2,0,1643,1789633741902583808,3812358019626607
2,0,1644,1789633741902595072,3812358019637544
2,0,1645,1789633741902606336,3812358019648456
2,0,1646,1789633741902616576,3812358019659367
2,0,1647,1789633741902627840,3812358019670259
2,0,1648,1789633741902638080,3812358019681189
2,0,1649,1789633741902649344,3812358019692114
2,0,1650,1789633741902660608,3812358019703034
2,0,1651,1789633741902670848,3812358019713999
2,0,1652,1789633741902682112,3812358019724869
2,0,1653,1789633741902693376,3812358019735800
2,0,1654,1789633741902703616,3812358019746709
2,0,1655,1789633741902714880,3812358019757656
2,0,1656,1789633741902726144,3812358019768619
2,0,1657,1789633741902737408,3812358019779565
2,0,1658,1789633741902747648,3812358019790466
2,0,1659,1789633741902758912,3812358019801416
2,0,1660,1789633741902770176,3812358019812546
2,0,1661,1789633741902780416,3812358019823484
2,0,1662,1789633741902791680,3812358019834380
2,0,1663,1789633741902802944,3812358019845440
2,0,1664,1789633741902814208,3812358019856376
2,0,1665,1789633741902824448,3812358019867264
2,0,1666,1789633741902835712,3812358019878139
2,0,1667,1789633741902845952,3812358019889040
2,0,1668,1789633741902857216,3812358019900050
2,0,1669,1789633741902868480,3812358019911045
2,0,1670,1789633741902879744,3812358019921920
2,0,1671,1789633741902889984,3812358019932839
2,0,1672,1789633741902901248,3812358019943765
2,0,1673,1789633741902912512,3812358019954701
2,0,1674,1789633741902922752,3812358019965649
2,0,1675,1789633741902934016,3812358019976556
2,0,1676,1789633741902945280,3812358019987509
2,0,1677,1789633741902955520,3812358019998426
2,0,1678,1789633741902966784,3812358020009347
2,0,1679,1789633741902978048,3812358020020236
2,0,1680,1789633741902988288,3812358020031149
2,0,1681,1789633741902999552,3812358020042059
2,0,1682,1789633741903010816,3812358020052996
2,0,1683,1789633741903021056,3812358020063929
2,0,1684,1789633741903032320,3812358020074880
2,0,1685,1789633741903043584,3812358020085789
2,0,1686,1789633741903053824,3812358020096754
2,0,1687,1789633741903065088,3812358020107685
2,0,1688,1789633741903076352,3812358020118559
2,0,1689,1789633741903086592,3812358020129514
2,0,1690,1789633741903097856,3812358020140429
2,0,1691,1789633741903109120,3812358020151377
2,0,1692,1789633741903119360,3812358020162299
2,0,1693,1789633741903130624,3812358020173191
2,0,1694,1789633741903141888,3812358020184080
2,0,1695,1789633741903152128,3812358020194971
2,0,1696,1789633741903163392,3812358020205919
2,0,1697,1789633741903174656,3812358020216841
2,0,1698,1789633741903184896,3812358020227790
2,0,1699,1789633741903196160,3812358020238730
2,0,1700,1789633741903207424,3812358020249659
2,0,1701,1789633741903217664,3812358020260549
2,0,1702,1789633741903228928,3812358020271514
2,0,1703,1789633741903240192,3812358020282431
2,0,1704,1789633741903250432,3812358020293359
2,0,1705,1789633741903261696,3812358020304259
2,0,1706,1789633741903272960,3812358020315196
2,0,1707,1789633741903283200,3812358020326147
2,0,1708,1789633741903294464,3812358020337094
2,0,1709,1789633741903305728,3812358020348030
2,0,1710,1789633741903315968,3812358020358930
2,0,1711,1789633741903327232,3812358020369885
2,0,1712,1789633741903338496,3812358020380814
2,0,1713,1789633741903348736,3812358020391710
2,0,1714,1789633741903360000,3812358020402630
2,0,1715,1789633741903371264,3812358020413549
2,0,1716,1789633741903381504,3812358020424447
2,0,1717,1789633741903392768,3812358020435394
2,0,1718,1789633741903404032,3812358020446319
2,0,1719,1789633741903414272,3812358020457269
2,0,1720,1789633741903425536,3812358020468169
2,0,1721,1789633741903436800,3812358020479060
2,0,1722,1789633741903447040,3812358020489999
2,0,1723,1789633741903458304,3812358020500924
2,0,1724,1789633741903469568,3812358020511861
2,0,1725,1789633741903479808,3812358020522767
2,0,1726,1789633741903491072,3812358020533739
2,0,1727,1789633741903502336,3812358020544650
2,0,1728,1789633741903512576,3812358020555569
2,0,1729,1789633741903523840,3812358020566536
2,0,1730,1789633741903535104,3812358020577477
2,0,1731,1789633741903545344,3812358020588365
2,0,1732,1789633741903556608,3812358020599296
2,0,1733,1789633741903567872,3812358020610169
2,0,1734,1789633741903578112,3812358020621123
2,0,1735,1789633741903589376,3812358020632049
2,0,1736,1789633741903600640,3812358020642939
2,0,1737,1789633741903610880,3812358020653889
2,0,1738,1789633741903622144,3812358020664786
2,0,1739,1789633741903633408,3812358020675736
2,0,1740,1789633741903643648,3812358020686636
2,0,1741,1789633741903654912,3812358020697569
2,0,1742,1789633741903666176,3812358020708497
2,0,1743,1789633741903676416,3812358020719439
2,0,1744,1789633741903687680,3812358020730392
2,0,1745,1789633741903698944,3812358020741316
2,0,1746,1789633741903709184,3812358020752237
2,0,1747,1789633741903720448,3812358020763149
2,0,1748,1789633741903731712,3812358020774060
2,0,1749,1789633741903741952,3812358020785005
2,0,1750,1789633741903753216,3812358020795956
2,0,1751,1789633741903764480,3812358020806919
2,0,1752,1789633741903774720,3812358020817983
2,0,1753,1789633741903785984,3812358020829027
2,0,1754,1789633741903797248,3812358020840030
2,0,1755,1789633741903808512,3812358020850919
2,0,1756,1789633741903818752,3812358020861839
2,0,1757,1789633741903830016,3812358020872799
2,0,1758,1789633741903841280,3812358020883725
2,0,1759,1789633741903851520,3812358020894649
2,0,1760,1789633741903862784,3812358020905529
2,0,1761,1789633741903874048,3812358020916451
2,0,1762,1789633741903884288,3812358020927376
2,0,1763,1789633741903895552,3812358020938309
2,0,1764,1789633741903906816,3812358020949219
2,0,1765,1789633741903917056,3812358020960182
2,0,1766,1789633741903928320,3812358020971317
2,0,1767,1789633741903939584,3812358020982269
2,0,1768,1789633741903950848,3812358020993163
2,0,1769,1789633741903961088,3812358021004233
2,0,1770,1789633741903972352,3812358021015143
2,0,1771,1789633741903983616,3812358021026119
2,0,1772,1789633741903993856,3812358021037009
2,0,1773,1789633741904005120,3812358021047967
2,0,1774,1789633741904016384,3812358021058889
2,0,1775,1789633741904027648,3812358021069836
2,0,1776,1789633741904037888,3812358021080733
2,0,1777,1789633741904049152,3812358021091683
2,0,1778,1789633741904060416,3812358021102576
2,0,1779,1789633741904070656,3812358021113480
2,0,1780,1789633741904081920,3812358021124449
2,0,1781,1789633741904093184,3812358021135369
2,0,1782,1789633741904103424,3812358021146299
2,0,1783,1789633741904114688,3812358021157234
2,0,1784,1789633741904125952,3812358021168365
2,0,1785,1789633741904136192,3812358021179299
2,0,1786,1789633741904147456,3812358021190250
2,0,1787,1789633741904158720,3812358021201280
2,0,1788,1789633741904169984,3812358021212250
2,0,1789,1789633741904180224,3812358021223139
2,0,1790,1789633741904191488,3812358021234109
2,0,1791,1789633741904202752,3812358021245063
2,0,1792,1789633741904212992,3812358021256125
2,0,1793,1789633741904224256,3812358021267051
2,0,1794,1789633741904235520,3812358021277959
2,0,1795,1789633741904245760,3812358021288869
2,0,1796,1789633741904257024,3812358021299796
2,0,1797,1789633741904268288,3812358021310759
2,0,1798,1789633741904278528,3812358021321680
2,0,1799,1789633741904289792,3812358021332627
2,0,1800,1789633741904301056,3812358021343679
2,0,1801,1789633741904312320,3812358021354645
2,0,1802,1789633741904322560,3812358021365557
2,0,1803,1789633741904333824,3812358021376507
2,0,1804,1789633741904345088,3812358021387483
2,0,1805,1789633741904355328,3812358021398523
2,0,1806,1789633741904366592,3812358021409485
2,0,1807,1789633741904377856,3812358021420390
2,0,1808,1789633741904389120,3812358021431285
2,0,1809,1789633741904399360,3812358021442170
2,0,1810,1789633741904410624,3812358021453159
2,0,1811,1789633741904421888,3812358021464099
2,0,1812,1789633741904432128,3812358021474996
2,0,1813,1789633741904443392,3812358021485899
2,0,1814,1789633741904454656,3812358021496867
2,0,1815,1789633741904464896,3812358021507791
2,0,1816,1789633741904476160,3812358021518750
2,0,1817,1789633741904487424,3812358021529696
2,0,1818,1789633741904497664,3812358021540710
2,0,1819,1789633741904508928,3812358021551629
2,0,1820,1789633741904520192,3812358021562547
2,0,1821,1789633741904530432,3812358021573451
2,0,1822,1789633741904541696,3812358021584396
2,0,1823,1789633741904552960,3812358021599921
2,0,1824,1789633741904563200,3812358021606270
2,0,1825,1789633741904574464,3812358021617180
2,0,1826,1789633741904585728,3812358021628097
2,0,1827,1789633741904595968,3812358021639050
2,0,1828,1789633741904607232,3812358021649969
2,0,1829,1789633741904618496,3812358021660931
2,0,1830,1789633741904628736,3812358021671816
2,0,1831,1789633741904640000,3812358021682739
2,0,1832,1789633741904651264,3812358021693640
2,0,1833,1789633741904661504,3812358021704680
2,0,1834,1789633741904672768,3812358021715683
2,0,1835,1789633741904684032,3812358021726699
2,0,1836,1789633741904695296,3812358021737749
2,0,1837,1789633741904705536,3812358021748756
2,0,1838,1789633741904716800,3812358021759761
2,0,1839,1789633741904728064,3812358021770765
2,0,1840,1789633741904739328,3812358021781761
2,0,1841,1789633741904749568,3812358021792740
2,0,1842,1789633741904760832,3812358021803776
2,0,1843,1789633741904772096,3812358021814789
2,0,1844,1789633741904783360,3812358021825826
2,0,1845,1789633741904793600,3812358021836839
2,0,1846,1789633741904804864,3812358021847909
2,0,1847,1789633741904816128,3812358021858993
2,0,1848,1789633741904827392,3812358021870022
2,0,1849,1789633741904838656,3812358021881045
2,0,1850,1789633741904848896,3812358021892177
2,0,1851,1789633741904860160,3812358021903196
2,0,1852,1789633741904871424,3812358021914270
2,0,1853,1789633741904882688,3812358021925319
2,0,1854,1789633741904893952,3812358021936349
2,0,1855,1789633741904904192,3812358021947376
2,0,1856,1789633741904915456,3812358021958490
2,0,1857,1789633741904926720,3812358021969500
2,0,1858,1789633741904937984,3812358021980556
2,0,1859,1789633741904949248,3812358021991640
2,0,1860,1789633741904959488,3812358022002716
2,0,1861,1789633741904970752,3812358022013719
2,0,1862,1789633741904982016,3812358022024820
2,0,1863,1789633741904993280,3812358022035850
2,0,1864,1789633741905004544,3812358022046866
2,0,1865,1789633741905014784,3812358022057967
2,0,1866,1789633741905026048,3812358022068980
2,0,1867,1789633741905037312,3812358022079976
2,0,1868,1789633741905048576,3812358022091045
2,0,1869,1789633741905058816,3812358022101997
2,0,1870,1789633741905070080,3812358022113021
2,0,1871,1789633741905081344,3812358022124012
2,0,1872,1789633741905092608,3812358022135026
2,0,1873,1789633741905102848,3812358022146036
2,0,1874,1789633741905114112,3812358022157043
2,0,1875,1789633741905125376,3812358022168056
2,0,1876,1789633741905136640,3812358022179033
2,0,1877,1789633741905146880,3812358022190069
2,0,1878,1789633741905158144,3812358022201113
2,0,1879,1789633741905169408,3812358022212169
2,0,1880,1789633741905180672,3812358022223163
2,0,1881,1789633741905190912,3812358022234199
2,0,1882,1789633741905202176,3812358022245251
2,0,1883,1789633741905213440,3812358022256326
2,0,1884,1789633741905224704,3812358022267369
2,0,1885,1789633741905235968,3812358022278409
2,0,1886,1789633741905246208,3812358022289462
2,0,1887,1789633741905257472,3812358022300480
2,0,1888,1789633741905268736,3812358022311576
2,0,1889,1789633741905280000,3812358022322643
2,0,1890,1789633741905291264,3812358022333666
2,0,1891,1789633741905301504,3812358022344741
2,0,1892,1789633741905312768,3812358022355749
2,0,1893,1789633741905324032,3812358022366762
2,0,1894,1789633741905335296,3812358022377936
2,0,1895,1789633741905346560,3812358022388949
2,0,1896,1789633741905356800,3812358022399956
2,0,1897,1789633741905368064,3812358022411085
2,0,1898,1789633741905379328,3812358022422099
2,0,1899,1789633741905390592,3812358022433120
2,0,1900,1789633741905401856,3812358022444250
2,0,1901,1789633741905412096,3812358022455276
2,0,1902,1789633741905423360,3812358022466313
2,0,1903,1789633741905434624,3812358022477391
2,0,1904,1789633741905445888,3812358022488399
2,0,1905,1789633741905457152,3812358022499449
2,0,1906,1789633741905467392,3812358022510566
2,0,1907,1789633741905478656,3812358022521586
2,0,1908,1789633741905489920,3812358022532590
2,0,1909,1789633741905501184,3812358022543723
2,0,1910,1789633741905512448,3812358022554756
2,0,1911,1789633741905522688,3812358022565773
2,0,1912,1789633741905533952,3812358022576896
2,0,1913,1789633741905545216,3812358022587933
2,0,1914,1789633741905556480,3812358022598946
2,0,1915,1789633741905566720,3812358022610076
2,0,1916,1789633741905577984,3812358022621129
2,0,1917,1789633741905589248,3812358022632139
2,0,1918,1789633741905600512,3812358022643219
2,0,1919,1789633741905611776,3812358022654125
2,0,1920,1789633741905622016,3812358022665085
2,0,1921,1789633741905633280,3812358022676101
2,0,1922,1789633741905644544,3812358022687080
2,0,1923,1789633741905655808,3812358022697986
2,0,1924,1789633741905666048,3812358022708925
2,0,1925,1789633741905677312,3812358022719876
2,0,1926,1789633741905688576,3812358022731045
2,0,1927,1789633741905698816,3812358022741879
2,0,1928,1789633741905710080,3812358022752780
2,0,1929,1789633741905721344,3812358022763706
2,0,1930,1789633741905731584,3812358022774671
2,0,1931,1789633741905742848,3812358022785606
2,0,1932,1789633741905754112,3812358022796539
2,0,1933,1789633741905764352,3812358022807489
2,0,1934,1789633741905775616,3812358022818509
2,0,1935,1789633741905786880,3812358022829489
2,0,1936,1789633741905798144,3812358022840386
2,0,1937,1789633741905808384,3812358022851336
2,0,1938,1789633741905819648,3812358022862250
2,0,1939,1789633741905830912,3812358022873159
2,0,1940,1789633741905841152,3812358022884089
2,0,1941,1789633741905852416,3812358022895013
2,0,1942,1789633741905863680,3812358022905906
2,0,1943,1789633741905873920,3812358022916797
2,0,1944,1789633741905885184,3812358022927763
2,0,1945,1789633741905896448,3812358022938689
2,0,1946,1789633741905906688,3812358022949630
2,0,1947,1789633741905917952,3812358022960576
2,0,1948,1789633741905929216,3812358022971499
2,0,1949,1789633741905939456,3812358022982431
2,0,1950,1789633741905950720,3812358022993372
2,0,1951,1789633741905961984,3812358023004300
2,0,1952,1789633741905972224,3812358023015196
2,0,1953,1789633741905983488,3812358023026113
2,0,1954,1789633741905994752,3812358023037049
2,0,1955,1789633741906004992,3812358023047969
2,0,1956,1789633741906016256,3812358023058869
2,0,1957,1789633741906027520,3812358023069780
2,0,1958,1789633741906037760,3812358023080685
2,0,1959,1789633741906049024,3812358023091627
2,0,1960,1789633741906060288,3812358023102565
2,0,1961,1789633741906070528,3812358023113497
2,0,1962,1789633741906081792,3812358023124393
2,0,1963,1789633741906093056,3812358023135333
2,0,1964,1789633741906103296,3812358023146250
2,0,1965,1789633741906114560,3812358023157179
2,0,1966,1789633741906125824,3812358023168090
2,0,1967,1789633741906136064,3812358023179013
2,0,1968,1789633741906147328,3812358023189959
2,0,1969,1789633741906158592,3812358023200880
2,0,1970,1789633741906168832,3812358023211786
2,0,1971,1789633741906180096,3812358023222690
2,0,1972,1789633741906191360,3812358023233626
2,0,1973,1789633741906201600,3812358023244480
2,0,1974,1789633741906212864,3812358023255496
2,0,1975,1789633741906224128,3812358023266480
2,0,1976,1789633741906234368,3812358023277419
2,0,1977,1789633741906245632,3812358023288369
2,0,1978,1789633741906256896,3812358023299325
2,0,1979,1789633741906267136,3812358023310365
2,0,1980,1789633741906278400,3812358023321285
2,0,1981,1789633741906289664,3812358023332159
2,0,1982,1789633741906300928,3812358023343109
2,0,1983,1789633741906311168,3812358023354043
2,0,1984,1789633741906322432,3812358023364980
2,0,1985,1789633741906332672,3812358023375883
2,0,1986,1789633741906343936,3812358023386769
2,0,1987,1789633741906355200,3812358023397669
2,0,1988,1789633741906365440,3812358023408599
2,0,1989,1789633741906376704,3812358023419596
2,0,1990,1789633741906387968,3812358023430529
2,0,1991,1789633741906399232,3812358023441430
2,0,1992,1789633741906409472,3812358023452544
2,0,1993,1789633741906420736,3812358023463500
2,0,1994,1789633741906432000,3812358023474431
2,0,1995,1789633741906442240,3812358023485357
2,0,1996,1789633741906453504,3812358023496269
2,0,1997,1789633741906464768,3812358023507405
2,0,1998,1789633741906476032,3812358023518369
2,0,1999,1789633741906486272,3812358023529239
2,0,2000,1789633741906497536,3812358023540339
2,0,2001,1789633741906508800,3812358023551266
2,0,2002,1789633741906519040,3812358023562157
2,0,2003,1789633741906530304,3812358023573076
2,0,2004,1789633741906541568,3812358023584009
2,0,2005,1789633741906551808,3812358023594946
2,0,2006,1789633741906563072,3812358023605932
2,0,2007,1789633741906574336,3812358023616890
2,0,2008,1789633741906585600,3812358023627783
2,0,2009,1789633741906595840,3812358023638703
2,0,2010,1789633741906607104,3812358023649609
2,0,2011,1789633741906617344,3812358023660525
2,0,2012,1789633741906628608,3812358023671429
2,0,2013,1789633741906639872,3812358023682469
2,0,2014,1789633741906651136,3812358023693419
2,0,2015,1789633741906661376,3812358023704426
2,0,2016,1789633741906672640,3812358023715330
2,0,2017,1789633741906683904,3812358023726250
2,0,2018,1789633741906694144,3812358023737176
2,0,2019,1789633741906705408,3812358023748125
2,0,2020,1789633741906716672,3812358023759062
2,0,2021,1789633741906726912,3812358023769983
2,0,2022,1789633741906738176,3812358023780900
2,0,2023,1789633741906749440,3812358023791973
2,0,2024,1789633741906760704,3812358023802930
2,0,2025,1789633741906770944,3812358023813871
2,0,2026,1789633741906782208,3812358023824791
2,0,2027,1789633741906793472,3812358023835725
2,0,2028,1789633741906803712,3812358023846826
2,0,2029,1789633741906814976,3812358023857757
2,0,2030,1789633741906826240,3812358023868676
2,0,2031,1789633741906836480,3812358023879579
2,0,2032,1789633741906847744,3812358023890476
2,0,2033,1789633741906859008,3812358023901456
2,0,2034,1789633741906869248,3812358023912440
2,0,2035,1789633741906880512,3812358023923369
2,0,2036,1789633741906891776,3812358023934387
2,0,2037,1789633741906903040,3812358023945346
2,0,2038,1789633741906913280,3812358023956266
2,0,2039,1789633741906924544,3812358023967213
2,0,2040,1789633741906935808,3812358023978163
2,0,2041,1789633741906946048,3812358023989060
2,0,2042,1789633741906957312,3812358023999999
2,0,2043,1789633741906968576,3812358024010909
2,0,2044,1789633741906978816,3812358024021813
2,0,2045,1789633741906990080,3812358024032699
2,0,2046,1789633741907001344,3812358024043643
2,0,2047,1789633741907011584,3812358024054636
2,0,2048,1789633741907022848,3812358024065549
2,0,2049,1789633741907034112,3812358024076445
2,0,2050,1789633741907044352,3812358024087379
2,0,2051,1789633741907055616,3812358024098496
2,0,2052,1789633741907066880,3812358024109433
2,0,2053,1789633741907078144,3812358024120399
2,0,2054,1789633741907088384,3812358024131427
2,0,2055,1789633741907099648,3812358024142451
2,0,2056,1789633741907110912,3812358024153363
2,0,2057,1789633741907121152,3812358024164333
2,0,2058,1789633741907132416,3812358024175270
2,0,2059,1789633741907143680,3812358024186281
2,0,2060,1789633741907154944,3812358024197176
2,0,2061,1789633741907165184,3812358024208069
2,0,2062,1789633741907176448,3812358024218965
2,0,2063,1789633741907186688,3812358024229896
2,0,2064,1789633741907197952,3812358024240899
2,0,2065,1789633741907209216,3812358024251797
2,0,2066,1789633741907220480,3812358024262746
2,0,2067,1789633741907230720,3812358024273663
2,0,2068,1789633741907241984,3812358024284645
2,0,2069,1789633741907253248,3812358024295583
2,0,2070,1789633741907263488,3812358024306513
2,0,2071,1789633741907274752,3812358024317376
2,0,2072,1789633741907286016,3812358024328230
2,0,2073,1789633741907296256,3812358024339180
2,0,2074,1789633741907307520,3812358024350147
2,0,2075,1789633741907318784,3812358024361050
2,0,2076,1789633741907329024,3812358024371976
2,0,2077,1789633741907340288,3812358024382889
2,0,2078,1789633741907351552,3812358024393856
2,0,2079,1789633741907361792,3812358024404769
2,0,2080,1789633741907373056,3812358024415732
2,0,2081,1789633741907384320,3812358024426690
2,0,2082,1789633741907394560,3812358024437706
2,0,2083,1789633741907405824,3812358024448650
2,0,2084,1789633741907417088,3812358024459563
2,0,2085,1789633741907427328,3812358024470523
2,0,2086,1789633741907438592,3812358024481426
2,0,2087,1789633741907449856,3812358024492439
2,0,2088,1789633741907461120,3812358024503359
2,0,2089,1789633741907471360,3812358024514281
2,0,2090,1789633741907482624,3812358024525231
2,0,2091,1789633741907493888,3812358024536180
2,0,2092,1789633741907504128,3812358024547176
2,0,2093,1789633741907515392,3812358024558076
2,0,2094,1789633741907526656,3812358024568997
2,0,2095,1789633741907536896,3812358024579929
2,0,2096,1789633741907548160,3812358024590885
2,0,2097,1789633741907559424,3812358024601833
2,0,2098,1789633741907569664,3812358024612803
2,0,2099,1789633741907580928,3812358024623736
2,0,2100,1789633741907592192,3812358024634733
2,0,2101,1789633741907602432,3812358024645666
2,0,2102,1789633741907613696,3812358024656586
2,0,2103,1789633741907624960,3812358024667500
2,0,2104,1789633741907635200,3812358024678426
2,0,2105,1789633741907646464,3812358024689357
2,0,2106,1789633741907657728,3812358024700260
2,0,2107,1789633741907667968,3812358024711156
2,0,2108,1789633741907679232,3812358024722116
2,0,2109,1789633741907690496,3812358024733056
2,0,2110,1789633741907701760,3812358024743976
2,0,2111,1789633741907712000,3812358024754919
2,0,2112,1789633741907723264,3812358024765819
2,0,2113,1789633741907734528,3812358024776762
2,0,2114,1789633741907744768,3812358024787683
2,0,2115,1789633741907756032,3812358024798573
2,0,2116,1789633741907767296,3812358024809549
2,0,2117,1789633741907777536,3812358024820469
2,0,2118,1789633741907788800,3812358024831456
2,0,2119,1789633741907800064,3812358024842449
2,0,2120,1789633741907810304,3812358024853461
2,0,2121,1789633741907821568,3812358024864361
2,0,2122,1789633741907832832,3812358024875256
2,0,2123,1789633741907843072,3812358024886163
2,0,2124,1789633741907854336,3812358024897119
2,0,2125,1789633741907865600,3812358024908093
2,0,2126,1789633741907875840,3812358024919019
2,0,2127,1789633741907887104,3812358024929999
2,0,2128,1789633741907898368,3812358024941045
2,0,2129,1789633741907909632,3812358024951925
2,0,2130,1789633741907919872,3812358024962856
2,0,2131,1789633741907931136,3812358024973769
2,0,2132,1789633741907942400,3812358024984667
2,0,2133,1789633741907952640,3812358024995633
2,0,2134,1789633741907963904,3812358025006523
2,0,2135,1789633741907975168,3812358025017396
2,0,2136,1789633741907985408,3812358025028296
2,0,2137,1789633741907996672,3812358025039247
2,0,2138,1789633741908007936,3812358025050260
2,0,2139,1789633741908018176,3812358025061209
2,0,2140,1789633741908029440,3812358025072103
2,0,2141,1789633741908040704,3812358025083022
2,0,2142,1789633741908050944,3812358025093917
2,0,2143,1789633741908062208,3812358025104876
2,0,2144,1789633741908073472,3812358025115809
2,0,2145,1789633741908083712,3812358025126746
2,0,2146,1789633741908094976,3812358025137649
2,0,2147,1789633741908106240,3812358025148559
2,0,2148,1789633741908116480,3812358025159513
2,0,2149,1789633741908127744,3812358025170470
2,0,2150,1789633741908139008,3812358025181373
2,0,2151,1789633741908149248,3812358025192325
2,0,2152,1789633741908160512,3812358025203274
2,0,2153,1789633741908171776,3812358025214165
2,0,2154,1789633741908182016,3812358025225146
2,0,2155,1789633741908193280,3812358025236066
2,0,2156,1789633741908204544,3812358025246982
2,0,2157,1789633741908214784,3812358025257906
2,0,2158,1789633741908226048,3812358025269006
2,0,2159,1789633741908237312,3812358025279921
2,0,2160,1789633741908248576,3812358025290816
2,0,2161,1789633741908258816,3812358025301736
2,0,2162,1789633741908270080,3812358025312669
2,0,2163,1789633741908281344,3812358025323616
2,0,2164,1789633741908291584,3812358025334519
2,0,2165,1789633741908302848,3812358025345439
2,0,2166,1789633741908314112,3812358025356373
2,0,2167,1789633741908324352,3812358025367343
2,0,2168,1789633741908335616,3812358025378263
2,0,2169,1789633741908346880,3812358025389179
2,0,2170,1789633741908357120,3812358025400076
2,0,2171,1789633741908368384,3812358025411149
2,0,2172,1789633741908379648,3812358025422066
2,0,2173,1789633741908389888,3812358025432980
2,0,2174,1789633741908401152,3812358025443919
2,0,2175,1789633741908412416,3812358025454780
2,0,2176,1789633741908422656,3812358025465789
2,0,2177,1789633741908433920,3812358025476739
2,0,2178,1789633741908445184,3812358025487659
2,0,2179,1789633741908455424,3812358025498561
2,0,2180,1789633741908466688,3812358025509546
2,0,2181,1789633741908477952,3812358025520659
2,0,2182,1789633741908489216,3812358025531617
2,0,2183,1789633741908499456,3812358025542560
2,0,2184,1789633741908510720,3812358025553570
2,0,2185,1789633741908521984,3812358025564466
2,0,2186,1789633741908532224,3812358025575410
2,0,2187,1789633741908543488,3812358025586339
2,0,2188,1789633741908554752,3812358025600512
2,0,2189,1789633741908564992,3812358025608205
2,0,2190,1789633741908576256,3812358025619136
2,0,2191,1789633741908587520,3812358025630027
2,0,2192,1789633741908597760,3812358025641045
2,0,2193,1789633741908609024,3812358025651889
2,0,2194,1789633741908620288,3812358025662833
2,0,2195,1789633741908631552,3812358025673805
2,0,2196,1789633741908641792,3812358025684739
2,0,2197,1789633741908653056,3812358025695651
2,0,2198,1789633741908664320,3812358025706616
2,0,2199,1789633741908674560,3812358025717685
2,0,2200,1789633741908685824,3812358025728619
2,0,2201,1789633741908697088,3812358025739525
2,0,2202,1789633741908707328,3812358025750619
2,0,2203,1789633741908718592,3812358025761570
2,0,2204,1789633741908729856,3812358025772462
2,0,2205,1789633741908741120,3812358025783439
2,0,2206,1789633741908751360,3812358025794329
2,0,2207,1789633741908762624,3812358025805249
2,0,2208,1789633741908773888,3812358025816175
2,0,2209,1789633741908784128,3812358025827113
2,0,2210,1789633741908795392,3812358025838060
2,0,2211,1789633741908806656,3812358025848983
2,0,2212,1789633741908816896,3812358025859881
2,0,2213,1789633741908828160,3812358025870832
2,0,2214,1789633741908839424,3812358025881745
2,0,2215,1789633741908849664,3812358025892682
2,0,2216,1789633741908860928,3812358025903620
2,0,2217,1789633741908872192,3812358025914715
2,0,2218,1789633741908882432,3812358025925620
2,0,2219,1789633741908893696,3812358025936585
2,0,2220,1789633741908904960,3812358025947635
2,0,2221,1789633741908916224,3812358025958512
2,0,2222,1789633741908926464,3812358025969420
2,0,2223,1789633741908937728,3812358025980347
2,0,2224,1789633741908948992,3812358025991280
2,0,2225,1789633741908959232,3812358026002262
2,0,2226,1789633741908970496,3812358026013235
2,0,2227,1789633741908981760,3812358026024165
2,0,2228,1789633741908992000,3812358026035095
2,0,2229,1789633741909003264,3812358026046017
2,0,2230,1789633741909014528,3812358026056915
2,0,2231,1789633741909024768,3812358026067872
2,0,2232,1789633741909036032,3812358026078795
2,0,2233,1789633741909047296,3812358026089752
2,0,2234,1789633741909057536,3812358026100660
2,0,2235,1789633741909068800,3812358026111742
2,0,2236,1789633741909080064,3812358026122645
2,0,2237,1789633741909091328,3812358026133585
2,0,2238,1789633741909101568,3812358026144702
2,0,2239,1789633741909112832,3812358026155623
2,0,2240,1789633741909124096,3812358026166538
2,0,2241,1789633741909134336,3812358026177455
2,0,2242,1789633741909145600,3812358026188382
2,0,2243,1789633741909156864,3812358026199302
2,0,2244,1789633741909167104,3812358026210283
2,0,2245,1789633741909178368,3812358026221202
2,0,2246,1789633741909189632,3812358026232122
2,0,2247,1789633741909199872,3812358026243020
2,0,2248,1789633741909211136,3812358026253940
2,0,2249,1789633741909222400,3812358026264895
2,0,2250,1789633741909232640,3812358026275830
2,0,2251,1789633741909243904,3812358026286747
2,0,2252,1789633741909255168,3812358026297672
2,0,2253,1789633741909265408,3812358026308607
2,0,2254,1789633741909276672,3812358026319545
2,0,2255,1789633741909287936,3812358026330492
2,0,2256,1789633741909298176,3812358026341455
2,0,2257,1789633741909309440,3812358026352442
2,0,2258,1789633741909320704,3812358026363400
2,0,2259,1789633741909331968,3812358026374340
2,0,2260,1789633741909342208,3812358026385240
2,0,2261,1789633741909353472,3812358026396335
2,0,2262,1789633741909364736,3812358026407255
2,0,2263,1789633741909374976,3812358026418195
2,0,2264,1789633741909386240,3812358026429115
2,0,2265,1789633741909397504,3812358026439995
2,0,2266,1789633741909407744,3812358026451042
2,0,2267,1789633741909419008,3812358026461905
2,0,2268,1789633741909430272,3812358026472827
2,0,2269,1789633741909440512,3812358026483785
2,0,2270,1789633741909451776,3812358026494710
2,0,2271,1789633741909463040,3812358026505595
2,0,2272,1789633741909473280,3812358026516552
2,0,2273,1789633741909484544,3812358026527497
2,0,2274,1789633741909495808,3812358026538440
2,0,2275,1789633741909507072,3812358026549355
2,0,2276,1789633741909517312,3812358026560442
2,0,2277,1789633741909528576,3812358026571335
2,0,2278,1789633741909539840,3812358026582247
2,0,2279,1789633741909550080,3812358026593183
2,0,2280,1789633741909561344,3812358026604105
2,0,2281,1789633741909572608,3812358026615065
2,0,2282,1789633741909582848,3812358026626007
2,0,2283,1789633741909594112,3812358026636940
2,0,2284,1789633741909605376,3812358026647985
2,0,2285,1789633741909616640,3812358026658962
2,0,2286,1789633741909626880,3812358026669852
2,0,2287,1789633741909638144,3812358026680810
2,0,2288,1789633741909649408,3812358026691715
2,0,2289,1789633741909659648,3812358026702647
2,0,2290,1789633741909670912,3812358026713560
2,0,2291,1789633741909682176,3812358026724502
2,0,2292,1789633741909692416,3812358026735448
2,0,2293,1789633741909703680,3812358026746385
2,0,2294,1789633741909714944,3812358026757294
2,0,2295,1789633741909725184,3812358026768235
2,0,2296,1789633741909736448,3812358026779142
2,0,2297,1789633741909747712,3812358026790055
2,0,2298,1789633741909757952,3812358026801042
2,0,2299,1789633741909769216,3812358026812085
2,0,2300,1789633741909780480,3812358026823027
2,0,2301,1789633741909790720,3812358026833912
2,0,2302,1789633741909801984,3812358026844842
2,0,2303,1789633741909813248,3812358026855792
2,0,2304,1789633741909824512,3812358026866755
2,0,2305,1789633741909834752,3812358026877715
2,0,2306,1789633741909846016,3812358026888635
2,0,2307,1789633741909857280,3812358026899640
2,0,2308,1789633741909867520,3812358026910605
2,0,2309,1789633741909878784,3812358026921490
2,0,2310,1789633741909890048,3812358026932618
2,0,2311,1789633741909900288,3812358026943552
2,0,2312,1789633741909911552,3812358026954502
2,0,2313,1789633741909922816,3812358026965440
2,0,2314,1789633741909934080,3812358026976362
2,0,2315,1789633741909944320,3812358026987452
2,0,2316,1789633741909955584,3812358026998412
2,0,2317,1789633741909966848,3812358027009340
2,0,2318,1789633741909977088,3812358027020255
2,0,2319,1789633741909988352,3812358027031220
2,0,2320,1789633741909999616,3812358027042305
2,0,2321,1789633741910010880,3812358027053195
2,0,2322,1789633741910021120,3812358027064090
2,0,2323,1789633741910032384,3812358027075032
2,0,2324,1789633741910043648,3812358027085920
2,0,2325,1789633741910053888,3812358027096910
2,0,2326,1789633741910065152,3812358027107822
2,0,2327,1789633741910076416,3812358027118735
2,0,2328,1789633741910086656,3812358027129865
2,0,2329,1789633741910097920,3812358027140822
2,0,2330,1789633741910109184,3812358027151742
2,0,2331,1789633741910119424,3812358027162665
2,0,2332,1789633741910130688,3812358027173595
2,0,2333,1789633741910141952,3812358027184512
2,0,2334,1789633741910152192,3812358027195448
2,0,2335,1789633741910163456,3812358027206350
2,0,2336,1789633741910174720,3812358027217305
2,0,2337,1789633741910185984,3812358027228255
2,0,2338,1789633741910196224,3812358027239343
2,0,2339,1789633741910207488,3812358027250270
2,0,2340,1789633741910218752,3812358027261175
2,0,2341,1789633741910228992,3812358027272071
2,0,2342,1789633741910240256,3812358027283022
2,0,2343,1789633741910251520,3812358027293955
2,0,2344,1789633741910261760,3812358027304887
2,0,2345,1789633741910273024,3812358027315865
2,0,2346,1789633741910284288,3812358027326882
2,0,2347,1789633741910295552,3812358027337862
2,0,2348,1789633741910305792,3812358027348812
2,0,2349,1789633741910317056,3812358027359730
2,0,2350,1789633741910328320,3812358027370675
2,0,2351,1789633741910338560,3812358027381745
2,0,2352,1789633741910349824,3812358027392702
2,0,2353,1789633741910361088,3812358027403652
2,0,2354,1789633741910371328,3812358027414680
2,0,2355,1789633741910382592,3812358027425580
2,0,2356,1789633741910393856,3812358027436465
2,0,2357,1789633741910404096,3812358027447415
2,0,2358,1789633741910415360,3812358027458345
2,0,2359,1789633741910426624,3812358027469292
2,0,2360,1789633741910437888,3812358027480275
2,0,2361,1789633741910448128,3812358027491192
2,0,2362,1789633741910459392,3812358027502105
2,0,2363,1789633741910470656,3812358027513055
2,0,2364,1789633741910480896,3812358027524162
2,0,2365,1789633741910492160,3812358027535100
2,0,2366,1789633741910503424,3812358027546047
2,0,2367,1789633741910514688,3812358027557085
2,0,2368,1789633741910524928,3812358027568030
2,0,2369,1789633741910536192,3812358027578927
2,0,2370,1789633741910547456,3812358027589858
2,0,2371,1789633741910557696,3812358027600762
2,0,2372,1789633741910568960,3812358027611700
2,0,2373,1789633741910580224,3812358027622650
2,0,2374,1789633741910590464,3812358027633580
2,0,2375,1789633741910601728,3812358027644520
2,0,2376,1789633741910612992,3812358027655460
2,0,2377,1789633741910623232,3812358027666385
2,0,2378,1789633741910634496,3812358027677320
2,0,2379,1789633741910645760,3812358027688262
2,0,2380,1789633741910656000,3812358027699182
2,0,2381,1789633741910667264,3812358027710120
2,0,2382,1789633741910678528,3812358027721210
2,0,2383,1789633741910689792,3812358027732130
2,0,2384,1789633741910700032,3812358027743047
2,0,2385,1789633741910711296,3812358027753922
2,0,2386,1789633741910722560,3812358027764845
2,0,2387,1789633741910732800,3812358027775810
2,0,2388,1789633741910744064,3812358027786745
2,0,2389,1789633741910755328,3812358027797655
2,0,2390,1789633741910765568,3812358027808735
2,0,2391,1789633741910776832,3812358027819707
2,0,2392,1789633741910788096,3812358027830612
2,0,2393,1789633741910798336,3812358027841560
2,0,2394,1789633741910809600,3812358027852512
2,0,2395,1789633741910820864,3812358027863602
2,0,2396,1789633741910832128,3812358027874652
2,0,2397,1789633741910842368,3812358027885585
2,0,2398,1789633741910853632,3812358027896520
2,0,2399,1789633741910864896,3812358027907442
2,0,2400,1789633741910875136,3812358027918360
2,0,2401,1789633741910886400,3812358027929280
2,0,2402,1789633741910897664,3812358027940185
2,0,2403,1789633741910907904,3812358027951143
2,0,2404,1789633741910919168,3812358027962102
2,0,2405,1789633741910930432,3812358027973062
2,0,2406,1789633741910941696,3812358027983995
2,0,2407,1789633741910951936,3812358027994940
2,0,2408,1789633741910963200,3812358028006005
2,0,2409,1789633741910974464,3812358028016952
2,0,2410,1789633741910984704,3812358028027922
2,0,2411,1789633741910995968,3812358028038932
2,0,2412,1789633741911007232,3812358028049878
2,0,2413,1789633741911018496,3812358028060782
2,0,2414,1789633741911028736,3812358028071692
2,0,2415,1789633741911040000,3812358028082637
2,0,2416,1789633741911051264,3812358028093578
2,0,2417,1789633741911061504,3812358028104535
2,0,2418,1789633741911072768,3812358028115455
2,0,2419,1789633741911084032,3812358028126378
2,0,2420,1789633741911094272,3812358028137302
2,0,2421,1789633741911105536,3812358028148432
2,0,2422,1789633741911116800,3812358028159382
2,0,2423,1789633741911127040,3812358028170317
2,0,2424,1789633741911138304,3812358028181343
2,0,2425,1789633741911149568,3812358028192305
2,0,2426,1789633741911160832,3812358028203252
2,0,2427,1789633741911171072,3812358028214247
2,0,2428,1789633741911182336,3812358028225196
2,0,2429,1789633741911193600,3812358028236212
2,0,2430,1789633741911203840,3812358028247095
2,0,2431,1789633741911215104,3812358028257980
2,0,2432,1789633741911226368,3812358028268870
2,0,2433,1789633741911236608,3812358028279832
2,0,2434,1789633741911247872,3812358028290820
2,0,2435,1789633741911259136,3812358028301748
2,0,2436,1789633741911270400,3812358028312672
2,0,2437,1789633741911280640,3812358028323765
2,0,2438,1789633741911291904,3812358028334732
2,0,2439,1789633741911303168,3812358028345630
2,0,2440,1789633741911313408,3812358028356530
2,0,2441,1789633741911324672,3812358028367492
2,0,2442,1789633741911335936,3812358028378412
2,0,2443,1789633741911346176,3812358028389358
2,0,2444,1789633741911357440,3812358028400252
2,0,2445,1789633741911368704,3812358028411197
2,0,2446,1789633741911378944,3812358028422152
2,0,2447,1789633741911390208,3812358028433040
2,0,2448,1789633741911401472,3812358028443985
2,0,2449,1789633741911411712,3812358028454918
2,0,2450,1789633741911422976,3812358028465845
2,0,2451,1789633741911434240,3812358028476765
2,0,2452,1789633741911444480,3812358028487865
2,0,2453,1789633741911455744,3812358028498802
2,0,2454,1789633741911467008,3812358028509727
2,0,2455,1789633741911478272,3812358028520815
2,0,2456,1789633741911488512,3812358028531767
2,0,2457,1789633741911499776,3812358028542640
2,0,2458,1789633741911511040,3812358028553635
2,0,2459,1789633741911521280,3812358028564505
2,0,2460,1789633741911532544,3812358028575415
2,0,2461,1789633741911543808,3812358028586327
2,0,2462,1789633741911554048,3812358028597225
2,0,2463,1789633741911565312,3812358028608155
2,0,2464,1789633741911576576,3812358028619111
2,0,2465,1789633741911586816,3812358028630070
2,0,2466,1789633741911598080,3812358028641042
2,0,2467,1789633741911609344,3812358028651921
2,0,2468,1789633741911619584,3812358028662872
2,0,2469,1789633741911630848,3812358028673802
2,0,2470,1789633741911642112,3812358028684922
2,0,2471,1789633741911653376,3812358028695852
2,0,2472,1789633741911663616,3812358028706759
2,0,2473,1789633741911674880,3812358028717828
2,0,2474,1789633741911686144,3812358028728817
2,0,2475,1789633741911697408,3812358028739720
2,0,2476,1789633741911707648,3812358028750652
2,0,2477,1789633741911718912,3812358028761602
2,0,2478,1789633741911730176,3812358028772702
2,0,2479,1789633741911740416,3812358028783614
2,0,2480,1789633741911751680,3812358028794632
2,0,2481,1789633741911762944,3812358028805627
2,0,2482,1789633741911774208,3812358028816561
2,0,2483,1789633741911784448,3812358028827481
2,0,2484,1789633741911795712,3812358028838437
2,0,2485,1789633741911806976,3812358028849370
2,0,2486,1789633741911817216,3812358028860265
2,0,2487,1789633741911828480,3812358028871252
2,0,2488,1789633741911839744,3812358028882207
2,0,2489,1789633741911849984,3812358028893145
2,0,2490,1789633741911861248,3812358028904100
2,0,2491,1789633741911872512,3812358028915095
2,0,2492,1789633741911882752,3812358028926045
2,0,2493,1789633741911894016,3812358028936962
2,0,2494,1789633741911905280,3812358028948055
2,0,2495,1789633741911916544,3812358028958995
2,0,2496,1789633741911926784,3812358028969885
2,0,2497,1789633741911938048,3812358028980812
2,0,2498,1789633741911949312,3812358028991672
2,0,2499,1789633741911959552,3812358029002652
2,0,2500,1789633741911970816,3812358029013632
2,0,2501,1789633741911982080,3812358029024600
2,0,2502,1789633741911992320,3812358029035565
2,0,2503,1789633741912003584,3812358029046520
2,0,2504,1789633741912014848,3812358029057501
2,0,2505,1789633741912026112,3812358029068465
2,0,2506,1789633741912036352,3812358029079410
2,0,2507,1789633741912047616,3812358029090431
2,0,2508,1789633741912058880,3812358029101379
2,0,2509,1789633741912069120,3812358029112302
2,0,2510,1789633741912080384,3812358029123192
2,0,2511,1789633741912091648,3812358029134155
2,0,2512,1789633741912101888,3812358029145075
2,0,2513,1789633741912113152,3812358029156012
2,0,2514,1789633741912124416,3812358029166967
2,0,2515,1789633741912134656,3812358029177882
2,0,2516,1789633741912145920,3812358029188832
2,0,2517,1789633741912157184,3812358029199910
2,0,2518,1789633741912168448,3812358029210865
2,0,2519,1789633741912178688,3812358029221831
2,0,2520,1789633741912189952,3812358029232855
2,0,2521,1789633741912201216,3812358029243785
2,0,2522,1789633741912211456,3812358029254695
2,0,2523,1789633741912222720,3812358029265595
2,0,2524,1789633741912233984,3812358029276515
2,0,2525,1789633741912244224,3812358029287465
2,0,2526,1789633741912255488,3812358029298362
2,0,2527,1789633741912266752,3812358029309265
2,0,2528,1789633741912276992,3812358029320217
2,0,2529,1789633741912288256,3812358029331182
2,0,2530,1789633741912299520,3812358029342125
2,0,2531,1789633741912309760,3812358029353052
2,0,2532,1789633741912321024,3812358029363972
2,0,2533,1789633741912332288,3812358029374875
2,0,2534,1789633741912342528,3812358029385782
2,0,2535,1789633741912353792,3812358029396742
2,0,2536,1789633741912365056,3812358029407677
2,0,2537,1789633741912375296,3812358029418585
2,0,2538,1789633741912386560,3812358029429672
2,0,2539,1789633741912397824,3812358029440592
2,0,2540,1789633741912409088,3812358029451571
2,0,2541,1789633741912419328,3812358029462462
2,0,2542,1789633741912430592,3812358029473387
2,0,2543,1789633741912441856,3812358029484327
2,0,2544,1789633741912452096,3812358029495279
2,0,2545,1789633741912463360,3812358029506212
2,0,2546,1789633741912474624,3812358029517155
2,0,2547,1789633741912484864,3812358029528115
2,0,2548,1789633741912496128,3812358029539140
2,0,2549,1789633741912507392,3812358029550060
2,0,2550,1789633741912518656,3812358029561042
2,0,2551,1789633741912528896,3812358029571960
2,0,2552,1789633741912540160,3812358029582882
2,0,2553,1789633741912551424,3812358029593765
2,0,2554,1789633741912561664,3812358029604715
2,0,2555,1789633741912572928,3812358029615612
2,0,2556,1789633741912584192,3812358029626507
2,0,2557,1789633741912594432,3812358029637437
2,0,2558,1789633741912605696,3812358029648372
2,0,2559,1789633741912616960,3812358029659352
2,0,2560,1789633741912627200,3812358029670252
2,0,2561,1789633741912638464,3812358029681214
2,0,2562,1789633741912649728,3812358029692104
2,0,2563,1789633741912659968,3812358029703041
2,0,2564,1789633741912671232,3812358029713982
2,0,2565,1789633741912682496,3812358029724914
2,0,2566,1789633741912692736,3812358029735822
2,0,2567,1789633741912704000,3812358029746764
2,0,2568,1789633741912715264,3812358029757652
2,0,2569,1789633741912725504,3812358029768584
2,0,2570,1789633741912736768,3812358029779484
2,0,2571,1789633741912748032,3812358029790387
2,0,2572,1789633741912758272,3812358029801311
2,0,2573,1789633741912769536,3812358029812250
2,0,2574,1789633741912780800,3812358029823201
2,0,2575,1789633741912791040,3812358029834130
2,0,2576,1789633741912802304,3812358029845060
2,0,2577,1789633741912813568,3812358029855994
2,0,2578,1789633741912823808,3812358029867094
2,0,2579,1789633741912835072,3812358029877992
2,0,2580,1789633741912846336,3812358029888928
2,0,2581,1789633741912856576,3812358029899852
2,0,2582,1789633741912867840,3812358029910760
2,0,2583,1789633741912879104,3812358029921728
2,0,2584,1789633741912889344,3812358029932647
2,0,2585,1789633741912900608,3812358029943557
2,0,2586,1789633741912911872,3812358029954470
2,0,2587,1789633741912922112,3812358029965434
2,0,2588,1789633741912933376,3812358029976384
2,0,2589,1789633741912944640,3812358029987307
2,0,2590,1789633741912955904,3812358029998191
2,0,2591,1789633741912966144,3812358030009284
2,0,2592,1789633741912977408,3812358030020194
2,0,2593,1789633741912988672,3812358030031124
2,0,2594,1789633741912998912,3812358030042032
2,0,2595,1789633741913010176,3812358030052900
2,0,2596,1789633741913021440,3812358030063900
2,0,2597,1789633741913031680,3812358030074814
2,0,2598,1789633741913042944,3812358030085727
2,0,2599,1789633741913054208,3812358030096654
2,0,2600,1789633741913064448,3812358030107582
2,0,2601,1789633741913075712,3812358030118528
2,0,2602,1789633741913086976,3812358030129477
2,0,2603,1789633741913097216,3812358030140402
2,0,2604,1789633741913108480,3812358030151342
2,0,2605,1789633741913119744,3812358030162254
2,0,2606,1789633741913129984,3812358030173177
2,0,2607,1789633741913141248,3812358030184084
2,0,2608,1789633741913152512,3812358030194964
2,0,2609,1789633741913162752,3812358030205904
2,0,2610,1789633741913174016,3812358030216827
2,0,2611,1789633741913185280,3812358030227764
2,0,2612,1789633741913195520,3812358030238712
2,0,2613,1789633741913206784,3812358030249627
2,0,2614,1789633741913218048,3812358030260539
2,0,2615,1789633741913228288,3812358030271497
2,0,2616,1789633741913239552,3812358030282444
2,0,2617,1789633741913250816,3812358030293387
2,0,2618,1789633741913261056,3812358030304314
2,0,2619,1789633741913272320,3812358030315238
2,0,2620,1789633741913283584,3812358030326177
2,0,2621,1789633741913293824,3812358030337277
2,0,2622,1789633741913305088,3812358030348180
2,0,2623,1789633741913316352,3812358030359064
2,0,2624,1789633741913327616,3812358030369940
2,0,2625,1789633741913337856,3812358030380864
2,0,2626,1789633741913349120,3812358030391877
2,0,2627,1789633741913360384,3812358030402774
2,0,2628,1789633741913370624,3812358030413717
2,0,2629,1789633741913381888,3812358030424830
2,0,2630,1789633741913393152,3812358030435784
2,0,2631,1789633741913403392,3812358030446690
2,0,2632,1789633741913414656,3812358030457654
2,0,2633,1789633741913425920,3812358030468588
2,0,2634,1789633741913437184,3812358030479700
2,0,2635,1789633741913447424,3812358030490641
2,0,2636,1789633741913458688,3812358030501572
2,0,2637,1789633741913469952,3812358030512597
2,0,2638,1789633741913480192,3812358030523530
2,0,2639,1789633741913491456,3812358030534417
2,0,2640,1789633741913502720,3812358030545357
2,0,2641,1789633741913512960,3812358030556270
2,0,2642,1789633741913524224,3812358030567212
2,0,2643,1789633741913535488,3812358030578162
2,0,2644,1789633741913546752,3812358030589098
2,0,2645,1789633741913556992,3812358030600062
2,0,2646,1789633741913568256,3812358030610954
2,0,2647,1789633741913579520,3812358030621884
2,0,2648,1789633741913589760,3812358030632792
2,0,2649,1789633741913601024,3812358030643727
2,0,2650,1789633741913612288,3812358030654610
2,0,2651,1789633741913622528,3812358030665582
2,0,2652,1789633741913633792,3812358030676480
2,0,2653,1789633741913645056,3812358030687420
2,0,2654,1789633741913655296,3812358030698304
2,0,2655,1789633741913666560,3812358030709212
2,0,2656,1789633741913676800,3812358030720134
2,0,2657,1789633741913688064,3812358030731082
2,0,2658,1789633741913699328,3812358030742024
2,0,2659,1789633741913710592,3812358030752917
2,0,2660,1789633741913720832,3812358030763854
2,0,2661,1789633741913732096,3812358030774752
2,0,2662,1789633741913743360,3812358030785712
2,0,2663,1789633741913753600,3812358030796647
2,0,2664,1789633741913764864,3812358030807590
2,0,2665,1789633741913776128,3812358030818527
2,0,2666,1789633741913786368,3812358030829434
2,0,2667,1789633741913797632,3812358030840344
2,0,2668,1789633741913808896,3812358030851252
2,0,2669,1789633741913819136,3812358030862112
2,0,2670,1789633741913830400,3812358030873040
2,0,2671,1789633741913840640,3812358030883964
2,0,2672,1789633741913851904,3812358030894952
2,0,2673,1789633741913863168,3812358030905928
2,0,2674,1789633741913874432,3812358030916828
2,0,2675,1789633741913884672,3812358030927781
2,0,2676,1789633741913895936,3812358030938670
2,0,2677,1789633741913907200,3812358030949607
2,0,2678,1789633741913917440,3812358030960534
2,0,2679,1789633741913928704,3812358030971427
2,0,2680,1789633741913939968,3812358030982412
2,0,2681,1789633741913950208,3812358030993330
2,0,2682,1789633741913961472,3812358031004247
2,0,2683,1789633741913972736,3812358031015172
2,0,2684,1789633741913982976,3812358031026100
2,0,2685,1789633741913994240,3812358031037064
2,0,2686,1789633741914005504,3812358031047994
2,0,2687,1789633741914015744,3812358031058877
2,0,2688,1789633741914027008,3812358031069820
2,0,2689,1789633741914038272,3812358031080747
2,0,2690,1789633741914048512,3812358031091652
2,0,2691,1789633741914059776,3812358031102602
2,0,2692,1789633741914071040,3812358031113712
2,0,2693,1789633741914082304,3812358031124654
2,0,2694,1789633741914092544,3812358031135594
2,0,2695,1789633741914103808,3812358031146611
2,0,2696,1789633741914115072,3812358031157544
2,0,2697,1789633741914125312,3812358031168434
2,0,2698,1789633741914136576,3812358031179362
2,0,2699,1789633741914147840,3812358031190297
2,0,2700,1789633741914158080,3812358031201234
2,0,2701,1789633741914169344,3812358031212177
2,0,2702,1789633741914180608,3812358031223094
2,0,2703,1789633741914190848,3812358031234014
2,0,2704,1789633741914202112,3812358031244944
2,0,2705,1789633741914213376,3812358031255862
2,0,2706,1789633741914223616,3812358031266812
2,0,2707,1789633741914234880,3812358031277741
2,0,2708,1789633741914246144,3812358031288677
2,0,2709,1789633741914256384,3812358031299584
2,0,2710,1789633741914267648,3812358031310492
2,0,2711,1789633741914278912,3812358031321417
2,0,2712,1789633741914289152,3812358031332310
2,0,2713,1789633741914300416,3812358031343270
2,0,2714,1789633741914311680,3812358031354194
2,0,2715,1789633741914321920,3812358031365120
2,0,2716,1789633741914333184,3812358031376072
2,0,2717,1789633741914344448,3812358031386994
2,0,2718,1789633741914354688,3812358031397927
2,0,2719,1789633741914365952,3812358031408884
2,0,2720,1789633741914377216,3812358031419962
2,0,2721,1789633741914388480,3812358031430852
2,0,2722,1789633741914398720,3812358031441764
2,0,2723,1789633741914409984,3812358031452640
2,0,2724,1789633741914421248,3812358031463604
2,0,2725,1789633741914431488,3812358031474577
2,0,2726,1789633741914442752,3812358031485510
2,0,2727,1789633741914454016,3812358031496447
2,0,2728,1789633741914464256,3812358031507531
2,0,2729,1789633741914475520,3812358031518504
2,0,2730,1789633741914486784,3812358031529384
2,0,2731,1789633741914497024,3812358031540345
2,0,2732,1789633741914508288,3812358031551264
2,0,2733,1789633741914519552,3812358031562431
2,0,2734,1789633741914530816,3812358031573364
2,0,2735,1789633741914541056,3812358031584300
2,0,2736,1789633741914552320,3812358031595297
2,0,2737,1789633741914563584,3812358031606262
2,0,2738,1789633741914573824,3812358031617162
2,0,2739,1789633741914585088,3812358031628087
2,0,2740,1789633741914596352,3812358031639004
2,0,2741,1789633741914606592,3812358031649934
2,0,2742,1789633741914617856,3812358031660890
2,0,2743,1789633741914629120,3812358031671807
2,0,2744,1789633741914640384,3812358031682744
2,0,2745,1789633741914650624,3812358031693690
2,0,2746,1789633741914661888,3812358031704791
2,0,2747,1789633741914673152,3812358031715702
2,0,2748,1789633741914683392,3812358031726661
2,0,2749,1789633741914694656,3812358031737722
2,0,2750,1789633741914705920,3812358031748660
2,0,2751,1789633741914717184,3812358031759604
2,0,2752,1789633741914727424,3812358031770544
2,0,2753,1789633741914738688,3812358031781465
2,0,2754,1789633741914749952,3812358031792444
2,0,2755,1789633741914760192,3812358031803362
2,0,2756,1789633741914771456,3812358031814303
2,0,2757,1789633741914782720,3812358031825194
2,0,2758,1789633741914792960,3812358031836122
2,0,2759,1789633741914804224,3812358031847199
2,0,2760,1789633741914815488,3812358031858082
2,0,2761,1789633741914825728,3812358031868994
2,0,2762,1789633741914836992,3812358031879942
2,0,2763,1789633741914848256,3812358031890894
2,0,2764,1789633741914859520,3812358031901847
2,0,2765,1789633741914869760,3812358031912780
2,0,2766,1789633741914881024,3812358031923684
2,0,2767,1789633741914892288,3812358031934762
2,0,2768,1789633741914902528,3812358031945667
2,0,2769,1789633741914913792,3812358031956600
2,0,2770,1789633741914925056,3812358031967522
2,0,2771,1789633741914935296,3812358031978422
2,0,2772,1789633741914946560,3812358031989362
2,0,2773,1789633741914957824,3812358032000312
2,0,2774,1789633741914968064,3812358032011260
2,0,2775,1789633741914979328,3812358032022143
2,0,2776,1789633741914990592,3812358032033090
2,0,2777,1789633741915000832,3812358032044242
2,0,2778,1789633741915012096,3812358032055160
2,0,2779,1789633741915023360,3812358032066072
2,0,2780,1789633741915034624,3812358032076984
2,0,2781,1789633741915044864,3812358032087917
2,0,2782,1789633741915056128,3812358032098852
2,0,2783,1789633741915067392,3812358032109747
2,0,2784,1789633741915077632,3812358032120684
2,0,2785,1789633741915088896,3812358032131540
2,0,2786,1789633741915099136,3812358032142476
2,0,2787,1789633741915110400,3812358032153473
2,0,2788,1789633741915121664,3812358032164370
2,0,2789,1789633741915132928,3812358032175317
2,0,2790,1789633741915143168,3812358032186417
2,0,2791,1789633741915154432,3812358032197381
2,0,2792,1789633741915165696,3812358032208327
2,0,2793,1789633741915175936,3812358032219222
2,0,2794,1789633741915187200,3812358032230150
2,0,2795,1789633741915198464,3812358032241090
2,0,2796,1789633741915208704,3812358032252027
2,0,2797,1789633741915219968,3812358032262932
2,0,2798,1789633741915231232,3812358032273852
2,0,2799,1789633741915241472,3812358032284784
2,0,2800,1789633741915252736,3812358032295744
2,0,2801,1789633741915264000,3812358032306761
2,0,2802,1789633741915275264,3812358032317794
2,0,2803,1789633741915285504,3812358032328840
2,0,2804,1789633741915296768,3812358032339881
2,0,2805,1789633741915308032,3812358032350890
2,0,2806,1789633741915319296,3812358032361987
2,0,2807,1789633741915330560,3812358032373054
2,0,2808,1789633741915340800,3812358032384080
2,0,2809,1789633741915352064,3812358032395134
2,0,2810,1789633741915363328,3812358032406158
2,0,2811,1789633741915374592,3812358032417174
2,0,2812,1789633741915384832,3812358032428317
2,0,2813,1789633741915396096,3812358032439324
2,0,2814,1789633741915407360,3812358032450351
2,0,2815,1789633741915418624,3812358032461322
2,0,2816,1789633741915429888,3812358032472362
2,0,2817,1789633741915440128,3812358032483374
2,0,2818,1789633741915451392,3812358032494434
2,0,2819,1789633741915462656,3812358032505480
2,0,2820,1789633741915473920,3812358032516490
2,0,2821,1789633741915484160,3812358032527497
2,0,2822,1789633741915495424,3812358032538490
2,0,2823,1789633741915506688,3812358032549564
2,0,2824,1789633741915517952,3812358032560501
2,0,2825,1789633741915528192,3812358032571414
2,0,2826,1789633741915539456,3812358032582437
2,0,2827,1789633741915550720,3812358032593351
2,0,2828,1789633741915560960,3812358032604257
2,0,2829,1789633741915572224,3812358032615202
2,0,2830,1789633741915583488,3812358032626112
2,0,2831,1789633741915593728,3812358032637054
2,0,2832,1789633741915604992,3812358032647950
2,0,2833,1789633741915616256,3812358032658872
2,0,2834,1789633741915626496,3812358032669804
2,0,2835,1789633741915637760,3812358032680744
2,0,2836,1789633741915649024,3812358032691677
2,0,2837,1789633741915659264,3812358032702577
2,0,2838,1789633741915670528,3812358032713479
2,0,2839,1789633741915681792,3812358032724422
2,0,2840,1789633741915692032,3812358032735314
2,0,2841,1789633741915703296,3812358032746292
2,0,2842,1789633741915714560,3812358032757244
2,0,2843,1789633741915724800,3812358032768140
2,0,2844,1789633741915736064,3812358032779052
2,0,2845,1789633741915747328,3812358032789972
2,0,2846,1789633741915757568,3812358032800921
2,0,2847,1789633741915768832,3812358032811881
2,0,2848,1789633741915780096,3812358032822834
2,0,2849,1789633741915791360,3812358032833737
2,0,2850,1789633741915801600,3812358032844677
2,0,2851,1789633741915812864,3812358032855576
2,0,2852,1789633741915823104,3812358032866512
2,0,2853,1789633741915834368,3812358032877384
2,0,2854,1789633741915845632,3812358032888364
2,0,2855,1789633741915856896,3812358032899280
2,0,2856,1789633741915867136,3812358032910167
2,0,2857,1789633741915878400,3812358032921160
2,0,2858,1789633741915889664,3812358032932051
2,0,2859,1789633741915899904,3812358032942997
2,0,2860,1789633741915911168,3812358032953930
2,0,2861,1789633741915922432,3812358032965020
2,0,2862,1789633741915932672,3812358032975954
2,0,2863,1789633741915943936,3812358032986934
2,0,2864,1789633741915955200,3812358032997959
2,0,2865,1789633741915966464,3812358033008904
2,0,2866,1789633741915976704,3812358033019802
2,0,2867,1789633741915987968,3812358033030722
2,0,2868,1789633741915999232,3812358033041643
2,0,2869,1789633741916009472,3812358033052584
2,0,2870,1789633741916020736,3812358033063512
2,0,2871,1789633741916032000,3812358033074387
2,0,2872,1789633741916042240,3812358033085322
2,0,2873,1789633741916053504,3812358033096251
2,0,2874,1789633741916064768,3812358033107193
2,0,2875,1789633741916075008,3812358033118164
2,0,2876,1789633741916086272,3812358033129104
2,0,2877,1789633741916097536,3812358033140027
2,0,2878,1789633741916107776,3812358033151047
2,0,2879,1789633741916119040,3812358033162056
2,0,2880,1789633741916130304,3812358033173090
2,0,2881,1789633741916141568,3812358033183977
2,0,2882,1789633741916151808,3812358033194994
2,0,2883,1789633741916163072,3812358033205892
2,0,2884,1789633741916174336,3812358033216810
2,0,2885,1789633741916184576,3812358033227740
2,0,2886,1789633741916195840,3812358033238674
2,0,2887,1789633741916207104,3812358033249627
2,0,2888,1789633741916217344,3812358033260560
2,0,2889,1789633741916228608,3812358033271500
2,0,2890,1789633741916239872,3812358033282434
2,0,2891,1789633741916250112,3812358033293367
2,0,2892,1789633741916261376,3812358033304268
2,0,2893,1789633741916272640,3812358033315220
2,0,2894,1789633741916282880,3812358033326100
2,0,2895,1789633741916294144,3812358033337064
2,0,2896,1789633741916305408,3812358033347994
2,0,2897,1789633741916315648,3812358033358874
2,0,2898,1789633741916326912,3812358033369842
2,0,2899,1789633741916338176,3812358033380761
2,0,2900,1789633741916348416,3812358033391697
2,0,2901,1789633741916359680,3812358033402644
2,0,2902,1789633741916370944,3812358033413710
2,0,2903,1789633741916382208,3812358033424664
2,0,2904,1789633741916392448,3812358033435631
2,0,2905,1789633741916403712,3812358033446637
2,0,2906,1789633741916414976,3812358033457590
2,0,2907,1789633741916425216,3812358033468504
2,0,2908,1789633741916436480,3812358033479427
2,0,2909,1789633741916447744,3812358033490322
2,0,2910,1789633741916457984,3812358033501270
2,0,2911,1789633741916469248,3812358033512214
2,0,2912,1789633741916480512,3812358033523127
2,0,2913,1789633741916490752,3812358033534027
2,0,2914,1789633741916502016,3812358033544982
2,0,2915,1789633741916513280,3812358033555904
2,0,2916,1789633741916523520,3812358033566852
2,0,2917,1789633741916534784,3812358033577780
2,0,2918,1789633741916546048,3812358033588702
2,0,2919,1789633741916556288,3812358033600853
2,0,2920,1789633741916567552,3812358033610540
2,0,2921,1789633741916578816,3812358033621520
2,0,2922,1789633741916589056,3812358033632427
2,0,2923,1789633741916600320,3812358033643344
2,0,2924,1789633741916611584,3812358033654212
2,0,2925,1789633741916621824,3812358033665141
2,0,2926,1789633741916633088,3812358033676080
2,0,2927,1789633741916644352,3812358033686974
2,0,2928,1789633741916654592,3812358033697960
2,0,2929,1789633741916665856,3812358033708887
2,0,2930,1789633741916677120,3812358033719817
2,0,2931,1789633741916688384,3812358033730772
2,0,2932,1789633741916698624,3812358033741704
2,0,2933,1789633741916709888,3812358033752627
2,0,2934,1789633741916721152,3812358033763602
2,0,2935,1789633741916731392,3812358033774624
2,0,2936,1789633741916742656,3812358033785522
2,0,2937,1789633741916753920,3812358033796447
2,0,2938,1789633741916764160,3812358033807380
2,0,2939,1789633741916775424,3812358033818300
2,0,2940,1789633741916786688,3812358033829243
2,0,2941,1789633741916796928,3812358033840160
2,0,2942,1789633741916808192,3812358033851080
2,0,2943,1789633741916819456,3812358033862202
2,0,2944,1789633741916830720,3812358033873114
2,0,2945,1789633741916840960,3812358033884034
2,0,2946,1789633741916852224,3812358033894930
2,0,2947,1789633741916863488,3812358033905874
2,0,2948,1789633741916873728,3812358033916794
2,0,2949,1789633741916884992,3812358033927760
2,0,2950,1789633741916896256,3812358033938696
2,0,2951,1789633741916906496,3812358033949560
2,0,2952,1789633741916917760,3812358033960454
2,0,2953,1789633741916928000,3812358033971427
2,0,2954,1789633741916939264,3812358033982322
2,0,2955,1789633741916950528,3812358033993301
2,0,2956,1789633741916961792,3812358034004244
2,0,2957,1789633741916972032,3812358034015180
2,0,2958,1789633741916983296,3812358034026280
2,0,2959,1789633741916994560,3812358034037207
2,0,2960,1789633741917004800,3812358034048142
2,0,2961,1789633741917016064,3812358034059204
2,0,2962,1789633741917027328,3812358034070154
2,0,2963,1789633741917038592,3812358034081052
2,0,2964,1789633741917048832,3812358034092037
2,0,2965,1789633741917060096,3812358034102937
2,0,2966,1789633741917071360,3812358034113851
2,0,2967,1789633741917081600,3812358034124801
2,0,2968,1789633741917092864,3812358034135710
2,0,2969,1789633741917104128,3812358034146602
2,0,2970,1789633741917114368,3812358034157507
2,0,2971,1789633741917125632,3812358034168464
2,0,2972,1789633741917136896,3812358034179404
2,0,2973,1789633741917147136,3812358034190317
2,0,2974,1789633741917158400,3812358034201230
2,0,2975,1789633741917169664,3812358034212164
2,0,2976,1789633741917179904,3812358034223070
2,0,2977,1789633741917191168,3812358034234022
2,0,2978,1789633741917202432,3812358034244937
2,0,2979,1789633741917212672,3812358034255854
2,0,2980,1789633741917223936,3812358034266730
2,0,2981,1789633741917235200,3812358034277702
2,0,2982,1789633741917245440,3812358034288622
2,0,2983,1789633741917256704,3812358034299522
2,0,2984,1789633741917267968,3812358034310467
2,0,2985,1789633741917278208,3812358034321382
2,0,2986,1789633741917289472,3812358034332330
2,0,2987,1789633741917300736,3812358034343222
2,0,2988,1789633741917310976,3812358034354172
2,0,2989,1789633741917322240,3812358034365070
2,0,2990,1789633741917333504,3812358034376040
2,0,2991,1789633741917343744,3812358034386960
2,0,2992,1789633741917355008,3812358034397882
2,0,2993,1789633741917366272,3812358034408780
2,0,2994,1789633741917376512,3812358034419711
2,0,2995,1789633741917387776,3812358034430642
2,0,2996,1789633741917399040,3812358034441561
2,0,2997,1789633741917409280,3812358034452510
2,0,2998,1789633741917420544,3812358034463424
2,0,2999,1789633741917431808,3812358034474390
2,0,3000,1789633741917442048,3812358034485314
2,0,3001,1789633741917453312,3812358034496244
2,0,3002,1789633741917464576,3812358034507202
2,0,3003,1789633741917474816,3812358034518164
2,0,3004,1789633741917486080,3812358034529100
2,0,3005,1789633741917497344,3812358034540077
2,0,3006,1789633741917508608,3812358034551042
2,0,3007,1789633741917518848,3812358034561952
2,0,3008,1789633741917530112,3812358034572850
2,0,3009,1789633741917541376,3812358034583800
2,0,3010,1789633741917551616,3812358034594704
2,0,3011,1789633741917562880,3812358034605680
2,0,3012,1789633741917574144,3812358034616620
2,0,3013,1789633741917584384,3812358034627584
2,0,3014,1789633741917595648,3812358034638601
2,0,3015,1789633741917606912,3812358034649522
2,0,3016,1789633741917617152,3812358034660442
2,0,3017,1789633741917628416,3812358034671360
2,0,3018,1789633741917639680,3812358034682304
2,0,3019,1789633741917649920,3812358034693232
2,0,3020,1789633741917661184,3812358034704160
2,0,3021,1789633741917672448,3812358034715094
2,0,3022,1789633741917682688,3812358034726001
2,0,3023,1789633741917693952,3812358034736882
2,0,3024,1789633741917705216,3812358034747854
2,0,3025,1789633741917715456,3812358034758781
2,0,3026,1789633741917726720,3812358034769700
2,0,3027,1789633741917737984,3812358034780632
2,0,3028,1789633741917748224,3812358034791562
2,0,3029,1789633741917759488,3812358034802502
2,0,3030,1789633741917770752,3812358034813464
2,0,3031,1789633741917780992,3812358034824390
2,0,3032,1789633741917792256,3812358034835304
2,0,3033,1789633741917803520,3812358034846270
2,0,3034,1789633741917814784,3812358034857332
2,0,3035,1789633741917825024,3812358034868262
2,0,3036,1789633741917836288,3812358034879164
2,0,3037,1789633741917847552,3812358034890086
2,0,3038,1789633741917857792,3812358034901020
2,0,3039,1789633741917869056,3812358034911960
2,0,3040,1789633741917880320,3812358034922902
2,0,3041,1789633741917890560,3812358034933814
2,0,3042,1789633741917901824,3812358034944890
2,0,3043,1789633741917913088,3812358034955830
2,0,3044,1789633741917924352,3812358034966743
2,0,3045,1789633741917934592,3812358034977714
2,0,3046,1789633741917945856,3812358034988634
2,0,3047,1789633741917957120,3812358034999544
2,0,3048,1789633741917967360,3812358035010476
2,0,3049,1789633741917978624,3812358035021390
2,0,3050,1789633741917989888,3812358035032434
2,0,3051,1789633741918000128,3812358035043392
2,0,3052,1789633741918011392,3812358035054350
2,0,3053,1789633741918022656,3812358035065284
2,0,3054,1789633741918032896,3812358035076242
2,0,3055,1789633741918044160,3812358035087312
2,0,3056,1789633741918055424,3812358035098246
2,0,3057,1789633741918066688,3812358035109151
2,0,3058,1789633741918076928,3812358035120042
2,0,3059,1789633741918088192,3812358035131046
2,0,3060,1789633741918099456,3812358035141964
2,0,3061,1789633741918109696,3812358035152922
2,0,3062,1789633741918120960,3812358035163813
2,0,3063,1789633741918132224,3812358035174740
2,0,3064,1789633741918142464,3812358035185726
2,0,3065,1789633741918153728,3812358035196830
2,0,3066,1789633741918164992,3812358035207830
2,0,3067,1789633741918176256,3812358035218837
2,0,3068,1789633741918186496,3812358035229812
2,0,3069,1789633741918197760,3812358035240844
2,0,3070,1789633741918209024,3812358035251902
2,0,3071,1789633741918220288,3812358035262904
2,0,3072,1789633741918230528,3812358035273934
2,0,3073,1789633741918241792,3812358035284936
2,0,3074,1789633741918253056,3812358035296030
2,0,3075,1789633741918264320,3812358035307032
2,0,3076,1789633741918274560,3812358035318054
2,0,3077,1789633741918285824,3812358035329064
2,0,3078,1789633741918297088,3812358035340130
2,0,3079,1789633741918308352,3812358035351180
2,0,3080,1789633741918319616,3812358035362246
2,0,3081,1789633741918329856,3812358035373280
2,0,3082,1789633741918341120,3812358035384322
2,0,3083,1789633741918352384,3812358035395354
2,0,3084,1789633741918363648,3812358035406380
2,0,3085,1789633741918373888,3812358035417371
2,0,3086,1789633741918385152,3812358035428410
2,0,3087,1789633741918396416,3812358035439433
2,0,3088,1789633741918407680,3812358035450461
2,0,3089,1789633741918418944,3812358035461476
2,0,3090,1789633741918429184,3812358035472490
2,0,3091,1789633741918440448,3812358035483610
2,0,3092,1789633741918451712,3812358035494726
2,0,3093,1789633741918462976,3812358035505722
2,0,3094,1789633741918474240,3812358035516771
2,0,3095,1789633741918484480,3812358035527810
2,0,3096,1789633741918495744,3812358035538804
2,0,3097,1789633741918507008,3812358035549802
2,0,3098,1789633741918518272,3812358035560832
2,0,3099,1789633741918528512,3812358035571842
2,0,3100,1789633741918539776,3812358035582852
2,0,3101,1789633741918551040,3812358035593855
2,0,3102,1789633741918562304,3812358035604884
2,0,3103,1789633741918572544,3812358035616002
2,0,3104,1789633741918583808,3812358035626992
2,0,3105,1789633741918595072,3812358035638026
2,0,3106,1789633741918606336,3812358035649017
2,0,3107,1789633741918616576,3812358035660052
2,0,3108,1789633741918627840,3812358035671064
2,0,3109,1789633741918639104,3812358035682094
2,0,3110,1789633741918650368,3812358035693110
2,0,3111,1789633741918661632,3812358035704142
2,0,3112,1789633741918671872,3812358035715127
2,0,3113,1789633741918683136,3812358035726162
2,0,3114,1789633741918694400,3812358035737202
2,0,3115,1789633741918705664,3812358035748239
2,0,3116,1789633741918715904,3812358035759280
2,0,3117,1789633741918727168,3812358035770371
2,0,3118,1789633741918738432,3812358035781407
2,0,3119,1789633741918749696,3812358035792486
2,0,3120,1789633741918760960,3812358035803538
2,0,3121,1789633741918771200,3812358035814590
2,0,3122,1789633741918782464,3812358035825611
2,0,3123,1789633741918793728,3812358035836712
2,0,3124,1789633741918804992,3812358035847706
2,0,3125,1789633741918815232,3812358035858760
2,0,3126,1789633741918826496,3812358035869876
2,0,3127,1789633741918837760,3812358035880872
2,0,3128,1789633741918849024,3812358035891917
2,0,3129,1789633741918860288,3812358035902900
2,0,3130,1789633741918870528,3812358035913932
2,0,3131,1789633741918881792,3812358035924948
2,0,3132,1789633741918893056,3812358035935990
2,0,3133,1789633741918904320,3812358035946990
2,0,3134,1789633741918914560,3812358035957980
2,0,3135,1789633741918925824,3812358035969084
2,0,3136,1789633741918937088,3812358035980094
2,0,3137,1789633741918948352,3812358035991084
2,0,3138,1789633741918958592,3812358036002120
2,0,3139,1789633741918969856,3812358036013184
2,0,3140,1789633741918981120,3812358036024212
2,0,3141,1789633741918992384,3812358036035254
2,0,3142,1789633741919003648,3812358036046320
2,0,3143,1789633741919013888,3812358036057332
2,0,3144,1789633741919025152,3812358036068370
2,0,3145,1789633741919036416,3812358036079352
2,0,3146,1789633741919047680,3812358036090370
2,0,3147,1789633741919057920,3812358036101381
2,0,3148,1789633741919069184,3812358036112492
2,0,3149,1789633741919080448,3812358036123534
2,0,3150,1789633741919091712,3812358036134558
2,0,3151,1789633741919102976,3812358036145502
2,0,3152,1789633741919113216,3812358036156599
2,0,3153,1789633741919124480,3812358036167502
2,0,3154,1789633741919135744,3812358036178442
2,0,3155,1789633741919145984,3812358036189532
2,0,3156,1789633741919157248,3812358036200439
2,0,3157,1789633741919168512,3812358036211346
2,0,3158,1789633741919179776,3812358036222279
2,0,3159,1789633741919190016,3812358036233204
2,0,3160,1789633741919201280,3812358036244142
2,0,3161,1789633741919212544,3812358036255092
2,0,3162,1789633741919222784,3812358036266014
2,0,3163,1789633741919234048,3812358036276956
2,0,3164,1789633741919245312,3812358036287892
2,0,3165,1789633741919255552,3812358036299012
2,0,3166,1789633741919266816,3812358036309962
2,0,3167,1789633741919278080,3812358036320911
2,0,3168,1789633741919289344,3812358036331922
2,0,3169,1789633741919299584,3812358036342864
2,0,3170,1789633741919310848,3812358036353774
2,0,3171,1789633741919322112,3812358036364682
2,0,3172,1789633741919332352,3812358036375567
2,0,3173,1789633741919343616,3812358036386553
2,0,3174,1789633741919354880,3812358036397472
2,0,3175,1789633741919365120,3812358036408351
2,0,3176,1789633741919376384,3812358036419326
2,0,3177,1789633741919387648,3812358036430239
2,0,3178,1789633741919397888,3812358036441172
2,0,3179,1789633741919409152,3812358036452114
2,0,3180,1789633741919420416,3812358036463059
2,0,3181,1789633741919430656,3812358036473989
2,0,3182,1789633741919441920,3812358036484951
2,0,3183,1789633741919453184,3812358036495854
2,0,3184,1789633741919463424,3812358036506801
2,0,3185,1789633741919474688,3812358036517720
2,0,3186,1789633741919485952,3812358036528626
2,0,3187,1789633741919496192,3812358036539538
2,0,3188,1789633741919507456,3812358036550454
2,0,3189,1789633741919518720,3812358036561404
2,0,3190,1789633741919528960,3812358036572309
2,0,3191,1789633741919540224,3812358036583246
2,0,3192,1789633741919551488,3812358036594182
2,0,3193,1789633741919561728,3812358036605094
2,0,3194,1789633741919572992,3812358036615990
2,0,3195,1789633741919584256,3812358036626941
2,0,3196,1789633741919594496,3812358036637869
2,0,3197,1789633741919605760,3812358036648809
2,0,3198,1789633741919617024,3812358036659704
2,0,3199,1789633741919627264,3812358036670646
2,0,3200,1789633741919638528,3812358036681539
2,0,3201,1789633741919649792,3812358036692459
2,0,3202,1789633741919660032,3812358036703394
2,0,3203,1789633741919671296,3812358036714302
2,0,3204,1789633741919682560,3812358036725259
2,0,3205,1789633741919692800,3812358036736172
2,0,3206,1789633741919704064,3812358036747114
2,0,3207,1789633741919715328,3812358036758042
2,0,3208,1789633741919725568,3812358036769152
2,0,3209,1789633741919736832,3812358036780062
2,0,3210,1789633741919748096,3812358036791042
2,0,3211,1789633741919759360,3812358036802096
2,0,3212,1789633741919769600,3812358036813062
2,0,3213,1789633741919780864,3812358036823976
2,0,3214,1789633741919792128,3812358036834895
2,0,3215,1789633741919803392,3812358036845822
2,0,3216,1789633741919813632,3812358036856952
2,0,3217,1789633741919824896,3812358036867889
2,0,3218,1789633741919836160,3812358036878799
2,0,3219,1789633741919846400,3812358036889862
2,0,3220,1789633741919857664,3812358036900794
2,0,3221,1789633741919868928,3812358036911714
2,0,3222,1789633741919879168,3812358036922607
2,0,3223,1789633741919890432,3812358036933589
2,0,3224,1789633741919901696,3812358036944506
2,0,3225,1789633741919912960,3812358036955494
2,0,3226,1789633741919923200,3812358036966401
2,0,3227,1789633741919934464,3812358036977334
2,0,3228,1789633741919945728,3812358036988279
2,0,3229,1789633741919955968,3812358036999359
2,0,3230,1789633741919967232,3812358037010249
2,0,3231,1789633741919978496,3812358037021144
2,0,3232,1789633741919988736,3812358037032286
2,0,3233,1789633741920000000,3812358037043214
2,0,3234,1789633741920011264,3812358037054134
2,0,3235,1789633741920022528,3812358037065044
2,0,3236,1789633741920032768,3812358037075959
2,0,3237,1789633741920044032,3812358037086889
2,0,3238,1789633741920055296,3812358037097854
2,0,3239,1789633741920065536,3812358037108809
2,0,3240,1789633741920076800,3812358037119729
2,0,3241,1789633741920088064,3812358037130684
2,0,3242,1789633741920098304,3812358037141749
2,0,3243,1789633741920109568,3812358037152682
2,0,3244,1789633741920120832,3812358037163664
2,0,3245,1789633741920132096,3812358037174689
2,0,3246,1789633741920142336,3812358037185661
2,0,3247,1789633741920153600,3812358037196574
2,0,3248,1789633741920164864,3812358037207456
2,0,3249,1789633741920175104,3812358037218384
2,0,3250,1789633741920186368,3812358037229312
2,0,3251,1789633741920197632,3812358037240259
2,0,3252,1789633741920207872,3812358037251182
2,0,3253,1789633741920219136,3812358037262132
2,0,3254,1789633741920230400,3812358037273112
2,0,3255,1789633741920240640,3812358037284162
2,0,3256,1789633741920251904,3812358037295144
2,0,3257,1789633741920263168,3812358037306112
2,0,3258,1789633741920274432,3812358037317104
2,0,3259,1789633741920284672,3812358037328072
2,0,3260,1789633741920295936,3812358037339016
2,0,3261,1789633741920307200,3812358037349912
2,0,3262,1789633741920317440,3812358037360839
2,0,3263,1789633741920328704,3812358037371782
2,0,3264,1789633741920339968,3812358037382734
2,0,3265,1789633741920350208,3812358037393654
2,0,3266,1789633741920361472,3812358037404626
2,0,3267,1789633741920372736,3812358037415569
2,0,3268,1789633741920384000,3812358037426584
2,0,3269,1789633741920394240,3812358037437519
2,0,3270,1789633741920405504,3812358037448416
2,0,3271,1789633741920416768,3812358037459309
2,0,3272,1789633741920427008,3812358037470294
2,0,3273,1789633741920438272,3812358037481204
2,0,3274,1789633741920449536,3812358037492144
2,0,3275,1789633741920459776,3812358037503061
2,0,3276,1789633741920471040,3812358037513949
2,0,3277,1789633741920482304,3812358037524872
2,0,3278,1789633741920492544,3812358037535834
2,0,3279,1789633741920503808,3812358037546769
2,0,3280,1789633741920515072,3812358037557747
2,0,3281,1789633741920525312,3812358037568761
2,0,3282,1789633741920536576,3812358037579707
2,0,3283,1789633741920547840,3812358037590631
2,0,3284,1789633741920559104,3812358037601554
2,0,3285,1789633741920569344,3812358037612509
2,0,3286,1789633741920580608,3812358037623413
2,0,3287,1789633741920591872,3812358037634374
2,0,3288,1789633741920602112,3812358037645299
2,0,3289,1789633741920613376,3812358037656226
2,0,3290,1789633741920624640,3812358037667144
2,0,3291,1789633741920634880,3812358037678044
2,0,3292,1789633741920646144,3812358037688939
2,0,3293,1789633741920657408,3812358037699871
2,0,3294,1789633741920667648,3812358037710836
2,0,3295,1789633741920678912,3812358037721792
2,0,3296,1789633741920690176,3812358037732859
2,0,3297,1789633741920700416,3812358037743769
2,0,3298,1789633741920711680,3812358037754684
2,0,3299,1789633741920722944,3812358037765614
2,0,3300,1789633741920733184,3812358037776579
2,0,3301,1789633741920744448,3812358037787472
2,0,3302,1789633741920755712,3812358037798407
2,0,3303,1789633741920765952,3812358037809287
2,0,3304,1789633741920777216,3812358037820169
2,0,3305,1789633741920788480,3812358037831109
2,0,3306,1789633741920798720,3812358037842114
2,0,3307,1789633741920809984,3812358037853064
2,0,3308,1789633741920821248,3812358037863954
2,0,3309,1789633741920831488,3812358037875032
2,0,3310,1789633741920842752,3812358037885982
2,0,3311,1789633741920854016,3812358037896901
2,0,3312,1789633741920865280,3812358037907819
2,0,3313,1789633741920875520,3812358037918752
2,0,3314,1789633741920886784,3812358037929664
2,0,3315,1789633741920898048,3812358037940606
2,0,3316,1789633741920908288,3812358037951484
2,0,3317,1789633741920919552,3812358037962422
2,0,3318,1789633741920930816,3812358037973339
2,0,3319,1789633741920941056,3812358037984281
2,0,3320,1789633741920952320,3812358037995196
2,0,3321,1789633741920963584,3812358038006092
2,0,3322,1789633741920973824,3812358038017041
2,0,3323,1789633741920985088,3812358038027996
2,0,3324,1789633741920996352,3812358038038941
2,0,3325,1789633741921006592,3812358038049899
2,0,3326,1789633741921017856,3812358038060819
2,0,3327,1789633741921029120,3812358038071728
2,0,3328,1789633741921039360,3812358038082686
2,0,3329,1789633741921050624,3812358038093759
2,0,3330,1789633741921061888,3812358038104719
2,0,3331,1789633741921073152,3812358038115670
2,0,3332,1789633741921083392,3812358038126699
2,0,3333,1789633741921094656,3812358038137644
2,0,3334,1789633741921105920,3812358038148548
2,0,3335,1789633741921116160,3812358038159428
2,0,3336,1789633741921127424,3812358038170343
2,0,3337,1789633741921138688,3812358038181321
2,0,3338,1789633741921148928,3812358038192274
2,0,3339,1789633741921160192,3812358038203183
2,0,3340,1789633741921171456,3812358038214148
2,0,3341,1789633741921181696,3812358038225113
2,0,3342,1789633741921192960,3812358038236156
2,0,3343,1789633741921204224,3812358038247114
2,0,3344,1789633741921215488,3812358038258023
2,0,3345,1789633741921225728,3812358038269108
2,0,3346,1789633741921236992,3812358038280082
2,0,3347,1789633741921248256,3812358038291039
2,0,3348,1789633741921258496,3812358038301926
2,0,3349,1789633741921269760,3812358038312849
2,0,3350,1789633741921281024,3812358038323714
2,0,3351,1789633741921291264,3812358038334676
2,0,3352,1789633741921302528,3812358038345572
2,0,3353,1789633741921313792,3812358038356489
2,0,3354,1789633741921324032,3812358038367426
2,0,3355,1789633741921335296,3812358038378348
2,0,3356,1789633741921346560,3812358038389316
2,0,3357,1789633741921356800,3812358038400264
2,0,3358,1789633741921368064,3812358038411166
2,0,3359,1789633741921379328,3812358038422066
2,0,3360,1789633741921389568,3812358038433006
2,0,3361,1789633741921400832,3812358038443916
2,0,3362,1789633741921412096,3812358038454868
2,0,3363,1789633741921422336,3812358038465743
2,0,3364,1789633741921433600,3812358038476663
2,0,3365,1789633741921444864,3812358038487601
2,0,3366,1789633741921455104,3812358038498519
2,0,3367,1789633741921466368,3812358038509461
2,0,3368,1789633741921477632,3812358038520339
2,0,3369,1789633741921487872,3812358038531306
2,0,3370,1789633741921499136,3812358038542251
2,0,3371,1789633741921510400,3812358038553179
2,0,3372,1789633741921521664,3812358038564152
2,0,3373,1789633741921531904,3812358038575126
2,0,3374,1789633741921543168,3812358038586001
2,0,3375,1789633741921554432,3812358038597068
2,0,3376,1789633741921564672,3812358038608019
2,0,3377,1789633741921575936,3812358038618901
2,0,3378,1789633741921587200,3812358038629828
2,0,3379,1789633741921597440,3812358038640746
2,0,3380,1789633741921608704,3812358038651699
2,0,3381,1789633741921619968,3812358038662596
2,0,3382,1789633741921630208,3812358038673510
2,0,3383,1789633741921641472,3812358038684452
2,0,3384,1789633741921652736,3812358038695409
2,0,3385,1789633741921662976,3812358038706324
2,0,3386,1789633741921674240,3812358038717256
2,0,3387,1789633741921685504,3812358038728109
2,0,3388,1789633741921695744,3812358038739081
2,0,3389,1789633741921707008,3812358038750001
2,0,3390,1789633741921718272,3812358038760943
2,0,3391,1789633741921728512,3812358038771849
2,0,3392,1789633741921739776,3812358038782754
2,0,3393,1789633741921751040,3812358038793659
2,0,3394,1789633741921761280,3812358038804639
2,0,3395,1789633741921772544,3812358038815566
2,0,3396,1789633741921783808,3812358038826496
2,0,3397,1789633741921794048,3812358038837421
2,0,3398,1789633741921805312,3812358038848521
2,0,3399,1789633741921816576,3812358038859485
2,0,3400,1789633741921827840,3812358038870425
2,0,3401,1789633741921838080,3812358038881400
2,0,3402,1789633741921849344,3812358038892441
2,0,3403,1789633741921860608,3812358038903368
2,0,3404,1789633741921870848,3812358038914274
2,0,3405,1789633741921882112,3812358038925209
2,0,3406,1789633741921893376,3812358038936301
2,0,3407,1789633741921904640,3812358038947251
2,0,3408,1789633741921914880,3812358038958164
2,0,3409,1789633741921926144,3812358038969105
2,0,3410,1789633741921937408,3812358038980011
2,0,3411,1789633741921947648,3812358038990929
2,0,3412,1789633741921958912,3812358039001854
2,0,3413,1789633741921970176,3812358039012779
2,0,3414,1789633741921980416,3812358039023739
2,0,3415,1789633741921991680,3812358039034645
2,0,3416,1789633741922002944,3812358039045771
2,0,3417,1789633741922014208,3812358039056686
2,0,3418,1789633741922024448,3812358039067605
2,0,3419,1789633741922035712,3812358039078696
2,0,3420,1789633741922046976,3812358039089648
2,0,3421,1789633741922057216,3812358039100596
2,0,3422,1789633741922068480,3812358039111543
2,0,3423,1789633741922079744,3812358039122436
2,0,3424,1789633741922089984,3812358039133348
2,0,3425,1789633741922101248,3812358039144296
2,0,3426,1789633741922112512,3812358039155181
2,0,3427,1789633741922122752,3812358039166094
2,0,3428,1789633741922134016,3812358039177028
2,0,3429,1789633741922145280,3812358039187959
2,0,3430,1789633741922155520,3812358039198912
2,0,3431,1789633741922166784,3812358039209816
2,0,3432,1789633741922178048,3812358039220761
2,0,3433,1789633741922188288,3812358039231692
2,0,3434,1789633741922199552,3812358039242586
2,0,3435,1789633741922210816,3812358039253529
2,0,3436,1789633741922221056,3812358039264419
2,0,3437,1789633741922232320,3812358039275334
2,0,3438,1789633741922243584,3812358039286239
2,0,3439,1789633741922253824,3812358039297185
2,0,3440,1789633741922265088,3812358039308143
2,0,3441,1789633741922276352,3812358039319079
2,0,3442,1789633741922286592,3812358039330024
2,0,3443,1789633741922297856,3812358039340928
2,0,3444,1789633741922309120,3812358039352052
2,0,3445,1789633741922320384,3812358039362992
2,0,3446,1789633741922330624,3812358039373953
2,0,3447,1789633741922341888,3812358039384981
2,0,3448,1789633741922353152,3812358039395935
2,0,3449,1789633741922363392,3812358039406806
2,0,3450,1789633741922374656,3812358039417928
2,0,3451,1789633741922385920,3812358039428841
2,0,3452,1789633741922397184,3812358039439835
2,0,3453,1789633741922407424,3812358039450735
2,0,3454,1789633741922418688,3812358039461632
2,0,3455,1789633741922429952,3812358039472586
2,0,3456,1789633741922440192,3812358039483554
2,0,3457,1789633741922451456,3812358039494489
2,0,3458,1789633741922462720,3812358039505433
2,0,3459,1789633741922472960,3812358039516365
2,0,3460,1789633741922484224,3812358039527392
2,0,3461,1789633741922495488,3812358039538341
2,0,3462,1789633741922506752,3812358039549268
2,0,3463,1789633741922516992,3812358039560211
2,0,3464,1789633741922528256,3812358039571129
2,0,3465,1789633741922539520,3812358039582052
2,0,3466,1789633741922549760,3812358039592979
2,0,3467,1789633741922561024,3812358039603894
2,0,3468,1789633741922572288,3812358039614781
2,0,3469,1789633741922582528,3812358039625666
2,0,3470,1789633741922593792,3812358039636652
2,0,3471,1789633741922605056,3812358039647556
2,0,3472,1789633741922615296,3812358039658466
2,0,3473,1789633741922626560,3812358039669381
2,0,3474,1789633741922637824,3812358039680316
2,0,3475,1789633741922648064,3812358039691259
2,0,3476,1789633741922659328,3812358039702216
2,0,3477,1789633741922670592,3812358039713135
2,0,3478,1789633741922680832,3812358039724092
2,0,3479,1789633741922692096,3812358039735006
2,0,3480,1789633741922703360,3812358039745889
2,0,3481,1789633741922713600,3812358039756804
2,0,3482,1789633741922724864,3812358039767724
2,0,3483,1789633741922736128,3812358039778666
2,0,3484,1789633741922746368,3812358039789561
2,0,3485,1789633741922757632,3812358039800496
2,0,3486,1789633741922768896,3812358039811441
2,0,3487,1789633741922779136,3812358039822425
2,0,3488,1789633741922790400,3812358039833331
2,0,3489,1789633741922801664,3812358039844244
2,0,3490,1789633741922811904,3812358039855165
2,0,3491,1789633741922823168,3812358039866132
2,0,3492,1789633741922834432,3812358039877041
2,0,3493,1789633741922844672,3812358039887948
2,0,3494,1789633741922855936,3812358039898852
2,0,3495,1789633741922867200,3812358039909748
2,0,3496,1789633741922877440,3812358039920701
2,0,3497,1789633741922888704,3812358039931581
2,0,3498,1789633741922899968,3812358039942576
2,0,3499,1789633741922910208,3812358039953444
2,0,3500,1789633741922921472,3812358039964401
2,0,3501,1789633741922932736,3812358039975358
2,0,3502,1789633741922942976,3812358039986278
2,0,3503,1789633741922954240,3812358039997202
2,0,3504,1789633741922965504,3812358040008118
2,0,3505,1789633741922975744,3812358040018994
2,0,3506,1789633741922987008,3812358040029945
2,0,3507,1789633741922998272,3812358040040848
2,0,3508,1789633741923008512,3812358040051748
2,0,3509,1789633741923019776,3812358040062666
2,0,3510,1789633741923031040,3812358040073623
2,0,3511,1789633741923041280,3812358040084658
2,0,3512,1789633741923052544,3812358040095538
2,0,3513,1789633741923063808,3812358040106468
2,0,3514,1789633741923074048,3812358040117374
2,0,3515,1789633741923085312,3812358040128478
2,0,3516,1789633741923096576,3812358040139405
2,0,3517,1789633741923107840,3812358040150318
2,0,3518,1789633741923118080,3812358040161413
2,0,3519,1789633741923129344,3812358040172414
2,0,3520,1789633741923140608,3812358040183284
2,0,3521,1789633741923150848,3812358040194236
2,0,3522,1789633741923162112,3812358040205128
2,0,3523,1789633741923173376,3812358040216034
2,0,3524,1789633741923183616,3812358040226976
2,0,3525,1789633741923194880,3812358040237882
2,0,3526,1789633741923206144,3812358040248785
2,0,3527,1789633741923216384,3812358040259728
2,0,3528,1789633741923227648,3812358040270676
2,0,3529,1789633741923238912,3812358040281598
2,0,3530,1789633741923249152,3812358040292518
2,0,3531,1789633741923260416,3812358040303416
2,0,3532,1789633741923271680,3812358040314324
2,0,3533,1789633741923281920,3812358040325273
2,0,3534,1789633741923293184,3812358040336169
2,0,3535,1789633741923304448,3812358040347065
2,0,3536,1789633741923314688,3812358040358026
2,0,3537,1789633741923325952,3812358040368962
2,0,3538,1789633741923337216,3812358040379905
2,0,3539,1789633741923347456,3812358040390892
2,0,3540,1789633741923358720,3812358040401816
2,0,3541,1789633741923369984,3812358040412750
2,0,3542,1789633741923380224,3812358040423688
2,0,3543,1789633741923391488,3812358040434756
2,0,3544,1789633741923402752,3812358040445663
2,0,3545,1789633741923414016,3812358040456588
2,0,3546,1789633741923424256,3812358040467496
2,0,3547,1789633741923435520,3812358040478436
2,0,3548,1789633741923446784,3812358040489385
2,0,3549,1789633741923457024,3812358040500293
2,0,3550,1789633741923468288,3812358040511189
2,0,3551,1789633741923479552,3812358040522133
2,0,3552,1789633741923489792,3812358040533085
2,0,3553,1789633741923501056,3812358040543993
2,0,3554,1789633741923512320,3812358040554945
2,0,3555,1789633741923522560,3812358040565852
2,0,3556,1789633741923533824,3812358040576934
2,0,3557,1789633741923545088,3812358040587844
2,0,3558,1789633741923555328,3812358040598798
2,0,3559,1789633741923566592,3812358040609712
2,0,3560,1789633741923577856,3812358040620654
2,0,3561,1789633741923588096,3812358040631578
2,0,3562,1789633741923599360,3812358040642525
2,0,3563,1789633741923610624,3812358040653431
2,0,3564,1789633741923620864,3812358040664336
2,0,3565,1789633741923632128,3812358040675258
2,0,3566,1789633741923643392,3812358040686186
2,0,3567,1789633741923653632,3812358040697165
2,0,3568,1789633741923664896,3812358040708063
2,0,3569,1789633741923676160,3812358040719005
2,0,3570,1789633741923686400,3812358040729912
2,0,3571,1789633741923697664,3812358040740808
2,0,3572,1789633741923708928,3812358040751788
2,0,3573,1789633741923720192,3812358040762711
2,0,3574,1789633741923730432,3812358040773651
2,0,3575,1789633741923741696,3812358040784648
2,0,3576,1789633741923752960,3812358040795656
2,0,3577,1789633741923763200,3812358040806574
2,0,3578,1789633741923774464,3812358040817451
2,0,3579,1789633741923785728,3812358040828364
2,0,3580,1789633741923795968,3812358040839328
2,0,3581,1789633741923807232,3812358040850294
2,0,3582,1789633741923818496,3812358040861258
2,0,3583,1789633741923828736,3812358040872194
2,0,3584,1789633741923840000,3812358040883212
2,0,3585,1789633741923851264,3812358040894131
2,0,3586,1789633741923862528,3812358040905051
2,0,3587,1789633741923872768,3812358040915966
2,0,3588,1789633741923884032,3812358040926876
2,0,3589,1789633741923894272,3812358040937845
2,0,3590,1789633741923905536,3812358040948778
2,0,3591,1789633741923916800,3812358040959698
2,0,3592,1789633741923928064,3812358040970615
2,0,3593,1789633741923938304,3812358040981545
2,0,3594,1789633741923949568,3812358040992465
2,0,3595,1789633741923960832,3812358041003432
2,0,3596,1789633741923971072,3812358041014325
2,0,3597,1789633741923982336,3812358041025292
2,0,3598,1789633741923993600,3812358041036188
2,0,3599,1789633741924003840,3812358041047138
2,0,3600,1789633741924015104,3812358041058058
2,0,3601,1789633741924026368,3812358041069001
2,0,3602,1789633741924036608,3812358041079911
2,0,3603,1789633741924047872,3812358041090874
2,0,3604,1789633741924059136,3812358041101768
2,0,3605,1789633741924069376,3812358041112682
2,0,3606,1789633741924080640,3812358041123585
2,0,3607,1789633741924091904,3812358041134526
2,0,3608,1789633741924102144,3812358041145444
2,0,3609,1789633741924113408,3812358041156396
2,0,3610,1789633741924124672,3812358041167348
2,0,3611,1789633741924134912,3812358041178261
2,0,3612,1789633741924146176,3812358041189188
2,0,3613,1789633741924157440,3812358041200088
2,0,3614,1789633741924167680,3812358041211221
2,0,3615,1789633741924178944,3812358041222105
2,0,3616,1789633741924190208,3812358041233054
2,0,3617,1789633741924200448,3812358041243946
2,0,3618,1789633741924211712,3812358041254861
2,0,3619,1789633741924222976,3812358041265816
2,0,3620,1789633741924233216,3812358041276728
2,0,3621,1789633741924244480,3812358041287618
2,0,3622,1789633741924255744,3812358041298568
2,0,3623,1789633741924267008,3812358041309548
2,0,3624,1789633741924277248,3812358041320461
2,0,3625,1789633741924288512,3812358041331423
2,0,3626,1789633741924299776,3812358041342444
2,0,3627,1789633741924310016,3812358041353365
2,0,3628,1789633741924321280,3812358041364285
2,0,3629,1789633741924332544,3812358041375205
2,0,3630,1789633741924342784,3812358041386116
2,0,3631,1789633741924354048,3812358041397049
2,0,3632,1789633741924365312,3812358041408000
2,0,3633,1789633741924375552,3812358041418905
2,0,3634,1789633741924386816,3812358041429811
2,0,3635,1789633741924398080,3812358041440748
2,0,3636,1789633741924408320,3812358041451663
2,0,3637,1789633741924419584,3812358041462616
2,0,3638,1789633741924430848,3812358041473583
2,0,3639,1789633741924441088,3812358041484501
2,0,3640,1789633741924452352,3812358041495444
2,0,3641,1789633741924463616,3812358041506355
2,0,3642,1789633741924473856,3812358041517501
2,0,3643,1789633741924485120,3812358041528373
2,0,3644,1789633741924496384,3812358041539284
2,0,3645,1789633741924507648,3812358041550164
2,0,3646,1789633741924517888,3812358041561124
2,0,3647,1789633741924529152,3812358041572101
2,0,3648,1789633741924540416,3812358041583023
2,0,3649,1789633741924550656,3812358041593931
2,0,3650,1789633741924561920,3812358041605023
2,0,3651,1789633741924573184,3812358041615956
2,0,3652,1789633741924583424,3812358041626898
2,0,3653,1789633741924594688,3812358041637853
2,0,3654,1789633741924605952,3812358041648765
2,0,3655,1789633741924616192,3812358041659708
2,0,3656,1789633741924627456,3812358041670625
2,0,3657,1789633741924638720,3812358041681591
2,0,3658,1789633741924648960,3812358041692476
2,0,3659,1789633741924660224,3812358041703406
2,0,3660,1789633741924671488,3812358041714313
2,0,3661,1789633741924681728,3812358041725253
2,0,3662,1789633741924692992,3812358041736136
2,0,3663,1789633741924704256,3812358041747046
2,0,3664,1789633741924714496,3812358041757965
2,0,3665,1789633741924725760,3812358041768898
2,0,3666,1789633741924737024,3812358041779851
2,0,3667,1789633741924747264,3812358041790771
2,0,3668,1789633741924758528,3812358041801724
2,0,3669,1789633741924769792,3812358041812638
2,0,3670,1789633741924781056,3812358041823554
2,0,3671,1789633741924791296,3812358041834496
2,0,3672,1789633741924802560,3812358041845449
2,0,3673,1789633741924813824,3812358041856364
2,0,3674,1789633741924824064,3812358041867278
2,0,3675,1789633741924835328,3812358041878381
2,0,3676,1789633741924846592,3812358041889291
2,0,3677,1789633741924856832,3812358041900191
2,0,3678,1789633741924868096,3812358041911134
2,0,3679,1789633741924879360,3812358041922068
2,0,3680,1789633741924889600,3812358041933001
2,0,3681,1789633741924900864,3812358041943951
2,0,3682,1789633741924912128,3812358041954848
2,0,3683,1789633741924922368,3812358041965928
2,0,3684,1789633741924933632,3812358041976924
2,0,3685,1789633741924944896,3812358041987854
2,0,3686,1789633741924956160,3812358041998749
2,0,3687,1789633741924966400,3812358042009661
2,0,3688,1789633741924977664,3812358042020576
2,0,3689,1789633741924988928,3812358042031524
2,0,3690,1789633741924999168,3812358042042531
2,0,3691,1789633741925010432,3812358042053556
2,0,3692,1789633741925021696,3812358042064566
2,0,3693,1789633741925031936,3812358042075568
2,0,3694,1789633741925043200,3812358042086556
2,0,3695,1789633741925054464,3812358042097588
2,0,3696,1789633741925065728,3812358042108628
2,0,3697,1789633741925076992,3812358042119635
2,0,3698,1789633741925087232,3812358042130653
2,0,3699,1789633741925098496,3812358042141786
2,0,3700,1789633741925109760,3812358042152834
2,0,3701,1789633741925121024,3812358042163851
2,0,3702,1789633741925131264,3812358042174951
2,0,3703,1789633741925142528,3812358042185981
2,0,3704,1789633741925153792,3812358042197051
2,0,3705,1789633741925165056,3812358042208111
2,0,3706,1789633741925176320,3812358042219151
2,0,3707,1789633741925186560,3812358042230181
2,0,3708,1789633741925197824,3812358042241281
2,0,3709,1789633741925209088,3812358042252328
2,0,3710,1789633741925220352,3812358042263361
2,0,3711,1789633741925231616,3812358042274445
2,0,3712,1789633741925242880,3812358042285514
2,0,3713,1789633741925253120,3812358042296544
2,0,3714,1789633741925264384,3812358042307618
2,0,3715,1789633741925275648,3812358042318658
2,0,3716,1789633741925286912,3812358042329698
2,0,3717,1789633741925297152,3812358042340778
2,0,3718,1789633741925308416,3812358042351828
2,0,3719,1789633741925319680,3812358042362856
2,0,3720,1789633741925330944,3812358042373948
2,0,3721,1789633741925342208,3812358042384981
2,0,3722,1789633741925352448,3812358042396028
2,0,3723,1789633741925363712,3812358042407106
2,0,3724,1789633741925374976,3812358042418101
2,0,3725,1789633741925386240,3812358042429065
2,0,3726,1789633741925396480,3812358042440076
2,0,3727,1789633741925407744,3812358042451071
2,0,3728,1789633741925419008,3812358042462065
2,0,3729,1789633741925430272,3812358042473151
2,0,3730,1789633741925441536,3812358042484176
2,0,3731,1789633741925451776,3812358042495184
2,0,3732,1789633741925463040,3812358042506181
2,0,3733,1789633741925474304,3812358042517191
2,0,3734,1789633741925485568,3812358042528238
2,0,3735,1789633741925495808,3812358042539334
2,0,3736,1789633741925507072,3812358042550324
2,0,3737,1789633741925518336,3812358042561383
2,0,3738,1789633741925529600,3812358042572478
2,0,3739,1789633741925540864,3812358042583528
2,0,3740,1789633741925551104,3812358042594498
2,0,3741,1789633741925562368,3812358042605526
2,0,3742,1789633741925573632,3812358042616528
2,0,3743,1789633741925584896,3812358042627548
2,0,3744,1789633741925595136,3812358042638605
2,0,3745,1789633741925606400,3812358042649618
2,0,3746,1789633741925617664,3812358042660713
2,0,3747,1789633741925628928,3812358042671721
2,0,3748,1789633741925639168,3812358042682724
2,0,3749,1789633741925650432,3812358042693725
2,0,3750,1789633741925661696,3812358042704724
2,0,3751,1789633741925672960,3812358042715756
2,0,3752,1789633741925683200,3812358042726756
2,0,3753,1789633741925694464,3812358042737766
2,0,3754,1789633741925705728,3812358042748798
2,0,3755,1789633741925716992,3812358042759921
2,0,3756,1789633741925728256,3812358042770931
2,0,3757,1789633741925738496,3812358042781928
2,0,3758,1789633741925749760,3812358042793108
2,0,3759,1789633741925761024,3812358042804103
2,0,3760,1789633741925772288,3812358042815136
2,0,3761,1789633741925783552,3812358042826250
2,0,3762,1789633741925793792,3812358042837276
2,0,3763,1789633741925805056,3812358042848308
2,0,3764,1789633741925816320,3812358042859408
2,0,3765,1789633741925827584,3812358042870448
2,0,3766,1789633741925837824,3812358042881458
2,0,3767,1789633741925849088,3812358042892589
2,0,3768,1789633741925860352,3812358042903503
2,0,3769,1789633741925871616,3812358042914424
2,0,3770,1789633741925881856,3812358042925365
2,0,3771,1789633741925893120,3812358042936251
2,0,3772,1789633741925904384,3812358042947196
2,0,3773,1789633741925914624,3812358042958105
2,0,3774,1789633741925925888,3812358042969031
2,0,3775,1789633741925937152,3812358042979948
2,0,3776,1789633741925947392,3812358042990874
2,0,3777,1789633741925958656,3812358043001818
2,0,3778,1789633741925969920,3812358043012741
2,0,3779,1789633741925980160,3812358043023659
2,0,3780,1789633741925991424,3812358043034638
2,0,3781,1789633741926002688,3812358043045565
2,0,3782,1789633741926012928,3812358043056463
2,0,3783,1789633741926024192,3812358043067396
2,0,3784,1789633741926035456,3812358043078316
2,0,3785,1789633741926045696,3812358043089256
2,0,3786,1789633741926056960,3812358043100188
2,0,3787,1789633741926068224,3812358043111105
2,0,3788,1789633741926078464,3812358043122036
2,0,3789,1789633741926089728,3812358043132943
2,0,3790,1789633741926100992,3812358043143851
2,0,3791,1789633741926111232,3812358043154728
2,0,3792,1789633741926122496,3812358043165694
2,0,3793,1789633741926133760,3812358043176601
2,0,3794,1789633741926144000,3812358043187526
2,0,3795,1789633741926155264,3812358043198441
2,0,3796,1789633741926166528,3812358043209401
2,0,3797,1789633741926176768,3812358043220321
2,0,3798,1789633741926188032,3812358043231248
2,0,3799,1789633741926199296,3812358043242126
2,0,3800,1789633741926209536,3812358043253076
2,0,3801,1789633741926220800,3812358043263964
2,0,3802,1789633741926232064,3812358043274961
2,0,3803,1789633741926242304,3812358043285886
2,0,3804,1789633741926253568,3812358043296773
2,0,3805,1789633741926264832,3812358043307691
2,0,3806,1789633741926275072,3812358043318611
2,0,3807,1789633741926286336,3812358043329561
2,0,3808,1789633741926297600,3812358043340488
2,0,3809,1789633741926308864,3812358043351416
2,0,3810,1789633741926319104,3812358043362427
2,0,3811,1789633741926330368,3812358043373405
2,0,3812,1789633741926341632,3812358043384416
2,0,3813,1789633741926351872,3812358043395388
2,0,3814,1789633741926363136,3812358043406338
2,0,3815,1789633741926374400,3812358043417348
2,0,3816,1789633741926385664,3812358043428268
2,0,3817,1789633741926395904,3812358043439198
2,0,3818,1789633741926407168,3812358043450108
2,0,3819,1789633741926418432,3812358043461051
2,0,3820,1789633741926428672,3812358043471973
2,0,3821,1789633741926439936,3812358043482958
2,0,3822,1789633741926451200,3812358043493881
2,0,3823,1789633741926461440,3812358043504798
2,0,3824,1789633741926472704,3812358043515761
2,0,3825,1789633741926483968,3812358043526818
2,0,3826,1789633741926494208,3812358043537761
2,0,3827,1789633741926505472,3812358043548658
2,0,3828,1789633741926516736,3812358043559566
2,0,3829,1789633741926526976,3812358043570511
2,0,3830,1789633741926538240,3812358043581448
2,0,3831,1789633741926549504,3812358043592424
2,0,3832,1789633741926560768,3812358043603376
2,0,3833,1789633741926571008,3812358043614388
2,0,3834,1789633741926582272,3812358043625361
2,0,3835,1789633741926593536,3812358043636258
2,0,3836,1789633741926603776,3812358043647213
2,0,3837,1789633741926615040,3812358043658121
2,0,3838,1789633741926626304,3812358043669026
2,0,3839,1789633741926636544,3812358043679961
2,0,3840,1789633741926647808,3812358043690911
2,0,3841,1789633741926659072,3812358043701868
2,0,3842,1789633741926669312,3812358043712766
2,0,3843,1789633741926680576,3812358043723888
2,0,3844,1789633741926691840,3812358043734811
2,0,3845,1789633741926703104,3812358043745765
2,0,3846,1789633741926713344,3812358043756798
2,0,3847,1789633741926724608,3812358043767711
2,0,3848,1789633741926735872,3812358043778601
2,0,3849,1789633741926746112,3812358043789551
2,0,3850,1789633741926757376,3812358043800478
2,0,3851,1789633741926768640,3812358043811423
2,0,3852,1789633741926778880,3812358043822427
2,0,3853,1789633741926790144,3812358043833344
2,0,3854,1789633741926801408,3812358043844331
2,0,3855,1789633741926812672,3812358043855251
2,0,3856,1789633741926822912,3812358043866244
2,0,3857,1789633741926834176,3812358043877181
2,0,3858,1789633741926845440,3812358043888154
2,0,3859,1789633741926855680,3812358043899211
2,0,3860,1789633741926866944,3812358043910165
2,0,3861,1789633741926878208,3812358043921055
2,0,3862,1789633741926888448,3812358043931974
2,0,3863,1789633741926899712,3812358043942858
2,0,3864,1789633741926910976,3812358043953828
2,0,3865,1789633741926921216,3812358043964751
2,0,3866,1789633741926932480,3812358043975648
2,0,3867,1789633741926943744,3812358043986575
2,0,3868,1789633741926953984,3812358043997518
2,0,3869,1789633741926965248,3812358044008467
2,0,3870,1789633741926976512,3812358044019381
2,0,3871,1789633741926986752,3812358044030298
2,0,3872,1789633741926998016,3812358044041229
2,0,3873,1789633741927009280,3812358044052178
2,0,3874,1789633741927019520,3812358044063076
2,0,3875,1789633741927030784,3812358044074007
2,0,3876,1789633741927042048,3812358044084936
2,0,3877,1789633741927052288,3812358044095816
2,0,3878,1789633741927063552,3812358044106718
2,0,3879,1789633741927074816,3812358044117691
2,0,3880,1789633741927086080,3812358044128663
2,0,3881,1789633741927096320,3812358044139575
2,0,3882,1789633741927107584,3812358044150525
2,0,3883,1789633741927118848,3812358044161447
2,0,3884,1789633741927129088,3812358044172404
2,0,3885,1789633741927140352,3812358044183345
2,0,3886,1789633741927151616,3812358044194287
2,0,3887,1789633741927161856,3812358044205230
2,0,3888,1789633741927173120,3812358044216127
2,0,3889,1789633741927184384,3812358044227178
2,0,3890,1789633741927194624,3812358044238084
2,0,3891,1789633741927205888,3812358044249001
2,0,3892,1789633741927217152,3812358044260101
2,0,3893,1789633741927228416,3812358044271051
2,0,3894,1789633741927238656,3812358044281966
2,0,3895,1789633741927249920,3812358044292884
2,0,3896,1789633741927261184,3812358044303798
2,0,3897,1789633741927271424,3812358044314738
2,0,3898,1789633741927282688,3812358044325718
2,0,3899,1789633741927293952,3812358044336663
2,0,3900,1789633741927304192,3812358044347534
2,0,3901,1789633741927315456,3812358044358496
2,0,3902,1789633741927326720,3812358044369391
2,0,3903,1789633741927336960,3812358044380318
2,0,3904,1789633741927348224,3812358044391207
2,0,3905,1789633741927359488,3812358044402124
2,0,3906,1789633741927369728,3812358044413044
2,0,3907,1789633741927380992,3812358044423976
2,0,3908,1789633741927392256,3812358044434908
2,0,3909,1789633741927402496,3812358044445825
2,0,3910,1789633741927413760,3812358044456798
2,0,3911,1789633741927425024,3812358044467745
2,0,3912,1789633741927435264,3812358044478848
2,0,3913,1789633741927446528,3812358044489765
2,0,3914,1789633741927457792,3812358044500757
2,0,3915,1789633741927469056,3812358044511774
2,0,3916,1789633741927479296,3812358044522738
2,0,3917,1789633741927490560,3812358044533625
2,0,3918,1789633741927501824,3812358044544616
2,0,3919,1789633741927512064,3812358044555501
2,0,3920,1789633741927523328,3812358044566424
2,0,3921,1789633741927534592,3812358044577351
2,0,3922,1789633741927544832,3812358044588244
2,0,3923,1789633741927556096,3812358044599167
2,0,3924,1789633741927567360,3812358044610087
2,0,3925,1789633741927577600,3812358044621034
2,0,3926,1789633741927588864,3812358044631956
2,0,3927,1789633741927600128,3812358044642885
2,0,3928,1789633741927610368,3812358044653767
2,0,3929,1789633741927621632,3812358044664726
2,0,3930,1789633741927632896,3812358044675638
2,0,3931,1789633741927643136,3812358044686601
2,0,3932,1789633741927654400,3812358044697516
2,0,3933,1789633741927665664,3812358044708458
2,0,3934,1789633741927675904,3812358044719408
2,0,3935,1789633741927687168,3812358044730301
2,0,3936,1789633741927698432,3812358044741226
2,0,3937,1789633741927708672,3812358044752138
2,0,3938,1789633741927719936,3812358044763087
2,0,3939,1789633741927731200,3812358044773987
2,0,3940,1789633741927741440,3812358044784927
2,0,3941,1789633741927752704,3812358044795878
2,0,3942,1789633741927763968,3812358044806798
2,0,3943,1789633741927774208,3812358044817721
2,0,3944,1789633741927785472,3812358044828676
2,0,3945,1789633741927796736,3812358044839774
2,0,3946,1789633741927808000,3812358044850681
2,0,3947,1789633741927818240,3812358044861556
2,0,3948,1789633741927829504,3812358044872491
2,0,3949,1789633741927840768,3812358044883449
2,0,3950,1789633741927851008,3812358044894367
2,0,3951,1789633741927862272,3812358044905314
2,0,3952,1789633741927873536,3812358044916216
2,0,3953,1789633741927883776,3812358044927301
2,0,3954,1789633741927895040,3812358044938258
2,0,3955,1789633741927906304,3812358044949178
2,0,3956,1789633741927916544,3812358044960127
2,0,3957,1789633741927927808,3812358044971048
2,0,3958,1789633741927939072,3812358044981936
2,0,3959,1789633741927949312,3812358044992856
2,0,3960,1789633741927960576,3812358045003747
2,0,3961,1789633741927971840,3812358045014668
2,0,3962,1789633741927982080,3812358045025611
2,0,3963,1789633741927993344,3812358045036537
2,0,3964,1789633741928004608,3812358045047444
2,0,3965,1789633741928014848,3812358045058341
2,0,3966,1789633741928026112,3812358045069291
2,0,3967,1789633741928037376,3812358045080271
2,0,3968,1789633741928047616,3812358045091196
2,0,3969,1789633741928058880,3812358045102118
2,0,3970,1789633741928070144,3812358045113061
2,0,3971,1789633741928081408,3812358045123996
2,0,3972,1789633741928091648,3812358045134905
2,0,3973,1789633741928102912,3812358045145808
2,0,3974,1789633741928113152,3812358045156748
2,0,3975,1789633741928124416,3812358045167656
2,0,3976,1789633741928135680,3812358045178554
2,0,3977,1789633741928145920,3812358045189478
2,0,3978,1789633741928157184,3812358045200398
2,0,3979,1789633741928168448,3812358045211364
2,0,3980,1789633741928179712,3812358045222305
2,0,3981,1789633741928189952,3812358045233234
2,0,3982,1789633741928201216,3812358045244150
2,0,3983,1789633741928212480,3812358045255076
2,0,3984,1789633741928222720,3812358045266011
2,0,3985,1789633741928233984,3812358045276924
2,0,3986,1789633741928245248,3812358045287847
2,0,3987,1789633741928255488,3812358045298815
2,0,3988,1789633741928266752,3812358045309905
2,0,3989,1789633741928278016,3812358045320860
2,0,3990,1789633741928288256,3812358045331800
2,0,3991,1789633741928299520,3812358045342816
2,0,3992,1789633741928310784,3812358045353751
2,0,3993,1789633741928322048,3812358045364660
2,0,3994,1789633741928332288,3812358045375568
2,0,3995,1789633741928343552,3812358045386465
2,0,3996,1789633741928354816,3812358045397464
2,0,3997,1789633741928365056,3812358045408418
2,0,3998,1789633741928376320,3812358045419368
2,0,3999,1789633741928387584,3812358045430280
2,0,4000,1789633741928397824,3812358045441198
2,0,4001,1789633741928409088,3812358045452126
2,0,4002,1789633741928420352,3812358045463047
2,0,4003,1789633741928430592,3812358045473928
2,0,4004,1789633741928441856,3812358045484851
2,0,4005,1789633741928453120,3812358045495770
2,0,4006,1789633741928463360,3812358045506705
2,0,4007,1789633741928474624,3812358045517618
2,0,4008,1789633741928485888,3812358045528538
2,0,4009,1789633741928496128,3812358045539526
2,0,4010,1789633741928507392,3812358045550438
2,0,4011,1789633741928518656,3812358045561560
2,0,4012,1789633741928528896,3812358045572496
2,0,4013,1789633741928540160,3812358045583408
2,0,4014,1789633741928551424,3812358045594474
2,0,4015,1789633741928562688,3812358045605430
2,0,4016,1789633741928572928,3812358045616326
2,0,4017,1789633741928584192,3812358045627238
2,0,4018,1789633741928595456,3812358045638136
2,0,4019,1789633741928605696,3812358045649100
2,0,4020,1789633741928616960,3812358045659994
2,0,4021,1789633741928628224,3812358045670836
2,0,4022,1789633741928638464,3812358045681745
2,0,4023,1789633741928649728,3812358045692667
2,0,4024,1789633741928660992,3812358045703738
2,0,4025,1789633741928671232,3812358045714676
2,0,4026,1789633741928682496,3812358045725617
2,0,4027,1789633741928693760,3812358045736543
2,0,4028,1789633741928704000,3812358045747486
2,0,4029,1789633741928715264,3812358045758368
2,0,4030,1789633741928726528,3812358045769314
2,0,4031,1789633741928736768,3812358045780351
2,0,4032,1789633741928748032,3812358045791376
2,0,4033,1789633741928759296,3812358045802467
2,0,4034,1789633741928770560,3812358045813510
2,0,4035,1789633741928781824,3812358045824511
2,0,4036,1789633741928792064,3812358045835514
2,0,4037,1789633741928803328,3812358045846507
2,0,4038,1789633741928814592,3812358045857549
2,0,4039,1789633741928825856,3812358045868536
2,0,4040,1789633741928836096,3812358045879576
2,0,4041,1789633741928847360,3812358045890536
2,0,4042,1789633741928858624,3812358045901447
2,0,4043,1789633741928868864,3812358045912471
2,0,4044,1789633741928880128,3812358045923427
2,0,4045,1789633741928891392,3812358045934348
2,0,4046,1789633741928902656,3812358045945291
2,0,4047,1789633741928912896,3812358045956225
2,0,4048,1789633741928924160,3812358045967136
2,0,4049,1789633741928935424,3812358045978036
2,0,4050,1789633741928945664,3812358045988936
2,0,4051,1789633741928956928,3812358045999867
2,0,4052,1789633741928967168,3812358046010780
2,0,4053,1789633741928978432,3812358046021716
2,0,4054,1789633741928989696,3812358046032686
2,0,4055,1789633741929000960,3812358046043608
2,0,4056,1789633741929011200,3812358046054614
2,0,4057,1789633741929022464,3812358046065598
2,0,4058,1789633741929033728,3812358046076578
2,0,4059,1789633741929043968,3812358046087478
2,0,4060,1789633741929055232,3812358046098396
2,0,4061,1789633741929066496,3812358046109487
2,0,4062,1789633741929077760,3812358046120435
2,0,4063,1789633741929088000,3812358046131380
2,0,4064,1789633741929099264,3812358046142310
2,0,4065,1789633741929110528,3812358046153227
2,0,4066,1789633741929120768,3812358046164157
2,0,4067,1789633741929132032,3812358046175091
2,0,4068,1789633741929143296,3812358046185988
2,0,4069,1789633741929153536,3812358046196894
2,0,4070,1789633741929164800,3812358046207844
2,0,4071,1789633741929176064,3812358046218751
2,0,4072,1789633741929186304,3812358046229735
2,0,4073,1789633741929197568,3812358046240670
2,0,4074,1789633741929208832,3812358046251580
2,0,4075,1789633741929219072,3812358046262540
2,0,4076,1789633741929230336,3812358046273611
2,0,4077,1789633741929241600,3812358046284614
2,0,4078,1789633741929252864,3812358046295547
2,0,4079,1789633741929263104,3812358046306528
2,0,4080,1789633741929274368,3812358046317493
2,0,4081,1789633741929285632,3812358046328406
2,0,4082,1789633741929295872,3812358046339311
2,0,4083,1789633741929307136,3812358046350231
2,0,4084,1789633741929318400,3812358046361158
2,0,4085,1789633741929328640,3812358046372100
2,0,4086,1789633741929339904,3812358046383005
2,0,4087,1789633741929351168,3812358046393980
2,0,4088,1789633741929361408,3812358046404958
2,0,4089,1789633741929372672,3812358046416050
2,0,4090,1789633741929383936,3812358046427000
2,0,4091,1789633741929395200,3812358046437927
2,0,4092,1789633741929405440,3812358046448956
2,0,4093,1789633741929416704,3812358046459856
2,0,4094,1789633741929427968,3812358046470810
2,0,4095,1789633741929438208,3812358046481723
2,0,4096,1789633741929449472,3812358046492643
2,0,4097,1789633741929460736,3812358046503568
2,0,4098,1789633741929470976,3812358046514465
2,0,4099,1789633741929482240,3812358046525358
2,0,4100,1789633741929493504,3812358046536313
2,0,4101,1789633741929503744,3812358046547251
2,0,4102,1789633741929515008,3812358046558190
2,0,4103,1789633741929526272,3812358046569156
2,0,4104,1789633741929536512,3812358046580048
2,0,4105,1789633741929547776,3812358046591043
2,0,4106,1789633741929559040,3812358046601900
2,0,4107,1789633741929569280,3812358046612850
2,0,4108,1789633741929580544,3812358046623747
2,0,4109,1789633741929591808,3812358046634630
2,0,4110,1789633741929602048,3812358046645565
2,0,4111,1789633741929613312,3812358046656478
2,0,4112,1789633741929624576,3812358046667433
2,0,4113,1789633741929634816,3812358046678378
2,0,4114,1789633741929646080,3812358046689269
2,0,4115,1789633741929657344,3812358046700176
2,0,4116,1789633741929667584,3812358046711108
2,0,4117,1789633741929678848,3812358046722056
2,0,4118,1789633741929690112,3812358046733010
2,0,4119,1789633741929700352,3812358046743950
2,0,4120,1789633741929711616,3812358046754888
2,0,4121,1789633741929722880,3812358046765825
2,0,4122,1789633741929733120,3812358046776936
2,0,4123,1789633741929744384,3812358046787910
2,0,4124,1789633741929755648,3812358046798823
2,0,4125,1789633741929766912,3812358046809845
2,0,4126,1789633741929777152,3812358046820747
2,0,4127,1789633741929788416,3812358046831678
2,0,4128,1789633741929799680,3812358046842583
2,0,4129,1789633741929809920,3812358046853504
2,0,4130,1789633741929821184,3812358046864477
2,0,4131,1789633741929832448,3812358046875433
2,0,4132,1789633741929843712,3812358046886360
2,0,4133,1789633741929853952,3812358046897265
2,0,4134,1789633741929865216,3812358046908180
2,0,4135,1789633741929876480,3812358046919105
2,0,4136,1789633741929886720,3812358046930016
2,0,4137,1789633741929897984,3812358046940927
2,0,4138,1789633741929908224,3812358046951851
2,0,4139,1789633741929919488,3812358046962763
2,0,4140,1789633741929930752,3812358046973713
2,0,4141,1789633741929940992,3812358046984618
2,0,4142,1789633741929952256,3812358046995538
2,0,4143,1789633741929963520,3812358047006467
2,0,4144,1789633741929974784,3812358047017400
2,0,4145,1789633741929985024,3812358047028350
2,0,4146,1789633741929996288,3812358047039285
2,0,4147,1789633741930007552,3812358047050198
2,0,4148,1789633741930017792,3812358047061167
2,0,4149,1789633741930029056,3812358047072073
2,0,4150,1789633741930040320,3812358047083003
2,0,4151,1789633741930050560,3812358047093963
2,0,4152,1789633741930061824,3812358047104836
2,0,4153,1789633741930073088,3812358047115748
2,0,4154,1789633741930083328,3812358047126663
2,0,4155,1789633741930094592,3812358047137583
2,0,4156,1789633741930105856,3812358047148516
2,0,4157,1789633741930116096,3812358047159478
2,0,4158,1789633741930127360,3812358047170415
2,0,4159,1789633741930138624,3812358047181368
2,0,4160,1789633741930148864,3812358047192465
2,0,4161,1789633741930160128,3812358047203416
2,0,4162,1789633741930171392,3812358047214328
2,0,4163,1789633741930182656,3812358047225380
2,0,4164,1789633741930192896,3812358047236310
2,0,4165,1789633741930204160,3812358047247233
2,0,4166,1789633741930215424,3812358047258127
2,0,4167,1789633741930225664,3812358047269011
2,0,4168,1789633741930236928,3812358047280000
2,0,4169,1789633741930248192,3812358047291038
2,0,4170,1789633741930258432,3812358047301855
2,0,4171,1789633741930269696,3812358047312780
2,0,4172,1789633741930280960,3812358047323707
2,0,4173,1789633741930291200,3812358047334647
2,0,4174,1789633741930302464,3812358047345600
2,0,4175,1789633741930313728,3812358047356513
2,0,4176,1789633741930323968,3812358047367440
2,0,4177,1789633741930335232,3812358047378316
2,0,4178,1789633741930346496,3812358047389258
2,0,4179,1789633741930356736,3812358047400163
2,0,4180,1789633741930368000,3812358047411060
2,0,4181,1789633741930379264,3812358047421996
2,0,4182,1789633741930389504,3812358047432900
2,0,4183,1789633741930400768,3812358047443865
2,0,4184,1789633741930412032,3812358047454773
2,0,4185,1789633741930422272,3812358047465725
2,0,4186,1789633741930433536,3812358047476700
2,0,4187,1789633741930444800,3812358047487627
2,0,4188,1789633741930455040,3812358047498758
2,0,4189,1789633741930466304,3812358047509707
2,0,4190,1789633741930477568,3812358047520636
2,0,4191,1789633741930488832,3812358047531571
2,0,4192,1789633741930499072,3812358047542525
2,0,4193,1789633741930510336,3812358047553456
2,0,4194,1789633741930521600,3812358047564345
2,0,4195,1789633741930531840,3812358047575258
2,0,4196,1789633741930543104,3812358047586275
2,0,4197,1789633741930554368,3812358047597226
2,0,4198,1789633741930564608,3812358047608133
2,0,4199,1789633741930575872,3812358047619058
2,0,4200,1789633741930587136,3812358047629987
2,0,4201,1789633741930597376,3812358047640920
2,0,4202,1789633741930608640,3812358047651911
2,0,4203,1789633741930619904,3812358047662823
2,0,4204,1789633741930630144,3812358047673756
2,0,4205,1789633741930641408,3812358047684685
2,0,4206,1789633741930652672,3812358047695768
2,0,4207,1789633741930663936,3812358047706696
2,0,4208,1789633741930674176,3812358047717593
2,0,4209,1789633741930685440,3812358047728503
2,0,4210,1789633741930696704,3812358047739447
2,0,4211,1789633741930706944,3812358047750396
2,0,4212,1789633741930718208,3812358047761326
2,0,4213,1789633741930729472,3812358047772216
2,0,4214,1789633741930739712,3812358047783085
2,0,4215,1789633741930750976,3812358047794073
2,0,4216,1789633741930762240,3812358047805011
2,0,4217,1789633741930772480,3812358047815978
2,0,4218,1789633741930783744,3812358047826926
2,0,4219,1789633741930795008,3812358047837940
2,0,4220,1789633741930805248,3812358047848898
2,0,4221,1789633741930816512,3812358047859845
2,0,4222,1789633741930827776,3812358047870766
2,0,4223,1789633741930839040,3812358047881716
2,0,4224,1789633741930849280,3812358047892605
2,0,4225,1789633741930860544,3812358047903545
2,0,4226,1789633741930871808,3812358047914476
2,0,4227,1789633741930882048,3812358047925378
2,0,4228,1789633741930893312,3812358047936295
2,0,4229,1789633741930904576,3812358047947448
2,0,4230,1789633741930914816,3812358047958373
2,0,4231,1789633741930926080,3812358047969330
2,0,4232,1789633741930937344,3812358047980353
2,0,4233,1789633741930948608,3812358047991265
2,0,4234,1789633741930958848,3812358048002196
2,0,4235,1789633741930970112,3812358048013125
2,0,4236,1789633741930981376,3812358048024091
2,0,4237,1789633741930991616,3812358048034985
2,0,4238,1789633741931002880,3812358048045950
2,0,4239,1789633741931014144,3812358048056878
2,0,4240,1789633741931024384,3812358048067785
2,0,4241,1789633741931035648,3812358048078688
2,0,4242,1789633741931046912,3812358048089616
2,0,4243,1789633741931057152,3812358048100550
2,0,4244,1789633741931068416,3812358048111478
2,0,4245,1789633741931079680,3812358048122428
2,0,4246,1789633741931089920,3812358048133358
2,0,4247,1789633741931101184,3812358048144486
2,0,4248,1789633741931112448,3812358048155478
2,0,4249,1789633741931123712,3812358048166416
2,0,4250,1789633741931133952,3812358048177388
2,0,4251,1789633741931145216,3812358048188338
2,0,4252,1789633741931156480,3812358048199276
2,0,4253,1789633741931166720,3812358048210207
2,0,4254,1789633741931177984,3812358048221135
2,0,4255,1789633741931189248,3812358048232047
2,0,4256,1789633741931199488,3812358048242950
2,0,4257,1789633741931210752,3812358048253813
2,0,4258,1789633741931222016,3812358048264767
2,0,4259,1789633741931232256,3812358048275673
2,0,4260,1789633741931243520,3812358048286623
2,0,4261,1789633741931254784,3812358048297598
2,0,4262,1789633741931265024,3812358048308533
2,0,4263,1789633741931276288,3812358048319439
2,0,4264,1789633741931287552,3812358048330365
2,0,4265,1789633741931297792,3812358048341273
2,0,4266,1789633741931309056,3812358048352185
2,0,4267,1789633741931320320,3812358048363113
2,0,4268,1789633741931330560,3812358048374023
2,0,4269,1789633741931341824,3812358048384965
2,0,4270,1789633741931353088,3812358048395880
2,0,4271,1789633741931363328,3812358048406836
2,0,4272,1789633741931374592,3812358048417726
2,0,4273,1789633741931385856,3812358048428697
2,0,4274,1789633741931396096,3812358048439625
2,0,4275,1789633741931407360,3812358048450723
2,0,4276,1789633741931418624,3812358048461660
2,0,4277,1789633741931429888,3812358048472643
2,0,4278,1789633741931440128,3812358048483665
2,0,4279,1789633741931451392,3812358048494616
2,0,4280,1789633741931462656,3812358048505551
2,0,4281,1789633741931472896,3812358048516496
2,0,4282,1789633741931484160,3812358048527398
2,0,4283,1789633741931495424,3812358048538288
2,0,4284,1789633741931505664,3812358048549198
2,0,4285,1789633741931516928,3812358048560113
2,0,4286,1789633741931528192,3812358048571033
2,0,4287,1789633741931538432,3812358048581996
2,0,4288,1789633741931549696,3812358048592945
2,0,4289,1789633741931560960,3812358048603898
2,0,4290,1789633741931571200,3812358048614847
2,0,4291,1789633741931582464,3812358048625808
2,0,4292,1789633741931593728,3812358048636778
2,0,4293,1789633741931604992,3812358048647766
2,0,4294,1789633741931615232,3812358048658745
2,0,4295,1789633741931626496,3812358048669708
2,0,4296,1789633741931637760,3812358048680703
2,0,4297,1789633741931648000,3812358048691606
2,0,4298,1789633741931659264,3812358048702507
2,0,4299,1789633741931670528,3812358048713450
2,0,4300,1789633741931680768,3812358048724373
2,0,4301,1789633741931692032,3812358048735323
2,0,4302,1789633741931703296,3812358048746256
2,0,4303,1789633741931713536,3812358048757183
2,0,4304,1789633741931724800,3812358048768140
2,0,4305,1789633741931736064,3812358048779095
2,0,4306,1789633741931747328,3812358048790196
2,0,4307,1789633741931757568,3812358048801140
2,0,4308,1789633741931768832,3812358048812040
2,0,4309,1789633741931780096,3812358048823108
2,0,4310,1789633741931790336,3812358048834017
2,0,4311,1789633741931801600,3812358048844935
2,0,4312,1789633741931812864,3812358048855860
2,0,4313,1789633741931824128,3812358048866796
2,0,4314,1789633741931834368,3812358048877740
2,0,4315,1789633741931845632,3812358048888658
2,0,4316,1789633741931856896,3812358048899573
2,0,4317,1789633741931867136,3812358048910475
2,0,4318,1789633741931878400,3812358048921443
2,0,4319,1789633741931889664,3812358048932413
2,0,4320,1789633741931899904,3812358048943368
2,0,4321,1789633741931911168,3812358048954291
2,0,4322,1789633741931922432,3812358048965252
2,0,4323,1789633741931932672,3812358048976236
2,0,4324,1789633741931943936,3812358048987225
2,0,4325,1789633741931955200,3812358048998123
2,0,4326,1789633741931965440,3812358049009033
2,0,4327,1789633741931976704,3812358049019962
2,0,4328,1789633741931987968,3812358049030896
2,0,4329,1789633741931998208,3812358049041843
2,0,4330,1789633741932009472,3812358049052736
2,0,4331,1789633741932020736,3812358049063670
2,0,4332,1789633741932030976,3812358049074763
2,0,4333,1789633741932042240,3812358049085725
2,0,4334,1789633741932053504,3812358049096648
2,0,4335,1789633741932064768,3812358049107590
2,0,4336,1789633741932075008,3812358049118525
2,0,4337,1789633741932086272,3812358049129636
2,0,4338,1789633741932097536,3812358049140555
2,0,4339,1789633741932108800,3812358049151518
2,0,4340,1789633741932118016,3812358049161538
2,0,4341,1789633741932128256,3812358049171527
2,0,4342,1789633741932138496,3812358049181496
2,0,4343,1789633741932148736,3812358049191456
2,0,4344,1789633741932157952,3812358049201565
2,0,4345,1789633741932168192,3812358049211526
2,0,4346,1789633741932178432,3812358049221465
2,0,4347,1789633741932188672,3812358049231411
2,0,4348,1789633741932197888,3812358049241389
2,0,4349,1789633741932208128,3812358049251358
2,0,4350,1789633741932218368,3812358049261325
2,0,4351,1789633741932228608,3812358049271298
2,0,4352,1789633741932237824,3812358049281235
2,0,4353,1789633741932248064,3812358049291313
2,0,4354,1789633741932258304,3812358049301293
2,0,4355,1789633741932268544,3812358049311245
2,0,4356,1789633741932277760,3812358049321190
2,0,4357,1789633741932288000,3812358049331158
2,0,4358,1789633741932298240,3812358049341125
2,0,4359,1789633741932307456,3812358049351098
2,0,4360,1789633741932317696,3812358049361056
2,0,4361,1789633741932327936,3812358049371036
2,0,4362,1789633741932338176,3812358049381047
2,0,4363,1789633741932347392,3812358049391028
2,0,4364,1789633741932357632,3812358049401038
2,0,4365,1789633741932367872,3812358049410907
2,0,4366,1789633741932378112,3812358049420881
2,0,4367,1789633741932387328,3812358049430858
2,0,4368,1789633741932397568,3812358049440830
2,0,4369,1789633741932407808,3812358049450790
2,0,4370,1789633741932418048,3812358049460773
2,0,4371,1789633741932427264,3812358049470791
2,0,4372,1789633741932437504,3812358049480778
2,0,4373,1789633741932447744,3812358049490711
2,0,4374,1789633741932457984,3812358049500650
2,0,4375,1789633741932467200,3812358049510613
2,0,4376,1789633741932477440,3812358049520586
2,0,4377,1789633741932487680,3812358049530559
2,0,4378,1789633741932496896,3812358049540520
2,0,4379,1789633741932507136,3812358049550460
2,0,4380,1789633741932517376,3812358049560530
2,0,4381,1789633741932527616,3812358049570505
2,0,4382,1789633741932536832,3812358049580443
2,0,4383,1789633741932547072,3812358049590398
2,0,4384,1789633741932557312,3812358049600490
2,0,4385,1789633741932567552,3812358049610333
2,0,4386,1789633741932576768,3812358049620298
2,0,4387,1789633741932587008,3812358049630286
2,0,4388,1789633741932597248,3812358049640243
2,0,4389,1789633741932607488,3812358049650260
2,0,4390,1789633741932616704,3812358049660256
2,0,4391,1789633741932626944,3812358049670188
2,0,4392,1789633741932637184,3812358049680138
2,0,4393,1789633741932647424,3812358049690093
2,0,4394,1789633741932656640,3812358049700060
2,0,4395,1789633741932666880,3812358049710029
2,0,4396,1789633741932677120,3812358049719996
2,0,4397,1789633741932686336,3812358049729945
2,0,4398,1789633741932696576,3812358049739993
2,0,4399,1789633741932706816,3812358049749965
2,0,4400,1789633741932717056,3812358049759920
2,0,4401,1789633741932726272,3812358049769873
2,0,4402,1789633741932736512,3812358049779816
2,0,4403,1789633741932746752,3812358049789790
2,0,4404,1789633741932756992,3812358049799768
2,0,4405,1789633741932766208,3812358049809727
2,0,4406,1789633741932776448,3812358049819662
2,0,4407,1789633741932786688,3812358049829746
2,0,4408,1789633741932796928,3812358049839724
2,0,4409,1789633741932806144,3812358049849676
2,0,4410,1789633741932816384,3812358049859631
2,0,4411,1789633741932826624,3812358049869574
2,0,4412,1789633741932836864,3812358049879542
2,0,4413,1789633741932846080,3812358049889532
2,0,4414,1789633741932856320,3812358049899476
2,0,4415,1789633741932866560,3812358049909421
2,0,4416,1789633741932875776,3812358049919476
2,0,4417,1789633741932886016,3812358049929472
2,0,4418,1789633741932896256,3812358049939406
2,0,4419,1789633741932906496,3812358049949344
2,0,4420,1789633741932915712,3812358049959296
2,0,4421,1789633741932925952,3812358049969256
2,0,4422,1789633741932936192,3812358049979247
2,0,4423,1789633741932946432,3812358049989199
2,0,4424,1789633741932955648,3812358049999159
2,0,4425,1789633741932965888,3812358050009214
2,0,4426,1789633741932976128,3812358050019209
2,0,4427,1789633741932986368,3812358050029157
2,0,4428,1789633741932995584,3812358050039089
2,0,4429,1789633741933005824,3812358050049054
2,0,4430,1789633741933016064,3812358050059046
2,0,4431,1789633741933026304,3812358050069014
2,0,4432,1789633741933035520,3812358050078966
2,0,4433,1789633741933045760,3812358050088941
2,0,4434,1789633741933056000,3812358050098954
2,0,4435,1789633741933066240,3812358050108926
2,0,4436,1789633741933075456,3812358050118873
2,0,4437,1789633741933085696,3812358050128801
2,0,4438,1789633741933095936,3812358050138764
2,0,4439,1789633741933105152,3812358050148741
2,0,4440,1789633741933115392,3812358050158701
2,0,4441,1789633741933125632,3812358050168642
2,0,4442,1789633741933135872,3812358050178596
2,0,4443,1789633741933145088,3812358050188686
2,0,4444,1789633741933155328,3812358050198674
2,0,4445,1789633741933165568,3812358050208624
2,0,4446,1789633741933175808,3812358050218549
2,0,4447,1789633741933185024,3812358050228516
2,0,4448,1789633741933195264,3812358050238484
2,0,4449,1789633741933205504,3812358050248454
2,0,4450,1789633741933215744,3812358050258422
2,0,4451,1789633741933224960,3812358050268364
2,0,4452,1789633741933235200,3812358050278429
2,0,4453,1789633741933245440,3812358050288407
2,0,4454,1789633741933255680,3812358050298356
2,0,4455,1789633741933264896,3812358050308286
2,0,4456,1789633741933275136,3812358050318262
2,0,4457,1789633741933285376,3812358050328229
2,0,4458,1789633741933294592,3812358050338174
2,0,4459,1789633741933304832,3812358050348134
2,0,4460,1789633741933315072,3812358050358096
2,0,4461,1789633741933325312,3812358050368166
2,0,4462,1789633741933334528,3812358050378146
2,0,4463,1789633741933344768,3812358050388096
2,0,4464,1789633741933355008,3812358050398039
2,0,4465,1789633741933365248,3812358050407999
2,0,4466,1789633741933374464,3812358050417964
2,0,4467,1789633741933384704,3812358050427926
2,0,4468,1789633741933394944,3812358050437898
2,0,4469,1789633741933404160,3812358050447824
2,0,4470,1789633741933414400,3812358050457904
2,0,4471,1789633741933424640,3812358050467894
2,0,4472,1789633741933434880,3812358050477854
2,0,4473,1789633741933445120,3812358050487799
2,0,4474,1789633741933454336,3812358050497744
2,0,4475,1789633741933464576,3812358050507712
2,0,4476,1789633741933474816,3812358050517680
2,0,4477,1789633741933484032,3812358050527652
2,0,4478,1789633741933494272,3812358050537626
2,0,4479,1789633741933504512,3812358050547646
2,0,4480,1789633741933514752,3812358050557624
2,0,4481,1789633741933523968,3812358050567547
2,0,4482,1789633741933534208,3812358050577502
2,0,4483,1789633741933544448,3812358050587444
2,0,4484,1789633741933554688,3812358050597412
2,0,4485,1789633741933563904,3812358050607396
2,0,4486,1789633741933574144,3812358050617354
2,0,4487,1789633741933584384,3812358050627276
2,0,4488,1789633741933593600,3812358050637379
2,0,4489,1789633741933603840,3812358050647369
2,0,4490,1789633741933614080,3812358050657314
2,0,4491,1789633741933624320,3812358050667236
2,0,4492,1789633741933633536,3812358050677197
2,0,4493,1789633741933643776,3812358050687182
2,0,4494,1789633741933654016,3812358050697144
2,0,4495,1789633741933664256,3812358050707109
2,0,4496,1789633741933673472,3812358050717059
2,0,4497,1789633741933683712,3812358050727114
2,0,4498,1789633741933693952,3812358050737106
2,0,4499,1789633741933704192,3812358050747031
2,0,4500,1789633741933713408,3812358050756959
2,0,4501,1789633741933723648,3812358050766926
2,0,4502,1789633741933733888,3812358050776899
2,0,4503,1789633741933744128,3812358050786846
2,0,4504,1789633741933753344,3812358050796822
2,0,4505,1789633741933763584,3812358050806766
2,0,4506,1789633741933773824,3812358050816859
2,0,4507,1789633741933784064,3812358050826844
2,0,4508,1789633741933793280,3812358050836764
2,0,4509,1789633741933803520,3812358050846719
2,0,4510,1789633741933813760,3812358050856683
2,0,4511,1789633741933822976,3812358050866649
2,0,4512,1789633741933833216,3812358050876636
2,0,4513,1789633741933843456,3812358050886604
2,0,4514,1789633741933853696,3812358050896579
2,0,4515,1789633741933862912,3812358050906600
2,0,4516,1789633741933873152,3812358050916582
2,0,4517,1789633741933883392,3812358050926534
2,0,4518,1789633741933893632,3812358050936473
2,0,4519,1789633741933902848,3812358050946446
2,0,4520,1789633741933913088,3812358050956419
2,0,4521,1789633741933923328,3812358050966356
2,0,4522,1789633741933933568,3812358050976324
2,0,4523,1789633741933942784,3812358050986257
2,0,4524,1789633741933953024,3812358050996332
2,0,4525,1789633741933963264,3812358051006314
2,0,4526,1789633741933973504,3812358051016246
2,0,4527,1789633741933982720,3812358051026204
2,0,4528,1789633741933992960,3812358051036134
2,0,4529,1789633741934003200,3812358051046129
2,0,4530,1789633741934012416,3812358051056096
2,0,4531,1789633741934022656,3812358051066052
2,0,4532,1789633741934032896,3812358051075994
2,0,4533,1789633741934043136,3812358051086074
2,0,4534,1789633741934052352,3812358051096064
2,0,4535,1789633741934062592,3812358051106009
2,0,4536,1789633741934072832,3812358051115954
2,0,4537,1789633741934083072,3812358051125876
2,0,4538,1789633741934092288,3812358051135856
2,0,4539,1789633741934102528,3812358051145812
2,0,4540,1789633741934112768,3812358051155771
2,0,4541,1789633741934123008,3812358051165724
2,0,4542,1789633741934132224,3812358051175809
2,0,4543,1789633741934142464,3812358051185800
2,0,4544,1789633741934152704,3812358051195746
2,0,4545,1789633741934162944,3812358051205684
2,0,4546,1789633741934172160,3812358051215614
2,0,4547,1789633741934182400,3812358051225604
2,0,4548,1789633741934192640,3812358051235579
2,0,4549,1789633741934201856,3812358051245525
2,0,4550,1789633741934212096,3812358051255472
2,0,4551,1789633741934222336,3812358051265549
2,0,4552,1789633741934232576,3812358051275539
2,0,4553,1789633741934241792,3812358051285483
2,0,4554,1789633741934252032,3812358051295414
2,0,4555,1789633741934262272,3812358051305366
2,0,4556,1789633741934272512,3812358051315350
2,0,4557,1789633741934281728,3812358051325309
2,0,4558,1789633741934291968,3812358051335264
2,0,4559,1789633741934302208,3812358051345209
2,0,4560,1789633741934312448,3812358051355286
2,0,4561,1789633741934321664,3812358051365276
2,0,4562,1789633741934331904,3812358051375214
2,0,4563,1789633741934342144,3812358051385147
2,0,4564,1789633741934352384,3812358051395096
2,0,4565,1789633741934361600,3812358051405059
2,0,4566,1789633741934371840,3812358051415018
2,0,4567,1789633741934382080,3812358051424977
2,0,4568,1789633741934391296,3812358051434929
2,0,4569,1789633741934401536,3812358051445024
2,0,4570,1789633741934411776,3812358051455014
2,0,4571,1789633741934422016,3812358051464960
2,0,4572,1789633741934431232,3812358051474906
2,0,4573,1789633741934441472,3812358051484864
2,0,4574,1789633741934451712,3812358051494824
2,0,4575,1789633741934461952,3812358051504799
2,0,4576,1789633741934471168,3812358051514766
2,0,4577,1789633741934481408,3812358051524692
2,0,4578,1789633741934491648,3812358051534746
2,0,4579,1789633741934501888,3812358051544746
2,0,4580,1789633741934511104,3812358051554696
2,0,4581,1789633741934521344,3812358051564649
2,0,4582,1789633741934531584,3812358051574614
2,0,4583,1789633741934541824,3812358051584624
2,0,4584,1789633741934551040,3812358051594622
2,0,4585,1789633741934561280,3812358051604612
2,0,4586,1789633741934571520,3812358051614749
2,0,4587,1789633741934581760,3812358051624742
2,0,4588,1789633741934590976,3812358051634684
2,0,4589,1789633741934601216,3812358051644629
2,0,4590,1789633741934611456,3812358051654604
2,0,4591,1789633741934621696,3812358051664641
2,0,4592,1789633741934630912,3812358051674657
2,0,4593,1789633741934641152,3812358051684622
2,0,4594,1789633741934651392,3812358051694724
2,0,4595,1789633741934661632,3812358051704724
2,0,4596,1789633741934671872,3812358051714644
2,0,4597,1789633741934681088,3812358051724611
2,0,4598,1789633741934691328,3812358051734614
2,0,4599,1789633741934701568,3812358051744614
2,0,4600,1789633741934711808,3812358051754639
2,0,4601,1789633741934721024,3812358051764629
2,0,4602,1789633741934731264,3812358051774722
2,0,4603,1789633741934741504,3812358051784701
2,0,4604,1789633741934751744,3812358051794659
2,0,4605,1789633741934760960,3812358051804604
2,0,4606,1789633741934771200,3812358051814614
2,0,4607,1789633741934781440,3812358051824629
2,0,4608,1789633741934791680,3812358051834619
2,0,4609,1789633741934800896,3812358051844622
2,0,4610,1789633741934811136,3812358051854689
2,0,4611,1789633741934821376,3812358051864687
2,0,4612,1789633741934831616,3812358051874639
2,0,4613,1789633741934841856,3812358051884607
2,0,4614,1789633741934851072,3812358051894649
2,0,4615,1789633741934861312,3812358051904622
2,0,4616,1789633741934871552,3812358051914624
2,0,4617,1789633741934881792,3812358051924604
2,0,4618,1789633741934891008,3812358051934659
2,0,4619,1789633741934901248,3812358051944659
2,0,4620,1789633741934911488,3812358051954604
2,0,4621,1789633741934921728,3812358051964642
2,0,4622,1789633741934930944,3812358051974636
2,0,4623,1789633741934941184,3812358051984626
2,0,4624,1789633741934951424,3812358051994616
2,0,4625,1789633741934961664,3812358052004592
2,0,4626,1789633741934970880,3812358052014682
2,0,4627,1789633741934981120,3812358052024647
2,0,4628,1789633741934991360,3812358052034592
2,0,4629,1789633741935001600,3812358052044624
2,0,4630,1789633741935011840,3812358052054626
2,0,4631,1789633741935021056,3812358052064634
2,0,4632,1789633741935031296,3812358052074626
2,0,4633,1789633741935041536,3812358052084642
2,0,4634,1789633741935051776,3812358052094649
2,0,4635,1789633741935060992,3812358052104649
2,0,4636,1789633741935071232,3812358052114606
2,0,4637,1789633741935081472,3812358052124604
2,0,4638,1789633741935091712,3812358052134626
2,0,4639,1789633741935100928,3812358052144629
2,0,4640,1789633741935111168,3812358052154614
2,0,4641,1789633741935121408,3812358052164622
2,0,4642,1789633741935131648,3812358052174631
2,0,4643,1789633741935141888,3812358052184629
2,0,4644,1789633741935151104,3812358052194614
2,0,4645,1789633741935161344,3812358052204614
2,0,4646,1789633741935171584,3812358052214636
2,0,4647,1789633741935181824,3812358052224634
2,0,4648,1789633741935191040,3812358052234609
2,0,4649,1789633741935201280,3812358052244606
2,0,4650,1789633741935211520,3812358052254626
2,0,4651,1789633741935221760,3812358052264616
2,0,4652,1789633741935230976,3812358052274599
2,0,4653,1789633741935241216,3812358052284614
2,0,4654,1789633741935251456,3812358052294621
2,0,4655,1789633741935261696,3812358052304629
2,0,4656,1789633741935270912,3812358052314599
2,0,4657,1789633741935281152,3812358052324612
2,0,4658,1789633741935291392,3812358052334609
2,0,4659,1789633741935301632,3812358052344596
2,0,4660,1789633741935310848,3812358052354596
2,0,4661,1789633741935321088,3812358052364606
2,0,4662,1789633741935331328,3812358052374634
2,0,4663,1789633741935341568,3812358052384642
2,0,4664,1789633741935351808,3812358052394606
2,0,4665,1789633741935361024,3812358052404606
2,0,4666,1789633741935371264,3812358052414606
2,0,4667,1789633741935381504,3812358052424574
2,0,4668,1789633741935391744,3812358052434626
2,0,4669,1789633741935400960,3812358052444629
2,0,4670,1789633741935411200,3812358052454629
2,0,4671,1789633741935421440,3812358052464626
2,0,4672,1789633741935431680,3812358052474654
2,0,4673,1789633741935440896,3812358052484624
2,0,4674,1789633741935451136,3812358052494614
2,0,4675,1789633741935461376,3812358052504609
2,0,4676,1789633741935471616,3812358052514662
2,0,4677,1789633741935481856,3812358052524714
2,0,4678,1789633741935491072,3812358052534774
2,0,4679,1789633741935501312,3812358052544816
2,0,4680,1789633741935511552,3812358052554889
2,0,4681,1789633741935521792,3812358052564939
2,0,4682,1789633741935532032,3812358052575004
2,0,4683,1789633741935541248,3812358052585044
2,0,4684,1789633741935551488,3812358052595098
2,0,4685,1789633741935561728,3812358052605156
2,0,4686,1789633741935571968,3812358052615204
2,0,4687,1789633741935582208,3812358052625274
2,0,4688,1789633741935592448,3812358052635349
2,0,4689,1789633741935601664,3812358052645406
2,0,4690,1789633741935611904,3812358052655458
2,0,4691,1789633741935622144,3812358052665509
2,0,4692,1789633741935632384,3812358052675579
2,0,4693,1789633741935642624,3812358052685776
2,0,4694,1789633741935652864,3812358052695832
2,0,4695,1789633741935662080,3812358052705889
2,0,4696,1789633741935672320,3812358052715939
2,0,4697,1789633741935682560,3812358052725999
2,0,4698,1789633741935692800,3812358052736066
2,0,4699,1789633741935703040,3812358052746229
2,0,4700,1789633741935713280,3812358052756274
2,0,4701,1789633741935723520,3812358052766344
2,0,4702,1789633741935732736,3812358052776409
2,0,4703,1789633741935742976,3812358052786459
2,0,4704,1789633741935753216,3812358052796509
2,0,4705,1789633741935763456,3812358052806559
2,0,4706,1789633741935773696,3812358052816609
2,0,4707,1789633741935782912,3812358052826666
2,0,4708,1789633741935793152,3812358052836722
2,0,4709,1789633741935803392,3812358052846772
2,0,4710,1789633741935813632,3812358052856801
2,0,4711,1789633741935823872,3812358052866889
2,0,4712,1789633741935834112,3812358052876934
2,0,4713,1789633741935843328,3812358052887004
2,0,4714,1789633741935853568,3812358052897054
2,0,4715,1789633741935863808,3812358052907112
2,0,4716,1789633741935874048,3812358052917184
2,0,4717,1789633741935884288,3812358052927228
2,0,4718,1789633741935893504,3812358052937292
2,0,4719,1789633741935903744,3812358052947472
2,0,4720,1789633741935913984,3812358052957522
2,0,4721,1789633741935924224,3812358052967564
2,0,4722,1789633741935934464,3812358052977624
2,0,4723,1789633741935944704,3812358052987684
2,0,4724,1789633741935953920,3812358052997736
2,0,4725,1789633741935964160,3812358053007784
2,0,4726,1789633741935974400,3812358053017842
2,0,4727,1789633741935984640,3812358053027902
2,0,4728,1789633741935994880,3812358053037956
2,0,4729,1789633741936005120,3812358053048006
2,0,4730,1789633741936014336,3812358053058064
2,0,4731,1789633741936024576,3812358053068106
2,0,4732,1789633741936034816,3812358053078164
2,0,4733,1789633741936045056,3812358053088222
2,0,4734,1789633741936055296,3812358053098286
2,0,4735,1789633741936064512,3812358053108348
2,0,4736,1789633741936074752,3812358053118398
2,0,4737,1789633741936084992,3812358053128446
2,0,4738,1789633741936095232,3812358053138496
2,0,4739,1789633741936105472,3812358053148547
2,0,4740,1789633741936115712,3812358053158599
2,0,4741,1789633741936124928,3812358053168646
2,0,4742,1789633741936135168,3812358053178696
2,0,4743,1789633741936145408,3812358053188746
2,0,4744,1789633741936155648,3812358053198824
2,0,4745,1789633741936165888,3812358053208872
2,0,4746,1789633741936175104,3812358053218916
2,0,4747,1789633741936185344,3812358053228974
2,0,4748,1789633741936195584,3812358053239016
2,0,4749,1789633741936205824,3812358053249067
2,0,4750,1789633741936216064,3812358053259116
2,0,4751,1789633741936226304,3812358053269172
2,0,4752,1789633741936235520,3812358053279216
2,0,4753,1789633741936245760,3812358053289288
2,0,4754,1789633741936256000,3812358053299336
2,0,4755,1789633741936266240,3812358053309394
2,0,4756,1789633741936276480,3812358053319439
2,0,4757,1789633741936285696,3812358053329526
2,0,4758,1789633741936295936,3812358053339578
2,0,4759,1789633741936306176,3812358053349656
2,0,4760,1789633741936316416,3812358053359708
2,0,4761,1789633741936326656,3812358053369758
2,0,4762,1789633741936336896,3812358053379814
2,0,4763,1789633741936346112,3812358053389863
2,0,4764,1789633741936356352,3812358053399914
2,0,4765,1789633741936366592,3812358053409964
2,0,4766,1789633741936376832,3812358053420022
2,0,4767,1789633741936387072,3812358053430049
2,0,4768,1789633741936396288,3812358053440132
2,0,4769,1789633741936406528,3812358053450187
2,0,4770,1789633741936416768,3812358053460234
2,0,4771,1789633741936427008,3812358053470284
2,0,4772,1789633741936437248,3812358053480239
2,0,4773,1789633741936446464,3812358053490199
2,0,4774,1789633741936456704,3812358053500167
2,0,4775,1789633741936466944,3812358053510149
2,0,4776,1789633741936477184,3812358053520139
2,0,4777,1789633741936486400,3812358053530106
2,0,4778,1789633741936496640,3812358053540244
2,0,4779,1789633741936506880,3812358053550201
2,0,4780,1789633741936517120,3812358053560156
2,0,4781,1789633741936527360,3812358053570103
2,0,4782,1789633741936536576,3812358053580056
2,0,4783,1789633741936546816,3812358053590017
2,0,4784,1789633741936557056,3812358053599995
2,0,4785,1789633741936566272,3812358053609949
2,0,4786,1789633741936576512,3812358053619889
2,0,4787,1789633741936586752,3812358053629959
2,0,4788,1789633741936596992,3812358053639954
2,0,4789,1789633741936606208,3812358053649899
2,0,4790,1789633741936616448,3812358053659812
2,0,4791,1789633741936626688,3812358053669776
2,0,4792,1789633741936636928,3812358053679746
2,0,4793,1789633741936646144,3812358053689732
2,0,4794,1789633741936656384,3812358053699694
2,0,4795,1789633741936666624,3812358053709654
2,0,4796,1789633741936676864,3812358053719699
2,0,4797,1789633741936686080,3812358053729688
2,0,4798,1789633741936696320,3812358053739634
2,0,4799,1789633741936706560,3812358053749579
2,0,4800,1789633741936716800,3812358053759524
2,0,4801,1789633741936726016,3812358053769494
2,0,4802,1789633741936736256,3812358053779466
2,0,4803,1789633741936746496,3812358053789434
2,0,4804,1789633741936755712,3812358053799416
2,0,4805,1789633741936765952,3812358053809435
2,0,4806,1789633741936776192,3812358053819421
2,0,4807,1789633741936786432,3812358053829356
2,0,4808,1789633741936795648,3812358053839249
2,0,4809,1789633741936805888,3812358053849234
2,0,4810,1789633741936816128,3812358053859214
2,0,4811,1789633741936826368,3812358053869182
2,0,4812,1789633741936835584,3812358053879139
2,0,4813,1789633741936845824,3812358053889089
2,0,4814,1789633741936856064,3812358053899174
2,0,4815,1789633741936866304,3812358053909164
2,0,4816,1789633741936875520,3812358053919086
2,0,4817,1789633741936885760,3812358053929044
2,0,4818,1789633741936896000,3812358053939006
2,0,4819,1789633741936905216,3812358053948966
2,0,4820,1789633741936915456,3812358053958947
2,0,4821,1789633741936925696,3812358053968908
2,0,4822,1789633741936935936,3812358053978848
2,0,4823,1789633741936945152,3812358053988912
2,0,4824,1789633741936955392,3812358053998896
2,0,4825,1789633741936965632,3812358054008831
2,0,4826,1789633741936975872,3812358054018768
2,0,4827,1789633741936985088,3812358054028739
2,0,4828,1789633741936995328,3812358054038704
2,0,4829,1789633741937005568,3812358054048664
2,0,4830,1789633741937015808,3812358054058624
2,0,4831,1789633741937025024,3812358054068554
2,0,4832,1789633741937035264,3812358054078649
2,0,4833,1789633741937045504,3812358054088644
2,0,4834,1789633741937055744,3812358054098571
2,0,4835,1789633741937064960,3812358054108516
2,0,4836,1789633741937075200,3812358054118474
2,0,4837,1789633741937085440,3812358054128452
2,0,4838,1789633741937094656,3812358054138414
2,0,4839,1789633741937104896,3812358054148376
2,0,4840,1789633741937115136,3812358054158308
2,0,4841,1789633741937125376,3812358054168386
2,0,4842,1789633741937134592,3812358054178376
2,0,4843,1789633741937144832,3812358054188331
2,0,4844,1789633741937155072,3812358054198247
2,0,4845,1789633741937165312,3812358054208196
2,0,4846,1789633741937174528,3812358054218161
2,0,4847,1789633741937184768,3812358054228146
2,0,4848,1789633741937195008,3812358054238084
2,0,4849,1789633741937205248,3812358054248040
2,0,4850,1789633741937214464,3812358054258124
2,0,4851,1789633741937224704,3812358054268114
2,0,4852,1789633741937234944,3812358054278059
2,0,4853,1789633741937245184,3812358054287994
2,0,4854,1789633741937254400,3812358054297934
2,0,4855,1789633741937264640,3812358054307886
2,0,4856,1789633741937274880,3812358054317861
2,0,4857,1789633741937284096,3812358054327804
2,0,4858,1789633741937294336,3812358054337764
2,0,4859,1789633741937304576,3812358054347861
2,0,4860,1789633741937314816,3812358054357844
2,0,4861,1789633741937325056,3812358054367801
2,0,4862,1789633741937334272,3812358054377712
2,0,4863,1789633741937344512,3812358054387671
2,0,4864,1789633741937354752,3812358054397661
2,0,4865,1789633741937363968,3812358054407606
2,0,4866,1789633741937374208,3812358054417576
2,0,4867,1789633741937384448,3812358054427526
2,0,4868,1789633741937394688,3812358054437606
2,0,4869,1789633741937403904,3812358054447589
2,0,4870,1789633741937414144,3812358054457488
2,0,4871,1789633741937424384,3812358054467449
2,0,4872,1789633741937434624,3812358054477394
2,0,4873,1789633741937443840,3812358054487364
2,0,4874,1789633741937454080,3812358054497326
2,0,4875,1789633741937464320,3812358054507289
2,0,4876,1789633741937473536,3812358054517246
2,0,4877,1789633741937483776,3812358054527358
2,0,4878,1789633741937494016,3812358054537321
2,0,4879,1789633741937504256,3812358054547277
2,0,4880,1789633741937513472,3812358054557200
2,0,4881,1789633741937523712,3812358054567156
2,0,4882,1789633741937533952,3812358054577127
2,0,4883,1789633741937544192,3812358054587096
2,0,4884,1789633741937553408,3812358054597048
2,0,4885,1789633741937563648,3812358054606981
2,0,4886,1789633741937573888,3812358054617081
2,0,4887,1789633741937584128,3812358054627058
2,0,4888,1789633741937593344,3812358054637114
2,0,4889,1789633741937603584,3812358054647034
2,0,4890,1789633741937613824,3812358054657026
2,0,4891,1789633741937624064,3812358054667016
2,0,4892,1789633741937633280,3812358054676984
2,0,4893,1789633741937643520,3812358054686984
2,0,4894,1789633741937653760,3812358054697071
2,0,4895,1789633741937664000,3812358054707058
2,0,4896,1789633741937674240,3812358054716996
2,0,4897,1789633741937683456,3812358054726934
2,0,4898,1789633741937693696,3812358054736897
2,0,4899,1789633741937703936,3812358054746866
2,0,4900,1789633741937713152,3812358054756838
2,0,4901,1789633741937723392,3812358054766799
2,0,4902,1789633741937733632,3812358054776748
2,0,4903,1789633741937743872,3812358054786806
2,0,4904,1789633741937753088,3812358054796784
2,0,4905,1789633741937763328,3812358054806726
2,0,4906,1789633741937773568,3812358054816678
2,0,4907,1789633741937783808,3812358054826644
2,0,4908,1789633741937793024,3812358054836604
2,0,4909,1789633741937803264,3812358054846588
2,0,4910,1789633741937813504,3812358054856554
2,0,4911,1789633741937823744,3812358054866539
2,0,4912,1789633741937832960,3812358054876547
2,0,4913,1789633741937843200,3812358054886514
2,0,4914,1789633741937853440,3812358054896466
2,0,4915,1789633741937862656,3812358054906411
2,0,4916,1789633741937872896,3812358054916355
2,0,4917,1789633741937883136,3812358054926321
2,0,4918,1789633741937893376,3812358054936276
2,0,4919,1789633741937902592,3812358054946233
2,0,4920,1789633741937912832,3812358054956189
2,0,4921,1789633741937923072,3812358054966251
2,0,4922,1789633741937933312,3812358054976258
2,0,4923,1789633741937942528,3812358054986194
2,0,4924,1789633741937952768,3812358054996161
2,0,4925,1789633741937963008,3812358055006107
2,0,4926,1789633741937973248,3812358055016088
2,0,4927,1789633741937982464,3812358055026056
2,0,4928,1789633741937992704,3812358055036017
2,0,4929,1789633741938002944,3812358055046014
2,0,4930,1789633741938013184,3812358055056021
2,0,4931,1789633741938022400,3812358055066008
2,0,4932,1789633741938032640,3812358055075939
2,0,4933,1789633741938042880,3812358055085898
2,0,4934,1789633741938052096,3812358055095824
2,0,4935,1789633741938062336,3812358055105811
2,0,4936,1789633741938072576,3812358055115776
2,0,4937,1789633741938082816,3812358055125724
2,0,4938,1789633741938092032,3812358055135669
2,0,4939,1789633741938102272,3812358055145757
2,0,4940,1789633741938112512,3812358055155734
2,0,4941,1789633741938122752,3812358055165699
2,0,4942,1789633741938131968,3812358055175636
2,0,4943,1789633741938142208,3812358055185566
2,0,4944,1789633741938152448,3812358055195534
2,0,4945,1789633741938162688,3812358055205511
2,0,4946,1789633741938171904,3812358055215461
2,0,4947,1789633741938182144,3812358055225401
2,0,4948,1789633741938192384,3812358055235509
2,0,4949,1789633741938202624,3812358055245476
2,0,4950,1789633741938211840,3812358055255429
2,0,4951,1789633741938222080,3812358055265359
2,0,4952,1789633741938232320,3812358055275319
2,0,4953,1789633741938241536,3812358055285304
2,0,4954,1789633741938251776,3812358055295274
2,0,4955,1789633741938262016,3812358055305231
2,0,4956,1789633741938272256,3812358055315166
2,0,4957,1789633741938281472,3812358055325236
2,0,4958,1789633741938291712,3812358055335221
2,0,4959,1789633741938301952,3812358055345161
2,0,4960,1789633741938312192,3812358055355127
2,0,4961,1789633741938321408,3812358055365086
2,0,4962,1789633741938331648,3812358055375023
2,0,4963,1789633741938341888,3812358055385034
2,0,4964,1789633741938352128,3812358055394994
2,0,4965,1789633741938361344,3812358055404956
2,0,4966,1789633741938371584,3812358055414971
2,0,4967,1789633741938381824,3812358055424958
2,0,4968,1789633741938392064,3812358055434904
2,0,4969,1789633741938401280,3812358055444849
2,0,4970,1789633741938411520,3812358055454811
2,0,4971,1789633741938421760,3812358055464771
2,0,4972,1789633741938430976,3812358055474739
2,0,4973,1789633741938441216,3812358055484704
2,0,4974,1789633741938451456,3812358055494648
2,0,4975,1789633741938461696,3812358055504711
2,0,4976,1789633741938470912,3812358055514686
2,0,4977,1789633741938481152,3812358055524634
2,0,4978,1789633741938491392,3812358055534608
2,0,4979,1789633741938501632,3812358055544607
2,0,4980,1789633741938510848,3812358055554626
2,0,4981,1789633741938521088,3812358055564611
2,0,4982,1789633741938531328,3812358055574579
2,0,4983,1789633741938541568,3812358055584701
2,0,4984,1789633741938551808,3812358055594671
2,0,4985,1789633741938561024,3812358055604628
2,0,4986,1789633741938571264,3812358055614595
2,0,4987,1789633741938581504,3812358055624641
2,0,4988,1789633741938591744,3812358055634635
2,0,4989,1789633741938600960,3812358055644626
2,0,4990,1789633741938611200,3812358055654609
2,0,4991,1789633741938621440,3812358055664674
2,0,4992,1789633741938631680,3812358055674664
2,0,4993,1789633741938640896,3812358055684611
2,0,4994,1789633741938651136,3812358055694629
2,0,4995,1789633741938661376,3812358055704626
2,0,4996,1789633741938671616,3812358055714634
2,0,4997,1789633741938680832,3812358055724614
2,0,4998,1789633741938691072,3812358055734581
2,0,4999,1789633741938701312,3812358055744674
2,0,5000,1789633741938711552,3812358055754638
2,0,5001,1789633741938721792,3812358055764591
2,0,5002,1789633741938731008,3812358055774616
2,0,5003,1789633741938741248,3812358055784598
2,0,5004,1789633741938751488,3812358055794614
2,0,5005,1789633741938761728,3812358055804614
2,0,5006,1789633741938770944,3812358055814639
2,0,5007,1789633741938781184,3812358055824654
2,0,5008,1789633741938791424,3812358055834646
2,0,5009,1789633741938801664,3812358055844606
2,0,5010,1789633741938810880,3812358055854607
2,0,5011,1789633741938821120,3812358055864616
2,0,5012,1789633741938831360,3812358055874631
2,0,5013,1789633741938841600,3812358055884621
2,0,5014,1789633741938850816,3812358055894621
2,0,5015,1789633741938861056,3812358055904621
2,0,5016,1789633741938871296,3812358055914627
2,0,5017,1789633741938881536,3812358055924616
2,0,5018,1789633741938891776,3812358055934604
2,0,5019,1789633741938900992,3812358055944621
2,0,5020,1789633741938911232,3812358055954624
2,0,5021,1789633741938921472,3812358055964614
2,0,5022,1789633741938931712,3812358055974606
2,0,5023,1789633741938940928,3812358055984614
2,0,5024,1789633741938951168,3812358055994584
2,0,5025,1789633741938961408,3812358056004601
2,0,5026,1789633741938971648,3812358056014614
2,0,5027,1789633741938980864,3812358056024624
2,0,5028,1789633741938991104,3812358056034627
2,0,5029,1789633741939001344,3812358056044616
2,0,5030,1789633741939011584,3812358056054606
2,0,5031,1789633741939020800,3812358056064611
2,0,5032,1789633741939031040,3812358056074596
2,0,5033,1789633741939041280,3812358056084604
2,0,5034,1789633741939051520,3812358056094603
2,0,5035,1789633741939061760,3812358056104621
2,0,5036,1789633741939070976,3812358056114636
2,0,5037,1789633741939081216,3812358056124611
2,0,5038,1789633741939091456,3812358056134646
2,0,5039,1789633741939101696,3812358056144611
2,0,5040,1789633741939110912,3812358056154588
2,0,5041,1789633741939121152,3812358056164606
2,0,5042,1789633741939131392,3812358056174614
2,0,5043,1789633741939141632,3812358056184619
2,0,5044,1789633741939150848,3812358056194638
2,0,5045,1789633741939161088,3812358056204646
2,0,5046,1789633741939171328,3812358056214604
2,0,5047,1789633741939181568,3812358056224594
2,0,5048,1789633741939190784,3812358056234604
2,0,5049,1789633741939201024,3812358056244601
2,0,5050,1789633741939211264,3812358056254614
2,0,5051,1789633741939221504,3812358056264626
2,0,5052,1789633741939231744,3812358056274627
2,0,5053,1789633741939240960,3812358056284624
2,0,5054,1789633741939251200,3812358056294621
2,0,5055,1789633741939261440,3812358056304604
2,0,5056,1789633741939271680,3812358056314608
2,0,5057,1789633741939280896,3812358056324584
2,0,5058,1789633741939291136,3812358056334601
2,0,5059,1789633741939301376,3812358056344616
2,0,5060,1789633741939311616,3812358056354628
2,0,5061,1789633741939320832,3812358056364616
2,0,5062,1789633741939331072,3812358056374609
2,0,5063,1789633741939341312,3812358056384786
2,0,5064,1789633741939351552,3812358056394719
2,0,5065,1789633741939361792,3812358056404671
2,0,5066,1789633741939371008,3812358056414614
2,0,5067,1789633741939381248,3812358056424626
2,0,5068,1789633741939391488,3812358056434626
2,0,5069,1789633741939401728,3812358056444614
2,0,5070,1789633741939410944,3812358056454777
2,0,5071,1789633741939421184,3812358056464746
2,0,5072,1789633741939431424,3812358056474691
2,0,5073,1789633741939441664,3812358056484634
2,0,5074,1789633741939450880,3812358056494614
2,0,5075,1789633741939461120,3812358056504629
2,0,5076,1789633741939471360,3812358056514626
2,0,5077,1789633741939481600,3812358056524599
2,0,5078,1789633741939490816,3812358056534748
2,0,5079,1789633741939501056,3812358056544731
2,0,5080,1789633741939511296,3812358056554684
2,0,5081,1789633741939521536,3812358056564629
2,0,5082,1789633741939531776,3812358056574621
2,0,5083,1789633741939540992,3812358056584624
2,0,5084,1789633741939551232,3812358056594661
2,0,5085,1789633741939561472,3812358056604626
2,0,5086,1789633741939571712,3812358056614744
2,0,5087,1789633741939580928,3812358056624721
2,0,5088,1789633741939591168,3812358056634674
2,0,5089,1789633741939601408,3812358056644596
2,0,5090,1789633741939611648,3812358056654606
2,0,5091,1789633741939620864,3812358056664626
2,0,5092,1789633741939631104,3812358056674624
2,0,5093,1789633741939641344,3812358056684629
2,0,5094,1789633741939651584,3812358056694718
2,0,5095,1789633741939661824,3812358056704711
2,0,5096,1789633741939671040,3812358056714664
2,0,5097,1789633741939681280,3812358056724604
2,0,5098,1789633741939691520,3812358056734608
2,0,5099,1789633741939701760,3812358056744628
2,0,5100,1789633741939710976,3812358056754627
2,0,5101,1789633741939721216,3812358056764611
2,0,5102,1789633741939731456,3812358056774704
2,0,5103,1789633741939741696,3812358056784671
2,0,5104,1789633741939750912,3812358056794609
2,0,5105,1789633741939761152,3812358056804606
2,0,5106,1789633741939771392,3812358056814654
2,0,5107,1789633741939781632,3812358056824621
2,0,5108,1789633741939790848,3812358056834614
2,0,5109,1789633741939801088,3812358056844584
2,0,5110,1789633741939811328,3812358056854681
2,0,5111,1789633741939821568,3812358056864684
2,0,5112,1789633741939831808,3812358056874628
2,0,5113,1789633741939841024,3812358056884624
2,0,5114,1789633741939851264,3812358056894629
2,0,5115,1789633741939861504,3812358056904626
2,0,5116,1789633741939871744,3812358056914621
2,0,5117,1789633741939880960,3812358056924598
2,0,5118,1789633741939891200,3812358056934681
2,0,5119,1789633741939901440,3812358056944654
2,0,5120,1789633741939911680,3812358056954607
2,0,5121,1789633741939920896,3812358056964614
2,0,5122,1789633741939931136,3812358056974616
2,0,5123,1789633741939941376,3812358056984621
2,0,5124,1789633741939951616,3812358056994606
2,0,5125,1789633741939960832,3812358057004646
2,0,5126,1789633741939971072,3812358057014654
2,0,5127,1789633741939981312,3812358057024648
2,0,5128,1789633741939991552,3812358057034594
2,0,5129,1789633741940000768,3812358057044634
2,0,5130,1789633741940011008,3812358057054626
2,0,5131,1789633741940021248,3812358057064641
2,0,5132,1789633741940031488,3812358057074606
2,0,5133,1789633741940041728,3812358057084622
2,0,5134,1789633741940050944,3812358057094639
2,0,5135,1789633741940061184,3812358057104628
2,0,5136,1789633741940071424,3812358057114618
2,0,5137,1789633741940081664,3812358057124606
2,0,5138,1789633741940090880,3812358057134624
2,0,5139,1789633741940101120,3812358057144626
2,0,5140,1789633741940111360,3812358057154619
2,0,5141,1789633741940121600,3812358057164606
2,0,5142,1789633741940130816,3812358057174618
2,0,5143,1789633741940141056,3812358057184608
2,0,5144,1789633741940151296,3812358057194606
2,0,5145,1789633741940161536,3812358057204604
2,0,5146,1789633741940170752,3812358057214639
2,0,5147,1789633741940180992,3812358057224637
2,0,5148,1789633741940191232,3812358057234611
2,0,5149,1789633741940201472,3812358057244611
2,0,5150,1789633741940211712,3812358057254606
2,0,5151,1789633741940220928,3812358057264604
2,0,5152,1789633741940231168,3812358057274611
2,0,5153,1789633741940241408,3812358057284615
2,0,5154,1789633741940251648,3812358057294614
2,0,5155,1789633741940260864,3812358057304631
2,0,5156,1789633741940271104,3812358057314621
2,0,5157,1789633741940281344,3812358057324596
2,0,5158,1789633741940291584,3812358057334594
2,0,5159,1789633741940300800,3812358057344606
2,0,5160,1789633741940311040,3812358057354604
2,0,5161,1789633741940321280,3812358057364614
2,0,5162,1789633741940331520,3812358057374621
2,0,5163,1789633741940341760,3812358057384618
2,0,5164,1789633741940350976,3812358057394646
2,0,5165,1789633741940361216,3812358057404637
2,0,5166,1789633741940371456,3812358057414594
2,0,5167,1789633741940381696,3812358057424597
2,0,5168,1789633741940390912,3812358057434599
2,0,5169,1789633741940401152,3812358057444597
2,0,5170,1789633741940411392,3812358057454626
2,0,5171,1789633741940421632,3812358057464626
2,0,5172,1789633741940430848,3812358057474644
2,0,5173,1789633741940441088,3812358057484611
2,0,5174,1789633741940451328,3812358057494584
2,0,5175,1789633741940461568,3812358057504594
2,0,5176,1789633741940470784,3812358057514598
2,0,5177,1789633741940481024,3812358057524614
2,0,5178,1789633741940491264,3812358057534624
2,0,5179,1789633741940501504,3812358057544617
2,0,5180,1789633741940511744,3812358057554621
2,0,5181,1789633741940520960,3812358057564604
2,0,5182,1789633741940531200,3812358057574774
2,0,5183,1789633741940541440,3812358057584719
2,0,5184,1789633741940551680,3812358057594664
2,0,5185,1789633741940560896,3812358057604618
2,0,5186,1789633741940571136,3812358057614634
2,0,5187,1789633741940581376,3812358057624626
2,0,5188,1789633741940591616,3812358057634616
2,0,5189,1789633741940600832,3812358057644591
2,0,5190,1789633741940611072,3812358057654789
2,0,5191,1789633741940621312,3812358057664737
2,0,5192,1789633741940631552,3812358057674726
2,0,5193,1789633741940641792,3812358057684664
2,0,5194,1789633741940651008,3812358057694631
2,0,5195,1789633741940661248,3812358057704614
2,0,5196,1789633741940671488,3812358057714616
2,0,5197,1789633741940681728,3812358057724759
2,0,5198,1789633741940690944,3812358057734739
2,0,5199,1789633741940701184,3812358057744679
2,0,5200,1789633741940711424,3812358057754624
2,0,5201,1789633741940721664,3812358057764614
2,0,5202,1789633741940730880,3812358057774627
2,0,5203,1789633741940741120,3812358057784654
2,0,5204,1789633741940751360,3812358057794621
2,0,5205,1789633741940761600,3812358057804746
2,0,5206,1789633741940771840,3812358057814721
2,0,5207,1789633741940781056,3812358057824674
2,0,5208,1789633741940791296,3812358057834626
2,0,5209,1789633741940801536,3812358057844617
2,0,5210,1789633741940810752,3812358057854629
2,0,5211,1789633741940820992,3812358057864634
2,0,5212,1789633741940831232,3812358057874637
2,0,5213,1789633741940841472,3812358057884734
2,0,5214,1789633741940851712,3812358057894714
2,0,5215,1789633741940860928,3812358057904646
2,0,5216,1789633741940871168,3812358057914591
2,0,5217,1789633741940881408,3812358057924617
2,0,5218,1789633741940891648,3812358057934624
2,0,5219,1789633741940900864,3812358057944629
2,0,5220,1789633741940911104,3812358057954611
2,0,5221,1789633741940921344,3812358057964711
2,0,5222,1789633741940931584,3812358057974694
2,0,5223,1789633741940941824,3812358057984644
2,0,5224,1789633741940951040,3812358057994595
2,0,5225,1789633741940961280,3812358058004614
2,0,5226,1789633741940971520,3812358058014624
2,0,5227,1789633741940981760,3812358058024614
2,0,5228,1789633741940990976,3812358058034598
2,0,5229,1789633741941001216,3812358058044697
2,0,5230,1789633741941011456,3812358058054684
2,0,5231,1789633741941021696,3812358058064635
2,0,5232,1789633741941030912,3812358058074596
2,0,5233,1789633741941041152,3812358058084641
2,0,5234,1789633741941051392,3812358058094627
2,0,5235,1789633741941061632,3812358058104621
2,0,5236,1789633741941070848,3812358058114608
2,0,5237,1789633741941081088,3812358058124673
2,0,5238,1789633741941091328,3812358058134664
2,0,5239,1789633741941101568,3812358058144608
2,0,5240,1789633741941110784,3812358058154620
2,0,5241,1789633741941121024,3812358058164626
2,0,5242,1789633741941131264,3812358058174624
2,0,5243,1789633741941141504,3812358058184614
2,0,5244,1789633741941151744,3812358058194604
2,0,5245,1789633741941160960,3812358058204661
2,0,5246,1789633741941171200,3812358058214659
2,0,5247,1789633741941181440,3812358058224584
2,0,5248,1789633741941191680,3812358058234608
2,0,5249,1789633741941200896,3812358058244621
2,0,5250,1789633741941211136,3812358058254626
2,0,5251,1789633741941221376,3812358058264626
2,0,5252,1789633741941231616,3812358058274584
2,0,5253,1789633741941240832,3812358058284647
2,0,5254,1789633741941251072,3812358058294639
2,0,5255,1789633741941261312,3812358058304570
2,0,5256,1789633741941271552,3812358058314614
2,0,5257,1789633741941280768,3812358058324624
2,0,5258,1789633741941291008,3812358058334631
2,0,5259,1789633741941301248,3812358058344618
2,0,5260,1789633741941311488,3812358058354620
2,0,5261,1789633741941321728,3812358058364630
2,0,5262,1789633741941330944,3812358058374626
2,0,5263,1789633741941341184,3812358058384610
2,0,5264,1789633741941351424,3812358058394614
2,0,5265,1789633741941361664,3812358058404624
2,0,5266,1789633741941370880,3812358058414624
2,0,5267,1789633741941381120,3812358058424604
2,0,5268,1789633741941391360,3812358058434604
2,0,5269,1789633741941401600,3812358058444621
2,0,5270,1789633741941410816,3812358058454598
2,0,5271,1789633741941421056,3812358058464604
2,0,5272,1789633741941431296,3812358058474621
2,0,5273,1789633741941441536,3812358058484628
2,0,5274,1789633741941450752,3812358058494636
2,0,5275,1789633741941460992,3812358058504614
2,0,5276,1789633741941471232,3812358058514607
2,0,5277,1789633741941481472,3812358058524606
2,0,5278,1789633741941491712,3812358058534608
2,0,5279,1789633741941500928,3812358058544598
2,0,5280,1789633741941511168,3812358058554611
2,0,5281,1789633741941521408,3812358058564631
2,0,5282,1789633741941531648,3812358058574628
2,0,5283,1789633741941540864,3812358058584597
2,0,5284,1789633741941551104,3812358058594604
2,0,5285,1789633741941561344,3812358058604597
2,0,5286,1789633741941571584,3812358058614606
2,0,5287,1789633741941580800,3812358058624609
2,0,5288,1789633741941591040,3812358058634614
2,0,5289,1789633741941601280,3812358058644628
2,0,5290,1789633741941611520,3812358058654617
2,0,5291,1789633741941620736,3812358058664649
2,0,5292,1789633741941630976,3812358058674624
2,0,5293,1789633741941641216,3812358058684597
2,0,5294,1789633741941651456,3812358058694598
2,0,5295,1789633741941661696,3812358058704604
2,0,5296,1789633741941670912,3812358058714616
2,0,5297,1789633741941681152,3812358058724635
2,0,5298,1789633741941691392,3812358058734614
2,0,5299,1789633741941701632,3812358058744621
2,0,5300,1789633741941710848,3812358058754617
2,0,5301,1789633741941721088,3812358058764590
2,0,5302,1789633741941731328,3812358058774608
2,0,5303,1789633741941741568,3812358058784598
2,0,5304,1789633741941750784,3812358058794608
2,0,5305,1789633741941761024,3812358058804624
2,0,5306,1789633741941771264,3812358058814629
2,0,5307,1789633741941781504,3812358058824622
2,0,5308,1789633741941791744,3812358058834607
2,0,5309,1789633741941800960,3812358058844787
2,0,5310,1789633741941811200,3812358058854739
2,0,5311,1789633741941821440,3812358058864684
2,0,5312,1789633741941831680,3812358058874647
2,0,5313,1789633741941840896,3812358058884624
2,0,5314,1789633741941851136,3812358058894630
2,0,5315,1789633741941861376,3812358058904615
2,0,5316,1789633741941871616,3812358058914777
2,0,5317,1789633741941881856,3812358058924751
2,0,5318,1789633741941891072,3812358058934697
2,0,5319,1789633741941901312,3812358058944634
2,0,5320,1789633741941911552,3812358058954614
2,0,5321,1789633741941920768,3812358058964621
2,0,5322,1789633741941931008,3812358058974618
2,0,5323,1789633741941941248,3812358058984596
2,0,5324,1789633741941951488,3812358058994742
2,0,5325,1789633741941961728,3812358059004739
2,0,5326,1789633741941970944,3812358059014673
2,0,5327,1789633741941981184,3812358059024628
2,0,5328,1789633741941991424,3812358059034626
2,0,5329,1789633741942001664,3812358059044640
2,0,5330,1789633741942010880,3812358059054650
2,0,5331,1789633741942021120,3812358059064634
2,0,5332,1789633741942031360,3812358059074736
2,0,5333,1789633741942041600,3812358059084721
2,0,5334,1789633741942051840,3812358059094651
2,0,5335,1789633741942061056,3812358059104604
2,0,5336,1789633741942071296,3812358059114606
2,0,5337,1789633741942081536,3812358059124626
2,0,5338,1789633741942090752,3812358059134644
2,0,5339,1789633741942100992,3812358059144630
2,0,5340,1789633741942111232,3812358059154717
2,0,5341,1789633741942121472,3812358059164694
2,0,5342,1789633741942131712,3812358059174658
2,0,5343,1789633741942140928,3812358059184564
2,0,5344,1789633741942151168,3812358059194619
2,0,5345,1789633741942161408,3812358059204633
2,0,5346,1789633741942171648,3812358059214626
2,0,5347,1789633741942180864,3812358059224601
2,0,5348,1789633741942191104,3812358059234704
2,0,5349,1789633741942201344,3812358059244696
2,0,5350,1789633741942211584,3812358059254616
2,0,5351,1789633741942220800,3812358059264606
2,0,5352,1789633741942231040,3812358059274649
2,0,5353,1789633741942241280,3812358059284624
2,0,5354,1789633741942251520,3812358059294614
2,0,5355,1789633741942260736,3812358059304594
2,0,5356,1789633741942270976,3812358059314684
2,0,5357,1789633741942281216,3812358059324668
2,0,5358,1789633741942291456,3812358059334599
2,0,5359,1789633741942301696,3812358059344631
2,0,5360,1789633741942310912,3812358059354636
2,0,5361,1789633741942321152,3812358059364613
2,0,5362,1789633741942331392,3812358059374616
2,0,5363,1789633741942341632,3812358059384593
2,0,5364,1789633741942350848,3812358059394660
2,0,5365,1789633741942361088,3812358059404670
2,0,5366,1789633741942371328,3812358059414609
2,0,5367,1789633741942381568,3812358059424621
2,0,5368,1789633741942390784,3812358059434623
2,0,5369,1789633741942401024,3812358059444636
2,0,5370,1789633741942411264,3812358059454620
2,0,5371,1789633741942421504,3812358059464596
2,0,5372,1789633741942430720,3812358059474656
2,0,5373,1789633741942440960,3812358059484626
2,0,5374,1789633741942451200,3812358059494616
2,0,5375,1789633741942461440,3812358059504598
2,0,5376,1789633741942471680,3812358059514629
2,0,5377,1789633741942480896,3812358059524641
2,0,5378,1789633741942491136,3812358059534613
2,0,5379,1789633741942501376,3812358059544623
2,0,5380,1789633741942511616,3812358059554639
2,0,5381,1789633741942520832,3812358059564608
2,0,5382,1789633741942531072,3812358059574603
2,0,5383,1789633741942541312,3812358059584623
2,0,5384,1789633741942551552,3812358059594598
2,0,5385,1789633741942560768,3812358059604621
2,0,5386,1789633741942571008,3812358059614603
2,0,5387,1789633741942581248,3812358059624613
2,0,5388,1789633741942591488,3812358059634627
2,0,5389,1789633741942601728,3812358059644613
2,0,5390,1789633741942610944,3812358059654599
2,0,5391,1789633741942621184,3812358059664603
2,0,5392,1789633741942631424,3812358059674623
2,0,5393,1789633741942641664,3812358059684626
2,0,5394,1789633741942650880,3812358059694597
2,0,5395,1789633741942661120,3812358059704606
2,0,5396,1789633741942671360,3812358059714606
2,0,5397,1789633741942681600,3812358059724597
2,0,5398,1789633741942690816,3812358059734601
2,0,5399,1789633741942701056,3812358059744613
2,0,5400,1789633741942711296,3812358059754621
2,0,5401,1789633741942721536,3812358059764623
2,0,5402,1789633741942730752,3812358059774616
2,0,5403,1789633741942740992,3812358059784603
2,0,5404,1789633741942751232,3812358059794608
2,0,5405,1789633741942761472,3812358059804606
2,0,5406,1789633741942771712,3812358059814583
2,0,5407,1789633741942780928,3812358059824616
2,0,5408,1789633741942791168,3812358059834629
2,0,5409,1789633741942801408,3812358059844623
2,0,5410,1789633741942811648,3812358059854653
2,0,5411,1789633741942820864,3812358059864631
2,0,5412,1789633741942831104,3812358059874593
2,0,5413,1789633741942841344,3812358059884606
2,0,5414,1789633741942851584,3812358059894598
2,0,5415,1789633741942860800,3812358059904608
2,0,5416,1789633741942871040,3812358059914639
2,0,5417,1789633741942881280,3812358059924628
2,0,5418,1789633741942891520,3812358059934628
2,0,5419,1789633741942900736,3812358059944623
2,0,5420,1789633741942910976,3812358059954606
2,0,5421,1789633741942921216,3812358059964591
2,0,5422,1789633741942931456,3812358059974600
2,0,5423,1789633741942941696,3812358059984604
2,0,5424,1789633741942950912,3812358059994626
2,0,5425,1789633741942961152,3812358060004627
2,0,5426,1789633741942971392,3812358060014631
2,0,5427,1789633741942981632,3812358060024596
2,0,5428,1789633741942990848,3812358060034789
2,0,5429,1789633741943001088,3812358060044713
2,0,5430,1789633741943011328,3812358060054663
2,0,5431,1789633741943021568,3812358060064616
2,0,5432,1789633741943030784,3812358060074636
2,0,5433,1789633741943041024,3812358060084623
2,0,5434,1789633741943051264,3812358060094603
2,0,5435,1789633741943061504,3812358060104598
2,0,5436,1789633741943070720,3812358060114786
2,0,5437,1789633741943080960,3812358060124720
2,0,5438,1789633741943091200,3812358060134659
2,0,5439,1789633741943101440,3812358060144611
2,0,5440,1789633741943111680,3812358060154623
2,0,5441,1789633741943120896,3812358060164631
2,0,5442,1789633741943131136,3812358060174611
2,0,5443,1789633741943141376,3812358060184759
2,0,5444,1789633741943151616,3812358060194748
2,0,5445,1789633741943160832,3812358060204681
2,0,5446,1789633741943171072,3812358060214608
2,0,5447,1789633741943181312,3812358060224601
2,0,5448,1789633741943191552,3812358060234627
2,0,5449,1789633741943200768,3812358060244611
2,0,5450,1789633741943211008,3812358060254599
2,0,5451,1789633741943221248,3812358060264747
2,0,5452,1789633741943231488,3812358060274713
2,0,5453,1789633741943241728,3812358060284658
2,0,5454,1789633741943250944,3812358060294603
2,0,5455,1789633741943261184,3812358060304623
2,0,5456,1789633741943271424,3812358060314620
2,0,5457,1789633741943281664,3812358060324647
2,0,5458,1789633741943290880,3812358060334631
2,0,5459,1789633741943301120,3812358060344726
2,0,5460,1789633741943311360,3812358060354712
2,0,5461,1789633741943321600,3812358060364673
2,0,5462,1789633741943330816,3812358060374598
2,0,5463,1789633741943341056,3812358060384611
2,0,5464,1789633741943351296,3812358060394623
2,0,5465,1789633741943361536,3812358060404631
2,0,5466,1789633741943370752,3812358060414708
2,0,5467,1789633741943380992,3812358060424761
2,0,5468,1789633741943391232,3812358060434756
2,0,5469,1789633741943401472,3812358060444688
2,0,5470,1789633741943411712,3812358060454653
2,0,5471,1789633741943420928,3812358060464613
2,0,5472,1789633741943431168,3812358060474633
2,0,5473,1789633741943441408,3812358060484610
2,0,5474,1789633741943451648,3812358060494591
2,0,5475,1789633741943460864,3812358060504696
2,0,5476,1789633741943471104,3812358060514676
2,0,5477,1789633741943481344,3812358060524628
2,0,5478,1789633741943491584,3812358060534597
2,0,5479,1789633741943500800,3812358060544646
2,0,5480,1789633741943511040,3812358060554621
2,0,5481,1789633741943521280,3812358060564596
2,0,5482,1789633741943531520,3812358060574609
2,0,5483,1789633741943540736,3812358060584688
2,0,5484,1789633741943550976,3812358060594686
2,0,5485,1789633741943561216,3812358060604611
2,0,5486,1789633741943571456,3812358060614621
2,0,5487,1789633741943581696,3812358060624618
2,0,5488,1789633741943590912,3812358060634616
2,0,5489,1789633741943601152,3812358060644613
2,0,5490,1789633741943611392,3812358060654593
2,0,5491,1789633741943621632,3812358060664670
2,0,5492,1789633741943630848,3812358060674646
2,0,5493,1789633741943641088,3812358060684593
2,0,5494,1789633741943651328,3812358060694613
2,0,5495,1789633741943661568,3812358060704631
2,0,5496,1789633741943670784,3812358060714633
2,0,5497,1789633741943681024,3812358060724613
2,0,5498,1789633741943691264,3812358060734636
2,0,5499,1789633741943701504,3812358060744648
2,0,5500,1789633741943711744,3812358060754623
2,0,5501,1789633741943720960,3812358060764586
2,0,5502,1789633741943731200,3812358060774610
2,0,5503,1789633741943741440,3812358060784623
2,0,5504,1789633741943751680,3812358060794628
2,0,5505,1789633741943760896,3812358060804621
2,0,5506,1789633741943771136,3812358060814623
2,0,5507,1789633741943781376,3812358060824629
2,0,5508,1789633741943791616,3812358060834626
2,0,5509,1789633741943800832,3812358060844596
2,0,5510,1789633741943811072,3812358060854606
2,0,5511,1789633741943821312,3812358060864623
2,0,5512,1789633741943831552,3812358060874646
2,0,5513,1789633741943840768,3812358060884619
2,0,5514,1789633741943851008,3812358060894603
2,0,5515,1789633741943861248,3812358060904616
2,0,5516,1789633741943871488,3812358060914606
2,0,5517,1789633741943880704,3812358060924603
2,0,5518,1789633741943890944,3812358060934616
2,0,5519,1789633741943901184,3812358060944629
2,0,5520,1789633741943911424,3812358060954628
2,0,5521,1789633741943921664,3812358060964616
2,0,5522,1789633741943930880,3812358060974593
2,0,5523,1789633741943941120,3812358060984603
2,0,5524,1789633741943951360,3812358060994596
2,0,5525,1789633741943961600,3812358061004583
2,0,5526,1789633741943970816,3812358061014596
2,0,5527,1789633741943981056,3812358061024616
2,0,5528,1789633741943991296,3812358061034633
2,0,5529,1789633741944001536,3812358061044620
2,0,5530,1789633741944010752,3812358061054609
2,0,5531,1789633741944020992,3812358061064611
2,0,5532,1789633741944031232,3812358061074606
2,0,5533,1789633741944041472,3812358061084611
2,0,5534,1789633741944050688,3812358061094613
2,0,5535,1789633741944060928,3812358061104630
2,0,5536,1789633741944071168,3812358061114630
2,0,5537,1789633741944081408,3812358061124646
2,0,5538,1789633741944091648,3812358061134611
2,0,5539,1789633741944100864,3812358061144603
2,0,5540,1789633741944111104,3812358061154583
2,0,5541,1789633741944121344,3812358061164611
2,0,5542,1789633741944131584,3812358061174613
2,0,5543,1789633741944140800,3812358061184621
2,0,5544,1789633741944151040,3812358061194628
2,0,5545,1789633741944161280,3812358061204625
2,0,5546,1789633741944171520,3812358061214613
2,0,5547,1789633741944180736,3812358061224589
2,0,5548,1789633741944190976,3812358061234596
2,0,5549,1789633741944201216,3812358061244610
2,0,5550,1789633741944211456,3812358061254603
2,0,5551,1789633741944220672,3812358061264616
2,0,5552,1789633741944230912,3812358061274629
2,0,5553,1789633741944241152,3812358061284603
2,0,5554,1789633741944251392,3812358061294576
2,0,5555,1789633741944261632,3812358061304796
2,0,5556,1789633741944271872,3812358061314746
2,0,5557,1789633741944281088,3812358061324670
2,0,5558,1789633741944291328,3812358061334628
2,0,5559,1789633741944301568,3812358061344610
2,0,5560,1789633741944310784,3812358061354631
2,0,5561,1789633741944321024,3812358061364628
2,0,5562,1789633741944331264,3812358061374799
2,0,5563,1789633741944341504,3812358061384763
2,0,5564,1789633741944351744,3812358061394683
2,0,5565,1789633741944360960,3812358061404649
2,0,5566,1789633741944371200,3812358061414608
2,0,5567,1789633741944381440,3812358061424630
2,0,5568,1789633741944391680,3812358061434626
2,0,5569,1789633741944400896,3812358061444603
2,0,5570,1789633741944411136,3812358061454756
2,0,5571,1789633741944421376,3812358061464723
2,0,5572,1789633741944431616,3812358061474671
2,0,5573,1789633741944440832,3812358061484606
2,0,5574,1789633741944451072,3812358061494593
2,0,5575,1789633741944461312,3812358061504623
2,0,5576,1789633741944471552,3812358061514609
2,0,5577,1789633741944480768,3812358061524633
2,0,5578,1789633741944491008,3812358061534746
2,0,5579,1789633741944501248,3812358061544733
2,0,5580,1789633741944511488,3812358061554678
2,0,5581,1789633741944521728,3812358061564621
2,0,5582,1789633741944530944,3812358061574613
2,0,5583,1789633741944541184,3812358061584626
2,0,5584,1789633741944551424,3812358061594703
2,0,5585,1789633741944561664,3812358061604753
2,0,5586,1789633741944570880,3812358061614809
2,0,5587,1789633741944581120,3812358061624856
2,0,5588,1789633741944591360,3812358061634901
2,0,5589,1789633741944601600,3812358061644948
2,0,5590,1789633741944611840,3812358061654998
2,0,5591,1789633741944621056,3812358061665048
2,0,5592,1789633741944631296,3812358061675193
2,0,5593,1789633741944641536,3812358061685246
2,0,5594,1789633741944651776,3812358061695296
2,0,5595,1789633741944662016,3812358061705343
2,0,5596,1789633741944672256,3812358061715390
2,0,5597,1789633741944681472,3812358061725453
2,0,5598,1789633741944691712,3812358061735446
2,0,5599,1789633741944701952,3812358061745419
2,0,5600,1789633741944712192,3812358061755408
2,0,5601,1789633741944722432,3812358061765346
2,0,5602,1789633741944731648,3812358061775279
2,0,5603,1789633741944741888,3812358061785236
2,0,5604,1789633741944752128,3812358061795226
2,0,5605,1789633741944761344,3812358061805186
2,0,5606,1789633741944771584,3812358061815153
2,0,5607,1789633741944781824,3812358061825098
2,0,5608,1789633741944792064,3812358061835161
2,0,5609,1789633741944801280,3812358061845130
2,0,5610,1789633741944811520,3812358061855061
2,0,5611,1789633741944821760,3812358061865013
2,0,5612,1789633741944832000,3812358061874983
2,0,5613,1789633741944841216,3812358061884963
2,0,5614,1789633741944851456,3812358061894928
2,0,5615,1789633741944861696,3812358061904886
2,0,5616,1789633741944871936,3812358061914830
2,0,5617,1789633741944881152,3812358061924906
2,0,5618,1789633741944891392,3812358061934876
2,0,5619,1789633741944901632,3812358061944829
2,0,5620,1789633741944911872,3812358061954776
2,0,5621,1789633741944921088,3812358061964746
2,0,5622,1789633741944931328,3812358061974713
2,0,5623,1789633741944941568,3812358061984688
2,0,5624,1789633741944950784,3812358061994646
2,0,5625,1789633741944961024,3812358062004621
2,0,5626,1789633741944971264,3812358062014638
2,0,5627,1789633741944981504,3812358062024636
2,0,5628,1789633741944990720,3812358062034603
2,0,5629,1789633741945000960,3812358062044616
2,0,5630,1789633741945011200,3812358062054626
2,0,5631,1789633741945021440,3812358062064633
2,0,5632,1789633741945031680,3812358062074609
2,0,5633,1789633741945040896,3812358062084613
2,0,5634,1789633741945051136,3812358062094626
2,0,5635,1789633741945061376,3812358062104609
2,0,5636,1789633741945071616,3812358062114576
2,0,5637,1789633741945080832,3812358062124621
2,0,5638,1789633741945091072,3812358062134631
2,0,5639,1789633741945101312,3812358062144629
2,0,5640,1789633741945111552,3812358062154611
2,0,5641,1789633741945120768,3812358062164596
2,0,5642,1789633741945131008,3812358062174606
2,0,5643,1789633741945141248,3812358062184583
2,0,5644,1789633741945151488,3812358062194596
2,0,5645,1789633741945160704,3812358062204606
2,0,5646,1789633741945170944,3812358062214628
2,0,5647,1789633741945181184,3812358062224623
2,0,5648,1789633741945191424,3812358062234601
2,0,5649,1789633741945201664,3812358062244596
2,0,5650,1789633741945210880,3812358062254608
2,0,5651,1789633741945221120,3812358062264609
2,0,5652,1789633741945231360,3812358062274583
2,0,5653,1789633741945241600,3812358062284603
2,0,5654,1789633741945250816,3812358062294623
2,0,5655,1789633741945261056,3812358062304626
2,0,5656,1789633741945271296,3812358062314661
2,0,5657,1789633741945281536,3812358062324629
2,0,5658,1789633741945290752,3812358062334599
2,0,5659,1789633741945300992,3812358062344593
2,0,5660,1789633741945311232,3812358062354606
2,0,5661,1789633741945321472,3812358062364610
2,0,5662,1789633741945330688,3812358062374623
2,0,5663,1789633741945340928,3812358062384606
2,0,5664,1789633741945351168,3812358062394633
2,0,5665,1789633741945361408,3812358062404623
2,0,5666,1789633741945371648,3812358062414591
2,0,5667,1789633741945380864,3812358062424596
2,0,5668,1789633741945391104,3812358062434586
2,0,5669,1789633741945401344,3812358062444598
2,0,5670,1789633741945411584,3812358062454613
2,0,5671,1789633741945420800,3812358062464624
2,0,5672,1789633741945431040,3812358062474629
2,0,5673,1789633741945441280,3812358062484597
2,0,5674,1789633741945451520,3812358062494793
2,0,5675,1789633741945461760,3812358062504726
2,0,5676,1789633741945470976,3812358062514689
2,0,5677,1789633741945481216,3812358062524616
2,0,5678,1789633741945491456,3812358062534628
2,0,5679,1789633741945500672,3812358062544626
2,0,5680,1789633741945510912,3812358062554603
2,0,5681,1789633741945521152,3812358062564597
2,0,5682,1789633741945531392,3812358062574783
2,0,5683,1789633741945541632,3812358062584720
2,0,5684,1789633741945550848,3812358062594673
2,0,5685,1789633741945561088,3812358062604626
2,0,5686,1789633741945571328,3812358062614623
2,0,5687,1789633741945581568,3812358062624629
2,0,5688,1789633741945590784,3812358062634603
2,0,5689,1789633741945601024,3812358062644758
2,0,5690,1789633741945611264,3812358062654748
2,0,5691,1789633741945621504,3812358062664673
2,0,5692,1789633741945631744,3812358062674637
2,0,5693,1789633741945640960,3812358062684603
2,0,5694,1789633741945651200,3812358062694648
2,0,5695,1789633741945661440,3812358062704709
2,0,5696,1789633741945671680,3812358062714766
2,0,5697,1789633741945680896,3812358062724816
2,0,5698,1789633741945691136,3812358062734873
2,0,5699,1789633741945701376,3812358062744933
2,0,5700,1789633741945711616,3812358062754986
2,0,5701,1789633741945721856,3812358062765049
2,0,5702,1789633741945732096,3812358062775101
2,0,5703,1789633741945741312,3812358062785213
2,0,5704,1789633741945751552,3812358062795271
2,0,5705,1789633741945761792,3812358062805322
2,0,5706,1789633741945772032,3812358062815376
2,0,5707,1789633741945782272,3812358062825421
2,0,5708,1789633741945791488,3812358062835473
2,0,5709,1789633741945801728,3812358062845511
2,0,5710,1789633741945811968,3812358062855568
2,0,5711,1789633741945822208,3812358062865626
2,0,5712,1789633741945832448,3812358062875663
2,0,5713,1789633741945842688,3812358062885733
2,0,5714,1789633741945851904,3812358062895776
2,0,5715,1789633741945862144,3812358062905826
2,0,5716,1789633741945872384,3812358062915928
2,0,5717,1789633741945882624,3812358062925983
2,0,5718,1789633741945892864,3812358062936013
2,0,5719,1789633741945902080,3812358062946063
2,0,5720,1789633741945912320,3812358062956123
2,0,5721,1789633741945922560,3812358062966179
2,0,5722,1789633741945932800,3812358062976228
2,0,5723,1789633741945943040,3812358062986289
2,0,5724,1789633741945953280,3812358062996346
2,0,5725,1789633741945962496,3812358063006396
2,0,5726,1789633741945972736,3812358063016456
2,0,5727,1789633741945982976,3812358063026523
2,0,5728,1789633741945993216,3812358063036577
2,0,5729,1789633741946003456,3812358063046636
2,0,5730,1789633741946012672,3812358063056686
2,0,5731,1789633741946022912,3812358063066743
2,0,5732,1789633741946033152,3812358063076798
2,0,5733,1789633741946043392,3812358063086853
2,0,5734,1789633741946053632,3812358063096806
2,0,5735,1789633741946062848,3812358063106758
2,0,5736,1789633741946073088,3812358063116859
2,0,5737,1789633741946083328,3812358063126846
2,0,5738,1789633741946093568,3812358063136758
2,0,5739,1789633741946103808,3812358063146749
2,0,5740,1789633741946113024,3812358063156716
2,0,5741,1789633741946123264,3812358063166698
2,0,5742,1789633741946133504,3812358063176663
2,0,5743,1789633741946142720,3812358063186676
2,0,5744,1789633741946152960,3812358063196616
2,0,5745,1789633741946163200,3812358063206598
2,0,5746,1789633741946173440,3812358063216588
2,0,5747,1789633741946182656,3812358063226541
2,0,5748,1789633741946192896,3812358063236473
2,0,5749,1789633741946203136,3812358063246429
2,0,5750,1789633741946213376,3812358063256399
2,0,5751,1789633741946222592,3812358063266366
2,0,5752,1789633741946232832,3812358063276333
2,0,5753,1789633741946243072,3812358063286271
2,0,5754,1789633741946253312,3812358063296336
2,0,5755,1789633741946262528,3812358063306326
2,0,5756,1789633741946272768,3812358063316241
2,0,5757,1789633741946283008,3812358063326193
2,0,5758,1789633741946293248,3812358063336161
2,0,5759,1789633741946302464,3812358063346123
2,0,5760,1789633741946312704,3812358063356090
2,0,5761,1789633741946322944,3812358063366056
2,0,5762,1789633741946332160,3812358063376008
2,0,5763,1789633741946342400,3812358063386073
2,0,5764,1789633741946352640,3812358063396046
2,0,5765,1789633741946362880,3812358063405993
2,0,5766,1789633741946372096,3812358063415946
2,0,5767,1789633741946382336,3812358063425913
2,0,5768,1789633741946392576,3812358063435873
2,0,5769,1789633741946402816,3812358063445811
2,0,5770,1789633741946412032,3812358063455786
2,0,5771,1789633741946422272,3812358063465726
2,0,5772,1789633741946432512,3812358063475821
2,0,5773,1789633741946442752,3812358063485803
2,0,5774,1789633741946451968,3812358063495731
2,0,5775,1789633741946462208,3812358063505700
2,0,5776,1789633741946472448,3812358063515646
2,0,5777,1789633741946482688,3812358063525611
2,0,5778,1789633741946491904,3812358063535600
2,0,5779,1789633741946502144,3812358063545556
2,0,5780,1789633741946512384,3812358063555501
2,0,5781,1789633741946521600,3812358063565559
2,0,5782,1789633741946531840,3812358063575530
2,0,5783,1789633741946542080,3812358063585483
2,0,5784,1789633741946552320,3812358063595439
2,0,5785,1789633741946561536,3812358063605396
2,0,5786,1789633741946571776,3812358063615363
2,0,5787,1789633741946582016,3812358063625328
2,0,5788,1789633741946592256,3812358063635266
2,0,5789,1789633741946601472,3812358063645218
2,0,5790,1789633741946611712,3812358063655281
2,0,5791,1789633741946621952,3812358063665278
2,0,5792,1789633741946632192,3812358063675213
2,0,5793,1789633741946641408,3812358063685159
2,0,5794,1789633741946651648,3812358063695121
2,0,5795,1789633741946661888,3812358063705096
2,0,5796,1789633741946672128,3812358063715073
2,0,5797,1789633741946681344,3812358063725029
2,0,5798,1789633741946691584,3812358063734956
2,0,5799,1789633741946701824,3812358063745016
2,0,5800,1789633741946712064,3812358063755013
2,0,5801,1789633741946721280,3812358063764978
2,0,5802,1789633741946731520,3812358063774929
2,0,5803,1789633741946741760,3812358063784886
2,0,5804,1789633741946750976,3812358063794870
2,0,5805,1789633741946761216,3812358063804858
2,0,5806,1789633741946771456,3812358063814828
2,0,5807,1789633741946781696,3812358063824831
2,0,5808,1789633741946790912,3812358063834776
2,0,5809,1789633741946801152,3812358063844759
2,0,5810,1789633741946811392,3812358063854721
2,0,5811,1789633741946821632,3812358063864656
2,0,5812,1789633741946830848,3812358063874621
2,0,5813,1789633741946841088,3812358063884631
2,0,5814,1789633741946851328,3812358063894616
2,0,5815,1789633741946861568,3812358063904606
2,0,5816,1789633741946870784,3812358063914749
2,0,5817,1789633741946881024,3812358063924726
2,0,5818,1789633741946891264,3812358063934676
2,0,5819,1789633741946901504,3812358063944631
2,0,5820,1789633741946910720,3812358063954618
2,0,5821,1789633741946920960,3812358063964623
2,0,5822,1789633741946931200,3812358063974639
2,0,5823,1789633741946941440,3812358063984633
2,0,5824,1789633741946950656,3812358063994739
2,0,5825,1789633741946960896,3812358064004713
2,0,5826,1789633741946971136,3812358064014659
2,0,5827,1789633741946981376,3812358064024603
2,0,5828,1789633741946991616,3812358064034613
2,0,5829,1789633741947000832,3812358064044626
2,0,5830,1789633741947011072,3812358064054653
2,0,5831,1789633741947021312,3812358064064631
2,0,5832,1789633741947031552,3812358064074709
2,0,5833,1789633741947040768,3812358064084698
2,0,5834,1789633741947051008,3812358064094659
2,0,5835,1789633741947061248,3812358064104603
2,0,5836,1789633741947071488,3812358064114616
2,0,5837,1789633741947080704,3812358064124626
2,0,5838,1789633741947090944,3812358064134620
2,0,5839,1789633741947101184,3812358064144606
2,0,5840,1789633741947111424,3812358064154701
2,0,5841,1789633741947121664,3812358064164696
2,0,5842,1789633741947130880,3812358064174646
2,0,5843,1789633741947141120,3812358064184590
2,0,5844,1789633741947151360,3812358064194649
2,0,5845,1789633741947161600,3812358064204626
2,0,5846,1789633741947170816,3812358064214611
2,0,5847,1789633741947181056,3812358064224598
2,0,5848,1789633741947191296,3812358064234700
2,0,5849,1789633741947201536,3812358064244673
2,0,5850,1789633741947210752,3812358064254618
2,0,5851,1789633741947220992,3812358064264643
2,0,5852,1789633741947231232,3812358064274626
2,0,5853,1789633741947241472,3812358064284633
2,0,5854,1789633741947250688,3812358064294623
2,0,5855,1789633741947260928,3812358064304601
2,0,5856,1789633741947271168,3812358064314663
2,0,5857,1789633741947281408,3812358064324641
2,0,5858,1789633741947291648,3812358064334606
2,0,5859,1789633741947300864,3812358064344620
2,0,5860,1789633741947311104,3812358064354628
2,0,5861,1789633741947321344,3812358064364628
2,0,5862,1789633741947331584,3812358064374620
2,0,5863,1789633741947340800,3812358064384586
2,0,5864,1789633741947351040,3812358064394656
2,0,5865,1789633741947361280,3812358064404640
2,0,5866,1789633741947371520,3812358064414608
2,0,5867,1789633741947380736,3812358064424611
2,0,5868,1789633741947390976,3812358064434626
2,0,5869,1789633741947401216,3812358064444629
2,0,5870,1789633741947411456,3812358064454620
2,0,5871,1789633741947420672,3812358064464626
2,0,5872,1789633741947430912,3812358064474637
2,0,5873,1789633741947441152,3812358064484628
2,0,5874,1789633741947451392,3812358064494583
2,0,5875,1789633741947460608,3812358064504615
2,0,5876,1789633741947470848,3812358064514623
2,0,5877,1789633741947481088,3812358064524631
2,0,5878,1789633741947491328,3812358064534609
2,0,5879,1789633741947501568,3812358064544605
2,0,5880,1789633741947510784,3812358064554625
2,0,5881,1789633741947521024,3812358064564615
2,0,5882,1789633741947531264,3812358064574608
2,0,5883,1789633741947541504,3812358064584622
2,0,5884,1789633741947550720,3812358064594638
2,0,5885,1789633741947560960,3812358064604629
2,0,5886,1789633741947571200,3812358064614620
2,0,5887,1789633741947581440,3812358064624609
2,0,5888,1789633741947590656,3812358064634605
2,0,5889,1789633741947600896,3812358064644596
2,0,5890,1789633741947611136,3812358064654593
2,0,5891,1789633741947621376,3812358064664605
2,0,5892,1789633741947631616,3812358064674628
2,0,5893,1789633741947640832,3812358064684631
2,0,5894,1789633741947651072,3812358064694605
2,0,5895,1789633741947661312,3812358064704604
2,0,5896,1789633741947671552,3812358064714608
2,0,5897,1789633741947680768,3812358064724598
2,0,5898,1789633741947691008,3812358064734580
2,0,5899,1789633741947701248,3812358064744615
2,0,5900,1789633741947711488,3812358064754622
2,0,5901,1789633741947720704,3812358064764626
2,0,5902,1789633741947730944,3812358064774657
2,0,5903,1789633741947741184,3812358064784643
2,0,5904,1789633741947751424,3812358064794595
2,0,5905,1789633741947760640,3812358064804611
2,0,5906,1789633741947770880,3812358064814598
2,0,5907,1789633741947781120,3812358064824619
2,0,5908,1789633741947791360,3812358064834625
2,0,5909,1789633741947801600,3812358064844628
2,0,5910,1789633741947810816,3812358064854633
2,0,5911,1789633741947821056,3812358064864623
2,0,5912,1789633741947831296,3812358064874605
2,0,5913,1789633741947841536,3812358064884603
2,0,5914,1789633741947850752,3812358064894598
2,0,5915,1789633741947860992,3812358064904605
2,0,5916,1789633741947871232,3812358064914625
2,0,5917,1789633741947881472,3812358064924623
2,0,5918,1789633741947890688,3812358064934629
2,0,5919,1789633741947900928,3812358064944616
2,0,5920,1789633741947911168,3812358064954596
2,0,5921,1789633741947921408,3812358064964601
2,0,5922,1789633741947930624,3812358064974603
2,0,5923,1789633741947940864,3812358064984615
2,0,5924,1789633741947951104,3812358064994630
2,0,5925,1789633741947961344,3812358065004626
2,0,5926,1789633741947971584,3812358065014603
2,0,5927,1789633741947980800,3812358065024785
2,0,5928,1789633741947991040,3812358065034756
2,0,5929,1789633741948001280,3812358065044701
2,0,5930,1789633741948011520,3812358065054661
2,0,5931,1789633741948020736,3812358065064595
2,0,5932,1789633741948030976,3812358065074615
2,0,5933,1789633741948041216,3812358065084628
2,0,5934,1789633741948051456,3812358065094623
2,0,5935,1789633741948060672,3812358065104759
2,0,5936,1789633741948070912,3812358065114748
2,0,5937,1789633741948081152,3812358065124695
2,0,5938,1789633741948091392,3812358065134639
2,0,5939,1789633741948101632,3812358065144605
2,0,5940,1789633741948110848,3812358065154618
2,0,5941,1789633741948121088,3812358065164669
2,0,5942,1789633741948131328,3812358065174645
2,0,5943,1789633741948141568,3812358065184752
2,0,5944,1789633741948150784,3812358065194721
2,0,5945,1789633741948161024,3812358065204688
2,0,5946,1789633741948171264,3812358065214632
2,0,5947,1789633741948181504,3812358065224608
2,0,5948,1789633741948190720,3812358065234645
2,0,5949,1789633741948200960,3812358065244649
2,0,5950,1789633741948211200,3812358065254615
2,0,5951,1789633741948221440,3812358065264723
2,0,5952,1789633741948231680,3812358065274715
2,0,5953,1789633741948240896,3812358065284675
2,0,5954,1789633741948251136,3812358065294629
2,0,5955,1789633741948261376,3812358065304603
2,0,5956,1789633741948271616,3812358065314623
2,0,5957,1789633741948280832,3812358065324635
2,0,5958,1789633741948291072,3812358065334613
2,0,5959,1789633741948301312,3812358065344713
2,0,5960,1789633741948311552,3812358065354703
2,0,5961,1789633741948320768,3812358065364663
2,0,5962,1789633741948331008,3812358065374603
2,0,5963,1789633741948341248,3812358065384615
2,0,5964,1789633741948351488,3812358065394625
2,0,5965,1789633741948360704,3812358065404623
2,0,5966,1789633741948370944,3812358065414598
2,0,5967,1789633741948381184,3812358065424699
2,0,5968,1789633741948391424,3812358065434683
2,0,5969,1789633741948401664,3812358065444621
2,0,5970,1789633741948410880,3812358065454605
2,0,5971,1789633741948421120,3812358065464635
2,0,5972,1789633741948431360,3812358065474631
2,0,5973,1789633741948441600,3812358065484623
2,0,5974,1789633741948450816,3812358065494605
2,0,5975,1789633741948461056,3812358065504685
2,0,5976,1789633741948471296,3812358065514665
2,0,5977,1789633741948481536,3812358065524603
2,0,5978,1789633741948490752,3812358065534628
2,0,5979,1789633741948500992,3812358065544615
2,0,5980,1789633741948511232,3812358065554586
2,0,5981,1789633741948521472,3812358065564612
2,0,5982,1789633741948530688,3812358065574596
2,0,5983,1789633741948540928,3812358065584670
2,0,5984,1789633741948551168,3812358065594645
2,0,5985,1789633741948561408,3812358065604591
2,0,5986,1789633741948570624,3812358065614615
2,0,5987,1789633741948580864,3812358065624629
2,0,5988,1789633741948591104,3812358065634637
2,0,5989,1789633741948601344,3812358065644623
2,0,5990,1789633741948611584,3812358065654590
2,0,5991,1789633741948620800,3812358065664649
2,0,5992,1789633741948631040,3812358065674638
2,0,5993,1789633741948641280,3812358065684583
2,0,5994,1789633741948651520,3812358065694613
2,0,5995,1789633741948660736,3812358065704629
2,0,5996,1789633741948670976,3812358065714637
2,0,5997,1789633741948681216,3812358065724611
2,0,5998,1789633741948691456,3812358065734623
2,0,5999,1789633741948700672,3812358065744635
2,0,6000,1789633741948710912,3812358065754621
2,0,6001,1789633741948721152,3812358065764600
2,0,6002,1789633741948731392,3812358065774613
2,0,6003,1789633741948740608,3812358065784618
2,0,6004,1789633741948750848,3812358065794639
2,0,6005,1789633741948761088,3812358065804610
2,0,6006,1789633741948771328,3812358065814603
2,0,6007,1789633741948781568,3812358065824618
2,0,6008,1789633741948790784,3812358065834605
2,0,6009,1789633741948801024,3812358065844595
2,0,6010,1789633741948811264,3812358065854623
2,0,6011,1789633741948821504,3812358065864623
2,0,6012,1789633741948830720,3812358065874625
2,0,6013,1789633741948840960,3812358065884613
2,0,6014,1789633741948851200,3812358065894605
2,0,6015,1789633741948861440,3812358065904603
2,0,6016,1789633741948870656,3812358065914599
2,0,6017,1789633741948880896,3812358065924598
2,0,6018,1789633741948891136,3812358065934603
2,0,6019,1789633741948901376,3812358065944640
2,0,6020,1789633741948911616,3812358065954628
2,0,6021,1789633741948920832,3812358065964588
2,0,6022,1789633741948931072,3812358065974595
2,0,6023,1789633741948941312,3812358065984598
2,0,6024,1789633741948951552,3812358065994595
2,0,6025,1789633741948960768,3812358066004605
2,0,6026,1789633741948971008,3812358066014613
2,0,6027,1789633741948981248,3812358066024626
2,0,6028,1789633741948991488,3812358066034623
2,0,6029,1789633741949000704,3812358066044648
2,0,6030,1789633741949010944,3812358066054633
2,0,6031,1789633741949021184,3812358066064605
2,0,6032,1789633741949031424,3812358066074583
2,0,6033,1789633741949040640,3812358066084595
2,0,6034,1789633741949050880,3812358066094608
2,0,6035,1789633741949061120,3812358066104613
2,0,6036,1789633741949071360,3812358066114625
2,0,6037,1789633741949081600,3812358066124641
2,0,6038,1789633741949090816,3812358066134613
2,0,6039,1789633741949101056,3812358066144588
2,0,6040,1789633741949111296,3812358066154605
2,0,6041,1789633741949121536,3812358066164598
2,0,6042,1789633741949130752,3812358066174621
2,0,6043,1789633741949140992,3812358066184623
2,0,6044,1789633741949151232,3812358066194629
2,0,6045,1789633741949161472,3812358066204613
2,0,6046,1789633741949170688,3812358066214598
2,0,6047,1789633741949180928,3812358066224791
2,0,6048,1789633741949191168,3812358066234723
2,0,6049,1789633741949201408,3812358066244663
2,0,6050,1789633741949211648,3812358066254632
2,0,6051,1789633741949220864,3812358066264625
2,0,6052,1789633741949231104,3812358066274623
2,0,6053,1789633741949241344,3812358066284605
2,0,6054,1789633741949251584,3812358066294583
2,0,6055,1789633741949260800,3812358066304758
2,0,6056,1789633741949271040,3812358066314703
2,0,6057,1789633741949281280,3812358066324663
2,0,6058,1789633741949291520,3812358066334601
2,0,6059,1789633741949300736,3812358066344635
2,0,6060,1789633741949310976,3812358066354603
2,0,6061,1789633741949321216,3812358066364611
2,0,6062,1789633741949331456,3812358066374786
2,0,6063,1789633741949341696,3812358066384745
2,0,6064,1789633741949350912,3812358066394705
2,0,6065,1789633741949361152,3812358066404635
2,0,6066,1789633741949371392,3812358066414611
2,0,6067,1789633741949380608,3812358066424628
2,0,6068,1789633741949390848,3812358066434651
2,0,6069,1789633741949401088,3812358066444650
2,0,6070,1789633741949411328,3812358066454739
2,0,6071,1789633741949421568,3812358066464725
2,0,6072,1789633741949430784,3812358066474679
2,0,6073,1789633741949441024,3812358066484611
2,0,6074,1789633741949451264,3812358066494602
2,0,6075,1789633741949461504,3812358066504613
2,0,6076,1789633741949470720,3812358066514648
2,0,6077,1789633741949480960,3812358066524625
2,0,6078,1789633741949491200,3812358066534723
2,0,6079,1789633741949501440,3812358066544691
2,0,6080,1789633741949511680,3812358066554643
2,0,6081,1789633741949520896,3812358066564595
2,0,6082,1789633741949531136,3812358066574615
2,0,6083,1789633741949541376,3812358066584633
2,0,6084,1789633741949550592,3812358066594621
2,0,6085,1789633741949560832,3812358066604615
2,0,6086,1789633741949571072,3812358066614703
2,0,6087,1789633741949581312,3812358066624695
2,0,6088,1789633741949591552,3812358066634621
2,0,6089,1789633741949600768,3812358066644596
2,0,6090,1789633741949611008,3812358066654651
2,0,6091,1789633741949621248,3812358066664623
2,0,6092,1789633741949631488,3812358066674613
2,0,6093,1789633741949640704,3812358066684591
2,0,6094,1789633741949650944,3812358066694685
2,0,6095,1789633741949661184,3812358066704673
2,0,6096,1789633741949671424,3812358066714620
2,0,6097,1789633741949680640,3812358066724585
2,0,6098,1789633741949690880,3812358066734635
2,0,6099,1789633741949701120,3812358066744611
2,0,6100,1789633741949711360,3812358066754615
2,0,6101,1789633741949720576,3812358066764591
2,0,6102,1789633741949730816,3812358066774678
2,0,6103,1789633741949741056,3812358066784671
2,0,6104,1789633741949751296,3812358066794598
2,0,6105,1789633741949761536,3812358066804615
2,0,6106,1789633741949770752,3812358066814623
2,0,6107,1789633741949780992,3812358066824628
2,0,6108,1789633741949791232,3812358066834603
2,0,6109,1789633741949801472,3812358066844586
2,0,6110,1789633741949810688,3812358066854651
2,0,6111,1789633741949820928,3812358066864648
2,0,6112,1789633741949831168,3812358066874588
2,0,6113,1789633741949841408,3812358066884604
2,0,6114,1789633741949850624,3812358066894623
2,0,6115,1789633741949860864,3812358066904623
2,0,6116,1789633741949871104,3812358066914608
2,0,6117,1789633741949881344,3812358066924625
2,0,6118,1789633741949891584,3812358066934638
2,0,6119,1789633741949900800,3812358066944613
2,0,6120,1789633741949911040,3812358066954591
2,0,6121,1789633741949921280,3812358066964615
2,0,6122,1789633741949931520,3812358066974603
2,0,6123,1789633741949940736,3812358066984621
2,0,6124,1789633741949950976,3812358066994615
2,0,6125,1789633741949961216,3812358067004621
2,0,6126,1789633741949971456,3812358067014626
2,0,6127,1789633741949980672,3812358067024608
2,0,6128,1789633741949990912,3812358067034593
2,0,6129,1789633741950001152,3812358067044610
2,0,6130,1789633741950011392,3812358067054623
2,0,6131,1789633741950020608,3812358067064628
2,0,6132,1789633741950030848,3812358067074618
2,0,6133,1789633741950041088,3812358067084611
2,0,6134,1789633741950051328,3812358067094605
2,0,6135,1789633741950061568,3812358067104603
2,0,6136,1789633741950070784,3812358067114586
2,0,6137,1789633741950081024,3812358067124593
2,0,6138,1789633741950091264,3812358067134611
2,0,6139,1789633741950101504,3812358067144625
2,0,6140,1789633741950110720,3812358067154613
2,0,6141,1789633741950120960,3812358067164603
2,0,6142,1789633741950131200,3812358067174608
2,0,6143,1789633741950141440,3812358067184611
2,0,6144,1789633741950150656,3812358067194591
2,0,6145,1789633741950160896,3812358067204611
2,0,6146,1789633741950171136,3812358067214628
2,0,6147,1789633741950181376,3812358067224625
2,0,6148,1789633741950190592,3812358067234648
2,0,6149,1789633741950200832,3812358067244623
2,0,6150,1789633741950211072,3812358067254574
2,0,6151,1789633741950221312,3812358067264603
2,0,6152,1789633741950231552,3812358067274598
2,0,6153,1789633741950240768,3812358067284625
2,0,6154,1789633741950251008,3812358067294630
2,0,6155,1789633741950261248,3812358067304631
2,0,6156,1789633741950271488,3812358067314633
2,0,6157,1789633741950280704,3812358067324623
2,0,6158,1789633741950290944,3812358067334606
2,0,6159,1789633741950301184,3812358067344581
2,0,6160,1789633741950311424,3812358067354585
2,0,6161,1789633741950320640,3812358067364613
2,0,6162,1789633741950330880,3812358067374626
2,0,6163,1789633741950341120,3812358067384615
2,0,6164,1789633741950351360,3812358067394628
2,0,6165,1789633741950360576,3812358067404605
2,0,6166,1789633741950370816,3812358067414595
2,0,6167,1789633741950381056,3812358067424605
2,0,6168,1789633741950391296,3812358067434603
2,0,6169,1789633741950401536,3812358067444623
2,0,6170,1789633741950410752,3812358067454628
2,0,6171,1789633741950420992,3812358067464625
2,0,6172,1789633741950431232,3812358067474623
2,0,6173,1789633741950441472,3812358067484785
2,0,6174,1789633741950451712,3812358067494763
2,0,6175,1789633741950460928,3812358067504713
2,0,6176,1789633741950471168,3812358067514679
2,0,6177,1789633741950481408,3812358067524626
2,0,6178,1789633741950490624,3812358067534625
2,0,6179,1789633741950500864,3812358067544631
2,0,6180,1789633741950511104,3812358067554618
2,0,6181,1789633741950521344,3812358067564798
2,0,6182,1789633741950531584,3812358067574748
2,0,6183,1789633741950540800,3812358067584679
2,0,6184,1789633741950551040,3812358067594623
2,0,6185,1789633741950561280,3812358067604613
2,0,6186,1789633741950571520,3812358067614625
2,0,6187,1789633741950580736,3812358067624613
2,0,6188,1789633741950590976,3812358067634583
2,0,6189,1789633741950601216,3812358067644743
2,0,6190,1789633741950611456,3812358067654743
2,0,6191,1789633741950621696,3812358067664658
2,0,6192,1789633741950630912,3812358067674593
2,0,6193,1789633741950641152,3812358067684614
2,0,6194,1789633741950651392,3812358067694623
2,0,6195,1789633741950660608,3812358067704651
2,0,6196,1789633741950670848,3812358067714638
2,0,6197,1789633741950681088,3812358067724725
2,0,6198,1789633741950691328,3812358067734703
2,0,6199,1789633741950701568,3812358067744665
2,0,6200,1789633741950710784,3812358067754613
2,0,6201,1789633741950721024,3812358067764603
2,0,6202,1789633741950731264,3812358067774615
2,0,6203,1789633741950741504,3812358067784620
2,0,6204,1789633741950750720,3812358067794620
2,0,6205,1789633741950760960,3812358067804713
2,0,6206,1789633741950771200,3812358067814703
2,0,6207,1789633741950781440,3812358067824648
2,0,6208,1789633741950790656,3812358067834593
2,0,6209,1789633741950800896,3812358067844606
2,0,6210,1789633741950811136,3812358067854621
2,0,6211,1789633741950821376,3812358067864618
2,0,6212,1789633741950830592,3812358067874591
2,0,6213,1789633741950840832,3812358067884695
2,0,6214,1789633741950851072,3812358067894683
2,0,6215,1789633741950861312,3812358067904628
2,0,6216,1789633741950871552,3812358067914588
2,0,6217,1789633741950880768,3812358067924643
2,0,6218,1789633741950891008,3812358067934625
2,0,6219,1789633741950901248,3812358067944618
2,0,6220,1789633741950911488,3812358067954603
2,0,6221,1789633741950920704,3812358067964695
2,0,6222,1789633741950930944,3812358067974663
2,0,6223,1789633741950941184,3812358067984605
2,0,6224,1789633741950951424,3812358067994628
2,0,6225,1789633741950960640,3812358068004625
2,0,6226,1789633741950970880,3812358068014623
2,0,6227,1789633741950981120,3812358068024621
2,0,6228,1789633741950991360,3812358068034601
2,0,6229,1789633741951000576,3812358068044670
2,0,6230,1789633741951010816,3812358068054645
2,0,6231,1789633741951021056,3812358068064588
2,0,6232,1789633741951031296,3812358068074613
2,0,6233,1789633741951041536,3812358068084628
2,0,6234,1789633741951050752,3812358068094628
2,0,6235,1789633741951060992,3812358068104608
2,0,6236,1789633741951071232,3812358068114598
2,0,6237,1789633741951081472,3812358068124650
2,0,6238,1789633741951090688,3812358068134616
2,0,6239,1789633741951100928,3812358068144595
2,0,6240,1789633741951111168,3812358068154606
2,0,6241,1789633741951121408,3812358068164625
2,0,6242,1789633741951130624,3812358068174631
2,0,6243,1789633741951140864,3812358068184620
2,0,6244,1789633741951151104,3812358068194623
2,0,6245,1789633741951161344,3812358068204628
2,0,6246,1789633741951171584,3812358068214605
2,0,6247,1789633741951180800,3812358068224593
2,0,6248,1789633741951191040,3812358068234606
2,0,6249,1789633741951201280,3812358068244613
2,0,6250,1789633741951211520,3812358068254631
2,0,6251,1789633741951220736,3812358068264606
2,0,6252,1789633741951230976,3812358068274603
2,0,6253,1789633741951241216,3812358068284613
2,0,6254,1789633741951251456,3812358068294601
2,0,6255,1789633741951260672,3812358068304583
2,0,6256,1789633741951270912,3812358068314613
2,0,6257,1789633741951281152,3812358068324630
2,0,6258,1789633741951291392,3812358068334625
2,0,6259,1789633741951300608,3812358068344615
2,0,6260,1789633741951310848,3812358068354605
2,0,6261,1789633741951321088,3812358068364603
2,0,6262,1789633741951331328,3812358068374608
2,0,6263,1789633741951340544,3812358068384605
2,0,6264,1789633741951350784,3812358068394621
2,0,6265,1789633741951361024,3812358068404628
2,0,6266,1789633741951371264,3812358068414628
2,0,6267,1789633741951381504,3812358068424598
2,0,6268,1789633741951390720,3812358068434595
2,0,6269,1789633741951400960,3812358068444583
2,0,6270,1789633741951411200,3812358068454595
2,0,6271,1789633741951421440,3812358068464598
2,0,6272,1789633741951430656,3812358068474613
2,0,6273,1789633741951440896,3812358068484618
2,0,6274,1789633741951451136,3812358068494623
2,0,6275,1789633741951461376,3812358068504645
2,0,6276,1789633741951470592,3812358068514633
2,0,6277,1789633741951480832,3812358068524603
2,0,6278,1789633741951491072,3812358068534601
2,0,6279,1789633741951501312,3812358068544594
2,0,6280,1789633741951510528,3812358068554605
2,0,6281,1789633741951520768,3812358068564606
2,0,6282,1789633741951531008,3812358068574633
2,0,6283,1789633741951541248,3812358068584598
2,0,6284,1789633741951551488,3812358068594611
2,0,6285,1789633741951560704,3812358068604603
2,0,6286,1789633741951570944,3812358068614608
2,0,6287,1789633741951581184,3812358068624603
2,0,6288,1789633741951591424,3812358068634603
2,0,6289,1789633741951600640,3812358068644641
2,0,6290,1789633741951610880,3812358068654621
2,0,6291,1789633741951621120,3812358068664618
2,0,6292,1789633741951631360,3812358068674585
2,0,6293,1789633741951640576,3812358068684795
2,0,6294,1789633741951650816,3812358068694760
2,0,6295,1789633741951661056,3812358068704728
2,0,6296,1789633741951671296,3812358068714725
2,0,6297,1789633741951681536,3812358068724700
2,0,6298,1789633741951690752,3812358068734683
2,0,6299,1789633741951700992,3812358068744630
2,0,6300,1789633741951711232,3812358068754795
2,0,6301,1789633741951721472,3812358068764735
2,0,6302,1789633741951730688,3812358068774680
2,0,6303,1789633741951740928,3812358068784625
2,0,6304,1789633741951751168,3812358068794613
2,0,6305,1789633741951761408,3812358068804633
2,0,6306,1789633741951770624,3812358068814611
2,0,6307,1789633741951780864,3812358068824611
2,0,6308,1789633741951791104,3812358068834753
2,0,6309,1789633741951801344,3812358068844733
2,0,6310,1789633741951811584,3812358068854701
2,0,6311,1789633741951820800,3812358068864631
2,0,6312,1789633741951831040,3812358068874618
2,0,6313,1789633741951841280,3812358068884623
2,0,6314,1789633741951851520,3812358068894658
2,0,6315,1789633741951860736,3812358068904648
2,0,6316,1789633741951870976,3812358068914735
2,0,6317,1789633741951881216,3812358068924725
2,0,6318,1789633741951891456,3812358068934655
2,0,6319,1789633741951900672,3812358068944620
2,0,6320,1789633741951910912,3812358068954605
2,0,6321,1789633741951921152,3812358068964633
2,0,6322,1789633741951931392,3812358068974638
2,0,6323,1789633741951940608,3812358068984608
2,0,6324,1789633741951950848,3812358068994700
2,0,6325,1789633741951961088,3812358069004698
2,0,6326,1789633741951971328,3812358069014658
2,0,6327,1789633741951981568,3812358069024581
2,0,6328,1789633741951990784,3812358069034615
2,0,6329,1789633741952001024,3812358069044631
2,0,6330,1789633741952011264,3812358069054625
2,0,6331,1789633741952021504,3812358069064606
2,0,6332,1789633741952030720,3812358069074710
2,0,6333,1789633741952040960,3812358069084693
2,0,6334,1789633741952051200,3812358069094638
2,0,6335,1789633741952061440,3812358069104603
2,0,6336,1789633741952070656,3812358069114655
2,0,6337,1789633741952080896,3812358069124640
2,0,6338,1789633741952091136,3812358069134613
2,0,6339,1789633741952101376,3812358069144591
2,0,6340,1789633741952110592,3812358069154690
2,0,6341,1789633741952120832,3812358069164666
2,0,6342,1789633741952131072,3812358069174618
2,0,6343,1789633741952141312,3812358069184641
2,0,6344,1789633741952151552,3812358069194635
2,0,6345,1789633741952160768,3812358069204633
2,0,6346,1789633741952171008,3812358069214615
2,0,6347,1789633741952181248,3812358069224583
2,0,6348,1789633741952191488,3812358069234678
2,0,6349,1789633741952200704,3812358069244648
2,0,6350,1789633741952210944,3812358069254598
2,0,6351,1789633741952221184,3812358069264621
2,0,6352,1789633741952231424,3812358069274630
2,0,6353,1789633741952240640,3812358069284633
2,0,6354,1789633741952250880,3812358069294618
2,0,6355,1789633741952261120,3812358069304603
2,0,6356,1789633741952271360,3812358069314660
2,0,6357,1789633741952280576,3812358069324646
2,0,6358,1789633741952290816,3812358069334601
2,0,6359,1789633741952301056,3812358069344605
2,0,6360,1789633741952311296,3812358069354613
2,0,6361,1789633741952321536,3812358069364623
2,0,6362,1789633741952330752,3812358069374613
2,0,6363,1789633741952340992,3812358069384625
2,0,6364,1789633741952351232,3812358069394643
2,0,6365,1789633741952361472,3812358069404635
2,0,6366,1789633741952370688,3812358069414588
2,0,6367,1789633741952380928,3812358069424608
2,0,6368,1789633741952391168,3812358069434653
2,0,6369,1789633741952401408,3812358069444625
2,0,6370,1789633741952410624,3812358069454623
