schema_version,trial,sample,gpu_ns,cpu_observed_ns
2,0,0,1789636816590589888,3815432764099439
2,0,1,1789636816590601280,3815432764110359
2,0,2,1789636816590612288,3815432764121308
2,0,3,1789636816590623200,3815432764132299
2,0,4,1789636816590634176,3815432764143199
2,0,5,1789636816590645056,3815432764154096
2,0,6,1789636816590655968,3815432764164996
2,0,7,1789636816590666880,3815432764175908
2,0,8,1789636816590677824,3815432764186936
2,0,9,1789636816590688800,3815432764197859
2,0,10,1789636816590699712,3815432764208764
2,0,11,1789636816590710624,3815432764219668
2,0,12,1789636816590721568,3815432764230616
2,0,13,1789636816590732480,3815432764241548
2,0,14,1789636816590743424,3815432764252467
2,0,15,1789636816590754336,3815432764263376
2,0,16,1789636816590765216,3815432764274267
2,0,17,1789636816590776128,3815432764285176
2,0,18,1789636816590787072,3815432764296194
2,0,19,1789636816590798080,3815432764307128
2,0,20,1789636816590808992,3815432764318024
2,0,21,1789636816590819904,3815432764328914
2,0,22,1789636816590830784,3815432764339824
2,0,23,1789636816590841696,3815432764350844
2,0,24,1789636816590852704,3815432764361748
2,0,25,1789636816590863616,3815432764372639
2,0,26,1789636816590874496,3815432764383528
2,0,27,1789636816590885440,3815432764394491
2,0,28,1789636816590896352,3815432764405407
2,0,29,1789636816590907296,3815432764416351
2,0,30,1789636816590918208,3815432764427236
2,0,31,1789636816590929056,3815432764438128
2,0,32,1789636816590940000,3815432764449044
2,0,33,1789636816590950880,3815432764460076
2,0,34,1789636816590961920,3815432764470964
2,0,35,1789636816590972800,3815432764481842
2,0,36,1789636816590983680,3815432764492728
2,0,37,1789636816590994624,3815432764503648
2,0,38,1789636816591005504,3815432764514696
2,0,39,1789636816591016576,3815432764525604
2,0,40,1789636816591027456,3815432764536499
2,0,41,1789636816591038368,3815432764547402
2,0,42,1789636816591049312,3815432764558356
2,0,43,1789636816591060224,3815432764569282
2,0,44,1789636816591071168,3815432764580208
2,0,45,1789636816591082048,3815432764591202
2,0,46,1789636816591093024,3815432764602084
2,0,47,1789636816591103936,3815432764612979
2,0,48,1789636816591114816,3815432764623887
2,0,49,1789636816591125792,3815432764634856
2,0,50,1789636816591136672,3815432764645719
2,0,51,1789636816591147584,3815432764656647
2,0,52,1789636816591158528,3815432764667548
2,0,53,1789636816591169408,3815432764678551
2,0,54,1789636816591180416,3815432764689462
2,0,55,1789636816591191328,3815432764700371
2,0,56,1789636816591202208,3815432764711264
2,0,57,1789636816591213088,3815432764722164
2,0,58,1789636816591224032,3815432764733188
2,0,59,1789636816591235008,3815432764744091
2,0,60,1789636816591245888,3815432764754951
2,0,61,1789636816591256800,3815432764765851
2,0,62,1789636816591267712,3815432764776768
2,0,63,1789636816591278624,3815432764787819
2,0,64,1789636816591289664,3815432764798724
2,0,65,1789636816591300576,3815432764809634
2,0,66,1789636816591311456,3815432764820525
2,0,67,1789636816591322400,3815432764831459
2,0,68,1789636816591333344,3815432764842396
2,0,69,1789636816591344256,3815432764853322
2,0,70,1789636816591355200,3815432764864239
2,0,71,1789636816591366112,3815432764875139
2,0,72,1789636816591377024,3815432764886084
2,0,73,1789636816591387936,3815432764897016
2,0,74,1789636816591398848,3815432764907916
2,0,75,1789636816591409760,3815432764918808
2,0,76,1789636816591420640,3815432764929708
2,0,77,1789636816591431584,3815432764940636
2,0,78,1789636816591442496,3815432764951671
2,0,79,1789636816591453504,3815432764962576
2,0,80,1789636816591464416,3815432764973485
2,0,81,1789636816591475328,3815432764984371
2,0,82,1789636816591486208,3815432764995284
2,0,83,1789636816591497184,3815432765006291
2,0,84,1789636816591508128,3815432765017179
2,0,85,1789636816591519040,3815432765028078
2,0,86,1789636816591529952,3815432765039019
2,0,87,1789636816591540896,3815432765049954
2,0,88,1789636816591551808,3815432765060874
2,0,89,1789636816591562752,3815432765071816
2,0,90,1789636816591573664,3815432765082719
2,0,91,1789636816591584576,3815432765093641
2,0,92,1789636816591595520,3815432765104576
2,0,93,1789636816591606400,3815432765115519
2,0,94,1789636816591617408,3815432765126459
2,0,95,1789636816591628320,3815432765137368
2,0,96,1789636816591639232,3815432765148264
2,0,97,1789636816591650144,3815432765159184
2,0,98,1789636816591661088,3815432765170136
2,0,99,1789636816591672032,3815432765181131
2,0,100,1789636816591682944,3815432765192024
2,0,101,1789636816591693856,3815432765202902
2,0,102,1789636816591704768,3815432765213822
2,0,103,1789636816591715680,3815432765224759
2,0,104,1789636816591726624,3815432765235711
2,0,105,1789636816591737568,3815432765246596
2,0,106,1789636816591748480,3815432765257514
2,0,107,1789636816591759392,3815432765268428
2,0,108,1789636816591770304,3815432765279376
2,0,109,1789636816591781248,3815432765290314
2,0,110,1789636816591792192,3815432765301236
2,0,111,1789636816591803104,3815432765312159
2,0,112,1789636816591814048,3815432765323164
2,0,113,1789636816591824960,3815432765334044
2,0,114,1789636816591835872,3815432765344948
2,0,115,1789636816591846752,3815432765355819
2,0,116,1789636816591857664,3815432765366719
2,0,117,1789636816591868576,3815432765377647
2,0,118,1789636816591879488,3815432765388664
2,0,119,1789636816591890464,3815432765399559
2,0,120,1789636816591901344,3815432765410434
2,0,121,1789636816591912256,3815432765421336
2,0,122,1789636816591923200,3815432765432247
2,0,123,1789636816591934112,3815432765443187
2,0,124,1789636816591945088,3815432765454131
2,0,125,1789636816591956000,3815432765465036
2,0,126,1789636816591966912,3815432765475944
2,0,127,1789636816591977856,3815432765486908
2,0,128,1789636816591988768,3815432765497921
2,0,129,1789636816591999744,3815432765508836
2,0,130,1789636816592010656,3815432765519722
2,0,131,1789636816592021568,3815432765530636
2,0,132,1789636816592032512,3815432765541576
2,0,133,1789636816592043488,3815432765552522
2,0,134,1789636816592054400,3815432765563462
2,0,135,1789636816592065312,3815432765574364
2,0,136,1789636816592076192,3815432765585271
2,0,137,1789636816592087104,3815432765596188
2,0,138,1789636816592098048,3815432765607116
2,0,139,1789636816592108960,3815432765618027
2,0,140,1789636816592119872,3815432765628931
2,0,141,1789636816592130752,3815432765639831
2,0,142,1789636816592141696,3815432765650776
2,0,143,1789636816592152640,3815432765661782
2,0,144,1789636816592163584,3815432765672679
2,0,145,1789636816592174496,3815432765683571
2,0,146,1789636816592185376,3815432765694456
2,0,147,1789636816592196320,3815432765705382
2,0,148,1789636816592207232,3815432765716399
2,0,149,1789636816592218208,3815432765727287
2,0,150,1789636816592229120,3815432765738182
2,0,151,1789636816592240000,3815432765749071
2,0,152,1789636816592250944,3815432765760016
2,0,153,1789636816592261888,3815432765771034
2,0,154,1789636816592272832,3815432765781914
2,0,155,1789636816592283744,3815432765792801
2,0,156,1789636816592294624,3815432765803691
2,0,157,1789636816592305536,3815432765814619
2,0,158,1789636816592316448,3815432765825651
2,0,159,1789636816592327456,3815432765836547
2,0,160,1789636816592338336,3815432765847422
2,0,161,1789636816592349216,3815432765858279
2,0,162,1789636816592360128,3815432765869176
2,0,163,1789636816592371008,3815432765880216
2,0,164,1789636816592382016,3815432765891104
2,0,165,1789636816592392960,3815432765901996
2,0,166,1789636816592403840,3815432765912891
2,0,167,1789636816592414752,3815432765923787
2,0,168,1789636816592425632,3815432765934827
2,0,169,1789636816592436640,3815432765945722
2,0,170,1789636816592447520,3815432765956599
2,0,171,1789636816592458400,3815432765967462
2,0,172,1789636816592469312,3815432765978411
2,0,173,1789636816592480256,3815432765989439
2,0,174,1789636816592491264,3815432766000344
2,0,175,1789636816592502176,3815432766011224
2,0,176,1789636816592513088,3815432766022127
2,0,177,1789636816592523968,3815432766033036
2,0,178,1789636816592534912,3815432766044122
2,0,179,1789636816592545984,3815432766055048
2,0,180,1789636816592556928,3815432766065979
2,0,181,1789636816592567808,3815432766076882
2,0,182,1789636816592578720,3815432766087804
2,0,183,1789636816592589632,3815432766098748
2,0,184,1789636816592600608,3815432766109687
2,0,185,1789636816592611520,3815432766120584
2,0,186,1789636816592622432,3815432766131496
2,0,187,1789636816592633344,3815432766153424
2,0,188,1789636816592644256,3815432766154082
2,0,189,1789636816592655200,3815432766164302
2,0,190,1789636816592666112,3815432766175188
2,0,191,1789636816592676992,3815432766186079
2,0,192,1789636816592687872,3815432766196976
2,0,193,1789636816592698784,3815432766208024
2,0,194,1789636816592709856,3815432766218911
2,0,195,1789636816592720736,3815432766229804
2,0,196,1789636816592731648,3815432766240657
2,0,197,1789636816592742592,3815432766251603
2,0,198,1789636816592753536,3815432766262547
2,0,199,1789636816592764448,3815432766273442
2,0,200,1789636816592775360,3815432766284349
2,0,201,1789636816592786240,3815432766295244
2,0,202,1789636816592797152,3815432766306173
2,0,203,1789636816592808064,3815432766317156
2,0,204,1789636816592819072,3815432766328067
2,0,205,1789636816592829952,3815432766338938
2,0,206,1789636816592840864,3815432766349842
2,0,207,1789636816592851776,3815432766360776
2,0,208,1789636816592862720,3815432766371778
2,0,209,1789636816592873664,3815432766382685
2,0,210,1789636816592884576,3815432766393581
2,0,211,1789636816592895456,3815432766404460
2,0,212,1789636816592906400,3815432766415405
2,0,213,1789636816592917312,3815432766426400
2,0,214,1789636816592928288,3815432766437297
2,0,215,1789636816592939200,3815432766448202
2,0,216,1789636816592950112,3815432766459104
2,0,217,1789636816592961056,3815432766470074
2,0,218,1789636816592971936,3815432766481037
2,0,219,1789636816592982944,3815432766491948
2,0,220,1789636816592993856,3815432766502844
2,0,221,1789636816593004736,3815432766513734
2,0,222,1789636816593015680,3815432766524698
2,0,223,1789636816593026592,3815432766535663
2,0,224,1789636816593037600,3815432766546629
2,0,225,1789636816593048448,3815432766557454
2,0,226,1789636816593059360,3815432766568405
2,0,227,1789636816593070304,3815432766579331
2,0,228,1789636816593081216,3815432766590276
2,0,229,1789636816593092192,3815432766601221
2,0,230,1789636816593103104,3815432766612131
2,0,231,1789636816593114048,3815432766623040
2,0,232,1789636816593124960,3815432766633987
2,0,233,1789636816593135872,3815432766644898
2,0,234,1789636816593146784,3815432766655818
2,0,235,1789636816593157696,3815432766666689
2,0,236,1789636816593168640,3815432766677665
2,0,237,1789636816593179552,3815432766688578
2,0,238,1789636816593190464,3815432766699527
2,0,239,1789636816593201440,3815432766710467
2,0,240,1789636816593212352,3815432766721349
2,0,241,1789636816593223232,3815432766732278
2,0,242,1789636816593234176,3815432766743214
2,0,243,1789636816593245152,3815432766754160
2,0,244,1789636816593256064,3815432766765068
2,0,245,1789636816593266976,3815432766775971
2,0,246,1789636816593277856,3815432766786854
2,0,247,1789636816593288768,3815432766797783
2,0,248,1789636816593299680,3815432766808762
2,0,249,1789636816593310656,3815432766819680
2,0,250,1789636816593321600,3815432766830578
2,0,251,1789636816593332480,3815432766841471
2,0,252,1789636816593343360,3815432766852395
2,0,253,1789636816593354304,3815432766863395
2,0,254,1789636816593365312,3815432766874351
2,0,255,1789636816593376224,3815432766885240
2,0,256,1789636816593387136,3815432766896138
2,0,257,1789636816593398048,3815432766907102
2,0,258,1789636816593408992,3815432766918009
2,0,259,1789636816593419904,3815432766928927
2,0,260,1789636816593430816,3815432766939831
2,0,261,1789636816593441728,3815432766950731
2,0,262,1789636816593452608,3815432766961636
2,0,263,1789636816593463552,3815432766972634
2,0,264,1789636816593474528,3815432766983588
2,0,265,1789636816593485504,3815432766994503
2,0,266,1789636816593496384,3815432767005400
2,0,267,1789636816593507328,3815432767016352
2,0,268,1789636816593518272,3815432767027260
2,0,269,1789636816593529152,3815432767038188
2,0,270,1789636816593540064,3815432767049100
2,0,271,1789636816593550976,3815432767060010
2,0,272,1789636816593561920,3815432767070965
2,0,273,1789636816593572832,3815432767081889
2,0,274,1789636816593583744,3815432767092789
2,0,275,1789636816593594688,3815432767103690
2,0,276,1789636816593605568,3815432767114593
2,0,277,1789636816593616512,3815432767125563
2,0,278,1789636816593627392,3815432767136505
2,0,279,1789636816593638400,3815432767147411
2,0,280,1789636816593649280,3815432767158309
2,0,281,1789636816593660160,3815432767169213
2,0,282,1789636816593671104,3815432767180138
2,0,283,1789636816593682048,3815432767191130
2,0,284,1789636816593693056,3815432767202073
2,0,285,1789636816593703936,3815432767212962
2,0,286,1789636816593714848,3815432767223870
2,0,287,1789636816593725824,3815432767234862
2,0,288,1789636816593736736,3815432767245776
2,0,289,1789636816593747680,3815432767256678
2,0,290,1789636816593758560,3815432767267584
2,0,291,1789636816593769472,3815432767278518
2,0,292,1789636816593780416,3815432767289460
2,0,293,1789636816593791360,3815432767300377
2,0,294,1789636816593802272,3815432767311302
2,0,295,1789636816593813152,3815432767322201
2,0,296,1789636816593824096,3815432767333134
2,0,297,1789636816593835040,3815432767344075
2,0,298,1789636816593845952,3815432767354991
2,0,299,1789636816593856864,3815432767365898
2,0,300,1789636816593867744,3815432767376790
2,0,301,1789636816593878656,3815432767387750
2,0,302,1789636816593889600,3815432767398647
2,0,303,1789636816593900512,3815432767409629
2,0,304,1789636816593911520,3815432767420587
2,0,305,1789636816593922464,3815432767431453
2,0,306,1789636816593933312,3815432767442340
2,0,307,1789636816593944224,3815432767453262
2,0,308,1789636816593955136,3815432767464249
2,0,309,1789636816593966144,3815432767475167
2,0,310,1789636816593977024,3815432767486051
2,0,311,1789636816593987904,3815432767496937
2,0,312,1789636816593998848,3815432767507910
2,0,313,1789636816594009760,3815432767518869
2,0,314,1789636816594020736,3815432767529771
2,0,315,1789636816594031648,3815432767540668
2,0,316,1789636816594042560,3815432767551571
2,0,317,1789636816594053504,3815432767562542
2,0,318,1789636816594064384,3815432767573500
2,0,319,1789636816594075392,3815432767584425
2,0,320,1789636816594086272,3815432767595310
2,0,321,1789636816594097184,3815432767606198
2,0,322,1789636816594108096,3815432767617140
2,0,323,1789636816594118976,3815432767628120
2,0,324,1789636816594129984,3815432767639104
2,0,325,1789636816594140960,3815432767649988
2,0,326,1789636816594151840,3815432767660862
2,0,327,1789636816594162752,3815432767671784
2,0,328,1789636816594173632,3815432767682748
2,0,329,1789636816594184640,3815432767693702
2,0,330,1789636816594195584,3815432767704591
2,0,331,1789636816594206464,3815432767715478
2,0,332,1789636816594217408,3815432767726458
2,0,333,1789636816594228320,3815432767737371
2,0,334,1789636816594239264,3815432767748329
2,0,335,1789636816594250176,3815432767759214
2,0,336,1789636816594261088,3815432767770118
2,0,337,1789636816594272032,3815432767781144
2,0,338,1789636816594283008,3815432767792037
2,0,339,1789636816594293888,3815432767802908
2,0,340,1789636816594304800,3815432767813798
2,0,341,1789636816594315680,3815432767824730
2,0,342,1789636816594326656,3815432767835678
2,0,343,1789636816594337568,3815432767846611
2,0,344,1789636816594348480,3815432767857529
2,0,345,1789636816594359392,3815432767868417
2,0,346,1789636816594370304,3815432767879318
2,0,347,1789636816594381184,3815432767890220
2,0,348,1789636816594392128,3815432767901263
2,0,349,1789636816594403104,3815432767912160
2,0,350,1789636816594414048,3815432767923060
2,0,351,1789636816594424928,3815432767933931
2,0,352,1789636816594435808,3815432767944860
2,0,353,1789636816594446720,3815432767955851
2,0,354,1789636816594457696,3815432767966749
2,0,355,1789636816594468640,3815432767977629
2,0,356,1789636816594479520,3815432767988538
2,0,357,1789636816594490432,3815432767999468
2,0,358,1789636816594501312,3815432768010470
2,0,359,1789636816594512352,3815432768021378
2,0,360,1789636816594523264,3815432768032284
2,0,361,1789636816594534112,3815432768043169
2,0,362,1789636816594545056,3815432768054109
2,0,363,1789636816594556032,3815432768065100
2,0,364,1789636816594566944,3815432768075948
2,0,365,1789636816594577856,3815432768086858
2,0,366,1789636816594588736,3815432768097747
2,0,367,1789636816594599648,3815432768108668
2,0,368,1789636816594610560,3815432768119749
2,0,369,1789636816594621632,3815432768130658
2,0,370,1789636816594632544,3815432768141551
2,0,371,1789636816594643424,3815432768152416
2,0,372,1789636816594654304,3815432768163340
2,0,373,1789636816594665216,3815432768174344
2,0,374,1789636816594676160,3815432768185237
2,0,375,1789636816594687104,3815432768196096
2,0,376,1789636816594697984,3815432768207024
2,0,377,1789636816594708928,3815432768217988
2,0,378,1789636816594719840,3815432768228971
2,0,379,1789636816594730816,3815432768239864
2,0,380,1789636816594741696,3815432768250729
2,0,381,1789636816594752576,3815432768261611
2,0,382,1789636816594763488,3815432768272500
2,0,383,1789636816595465216,3815432768975713
2,0,384,1789636816595477632,3815432768986736
2,0,385,1789636816595488544,3815432768997611
2,0,386,1789636816595499456,3815432769008518
2,0,387,1789636816595510400,3815432769019460
2,0,388,1789636816595521312,3815432769030350
2,0,389,1789636816595532224,3815432769041268
2,0,390,1789636816595543104,3815432769052242
2,0,391,1789636816595554080,3815432769063162
2,0,392,1789636816595565024,3815432769074069
2,0,393,1789636816595575904,3815432769084977
2,0,394,1789636816595586880,3815432769095927
2,0,395,1789636816595597728,3815432769106850
2,0,396,1789636816595608704,3815432769117763
2,0,397,1789636816595619616,3815432769128658
2,0,398,1789636816595630496,3815432769139547
2,0,399,1789636816595641408,3815432769150488
2,0,400,1789636816595652352,3815432769161448
2,0,401,1789636816595663264,3815432769172318
2,0,402,1789636816595674208,3815432769183253
2,0,403,1789636816595685120,3815432769194169
2,0,404,1789636816595696032,3815432769205109
2,0,405,1789636816595706912,3815432769216093
2,0,406,1789636816595717920,3815432769226969
2,0,407,1789636816595728832,3815432769237853
2,0,408,1789636816595739744,3815432769248776
2,0,409,1789636816595750656,3815432769259722
2,0,410,1789636816595761568,3815432769270729
2,0,411,1789636816595772576,3815432769281658
2,0,412,1789636816595783520,3815432769292556
2,0,413,1789636816595794368,3815432769303431
2,0,414,1789636816595805248,3815432769314336
2,0,415,1789636816595816224,3815432769325348
2,0,416,1789636816595827168,3815432769336258
2,0,417,1789636816595838112,3815432769347166
2,0,418,1789636816595849024,3815432769358089
2,0,419,1789636816595859936,3815432769368976
2,0,420,1789636816595870816,3815432769379969
2,0,421,1789636816595881792,3815432769390864
2,0,422,1789636816595892768,3815432769401789
2,0,423,1789636816595903616,3815432769412651
2,0,424,1789636816595914496,3815432769423544
2,0,425,1789636816595925408,3815432769434591
2,0,426,1789636816595936448,3815432769445518
2,0,427,1789636816595947360,3815432769456405
2,0,428,1789636816595958272,3815432769467336
2,0,429,1789636816595969184,3815432769478252
2,0,430,1789636816595980096,3815432769489200
2,0,431,1789636816595991072,3815432769500142
2,0,432,1789636816596001984,3815432769511098
2,0,433,1789636816596012960,3815432769521993
2,0,434,1789636816596023872,3815432769532928
2,0,435,1789636816596034752,3815432769543835
2,0,436,1789636816596045664,3815432769554729
2,0,437,1789636816596056576,3815432769565637
2,0,438,1789636816596067520,3815432769576580
2,0,439,1789636816596078400,3815432769587475
2,0,440,1789636816596089344,3815432769598450
2,0,441,1789636816596100288,3815432769609368
2,0,442,1789636816596111232,3815432769620249
2,0,443,1789636816596122080,3815432769631151
2,0,444,1789636816596132992,3815432769642038
2,0,445,1789636816596143872,3815432769653084
2,0,446,1789636816596154944,3815432769664000
2,0,447,1789636816596165888,3815432769674940
2,0,448,1789636816596176768,3815432769685825
2,0,449,1789636816596187680,3815432769696760
2,0,450,1789636816596198592,3815432769707750
2,0,451,1789636816596209568,3815432769718663
2,0,452,1789636816596220512,3815432769729560
2,0,453,1789636816596231392,3815432769740449
2,0,454,1789636816596242304,3815432769751378
2,0,455,1789636816596253184,3815432769762328
2,0,456,1789636816596264160,3815432769773213
2,0,457,1789636816596275104,3815432769784150
2,0,458,1789636816596285984,3815432769795071
2,0,459,1789636816596296896,3815432769805989
2,0,460,1789636816596307808,3815432769816950
2,0,461,1789636816596318784,3815432769827864
2,0,462,1789636816596329728,3815432769838784
2,0,463,1789636816596340640,3815432769849703
2,0,464,1789636816596351552,3815432769860622
2,0,465,1789636816596362464,3815432769871582
2,0,466,1789636816596373408,3815432769882498
2,0,467,1789636816596384352,3815432769893413
2,0,468,1789636816596395200,3815432769904258
2,0,469,1789636816596406112,3815432769915198
2,0,470,1789636816596416992,3815432769926202
2,0,471,1789636816596428064,3815432769937149
2,0,472,1789636816596439008,3815432769948051
2,0,473,1789636816596449888,3815432769958948
2,0,474,1789636816596460800,3815432769969869
2,0,475,1789636816596471680,3815432769980826
2,0,476,1789636816596482624,3815432769991690
2,0,477,1789636816596493536,3815432770002605
2,0,478,1789636816596504448,3815432770013511
2,0,479,1789636816596515392,3815432770024460
2,0,480,1789636816596526272,3815432770035450
2,0,481,1789636816596537280,3815432770046344
2,0,482,1789636816596548224,3815432770057298
2,0,483,1789636816596559104,3815432770068144
2,0,484,1789636816596569984,3815432770079113
2,0,485,1789636816596580928,3815432770090066
2,0,486,1789636816596591872,3815432770100950
2,0,487,1789636816596602816,3815432770111869
2,0,488,1789636816596613728,3815432770122822
2,0,489,1789636816596624640,3815432770133744
2,0,490,1789636816596635552,3815432770146130
2,0,491,1789636816596646528,3815432770155600
2,0,492,1789636816596657440,3815432770166510
2,0,493,1789636816596668352,3815432770177438
2,0,494,1789636816596679264,3815432770188329
2,0,495,1789636816596690176,3815432770199309
2,0,496,1789636816596701152,3815432770210228
2,0,497,1789636816596712064,3815432770221149
2,0,498,1789636816596723008,3815432770232080
2,0,499,1789636816596733920,3815432770242988
2,0,500,1789636816596744864,3815432770253938
2,0,501,1789636816596755744,3815432770264830
2,0,502,1789636816596766688,3815432770275758
2,0,503,1789636816596777568,3815432770286589
2,0,504,1789636816596788416,3815432770297486
2,0,505,1789636816596799328,3815432770308578
2,0,506,1789636816596810432,3815432770319509
2,0,507,1789636816596821376,3815432770330449
2,0,508,1789636816596832288,3815432770341346
2,0,509,1789636816596843168,3815432770352280
2,0,510,1789636816596854080,3815432770363185
2,0,511,1789636816596865024,3815432770374120
2,0,512,1789636816596875968,3815432770385028
2,0,513,1789636816596886848,3815432770395936
2,0,514,1789636816596897760,3815432770406860
2,0,515,1789636816596908672,3815432770417800
2,0,516,1789636816596919648,3815432770428725
2,0,517,1789636816596930592,3815432770439662
2,0,518,1789636816596941504,3815432770450569
2,0,519,1789636816596952416,3815432770461508
2,0,520,1789636816596963360,3815432770472438
2,0,521,1789636816596974240,3815432770483331
2,0,522,1789636816596985216,3815432770494282
2,0,523,1789636816596996096,3815432770505176
2,0,524,1789636816597007008,3815432770516111
2,0,525,1789636816597017920,3815432770527063
2,0,526,1789636816597028896,3815432770538000
2,0,527,1789636816597039840,3815432770548909
2,0,528,1789636816597050720,3815432770559796
2,0,529,1789636816597061632,3815432770570718
2,0,530,1789636816597072544,3815432770581669
2,0,531,1789636816597083488,3815432770592579
2,0,532,1789636816597094432,3815432770603502
2,0,533,1789636816597105312,3815432770614429
2,0,534,1789636816597116224,3815432770625345
2,0,535,1789636816597127136,3815432770636306
2,0,536,1789636816597138112,3815432770647238
2,0,537,1789636816597149056,3815432770658149
2,0,538,1789636816597159936,3815432770669089
2,0,539,1789636816597170912,3815432770680002
2,0,540,1789636816597181824,3815432770690916
2,0,541,1789636816597192736,3815432770701840
2,0,542,1789636816597203712,3815432770712782
2,0,543,1789636816597214624,3815432770723676
2,0,544,1789636816597225504,3815432770734600
2,0,545,1789636816597236416,3815432770745553
2,0,546,1789636816597247360,3815432770756468
2,0,547,1789636816597258304,3815432770767383
2,0,548,1789636816597269184,3815432770778276
2,0,549,1789636816597280096,3815432770789199
2,0,550,1789636816597291008,3815432770800128
2,0,551,1789636816597301920,3815432770811118
2,0,552,1789636816597312960,3815432770822022
2,0,553,1789636816597323840,3815432770832911
2,0,554,1789636816597334720,3815432770843819
2,0,555,1789636816597345632,3815432770854800
2,0,556,1789636816597356608,3815432770865684
2,0,557,1789636816597367520,3815432770876609
2,0,558,1789636816597378432,3815432770887482
2,0,559,1789636816597389280,3815432770898356
2,0,560,1789636816597400192,3815432770909439
2,0,561,1789636816597411264,3815432770920353
2,0,562,1789636816597422208,3815432770931283
2,0,563,1789636816597433088,3815432770942164
2,0,564,1789636816597443936,3815432770953051
2,0,565,1789636816597454848,3815432770964049
2,0,566,1789636816597465856,3815432770974969
2,0,567,1789636816597476800,3815432770985866
2,0,568,1789636816597487712,3815432770996793
2,0,569,1789636816597498624,3815432771007750
2,0,570,1789636816597509568,3815432771018671
2,0,571,1789636816597520448,3815432771029550
2,0,572,1789636816597531392,3815432771040482
2,0,573,1789636816597542304,3815432771051358
2,0,574,1789636816597553152,3815432771062250
2,0,575,1789636816597564096,3815432771073284
2,0,576,1789636816597575104,3815432771084182
2,0,577,1789636816597586016,3815432771095073
2,0,578,1789636816597596864,3815432771105936
2,0,579,1789636816597607776,3815432771116849
2,0,580,1789636816597618688,3815432771127901
2,0,581,1789636816597629696,3815432771138820
2,0,582,1789636816597640672,3815432771149733
2,0,583,1789636816597651520,3815432771160600
2,0,584,1789636816597662432,3815432771171528
2,0,585,1789636816597673344,3815432771182528
2,0,586,1789636816597684352,3815432771193461
2,0,587,1789636816597695296,3815432771204380
2,0,588,1789636816597706176,3815432771215278
2,0,589,1789636816597717088,3815432771226180
2,0,590,1789636816597728000,3815432771237160
2,0,591,1789636816597738976,3815432771248078
2,0,592,1789636816597749920,3815432771259088
2,0,593,1789636816597760928,3815432771270005
2,0,594,1789636816597771808,3815432771280929
2,0,595,1789636816597782752,3815432771291829
2,0,596,1789636816597793632,3815432771302749
2,0,597,1789636816597804608,3815432771313700
2,0,598,1789636816597815488,3815432771324570
2,0,599,1789636816597826368,3815432771335493
2,0,600,1789636816597837280,3815432771346413
2,0,601,1789636816597848224,3815432771357318
2,0,602,1789636816597859168,3815432771368237
2,0,603,1789636816597870048,3815432771379150
2,0,604,1789636816597880960,3815432771390076
2,0,605,1789636816597891872,3815432771401022
2,0,606,1789636816597902848,3815432771411953
2,0,607,1789636816597913792,3815432771422878
2,0,608,1789636816597924672,3815432771433796
2,0,609,1789636816597935584,3815432771444698
2,0,610,1789636816597946496,3815432771455649
2,0,611,1789636816597957504,3815432771466606
2,0,612,1789636816597968448,3815432771477520
2,0,613,1789636816597979328,3815432771488405
2,0,614,1789636816597990240,3815432771499332
2,0,615,1789636816598001120,3815432771510280
2,0,616,1789636816598012096,3815432771521200
2,0,617,1789636816598023040,3815432771532148
2,0,618,1789636816598033984,3815432771543057
2,0,619,1789636816598044864,3815432771553982
2,0,620,1789636816598055808,3815432771564912
2,0,621,1789636816598066720,3815432771575820
2,0,622,1789636816598077632,3815432771586736
2,0,623,1789636816598088576,3815432771597750
2,0,624,1789636816598099456,3815432771608555
2,0,625,1789636816598110336,3815432771619531
2,0,626,1789636816598121312,3815432771630428
2,0,627,1789636816598132256,3815432771641358
2,0,628,1789636816598143168,3815432771652260
2,0,629,1789636816598154112,3815432771663198
2,0,630,1789636816598165024,3815432771674138
2,0,631,1789636816598175968,3815432771685050
2,0,632,1789636816598186880,3815432771695970
2,0,633,1789636816598197760,3815432771706897
2,0,634,1789636816598208672,3815432771717792
2,0,635,1789636816598219584,3815432771728780
2,0,636,1789636816598230560,3815432771739673
2,0,637,1789636816598241504,3815432771750568
2,0,638,1789636816598252352,3815432771761456
2,0,639,1789636816598263232,3815432771772353
2,0,640,1789636816598274144,3815432771783424
2,0,641,1789636816598285216,3815432771794328
2,0,642,1789636816598296160,3815432771805250
2,0,643,1789636816598307040,3815432771816140
2,0,644,1789636816598317920,3815432771827035
2,0,645,1789636816598328832,3815432771838020
2,0,646,1789636816598339808,3815432771848911
2,0,647,1789636816598350752,3815432771859839
2,0,648,1789636816598361664,3815432771870782
2,0,649,1789636816598372576,3815432771881676
2,0,650,1789636816598383488,3815432771892639
2,0,651,1789636816598394496,3815432771903605
2,0,652,1789636816598405440,3815432771914528
2,0,653,1789636816598416320,3815432771925399
2,0,654,1789636816598427200,3815432771936306
2,0,655,1789636816598438112,3815432771947268
2,0,656,1789636816598449056,3815432771958176
2,0,657,1789636816598460000,3815432771969088
2,0,658,1789636816598470944,3815432771980031
2,0,659,1789636816598481824,3815432771990938
2,0,660,1789636816598492736,3815432772001878
2,0,661,1789636816598503680,3815432772012800
2,0,662,1789636816598514624,3815432772023720
2,0,663,1789636816598525536,3815432772034632
2,0,664,1789636816598536448,3815432772045528
2,0,665,1789636816598547328,3815432772056497
2,0,666,1789636816598558336,3815432772067436
2,0,667,1789636816598569280,3815432772078352
2,0,668,1789636816598580160,3815432772089225
2,0,669,1789636816598591040,3815432772100144
2,0,670,1789636816598601920,3815432772111126
2,0,671,1789636816598612960,3815432772122069
2,0,672,1789636816598623904,3815432772133009
2,0,673,1789636816598634816,3815432772143924
2,0,674,1789636816598645728,3815432772154851
2,0,675,1789636816598656608,3815432772165758
2,0,676,1789636816598667520,3815432772176669
2,0,677,1789636816598678464,3815432772187558
2,0,678,1789636816598689376,3815432772198504
2,0,679,1789636816598700288,3815432772209420
2,0,680,1789636816598711232,3815432772220376
2,0,681,1789636816598722176,3815432772231290
2,0,682,1789636816598733088,3815432772242189
2,0,683,1789636816598743968,3815432772253056
2,0,684,1789636816598754848,3815432772263968
2,0,685,1789636816598765760,3815432772275016
2,0,686,1789636816598776832,3815432772285940
2,0,687,1789636816598787776,3815432772296858
2,0,688,1789636816598798656,3815432772307771
2,0,689,1789636816598809568,3815432772318702
2,0,690,1789636816598820480,3815432772329625
2,0,691,1789636816598831392,3815432772340516
2,0,692,1789636816598842336,3815432772351428
2,0,693,1789636816598853248,3815432772362382
2,0,694,1789636816598864160,3815432772373305
2,0,695,1789636816598875104,3815432772384242
2,0,696,1789636816598886048,3815432772395180
2,0,697,1789636816598896992,3815432772406060
2,0,698,1789636816598907808,3815432772416929
2,0,699,1789636816598918720,3815432772427873
2,0,700,1789636816598929664,3815432772438878
2,0,701,1789636816598940640,3815432772449770
2,0,702,1789636816598951584,3815432772460697
2,0,703,1789636816598962464,3815432772471622
2,0,704,1789636816598973440,3815432772482549
2,0,705,1789636816598984320,3815432772493493
2,0,706,1789636816598995264,3815432772504391
2,0,707,1789636816599006208,3815432772515318
2,0,708,1789636816599017088,3815432772526178
2,0,709,1789636816599027968,3815432772537122
2,0,710,1789636816599038880,3815432772548116
2,0,711,1789636816599049888,3815432772559102
2,0,712,1789636816599060928,3815432772570035
2,0,713,1789636816599071808,3815432772580911
2,0,714,1789636816599082752,3815432772591870
2,0,715,1789636816599093664,3815432772602722
2,0,716,1789636816599104512,3815432772613651
2,0,717,1789636816599115456,3815432772624580
2,0,718,1789636816599126400,3815432772635518
2,0,719,1789636816599137344,3815432772646476
2,0,720,1789636816599148256,3815432772657366
2,0,721,1789636816599159168,3815432772668289
2,0,722,1789636816599170112,3815432772679218
2,0,723,1789636816599181024,3815432772690116
2,0,724,1789636816599191936,3815432772701118
2,0,725,1789636816599202912,3815432772712013
2,0,726,1789636816599213824,3815432772722938
2,0,727,1789636816599224736,3815432772733848
2,0,728,1789636816599235648,3815432772744748
2,0,729,1789636816599246560,3815432772755673
2,0,730,1789636816599257440,3815432772766610
2,0,731,1789636816599268384,3815432772777496
2,0,732,1789636816599279296,3815432772788393
2,0,733,1789636816599290208,3815432772799302
2,0,734,1789636816599301088,3815432772810230
2,0,735,1789636816599311968,3815432772821232
2,0,736,1789636816599323008,3815432772832129
2,0,737,1789636816599333952,3815432772843057
2,0,738,1789636816599344864,3815432772853989
2,0,739,1789636816599355744,3815432772864878
2,0,740,1789636816599366624,3815432772875856
2,0,741,1789636816599377696,3815432772886817
2,0,742,1789636816599388608,3815432772897750
2,0,743,1789636816599399520,3815432772908582
2,0,744,1789636816599410400,3815432772919529
2,0,745,1789636816599421312,3815432772930482
2,0,746,1789636816599432288,3815432772941428
2,0,747,1789636816599443200,3815432772952336
2,0,748,1789636816599454144,3815432772963270
2,0,749,1789636816599465024,3815432772974166
2,0,750,1789636816599475936,3815432772985102
2,0,751,1789636816599486880,3815432772996013
2,0,752,1789636816599497856,3815432773006952
2,0,753,1789636816599508736,3815432773017862
2,0,754,1789636816599519648,3815432773028773
2,0,755,1789636816599530560,3815432773039724
2,0,756,1789636816599541472,3815432773050605
2,0,757,1789636816599552416,3815432773061498
2,0,758,1789636816599563296,3815432773072413
2,0,759,1789636816599574144,3815432773083269
2,0,760,1789636816599585056,3815432773094283
2,0,761,1789636816599596096,3815432773105222
2,0,762,1789636816599607040,3815432773116097
2,0,763,1789636816599617920,3815432773127044
2,0,764,1789636816599628832,3815432773137962
2,0,765,1789636816599639776,3815432773148977
2,0,766,1789636816599650816,3815432773159959
2,0,767,1789636816599661728,3815432773170851
2,0,768,1789636816599672608,3815432773181726
2,0,769,1789636816599683520,3815432773192638
2,0,770,1789636816599694464,3815432773203618
2,0,771,1789636816599705376,3815432773214528
2,0,772,1789636816599716320,3815432773225450
2,0,773,1789636816599727232,3815432773236337
2,0,774,1789636816599738112,3815432773247260
2,0,775,1789636816599749024,3815432773258228
2,0,776,1789636816599759968,3815432773269111
2,0,777,1789636816599770912,3815432773280038
2,0,778,1789636816599781792,3815432773290918
2,0,779,1789636816599792704,3815432773301848
2,0,780,1789636816599803648,3815432773312849
2,0,781,1789636816599814656,3815432773323795
2,0,782,1789636816599825568,3815432773334684
2,0,783,1789636816599836448,3815432773345550
2,0,784,1789636816599847328,3815432773356468
2,0,785,1789636816599858272,3815432773367468
2,0,786,1789636816599869216,3815432773378358
2,0,787,1789636816599880160,3815432773389252
2,0,788,1789636816599891040,3815432773400145
2,0,789,1789636816599901920,3815432773411118
2,0,790,1789636816599912896,3815432773422071
2,0,791,1789636816599923904,3815432773433030
2,0,792,1789636816599934816,3815432773443937
2,0,793,1789636816599945696,3815432773454835
2,0,794,1789636816599956608,3815432773465735
2,0,795,1789636816599967552,3815432773476708
2,0,796,1789636816599978496,3815432773487651
2,0,797,1789636816599989472,3815432773498578
2,0,798,1789636816600000320,3815432773509455
2,0,799,1789636816600011232,3815432773520384
2,0,800,1789636816600022176,3815432773531342
2,0,801,1789636816600033088,3815432773542230
2,0,802,1789636816600044032,3815432773553155
2,0,803,1789636816600054944,3815432773564089
2,0,804,1789636816600065856,3815432773575018
2,0,805,1789636816600076800,3815432773585971
2,0,806,1789636816600087744,3815432773596866
2,0,807,1789636816600098624,3815432773607784
2,0,808,1789636816600109536,3815432773618655
2,0,809,1789636816600120416,3815432773629582
2,0,810,1789636816600131360,3815432773640579
2,0,811,1789636816600142336,3815432773651459
2,0,812,1789636816600153216,3815432773662349
2,0,813,1789636816600164096,3815432773673218
2,0,814,1789636816600175008,3815432773684149
2,0,815,1789636816600185952,3815432773695213
2,0,816,1789636816600196960,3815432773706110
2,0,817,1789636816600207872,3815432773716980
2,0,818,1789636816600218752,3815432773727898
2,0,819,1789636816600229696,3815432773738868
2,0,820,1789636816600240672,3815432773749815
2,0,821,1789636816600251584,3815432773760731
2,0,822,1789636816600262496,3815432773771645
2,0,823,1789636816600273408,3815432773782530
2,0,824,1789636816600284320,3815432773793458
2,0,825,1789636816600295232,3815432773804451
2,0,826,1789636816600306240,3815432773815378
2,0,827,1789636816600317152,3815432773826257
2,0,828,1789636816600328032,3815432773837137
2,0,829,1789636816600338912,3815432773848069
2,0,830,1789636816600349824,3815432773859102
2,0,831,1789636816600360864,3815432773870012
2,0,832,1789636816600371808,3815432773880938
2,0,833,1789636816600382720,3815432773891851
2,0,834,1789636816600393600,3815432773902771
2,0,835,1789636816600404544,3815432773913700
2,0,836,1789636816600415456,3815432773924602
2,0,837,1789636816600426336,3815432773935470
2,0,838,1789636816600437216,3815432773946326
2,0,839,1789636816600448064,3815432773957180
2,0,840,1789636816600458976,3815432773968278
2,0,841,1789636816600470048,3815432773979200
2,0,842,1789636816600480928,3815432773990062
2,0,843,1789636816600491808,3815432774000942
2,0,844,1789636816600502688,3815432774011810
2,0,845,1789636816600513632,3815432774022891
2,0,846,1789636816600524640,3815432774033802
2,0,847,1789636816600535552,3815432774044671
2,0,848,1789636816600546432,3815432774055555
2,0,849,1789636816600557344,3815432774066488
2,0,850,1789636816600568288,3815432774077570
2,0,851,1789636816600579328,3815432774088462
2,0,852,1789636816600590208,3815432774099354
2,0,853,1789636816600601120,3815432774110252
2,0,854,1789636816600612032,3815432774121191
2,0,855,1789636816600622976,3815432774132197
2,0,856,1789636816600633920,3815432774145255
2,0,857,1789636816600644864,3815432774154009
2,0,858,1789636816600655744,3815432774164895
2,0,859,1789636816600666656,3815432774175822
2,0,860,1789636816600677600,3815432774186823
2,0,861,1789636816600688576,3815432774197758
2,0,862,1789636816600699520,3815432774208638
2,0,863,1789636816600710400,3815432774219562
2,0,864,1789636816600721312,3815432774230480
2,0,865,1789636816600732288,3815432774241437
2,0,866,1789636816600743200,3815432774252375
2,0,867,1789636816600754112,3815432774263268
2,0,868,1789636816600765024,3815432774274205
2,0,869,1789636816600775936,3815432774285095
2,0,870,1789636816600786880,3815432774296071
2,0,871,1789636816600797824,3815432774307005
2,0,872,1789636816600808736,3815432774317880
2,0,873,1789636816600819584,3815432774328755
2,0,874,1789636816600830496,3815432774339693
2,0,875,1789636816600841440,3815432774350693
2,0,876,1789636816600852448,3815432774361595
2,0,877,1789636816600863360,3815432774372499
2,0,878,1789636816600874240,3815432774383384
2,0,879,1789636816600885120,3815432774394311
2,0,880,1789636816600896096,3815432774405318
2,0,881,1789636816600907040,3815432774416225
2,0,882,1789636816600917984,3815432774427128
2,0,883,1789636816600928864,3815432774438050
2,0,884,1789636816600939808,3815432774448999
2,0,885,1789636816600950752,3815432774459931
2,0,886,1789636816600961696,3815432774470871
2,0,887,1789636816600972640,3815432774481768
2,0,888,1789636816600983552,3815432774492692
2,0,889,1789636816600994432,3815432774503610
2,0,890,1789636816601005408,3815432774514559
2,0,891,1789636816601016288,3815432774525476
2,0,892,1789636816601027264,3815432774536395
2,0,893,1789636816601038144,3815432774547313
2,0,894,1789636816601049056,3815432774558235
2,0,895,1789636816601060000,3815432774569177
2,0,896,1789636816601070976,3815432774580162
2,0,897,1789636816601081920,3815432774591099
2,0,898,1789636816601092864,3815432774602019
2,0,899,1789636816601103776,3815432774612951
2,0,900,1789636816601114720,3815432774623871
2,0,901,1789636816601125632,3815432774634784
2,0,902,1789636816601136544,3815432774645673
2,0,903,1789636816601147424,3815432774656585
2,0,904,1789636816601158304,3815432774667498
2,0,905,1789636816601169280,3815432774678428
2,0,906,1789636816601180192,3815432774689368
2,0,907,1789636816601191136,3815432774700271
2,0,908,1789636816601202016,3815432774711162
2,0,909,1789636816601212928,3815432774722091
2,0,910,1789636816601223872,3815432774733062
2,0,911,1789636816601234784,3815432774743971
2,0,912,1789636816601245696,3815432774754840
2,0,913,1789636816601256576,3815432774765748
2,0,914,1789636816601267520,3815432774776682
2,0,915,1789636816601278464,3815432774787750
2,0,916,1789636816601289408,3815432774798568
2,0,917,1789636816601300288,3815432774809448
2,0,918,1789636816601311168,3815432774820357
2,0,919,1789636816601322112,3815432774831308
2,0,920,1789636816601333088,3815432774842302
2,0,921,1789636816601344096,3815432774853282
2,0,922,1789636816601355008,3815432774864179
2,0,923,1789636816601365952,3815432774875091
2,0,924,1789636816601376832,3815432774886008
2,0,925,1789636816601387776,3815432774896928
2,0,926,1789636816601398624,3815432774907811
2,0,927,1789636816601409568,3815432774918688
2,0,928,1789636816601420448,3815432774929608
2,0,929,1789636816601431392,3815432774940539
2,0,930,1789636816601442304,3815432774951538
2,0,931,1789636816601453280,3815432774962462
2,0,932,1789636816601464192,3815432774973355
2,0,933,1789636816601475104,3815432774984243
2,0,934,1789636816601485952,3815432774995131
2,0,935,1789636816601496928,3815432775006166
2,0,936,1789636816601507936,3815432775017108
2,0,937,1789636816601518816,3815432775027978
2,0,938,1789636816601529728,3815432775038930
2,0,939,1789636816601540672,3815432775049842
2,0,940,1789636816601551616,3815432775060791
2,0,941,1789636816601562528,3815432775071712
2,0,942,1789636816601573472,3815432775082633
2,0,943,1789636816601584352,3815432775093553
2,0,944,1789636816601595296,3815432775104473
2,0,945,1789636816601606240,3815432775115418
2,0,946,1789636816601617152,3815432775126310
2,0,947,1789636816601628096,3815432775137228
2,0,948,1789636816601638976,3815432775148159
2,0,949,1789636816601649888,3815432775159095
2,0,950,1789636816601660832,3815432775170046
2,0,951,1789636816601671776,3815432775180959
2,0,952,1789636816601682688,3815432775191868
2,0,953,1789636816601693600,3815432775202788
2,0,954,1789636816601704512,3815432775213675
2,0,955,1789636816601715424,3815432775224668
2,0,956,1789636816601726400,3815432775235592
2,0,957,1789636816601737312,3815432775246504
2,0,958,1789636816601748224,3815432775257418
2,0,959,1789636816601759168,3815432775268348
2,0,960,1789636816601770112,3815432775279278
2,0,961,1789636816601780992,3815432775290162
2,0,962,1789636816601791904,3815432775301113
2,0,963,1789636816601802880,3815432775312053
2,0,964,1789636816601813792,3815432775322982
2,0,965,1789636816601824736,3815432775333912
2,0,966,1789636816601835616,3815432775344793
2,0,967,1789636816601846528,3815432775355711
2,0,968,1789636816601857440,3815432775366613
2,0,969,1789636816601868352,3815432775377545
2,0,970,1789636816601879328,3815432775388538
2,0,971,1789636816601890304,3815432775399473
2,0,972,1789636816601901184,3815432775410355
2,0,973,1789636816601912096,3815432775421278
2,0,974,1789636816601923040,3815432775432231
2,0,975,1789636816601933984,3815432775443162
2,0,976,1789636816601944864,3815432775454042
2,0,977,1789636816601955776,3815432775464953
2,0,978,1789636816601966688,3815432775475864
2,0,979,1789636816601977568,3815432775486755
2,0,980,1789636816601988512,3815432775497778
2,0,981,1789636816601999520,3815432775508722
2,0,982,1789636816602010464,3815432775519628
2,0,983,1789636816602021408,3815432775530558
2,0,984,1789636816602032320,3815432775541511
2,0,985,1789636816602043264,3815432775552438
2,0,986,1789636816602054176,3815432775563371
2,0,987,1789636816602065056,3815432775574231
2,0,988,1789636816602076000,3815432775585158
2,0,989,1789636816602086848,3815432775596035
2,0,990,1789636816602097824,3815432775607018
2,0,991,1789636816602108768,3815432775617959
2,0,992,1789636816602119680,3815432775628835
2,0,993,1789636816602130624,3815432775639777
2,0,994,1789636816602141536,3815432775650726
2,0,995,1789636816602152480,3815432775661648
2,0,996,1789636816602163360,3815432775672528
2,0,997,1789636816602174240,3815432775683406
2,0,998,1789636816602185152,3815432775694342
2,0,999,1789636816602196096,3815432775705278
2,0,1000,1789636816602207040,3815432775716271
2,0,1001,1789636816602217984,3815432775727155
2,0,1002,1789636816602228896,3815432775738033
2,0,1003,1789636816602239808,3815432775749111
2,0,1004,1789636816602250848,3815432775760046
2,0,1005,1789636816602261824,3815432775770968
2,0,1006,1789636816602272736,3815432775781911
2,0,1007,1789636816602283680,3815432775792835
2,0,1008,1789636816602294592,3815432775803760
2,0,1009,1789636816602305504,3815432775814711
2,0,1010,1789636816602316480,3815432775825638
2,0,1011,1789636816602327392,3815432775836591
2,0,1012,1789636816602338304,3815432775847488
2,0,1013,1789636816602349216,3815432775858420
2,0,1014,1789636816602360128,3815432775869326
2,0,1015,1789636816602371072,3815432775880259
2,0,1016,1789636816602381984,3815432775891181
2,0,1017,1789636816602392864,3815432775902040
2,0,1018,1789636816602403808,3815432775912991
2,0,1019,1789636816602414752,3815432775923952
2,0,1020,1789636816602425696,3815432775934846
2,0,1021,1789636816602436576,3815432775945770
2,0,1022,1789636816602447520,3815432775956668
2,0,1023,1789636816602458432,3815432775967608
2,0,1024,1789636816602469312,3815432775978495
2,0,1025,1789636816602480224,3815432775989405
2,0,1026,1789636816602491104,3815432776000321
2,0,1027,1789636816602502048,3815432776011191
2,0,1028,1789636816602512928,3815432776022132
2,0,1029,1789636816602523840,3815432776033021
2,0,1030,1789636816602534752,3815432776044008
2,0,1031,1789636816602545696,3815432776054899
2,0,1032,1789636816602556640,3815432776065793
2,0,1033,1789636816602567520,3815432776076711
2,0,1034,1789636816602578464,3815432776087661
2,0,1035,1789636816602589408,3815432776098650
2,0,1036,1789636816602600352,3815432776109535
2,0,1037,1789636816602611264,3815432776120451
2,0,1038,1789636816602622176,3815432776131399
2,0,1039,1789636816602633152,3815432776142348
2,0,1040,1789636816602644096,3815432776153268
2,0,1041,1789636816602654976,3815432776164201
2,0,1042,1789636816602665920,3815432776175102
2,0,1043,1789636816602676864,3815432776186041
2,0,1044,1789636816602687776,3815432776196975
2,0,1045,1789636816602698720,3815432776207895
2,0,1046,1789636816602709632,3815432776218831
2,0,1047,1789636816602720512,3815432776229688
2,0,1048,1789636816602731424,3815432776240621
2,0,1049,1789636816602742336,3815432776251558
2,0,1050,1789636816602753280,3815432776262495
2,0,1051,1789636816602764224,3815432776273446
2,0,1052,1789636816602775200,3815432776284381
2,0,1053,1789636816602786112,3815432776295293
2,0,1054,1789636816602797056,3815432776306248
2,0,1055,1789636816602807968,3815432776317160
2,0,1056,1789636816602818880,3815432776328093
2,0,1057,1789636816602829792,3815432776338975
2,0,1058,1789636816602840736,3815432776349921
2,0,1059,1789636816602851616,3815432776360824
2,0,1060,1789636816602862560,3815432776371748
2,0,1061,1789636816602873472,3815432776382670
2,0,1062,1789636816602884384,3815432776393557
2,0,1063,1789636816602895296,3815432776404499
2,0,1064,1789636816602906208,3815432776415418
2,0,1065,1789636816602917152,3815432776426371
2,0,1066,1789636816602928064,3815432776437291
2,0,1067,1789636816602938976,3815432776448171
2,0,1068,1789636816602949920,3815432776459131
2,0,1069,1789636816602960832,3815432776470041
2,0,1070,1789636816602971776,3815432776480995
2,0,1071,1789636816602982720,3815432776491913
2,0,1072,1789636816602993664,3815432776502861
2,0,1073,1789636816603004576,3815432776513775
2,0,1074,1789636816603015520,3815432776524741
2,0,1075,1789636816603026496,3815432776535678
2,0,1076,1789636816603037344,3815432776546570
2,0,1077,1789636816603048288,3815432776557428
2,0,1078,1789636816603059136,3815432776568368
2,0,1079,1789636816603070112,3815432776579311
2,0,1080,1789636816603081056,3815432776590264
2,0,1081,1789636816603091936,3815432776601150
2,0,1082,1789636816603102848,3815432776612019
2,0,1083,1789636816603113760,3815432776622922
2,0,1084,1789636816603124640,3815432776633870
2,0,1085,1789636816603135584,3815432776644868
2,0,1086,1789636816603146560,3815432776655773
2,0,1087,1789636816603157504,3815432776666681
2,0,1088,1789636816603168416,3815432776677628
2,0,1089,1789636816603179360,3815432776688566
2,0,1090,1789636816603190272,3815432776699495
2,0,1091,1789636816603201216,3815432776710421
2,0,1092,1789636816603212128,3815432776721310
2,0,1093,1789636816603223072,3815432776732259
2,0,1094,1789636816603233952,3815432776743170
2,0,1095,1789636816603244864,3815432776754111
2,0,1096,1789636816603255840,3815432776765041
2,0,1097,1789636816603266752,3815432776775935
2,0,1098,1789636816603277664,3815432776786868
2,0,1099,1789636816603288608,3815432776797797
2,0,1100,1789636816603299520,3815432776808741
2,0,1101,1789636816603310432,3815432776819635
2,0,1102,1789636816603321376,3815432776830568
2,0,1103,1789636816603332288,3815432776841491
2,0,1104,1789636816603343168,3815432776852395
2,0,1105,1789636816603354144,3815432776863368
2,0,1106,1789636816603365024,3815432776874239
2,0,1107,1789636816603375936,3815432776885108
2,0,1108,1789636816603386880,3815432776896108
2,0,1109,1789636816603397824,3815432776907031
2,0,1110,1789636816603408736,3815432776917975
2,0,1111,1789636816603419680,3815432776928875
2,0,1112,1789636816603430592,3815432776939791
2,0,1113,1789636816603441504,3815432776950688
2,0,1114,1789636816603452416,3815432776961608
2,0,1115,1789636816603463328,3815432776972598
2,0,1116,1789636816603474304,3815432776983518
2,0,1117,1789636816603485248,3815432776994428
2,0,1118,1789636816603496160,3815432777005348
2,0,1119,1789636816603507072,3815432777016275
2,0,1120,1789636816603517984,3815432777027226
2,0,1121,1789636816603528928,3815432777038161
2,0,1122,1789636816603539840,3815432777049088
2,0,1123,1789636816603550816,3815432777060001
2,0,1124,1789636816603561696,3815432777070914
2,0,1125,1789636816603572640,3815432777081840
2,0,1126,1789636816603583520,3815432777092753
2,0,1127,1789636816603594464,3815432777103648
2,0,1128,1789636816603605376,3815432777114598
2,0,1129,1789636816603616320,3815432777125515
2,0,1130,1789636816603627232,3815432777136493
2,0,1131,1789636816603638176,3815432777147398
2,0,1132,1789636816603649120,3815432777158308
2,0,1133,1789636816603660064,3815432777169253
2,0,1134,1789636816603670976,3815432777180178
2,0,1135,1789636816603681888,3815432777191126
2,0,1136,1789636816603692800,3815432777202018
2,0,1137,1789636816603703744,3815432777212928
2,0,1138,1789636816603714656,3815432777223861
2,0,1139,1789636816603725568,3815432777234778
2,0,1140,1789636816603736480,3815432777245732
2,0,1141,1789636816603747392,3815432777256608
2,0,1142,1789636816603758336,3815432777267491
2,0,1143,1789636816603769216,3815432777278421
2,0,1144,1789636816603780096,3815432777289311
2,0,1145,1789636816603790976,3815432777300295
2,0,1146,1789636816603801984,3815432777311192
2,0,1147,1789636816603812896,3815432777322088
2,0,1148,1789636816603823808,3815432777332948
2,0,1149,1789636816603834656,3815432777343831
2,0,1150,1789636816603845536,3815432777354718
2,0,1151,1789636816603856448,3815432777365646
2,0,1152,1789636816603867328,3815432777376511
2,0,1153,1789636816603878208,3815432777387439
2,0,1154,1789636816603889120,3815432777398311
2,0,1155,1789636816603900000,3815432777409192
2,0,1156,1789636816603910912,3815432777420108
2,0,1157,1789636816603921856,3815432777431111
2,0,1158,1789636816603932832,3815432777442061
2,0,1159,1789636816603943744,3815432777452977
2,0,1160,1789636816603954688,3815432777463861
2,0,1161,1789636816603965568,3815432777474781
2,0,1162,1789636816603976512,3815432777485702
2,0,1163,1789636816603987456,3815432777496664
2,0,1164,1789636816603998368,3815432777507554
2,0,1165,1789636816604009248,3815432777518441
2,0,1166,1789636816604020160,3815432777529364
2,0,1167,1789636816604031072,3815432777540291
2,0,1168,1789636816604042016,3815432777551228
2,0,1169,1789636816604052928,3815432777562108
2,0,1170,1789636816604063808,3815432777572988
2,0,1171,1789636816604074720,3815432777583951
2,0,1172,1789636816604085664,3815432777594931
2,0,1173,1789636816604096640,3815432777605871
2,0,1174,1789636816604107520,3815432777616740
2,0,1175,1789636816604118432,3815432777627621
2,0,1176,1789636816604129344,3815432777638541
2,0,1177,1789636816604140224,3815432777649553
2,0,1178,1789636816604151232,3815432777660478
2,0,1179,1789636816604162176,3815432777671359
2,0,1180,1789636816604173024,3815432777682233
2,0,1181,1789636816604183936,3815432777693181
2,0,1182,1789636816604194912,3815432777704168
2,0,1183,1789636816604205888,3815432777715121
2,0,1184,1789636816604216800,3815432777726001
2,0,1185,1789636816604227680,3815432777736868
2,0,1186,1789636816604238624,3815432777747851
2,0,1187,1789636816604249504,3815432777758795
2,0,1188,1789636816604260512,3815432777769746
2,0,1189,1789636816604271456,3815432777780668
2,0,1190,1789636816604282368,3815432777791578
2,0,1191,1789636816604293312,3815432777802559
2,0,1192,1789636816604304256,3815432777813479
2,0,1193,1789636816604315200,3815432777824441
2,0,1194,1789636816604326144,3815432777835348
2,0,1195,1789636816604337056,3815432777846261
2,0,1196,1789636816604348000,3815432777857239
2,0,1197,1789636816604358944,3815432777868140
2,0,1198,1789636816604369856,3815432777879118
2,0,1199,1789636816604380800,3815432777890000
2,0,1200,1789636816604391680,3815432777900884
2,0,1201,1789636816604402592,3815432777911821
2,0,1202,1789636816604413568,3815432777922752
2,0,1203,1789636816604424448,3815432777933670
2,0,1204,1789636816604435328,3815432777944531
2,0,1205,1789636816604446208,3815432777955426
2,0,1206,1789636816604457152,3815432777966378
2,0,1207,1789636816604468064,3815432777977277
2,0,1208,1789636816604478976,3815432777988213
2,0,1209,1789636816604489888,3815432777999091
2,0,1210,1789636816604500768,3815432778009968
2,0,1211,1789636816604511680,3815432778020911
2,0,1212,1789636816604522624,3815432778031913
2,0,1213,1789636816604533632,3815432778042868
2,0,1214,1789636816604544544,3815432778053738
2,0,1215,1789636816604555456,3815432778064648
2,0,1216,1789636816604566368,3815432778075615
2,0,1217,1789636816604577248,3815432778086525
2,0,1218,1789636816604588256,3815432778097484
2,0,1219,1789636816604599168,3815432778108404
2,0,1220,1789636816604610112,3815432778119324
2,0,1221,1789636816604621024,3815432778130251
2,0,1222,1789636816604631936,3815432778141168
2,0,1223,1789636816604642848,3815432778152028
2,0,1224,1789636816604653728,3815432778162935
2,0,1225,1789636816604664608,3815432778173837
2,0,1226,1789636816604675552,3815432778184778
2,0,1227,1789636816604686464,3815432778195780
2,0,1228,1789636816604697440,3815432778206675
2,0,1229,1789636816604708384,3815432778217570
2,0,1230,1789636816604719264,3815432778228500
2,0,1231,1789636816604730176,3815432778239431
2,0,1232,1789636816604741056,3815432778250410
2,0,1233,1789636816604752096,3815432778261335
2,0,1234,1789636816604763008,3815432778272195
2,0,1235,1789636816604773920,3815432778283155
2,0,1236,1789636816604784896,3815432778294111
2,0,1237,1789636816604795808,3815432778305020
2,0,1238,1789636816604806720,3815432778315948
2,0,1239,1789636816604817632,3815432778326831
2,0,1240,1789636816604828512,3815432778337779
2,0,1241,1789636816604839456,3815432778348711
2,0,1242,1789636816604850400,3815432778359661
2,0,1243,1789636816604861344,3815432778370590
2,0,1244,1789636816604872224,3815432778381447
2,0,1245,1789636816604883136,3815432778392364
2,0,1246,1789636816604894048,3815432778403287
2,0,1247,1789636816604904960,3815432778414273
2,0,1248,1789636816604915936,3815432778425177
2,0,1249,1789636816604926848,3815432778436066
2,0,1250,1789636816604937728,3815432778446954
2,0,1251,1789636816604948640,3815432778457890
2,0,1252,1789636816604959552,3815432778468895
2,0,1253,1789636816604970560,3815432778479799
2,0,1254,1789636816604981472,3815432778490693
2,0,1255,1789636816604992352,3815432778501580
2,0,1256,1789636816605003296,3815432778512539
2,0,1257,1789636816605014240,3815432778523524
2,0,1258,1789636816605025248,3815432778534467
2,0,1259,1789636816605036160,3815432778545350
2,0,1260,1789636816605047040,3815432778556271
2,0,1261,1789636816605057984,3815432778567197
2,0,1262,1789636816605068864,3815432778578151
2,0,1263,1789636816605079840,3815432778589103
2,0,1264,1789636816605090752,3815432778599981
2,0,1265,1789636816605101632,3815432778610837
2,0,1266,1789636816605112544,3815432778621777
2,0,1267,1789636816605123424,3815432778632757
2,0,1268,1789636816605134464,3815432778643688
2,0,1269,1789636816605145376,3815432778654580
2,0,1270,1789636816605156288,3815432778665513
2,0,1271,1789636816605167200,3815432778676451
2,0,1272,1789636816605178112,3815432778687393
2,0,1273,1789636816605189056,3815432778698289
2,0,1274,1789636816605199968,3815432778709184
2,0,1275,1789636816605210912,3815432778720132
2,0,1276,1789636816605221856,3815432778731127
2,0,1277,1789636816605232800,3815432778742032
2,0,1278,1789636816605243744,3815432778752967
2,0,1279,1789636816605254624,3815432778763842
2,0,1280,1789636816605265536,3815432778774757
2,0,1281,1789636816605276480,3815432778785701
2,0,1282,1789636816605287392,3815432778796624
2,0,1283,1789636816605298304,3815432778807541
2,0,1284,1789636816605309216,3815432778818429
2,0,1285,1789636816605320128,3815432778829344
2,0,1286,1789636816605331040,3815432778840267
2,0,1287,1789636816605341920,3815432778851244
2,0,1288,1789636816605352928,3815432778862164
2,0,1289,1789636816605363872,3815432778873071
2,0,1290,1789636816605374752,3815432778883984
2,0,1291,1789636816605385696,3815432778894939
2,0,1292,1789636816605396576,3815432778905871
2,0,1293,1789636816605407520,3815432778916775
2,0,1294,1789636816605418432,3815432778927637
2,0,1295,1789636816605429344,3815432778938572
2,0,1296,1789636816605440288,3815432778949499
2,0,1297,1789636816605451200,3815432778960489
2,0,1298,1789636816605462176,3815432778971367
2,0,1299,1789636816605473056,3815432778982262
2,0,1300,1789636816605483936,3815432778993181
2,0,1301,1789636816605494880,3815432779004121
2,0,1302,1789636816605505792,3815432779015119
2,0,1303,1789636816605516832,3815432779026061
2,0,1304,1789636816605527712,3815432779036911
2,0,1305,1789636816605538560,3815432779047807
2,0,1306,1789636816605549504,3815432779058739
2,0,1307,1789636816605560416,3815432779069739
2,0,1308,1789636816605571424,3815432779080651
2,0,1309,1789636816605582304,3815432779091541
2,0,1310,1789636816605593216,3815432779102431
2,0,1311,1789636816605604160,3815432779113391
2,0,1312,1789636816605615072,3815432779124362
2,0,1313,1789636816605626048,3815432779135279
2,0,1314,1789636816605636960,3815432779146171
2,0,1315,1789636816605647808,3815432779157062
2,0,1316,1789636816605658784,3815432779168014
2,0,1317,1789636816605669696,3815432779179084
2,0,1318,1789636816605680736,3815432779189984
2,0,1319,1789636816605691680,3815432779200867
2,0,1320,1789636816605702560,3815432779211761
2,0,1321,1789636816605713472,3815432779222729
2,0,1322,1789636816605724384,3815432779233622
2,0,1323,1789636816605735296,3815432779244529
2,0,1324,1789636816605746208,3815432779255392
2,0,1325,1789636816605757088,3815432779266302
2,0,1326,1789636816605768000,3815432779277254
2,0,1327,1789636816605778944,3815432779288231
2,0,1328,1789636816605789888,3815432779299141
2,0,1329,1789636816605800800,3815432779310002
2,0,1330,1789636816605811680,3815432779320921
2,0,1331,1789636816605822624,3815432779331844
2,0,1332,1789636816605833504,3815432779342857
2,0,1333,1789636816605844512,3815432779353777
2,0,1334,1789636816605855456,3815432779364671
2,0,1335,1789636816605866336,3815432779375554
2,0,1336,1789636816605877216,3815432779386476
2,0,1337,1789636816605888160,3815432779397491
2,0,1338,1789636816605899168,3815432779408404
2,0,1339,1789636816605910016,3815432779419244
2,0,1340,1789636816605920896,3815432779430129
2,0,1341,1789636816605931840,3815432779441111
2,0,1342,1789636816605942784,3815432779452114
2,0,1343,1789636816605953824,3815432779463057
2,0,1344,1789636816605964704,3815432779473935
2,0,1345,1789636816605975584,3815432779484849
2,0,1346,1789636816605986560,3815432779495787
2,0,1347,1789636816605997440,3815432779506735
2,0,1348,1789636816606008384,3815432779517651
2,0,1349,1789636816606019328,3815432779528537
2,0,1350,1789636816606030176,3815432779539431
2,0,1351,1789636816606041120,3815432779550367
2,0,1352,1789636816606052032,3815432779561351
2,0,1353,1789636816606063040,3815432779572268
2,0,1354,1789636816606073920,3815432779583162
2,0,1355,1789636816606084832,3815432779594044
2,0,1356,1789636816606095712,3815432779604965
2,0,1357,1789636816606106624,3815432779615981
2,0,1358,1789636816606117632,3815432779626892
2,0,1359,1789636816606128544,3815432779637781
2,0,1360,1789636816606139424,3815432779648669
2,0,1361,1789636816606150368,3815432779659615
2,0,1362,1789636816606161248,3815432779670597
2,0,1363,1789636816606172256,3815432779681500
2,0,1364,1789636816606183168,3815432779692409
2,0,1365,1789636816606194048,3815432779703295
2,0,1366,1789636816606204992,3815432779714262
2,0,1367,1789636816606215904,3815432779725231
2,0,1368,1789636816606226912,3815432779736159
2,0,1369,1789636816606237792,3815432779747042
2,0,1370,1789636816606248704,3815432779757942
2,0,1371,1789636816606259584,3815432779768851
2,0,1372,1789636816606270496,3815432779779863
2,0,1373,1789636816606281536,3815432779790802
2,0,1374,1789636816606292448,3815432779801691
2,0,1375,1789636816606303328,3815432779812599
2,0,1376,1789636816606314304,3815432779823549
2,0,1377,1789636816606325184,3815432779834472
2,0,1378,1789636816606336128,3815432779845372
2,0,1379,1789636816606347008,3815432779856247
2,0,1380,1789636816606357888,3815432779867159
2,0,1381,1789636816606368832,3815432779878081
2,0,1382,1789636816606379744,3815432779889102
2,0,1383,1789636816606390752,3815432779899989
2,0,1384,1789636816606401632,3815432779910860
2,0,1385,1789636816606412512,3815432779921781
2,0,1386,1789636816606423456,3815432779932722
2,0,1387,1789636816606434400,3815432779943711
2,0,1388,1789636816606445344,3815432779954587
2,0,1389,1789636816606456256,3815432779965484
2,0,1390,1789636816606467104,3815432779976339
2,0,1391,1789636816606478048,3815432779987299
2,0,1392,1789636816606488960,3815432779998352
2,0,1393,1789636816606499968,3815432780009231
2,0,1394,1789636816606510880,3815432780020094
2,0,1395,1789636816606521760,3815432780031037
2,0,1396,1789636816606532704,3815432780041952
2,0,1397,1789636816606543616,3815432780052974
2,0,1398,1789636816606554624,3815432780063887
2,0,1399,1789636816606565536,3815432780074772
2,0,1400,1789636816606576448,3815432780085661
2,0,1401,1789636816606587328,3815432780096584
2,0,1402,1789636816606598208,3815432780107590
2,0,1403,1789636816606609248,3815432780118502
2,0,1404,1789636816606620160,3815432780129369
2,0,1405,1789636816606631040,3815432780140269
2,0,1406,1789636816606641952,3815432780151212
2,0,1407,1789636816606652864,3815432780162222
2,0,1408,1789636816606663872,3815432780173111
2,0,1409,1789636816606674752,3815432780183982
2,0,1410,1789636816606685696,3815432780194949
2,0,1411,1789636816606696640,3815432780205867
2,0,1412,1789636816606707520,3815432780216829
2,0,1413,1789636816606718464,3815432780227744
2,0,1414,1789636816606729376,3815432780238615
2,0,1415,1789636816606740256,3815432780249530
2,0,1416,1789636816606751200,3815432780260436
2,0,1417,1789636816606762144,3815432780271459
2,0,1418,1789636816606773120,3815432780282359
2,0,1419,1789636816606784000,3815432780293239
2,0,1420,1789636816606794944,3815432780304217
2,0,1421,1789636816606805920,3815432780315172
2,0,1422,1789636816606816832,3815432780326080
2,0,1423,1789636816606827744,3815432780337006
2,0,1424,1789636816606838656,3815432780347874
2,0,1425,1789636816606849536,3815432780358781
2,0,1426,1789636816606860448,3815432780369712
2,0,1427,1789636816606871360,3815432780380708
2,0,1428,1789636816606882336,3815432780391579
2,0,1429,1789636816606893248,3815432780402489
2,0,1430,1789636816606904128,3815432780413389
2,0,1431,1789636816606915072,3815432780424319
2,0,1432,1789636816606925984,3815432780435317
2,0,1433,1789636816606936992,3815432780446249
2,0,1434,1789636816606947936,3815432780457149
2,0,1435,1789636816606958816,3815432780468070
2,0,1436,1789636816606969728,3815432780479099
2,0,1437,1789636816606980736,3815432780489970
2,0,1438,1789636816606991616,3815432780500889
2,0,1439,1789636816607002560,3815432780511789
2,0,1440,1789636816607013472,3815432780522691
2,0,1441,1789636816607024384,3815432780533649
2,0,1442,1789636816607035296,3815432780544569
2,0,1443,1789636816607046208,3815432780555442
2,0,1444,1789636816607057152,3815432780566371
2,0,1445,1789636816607068032,3815432780577259
2,0,1446,1789636816607078912,3815432780588184
2,0,1447,1789636816607089824,3815432780599184
2,0,1448,1789636816607100832,3815432780610107
2,0,1449,1789636816607111808,3815432780621090
2,0,1450,1789636816607122752,3815432780631999
2,0,1451,1789636816607133664,3815432780642919
2,0,1452,1789636816607144576,3815432780653822
2,0,1453,1789636816607155456,3815432780664717
2,0,1454,1789636816607166368,3815432780675629
2,0,1455,1789636816607177248,3815432780686504
2,0,1456,1789636816607188192,3815432780697447
2,0,1457,1789636816607199072,3815432780708447
2,0,1458,1789636816607210080,3815432780719351
2,0,1459,1789636816607221024,3815432780730277
2,0,1460,1789636816607231936,3815432780741191
2,0,1461,1789636816607242880,3815432780752129
2,0,1462,1789636816607253792,3815432780763061
2,0,1463,1789636816607264736,3815432780773981
2,0,1464,1789636816607275648,3815432780784882
2,0,1465,1789636816607286528,3815432780795744
2,0,1466,1789636816607297440,3815432780806697
2,0,1467,1789636816607308352,3815432780817744
2,0,1468,1789636816607319328,3815432780828601
2,0,1469,1789636816607330272,3815432780839521
2,0,1470,1789636816607341152,3815432780850442
2,0,1471,1789636816607352096,3815432780861364
2,0,1472,1789636816607363008,3815432780872322
2,0,1473,1789636816607373984,3815432780883242
2,0,1474,1789636816607384928,3815432780894162
2,0,1475,1789636816607395776,3815432780905062
2,0,1476,1789636816607406752,3815432780916012
2,0,1477,1789636816607417696,3815432780926927
2,0,1478,1789636816607428608,3815432780937876
2,0,1479,1789636816607439520,3815432780948764
2,0,1480,1789636816607450400,3815432780959681
2,0,1481,1789636816607461344,3815432780970589
2,0,1482,1789636816607472224,3815432780981561
2,0,1483,1789636816607483232,3815432780992504
2,0,1484,1789636816607494144,3815432781003411
2,0,1485,1789636816607505024,3815432781014323
2,0,1486,1789636816607516000,3815432781025271
2,0,1487,1789636816607526944,3815432781036209
2,0,1488,1789636816607537824,3815432781047110
2,0,1489,1789636816607548768,3815432781058019
2,0,1490,1789636816607559680,3815432781068942
2,0,1491,1789636816607570592,3815432781079851
2,0,1492,1789636816607581504,3815432781090811
2,0,1493,1789636816607592448,3815432781101729
2,0,1494,1789636816607603392,3815432781112661
2,0,1495,1789636816607614272,3815432781123549
2,0,1496,1789636816607625216,3815432781134479
2,0,1497,1789636816607636096,3815432781145431
2,0,1498,1789636816607647040,3815432781156303
2,0,1499,1789636816607658016,3815432781167251
2,0,1500,1789636816607668896,3815432781178171
2,0,1501,1789636816607679840,3815432781189121
2,0,1502,1789636816607690752,3815432781200062
2,0,1503,1789636816607701696,3815432781210982
2,0,1504,1789636816607712640,3815432781221871
2,0,1505,1789636816607723520,3815432781232749
2,0,1506,1789636816607734400,3815432781243669
2,0,1507,1789636816607745312,3815432781254689
2,0,1508,1789636816607756320,3815432781265580
2,0,1509,1789636816607767232,3815432781276482
2,0,1510,1789636816607778112,3815432781287371
2,0,1511,1789636816607789024,3815432781298322
2,0,1512,1789636816607799936,3815432781309302
2,0,1513,1789636816607810912,3815432781320181
2,0,1514,1789636816607821856,3815432781331107
2,0,1515,1789636816607832736,3815432781341984
2,0,1516,1789636816607843616,3815432781352911
2,0,1517,1789636816607854560,3815432781363923
2,0,1518,1789636816607865536,3815432781374824
2,0,1519,1789636816607876480,3815432781385751
2,0,1520,1789636816607887392,3815432781396627
2,0,1521,1789636816607898272,3815432781407542
2,0,1522,1789636816607909184,3815432781418547
2,0,1523,1789636816607920192,3815432781429480
2,0,1524,1789636816607931136,3815432781440402
2,0,1525,1789636816607942016,3815432781451289
2,0,1526,1789636816607952928,3815432781462200
2,0,1527,1789636816607963808,3815432781473172
2,0,1528,1789636816607974816,3815432781484099
2,0,1529,1789636816607985760,3815432781494999
2,0,1530,1789636816607996608,3815432781505869
2,0,1531,1789636816608007488,3815432781516792
2,0,1532,1789636816608018400,3815432781527797
2,0,1533,1789636816608029408,3815432781538699
2,0,1534,1789636816608040352,3815432781549617
2,0,1535,1789636816608051232,3815432781560482
2,0,1536,1789636816608062112,3815432781571402
2,0,1537,1789636816608073024,3815432781582420
2,0,1538,1789636816608084096,3815432781593381
2,0,1539,1789636816608095040,3815432781604282
2,0,1540,1789636816608105920,3815432781615189
2,0,1541,1789636816608116832,3815432781626101
2,0,1542,1789636816608127744,3815432781637039
2,0,1543,1789636816608138656,3815432781647949
2,0,1544,1789636816608149600,3815432781658864
2,0,1545,1789636816608160480,3815432781669791
2,0,1546,1789636816608171392,3815432781680669
2,0,1547,1789636816608182336,3815432781691657
2,0,1548,1789636816608193280,3815432781702569
2,0,1549,1789636816608204256,3815432781713509
2,0,1550,1789636816608215136,3815432781724419
2,0,1551,1789636816608226048,3815432781735351
2,0,1552,1789636816608236992,3815432781746282
2,0,1553,1789636816608247936,3815432781757242
2,0,1554,1789636816608258880,3815432781768143
2,0,1555,1789636816608269792,3815432781779084
2,0,1556,1789636816608280672,3815432781789967
2,0,1557,1789636816608291584,3815432781800909
2,0,1558,1789636816608302496,3815432781811791
2,0,1559,1789636816608313440,3815432781822700
2,0,1560,1789636816608324320,3815432781833602
2,0,1561,1789636816608335200,3815432781844461
2,0,1562,1789636816608346112,3815432781855542
2,0,1563,1789636816608357152,3815432781866431
2,0,1564,1789636816608368096,3815432781877349
2,0,1565,1789636816608378944,3815432781888219
2,0,1566,1789636816608389824,3815432781899140
2,0,1567,1789636816608400800,3815432781910162
2,0,1568,1789636816608411776,3815432781921095
2,0,1569,1789636816608422720,3815432781932002
2,0,1570,1789636816608433632,3815432781942909
2,0,1571,1789636816608444512,3815432781953804
2,0,1572,1789636816608455456,3815432781964769
2,0,1573,1789636816608466432,3815432781975689
2,0,1574,1789636816608477344,3815432781986610
2,0,1575,1789636816608488224,3815432781997529
2,0,1576,1789636816608499168,3815432782008450
2,0,1577,1789636816608510112,3815432782019412
2,0,1578,1789636816608521024,3815432782030322
2,0,1579,1789636816608531936,3815432782041221
2,0,1580,1789636816608542816,3815432782052087
2,0,1581,1789636816608553728,3815432782063017
2,0,1582,1789636816608564672,3815432782074041
2,0,1583,1789636816608575616,3815432782084932
2,0,1584,1789636816608586560,3815432782095840
2,0,1585,1789636816608597472,3815432782106735
2,0,1586,1789636816608608352,3815432782117649
2,0,1587,1789636816608619328,3815432782128655
2,0,1588,1789636816608630240,3815432782139540
2,0,1589,1789636816608641216,3815432782150484
2,0,1590,1789636816608652064,3815432782161344
2,0,1591,1789636816608662976,3815432782172296
2,0,1592,1789636816608673952,3815432782183284
2,0,1593,1789636816608684928,3815432782194215
2,0,1594,1789636816608695872,3815432782205131
2,0,1595,1789636816608706784,3815432782216076
2,0,1596,1789636816608717728,3815432782227026
2,0,1597,1789636816608728672,3815432782237961
2,0,1598,1789636816608739584,3815432782248859
2,0,1599,1789636816608750496,3815432782259771
2,0,1600,1789636816608761376,3815432782270621
2,0,1601,1789636816608772224,3815432782281535
2,0,1602,1789636816608783168,3815432782292536
2,0,1603,1789636816608794112,3815432782303394
2,0,1604,1789636816608805024,3815432782314290
2,0,1605,1789636816608815872,3815432782325139
2,0,1606,1789636816608826752,3815432782336063
2,0,1607,1789636816608837696,3815432782347077
2,0,1608,1789636816608848704,3815432782357990
2,0,1609,1789636816608859616,3815432782368899
2,0,1610,1789636816608870496,3815432782379766
2,0,1611,1789636816608881408,3815432782390689
2,0,1612,1789636816608892352,3815432782401799
2,0,1613,1789636816608903424,3815432782412711
2,0,1614,1789636816608914336,3815432782423612
2,0,1615,1789636816608925216,3815432782434519
2,0,1616,1789636816608936160,3815432782445460
2,0,1617,1789636816608947104,3815432782456386
2,0,1618,1789636816608957984,3815432782467301
2,0,1619,1789636816608968896,3815432782478191
2,0,1620,1789636816608979808,3815432782489074
2,0,1621,1789636816608990688,3815432782500007
2,0,1622,1789636816609001664,3815432782511019
2,0,1623,1789636816609012640,3815432782521949
2,0,1624,1789636816609023520,3815432782532836
2,0,1625,1789636816609034464,3815432782543764
2,0,1626,1789636816609045376,3815432782554682
2,0,1627,1789636816609056320,3815432782565632
2,0,1628,1789636816609067264,3815432782576542
2,0,1629,1789636816609078112,3815432782587411
2,0,1630,1789636816609089056,3815432782598332
2,0,1631,1789636816609099968,3815432782609262
2,0,1632,1789636816609110912,3815432782620274
2,0,1633,1789636816609121888,3815432782631201
2,0,1634,1789636816609132800,3815432782642072
2,0,1635,1789636816609143680,3815432782652948
2,0,1636,1789636816609154560,3815432782663824
2,0,1637,1789636816609165472,3815432782674876
2,0,1638,1789636816609176512,3815432782685802
2,0,1639,1789636816609187424,3815432782696713
2,0,1640,1789636816609198336,3815432782707642
2,0,1641,1789636816609209248,3815432782718551
2,0,1642,1789636816609220192,3815432782729509
2,0,1643,1789636816609231136,3815432782740464
2,0,1644,1789636816609242080,3815432782751337
2,0,1645,1789636816609252960,3815432782762251
2,0,1646,1789636816609263872,3815432782773180
2,0,1647,1789636816609274816,3815432782784137
2,0,1648,1789636816609285760,3815432782795070
2,0,1649,1789636816609296640,3815432782805932
2,0,1650,1789636816609307584,3815432782816879
2,0,1651,1789636816609318496,3815432782827792
2,0,1652,1789636816609329440,3815432782838748
2,0,1653,1789636816609340384,3815432782849695
2,0,1654,1789636816609351296,3815432782860581
2,0,1655,1789636816609362208,3815432782871496
2,0,1656,1789636816609373088,3815432782882409
2,0,1657,1789636816609384032,3815432782893381
2,0,1658,1789636816609395008,3815432782904299
2,0,1659,1789636816609405888,3815432782915160
2,0,1660,1789636816609416800,3815432782926062
2,0,1661,1789636816609427680,3815432782936991
2,0,1662,1789636816609438656,3815432782948002
2,0,1663,1789636816609449600,3815432782958932
2,0,1664,1789636816609460544,3815432782969831
2,0,1665,1789636816609471456,3815432782980744
2,0,1666,1789636816609482368,3815432782991679
2,0,1667,1789636816609493312,3815432783002629
2,0,1668,1789636816609504224,3815432783013522
2,0,1669,1789636816609515136,3815432783024422
2,0,1670,1789636816609526048,3815432783035381
2,0,1671,1789636816609536992,3815432783046316
2,0,1672,1789636816609547968,3815432783057244
2,0,1673,1789636816609558848,3815432783068164
2,0,1674,1789636816609569760,3815432783079082
2,0,1675,1789636816609580704,3815432783090002
2,0,1676,1789636816609591584,3815432783100892
2,0,1677,1789636816609602496,3815432783111872
2,0,1678,1789636816609613440,3815432783122752
2,0,1679,1789636816609624384,3815432783133650
2,0,1680,1789636816609635296,3815432783144621
2,0,1681,1789636816609646208,3815432783155541
2,0,1682,1789636816609657184,3815432783166492
2,0,1683,1789636816609668064,3815432783177389
2,0,1684,1789636816609678976,3815432783188260
2,0,1685,1789636816609689888,3815432783199182
2,0,1686,1789636816609700800,3815432783210114
2,0,1687,1789636816609711744,3815432783221106
2,0,1688,1789636816609722688,3815432783232011
2,0,1689,1789636816609733632,3815432783242929
2,0,1690,1789636816609744544,3815432783253861
2,0,1691,1789636816609755488,3815432783264804
2,0,1692,1789636816609766432,3815432783275749
2,0,1693,1789636816609777344,3815432783286632
2,0,1694,1789636816609788224,3815432783297532
2,0,1695,1789636816609799136,3815432783308432
2,0,1696,1789636816609810080,3815432783319427
2,0,1697,1789636816609821056,3815432783330372
2,0,1698,1789636816609831968,3815432783341291
2,0,1699,1789636816609842880,3815432783352156
2,0,1700,1789636816609853792,3815432783363112
2,0,1701,1789636816609864736,3815432783374037
2,0,1702,1789636816609875616,3815432783384989
2,0,1703,1789636816609886560,3815432783395857
2,0,1704,1789636816609897504,3815432783406769
2,0,1705,1789636816609908384,3815432783417743
2,0,1706,1789636816609919232,3815432783428542
2,0,1707,1789636816609930112,3815432783439551
2,0,1708,1789636816609941152,3815432783450476
2,0,1709,1789636816609952096,3815432783461402
2,0,1710,1789636816609963008,3815432783472301
2,0,1711,1789636816609973920,3815432783483231
2,0,1712,1789636816609984864,3815432783494232
2,0,1713,1789636816609995808,3815432783505114
2,0,1714,1789636816610006720,3815432783516031
2,0,1715,1789636816610017664,3815432783526979
2,0,1716,1789636816610028576,3815432783537907
2,0,1717,1789636816610039552,3815432783548853
2,0,1718,1789636816610050464,3815432783559791
2,0,1719,1789636816610061344,3815432783570649
2,0,1720,1789636816610072288,3815432783581602
2,0,1721,1789636816610083168,3815432783592502
2,0,1722,1789636816610094112,3815432783603491
2,0,1723,1789636816610105056,3815432783614393
2,0,1724,1789636816610116032,3815432783625312
2,0,1725,1789636816610126944,3815432783636255
2,0,1726,1789636816610137824,3815432783647152
2,0,1727,1789636816610148768,3815432783658111
2,0,1728,1789636816610159744,3815432783669089
2,0,1729,1789636816610170688,3815432783679992
2,0,1730,1789636816610181600,3815432783690901
2,0,1731,1789636816610192448,3815432783701766
2,0,1732,1789636816610203392,3815432783712733
2,0,1733,1789636816610214304,3815432783723629
2,0,1734,1789636816610225216,3815432783734509
2,0,1735,1789636816610236128,3815432783745479
2,0,1736,1789636816610247104,3815432783756429
2,0,1737,1789636816610258016,3815432783767341
2,0,1738,1789636816610268928,3815432783778263
2,0,1739,1789636816610279872,3815432783789169
2,0,1740,1789636816610290816,3815432783800114
2,0,1741,1789636816610301696,3815432783811124
2,0,1742,1789636816610312736,3815432783822052
2,0,1743,1789636816610323648,3815432783832972
2,0,1744,1789636816610334592,3815432783843891
2,0,1745,1789636816610345504,3815432783854816
2,0,1746,1789636816610356448,3815432783865772
2,0,1747,1789636816610367392,3815432783876669
2,0,1748,1789636816610378240,3815432783887569
2,0,1749,1789636816610389152,3815432783898446
2,0,1750,1789636816610400064,3815432783909342
2,0,1751,1789636816610410912,3815432783920251
2,0,1752,1789636816610421856,3815432783931222
2,0,1753,1789636816610432800,3815432783942131
2,0,1754,1789636816610443680,3815432783952999
2,0,1755,1789636816610454624,3815432783963971
2,0,1756,1789636816610465568,3815432783974879
2,0,1757,1789636816610476480,3815432783985843
2,0,1758,1789636816610487456,3815432783996760
2,0,1759,1789636816610498336,3815432784007743
2,0,1760,1789636816610509280,3815432784018593
2,0,1761,1789636816610520192,3815432784029500
2,0,1762,1789636816610531104,3815432784040462
2,0,1763,1789636816610542048,3815432784051375
2,0,1764,1789636816610552960,3815432784062249
2,0,1765,1789636816610563840,3815432784073162
2,0,1766,1789636816610574720,3815432784084026
2,0,1767,1789636816610585632,3815432784095095
2,0,1768,1789636816610596672,3815432784106015
2,0,1769,1789636816610607616,3815432784116909
2,0,1770,1789636816610618528,3815432784127833
2,0,1771,1789636816610629408,3815432784138740
2,0,1772,1789636816610640352,3815432784149709
2,0,1773,1789636816610651296,3815432784160609
2,0,1774,1789636816610662208,3815432784171511
2,0,1775,1789636816610673120,3815432784182422
2,0,1776,1789636816610684000,3815432784193331
2,0,1777,1789636816610694912,3815432784204329
2,0,1778,1789636816610705920,3815432784215229
2,0,1779,1789636816610716800,3815432784226121
2,0,1780,1789636816610727744,3815432784237029
2,0,1781,1789636816610738656,3815432784247966
2,0,1782,1789636816610749568,3815432784258962
2,0,1783,1789636816610760544,3815432784269880
2,0,1784,1789636816610771456,3815432784280756
2,0,1785,1789636816610782400,3815432784291716
2,0,1786,1789636816610793248,3815432784302591
2,0,1787,1789636816610804192,3815432784313591
2,0,1788,1789636816610815136,3815432784324479
2,0,1789,1789636816610826048,3815432784335364
2,0,1790,1789636816610836992,3815432784346289
2,0,1791,1789636816610847872,3815432784357202
2,0,1792,1789636816610858784,3815432784368206
2,0,1793,1789636816610869792,3815432784379142
2,0,1794,1789636816610880736,3815432784390044
2,0,1795,1789636816610891648,3815432784400964
2,0,1796,1789636816610902528,3815432784411882
2,0,1797,1789636816610913472,3815432784422839
2,0,1798,1789636816610924384,3815432784433707
2,0,1799,1789636816610935232,3815432784444541
2,0,1800,1789636816610946176,3815432784455471
2,0,1801,1789636816610957024,3815432784466369
2,0,1802,1789636816610967936,3815432784477419
2,0,1803,1789636816610978976,3815432784488316
2,0,1804,1789636816610989920,3815432784499199
2,0,1805,1789636816611000832,3815432784510151
2,0,1806,1789636816611011744,3815432784521111
2,0,1807,1789636816611022720,3815432784532069
2,0,1808,1789636816611033632,3815432784542981
2,0,1809,1789636816611044576,3815432784553895
2,0,1810,1789636816611055488,3815432784564815
2,0,1811,1789636816611066400,3815432784575731
2,0,1812,1789636816611077344,3815432784586709
2,0,1813,1789636816611088288,3815432784597611
2,0,1814,1789636816611099200,3815432784608521
2,0,1815,1789636816611110144,3815432784619449
2,0,1816,1789636816611121024,3815432784630361
2,0,1817,1789636816611131968,3815432784641331
2,0,1818,1789636816611142912,3815432784652239
2,0,1819,1789636816611153824,3815432784663147
2,0,1820,1789636816611164736,3815432784674067
2,0,1821,1789636816611175680,3815432784685009
2,0,1822,1789636816611186592,3815432784695951
2,0,1823,1789636816611197536,3815432784706851
2,0,1824,1789636816611208448,3815432784717771
2,0,1825,1789636816611219392,3815432784728711
2,0,1826,1789636816611230304,3815432784739636
2,0,1827,1789636816611241216,3815432784750571
2,0,1828,1789636816611252128,3815432784761455
2,0,1829,1789636816611263008,3815432784772319
2,0,1830,1789636816611273920,3815432784783249
2,0,1831,1789636816611284864,3815432784794212
2,0,1832,1789636816611295808,3815432784805192
2,0,1833,1789636816611306720,3815432784816074
2,0,1834,1789636816611317632,3815432784826962
2,0,1835,1789636816611328544,3815432784837882
2,0,1836,1789636816611339456,3815432784848807
2,0,1837,1789636816611350368,3815432784859811
2,0,1838,1789636816611361408,3815432784870737
2,0,1839,1789636816611372320,3815432784881626
2,0,1840,1789636816611383232,3815432784892519
2,0,1841,1789636816611394112,3815432784903439
2,0,1842,1789636816611404992,3815432784914451
2,0,1843,1789636816611416000,3815432784925352
2,0,1844,1789636816611426912,3815432784936239
2,0,1845,1789636816611437824,3815432784947141
2,0,1846,1789636816611448736,3815432784958092
2,0,1847,1789636816611459648,3815432784969079
2,0,1848,1789636816611470624,3815432784979980
2,0,1849,1789636816611481568,3815432784990869
2,0,1850,1789636816611492448,3815432785001769
2,0,1851,1789636816611503328,3815432785012669
2,0,1852,1789636816611514240,3815432785023691
2,0,1853,1789636816611525280,3815432785034611
2,0,1854,1789636816611536192,3815432785045496
2,0,1855,1789636816611547104,3815432785056444
2,0,1856,1789636816611557984,3815432785067344
2,0,1857,1789636816611568928,3815432785078319
2,0,1858,1789636816611579872,3815432785089209
2,0,1859,1789636816611590784,3815432785100111
2,0,1860,1789636816611601728,3815432785111092
2,0,1861,1789636816611612640,3815432785122004
2,0,1862,1789636816611623552,3815432785132931
2,0,1863,1789636816611634496,3815432785143849
2,0,1864,1789636816611645408,3815432785154729
2,0,1865,1789636816611656320,3815432785165629
2,0,1866,1789636816611667200,3815432785176539
2,0,1867,1789636816611678112,3815432785187560
2,0,1868,1789636816611689120,3815432785198459
2,0,1869,1789636816611700032,3815432785209363
2,0,1870,1789636816611710976,3815432785220311
2,0,1871,1789636816611721856,3815432785231202
2,0,1872,1789636816611732768,3815432785242171
2,0,1873,1789636816611743744,3815432785253098
2,0,1874,1789636816611754688,3815432785264029
2,0,1875,1789636816611765600,3815432785274946
2,0,1876,1789636816611776480,3815432785285819
2,0,1877,1789636816611787392,3815432785296794
2,0,1878,1789636816611798368,3815432785307744
2,0,1879,1789636816611809312,3815432785318634
2,0,1880,1789636816611820224,3815432785329552
2,0,1881,1789636816611831104,3815432785340489
2,0,1882,1789636816611842048,3815432785351422
2,0,1883,1789636816611852960,3815432785362312
2,0,1884,1789636816611863872,3815432785373191
2,0,1885,1789636816611874784,3815432785384116
2,0,1886,1789636816611885664,3815432785395002
2,0,1887,1789636816611896576,3815432785406066
2,0,1888,1789636816611907616,3815432785416970
2,0,1889,1789636816611918528,3815432785427849
2,0,1890,1789636816611929440,3815432785438801
2,0,1891,1789636816611940352,3815432785449721
2,0,1892,1789636816611951264,3815432785460682
2,0,1893,1789636816611962272,3815432785471629
2,0,1894,1789636816611973184,3815432785482511
2,0,1895,1789636816611984096,3815432785493419
2,0,1896,1789636816611994976,3815432785504320
2,0,1897,1789636816612005888,3815432785515310
2,0,1898,1789636816612016864,3815432785526236
2,0,1899,1789636816612027808,3815432785537139
2,0,1900,1789636816612038720,3815432785548062
2,0,1901,1789636816612049632,3815432785558991
2,0,1902,1789636816612060544,3815432785569931
2,0,1903,1789636816612071488,3815432785580851
2,0,1904,1789636816612082432,3815432785591759
2,0,1905,1789636816612093312,3815432785602671
2,0,1906,1789636816612104224,3815432785613599
2,0,1907,1789636816612115168,3815432785624541
2,0,1908,1789636816612126112,3815432785635489
2,0,1909,1789636816612137024,3815432785646379
2,0,1910,1789636816612148000,3815432785657316
2,0,1911,1789636816612158848,3815432785668206
2,0,1912,1789636816612169792,3815432785679181
2,0,1913,1789636816612180768,3815432785690122
2,0,1914,1789636816612191712,3815432785701089
2,0,1915,1789636816612202688,3815432785712012
2,0,1916,1789636816612213568,3815432785722929
2,0,1917,1789636816612224512,3815432785733820
2,0,1918,1789636816612235424,3815432785744792
2,0,1919,1789636816612246368,3815432785755691
2,0,1920,1789636816612257248,3815432785766631
2,0,1921,1789636816612268192,3815432785777553
2,0,1922,1789636816612279104,3815432785788455
2,0,1923,1789636816612290016,3815432785799384
2,0,1924,1789636816612300928,3815432785810249
2,0,1925,1789636816612311808,3815432785821181
2,0,1926,1789636816612322720,3815432785832081
2,0,1927,1789636816612333600,3815432785843029
2,0,1928,1789636816612344608,3815432785853982
2,0,1929,1789636816612355520,3815432785864851
2,0,1930,1789636816612366400,3815432785875806
2,0,1931,1789636816612377344,3815432785886719
2,0,1932,1789636816612388256,3815432785897744
2,0,1933,1789636816612399232,3815432785908599
2,0,1934,1789636816612410144,3815432785919491
2,0,1935,1789636816612421088,3815432785930424
2,0,1936,1789636816612432032,3815432785941357
2,0,1937,1789636816612442912,3815432785952287
2,0,1938,1789636816612453856,3815432785963247
2,0,1939,1789636816612464800,3815432785974152
2,0,1940,1789636816612475744,3815432785985087
2,0,1941,1789636816612486624,3815432785995991
2,0,1942,1789636816612497536,3815432786006917
2,0,1943,1789636816612508480,3815432786017829
2,0,1944,1789636816612519392,3815432786028746
2,0,1945,1789636816612530336,3815432786039698
2,0,1946,1789636816612541216,3815432786050586
2,0,1947,1789636816612552128,3815432786061526
2,0,1948,1789636816612563104,3815432786072443
2,0,1949,1789636816612573984,3815432786083331
2,0,1950,1789636816612584928,3815432786094299
2,0,1951,1789636816612595872,3815432786105237
2,0,1952,1789636816612606784,3815432786116159
2,0,1953,1789636816612617728,3815432786127084
2,0,1954,1789636816612628608,3815432786137971
2,0,1955,1789636816612639520,3815432786148903
2,0,1956,1789636816612650432,3815432786159799
2,0,1957,1789636816612661344,3815432786170777
2,0,1958,1789636816612672384,3815432786181742
2,0,1959,1789636816612683296,3815432786192626
2,0,1960,1789636816612694208,3815432786203559
2,0,1961,1789636816612705120,3815432786214482
2,0,1962,1789636816612716064,3815432786225400
2,0,1963,1789636816612726976,3815432786236319
2,0,1964,1789636816612737824,3815432786247166
2,0,1965,1789636816612748736,3815432786258102
2,0,1966,1789636816612759584,3815432786268957
2,0,1967,1789636816612770496,3815432786279975
2,0,1968,1789636816612781536,3815432786290912
2,0,1969,1789636816612792480,3815432786301832
2,0,1970,1789636816612803392,3815432786312742
2,0,1971,1789636816612814272,3815432786323623
2,0,1972,1789636816612825184,3815432786334651
2,0,1973,1789636816612836224,3815432786345619
2,0,1974,1789636816612847168,3815432786356539
2,0,1975,1789636816612858080,3815432786367453
2,0,1976,1789636816612868992,3815432786378362
2,0,1977,1789636816612879936,3815432786389286
2,0,1978,1789636816612890848,3815432786400215
2,0,1979,1789636816612901760,3815432786411104
2,0,1980,1789636816612912640,3815432786422021
2,0,1981,1789636816612923584,3815432786432946
2,0,1982,1789636816612934528,3815432786443899
2,0,1983,1789636816612945504,3815432786454837
2,0,1984,1789636816612956384,3815432786465739
2,0,1985,1789636816612967296,3815432786476669
2,0,1986,1789636816612978208,3815432786487579
2,0,1987,1789636816612989120,3815432786498519
2,0,1988,1789636816613000096,3815432786509446
2,0,1989,1789636816613011040,3815432786520377
2,0,1990,1789636816613021920,3815432786531277
2,0,1991,1789636816613032800,3815432786542171
2,0,1992,1789636816613043712,3815432786553149
2,0,1993,1789636816613054720,3815432786564110
2,0,1994,1789636816613065696,3815432786575032
2,0,1995,1789636816613076608,3815432786585951
2,0,1996,1789636816613087424,3815432786596803
2,0,1997,1789636816613098336,3815432786607782
2,0,1998,1789636816613109344,3815432786618711
2,0,1999,1789636816613120256,3815432786629594
2,0,2000,1789636816613131168,3815432786640511
2,0,2001,1789636816613142048,3815432786651384
2,0,2002,1789636816613152928,3815432786662391
2,0,2003,1789636816613163936,3815432786673314
2,0,2004,1789636816613174848,3815432786684196
2,0,2005,1789636816613185760,3815432786695137
2,0,2006,1789636816613196704,3815432786706069
2,0,2007,1789636816613207584,3815432786717008
2,0,2008,1789636816613218592,3815432786727969
2,0,2009,1789636816613229504,3815432786738882
2,0,2010,1789636816613240448,3815432786749807
2,0,2011,1789636816613251360,3815432786760729
2,0,2012,1789636816613262272,3815432786771629
2,0,2013,1789636816613273216,3815432786782571
2,0,2014,1789636816613284096,3815432786793479
2,0,2015,1789636816613295008,3815432786804384
2,0,2016,1789636816613305888,3815432786815247
2,0,2017,1789636816613316768,3815432786826275
2,0,2018,1789636816613327872,3815432786837217
2,0,2019,1789636816613338784,3815432786848142
2,0,2020,1789636816613349696,3815432786859092
2,0,2021,1789636816613360640,3815432786869991
2,0,2022,1789636816613371552,3815432786880897
2,0,2023,1789636816613382496,3815432786891860
2,0,2024,1789636816613393376,3815432786902737
2,0,2025,1789636816613404288,3815432786913651
2,0,2026,1789636816613415168,3815432786924589
2,0,2027,1789636816613426144,3815432786935495
2,0,2028,1789636816613437056,3815432786946419
2,0,2029,1789636816613447936,3815432786957311
2,0,2030,1789636816613458848,3815432786968262
2,0,2031,1789636816613469760,3815432786979139
2,0,2032,1789636816613480640,3815432786990122
2,0,2033,1789636816613491680,3815432787001111
2,0,2034,1789636816613502656,3815432787012029
2,0,2035,1789636816613513568,3815432787022922
2,0,2036,1789636816613524448,3815432787033829
2,0,2037,1789636816613535360,3815432787044783
2,0,2038,1789636816613546336,3815432787055732
2,0,2039,1789636816613557248,3815432787066623
2,0,2040,1789636816613568128,3815432787077529
2,0,2041,1789636816613579040,3815432787088432
2,0,2042,1789636816613589984,3815432787099379
2,0,2043,1789636816613600928,3815432787110297
2,0,2044,1789636816613611872,3815432787121229
2,0,2045,1789636816613622752,3815432787132139
2,0,2046,1789636816613633664,3815432787143052
2,0,2047,1789636816613644576,3815432787154015
2,0,2048,1789636816613655552,3815432787164922
2,0,2049,1789636816613666432,3815432787175815
2,0,2050,1789636816613677312,3815432787186685
2,0,2051,1789636816613688224,3815432787197630
2,0,2052,1789636816613699136,3815432787208622
2,0,2053,1789636816613710176,3815432787219559
2,0,2054,1789636816613721120,3815432787230487
2,0,2055,1789636816613732032,3815432787241412
2,0,2056,1789636816613742912,3815432787252272
2,0,2057,1789636816613753824,3815432787263252
2,0,2058,1789636816613764800,3815432787274172
2,0,2059,1789636816613775712,3815432787285076
2,0,2060,1789636816613786592,3815432787295947
2,0,2061,1789636816613797472,3815432787306860
2,0,2062,1789636816613808384,3815432787317868
2,0,2063,1789636816613819424,3815432787328792
2,0,2064,1789636816613830272,3815432787339628
2,0,2065,1789636816613841120,3815432787350492
2,0,2066,1789636816613852032,3815432787361408
2,0,2067,1789636816613862912,3815432787372262
2,0,2068,1789636816613873792,3815432787383192
2,0,2069,1789636816613884768,3815432787394127
2,0,2070,1789636816613895648,3815432787405011
2,0,2071,1789636816613906560,3815432787415987
2,0,2072,1789636816613917472,3815432787426857
2,0,2073,1789636816613928416,3815432787437845
2,0,2074,1789636816613939360,3815432787448712
2,0,2075,1789636816613950240,3815432787459642
2,0,2076,1789636816613961184,3815432787470535
2,0,2077,1789636816613972096,3815432787481492
2,0,2078,1789636816613983040,3815432787492424
2,0,2079,1789636816613993952,3815432787503332
2,0,2080,1789636816614004864,3815432787514227
2,0,2081,1789636816614015744,3815432787525124
2,0,2082,1789636816614026624,3815432787535992
2,0,2083,1789636816614037536,3815432787546918
2,0,2084,1789636816614048448,3815432787557831
2,0,2085,1789636816614059392,3815432787568758
2,0,2086,1789636816614070336,3815432787579702
2,0,2087,1789636816614081248,3815432787590658
2,0,2088,1789636816614092224,3815432787601616
2,0,2089,1789636816614103104,3815432787612490
2,0,2090,1789636816614114016,3815432787623422
2,0,2091,1789636816614124960,3815432787634340
2,0,2092,1789636816614135872,3815432787645252
2,0,2093,1789636816614146816,3815432787656242
2,0,2094,1789636816614157728,3815432787667098
2,0,2095,1789636816614168608,3815432787677978
2,0,2096,1789636816614179520,3815432787688878
2,0,2097,1789636816614190400,3815432787699810
2,0,2098,1789636816614201376,3815432787710765
2,0,2099,1789636816614212288,3815432787721700
2,0,2100,1789636816614223200,3815432787732602
2,0,2101,1789636816614234176,3815432787743528
2,0,2102,1789636816614245056,3815432787754440
2,0,2103,1789636816614256000,3815432787765378
2,0,2104,1789636816614266880,3815432787776306
2,0,2105,1789636816614277824,3815432787787210
2,0,2106,1789636816614288736,3815432787798118
2,0,2107,1789636816614299616,3815432787809082
2,0,2108,1789636816614310656,3815432787820030
2,0,2109,1789636816614321536,3815432787830940
2,0,2110,1789636816614332480,3815432787841867
2,0,2111,1789636816614343392,3815432787852791
2,0,2112,1789636816614354304,3815432787863692
2,0,2113,1789636816614365184,3815432787874602
2,0,2114,1789636816614376096,3815432787885548
2,0,2115,1789636816614387040,3815432787896452
2,0,2116,1789636816614398016,3815432787907377
2,0,2117,1789636816614408928,3815432787918303
2,0,2118,1789636816614419840,3815432787929242
2,0,2119,1789636816614430720,3815432787940201
2,0,2120,1789636816614441728,3815432787951135
2,0,2121,1789636816614452704,3815432787962087
2,0,2122,1789636816614463584,3815432787972984
2,0,2123,1789636816614474528,3815432787983947
2,0,2124,1789636816614485472,3815432787994872
2,0,2125,1789636816614496384,3815432788005784
2,0,2126,1789636816614507328,3815432788016716
2,0,2127,1789636816614518208,3815432788027588
2,0,2128,1789636816614529120,3815432788038512
2,0,2129,1789636816614540032,3815432788049433
2,0,2130,1789636816614550912,3815432788060314
2,0,2131,1789636816614561856,3815432788071224
2,0,2132,1789636816614572736,3815432788082121
2,0,2133,1789636816614583648,3815432788093031
2,0,2134,1789636816614594528,3815432788104063
2,0,2135,1789636816614605568,3815432788114972
2,0,2136,1789636816614616544,3815432788125883
2,0,2137,1789636816614627424,3815432788136802
2,0,2138,1789636816614638336,3815432788147744
2,0,2139,1789636816614649248,3815432788158667
2,0,2140,1789636816614660192,3815432788169592
2,0,2141,1789636816614671104,3815432788180484
2,0,2142,1789636816614682016,3815432788191424
2,0,2143,1789636816614692960,3815432788202382
2,0,2144,1789636816614703872,3815432788213303
2,0,2145,1789636816614714816,3815432788224218
2,0,2146,1789636816614725760,3815432788235146
2,0,2147,1789636816614736672,3815432788246038
2,0,2148,1789636816614747584,3815432788256990
2,0,2149,1789636816614758496,3815432788267924
2,0,2150,1789636816614769472,3815432788278882
2,0,2151,1789636816614780384,3815432788289788
2,0,2152,1789636816614791328,3815432788300698
2,0,2153,1789636816614802208,3815432788311622
2,0,2154,1789636816614813120,3815432788322567
2,0,2155,1789636816614824096,3815432788333467
2,0,2156,1789636816614834976,3815432788344372
2,0,2157,1789636816614845856,3815432788355242
2,0,2158,1789636816614856736,3815432788366155
2,0,2159,1789636816614867680,3815432788377164
2,0,2160,1789636816614878688,3815432788388082
2,0,2161,1789636816614889600,3815432788399078
2,0,2162,1789636816614900576,3815432788409938
2,0,2163,1789636816614911488,3815432788420905
2,0,2164,1789636816614922400,3815432788431804
2,0,2165,1789636816614933312,3815432788442722
2,0,2166,1789636816614944256,3815432788453651
2,0,2167,1789636816614955168,3815432788464552
2,0,2168,1789636816614966048,3815432788475455
2,0,2169,1789636816614976960,3815432788486420
2,0,2170,1789636816614987936,3815432788497341
2,0,2171,1789636816614998880,3815432788508258
2,0,2172,1789636816615009760,3815432788519162
2,0,2173,1789636816615020672,3815432788530085
2,0,2174,1789636816615031552,3815432788540982
2,0,2175,1789636816615042464,3815432788551891
2,0,2176,1789636816615053408,3815432788562811
2,0,2177,1789636816615064320,3815432788573731
2,0,2178,1789636816615075232,3815432788584627
2,0,2179,1789636816615086112,3815432788595687
2,0,2180,1789636816615097216,3815432788606598
2,0,2181,1789636816615108128,3815432788617507
2,0,2182,1789636816615119008,3815432788628424
2,0,2183,1789636816615129952,3815432788639358
2,0,2184,1789636816615140864,3815432788650286
2,0,2185,1789636816615151840,3815432788661251
2,0,2186,1789636816615162784,3815432788672161
2,0,2187,1789636816615173664,3815432788683055
2,0,2188,1789636816615184576,3815432788694001
2,0,2189,1789636816615195520,3815432788704911
2,0,2190,1789636816615206432,3815432788715841
2,0,2191,1789636816615217376,3815432788726750
2,0,2192,1789636816615228288,3815432788737651
2,0,2193,1789636816615239168,3815432788748581
2,0,2194,1789636816615250048,3815432788759528
2,0,2195,1789636816615261024,3815432788770447
2,0,2196,1789636816615271968,3815432788781355
2,0,2197,1789636816615282848,3815432788792221
2,0,2198,1789636816615293728,3815432788803148
2,0,2199,1789636816615304640,3815432788814164
2,0,2200,1789636816615315680,3815432788825087
2,0,2201,1789636816615326624,3815432788836030
2,0,2202,1789636816615337568,3815432788847000
2,0,2203,1789636816615348512,3815432788857941
2,0,2204,1789636816615359424,3815432788868820
2,0,2205,1789636816615370368,3815432788879765
2,0,2206,1789636816615381280,3815432788890674
2,0,2207,1789636816615392160,3815432788901558
2,0,2208,1789636816615403072,3815432788912491
2,0,2209,1789636816615413984,3815432788923411
2,0,2210,1789636816615424896,3815432788934298
2,0,2211,1789636816615435840,3815432788945231
2,0,2212,1789636816615446720,3815432788956110
2,0,2213,1789636816615457600,3815432788967023
2,0,2214,1789636816615468512,3815432788978018
2,0,2215,1789636816615479520,3815432788988944
2,0,2216,1789636816615490464,3815432788999861
2,0,2217,1789636816615501344,3815432789010771
2,0,2218,1789636816615512256,3815432789021663
2,0,2219,1789636816615523168,3815432789032648
2,0,2220,1789636816615534144,3815432789043570
2,0,2221,1789636816615545088,3815432789054478
2,0,2222,1789636816615555968,3815432789065390
2,0,2223,1789636816615566912,3815432789076311
2,0,2224,1789636816615577792,3815432789087271
2,0,2225,1789636816615588768,3815432789098178
2,0,2226,1789636816615599712,3815432789109098
2,0,2227,1789636816615610624,3815432789120007
2,0,2228,1789636816615621536,3815432789130941
2,0,2229,1789636816615632448,3815432789141888
2,0,2230,1789636816615643392,3815432789152780
2,0,2231,1789636816615654272,3815432789163671
2,0,2232,1789636816615665152,3815432789174536
2,0,2233,1789636816615676032,3815432789185453
2,0,2234,1789636816615686912,3815432789196458
2,0,2235,1789636816615697952,3815432789207380
2,0,2236,1789636816615708896,3815432789218303
2,0,2237,1789636816615719808,3815432789229208
2,0,2238,1789636816615730688,3815432789240131
2,0,2239,1789636816615741632,3815432789251118
2,0,2240,1789636816615752608,3815432789262045
2,0,2241,1789636816615763552,3815432789272961
2,0,2242,1789636816615774496,3815432789283903
2,0,2243,1789636816615785408,3815432789294841
2,0,2244,1789636816615796320,3815432789305767
2,0,2245,1789636816615807232,3815432789316655
2,0,2246,1789636816615818144,3815432789327551
2,0,2247,1789636816615829056,3815432789338451
2,0,2248,1789636816615839936,3815432789349338
2,0,2249,1789636816615850848,3815432789360380
2,0,2250,1789636816615861920,3815432789371330
2,0,2251,1789636816615872864,3815432789382258
2,0,2252,1789636816615883712,3815432789393127
2,0,2253,1789636816615894624,3815432789404047
2,0,2254,1789636816615905536,3815432789415008
2,0,2255,1789636816615916512,3815432789425910
2,0,2256,1789636816615927456,3815432789436837
2,0,2257,1789636816615938368,3815432789447767
2,0,2258,1789636816615949248,3815432789458668
2,0,2259,1789636816615960160,3815432789469631
2,0,2260,1789636816615971136,3815432789480571
2,0,2261,1789636816615982080,3815432789491483
2,0,2262,1789636816615992992,3815432789502391
2,0,2263,1789636816616003904,3815432789513341
2,0,2264,1789636816616014816,3815432789524261
2,0,2265,1789636816616025728,3815432789535148
2,0,2266,1789636816616036640,3815432789546058
2,0,2267,1789636816616047584,3815432789557020
2,0,2268,1789636816616058464,3815432789567928
2,0,2269,1789636816616069408,3815432789578888
2,0,2270,1789636816616080416,3815432789589838
2,0,2271,1789636816616091360,3815432789600791
2,0,2272,1789636816616102240,3815432789611664
2,0,2273,1789636816616113152,3815432789622598
2,0,2274,1789636816616124096,3815432789633508
2,0,2275,1789636816616134976,3815432789644392
2,0,2276,1789636816616145888,3815432789655837
2,0,2277,1789636816616156768,3815432789666205
2,0,2278,1789636816616167712,3815432789677140
2,0,2279,1789636816616178592,3815432789688130
2,0,2280,1789636816616189600,3815432789699088
2,0,2281,1789636816616200608,3815432789710011
2,0,2282,1789636816616211520,3815432789720971
2,0,2283,1789636816616222464,3815432789731905
2,0,2284,1789636816616233376,3815432789742808
2,0,2285,1789636816616244256,3815432789753711
2,0,2286,1789636816616255232,3815432789764615
2,0,2287,1789636816616266080,3815432789775491
2,0,2288,1789636816616276992,3815432789786421
2,0,2289,1789636816616287872,3815432789797370
2,0,2290,1789636816616298848,3815432789808280
2,0,2291,1789636816616309824,3815432789819241
2,0,2292,1789636816616320736,3815432789830150
2,0,2293,1789636816616331648,3815432789841111
2,0,2294,1789636816616342592,3815432789851998
2,0,2295,1789636816616353504,3815432789862921
2,0,2296,1789636816616364416,3815432789873841
2,0,2297,1789636816616375296,3815432789884703
2,0,2298,1789636816616386176,3815432789895628
2,0,2299,1789636816616397088,3815432789906621
2,0,2300,1789636816616408096,3815432789917540
2,0,2301,1789636816616419040,3815432789928448
2,0,2302,1789636816616429920,3815432789939321
2,0,2303,1789636816616440800,3815432789950241
2,0,2304,1789636816616451680,3815432789961253
2,0,2305,1789636816616462720,3815432789972183
2,0,2306,1789636816616473696,3815432789983088
2,0,2307,1789636816616484608,3815432789994027
2,0,2308,1789636816616495520,3815432790004961
2,0,2309,1789636816616506464,3815432790015861
2,0,2310,1789636816616517344,3815432790026781
2,0,2311,1789636816616528288,3815432790037744
2,0,2312,1789636816616539168,3815432790048607
2,0,2313,1789636816616550080,3815432790059538
2,0,2314,1789636816616560992,3815432790070501
2,0,2315,1789636816616571968,3815432790081421
2,0,2316,1789636816616582912,3815432790092331
2,0,2317,1789636816616593760,3815432790103198
2,0,2318,1789636816616604672,3815432790114127
2,0,2319,1789636816616615584,3815432790125114
2,0,2320,1789636816616626560,3815432790136024
2,0,2321,1789636816616637504,3815432790146955
2,0,2322,1789636816616648416,3815432790157868
2,0,2323,1789636816616659360,3815432790168807
2,0,2324,1789636816616670240,3815432790179728
2,0,2325,1789636816616681216,3815432790190651
2,0,2326,1789636816616692128,3815432790201558
2,0,2327,1789636816616703040,3815432790212488
2,0,2328,1789636816616713984,3815432790223423
2,0,2329,1789636816616724864,3815432790234361
2,0,2330,1789636816616735840,3815432790245301
2,0,2331,1789636816616746816,3815432790256227
2,0,2332,1789636816616757696,3815432790267117
2,0,2333,1789636816616768608,3815432790278057
2,0,2334,1789636816616779520,3815432790289081
2,0,2335,1789636816616790560,3815432790300000
2,0,2336,1789636816616801536,3815432790310954
2,0,2337,1789636816616812416,3815432790321851
2,0,2338,1789636816616823360,3815432790332821
2,0,2339,1789636816616834272,3815432790343691
2,0,2340,1789636816616845152,3815432790354600
2,0,2341,1789636816616856064,3815432790365498
2,0,2342,1789636816616866976,3815432790376454
2,0,2343,1789636816616877984,3815432790387423
2,0,2344,1789636816616888896,3815432790398321
2,0,2345,1789636816616899808,3815432790409260
2,0,2346,1789636816616910752,3815432790420170
2,0,2347,1789636816616921600,3815432790431098
2,0,2348,1789636816616932576,3815432790442014
2,0,2349,1789636816616943520,3815432790452945
2,0,2350,1789636816616954432,3815432790463884
2,0,2351,1789636816616965408,3815432790474825
2,0,2352,1789636816616976288,3815432790485751
2,0,2353,1789636816616987264,3815432790496714
2,0,2354,1789636816616998176,3815432790507607
2,0,2355,1789636816617009088,3815432790518543
2,0,2356,1789636816617020032,3815432790529464
2,0,2357,1789636816617030912,3815432790540388
2,0,2358,1789636816617041888,3815432790551348
2,0,2359,1789636816617052800,3815432790562234
2,0,2360,1789636816617063712,3815432790573160
2,0,2361,1789636816617074688,3815432790584125
2,0,2362,1789636816617085600,3815432790595218
2,0,2363,1789636816617096736,3815432790606174
2,0,2364,1789636816617107648,3815432790617063
2,0,2365,1789636816617118528,3815432790627958
2,0,2366,1789636816617129440,3815432790638881
2,0,2367,1789636816617140352,3815432790649885
2,0,2368,1789636816617151392,3815432790660827
2,0,2369,1789636816617162272,3815432790671694
2,0,2370,1789636816617173152,3815432790682560
2,0,2371,1789636816617184064,3815432790693518
2,0,2372,1789636816617195008,3815432790704500
2,0,2373,1789636816617205984,3815432790715448
2,0,2374,1789636816617216864,3815432790726300
2,0,2375,1789636816617227776,3815432790737198
2,0,2376,1789636816617238688,3815432790748123
2,0,2377,1789636816617249568,3815432790759123
2,0,2378,1789636816617260640,3815432790770095
2,0,2379,1789636816617271552,3815432790780983
2,0,2380,1789636816617282496,3815432790791917
2,0,2381,1789636816617293408,3815432790802877
2,0,2382,1789636816617304352,3815432790813784
2,0,2383,1789636816617315296,3815432790824748
2,0,2384,1789636816617326208,3815432790835638
2,0,2385,1789636816617337056,3815432790846514
2,0,2386,1789636816617348032,3815432790857478
2,0,2387,1789636816617358912,3815432790868387
2,0,2388,1789636816617369888,3815432790879338
2,0,2389,1789636816617380800,3815432790890235
2,0,2390,1789636816617391712,3815432790901138
2,0,2391,1789636816617402624,3815432790912052
2,0,2392,1789636816617413568,3815432790923005
2,0,2393,1789636816617424480,3815432790933935
2,0,2394,1789636816617435424,3815432790944847
2,0,2395,1789636816617446336,3815432790955750
2,0,2396,1789636816617457216,3815432790966658
2,0,2397,1789636816617468096,3815432790977620
2,0,2398,1789636816617479104,3815432790988575
2,0,2399,1789636816617490016,3815432790999440
2,0,2400,1789636816617500928,3815432791010363
2,0,2401,1789636816617511840,3815432791021294
2,0,2402,1789636816617522752,3815432791032255
2,0,2403,1789636816617533760,3815432791043198
2,0,2404,1789636816617544704,3815432791054077
2,0,2405,1789636816617555552,3815432791065007
2,0,2406,1789636816617566464,3815432791075945
2,0,2407,1789636816617577408,3815432791086865
2,0,2408,1789636816617588320,3815432791097784
2,0,2409,1789636816617599232,3815432791108674
2,0,2410,1789636816617610144,3815432791119575
2,0,2411,1789636816617621056,3815432791130491
2,0,2412,1789636816617631968,3815432791141494
2,0,2413,1789636816617642976,3815432791152421
2,0,2414,1789636816617653888,3815432791163298
2,0,2415,1789636816617664768,3815432791174194
2,0,2416,1789636816617675680,3815432791185145
2,0,2417,1789636816617686592,3815432791196115
2,0,2418,1789636816617697632,3815432791207080
2,0,2419,1789636816617708544,3815432791217984
2,0,2420,1789636816617719424,3815432791228878
2,0,2421,1789636816617730368,3815432791239824
2,0,2422,1789636816617741280,3815432791250735
2,0,2423,1789636816617752192,3815432791261637
2,0,2424,1789636816617763072,3815432791272495
2,0,2425,1789636816617773952,3815432791283421
2,0,2426,1789636816617784896,3815432791294342
2,0,2427,1789636816617795808,3815432791305367
2,0,2428,1789636816617806816,3815432791316293
2,0,2429,1789636816617817760,3815432791327185
2,0,2430,1789636816617828640,3815432791338074
2,0,2431,1789636816617839552,3815432791349074
2,0,2432,1789636816617850528,3815432791359995
2,0,2433,1789636816617861440,3815432791370915
2,0,2434,1789636816617872320,3815432791381765
2,0,2435,1789636816617883232,3815432791392678
2,0,2436,1789636816617894144,3815432791403614
2,0,2437,1789636816617905056,3815432791414608
2,0,2438,1789636816617916064,3815432791425533
2,0,2439,1789636816617926976,3815432791436395
2,0,2440,1789636816617937856,3815432791447298
2,0,2441,1789636816617948768,3815432791458245
2,0,2442,1789636816617959680,3815432791469234
2,0,2443,1789636816617970688,3815432791480125
2,0,2444,1789636816617981568,3815432791491094
2,0,2445,1789636816617992544,3815432791501987
2,0,2446,1789636816618003488,3815432791512937
2,0,2447,1789636816618014432,3815432791523865
2,0,2448,1789636816618025344,3815432791534791
2,0,2449,1789636816618036224,3815432791545677
2,0,2450,1789636816618047168,3815432791556623
2,0,2451,1789636816618058112,3815432791567557
2,0,2452,1789636816618069024,3815432791578474
2,0,2453,1789636816618079904,3815432791589365
2,0,2454,1789636816618090816,3815432791600244
2,0,2455,1789636816618101696,3815432791611167
2,0,2456,1789636816618112640,3815432791622127
2,0,2457,1789636816618123552,3815432791633097
2,0,2458,1789636816618134560,3815432791644015
2,0,2459,1789636816618145472,3815432791654897
2,0,2460,1789636816618156320,3815432791665797
2,0,2461,1789636816618167296,3815432791676758
2,0,2462,1789636816618178176,3815432791687740
2,0,2463,1789636816618189184,3815432791698645
2,0,2464,1789636816618200064,3815432791709505
2,0,2465,1789636816618210976,3815432791720414
2,0,2466,1789636816618221888,3815432791731345
2,0,2467,1789636816618232800,3815432791742344
2,0,2468,1789636816618243776,3815432791753244
2,0,2469,1789636816618254688,3815432791764110
2,0,2470,1789636816618265600,3815432791775051
2,0,2471,1789636816618276512,3815432791785974
2,0,2472,1789636816618287392,3815432791796981
2,0,2473,1789636816618298432,3815432791807887
2,0,2474,1789636816618309312,3815432791818765
2,0,2475,1789636816618320256,3815432791829725
2,0,2476,1789636816618331168,3815432791840657
2,0,2477,1789636816618342112,3815432791851600
2,0,2478,1789636816618352992,3815432791862470
2,0,2479,1789636816618363936,3815432791873354
2,0,2480,1789636816618374816,3815432791884282
2,0,2481,1789636816618385760,3815432791895837
2,0,2482,1789636816618396672,3815432791906225
2,0,2483,1789636816618407680,3815432791917152
2,0,2484,1789636816618418592,3815432791928015
2,0,2485,1789636816618429504,3815432791938967
2,0,2486,1789636816618440448,3815432791949895
2,0,2487,1789636816618451328,3815432791960844
2,0,2488,1789636816618462304,3815432791971737
2,0,2489,1789636816618473184,3815432791982605
2,0,2490,1789636816618484064,3815432791993523
2,0,2491,1789636816618495008,3815432792004463
2,0,2492,1789636816618505920,3815432792015463
2,0,2493,1789636816618516928,3815432792026387
2,0,2494,1789636816618527808,3815432792037234
2,0,2495,1789636816618538688,3815432792048101
2,0,2496,1789636816618549568,3815432792059078
2,0,2497,1789636816618560544,3815432792070100
2,0,2498,1789636816618571520,3815432792080971
2,0,2499,1789636816618582432,3815432792091861
2,0,2500,1789636816618593344,3815432792102793
2,0,2501,1789636816618604256,3815432792113715
2,0,2502,1789636816618615168,3815432792124728
2,0,2503,1789636816618626144,3815432792135625
2,0,2504,1789636816618637056,3815432792146498
2,0,2505,1789636816618647904,3815432792157358
2,0,2506,1789636816618658816,3815432792168298
2,0,2507,1789636816618669696,3815432792179274
2,0,2508,1789636816618680704,3815432792190164
2,0,2509,1789636816618691584,3815432792201085
2,0,2510,1789636816618702528,3815432792211984
2,0,2511,1789636816618713472,3815432792222961
2,0,2512,1789636816618724384,3815432792233965
2,0,2513,1789636816618735424,3815432792244905
2,0,2514,1789636816618746336,3815432792255774
2,0,2515,1789636816618757216,3815432792266661
2,0,2516,1789636816618768096,3815432792277583
2,0,2517,1789636816618779072,3815432792288588
2,0,2518,1789636816618790048,3815432792299503
2,0,2519,1789636816618800928,3815432792310381
2,0,2520,1789636816618811808,3815432792321278
2,0,2521,1789636816618822752,3815432792332217
2,0,2522,1789636816618833664,3815432792343200
2,0,2523,1789636816618844704,3815432792354158
2,0,2524,1789636816618855552,3815432792365017
2,0,2525,1789636816618866464,3815432792375915
2,0,2526,1789636816618877376,3815432792386857
2,0,2527,1789636816618888288,3815432792397825
2,0,2528,1789636816618899328,3815432792408785
2,0,2529,1789636816618910240,3815432792419678
2,0,2530,1789636816618921152,3815432792430597
2,0,2531,1789636816618932064,3815432792441554
2,0,2532,1789636816618942976,3815432792452455
2,0,2533,1789636816618953920,3815432792463383
2,0,2534,1789636816618964800,3815432792474257
2,0,2535,1789636816618975680,3815432792485141
2,0,2536,1789636816618986592,3815432792496074
2,0,2537,1789636816618997536,3815432792507085
2,0,2538,1789636816619008544,3815432792518035
2,0,2539,1789636816619019456,3815432792528917
2,0,2540,1789636816619030368,3815432792539824
2,0,2541,1789636816619041280,3815432792550778
2,0,2542,1789636816619052192,3815432792561698
2,0,2543,1789636816619063136,3815432792572625
2,0,2544,1789636816619074048,3815432792583492
2,0,2545,1789636816619084928,3815432792594395
2,0,2546,1789636816619095840,3815432792605315
2,0,2547,1789636816619106752,3815432792616314
2,0,2548,1789636816619117760,3815432792627261
2,0,2549,1789636816619128704,3815432792638144
2,0,2550,1789636816619139584,3815432792649074
2,0,2551,1789636816619150560,3815432792660015
2,0,2552,1789636816619161440,3815432792670945
2,0,2553,1789636816619172384,3815432792681885
2,0,2554,1789636816619183328,3815432792692777
2,0,2555,1789636816619194208,3815432792703694
2,0,2556,1789636816619205152,3815432792714625
2,0,2557,1789636816619216064,3815432792725577
2,0,2558,1789636816619227040,3815432792736514
2,0,2559,1789636816619237952,3815432792747400
2,0,2560,1789636816619248832,3815432792758317
2,0,2561,1789636816619259776,3815432792769245
2,0,2562,1789636816619270688,3815432792780188
2,0,2563,1789636816619281664,3815432792791123
2,0,2564,1789636816619292576,3815432792802041
2,0,2565,1789636816619303488,3815432792812957
2,0,2566,1789636816619314432,3815432792823915
2,0,2567,1789636816619325344,3815432792834828
2,0,2568,1789636816619336288,3815432792845763
2,0,2569,1789636816619347168,3815432792856615
2,0,2570,1789636816619358080,3815432792867564
2,0,2571,1789636816619368992,3815432792878477
2,0,2572,1789636816619379872,3815432792889441
2,0,2573,1789636816619390848,3815432792900337
2,0,2574,1789636816619401728,3815432792911198
2,0,2575,1789636816619412640,3815432792922118
2,0,2576,1789636816619423584,3815432792933065
2,0,2577,1789636816619434464,3815432792944067
2,0,2578,1789636816619445504,3815432792955007
2,0,2579,1789636816619456416,3815432792965878
2,0,2580,1789636816619467328,3815432792976810
2,0,2581,1789636816619478272,3815432792987740
2,0,2582,1789636816619489152,3815432792998687
2,0,2583,1789636816619500160,3815432793009638
2,0,2584,1789636816619511040,3815432793020485
2,0,2585,1789636816619521952,3815432793031395
2,0,2586,1789636816619532864,3815432793042340
2,0,2587,1789636816619543744,3815432793053307
2,0,2588,1789636816619554752,3815432793064233
2,0,2589,1789636816619565632,3815432793075097
2,0,2590,1789636816619576512,3815432793086005
2,0,2591,1789636816619587456,3815432793096925
2,0,2592,1789636816619598336,3815432793107937
2,0,2593,1789636816619609344,3815432793118846
2,0,2594,1789636816619620288,3815432793129757
2,0,2595,1789636816619631168,3815432793140643
2,0,2596,1789636816619642112,3815432793151605
2,0,2597,1789636816619653056,3815432793162563
2,0,2598,1789636816619663968,3815432793173468
2,0,2599,1789636816619674880,3815432793184357
2,0,2600,1789636816619685792,3815432793195260
2,0,2601,1789636816619696704,3815432793206194
2,0,2602,1789636816619707616,3815432793217178
2,0,2603,1789636816619718592,3815432793228064
2,0,2604,1789636816619729504,3815432793238958
2,0,2605,1789636816619740384,3815432793249865
2,0,2606,1789636816619751296,3815432793260784
2,0,2607,1789636816619762240,3815432793271805
2,0,2608,1789636816619773248,3815432793282731
2,0,2609,1789636816619784128,3815432793293587
2,0,2610,1789636816619794976,3815432793304485
2,0,2611,1789636816619805920,3815432793315425
2,0,2612,1789636816619816864,3815432793326424
2,0,2613,1789636816619827872,3815432793337357
2,0,2614,1789636816619838784,3815432793348255
2,0,2615,1789636816619849696,3815432793359183
2,0,2616,1789636816619860608,3815432793370108
2,0,2617,1789636816619871520,3815432793381097
2,0,2618,1789636816619882496,3815432793391983
2,0,2619,1789636816619893408,3815432793402885
2,0,2620,1789636816619904352,3815432793413801
2,0,2621,1789636816619915232,3815432793424744
2,0,2622,1789636816619926144,3815432793435685
2,0,2623,1789636816619937088,3815432793446580
2,0,2624,1789636816619948032,3815432793457485
2,0,2625,1789636816619958912,3815432793468385
2,0,2626,1789636816619969824,3815432793479300
2,0,2627,1789636816619980736,3815432793490305
2,0,2628,1789636816619991744,3815432793501227
2,0,2629,1789636816620002624,3815432793512111
2,0,2630,1789636816620013536,3815432793523003
2,0,2631,1789636816620024448,3815432793533935
2,0,2632,1789636816620035328,3815432793544917
2,0,2633,1789636816620046336,3815432793555824
2,0,2634,1789636816620057248,3815432793566727
2,0,2635,1789636816620068128,3815432793577615
2,0,2636,1789636816620079072,3815432793588577
2,0,2637,1789636816620089984,3815432793599543
2,0,2638,1789636816620100960,3815432793610444
2,0,2639,1789636816620111840,3815432793621333
2,0,2640,1789636816620122752,3815432793632247
2,0,2641,1789636816620133696,3815432793643184
2,0,2642,1789636816620144608,3815432793654174
2,0,2643,1789636816620155584,3815432793665101
2,0,2644,1789636816620166496,3815432793675954
2,0,2645,1789636816620177376,3815432793686857
2,0,2646,1789636816620188288,3815432793697795
2,0,2647,1789636816620199168,3815432793708815
2,0,2648,1789636816620210240,3815432793719760
2,0,2649,1789636816620221152,3815432793730627
2,0,2650,1789636816620232032,3815432793741534
2,0,2651,1789636816620242976,3815432793752465
2,0,2652,1789636816620253856,3815432793763405
2,0,2653,1789636816620264832,3815432793774338
2,0,2654,1789636816620275744,3815432793785224
2,0,2655,1789636816620286656,3815432793796165
2,0,2656,1789636816620297632,3815432793807128
2,0,2657,1789636816620308544,3815432793818034
2,0,2658,1789636816620319456,3815432793828935
2,0,2659,1789636816620330368,3815432793839854
2,0,2660,1789636816620341280,3815432793850798
2,0,2661,1789636816620352224,3815432793861718
2,0,2662,1789636816620363104,3815432793872659
2,0,2663,1789636816620374048,3815432793883508
2,0,2664,1789636816620384928,3815432793894397
2,0,2665,1789636816620395808,3815432793905285
2,0,2666,1789636816620406688,3815432793916164
2,0,2667,1789636816620417568,3815432793927247
2,0,2668,1789636816620428640,3815432793938157
2,0,2669,1789636816620439552,3815432793949074
2,0,2670,1789636816620450496,3815432793959975
2,0,2671,1789636816620461408,3815432793970912
2,0,2672,1789636816620472320,3815432793981914
2,0,2673,1789636816620483296,3815432793992805
2,0,2674,1789636816620494208,3815432794003688
2,0,2675,1789636816620505152,3815432794014617
2,0,2676,1789636816620516032,3815432794025532
2,0,2677,1789636816620526976,3815432794036525
2,0,2678,1789636816620537920,3815432794047405
2,0,2679,1789636816620548832,3815432794058317
2,0,2680,1789636816620559744,3815432794069218
2,0,2681,1789636816620570624,3815432794080114
2,0,2682,1789636816620581536,3815432794091157
2,0,2683,1789636816620592512,3815432794102008
2,0,2684,1789636816620603424,3815432794112905
2,0,2685,1789636816620614336,3815432794123844
2,0,2686,1789636816620625280,3815432794135835
2,0,2687,1789636816620636160,3815432794145904
2,0,2688,1789636816620647200,3815432794156687
2,0,2689,1789636816620658112,3815432794167597
2,0,2690,1789636816620669024,3815432794178534
2,0,2691,1789636816620679936,3815432794189454
2,0,2692,1789636816620690880,3815432794200404
2,0,2693,1789636816620701824,3815432794211334
2,0,2694,1789636816620712736,3815432794222226
2,0,2695,1789636816620723616,3815432794233153
2,0,2696,1789636816620734592,3815432794244107
2,0,2697,1789636816620745504,3815432794255034
2,0,2698,1789636816620756448,3815432794265938
2,0,2699,1789636816620767360,3815432794276855
2,0,2700,1789636816620778240,3815432794287777
2,0,2701,1789636816620789184,3815432794298700
2,0,2702,1789636816620800096,3815432794309654
2,0,2703,1789636816620811072,3815432794320557
2,0,2704,1789636816620821984,3815432794331466
2,0,2705,1789636816620832864,3815432794342343
2,0,2706,1789636816620843744,3815432794353262
2,0,2707,1789636816620854656,3815432794364277
2,0,2708,1789636816620865664,3815432794375164
2,0,2709,1789636816620876576,3815432794386075
2,0,2710,1789636816620887488,3815432794396975
2,0,2711,1789636816620898400,3815432794407934
2,0,2712,1789636816620909344,3815432794418895
2,0,2713,1789636816620920288,3815432794429784
2,0,2714,1789636816620931200,3815432794440686
2,0,2715,1789636816620942112,3815432794451644
2,0,2716,1789636816620953056,3815432794462580
2,0,2717,1789636816620963936,3815432794473523
2,0,2718,1789636816620974912,3815432794484403
2,0,2719,1789636816620985856,3815432794495344
2,0,2720,1789636816620996768,3815432794506272
2,0,2721,1789636816621007680,3815432794517203
2,0,2722,1789636816621018592,3815432794528154
2,0,2723,1789636816621029536,3815432794539083
2,0,2724,1789636816621040512,3815432794549993
2,0,2725,1789636816621051424,3815432794560904
2,0,2726,1789636816621062336,3815432794571855
2,0,2727,1789636816621073216,3815432794582764
2,0,2728,1789636816621084192,3815432794593712
2,0,2729,1789636816621095136,3815432794604633
2,0,2730,1789636816621106016,3815432794615524
2,0,2731,1789636816621116960,3815432794626455
2,0,2732,1789636816621127840,3815432794637382
2,0,2733,1789636816621138784,3815432794648311
2,0,2734,1789636816621149728,3815432794659217
2,0,2735,1789636816621160672,3815432794670157
2,0,2736,1789636816621171584,3815432794681103
2,0,2737,1789636816621182464,3815432794692018
2,0,2738,1789636816621193408,3815432794702870
2,0,2739,1789636816621204320,3815432794713803
2,0,2740,1789636816621215200,3815432794724695
2,0,2741,1789636816621226112,3815432794735651
2,0,2742,1789636816621237024,3815432794746647
2,0,2743,1789636816621248032,3815432794757527
2,0,2744,1789636816621258976,3815432794768467
2,0,2745,1789636816621269856,3815432794779380
2,0,2746,1789636816621280832,3815432794790343
2,0,2747,1789636816621291744,3815432794801258
2,0,2748,1789636816621302656,3815432794812194
2,0,2749,1789636816621313632,3815432794823124
2,0,2750,1789636816621324512,3815432794834037
2,0,2751,1789636816621335424,3815432794844951
2,0,2752,1789636816621346368,3815432794855884
2,0,2753,1789636816621357280,3815432794866795
2,0,2754,1789636816621368192,3815432794877740
2,0,2755,1789636816621379104,3815432794888637
2,0,2756,1789636816621390048,3815432794899557
2,0,2757,1789636816621400928,3815432794910505
2,0,2758,1789636816621411904,3815432794921415
2,0,2759,1789636816621422848,3815432794932344
2,0,2760,1789636816621433728,3815432794943244
2,0,2761,1789636816621444640,3815432794954177
2,0,2762,1789636816621455552,3815432794965127
2,0,2763,1789636816621466528,3815432794976037
2,0,2764,1789636816621477440,3815432794986944
2,0,2765,1789636816621488320,3815432794997835
2,0,2766,1789636816621499232,3815432795008764
2,0,2767,1789636816621510144,3815432795019744
2,0,2768,1789636816621521120,3815432795030653
2,0,2769,1789636816621532064,3815432795041573
2,0,2770,1789636816621542976,3815432795052495
2,0,2771,1789636816621553920,3815432795063445
2,0,2772,1789636816621564832,3815432795074383
2,0,2773,1789636816621575776,3815432795085328
2,0,2774,1789636816621586752,3815432795096264
2,0,2775,1789636816621597632,3815432795107130
2,0,2776,1789636816621608544,3815432795118058
2,0,2777,1789636816621619456,3815432795129075
2,0,2778,1789636816621630464,3815432795139974
2,0,2779,1789636816621641408,3815432795150911
2,0,2780,1789636816621652352,3815432795161842
2,0,2781,1789636816621663232,3815432795172758
2,0,2782,1789636816621674144,3815432795183640
2,0,2783,1789636816621685056,3815432795194574
2,0,2784,1789636816621696000,3815432795205494
2,0,2785,1789636816621706848,3815432795216384
2,0,2786,1789636816621717792,3815432795227316
2,0,2787,1789636816621728672,3815432795238233
2,0,2788,1789636816621739648,3815432795249171
2,0,2789,1789636816621750560,3815432795260064
2,0,2790,1789636816621761472,3815432795270994
2,0,2791,1789636816621772384,3815432795281913
2,0,2792,1789636816621783264,3815432795292866
2,0,2793,1789636816621794240,3815432795303764
2,0,2794,1789636816621805184,3815432795314670
2,0,2795,1789636816621816032,3815432795325556
2,0,2796,1789636816621826976,3815432795336494
2,0,2797,1789636816621837856,3815432795347481
2,0,2798,1789636816621848832,3815432795358348
2,0,2799,1789636816621859744,3815432795369261
2,0,2800,1789636816621870624,3815432795380124
2,0,2801,1789636816621881504,3815432795391115
2,0,2802,1789636816621892480,3815432795402127
2,0,2803,1789636816621903520,3815432795413024
2,0,2804,1789636816621914432,3815432795423937
2,0,2805,1789636816621925376,3815432795434876
2,0,2806,1789636816621936256,3815432795445802
2,0,2807,1789636816621947168,3815432795456740
2,0,2808,1789636816621958112,3815432795467740
2,0,2809,1789636816621969056,3815432795478575
2,0,2810,1789636816621979968,3815432795489484
2,0,2811,1789636816621990880,3815432795500404
2,0,2812,1789636816622001760,3815432795511354
2,0,2813,1789636816622012736,3815432795522275
2,0,2814,1789636816622023680,3815432795533174
2,0,2815,1789636816622034528,3815432795544043
2,0,2816,1789636816622045408,3815432795554925
2,0,2817,1789636816622056320,3815432795565983
2,0,2818,1789636816622067392,3815432795576924
2,0,2819,1789636816622078304,3815432795587824
2,0,2820,1789636816622089184,3815432795598724
2,0,2821,1789636816622100160,3815432795609724
2,0,2822,1789636816622111072,3815432795620604
2,0,2823,1789636816622121984,3815432795631537
2,0,2824,1789636816622132960,3815432795642485
2,0,2825,1789636816622143840,3815432795653364
2,0,2826,1789636816622154752,3815432795664282
2,0,2827,1789636816622165632,3815432795675235
2,0,2828,1789636816622176608,3815432795686157
2,0,2829,1789636816622187584,3815432795697080
2,0,2830,1789636816622198432,3815432795707934
2,0,2831,1789636816622209312,3815432795718860
2,0,2832,1789636816622220224,3815432795729861
2,0,2833,1789636816622231232,3815432795740757
2,0,2834,1789636816622242176,3815432795751693
2,0,2835,1789636816622253056,3815432795762610
2,0,2836,1789636816622264032,3815432795773554
2,0,2837,1789636816622274880,3815432795784498
2,0,2838,1789636816622285888,3815432795795402
2,0,2839,1789636816622296800,3815432795806328
2,0,2840,1789636816622307712,3815432795817224
2,0,2841,1789636816622318624,3815432795828140
2,0,2842,1789636816622329472,3815432795839104
2,0,2843,1789636816622340480,3815432795850015
2,0,2844,1789636816622351424,3815432795860922
2,0,2845,1789636816622362336,3815432795871857
2,0,2846,1789636816622373216,3815432795882744
2,0,2847,1789636816622384128,3815432795893734
2,0,2848,1789636816622395136,3815432795904662
2,0,2849,1789636816622406080,3815432795915582
2,0,2850,1789636816622416928,3815432795926473
2,0,2851,1789636816622427840,3815432795937344
2,0,2852,1789636816622438720,3815432795948344
2,0,2853,1789636816622449760,3815432795959285
2,0,2854,1789636816622460672,3815432795970198
2,0,2855,1789636816622471552,3815432795981104
2,0,2856,1789636816622482464,3815432795992013
2,0,2857,1789636816622493408,3815432796002980
2,0,2858,1789636816622504384,3815432796013915
2,0,2859,1789636816622515328,3815432796024823
2,0,2860,1789636816622526176,3815432796035723
2,0,2861,1789636816622537056,3815432796046601
2,0,2862,1789636816622547968,3815432796057598
2,0,2863,1789636816622559008,3815432796068521
2,0,2864,1789636816622569920,3815432796079423
2,0,2865,1789636816622580864,3815432796090366
2,0,2866,1789636816622591776,3815432796101289
2,0,2867,1789636816622602656,3815432796112213
2,0,2868,1789636816622613568,3815432796123115
2,0,2869,1789636816622624512,3815432796134035
2,0,2870,1789636816622635392,3815432796144905
2,0,2871,1789636816622646304,3815432796155837
2,0,2872,1789636816622657248,3815432796166857
2,0,2873,1789636816622668224,3815432796177783
2,0,2874,1789636816622679168,3815432796188715
2,0,2875,1789636816622690112,3815432796199637
2,0,2876,1789636816622700992,3815432796210534
2,0,2877,1789636816622711904,3815432796221477
2,0,2878,1789636816622722848,3815432796232390
2,0,2879,1789636816622733792,3815432796243317
2,0,2880,1789636816622744704,3815432796254254
2,0,2881,1789636816622755616,3815432796265156
2,0,2882,1789636816622766528,3815432796276083
2,0,2883,1789636816622777472,3815432796287019
2,0,2884,1789636816622788384,3815432796297904
2,0,2885,1789636816622799232,3815432796308775
2,0,2886,1789636816622810112,3815432796319637
2,0,2887,1789636816622821024,3815432796330742
2,0,2888,1789636816622832128,3815432796341683
2,0,2889,1789636816622843072,3815432796352617
2,0,2890,1789636816622853984,3815432796363516
2,0,2891,1789636816622864864,3815432796375834
2,0,2892,1789636816622875808,3815432796385343
2,0,2893,1789636816622886752,3815432796396294
2,0,2894,1789636816622897696,3815432796407237
2,0,2895,1789636816622908576,3815432796418104
2,0,2896,1789636816622919488,3815432796429084
2,0,2897,1789636816622930464,3815432796439984
2,0,2898,1789636816622941376,3815432796450922
2,0,2899,1789636816622952320,3815432796461855
2,0,2900,1789636816622963200,3815432796472742
2,0,2901,1789636816622974080,3815432796483633
2,0,2902,1789636816622985024,3815432796494589
2,0,2903,1789636816622995936,3815432796505484
2,0,2904,1789636816623006848,3815432796516383
2,0,2905,1789636816623017728,3815432796527275
2,0,2906,1789636816623028672,3815432796538202
2,0,2907,1789636816623039584,3815432796549211
2,0,2908,1789636816623050592,3815432796560134
2,0,2909,1789636816623061536,3815432796571085
2,0,2910,1789636816623072480,3815432796582007
2,0,2911,1789636816623083360,3815432796592904
2,0,2912,1789636816623094304,3815432796603807
2,0,2913,1789636816623105216,3815432796614755
2,0,2914,1789636816623116128,3815432796625644
2,0,2915,1789636816623126976,3815432796636509
2,0,2916,1789636816623137856,3815432796647444
2,0,2917,1789636816623148832,3815432796658457
2,0,2918,1789636816623159808,3815432796669367
2,0,2919,1789636816623170752,3815432796680274
2,0,2920,1789636816623181632,3815432796691204
2,0,2921,1789636816623192576,3815432796702124
2,0,2922,1789636816623203520,3815432796713073
2,0,2923,1789636816623214464,3815432796724022
2,0,2924,1789636816623225376,3815432796734927
2,0,2925,1789636816623236256,3815432796745833
2,0,2926,1789636816623247168,3815432796756735
2,0,2927,1789636816623258144,3815432796767739
2,0,2928,1789636816623269088,3815432796778635
2,0,2929,1789636816623280032,3815432796789542
2,0,2930,1789636816623290912,3815432796800442
2,0,2931,1789636816623301792,3815432796811305
2,0,2932,1789636816623312672,3815432796822313
2,0,2933,1789636816623323712,3815432796833254
2,0,2934,1789636816623334624,3815432796844157
2,0,2935,1789636816623345504,3815432796855074
2,0,2936,1789636816623356416,3815432796865984
2,0,2937,1789636816623367360,3815432796876934
2,0,2938,1789636816623378336,3815432796887885
2,0,2939,1789636816623389280,3815432796898808
2,0,2940,1789636816623400160,3815432796909704
2,0,2941,1789636816623411040,3815432796920619
2,0,2942,1789636816623422016,3815432796931573
2,0,2943,1789636816623432928,3815432796942477
2,0,2944,1789636816623443840,3815432796953364
2,0,2945,1789636816623454752,3815432796964263
2,0,2946,1789636816623465632,3815432796975197
2,0,2947,1789636816623476576,3815432796986187
2,0,2948,1789636816623487520,3815432796997097
2,0,2949,1789636816623498432,3815432797007987
2,0,2950,1789636816623509312,3815432797018875
2,0,2951,1789636816623520224,3815432797029765
2,0,2952,1789636816623531136,3815432797040826
2,0,2953,1789636816623542208,3815432797051774
2,0,2954,1789636816623553120,3815432797062664
2,0,2955,1789636816623564032,3815432797073563
2,0,2956,1789636816623574912,3815432797084483
2,0,2957,1789636816623585856,3815432797095446
2,0,2958,1789636816623596768,3815432797106319
2,0,2959,1789636816623607680,3815432797117225
2,0,2960,1789636816623618560,3815432797128128
2,0,2961,1789636816623629472,3815432797139097
2,0,2962,1789636816623640448,3815432797150068
2,0,2963,1789636816623651392,3815432797160962
2,0,2964,1789636816623662336,3815432797171879
2,0,2965,1789636816623673216,3815432797182747
2,0,2966,1789636816623684064,3815432797193631
2,0,2967,1789636816623695040,3815432797204684
2,0,2968,1789636816623706016,3815432797215603
2,0,2969,1789636816623716928,3815432797226497
2,0,2970,1789636816623727808,3815432797237374
2,0,2971,1789636816623738688,3815432797248254
2,0,2972,1789636816623749632,3815432797259316
2,0,2973,1789636816623760640,3815432797270184
2,0,2974,1789636816623771552,3815432797281095
2,0,2975,1789636816623782432,3815432797292002
2,0,2976,1789636816623793312,3815432797302877
2,0,2977,1789636816623804256,3815432797313924
2,0,2978,1789636816623815232,3815432797324804
2,0,2979,1789636816623826144,3815432797335685
2,0,2980,1789636816623837024,3815432797346564
2,0,2981,1789636816623847936,3815432797357484
2,0,2982,1789636816623858816,3815432797368493
2,0,2983,1789636816623869888,3815432797379437
2,0,2984,1789636816623880800,3815432797390354
2,0,2985,1789636816623891712,3815432797401245
2,0,2986,1789636816623902592,3815432797412158
2,0,2987,1789636816623913536,3815432797423145
2,0,2988,1789636816623924544,3815432797434105
2,0,2989,1789636816623935456,3815432797445005
2,0,2990,1789636816623946336,3815432797455934
2,0,2991,1789636816623957280,3815432797466851
2,0,2992,1789636816623968256,3815432797477805
2,0,2993,1789636816623979136,3815432797488707
2,0,2994,1789636816623990080,3815432797499615
2,0,2995,1789636816624000928,3815432797510495
2,0,2996,1789636816624011840,3815432797521424
2,0,2997,1789636816624022784,3815432797532423
2,0,2998,1789636816624033760,3815432797543338
2,0,2999,1789636816624044672,3815432797554198
2,0,3000,1789636816624055552,3815432797565115
2,0,3001,1789636816624066464,3815432797576044
2,0,3002,1789636816624077440,3815432797587042
2,0,3003,1789636816624088384,3815432797597962
2,0,3004,1789636816624099328,3815432797608868
2,0,3005,1789636816624110208,3815432797619741
2,0,3006,1789636816624121088,3815432797630617
2,0,3007,1789636816624132000,3815432797641675
2,0,3008,1789636816624143008,3815432797652579
2,0,3009,1789636816624153920,3815432797663464
2,0,3010,1789636816624164768,3815432797674349
2,0,3011,1789636816624175712,3815432797685298
2,0,3012,1789636816624186656,3815432797696295
2,0,3013,1789636816624197632,3815432797707199
2,0,3014,1789636816624208512,3815432797718045
2,0,3015,1789636816624219392,3815432797728932
2,0,3016,1789636816624230336,3815432797739912
2,0,3017,1789636816624241280,3815432797750922
2,0,3018,1789636816624252256,3815432797761825
2,0,3019,1789636816624263168,3815432797772704
2,0,3020,1789636816624274016,3815432797783607
2,0,3021,1789636816624284960,3815432797794545
2,0,3022,1789636816624295904,3815432797805538
2,0,3023,1789636816624306880,3815432797816447
2,0,3024,1789636816624317792,3815432797827356
2,0,3025,1789636816624328672,3815432797838225
2,0,3026,1789636816624339584,3815432797849157
2,0,3027,1789636816624350496,3815432797860162
2,0,3028,1789636816624361568,3815432797871124
2,0,3029,1789636816624372480,3815432797882046
2,0,3030,1789636816624383328,3815432797892912
2,0,3031,1789636816624394240,3815432797903807
2,0,3032,1789636816624405152,3815432797914774
2,0,3033,1789636816624416096,3815432797925664
2,0,3034,1789636816624427008,3815432797936565
2,0,3035,1789636816624437888,3815432797947475
2,0,3036,1789636816624448864,3815432797958418
2,0,3037,1789636816624459776,3815432797969414
2,0,3038,1789636816624470720,3815432797980292
2,0,3039,1789636816624481632,3815432797991199
2,0,3040,1789636816624492544,3815432798002097
2,0,3041,1789636816624503424,3815432798012989
2,0,3042,1789636816624514368,3815432798024044
2,0,3043,1789636816624525376,3815432798034964
2,0,3044,1789636816624536288,3815432798045864
2,0,3045,1789636816624547200,3815432798056792
2,0,3046,1789636816624558112,3815432798067739
2,0,3047,1789636816624569024,3815432798078652
2,0,3048,1789636816624579968,3815432798089537
2,0,3049,1789636816624590880,3815432798100415
2,0,3050,1789636816624601760,3815432798111337
2,0,3051,1789636816624612736,3815432798122297
2,0,3052,1789636816624623648,3815432798133275
2,0,3053,1789636816624634624,3815432798146201
2,0,3054,1789636816624645536,3815432798155108
2,0,3055,1789636816624656448,3815432798166027
2,0,3056,1789636816624667392,3815432798176962
2,0,3057,1789636816624678336,3815432798187915
2,0,3058,1789636816624689248,3815432798198825
2,0,3059,1789636816624700160,3815432798209718
2,0,3060,1789636816624711072,3815432798220656
2,0,3061,1789636816624721984,3815432798231562
2,0,3062,1789636816624732928,3815432798242535
2,0,3063,1789636816624743872,3815432798253441
2,0,3064,1789636816624754752,3815432798264307
2,0,3065,1789636816624765664,3815432798275214
2,0,3066,1789636816624776544,3815432798286139
2,0,3067,1789636816624787488,3815432798297149
2,0,3068,1789636816624798496,3815432798308085
2,0,3069,1789636816624809376,3815432798318954
2,0,3070,1789636816624820288,3815432798329868
2,0,3071,1789636816624831168,3815432798340776
2,0,3072,1789636816624842144,3815432798351774
2,0,3073,1789636816624853056,3815432798362662
2,0,3074,1789636816624864000,3815432798373562
2,0,3075,1789636816624874880,3815432798384462
2,0,3076,1789636816624885792,3815432798395402
2,0,3077,1789636816624896768,3815432798406367
2,0,3078,1789636816624907712,3815432798417297
2,0,3079,1789636816624918624,3815432798428159
2,0,3080,1789636816624929504,3815432798439084
2,0,3081,1789636816624940416,3815432798450017
2,0,3082,1789636816624951360,3815432798461025
2,0,3083,1789636816624962304,3815432798471907
2,0,3084,1789636816624973216,3815432798482775
2,0,3085,1789636816624984096,3815432798493712
2,0,3086,1789636816624995008,3815432798504582
2,0,3087,1789636816625005952,3815432798515646
2,0,3088,1789636816625016960,3815432798526522
2,0,3089,1789636816625027840,3815432798537395
2,0,3090,1789636816625038752,3815432798548335
2,0,3091,1789636816625049664,3815432798559259
2,0,3092,1789636816625060608,3815432798570266
2,0,3093,1789636816625071584,3815432798581157
2,0,3094,1789636816625082496,3815432798592056
2,0,3095,1789636816625093408,3815432798602982
2,0,3096,1789636816625104288,3815432798615849
2,0,3097,1789636816625115200,3815432798624879
2,0,3098,1789636816625126208,3815432798635782
2,0,3099,1789636816625137120,3815432798646674
2,0,3100,1789636816625148000,3815432798657572
2,0,3101,1789636816625158880,3815432798668458
2,0,3102,1789636816625169792,3815432798679515
2,0,3103,1789636816625180832,3815432798690422
2,0,3104,1789636816625191744,3815432798701295
2,0,3105,1789636816625202624,3815432798712198
2,0,3106,1789636816625213568,3815432798723147
2,0,3107,1789636816625224480,3815432798734137
2,0,3108,1789636816625235456,3815432798745047
2,0,3109,1789636816625246336,3815432798755905
2,0,3110,1789636816625257248,3815432798766825
2,0,3111,1789636816625268128,3815432798777746
2,0,3112,1789636816625279104,3815432798788767
2,0,3113,1789636816625290080,3815432798799676
2,0,3114,1789636816625300992,3815432798810532
2,0,3115,1789636816625311872,3815432798821452
2,0,3116,1789636816625322816,3815432798832415
2,0,3117,1789636816625333760,3815432798843382
2,0,3118,1789636816625344704,3815432798854279
2,0,3119,1789636816625355616,3815432798865184
2,0,3120,1789636816625366560,3815432798876124
2,0,3121,1789636816625377408,3815432798886995
2,0,3122,1789636816625388320,3815432798898014
2,0,3123,1789636816625399328,3815432798908915
2,0,3124,1789636816625410240,3815432798919815
2,0,3125,1789636816625421152,3815432798930705
2,0,3126,1789636816625432032,3815432798941612
2,0,3127,1789636816625442976,3815432798952639
2,0,3128,1789636816625453920,3815432798963522
2,0,3129,1789636816625464832,3815432798974422
2,0,3130,1789636816625475744,3815432798985325
2,0,3131,1789636816625486656,3815432798996239
2,0,3132,1789636816625497568,3815432799007262
2,0,3133,1789636816625508576,3815432799018162
2,0,3134,1789636816625519488,3815432799029079
2,0,3135,1789636816625530432,3815432799039998
2,0,3136,1789636816625541344,3815432799050919
2,0,3137,1789636816625552256,3815432799061895
2,0,3138,1789636816625563168,3815432799072762
2,0,3139,1789636816625574048,3815432799083635
2,0,3140,1789636816625584960,3815432799094565
2,0,3141,1789636816625595872,3815432799105494
2,0,3142,1789636816625606816,3815432799116502
2,0,3143,1789636816625617856,3815432799127457
2,0,3144,1789636816625628800,3815432799138367
2,0,3145,1789636816625639712,3815432799149275
2,0,3146,1789636816625650624,3815432799160205
2,0,3147,1789636816625661504,3815432799171125
2,0,3148,1789636816625672416,3815432799182015
2,0,3149,1789636816625683328,3815432799192878
2,0,3150,1789636816625694208,3815432799203815
2,0,3151,1789636816625705152,3815432799214732
2,0,3152,1789636816625716064,3815432799225721
2,0,3153,1789636816625727040,3815432799236654
2,0,3154,1789636816625737984,3815432799247545
2,0,3155,1789636816625748864,3815432799258447
2,0,3156,1789636816625759744,3815432799269362
2,0,3157,1789636816625770688,3815432799280381
2,0,3158,1789636816625781696,3815432799291295
2,0,3159,1789636816625792608,3815432799302195
2,0,3160,1789636816625803520,3815432799313122
2,0,3161,1789636816625814400,3815432799324007
2,0,3162,1789636816625825312,3815432799334997
2,0,3163,1789636816625836320,3815432799345912
2,0,3164,1789636816625847232,3815432799356811
2,0,3165,1789636816625858144,3815432799367744
2,0,3166,1789636816625869056,3815432799378665
2,0,3167,1789636816625880000,3815432799389614
2,0,3168,1789636816625890912,3815432799400527
2,0,3169,1789636816625901824,3815432799411402
2,0,3170,1789636816625912768,3815432799422374
2,0,3171,1789636816625923680,3815432799433292
2,0,3172,1789636816625934656,3815432799444242
2,0,3173,1789636816625945536,3815432799455144
2,0,3174,1789636816625956480,3815432799466034
2,0,3175,1789636816625967392,3815432799476985
2,0,3176,1789636816625978336,3815432799487925
2,0,3177,1789636816625989248,3815432799498862
2,0,3178,1789636816626000160,3815432799509768
2,0,3179,1789636816626011072,3815432799520665
2,0,3180,1789636816626021984,3815432799531557
2,0,3181,1789636816626032896,3815432799542495
2,0,3182,1789636816626043808,3815432799553493
2,0,3183,1789636816626054784,3815432799564394
2,0,3184,1789636816626065728,3815432799575307
2,0,3185,1789636816626076608,3815432799586198
2,0,3186,1789636816626087488,3815432799597111
2,0,3187,1789636816626098400,3815432799608115
2,0,3188,1789636816626109408,3815432799619087
2,0,3189,1789636816626120384,3815432799629964
2,0,3190,1789636816626131296,3815432799640881
2,0,3191,1789636816626142208,3815432799651815
2,0,3192,1789636816626153152,3815432799662747
2,0,3193,1789636816626164064,3815432799673665
2,0,3194,1789636816626174976,3815432799684544
2,0,3195,1789636816626185856,3815432799695475
2,0,3196,1789636816626196768,3815432799706382
2,0,3197,1789636816626207680,3815432799717355
2,0,3198,1789636816626218624,3815432799728245
2,0,3199,1789636816626229568,3815432799739154
2,0,3200,1789636816626240512,3815432799750105
2,0,3201,1789636816626251392,3815432799761004
2,0,3202,1789636816626262304,3815432799771974
2,0,3203,1789636816626273248,3815432799782878
2,0,3204,1789636816626284224,3815432799793779
2,0,3205,1789636816626295136,3815432799804741
2,0,3206,1789636816626306048,3815432799815649
2,0,3207,1789636816626316960,3815432799826605
2,0,3208,1789636816626327936,3815432799837544
2,0,3209,1789636816626338816,3815432799848402
2,0,3210,1789636816626349728,3815432799859315
2,0,3211,1789636816626360640,3815432799870252
2,0,3212,1789636816626371520,3815432799881237
2,0,3213,1789636816626382528,3815432799892138
2,0,3214,1789636816626393440,3815432799903015
2,0,3215,1789636816626404352,3815432799913929
2,0,3216,1789636816626415200,3815432799924837
2,0,3217,1789636816626426144,3815432799935845
2,0,3218,1789636816626437152,3815432799946756
2,0,3219,1789636816626448096,3815432799957739
2,0,3220,1789636816626459040,3815432799968634
2,0,3221,1789636816626469920,3815432799979564
2,0,3222,1789636816626480864,3815432799990487
2,0,3223,1789636816626491744,3815432800001364
2,0,3224,1789636816626502688,3815432800012264
2,0,3225,1789636816626513600,3815432800023234
2,0,3226,1789636816626524512,3815432800034114
2,0,3227,1789636816626535424,3815432800045102
2,0,3228,1789636816626546400,3815432800056014
2,0,3229,1789636816626557312,3815432800066914
2,0,3230,1789636816626568224,3815432800077845
2,0,3231,1789636816626579136,3815432800088745
2,0,3232,1789636816626590048,3815432800099721
2,0,3233,1789636816626600992,3815432800110627
2,0,3234,1789636816626611936,3815432800121522
2,0,3235,1789636816626622848,3815432800132422
2,0,3236,1789636816626633696,3815432800143335
2,0,3237,1789636816626644608,3815432800154347
2,0,3238,1789636816626655648,3815432800165242
2,0,3239,1789636816626666528,3815432800176111
2,0,3240,1789636816626677440,3815432800187029
2,0,3241,1789636816626688352,3815432800197965
2,0,3242,1789636816626699232,3815432800209075
2,0,3243,1789636816626710336,3815432800219968
2,0,3244,1789636816626721248,3815432800230848
2,0,3245,1789636816626732160,3815432800241767
2,0,3246,1789636816626743040,3815432800252677
2,0,3247,1789636816626753984,3815432800263594
2,0,3248,1789636816626764896,3815432800274516
2,0,3249,1789636816626775808,3815432800285402
2,0,3250,1789636816626786752,3815432800296344
2,0,3251,1789636816626797696,3815432800307294
2,0,3252,1789636816626808608,3815432800318227
2,0,3253,1789636816626819520,3815432800329128
2,0,3254,1789636816626830400,3815432800339995
2,0,3255,1789636816626841280,3815432800350899
2,0,3256,1789636816626852192,3815432800361794
2,0,3257,1789636816626863072,3815432800372865
2,0,3258,1789636816626874144,3815432800383755
2,0,3259,1789636816626885024,3815432800394631
2,0,3260,1789636816626895936,3815432800405585
2,0,3261,1789636816626906912,3815432800416515
2,0,3262,1789636816626917792,3815432800427462
2,0,3263,1789636816626928704,3815432800438332
2,0,3264,1789636816626939584,3815432800449198
2,0,3265,1789636816626950496,3815432800460105
2,0,3266,1789636816626961376,3815432800471004
2,0,3267,1789636816626972288,3815432800482016
2,0,3268,1789636816626983328,3815432800492946
2,0,3269,1789636816626994208,3815432800503819
2,0,3270,1789636816627005120,3815432800514722
2,0,3271,1789636816627016000,3815432800525637
2,0,3272,1789636816627026944,3815432800536642
2,0,3273,1789636816627037920,3815432800547562
2,0,3274,1789636816627048800,3815432800558416
2,0,3275,1789636816627059744,3815432800569325
2,0,3276,1789636816627070656,3815432800580277
2,0,3277,1789636816627081568,3815432800591337
2,0,3278,1789636816627092608,3815432800602238
2,0,3279,1789636816627103488,3815432800613085
2,0,3280,1789636816627114400,3815432800624015
2,0,3281,1789636816627125280,3815432800634915
2,0,3282,1789636816627136224,3815432800645965
2,0,3283,1789636816627147232,3815432800656875
2,0,3284,1789636816627158144,3815432800667741
2,0,3285,1789636816627169088,3815432800678699
2,0,3286,1789636816627180032,3815432800689661
2,0,3287,1789636816627190976,3815432800700574
2,0,3288,1789636816627201824,3815432800711465
2,0,3289,1789636816627212736,3815432800722322
2,0,3290,1789636816627223616,3815432800733264
2,0,3291,1789636816627234560,3815432800744197
2,0,3292,1789636816627245504,3815432800755205
2,0,3293,1789636816627256512,3815432800766119
2,0,3294,1789636816627267424,3815432800777035
2,0,3295,1789636816627278336,3815432800787952
2,0,3296,1789636816627289216,3815432800798855
2,0,3297,1789636816627300128,3815432800809827
2,0,3298,1789636816627311104,3815432800820736
2,0,3299,1789636816627322016,3815432800831631
2,0,3300,1789636816627332928,3815432800842523
2,0,3301,1789636816627343776,3815432800855839
2,0,3302,1789636816627354688,3815432800864438
2,0,3303,1789636816627365728,3815432800875358
2,0,3304,1789636816627376640,3815432800886235
2,0,3305,1789636816627387520,3815432800897138
2,0,3306,1789636816627398432,3815432800908065
2,0,3307,1789636816627409344,3815432800919075
2,0,3308,1789636816627420320,3815432800929944
2,0,3309,1789636816627431232,3815432800940835
2,0,3310,1789636816627442144,3815432800951774
2,0,3311,1789636816627453056,3815432800962684
2,0,3312,1789636816627463968,3815432800973697
2,0,3313,1789636816627474944,3815432800984558
2,0,3314,1789636816627485824,3815432800995438
2,0,3315,1789636816627496736,3815432801006386
2,0,3316,1789636816627507712,3815432801017357
2,0,3317,1789636816627518656,3815432801028285
2,0,3318,1789636816627529536,3815432801039168
2,0,3319,1789636816627540480,3815432801050082
2,0,3320,1789636816627551392,3815432801060998
2,0,3321,1789636816627562272,3815432801071945
2,0,3322,1789636816627573216,3815432801082935
2,0,3323,1789636816627584192,3815432801093824
2,0,3324,1789636816627595104,3815432801104725
2,0,3325,1789636816627606048,3815432801115642
2,0,3326,1789636816627616960,3815432801126581
2,0,3327,1789636816627627872,3815432801137567
2,0,3328,1789636816627638816,3815432801148444
2,0,3329,1789636816627649760,3815432801159355
2,0,3330,1789636816627660640,3815432801170255
2,0,3331,1789636816627671584,3815432801181232
2,0,3332,1789636816627682528,3815432801192198
2,0,3333,1789636816627693472,3815432801203114
2,0,3334,1789636816627704384,3815432801214005
2,0,3335,1789636816627715328,3815432801224932
2,0,3336,1789636816627726208,3815432801235804
2,0,3337,1789636816627737120,3815432801246822
2,0,3338,1789636816627748096,3815432801257739
2,0,3339,1789636816627759040,3815432801268644
2,0,3340,1789636816627769952,3815432801279559
2,0,3341,1789636816627780864,3815432801290481
2,0,3342,1789636816627791808,3815432801301445
2,0,3343,1789636816627802688,3815432801312319
2,0,3344,1789636816627813600,3815432801323217
2,0,3345,1789636816627824512,3815432801334125
2,0,3346,1789636816627835424,3815432801345052
2,0,3347,1789636816627846336,3815432801356062
2,0,3348,1789636816627857312,3815432801366955
2,0,3349,1789636816627868224,3815432801377842
2,0,3350,1789636816627879136,3815432801388759
2,0,3351,1789636816627890016,3815432801399677
2,0,3352,1789636816627900960,3815432801410684
2,0,3353,1789636816627911904,3815432801421557
2,0,3354,1789636816627922816,3815432801432442
2,0,3355,1789636816627933728,3815432801443364
2,0,3356,1789636816627944640,3815432801454303
2,0,3357,1789636816627955584,3815432801465308
2,0,3358,1789636816627966592,3815432801476222
2,0,3359,1789636816627977472,3815432801487076
2,0,3360,1789636816627988352,3815432801497987
2,0,3361,1789636816627999264,3815432801508911
2,0,3362,1789636816628010176,3815432801519925
2,0,3363,1789636816628021216,3815432801530854
2,0,3364,1789636816628032096,3815432801541725
2,0,3365,1789636816628043040,3815432801552672
2,0,3366,1789636816628053952,3815432801563616
2,0,3367,1789636816628064896,3815432801574545
2,0,3368,1789636816628075808,3815432801585458
2,0,3369,1789636816628086752,3815432801596365
2,0,3370,1789636816628097664,3815432801607294
2,0,3371,1789636816628108576,3815432801618219
2,0,3372,1789636816628119520,3815432801629182
2,0,3373,1789636816628130400,3815432801640056
2,0,3374,1789636816628141312,3815432801650947
2,0,3375,1789636816628152224,3815432801661857
2,0,3376,1789636816628163168,3815432801672802
2,0,3377,1789636816628174048,3815432801683797
2,0,3378,1789636816628185056,3815432801694715
2,0,3379,1789636816628195968,3815432801705604
2,0,3380,1789636816628206912,3815432801716558
2,0,3381,1789636816628217824,3815432801727465
2,0,3382,1789636816628228736,3815432801738415
2,0,3383,1789636816628239712,3815432801749355
2,0,3384,1789636816628250624,3815432801760255
2,0,3385,1789636816628261536,3815432801771178
2,0,3386,1789636816628272416,3815432801782065
2,0,3387,1789636816628283328,3815432801793055
2,0,3388,1789636816628294336,3815432801803979
2,0,3389,1789636816628305248,3815432801814885
2,0,3390,1789636816628316192,3815432801825802
2,0,3391,1789636816628327072,3815432801836718
2,0,3392,1789636816628337984,3815432801847739
2,0,3393,1789636816628348928,3815432801858578
2,0,3394,1789636816628359808,3815432801869424
2,0,3395,1789636816628370688,3815432801880354
2,0,3396,1789636816628381632,3815432801891274
2,0,3397,1789636816628392576,3815432801902295
2,0,3398,1789636816628403552,3815432801913218
2,0,3399,1789636816628414464,3815432801924092
2,0,3400,1789636816628425408,3815432801935047
2,0,3401,1789636816628436320,3815432801945975
2,0,3402,1789636816628447232,3815432801956917
2,0,3403,1789636816628458176,3815432801967817
2,0,3404,1789636816628469056,3815432801978695
2,0,3405,1789636816628479968,3815432801989605
2,0,3406,1789636816628490848,3815432802000482
2,0,3407,1789636816628501728,3815432802011479
2,0,3408,1789636816628512704,3815432802022345
2,0,3409,1789636816628523616,3815432802033242
2,0,3410,1789636816628534528,3815432802044165
2,0,3411,1789636816628545440,3815432802055027
2,0,3412,1789636816628556288,3815432802066122
2,0,3413,1789636816628567360,3815432802077012
2,0,3414,1789636816628578272,3815432802087917
2,0,3415,1789636816628589184,3815432802098846
2,0,3416,1789636816628600160,3815432802109802
2,0,3417,1789636816628611072,3815432802120784
2,0,3418,1789636816628622048,3815432802131692
2,0,3419,1789636816628632928,3815432802142565
2,0,3420,1789636816628643840,3815432802153441
2,0,3421,1789636816628654720,3815432802164336
2,0,3422,1789636816628665632,3815432802175447
2,0,3423,1789636816628676672,3815432802186335
2,0,3424,1789636816628687584,3815432802197198
2,0,3425,1789636816628698464,3815432802208097
2,0,3426,1789636816628709344,3815432802219051
2,0,3427,1789636816628720352,3815432802230036
2,0,3428,1789636816628731264,3815432802240925
2,0,3429,1789636816628742208,3815432802251865
2,0,3430,1789636816628753120,3815432802262775
2,0,3431,1789636816628764064,3815432802273702
2,0,3432,1789636816628774944,3815432802284664
2,0,3433,1789636816628785888,3815432802295554
2,0,3434,1789636816628796800,3815432802306443
2,0,3435,1789636816628807712,3815432802317354
2,0,3436,1789636816628818624,3815432802328277
2,0,3437,1789636816628829536,3815432802339275
2,0,3438,1789636816628840544,3815432802350205
2,0,3439,1789636816628851456,3815432802361098
2,0,3440,1789636816628862400,3815432802372034
2,0,3441,1789636816628873280,3815432802382917
2,0,3442,1789636816628884192,3815432802393902
2,0,3443,1789636816628895168,3815432802404817
2,0,3444,1789636816628906048,3815432802415695
2,0,3445,1789636816628916960,3815432802426605
2,0,3446,1789636816628927872,3815432802437538
2,0,3447,1789636816628938816,3815432802448519
2,0,3448,1789636816628949728,3815432802459396
2,0,3449,1789636816628960640,3815432802470262
2,0,3450,1789636816628971552,3815432802481215
2,0,3451,1789636816628982464,3815432802492154
2,0,3452,1789636816628993408,3815432802503155
2,0,3453,1789636816629004384,3815432802514062
2,0,3454,1789636816629015328,3815432802524985
2,0,3455,1789636816629026272,3815432802535899
2,0,3456,1789636816629037184,3815432802546829
2,0,3457,1789636816629048096,3815432802557795
2,0,3458,1789636816629059040,3815432802568721
2,0,3459,1789636816629069984,3815432802579635
2,0,3460,1789636816629080896,3815432802590545
2,0,3461,1789636816629091776,3815432802601434
2,0,3462,1789636816629102688,3815432802612394
2,0,3463,1789636816629113632,3815432802623303
2,0,3464,1789636816629124544,3815432802634163
2,0,3465,1789636816629135456,3815432802645105
2,0,3466,1789636816629146336,3815432802656004
2,0,3467,1789636816629157248,3815432802666975
2,0,3468,1789636816629168224,3815432802677898
2,0,3469,1789636816629179136,3815432802688775
2,0,3470,1789636816629190080,3815432802699709
2,0,3471,1789636816629200960,3815432802710615
2,0,3472,1789636816629211872,3815432802721636
2,0,3473,1789636816629222880,3815432802732528
2,0,3474,1789636816629233760,3815432802743385
2,0,3475,1789636816629244672,3815432802754321
2,0,3476,1789636816629255584,3815432802765238
2,0,3477,1789636816629266528,3815432802776255
2,0,3478,1789636816629277504,3815432802787168
2,0,3479,1789636816629288416,3815432802798038
2,0,3480,1789636816629299328,3815432802808948
2,0,3481,1789636816629310208,3815432802819876
2,0,3482,1789636816629321152,3815432802830881
2,0,3483,1789636816629332128,3815432802841772
2,0,3484,1789636816629343040,3815432802852691
2,0,3485,1789636816629353984,3815432802863626
2,0,3486,1789636816629364864,3815432802874548
2,0,3487,1789636816629375808,3815432802885507
2,0,3488,1789636816629386752,3815432802896415
2,0,3489,1789636816629397664,3815432802907311
2,0,3490,1789636816629408576,3815432802918256
2,0,3491,1789636816629419520,3815432802929175
2,0,3492,1789636816629430464,3815432802940131
2,0,3493,1789636816629441344,3815432802951101
2,0,3494,1789636816629452384,3815432802962021
2,0,3495,1789636816629463296,3815432802972958
2,0,3496,1789636816629474176,3815432802983845
2,0,3497,1789636816629485120,3815432802994756
2,0,3498,1789636816629495968,3815432803005648
2,0,3499,1789636816629506912,3815432803016557
2,0,3500,1789636816629517824,3815432803027471
2,0,3501,1789636816629528704,3815432803038372
2,0,3502,1789636816629539616,3815432803049381
2,0,3503,1789636816629550592,3815432803060261
2,0,3504,1789636816629561504,3815432803071148
2,0,3505,1789636816629572448,3815432803082083
2,0,3506,1789636816629583328,3815432803095832
2,0,3507,1789636816629594240,3815432803104001
2,0,3508,1789636816629605248,3815432803114921
2,0,3509,1789636816629616160,3815432803125818
2,0,3510,1789636816629627104,3815432803136756
2,0,3511,1789636816629638016,3815432803147735
2,0,3512,1789636816629648960,3815432803158618
2,0,3513,1789636816629659872,3815432803169561
2,0,3514,1789636816629670784,3815432803180449
2,0,3515,1789636816629681696,3815432803191376
2,0,3516,1789636816629692640,3815432803202298
2,0,3517,1789636816629703584,3815432803213243
2,0,3518,1789636816629714464,3815432803224151
2,0,3519,1789636816629725408,3815432803235051
2,0,3520,1789636816629736288,3815432803245955
2,0,3521,1789636816629747200,3815432803256878
2,0,3522,1789636816629758080,3815432803267878
2,0,3523,1789636816629769088,3815432803278743
2,0,3524,1789636816629780000,3815432803289660
2,0,3525,1789636816629790912,3815432803300558
2,0,3526,1789636816629801824,3815432803311498
2,0,3527,1789636816629812736,3815432803322488
2,0,3528,1789636816629823744,3815432803333391
2,0,3529,1789636816629834656,3815432803344321
2,0,3530,1789636816629845568,3815432803355235
2,0,3531,1789636816629856448,3815432803366118
2,0,3532,1789636816629867360,3815432803377108
2,0,3533,1789636816629878336,3815432803387991
2,0,3534,1789636816629889184,3815432803398814
2,0,3535,1789636816629900096,3815432803409731
2,0,3536,1789636816629910976,3815432803420656
2,0,3537,1789636816629921888,3815432803431677
2,0,3538,1789636816629932928,3815432803442591
2,0,3539,1789636816629943840,3815432803453488
2,0,3540,1789636816629954752,3815432803464426
2,0,3541,1789636816629965664,3815432803475352
2,0,3542,1789636816629976576,3815432803486371
2,0,3543,1789636816629987648,3815432803497311
2,0,3544,1789636816629998560,3815432803508231
2,0,3545,1789636816630009504,3815432803519141
2,0,3546,1789636816630020384,3815432803530071
2,0,3547,1789636816630031296,3815432803540988
2,0,3548,1789636816630042240,3815432803551894
2,0,3549,1789636816630053152,3815432803562811
2,0,3550,1789636816630064096,3815432803573755
2,0,3551,1789636816630074976,3815432803584666
2,0,3552,1789636816630085888,3815432803595609
2,0,3553,1789636816630096896,3815432803606558
2,0,3554,1789636816630107808,3815432803617449
2,0,3555,1789636816630118752,3815432803628411
2,0,3556,1789636816630129632,3815432803639312
2,0,3557,1789636816630140576,3815432803650231
2,0,3558,1789636816630151520,3815432803661191
2,0,3559,1789636816630162432,3815432803672080
2,0,3560,1789636816630173344,3815432803682981
2,0,3561,1789636816630184160,3815432803693861
2,0,3562,1789636816630195104,3815432803704851
2,0,3563,1789636816630206112,3815432803715775
2,0,3564,1789636816630217024,3815432803726676
2,0,3565,1789636816630227936,3815432803737603
2,0,3566,1789636816630238848,3815432803748528
2,0,3567,1789636816630249760,3815432803759511
2,0,3568,1789636816630260736,3815432803770421
2,0,3569,1789636816630271648,3815432803781297
2,0,3570,1789636816630282560,3815432803792215
2,0,3571,1789636816630293472,3815432803803164
2,0,3572,1789636816630304384,3815432803814106
2,0,3573,1789636816630315328,3815432803825029
2,0,3574,1789636816630326272,3815432803835931
2,0,3575,1789636816630337152,3815432803846851
2,0,3576,1789636816630348096,3815432803857772
2,0,3577,1789636816630359008,3815432803868721
2,0,3578,1789636816630369984,3815432803879665
2,0,3579,1789636816630380896,3815432803890551
2,0,3580,1789636816630391808,3815432803901481
2,0,3581,1789636816630402720,3815432803912388
2,0,3582,1789636816630413600,3815432803923348
2,0,3583,1789636816630424608,3815432803934294
2,0,3584,1789636816630435552,3815432803945185
2,0,3585,1789636816630446432,3815432803956061
2,0,3586,1789636816630457344,3815432803967051
2,0,3587,1789636816630468288,3815432803977968
2,0,3588,1789636816630479200,3815432803988898
2,0,3589,1789636816630490144,3815432803999791
2,0,3590,1789636816630501024,3815432804010718
2,0,3591,1789636816630511968,3815432804021636
2,0,3592,1789636816630522880,3815432804032597
2,0,3593,1789636816630533856,3815432804043540
2,0,3594,1789636816630544800,3815432804054439
2,0,3595,1789636816630555680,3815432804065334
2,0,3596,1789636816630566560,3815432804076216
2,0,3597,1789636816630577472,3815432804087220
2,0,3598,1789636816630588480,3815432804098147
2,0,3599,1789636816630599392,3815432804109055
2,0,3600,1789636816630610304,3815432804119955
2,0,3601,1789636816630621216,3815432804130906
2,0,3602,1789636816630632128,3815432804141837
2,0,3603,1789636816630643072,3815432804152775
2,0,3604,1789636816630654016,3815432804163671
2,0,3605,1789636816630664896,3815432804174595
2,0,3606,1789636816630675840,3815432804185516
2,0,3607,1789636816630686784,3815432804196477
2,0,3608,1789636816630697728,3815432804207431
2,0,3609,1789636816630708640,3815432804218286
2,0,3610,1789636816630719552,3815432804229231
2,0,3611,1789636816630730432,3815432804240117
2,0,3612,1789636816630741312,3815432804251087
2,0,3613,1789636816630752320,3815432804262018
2,0,3614,1789636816630763264,3815432804272935
2,0,3615,1789636816630774208,3815432804283846
2,0,3616,1789636816630785088,3815432804294768
2,0,3617,1789636816630796000,3815432804305717
2,0,3618,1789636816630806944,3815432804316651
2,0,3619,1789636816630817856,3815432804327528
2,0,3620,1789636816630828768,3815432804338469
2,0,3621,1789636816630839680,3815432804349357
2,0,3622,1789636816630850528,3815432804360341
2,0,3623,1789636816630861600,3815432804371277
2,0,3624,1789636816630872544,3815432804382211
2,0,3625,1789636816630883424,3815432804393101
2,0,3626,1789636816630894336,3815432804404021
2,0,3627,1789636816630905248,3815432804414955
2,0,3628,1789636816630916224,3815432804425913
2,0,3629,1789636816630927104,3815432804436775
2,0,3630,1789636816630938016,3815432804447734
2,0,3631,1789636816630948928,3815432804458657
2,0,3632,1789636816630959872,3815432804469575
2,0,3633,1789636816630970848,3815432804480534
2,0,3634,1789636816630981728,3815432804491395
2,0,3635,1789636816630992608,3815432804502277
2,0,3636,1789636816631003488,3815432804513201
2,0,3637,1789636816631014400,3815432804524221
2,0,3638,1789636816631025472,3815432804535175
2,0,3639,1789636816631036384,3815432804546057
2,0,3640,1789636816631047328,3815432804556975
2,0,3641,1789636816631058176,3815432804567856
2,0,3642,1789636816631069088,3815432804578827
2,0,3643,1789636816631080064,3815432804589774
2,0,3644,1789636816631091008,3815432804600671
2,0,3645,1789636816631101920,3815432804611610
2,0,3646,1789636816631112864,3815432804622557
2,0,3647,1789636816631123776,3815432804633451
2,0,3648,1789636816631134688,3815432804644366
2,0,3649,1789636816631145600,3815432804655247
2,0,3650,1789636816631156480,3815432804666171
2,0,3651,1789636816631167360,3815432804677071
2,0,3652,1789636816631178272,3815432804688072
2,0,3653,1789636816631189280,3815432804699084
2,0,3654,1789636816631200288,3815432804709977
2,0,3655,1789636816631211232,3815432804720921
2,0,3656,1789636816631222112,3815432804731828
2,0,3657,1789636816631233056,3815432804742732
2,0,3658,1789636816631243968,3815432804753681
2,0,3659,1789636816631254912,3815432804764561
2,0,3660,1789636816631265792,3815432804775456
2,0,3661,1789636816631276672,3815432804786394
2,0,3662,1789636816631287616,3815432804797325
2,0,3663,1789636816631298592,3815432804808276
2,0,3664,1789636816631309472,3815432804819151
2,0,3665,1789636816631320352,3815432804830021
2,0,3666,1789636816631331200,3815432804840903
2,0,3667,1789636816631342112,3815432804851969
2,0,3668,1789636816631353216,3815432804862907
2,0,3669,1789636816631364128,3815432804873808
2,0,3670,1789636816631375040,3815432804884711
2,0,3671,1789636816631385952,3815432804895643
2,0,3672,1789636816631396864,3815432804906581
2,0,3673,1789636816631407808,3815432804917491
2,0,3674,1789636816631418656,3815432804928331
2,0,3675,1789636816631429568,3815432804939261
2,0,3676,1789636816631440448,3815432804950191
2,0,3677,1789636816631451392,3815432804961195
2,0,3678,1789636816631462432,3815432804972115
2,0,3679,1789636816631473312,3815432804982949
2,0,3680,1789636816631484192,3815432804993877
2,0,3681,1789636816631495072,3815432805004755
2,0,3682,1789636816631505952,3815432805015757
2,0,3683,1789636816631516992,3815432805026677
2,0,3684,1789636816631527872,3815432805037548
2,0,3685,1789636816631538752,3815432805048447
2,0,3686,1789636816631549664,3815432805059355
2,0,3687,1789636816631560608,3815432805070441
2,0,3688,1789636816631571680,3815432805081368
2,0,3689,1789636816631582592,3815432805092271
2,0,3690,1789636816631593472,3815432805103185
2,0,3691,1789636816631604416,3815432805114111
2,0,3692,1789636816631615328,3815432805125057
2,0,3693,1789636816631626304,3815432805136011
2,0,3694,1789636816631637216,3815432805146921
2,0,3695,1789636816631648096,3815432805157808
2,0,3696,1789636816631659008,3815432805168717
2,0,3697,1789636816631669920,3815432805179687
2,0,3698,1789636816631680896,3815432805190619
2,0,3699,1789636816631691808,3815432805201496
2,0,3700,1789636816631702688,3815432805212385
2,0,3701,1789636816631713600,3815432805223308
2,0,3702,1789636816631724544,3815432805234309
2,0,3703,1789636816631735552,3815432805245277
2,0,3704,1789636816631746496,3815432805256174
2,0,3705,1789636816631757408,3815432805267094
2,0,3706,1789636816631768320,3815432805278027
2,0,3707,1789636816631779200,3815432805288926
2,0,3708,1789636816631790176,3815432805299877
2,0,3709,1789636816631801120,3815432805310801
2,0,3710,1789636816631812000,3815432805321675
2,0,3711,1789636816631822912,3815432805335834
2,0,3712,1789636816631833888,3815432805343570
2,0,3713,1789636816631844800,3815432805354497
2,0,3714,1789636816631855680,3815432805365360
2,0,3715,1789636816631866560,3815432805376238
2,0,3716,1789636816631877472,3815432805387186
2,0,3717,1789636816631888416,3815432805398169
2,0,3718,1789636816631899424,3815432805409127
2,0,3719,1789636816631910336,3815432805420016
2,0,3720,1789636816631921216,3815432805430928
2,0,3721,1789636816631932160,3815432805441888
2,0,3722,1789636816631943104,3815432805452797
2,0,3723,1789636816631954048,3815432805463757
2,0,3724,1789636816631964928,3815432805474606
2,0,3725,1789636816631975808,3815432805485490
2,0,3726,1789636816631986688,3815432805496399
2,0,3727,1789636816631997600,3815432805507433
2,0,3728,1789636816632008640,3815432805518370
2,0,3729,1789636816632019552,3815432805529255
2,0,3730,1789636816632030464,3815432805540189
2,0,3731,1789636816632041440,3815432805551150
2,0,3732,1789636816632052384,3815432805562075
2,0,3733,1789636816632063296,3815432805572991
2,0,3734,1789636816632074176,3815432805583858
2,0,3735,1789636816632085088,3815432805594801
2,0,3736,1789636816632096032,3815432805605750
2,0,3737,1789636816632106976,3815432805616669
2,0,3738,1789636816632117888,3815432805627623
2,0,3739,1789636816632128768,3815432805638437
2,0,3740,1789636816632139616,3815432805649357
2,0,3741,1789636816632150560,3815432805660290
2,0,3742,1789636816632161472,3815432805671295
2,0,3743,1789636816632172512,3815432805682215
2,0,3744,1789636816632183392,3815432805693056
2,0,3745,1789636816632194240,3815432805703913
2,0,3746,1789636816632205152,3815432805714851
2,0,3747,1789636816632216096,3815432805725907
2,0,3748,1789636816632227104,3815432805736830
2,0,3749,1789636816632237984,3815432805747735
2,0,3750,1789636816632248896,3815432805758610
2,0,3751,1789636816632259840,3815432805769560
2,0,3752,1789636816632270784,3815432805780537
2,0,3753,1789636816632281760,3815432805791468
2,0,3754,1789636816632292672,3815432805802369
2,0,3755,1789636816632303584,3815432805813304
2,0,3756,1789636816632314528,3815432805824234
2,0,3757,1789636816632325408,3815432805835166
2,0,3758,1789636816632336384,3815432805846115
2,0,3759,1789636816632347328,3815432805857038
2,0,3760,1789636816632358208,3815432805867930
2,0,3761,1789636816632369120,3815432805878833
2,0,3762,1789636816632380032,3815432805889790
2,0,3763,1789636816632390976,3815432805900697
2,0,3764,1789636816632401856,3815432805911563
2,0,3765,1789636816632412800,3815432805922477
2,0,3766,1789636816632423712,3815432805933416
2,0,3767,1789636816632434624,3815432805944417
2,0,3768,1789636816632445632,3815432805955338
2,0,3769,1789636816632456544,3815432805966207
2,0,3770,1789636816632467392,3815432805977095
2,0,3771,1789636816632478336,3815432805988046
2,0,3772,1789636816632489216,3815432805999068
2,0,3773,1789636816632500256,3815432806009975
2,0,3774,1789636816632511168,3815432806020890
2,0,3775,1789636816632522048,3815432806031775
2,0,3776,1789636816632533024,3815432806042726
2,0,3777,1789636816632543936,3815432806053655
2,0,3778,1789636816632554848,3815432806064557
2,0,3779,1789636816632565696,3815432806075388
2,0,3780,1789636816632576576,3815432806086284
2,0,3781,1789636816632587488,3815432806097221
2,0,3782,1789636816632598400,3815432806108217
2,0,3783,1789636816632609408,3815432806119134
2,0,3784,1789636816632620320,3815432806130017
2,0,3785,1789636816632631232,3815432806140927
2,0,3786,1789636816632642112,3815432806151865
2,0,3787,1789636816632653024,3815432806162837
2,0,3788,1789636816632664032,3815432806173748
2,0,3789,1789636816632674912,3815432806184586
2,0,3790,1789636816632685760,3815432806195500
2,0,3791,1789636816632696672,3815432806206389
2,0,3792,1789636816632707584,3815432806217277
2,0,3793,1789636816632718464,3815432806228168
2,0,3794,1789636816632729376,3815432806239063
2,0,3795,1789636816632740256,3815432806249927
2,0,3796,1789636816632751168,3815432806260848
2,0,3797,1789636816632762080,3815432806271781
2,0,3798,1789636816632772960,3815432806282674
2,0,3799,1789636816632783872,3815432806293608
2,0,3800,1789636816632794816,3815432806304576
2,0,3801,1789636816632805792,3815432806315487
2,0,3802,1789636816632816672,3815432806326371
2,0,3803,1789636816632827584,3815432806337288
2,0,3804,1789636816632838496,3815432806348227
2,0,3805,1789636816632849408,3815432806359125
2,0,3806,1789636816632860352,3815432806370060
2,0,3807,1789636816632871232,3815432806380991
2,0,3808,1789636816632882176,3815432806391896
2,0,3809,1789636816632893120,3815432806402864
2,0,3810,1789636816632904032,3815432806413781
2,0,3811,1789636816632915008,3815432806424711
2,0,3812,1789636816632925856,3815432806435554
2,0,3813,1789636816632936704,3815432806446436
2,0,3814,1789636816632947648,3815432806457474
2,0,3815,1789636816632958720,3815432806468440
2,0,3816,1789636816632969664,3815432806479374
2,0,3817,1789636816632980576,3815432806490280
2,0,3818,1789636816632991424,3815432806501166
2,0,3819,1789636816633002368,3815432806512105
2,0,3820,1789636816633013280,3815432806523005
2,0,3821,1789636816633024224,3815432806533921
2,0,3822,1789636816633035136,3815432806544858
2,0,3823,1789636816633046016,3815432806555756
2,0,3824,1789636816633056992,3815432806566727
2,0,3825,1789636816633067904,3815432806577586
2,0,3826,1789636816633078816,3815432806588520
2,0,3827,1789636816633089664,3815432806599384
2,0,3828,1789636816633100608,3815432806610341
2,0,3829,1789636816633111520,3815432806621356
2,0,3830,1789636816633122560,3815432806632301
2,0,3831,1789636816633133536,3815432806643243
2,0,3832,1789636816633144416,3815432806654117
2,0,3833,1789636816633155328,3815432806665049
2,0,3834,1789636816633166272,3815432806675989
2,0,3835,1789636816633177152,3815432806686887
2,0,3836,1789636816633188064,3815432806697778
2,0,3837,1789636816633198944,3815432806708660
2,0,3838,1789636816633209888,3815432806719610
2,0,3839,1789636816633220832,3815432806730595
2,0,3840,1789636816633231776,3815432806741511
2,0,3841,1789636816633242720,3815432806752433
2,0,3842,1789636816633253600,3815432806763361
2,0,3843,1789636816633264544,3815432806774277
2,0,3844,1789636816633275488,3815432806785213
2,0,3845,1789636816633286368,3815432806796098
2,0,3846,1789636816633297280,3815432806807003
2,0,3847,1789636816633308160,3815432806817907
2,0,3848,1789636816633319104,3815432806828838
2,0,3849,1789636816633330048,3815432806839846
2,0,3850,1789636816633341024,3815432806850750
2,0,3851,1789636816633351968,3815432806861656
2,0,3852,1789636816633362848,3815432806872606
2,0,3853,1789636816633373792,3815432806883537
2,0,3854,1789636816633384736,3815432806894469
2,0,3855,1789636816633395648,3815432806905369
2,0,3856,1789636816633406592,3815432806916289
2,0,3857,1789636816633417472,3815432806927216
2,0,3858,1789636816633428448,3815432806938168
2,0,3859,1789636816633439392,3815432806949106
2,0,3860,1789636816633450304,3815432806960018
2,0,3861,1789636816633461216,3815432806970920
2,0,3862,1789636816633472096,3815432806981807
2,0,3863,1789636816633482976,3815432806992710
2,0,3864,1789636816633493920,3815432807003716
2,0,3865,1789636816633504864,3815432807014611
2,0,3866,1789636816633515776,3815432807025491
2,0,3867,1789636816633526688,3815432807036394
2,0,3868,1789636816633537568,3815432807047276
2,0,3869,1789636816633548512,3815432807058338
2,0,3870,1789636816633559552,3815432807069278
2,0,3871,1789636816633570464,3815432807080174
2,0,3872,1789636816633581344,3815432807091058
2,0,3873,1789636816633592288,3815432807102041
2,0,3874,1789636816633603232,3815432807112958
2,0,3875,1789636816633614144,3815432807123878
2,0,3876,1789636816633625024,3815432807134758
2,0,3877,1789636816633635904,3815432807145651
2,0,3878,1789636816633646816,3815432807156568
2,0,3879,1789636816633657760,3815432807167588
2,0,3880,1789636816633668736,3815432807178487
2,0,3881,1789636816633679680,3815432807189371
2,0,3882,1789636816633690528,3815432807200221
2,0,3883,1789636816633701408,3815432807211149
2,0,3884,1789636816633712352,3815432807222197
2,0,3885,1789636816633723392,3815432807233121
2,0,3886,1789636816633734304,3815432807244018
2,0,3887,1789636816633745152,3815432807254903
2,0,3888,1789636816633756096,3815432807265829
2,0,3889,1789636816633767008,3815432807276831
2,0,3890,1789636816633777984,3815432807287741
2,0,3891,1789636816633788896,3815432807298630
2,0,3892,1789636816633799776,3815432807309518
2,0,3893,1789636816633810752,3815432807320481
2,0,3894,1789636816633821664,3815432807331445
2,0,3895,1789636816633832608,3815432807342341
2,0,3896,1789636816633843488,3815432807353210
2,0,3897,1789636816633854368,3815432807364070
2,0,3898,1789636816633865248,3815432807374996
2,0,3899,1789636816633876192,3815432807386109
2,0,3900,1789636816633887264,3815432807397038
2,0,3901,1789636816633898240,3815432807407948
2,0,3902,1789636816633909120,3815432807418831
2,0,3903,1789636816633920000,3815432807429727
2,0,3904,1789636816633930944,3815432807440695
2,0,3905,1789636816633941888,3815432807451640
2,0,3906,1789636816633952832,3815432807462573
2,0,3907,1789636816633963744,3815432807473469
2,0,3908,1789636816633974624,3815432807484387
2,0,3909,1789636816633985600,3815432807495338
2,0,3910,1789636816633996512,3815432807506247
2,0,3911,1789636816634007424,3815432807517131
2,0,3912,1789636816634018304,3815432807528012
2,0,3913,1789636816634029184,3815432807538915
2,0,3914,1789636816634040096,3815432807549950
2,0,3915,1789636816634051136,3815432807560866
2,0,3916,1789636816634062016,3815432807575834
2,0,3917,1789636816634072896,3815432807582630
2,0,3918,1789636816634083808,3815432807593561
2,0,3919,1789636816634094752,3815432807604538
2,0,3920,1789636816634105696,3815432807615461
2,0,3921,1789636816634116640,3815432807626373
2,0,3922,1789636816634127520,3815432807637420
2,0,3923,1789636816634138560,3815432807648309
2,0,3924,1789636816634149504,3815432807659218
2,0,3925,1789636816634160384,3815432807670137
2,0,3926,1789636816634171296,3815432807681091
2,0,3927,1789636816634182240,3815432807691975
2,0,3928,1789636816634193184,3815432807702931
2,0,3929,1789636816634204128,3815432807713863
2,0,3930,1789636816634215008,3815432807724783
2,0,3931,1789636816634225952,3815432807735678
2,0,3932,1789636816634236864,3815432807746590
2,0,3933,1789636816634247776,3815432807757538
2,0,3934,1789636816634258720,3815432807768448
2,0,3935,1789636816634269632,3815432807779390
2,0,3936,1789636816634280544,3815432807790278
2,0,3937,1789636816634291424,3815432807801200
2,0,3938,1789636816634302368,3815432807812131
2,0,3939,1789636816634313312,3815432807823056
2,0,3940,1789636816634324192,3815432807833960
2,0,3941,1789636816634335136,3815432807844855
2,0,3942,1789636816634346016,3815432807855755
2,0,3943,1789636816634356896,3815432807866627
2,0,3944,1789636816634367808,3815432807877735
2,0,3945,1789636816634378848,3815432807888581
2,0,3946,1789636816634389728,3815432807899450
2,0,3947,1789636816634400576,3815432807910290
2,0,3948,1789636816634411456,3815432807921183
2,0,3949,1789636816634422368,3815432807932273
2,0,3950,1789636816634433408,3815432807943164
2,0,3951,1789636816634444288,3815432807954016
2,0,3952,1789636816634455168,3815432807964895
2,0,3953,1789636816634466048,3815432807975787
2,0,3954,1789636816634476992,3815432807986901
2,0,3955,1789636816634488032,3815432807997790
2,0,3956,1789636816634498912,3815432808008656
2,0,3957,1789636816634509824,3815432808019537
2,0,3958,1789636816634520704,3815432808030418
2,0,3959,1789636816634531648,3815432808041497
2,0,3960,1789636816634542688,3815432808052446
2,0,3961,1789636816634553568,3815432808063315
2,0,3962,1789636816634564448,3815432808074190
2,0,3963,1789636816634575392,3815432808085182
2,0,3964,1789636816634586336,3815432808096185
2,0,3965,1789636816634597376,3815432808107130
2,0,3966,1789636816634608288,3815432808118034
2,0,3967,1789636816634619200,3815432808128926
2,0,3968,1789636816634630080,3815432808139850
2,0,3969,1789636816634641024,3815432808150797
2,0,3970,1789636816634651936,3815432808161710
2,0,3971,1789636816634662880,3815432808172588
2,0,3972,1789636816634673760,3815432808183495
2,0,3973,1789636816634684672,3815432808194419
2,0,3974,1789636816634695584,3815432808205426
2,0,3975,1789636816634706560,3815432808216317
2,0,3976,1789636816634717472,3815432808227200
2,0,3977,1789636816634728320,3815432808238071
2,0,3978,1789636816634739264,3815432808249080
2,0,3979,1789636816634750272,3815432808260039
2,0,3980,1789636816634761216,3815432808270946
2,0,3981,1789636816634772160,3815432808281881
2,0,3982,1789636816634783008,3815432808292737
2,0,3983,1789636816634793856,3815432808303595
2,0,3984,1789636816634804768,3815432808314606
2,0,3985,1789636816634815776,3815432808325529
2,0,3986,1789636816634826688,3815432808336426
2,0,3987,1789636816634837568,3815432808347297
2,0,3988,1789636816634848512,3815432808358260
2,0,3989,1789636816634859456,3815432808369294
2,0,3990,1789636816634870464,3815432808380191
2,0,3991,1789636816634881376,3815432808391137
2,0,3992,1789636816634892256,3815432808402000
2,0,3993,1789636816634903136,3815432808412921
2,0,3994,1789636816634914080,3815432808423928
2,0,3995,1789636816634925120,3815432808434885
2,0,3996,1789636816634936064,3815432808445800
2,0,3997,1789636816634946912,3815432808456666
2,0,3998,1789636816634957824,3815432808467595
2,0,3999,1789636816634968800,3815432808478551
2,0,4000,1789636816634979680,3815432808489455
2,0,4001,1789636816634990592,3815432808500335
2,0,4002,1789636816635001504,3815432808511237
2,0,4003,1789636816635012384,3815432808522160
2,0,4004,1789636816635023328,3815432808533170
2,0,4005,1789636816635034304,3815432808544061
2,0,4006,1789636816635045216,3815432808554956
2,0,4007,1789636816635056096,3815432808565857
2,0,4008,1789636816635067040,3815432808576788
2,0,4009,1789636816635077984,3815432808587786
2,0,4010,1789636816635088928,3815432808598685
2,0,4011,1789636816635099840,3815432808609569
2,0,4012,1789636816635110720,3815432808620479
2,0,4013,1789636816635121632,3815432808631395
2,0,4014,1789636816635132576,3815432808642408
2,0,4015,1789636816635143584,3815432808653337
2,0,4016,1789636816635154528,3815432808664246
2,0,4017,1789636816635165408,3815432808675161
2,0,4018,1789636816635176352,3815432808686133
2,0,4019,1789636816635187328,3815432808697070
2,0,4020,1789636816635198208,3815432808707975
2,0,4021,1789636816635209088,3815432808718850
2,0,4022,1789636816635220000,3815432808729738
2,0,4023,1789636816635230880,3815432808740650
2,0,4024,1789636816635241824,3815432808751655
2,0,4025,1789636816635252832,3815432808762588
2,0,4026,1789636816635263712,3815432808773435
2,0,4027,1789636816635274592,3815432808784345
2,0,4028,1789636816635285504,3815432808795268
2,0,4029,1789636816635296448,3815432808806278
2,0,4030,1789636816635307456,3815432808817218
2,0,4031,1789636816635318336,3815432808828090
2,0,4032,1789636816635329216,3815432808838971
2,0,4033,1789636816635340128,3815432808849910
2,0,4034,1789636816635351072,3815432808860900
2,0,4035,1789636816635362048,3815432808871790
2,0,4036,1789636816635372960,3815432808882706
2,0,4037,1789636816635383872,3815432808893595
2,0,4038,1789636816635394784,3815432808904560
2,0,4039,1789636816635405728,3815432808915523
2,0,4040,1789636816635416672,3815432808926432
2,0,4041,1789636816635427584,3815432808937312
2,0,4042,1789636816635438432,3815432808948220
2,0,4043,1789636816635449344,3815432808959153
2,0,4044,1789636816635460288,3815432808970175
2,0,4045,1789636816635471328,3815432808981100
2,0,4046,1789636816635482240,3815432808991988
2,0,4047,1789636816635493120,3815432809002907
2,0,4048,1789636816635504000,3815432809013775
2,0,4049,1789636816635514944,3815432809024777
2,0,4050,1789636816635525952,3815432809035720
2,0,4051,1789636816635536864,3815432809046607
2,0,4052,1789636816635547712,3815432809057477
2,0,4053,1789636816635558624,3815432809068398
2,0,4054,1789636816635569536,3815432809079400
2,0,4055,1789636816635580544,3815432809090320
2,0,4056,1789636816635591456,3815432809101217
2,0,4057,1789636816635602336,3815432809112084
2,0,4058,1789636816635613216,3815432809122968
2,0,4059,1789636816635624128,3815432809134014
2,0,4060,1789636816635635136,3815432809144928
2,0,4061,1789636816635646048,3815432809155800
2,0,4062,1789636816635656928,3815432809166658
2,0,4063,1789636816635667808,3815432809177577
2,0,4064,1789636816635678752,3815432809188650
2,0,4065,1789636816635689792,3815432809199557
2,0,4066,1789636816635700704,3815432809210465
2,0,4067,1789636816635711584,3815432809221350
2,0,4068,1789636816635722464,3815432809232270
2,0,4069,1789636816635733440,3815432809243270
2,0,4070,1789636816635744384,3815432809254148
2,0,4071,1789636816635755264,3815432809265013
2,0,4072,1789636816635766144,3815432809275897
2,0,4073,1789636816635777056,3815432809286826
2,0,4074,1789636816635788000,3815432809297887
2,0,4075,1789636816635799040,3815432809308809
2,0,4076,1789636816635809984,3815432809319731
2,0,4077,1789636816635820864,3815432809330637
2,0,4078,1789636816635831776,3815432809341569
2,0,4079,1789636816635842752,3815432809352520
2,0,4080,1789636816635853632,3815432809363411
2,0,4081,1789636816635864576,3815432809374326
2,0,4082,1789636816635875488,3815432809385257
2,0,4083,1789636816635886400,3815432809396197
2,0,4084,1789636816635897344,3815432809407133
2,0,4085,1789636816635908288,3815432809418068
2,0,4086,1789636816635919200,3815432809428955
2,0,4087,1789636816635930112,3815432809439888
2,0,4088,1789636816635941024,3815432809450797
2,0,4089,1789636816635951968,3815432809461780
2,0,4090,1789636816635962912,3815432809472677
2,0,4091,1789636816635973824,3815432809483577
2,0,4092,1789636816635984672,3815432809494450
2,0,4093,1789636816635995584,3815432809505390
2,0,4094,1789636816636006528,3815432809516386
2,0,4095,1789636816636017504,3815432809527278
2,0,4096,1789636816636028384,3815432809538150
2,0,4097,1789636816636039296,3815432809549070
2,0,4098,1789636816636050208,3815432809560001
2,0,4099,1789636816636061152,3815432809571017
2,0,4100,1789636816636072128,3815432809581910
2,0,4101,1789636816636083040,3815432809592802
2,0,4102,1789636816636093888,3815432809603696
2,0,4103,1789636816636104832,3815432809614633
2,0,4104,1789636816636115776,3815432809625635
2,0,4105,1789636816636126784,3815432809636570
2,0,4106,1789636816636137696,3815432809647461
2,0,4107,1789636816636148576,3815432809658340
2,0,4108,1789636816636159456,3815432809669257
2,0,4109,1789636816636170400,3815432809680271
2,0,4110,1789636816636181408,3815432809691168
2,0,4111,1789636816636192288,3815432809702081
2,0,4112,1789636816636203200,3815432809713008
2,0,4113,1789636816636214144,3815432809723920
2,0,4114,1789636816636225088,3815432809734889
2,0,4115,1789636816636236032,3815432809745796
2,0,4116,1789636816636246944,3815432809756693
2,0,4117,1789636816636257792,3815432809767568
2,0,4118,1789636816636268672,3815432809778495
2,0,4119,1789636816636279616,3815432809789512
2,0,4120,1789636816636290656,3815432809800450
2,0,4121,1789636816636301568,3815432809815843
2,0,4122,1789636816636312480,3815432809822250
2,0,4123,1789636816636323392,3815432809833166
2,0,4124,1789636816636334304,3815432809844129
2,0,4125,1789636816636345216,3815432809855010
2,0,4126,1789636816636356160,3815432809865932
2,0,4127,1789636816636367008,3815432809876770
2,0,4128,1789636816636377920,3815432809887734
2,0,4129,1789636816636388832,3815432809898750
2,0,4130,1789636816636399936,3815432809909728
2,0,4131,1789636816636410880,3815432809920660
2,0,4132,1789636816636421760,3815432809931536
2,0,4133,1789636816636432704,3815432809942485
2,0,4134,1789636816636443616,3815432809953393
2,0,4135,1789636816636454560,3815432809964376
2,0,4136,1789636816636465504,3815432809975276
2,0,4137,1789636816636476384,3815432809986168
2,0,4138,1789636816636487264,3815432809997050
2,0,4139,1789636816636498208,3815432810008009
2,0,4140,1789636816636509152,3815432810018906
2,0,4141,1789636816636520032,3815432810029813
2,0,4142,1789636816636530912,3815432810040700
2,0,4143,1789636816636541856,3815432810051627
2,0,4144,1789636816636552800,3815432810062637
2,0,4145,1789636816636563744,3815432810073540
2,0,4146,1789636816636574624,3815432810084417
2,0,4147,1789636816636585536,3815432810095313
2,0,4148,1789636816636596448,3815432810106249
2,0,4149,1789636816636607392,3815432810117234
2,0,4150,1789636816636618336,3815432810128130
2,0,4151,1789636816636629248,3815432810139069
2,0,4152,1789636816636640192,3815432810150002
2,0,4153,1789636816636651136,3815432810160937
2,0,4154,1789636816636662080,3815432810171875
2,0,4155,1789636816636673024,3815432810182813
2,0,4156,1789636816636683936,3815432810193691
2,0,4157,1789636816636694848,3815432810204615
2,0,4158,1789636816636705728,3815432810215528
2,0,4159,1789636816636716672,3815432810226500
2,0,4160,1789636816636727584,3815432810237379
2,0,4161,1789636816636738464,3815432810248247
2,0,4162,1789636816636749376,3815432810259178
2,0,4163,1789636816636760288,3815432810270097
2,0,4164,1789636816636771232,3815432810281118
2,0,4165,1789636816636782208,3815432810291986
2,0,4166,1789636816636793088,3815432810302877
2,0,4167,1789636816636804000,3815432810313795
2,0,4168,1789636816636814912,3815432810324688
2,0,4169,1789636816636825824,3815432810335748
2,0,4170,1789636816636836832,3815432810346632
2,0,4171,1789636816636847808,3815432810357576
2,0,4172,1789636816636858688,3815432810368480
2,0,4173,1789636816636869600,3815432810379381
2,0,4174,1789636816636880512,3815432810390300
2,0,4175,1789636816636891424,3815432810401231
2,0,4176,1789636816636902368,3815432810412143
2,0,4177,1789636816636913280,3815432810423046
2,0,4178,1789636816636924192,3815432810433986
2,0,4179,1789636816636935136,3815432810444980
2,0,4180,1789636816636946112,3815432810455918
2,0,4181,1789636816636956992,3815432810466791
2,0,4182,1789636816636967936,3815432810477730
2,0,4183,1789636816636978848,3815432810488659
2,0,4184,1789636816636989792,3815432810499617
2,0,4185,1789636816637000704,3815432810510500
2,0,4186,1789636816637011584,3815432810521350
2,0,4187,1789636816637022464,3815432810532250
2,0,4188,1789636816637033344,3815432810543152
2,0,4189,1789636816637044288,3815432810554166
2,0,4190,1789636816637055264,3815432810565070
2,0,4191,1789636816637066176,3815432810575970
2,0,4192,1789636816637077120,3815432810586920
2,0,4193,1789636816637088032,3815432810597851
2,0,4194,1789636816637099008,3815432810608850
2,0,4195,1789636816637109952,3815432810619760
2,0,4196,1789636816637120896,3815432810630660
2,0,4197,1789636816637131808,3815432810641602
2,0,4198,1789636816637142752,3815432810652557
2,0,4199,1789636816637153696,3815432810663486
2,0,4200,1789636816637164576,3815432810674391
2,0,4201,1789636816637175456,3815432810685247
2,0,4202,1789636816637186368,3815432810696170
2,0,4203,1789636816637197280,3815432810707095
2,0,4204,1789636816637208224,3815432810718103
2,0,4205,1789636816637219200,3815432810729080
2,0,4206,1789636816637230144,3815432810739936
2,0,4207,1789636816637241056,3815432810750853
2,0,4208,1789636816637251968,3815432810761789
2,0,4209,1789636816637262912,3815432810772720
2,0,4210,1789636816637273824,3815432810783630
2,0,4211,1789636816637284736,3815432810794488
2,0,4212,1789636816637295648,3815432810805426
2,0,4213,1789636816637306528,3815432810816352
2,0,4214,1789636816637317504,3815432810827342
2,0,4215,1789636816637328448,3815432810838237
2,0,4216,1789636816637339360,3815432810849130
2,0,4217,1789636816637350240,3815432810860035
2,0,4218,1789636816637361120,3815432810870910
2,0,4219,1789636816637372064,3815432810881958
2,0,4220,1789636816637383040,3815432810892839
2,0,4221,1789636816637393952,3815432810903715
2,0,4222,1789636816637404832,3815432810914662
2,0,4223,1789636816637415744,3815432810925517
2,0,4224,1789636816637426656,3815432810936610
2,0,4225,1789636816637437664,3815432810947477
2,0,4226,1789636816637448608,3815432810958388
2,0,4227,1789636816637459520,3815432810969307
2,0,4228,1789636816637470432,3815432810980241
2,0,4229,1789636816637481376,3815432810991221
2,0,4230,1789636816637492288,3815432811002070
2,0,4231,1789636816637503168,3815432811012965
2,0,4232,1789636816637514080,3815432811023903
2,0,4233,1789636816637524992,3815432811034837
2,0,4234,1789636816637535936,3815432811045840
2,0,4235,1789636816637546944,3815432811056738
2,0,4236,1789636816637557856,3815432811067735
2,0,4237,1789636816637568768,3815432811078547
2,0,4238,1789636816637579680,3815432811089490
2,0,4239,1789636816637590592,3815432811100470
2,0,4240,1789636816637601600,3815432811111410
2,0,4241,1789636816637612544,3815432811122356
2,0,4242,1789636816637623488,3815432811133319
2,0,4243,1789636816637634432,3815432811144251
2,0,4244,1789636816637645376,3815432811155162
2,0,4245,1789636816637656288,3815432811166093
2,0,4246,1789636816637667168,3815432811176951
2,0,4247,1789636816637678048,3815432811187837
2,0,4248,1789636816637688928,3815432811198743
2,0,4249,1789636816637699872,3815432811209707
2,0,4250,1789636816637710816,3815432811220629
2,0,4251,1789636816637721728,3815432811231510
2,0,4252,1789636816637732640,3815432811242457
2,0,4253,1789636816637743552,3815432811253361
2,0,4254,1789636816637754496,3815432811264326
2,0,4255,1789636816637765408,3815432811275210
2,0,4256,1789636816637776288,3815432811286113
2,0,4257,1789636816637787200,3815432811297017
2,0,4258,1789636816637798144,3815432811307961
2,0,4259,1789636816637809056,3815432811318955
2,0,4260,1789636816637820032,3815432811329826
2,0,4261,1789636816637830944,3815432811340737
2,0,4262,1789636816637841888,3815432811351695
2,0,4263,1789636816637852768,3815432811362597
2,0,4264,1789636816637863680,3815432811373588
2,0,4265,1789636816637874656,3815432811384458
2,0,4266,1789636816637885568,3815432811395368
2,0,4267,1789636816637896480,3815432811406270
2,0,4268,1789636816637907328,3815432811417126
2,0,4269,1789636816637918240,3815432811428141
2,0,4270,1789636816637929248,3815432811439077
2,0,4271,1789636816637940160,3815432811449948
2,0,4272,1789636816637951040,3815432811460890
2,0,4273,1789636816637961984,3815432811471781
2,0,4274,1789636816637972864,3815432811482764
2,0,4275,1789636816637983840,3815432811493655
2,0,4276,1789636816637994752,3815432811504546
2,0,4277,1789636816638005664,3815432811515459
2,0,4278,1789636816638016544,3815432811526368
2,0,4279,1789636816638027488,3815432811537395
2,0,4280,1789636816638038464,3815432811548290
2,0,4281,1789636816638049344,3815432811559148
2,0,4282,1789636816638060256,3815432811570050
2,0,4283,1789636816638071136,3815432811580937
2,0,4284,1789636816638082048,3815432811592030
2,0,4285,1789636816638093120,3815432811602935
2,0,4286,1789636816638104032,3815432811613837
2,0,4287,1789636816638114944,3815432811624770
2,0,4288,1789636816638125888,3815432811635695
2,0,4289,1789636816638136800,3815432811646700
2,0,4290,1789636816638147776,3815432811657590
2,0,4291,1789636816638158688,3815432811668502
2,0,4292,1789636816638169632,3815432811679443
2,0,4293,1789636816638180544,3815432811690380
2,0,4294,1789636816638191520,3815432811701357
2,0,4295,1789636816638202464,3815432811712275
2,0,4296,1789636816638213376,3815432811723172
2,0,4297,1789636816638224288,3815432811734070
2,0,4298,1789636816638235136,3815432811744988
2,0,4299,1789636816638246080,3815432811755937
2,0,4300,1789636816638257024,3815432811766853
2,0,4301,1789636816638267936,3815432811777752
2,0,4302,1789636816638278848,3815432811788636
2,0,4303,1789636816638289728,3815432811799560
2,0,4304,1789636816638300640,3815432811810563
2,0,4305,1789636816638311648,3815432811821447
2,0,4306,1789636816638322528,3815432811832306
2,0,4307,1789636816638333408,3815432811843207
2,0,4308,1789636816638344288,3815432811854115
2,0,4309,1789636816638355200,3815432811865137
2,0,4310,1789636816638366208,3815432811876048
2,0,4311,1789636816638377152,3815432811886940
2,0,4312,1789636816638388064,3815432811897875
2,0,4313,1789636816638398976,3815432811908810
2,0,4314,1789636816638409920,3815432811919805
2,0,4315,1789636816638420864,3815432811930690
2,0,4316,1789636816638431744,3815432811941568
2,0,4317,1789636816638442688,3815432811952495
2,0,4318,1789636816638453600,3815432811963430
2,0,4319,1789636816638464544,3815432811974440
2,0,4320,1789636816638475520,3815432811985335
2,0,4321,1789636816638486432,3815432811996260
2,0,4322,1789636816638497376,3815432812007200
2,0,4323,1789636816638508288,3815432812018094
2,0,4324,1789636816638519232,3815432812029068
2,0,4325,1789636816638530144,3815432812039968
2,0,4326,1789636816638541056,3815432812055845
2,0,4327,1789636816638551936,3815432812061757
2,0,4328,1789636816638562848,3815432812072655
2,0,4329,1789636816638573728,3815432812083677
2,0,4330,1789636816638584736,3815432812094573
2,0,4331,1789636816638595648,3815432812105437
2,0,4332,1789636816638606560,3815432812116377
2,0,4333,1789636816638617440,3815432812127300
2,0,4334,1789636816638628384,3815432812138311
2,0,4335,1789636816638639360,3815432812149201
2,0,4336,1789636816638650272,3815432812160055
2,0,4337,1789636816638661184,3815432812171000
2,0,4338,1789636816638672128,3815432812181953
2,0,4339,1789636816638683072,3815432812192930
2,0,4340,1789636816638694016,3815432812203851
2,0,4341,1789636816638704896,3815432812214705
2,0,4342,1789636816638715808,3815432812225632
2,0,4343,1789636816638726688,3815432812236507
2,0,4344,1789636816638737568,3815432812247488
2,0,4345,1789636816638748576,3815432812258430
2,0,4346,1789636816638759520,3815432812269345
2,0,4347,1789636816638770432,3815432812280245
2,0,4348,1789636816638781344,3815432812291157
2,0,4349,1789636816638792224,3815432812302177
2,0,4350,1789636816638803232,3815432812313082
2,0,4351,1789636816638814144,3815432812323965
2,0,4352,1789636816638825088,3815432812334928
2,0,4353,1789636816638836032,3815432812345832
2,0,4354,1789636816638846912,3815432812356810
2,0,4355,1789636816638857856,3815432812367734
2,0,4356,1789636816638868768,3815432812378572
2,0,4357,1789636816638879680,3815432812389490
2,0,4358,1789636816638890560,3815432812400410
2,0,4359,1789636816638901504,3815432812411427
2,0,4360,1789636816638912512,3815432812422348
2,0,4361,1789636816638923392,3815432812433214
2,0,4362,1789636816638934304,3815432812444122
2,0,4363,1789636816638945216,3815432812455035
2,0,4364,1789636816638956128,3815432812466050
2,0,4365,1789636816638967104,3815432812476928
2,0,4366,1789636816638977984,3815432812487817
2,0,4367,1789636816638988928,3815432812498748
2,0,4368,1789636816638999840,3815432812509655
2,0,4369,1789636816639010752,3815432812520675
2,0,4370,1789636816639021728,3815432812531570
2,0,4371,1789636816639032640,3815432812542455
2,0,4372,1789636816639043552,3815432812553375
2,0,4373,1789636816639054464,3815432812564284
2,0,4374,1789636816639065408,3815432812575297
2,0,4375,1789636816639076384,3815432812586217
2,0,4376,1789636816639087296,3815432812597110
2,0,4377,1789636816639098208,3815432812608048
2,0,4378,1789636816639109120,3815432812618955
2,0,4379,1789636816639120032,3815432812629917
2,0,4380,1789636816639130976,3815432812640812
2,0,4381,1789636816639141888,3815432812651684
2,0,4382,1789636816639152768,3815432812662606
2,0,4383,1789636816639163680,3815432812673540
2,0,4384,1789636816639174624,3815432812684535
2,0,4385,1789636816639185600,3815432812695457
2,0,4386,1789636816639196544,3815432812706365
2,0,4387,1789636816639207456,3815432812717291
2,0,4388,1789636816639218368,3815432812728205
2,0,4389,1789636816639229280,3815432812739157
2,0,4390,1789636816639240192,3815432812750048
2,0,4391,1789636816639251136,3815432812760961
2,0,4392,1789636816639262048,3815432812771910
2,0,4393,1789636816639272992,3815432812782857
2,0,4394,1789636816639283936,3815432812793789
2,0,4395,1789636816639294848,3815432812804685
2,0,4396,1789636816639305760,3815432812815576
2,0,4397,1789636816639316672,3815432812826490
2,0,4398,1789636816639327552,3815432812837410
2,0,4399,1789636816639338464,3815432812848413
2,0,4400,1789636816639349440,3815432812859270
2,0,4401,1789636816639360320,3815432812870145
2,0,4402,1789636816639371232,3815432812881093
2,0,4403,1789636816639382144,3815432812891970
2,0,4404,1789636816639393056,3815432812903052
2,0,4405,1789636816639404064,3815432812913927
2,0,4406,1789636816639415008,3815432812924825
2,0,4407,1789636816639425920,3815432812935753
2,0,4408,1789636816639436832,3815432812946690
2,0,4409,1789636816639447744,3815432812957735
2,0,4410,1789636816639458720,3815432812968570
2,0,4411,1789636816639469632,3815432812979482
2,0,4412,1789636816639480544,3815432812990421
2,0,4413,1789636816639491456,3815432813001330
2,0,4414,1789636816639502400,3815432813012290
2,0,4415,1789636816639513344,3815432813023192
2,0,4416,1789636816639524256,3815432813034073
2,0,4417,1789636816639535168,3815432813044997
2,0,4418,1789636816639546048,3815432813055895
2,0,4419,1789636816639556960,3815432813066917
2,0,4420,1789636816639568000,3815432813077855
2,0,4421,1789636816639578880,3815432813088700
2,0,4422,1789636816639589792,3815432813099650
2,0,4423,1789636816639600704,3815432813110545
2,0,4424,1789636816639611616,3815432813121540
2,0,4425,1789636816639622560,3815432813132439
2,0,4426,1789636816639633504,3815432813143337
2,0,4427,1789636816639644416,3815432813154288
2,0,4428,1789636816639655328,3815432813165170
2,0,4429,1789636816639666240,3815432813176155
2,0,4430,1789636816639677216,3815432813187061
2,0,4431,1789636816639688128,3815432813197954
2,0,4432,1789636816639699040,3815432813208893
2,0,4433,1789636816639709920,3815432813219781
2,0,4434,1789636816639720832,3815432813230800
2,0,4435,1789636816639731808,3815432813241680
2,0,4436,1789636816639742720,3815432813252545
2,0,4437,1789636816639753632,3815432813263475
2,0,4438,1789636816639764576,3815432813274430
2,0,4439,1789636816639775488,3815432813285401
2,0,4440,1789636816639786400,3815432813296247
2,0,4441,1789636816639797280,3815432813307110
2,0,4442,1789636816639808192,3815432813318030
2,0,4443,1789636816639819104,3815432813328950
2,0,4444,1789636816639829984,3815432813339957
2,0,4445,1789636816639840992,3815432813350860
2,0,4446,1789636816639851872,3815432813361687
2,0,4447,1789636816639862752,3815432813372618
2,0,4448,1789636816639873696,3815432813383570
2,0,4449,1789636816639884576,3815432813394610
2,0,4450,1789636816639895680,3815432813405520
2,0,4451,1789636816639906560,3815432813416397
2,0,4452,1789636816639917504,3815432813427342
2,0,4453,1789636816639928384,3815432813438228
2,0,4454,1789636816639939296,3815432813449300
2,0,4455,1789636816639950336,3815432813460152
2,0,4456,1789636816639961248,3815432813471083
2,0,4457,1789636816639972192,3815432813482020
2,0,4458,1789636816639983104,3815432813492951
2,0,4459,1789636816639994016,3815432813503888
2,0,4460,1789636816640004960,3815432813514813
2,0,4461,1789636816640015872,3815432813525699
2,0,4462,1789636816640026784,3815432813536637
2,0,4463,1789636816640037696,3815432813547532
2,0,4464,1789636816640048576,3815432813558518
2,0,4465,1789636816640059552,3815432813569415
2,0,4466,1789636816640070464,3815432813580318
2,0,4467,1789636816640081376,3815432813591222
2,0,4468,1789636816640092256,3815432813602138
2,0,4469,1789636816640103200,3815432813613147
2,0,4470,1789636816640114208,3815432813624055
2,0,4471,1789636816640125120,3815432813634960
2,0,4472,1789636816640136032,3815432813645886
2,0,4473,1789636816640146944,3815432813656792
2,0,4474,1789636816640157856,3815432813667768
2,0,4475,1789636816640168832,3815432813678700
2,0,4476,1789636816640179744,3815432813689590
2,0,4477,1789636816640190688,3815432813700538
2,0,4478,1789636816640201568,3815432813711428
2,0,4479,1789636816640212512,3815432813722380
2,0,4480,1789636816640223392,3815432813733257
2,0,4481,1789636816640234304,3815432813744151
2,0,4482,1789636816640245216,3815432813755081
2,0,4483,1789636816640256128,3815432813766010
2,0,4484,1789636816640267072,3815432813777010
2,0,4485,1789636816640278016,3815432813787897
2,0,4486,1789636816640288928,3815432813798776
2,0,4487,1789636816640299840,3815432813809697
2,0,4488,1789636816640310752,3815432813820628
2,0,4489,1789636816640321696,3815432813831632
2,0,4490,1789636816640332640,3815432813842530
2,0,4491,1789636816640343584,3815432813853408
2,0,4492,1789636816640354464,3815432813864317
2,0,4493,1789636816640365344,3815432813875188
2,0,4494,1789636816640376256,3815432813886279
2,0,4495,1789636816640387328,3815432813897178
2,0,4496,1789636816640398240,3815432813908076
2,0,4497,1789636816640409152,3815432813919095
2,0,4498,1789636816640420160,3815432813929977
2,0,4499,1789636816640431104,3815432813940950
2,0,4500,1789636816640441984,3815432813951850
2,0,4501,1789636816640452928,3815432813962766
2,0,4502,1789636816640463840,3815432813973728
2,0,4503,1789636816640474784,3815432813984650
2,0,4504,1789636816640485696,3815432813995540
2,0,4505,1789636816640496608,3815432814006481
2,0,4506,1789636816640507488,3815432814017315
2,0,4507,1789636816640518400,3815432814028257
2,0,4508,1789636816640529280,3815432814039139
2,0,4509,1789636816640540192,3815432814050126
2,0,4510,1789636816640551168,3815432814061101
2,0,4511,1789636816640562176,3815432814072018
2,0,4512,1789636816640573120,3815432814082970
2,0,4513,1789636816640584064,3815432814093950
2,0,4514,1789636816640595040,3815432814104882
2,0,4515,1789636816640605920,3815432814115825
2,0,4516,1789636816640616864,3815432814126686
2,0,4517,1789636816640627776,3815432814137734
2,0,4518,1789636816640638688,3815432814148550
2,0,4519,1789636816640649600,3815432814159434
2,0,4520,1789636816640660480,3815432814170312
2,0,4521,1789636816640671360,3815432814181194
2,0,4522,1789636816640682272,3815432814192128
2,0,4523,1789636816640693216,3815432814203070
2,0,4524,1789636816640704128,3815432814214000
2,0,4525,1789636816640715008,3815432814224895
2,0,4526,1789636816640725920,3815432814235770
2,0,4527,1789636816640736832,3815432814246672
2,0,4528,1789636816640747712,3815432814257573
2,0,4529,1789636816640758624,3815432814268634
2,0,4530,1789636816640769664,3815432814279536
2,0,4531,1789636816640780608,3815432814295842
2,0,4532,1789636816640791520,3815432814301357
2,0,4533,1789636816640802400,3815432814312270
2,0,4534,1789636816640813344,3815432814323245
2,0,4535,1789636816640824288,3815432814334150
2,0,4536,1789636816640835168,3815432814345017
2,0,4537,1789636816640846112,3815432814355948
2,0,4538,1789636816640856992,3815432814366873
2,0,4539,1789636816640867904,3815432814377865
2,0,4540,1789636816640878912,3815432814388757
2,0,4541,1789636816640889856,3815432814399728
2,0,4542,1789636816640900800,3815432814410711
2,0,4543,1789636816640911680,3815432814421555
2,0,4544,1789636816640922560,3815432814432496
2,0,4545,1789636816640933536,3815432814443355
2,0,4546,1789636816640944384,3815432814454228
2,0,4547,1789636816640955296,3815432814465165
2,0,4548,1789636816640966208,3815432814476105
2,0,4549,1789636816640977152,3815432814487115
2,0,4550,1789636816640988160,3815432814498039
2,0,4551,1789636816640999072,3815432814509079
2,0,4552,1789636816641009120,3815432814519079
2,0,4553,1789636816641019136,3815432814529077
2,0,4554,1789636816641029120,3815432814539077
2,0,4555,1789636816641039136,3815432814549068
2,0,4556,1789636816641049120,3815432814558968
2,0,4557,1789636816641059008,3815432814568985
2,0,4558,1789636816641069024,3815432814578888
2,0,4559,1789636816641078944,3815432814588771
2,0,4560,1789636816641088832,3815432814598665
2,0,4561,1789636816641098720,3815432814608560
2,0,4562,1789636816641108608,3815432814618506
2,0,4563,1789636816641118560,3815432814628428
2,0,4564,1789636816641128480,3815432814638356
2,0,4565,1789636816641138400,3815432814648247
2,0,4566,1789636816641148288,3815432814658149
2,0,4567,1789636816641158208,3815432814668060
2,0,4568,1789636816641168096,3815432814677965
2,0,4569,1789636816641178016,3815432814687971
2,0,4570,1789636816641188032,3815432814697867
2,0,4571,1789636816641197920,3815432814707758
2,0,4572,1789636816641207808,3815432814717733
2,0,4573,1789636816641217696,3815432814727548
2,0,4574,1789636816641227584,3815432814737451
2,0,4575,1789636816641237504,3815432814747358
2,0,4576,1789636816641247392,3815432814757264
2,0,4577,1789636816641257312,3815432814767187
2,0,4578,1789636816641267232,3815432814777145
2,0,4579,1789636816641277184,3815432814787053
2,0,4580,1789636816641287104,3815432814796974
2,0,4581,1789636816641297024,3815432814807054
2,0,4582,1789636816641307104,3815432814816951
2,0,4583,1789636816641316992,3815432814826837
2,0,4584,1789636816641326880,3815432814836731
2,0,4585,1789636816641336768,3815432814846616
2,0,4586,1789636816641346656,3815432814856534
2,0,4587,1789636816641356576,3815432814866448
2,0,4588,1789636816641366496,3815432814876351
2,0,4589,1789636816641376416,3815432814886274
2,0,4590,1789636816641386336,3815432814896205
2,0,4591,1789636816641396256,3815432814906147
2,0,4592,1789636816641406208,3815432814916036
2,0,4593,1789636816641416096,3815432814926056
2,0,4594,1789636816641426112,3815432814935958
2,0,4595,1789636816641436000,3815432814945856
2,0,4596,1789636816641445920,3815432814955756
2,0,4597,1789636816641455808,3815432814965688
2,0,4598,1789636816641465728,3815432814975601
2,0,4599,1789636816641475648,3815432814985514
2,0,4600,1789636816641485568,3815432814995416
2,0,4601,1789636816641495456,3815432815005331
2,0,4602,1789636816641505376,3815432815015231
2,0,4603,1789636816641515264,3815432815025113
2,0,4604,1789636816641525152,3815432815035029
2,0,4605,1789636816641535072,3815432815045054
2,0,4606,1789636816641545088,3815432815054954
2,0,4607,1789636816641555008,3815432815064844
2,0,4608,1789636816641564896,3815432815074756
2,0,4609,1789636816641574784,3815432815084686
2,0,4610,1789636816641584736,3815432815094601
2,0,4611,1789636816641594656,3815432815104518
2,0,4612,1789636816641604576,3815432815114446
2,0,4613,1789636816641614464,3815432815124354
2,0,4614,1789636816641624384,3815432815134258
2,0,4615,1789636816641634304,3815432815144149
2,0,4616,1789636816641644192,3815432815154054
2,0,4617,1789636816641654112,3815432815164035
2,0,4618,1789636816641664096,3815432815173934
2,0,4619,1789636816641673984,3815432815183826
2,0,4620,1789636816641683872,3815432815193715
2,0,4621,1789636816641693760,3815432815203616
2,0,4622,1789636816641703648,3815432815213548
2,0,4623,1789636816641713568,3815432815223458
2,0,4624,1789636816641723488,3815432815233373
2,0,4625,1789636816641733408,3815432815243296
2,0,4626,1789636816641743328,3815432815253209
2,0,4627,1789636816641753248,3815432815263111
2,0,4628,1789636816641763168,3815432815273031
2,0,4629,1789636816641773056,3815432815283046
2,0,4630,1789636816641783072,3815432815292936
2,0,4631,1789636816641792960,3815432815302827
2,0,4632,1789636816641802848,3815432815312717
2,0,4633,1789636816641812768,3815432815322608
2,0,4634,1789636816641822656,3815432815332514
2,0,4635,1789636816641832576,3815432815342431
2,0,4636,1789636816641842464,3815432815352346
2,0,4637,1789636816641852384,3815432815362253
2,0,4638,1789636816641862304,3815432815372154
2,0,4639,1789636816641872192,3815432815382048
2,0,4640,1789636816641882080,3815432815391925
2,0,4641,1789636816641891968,3815432815402016
2,0,4642,1789636816641902048,3815432815411918
2,0,4643,1789636816641911936,3815432815421818
2,0,4644,1789636816641921856,3815432815431698
2,0,4645,1789636816641931744,3815432815441591
2,0,4646,1789636816641941632,3815432815451502
2,0,4647,1789636816641951552,3815432815461425
2,0,4648,1789636816641961472,3815432815471346
2,0,4649,1789636816641971392,3815432815481247
2,0,4650,1789636816641981280,3815432815491168
2,0,4651,1789636816641991200,3815432815501074
2,0,4652,1789636816642001088,3815432815510976
2,0,4653,1789636816642011008,3815432815520989
2,0,4654,1789636816642021024,3815432815530888
2,0,4655,1789636816642030912,3815432815540786
2,0,4656,1789636816642040832,3815432815550691
2,0,4657,1789636816642050720,3815432815560599
2,0,4658,1789636816642060640,3815432815570521
2,0,4659,1789636816642070560,3815432815580436
2,0,4660,1789636816642080480,3815432815590349
2,0,4661,1789636816642090400,3815432815600261
2,0,4662,1789636816642100288,3815432815610156
2,0,4663,1789636816642110208,3815432815620069
2,0,4664,1789636816642120096,3815432815629978
2,0,4665,1789636816642130016,3815432815639998
2,0,4666,1789636816642140032,3815432815649876
2,0,4667,1789636816642149920,3815432815659776
2,0,4668,1789636816642159808,3815432815669668
2,0,4669,1789636816642169696,3815432815679567
2,0,4670,1789636816642179584,3815432815689474
2,0,4671,1789636816642189504,3815432815699394
2,0,4672,1789636816642199424,3815432815709321
2,0,4673,1789636816642209344,3815432815719236
2,0,4674,1789636816642219264,3815432815729144
2,0,4675,1789636816642229184,3815432815739069
2,0,4676,1789636816642239104,3815432815748971
2,0,4677,1789636816642248992,3815432815758996
2,0,4678,1789636816642259008,3815432815768878
2,0,4679,1789636816642268896,3815432815778777
2,0,4680,1789636816642278816,3815432815788668
2,0,4681,1789636816642288704,3815432815798556
2,0,4682,1789636816642298592,3815432815808449
2,0,4683,1789636816642308480,3815432815818363
2,0,4684,1789636816642318400,3815432815828288
2,0,4685,1789636816642328320,3815432815838209
2,0,4686,1789636816642338240,3815432815848155
2,0,4687,1789636816642348192,3815432815858067
2,0,4688,1789636816642358112,3815432815867976
2,0,4689,1789636816642368000,3815432815877984
2,0,4690,1789636816642378016,3815432815887888
2,0,4691,1789636816642387904,3815432815897790
2,0,4692,1789636816642397824,3815432815907733
2,0,4693,1789636816642407712,3815432815917588
2,0,4694,1789636816642417632,3815432815927514
2,0,4695,1789636816642427552,3815432815937438
2,0,4696,1789636816642437472,3815432815947358
2,0,4697,1789636816642447392,3815432815957278
2,0,4698,1789636816642457312,3815432815967218
2,0,4699,1789636816642467232,3815432815977122
2,0,4700,1789636816642477152,3815432815987046
2,0,4701,1789636816642487072,3815432815997058
2,0,4702,1789636816642497088,3815432816006959
2,0,4703,1789636816642506976,3815432816016846
2,0,4704,1789636816642516864,3815432816026737
2,0,4705,1789636816642526752,3815432816036634
2,0,4706,1789636816642536672,3815432816046556
2,0,4707,1789636816642546560,3815432816056481
2,0,4708,1789636816642556512,3815432816066409
2,0,4709,1789636816642566432,3815432816076316
2,0,4710,1789636816642576352,3815432816086218
2,0,4711,1789636816642586240,3815432816096127
2,0,4712,1789636816642596160,3815432816106054
2,0,4713,1789636816642606080,3815432816116044
2,0,4714,1789636816642616064,3815432816125947
2,0,4715,1789636816642625984,3815432816135834
2,0,4716,1789636816642635872,3815432816145736
2,0,4717,1789636816642645760,3815432816155628
2,0,4718,1789636816642655648,3815432816165534
2,0,4719,1789636816642665568,3815432816175456
2,0,4720,1789636816642675488,3815432816185386
2,0,4721,1789636816642685408,3815432816195308
2,0,4722,1789636816642695328,3815432816205217
2,0,4723,1789636816642705248,3815432816215128
2,0,4724,1789636816642715168,3815432816225038
2,0,4725,1789636816642725056,3815432816235054
2,0,4726,1789636816642735072,3815432816244923
2,0,4727,1789636816642744928,3815432816254816
2,0,4728,1789636816642754848,3815432816264704
2,0,4729,1789636816642764736,3815432816274616
2,0,4730,1789636816642774624,3815432816284534
2,0,4731,1789636816642784544,3815432816294456
2,0,4732,1789636816642794464,3815432816304367
2,0,4733,1789636816642804384,3815432816314296
2,0,4734,1789636816642814336,3815432816324211
2,0,4735,1789636816642824224,3815432816334134
2,0,4736,1789636816642834144,3815432816344034
2,0,4737,1789636816642844064,3815432816354058
2,0,4738,1789636816642854080,3815432816363947
2,0,4739,1789636816642863968,3815432816373836
2,0,4740,1789636816642873856,3815432816383734
2,0,4741,1789636816642883744,3815432816393634
2,0,4742,1789636816642893632,3815432816403551
2,0,4743,1789636816642903584,3815432816413467
2,0,4744,1789636816642913504,3815432816423381
2,0,4745,1789636816642923392,3815432816433294
2,0,4746,1789636816642933312,3815432816443231
2,0,4747,1789636816642943232,3815432816453127
2,0,4748,1789636816642953152,3815432816463045
2,0,4749,1789636816642963072,3815432816473053
2,0,4750,1789636816642973056,3815432816482958
2,0,4751,1789636816642982976,3815432816492864
2,0,4752,1789636816642992864,3815432816502767
2,0,4753,1789636816643002784,3815432816512696
2,0,4754,1789636816643012704,3815432816522617
2,0,4755,1789636816643022624,3815432816535834
2,0,4756,1789636816643032544,3815432816542468
2,0,4757,1789636816643042496,3815432816552371
2,0,4758,1789636816643052384,3815432816562257
2,0,4759,1789636816643062272,3815432816572169
2,0,4760,1789636816643072192,3815432816582264
2,0,4761,1789636816643082272,3815432816592158
2,0,4762,1789636816643092160,3815432816602053
2,0,4763,1789636816643102080,3815432816611951
2,0,4764,1789636816643111968,3815432816621849
2,0,4765,1789636816643121856,3815432816631767
2,0,4766,1789636816643131776,3815432816641706
2,0,4767,1789636816643141728,3815432816651613
2,0,4768,1789636816643151616,3815432816661520
2,0,4769,1789636816643161536,3815432816671416
2,0,4770,1789636816643171424,3815432816681314
2,0,4771,1789636816643181344,3815432816691221
2,0,4772,1789636816643191232,3815432816701251
2,0,4773,1789636816643201248,3815432816711138
2,0,4774,1789636816643211168,3815432816721074
2,0,4775,1789636816643221088,3815432816731077
2,0,4776,1789636816643231104,3815432816741014
2,0,4777,1789636816643241024,3815432816750936
2,0,4778,1789636816643250944,3815432816760866
2,0,4779,1789636816643260864,3815432816770787
2,0,4780,1789636816643270816,3815432816780701
2,0,4781,1789636816643280736,3815432816790611
2,0,4782,1789636816643290624,3815432816800536
2,0,4783,1789636816643300544,3815432816810544
2,0,4784,1789636816643310560,3815432816820458
2,0,4785,1789636816643320480,3815432816830347
2,0,4786,1789636816643330368,3815432816840258
2,0,4787,1789636816643340256,3815432816850198
2,0,4788,1789636816643350208,3815432816860114
2,0,4789,1789636816643360128,3815432816870038
2,0,4790,1789636816643370048,3815432816879946
2,0,4791,1789636816643379968,3815432816889894
2,0,4792,1789636816643389920,3815432816899808
2,0,4793,1789636816643399808,3815432816909724
2,0,4794,1789636816643409728,3815432816919804
2,0,4795,1789636816643419808,3815432816929704
2,0,4796,1789636816643429696,3815432816939598
2,0,4797,1789636816643439616,3815432816949486
2,0,4798,1789636816643449504,3815432816959373
2,0,4799,1789636816643459392,3815432816969301
2,0,4800,1789636816643469312,3815432816979218
2,0,4801,1789636816643479232,3815432816989136
2,0,4802,1789636816643489152,3815432816999076
2,0,4803,1789636816643499072,3815432817009067
2,0,4804,1789636816643509056,3815432817018978
2,0,4805,1789636816643518976,3815432817029063
2,0,4806,1789636816643529056,3815432817038954
2,0,4807,1789636816643538976,3815432817048859
2,0,4808,1789636816643548864,3815432817058747
2,0,4809,1789636816643558752,3815432817068649
2,0,4810,1789636816643568640,3815432817078560
2,0,4811,1789636816643578560,3815432817088469
2,0,4812,1789636816643588480,3815432817098384
2,0,4813,1789636816643598400,3815432817108314
2,0,4814,1789636816643608320,3815432817118207
2,0,4815,1789636816643618208,3815432817128118
2,0,4816,1789636816643628128,3815432817138036
2,0,4817,1789636816643638048,3815432817148048
2,0,4818,1789636816643648064,3815432817157948
2,0,4819,1789636816643657952,3815432817167841
2,0,4820,1789636816643667840,3815432817177744
2,0,4821,1789636816643677760,3815432817187733
2,0,4822,1789636816643687680,3815432817197604
2,0,4823,1789636816643697600,3815432817207517
2,0,4824,1789636816643707520,3815432817217423
2,0,4825,1789636816643717440,3815432817227349
2,0,4826,1789636816643727328,3815432817237221
2,0,4827,1789636816643737216,3815432817247116
2,0,4828,1789636816643747104,3815432817257029
2,0,4829,1789636816643757024,3815432817267037
2,0,4830,1789636816643767040,3815432817276924
2,0,4831,1789636816643776928,3815432817286816
2,0,4832,1789636816643786816,3815432817296714
2,0,4833,1789636816643796736,3815432817306607
2,0,4834,1789636816643806624,3815432817316537
2,0,4835,1789636816643816544,3815432817326444
2,0,4836,1789636816643826464,3815432817336353
2,0,4837,1789636816643836352,3815432817346288
2,0,4838,1789636816643846272,3815432817356204
2,0,4839,1789636816643856192,3815432817366117
2,0,4840,1789636816643866112,3815432817376034
2,0,4841,1789636816643876032,3815432817386058
2,0,4842,1789636816643886048,3815432817395947
2,0,4843,1789636816643895936,3815432817405846
2,0,4844,1789636816643905856,3815432817415734
2,0,4845,1789636816643915744,3815432817425634
2,0,4846,1789636816643925632,3815432817435541
2,0,4847,1789636816643935552,3815432817445469
2,0,4848,1789636816643945472,3815432817455388
2,0,4849,1789636816643955392,3815432817465296
2,0,4850,1789636816643965312,3815432817475214
2,0,4851,1789636816643975200,3815432817485123
2,0,4852,1789636816643985120,3815432817495031
2,0,4853,1789636816643995040,3815432817505048
2,0,4854,1789636816644005056,3815432817514948
2,0,4855,1789636816644014944,3815432817524855
2,0,4856,1789636816644024864,3815432817534778
2,0,4857,1789636816644034752,3815432817544691
2,0,4858,1789636816644044704,3815432817554609
2,0,4859,1789636816644054624,3815432817564529
2,0,4860,1789636816644064512,3815432817574448
2,0,4861,1789636816644074464,3815432817584392
2,0,4862,1789636816644084384,3815432817594304
2,0,4863,1789636816644094304,3815432817604216
2,0,4864,1789636816644104224,3815432817614226
2,0,4865,1789636816644114240,3815432817624129
2,0,4866,1789636816644124128,3815432817634014
2,0,4867,1789636816644134016,3815432817643911
2,0,4868,1789636816644143904,3815432817653801
2,0,4869,1789636816644153792,3815432817663701
2,0,4870,1789636816644163712,3815432817673624
2,0,4871,1789636816644173632,3815432817683551
2,0,4872,1789636816644183520,3815432817693454
2,0,4873,1789636816644193440,3815432817703393
2,0,4874,1789636816644203392,3815432817713304
2,0,4875,1789636816644213312,3815432817723211
2,0,4876,1789636816644223200,3815432817733228
2,0,4877,1789636816644233216,3815432817743127
2,0,4878,1789636816644243104,3815432817753018
2,0,4879,1789636816644252992,3815432817762907
2,0,4880,1789636816644262912,3815432817772796
2,0,4881,1789636816644272800,3815432817782702
2,0,4882,1789636816644282688,3815432817792621
2,0,4883,1789636816644292608,3815432817802549
2,0,4884,1789636816644302560,3815432817812478
2,0,4885,1789636816644312448,3815432817822394
2,0,4886,1789636816644322400,3815432817832309
2,0,4887,1789636816644332288,3815432817842228
2,0,4888,1789636816644342208,3815432817852307
2,0,4889,1789636816644352288,3815432817862196
2,0,4890,1789636816644362208,3815432817872086
2,0,4891,1789636816644372096,3815432817881994
2,0,4892,1789636816644381984,3815432817891886
2,0,4893,1789636816644391872,3815432817901796
2,0,4894,1789636816644401792,3815432817911718
2,0,4895,1789636816644411712,3815432817921645
2,0,4896,1789636816644421632,3815432817931558
2,0,4897,1789636816644431552,3815432817941447
2,0,4898,1789636816644441440,3815432817951364
2,0,4899,1789636816644451360,3815432817961284
2,0,4900,1789636816644461280,3815432817971291
2,0,4901,1789636816644471296,3815432817981196
2,0,4902,1789636816644481184,3815432817991081
2,0,4903,1789636816644491072,3815432818000966
2,0,4904,1789636816644500960,3815432818010867
2,0,4905,1789636816644510848,3815432818020778
2,0,4906,1789636816644520768,3815432818030697
2,0,4907,1789636816644530688,3815432818040614
2,0,4908,1789636816644540608,3815432818050531
2,0,4909,1789636816644550528,3815432818060457
2,0,4910,1789636816644560448,3815432818070376
2,0,4911,1789636816644570368,3815432818080273
2,0,4912,1789636816644580256,3815432818090296
2,0,4913,1789636816644590272,3815432818100181
2,0,4914,1789636816644600160,3815432818110078
2,0,4915,1789636816644610048,3815432818119976
2,0,4916,1789636816644619968,3815432818129884
2,0,4917,1789636816644629856,3815432818139794
2,0,4918,1789636816644639776,3815432818149706
2,0,4919,1789636816644649696,3815432818159610
2,0,4920,1789636816644659584,3815432818169548
2,0,4921,1789636816644669536,3815432818179448
2,0,4922,1789636816644679456,3815432818189351
2,0,4923,1789636816644689344,3815432818199277
2,0,4924,1789636816644699264,3815432818209299
2,0,4925,1789636816644709280,3815432818219199
2,0,4926,1789636816644719168,3815432818229097
2,0,4927,1789636816644729088,3815432818239072
2,0,4928,1789636816644739040,3815432818249077
2,0,4929,1789636816644749056,3815432818259074
2,0,4930,1789636816644759072,3815432818269077
2,0,4931,1789636816644769056,3815432818279069
2,0,4932,1789636816644779040,3815432818289219
2,0,4933,1789636816644789216,3815432818299121
2,0,4934,1789636816644799104,3815432818309069
2,0,4935,1789636816644809056,3815432818319067
2,0,4936,1789636816644819040,3815432818329076
2,0,4937,1789636816644829056,3815432818339077
2,0,4938,1789636816644839072,3815432818349067
2,0,4939,1789636816644849056,3815432818358961
2,0,4940,1789636816644858944,3815432818368857
2,0,4941,1789636816644868832,3815432818378764
2,0,4942,1789636816644878752,3815432818388784
2,0,4943,1789636816644888768,3815432818398699
2,0,4944,1789636816644898688,3815432818408587
2,0,4945,1789636816644908576,3815432818418488
2,0,4946,1789636816644918464,3815432818428419
2,0,4947,1789636816644928384,3815432818438335
2,0,4948,1789636816644938336,3815432818448269
2,0,4949,1789636816644948256,3815432818458188
2,0,4950,1789636816644958176,3815432818468117
2,0,4951,1789636816644968096,3815432818478026
2,0,4952,1789636816644978016,3815432818487948
2,0,4953,1789636816644987936,3815432818498021
2,0,4954,1789636816644997984,3815432818507934
2,0,4955,1789636816645007904,3815432818517834
2,0,4956,1789636816645017824,3815432818527730
2,0,4957,1789636816645027712,3815432818537734
2,0,4958,1789636816645037632,3815432818547588
2,0,4959,1789636816645047584,3815432818557500
2,0,4960,1789636816645057504,3815432818567428
2,0,4961,1789636816645067392,3815432818577376
2,0,4962,1789636816645077344,3815432818587280
2,0,4963,1789636816645087264,3815432818597200
2,0,4964,1789636816645097184,3815432818607296
2,0,4965,1789636816645107264,3815432818617191
2,0,4966,1789636816645117152,3815432818627084
2,0,4967,1789636816645127072,3815432818636992
2,0,4968,1789636816645136960,3815432818646901
2,0,4969,1789636816645146880,3815432818656839
2,0,4970,1789636816645156832,3815432818666758
2,0,4971,1789636816645166752,3815432818676697
2,0,4972,1789636816645176672,3815432818686613
2,0,4973,1789636816645186592,3815432818696527
2,0,4974,1789636816645196512,3815432818706445
2,0,4975,1789636816645206400,3815432818716536
2,0,4976,1789636816645216512,3815432818726434
2,0,4977,1789636816645226400,3815432818736327
2,0,4978,1789636816645236288,3815432818746224
2,0,4979,1789636816645246208,3815432818756154
2,0,4980,1789636816645256128,3815432818766084
2,0,4981,1789636816645266048,3815432818776017
2,0,4982,1789636816645276000,3815432818785948
2,0,4983,1789636816645285920,3815432818795870
2,0,4984,1789636816645295840,3815432818805769
2,0,4985,1789636816645305760,3815432818815684
2,0,4986,1789636816645315648,3815432818825779
2,0,4987,1789636816645325760,3815432818835687
2,0,4988,1789636816645335680,3815432818845584
2,0,4989,1789636816645345568,3815432818855476
2,0,4990,1789636816645355456,3815432818865397
2,0,4991,1789636816645365376,3815432818875334
2,0,4992,1789636816645375296,3815432818885254
2,0,4993,1789636816645385216,3815432818895196
2,0,4994,1789636816645395168,3815432818905108
2,0,4995,1789636816645405088,3815432818915019
2,0,4996,1789636816645415008,3815432818924933
2,0,4997,1789636816645424896,3815432818935013
2,0,4998,1789636816645434976,3815432818944913
2,0,4999,1789636816645444896,3815432818954814
2,0,5000,1789636816645454784,3815432818964701
2,0,5001,1789636816645464672,3815432818974648
2,0,5002,1789636816645474624,3815432818984577
2,0,5003,1789636816645484544,3815432818994504
2,0,5004,1789636816645494464,3815432819004426
2,0,5005,1789636816645504384,3815432819014356
2,0,5006,1789636816645514336,3815432819024268
2,0,5007,1789636816645524224,3815432819034170
2,0,5008,1789636816645534144,3815432819044264
2,0,5009,1789636816645544224,3815432819054174
2,0,5010,1789636816645554144,3815432819064087
2,0,5011,1789636816645564064,3815432819073956
2,0,5012,1789636816645573920,3815432819083896
2,0,5013,1789636816645583872,3815432819093811
2,0,5014,1789636816645593792,3815432819103747
2,0,5015,1789636816645603712,3815432819113676
2,0,5016,1789636816645613632,3815432819123594
2,0,5017,1789636816645623584,3815432819133527
2,0,5018,1789636816645633472,3815432819143427
2,0,5019,1789636816645643392,3815432819153514
2,0,5020,1789636816645653504,3815432819163436
2,0,5021,1789636816645663392,3815432819173304
2,0,5022,1789636816645673280,3815432819183238
2,0,5023,1789636816645683200,3815432819193156
2,0,5024,1789636816645693120,3815432819203096
2,0,5025,1789636816645703072,3815432819213010
2,0,5026,1789636816645712992,3815432819222933
2,0,5027,1789636816645722912,3815432819232841
2,0,5028,1789636816645732800,3815432819242768
2,0,5029,1789636816645742720,3815432819252676
2,0,5030,1789636816645752640,3815432819262684
2,0,5031,1789636816645762656,3815432819272587
2,0,5032,1789636816645772544,3815432819282486
2,0,5033,1789636816645782464,3815432819292391
2,0,5034,1789636816645792352,3815432819302294
2,0,5035,1789636816645802272,3815432819312236
2,0,5036,1789636816645812192,3815432819322144
2,0,5037,1789636816645822112,3815432819332077
2,0,5038,1789636816645832032,3815432819342004
2,0,5039,1789636816645841984,3815432819351917
2,0,5040,1789636816645851872,3815432819361820
2,0,5041,1789636816645861792,3815432819371733
2,0,5042,1789636816645871680,3815432819381749
2,0,5043,1789636816645881696,3815432819391648
2,0,5044,1789636816645891616,3815432819401551
2,0,5045,1789636816645901504,3815432819411474
2,0,5046,1789636816645911424,3815432819421399
2,0,5047,1789636816645921344,3815432819431320
2,0,5048,1789636816645931296,3815432819441251
2,0,5049,1789636816645941216,3815432819451182
2,0,5050,1789636816645951136,3815432819461099
2,0,5051,1789636816645961056,3815432819471087
2,0,5052,1789636816645971040,3815432819481247
2,0,5053,1789636816645981216,3815432819491141
2,0,5054,1789636816645991104,3815432819501074
2,0,5055,1789636816646001024,3815432819510970
2,0,5056,1789636816646010912,3815432819520877
2,0,5057,1789636816646020832,3815432819530813
2,0,5058,1789636816646030752,3815432819540742
2,0,5059,1789636816646040704,3815432819550672
2,0,5060,1789636816646050624,3815432819560594
2,0,5061,1789636816646060544,3815432819570502
2,0,5062,1789636816646070464,3815432819580419
2,0,5063,1789636816646080384,3815432819590413
2,0,5064,1789636816646090400,3815432819600359
2,0,5065,1789636816646100320,3815432819610263
2,0,5066,1789636816646110208,3815432819620177
2,0,5067,1789636816646120160,3815432819630073
2,0,5068,1789636816646130048,3815432819640013
2,0,5069,1789636816646139968,3815432819649927
2,0,5070,1789636816646149888,3815432819659859
2,0,5071,1789636816646159808,3815432819669790
2,0,5072,1789636816646169728,3815432819679680
2,0,5073,1789636816646179648,3815432819689577
2,0,5074,1789636816646189536,3815432819699484
2,0,5075,1789636816646199424,3815432819709488
2,0,5076,1789636816646209440,3815432819719389
2,0,5077,1789636816646219328,3815432819729289
2,0,5078,1789636816646229248,3815432819739181
2,0,5079,1789636816646239136,3815432819749069
2,0,5080,1789636816646249024,3815432819759082
2,0,5081,1789636816646259040,3815432819769078
2,0,5082,1789636816646269024,3815432819779084
2,0,5083,1789636816646279040,3815432819789074
2,0,5084,1789636816646289024,3815432819799174
2,0,5085,1789636816646299104,3815432819809072
2,0,5086,1789636816646309024,3815432819818958
2,0,5087,1789636816646318912,3815432819828850
2,0,5088,1789636816646328800,3815432819838737
2,0,5089,1789636816646338688,3815432819848641
2,0,5090,1789636816646348576,3815432819858582
2,0,5091,1789636816646358528,3815432819868493
2,0,5092,1789636816646368448,3815432819878429
2,0,5093,1789636816646378368,3815432819888336
2,0,5094,1789636816646388288,3815432819898243
2,0,5095,1789636816646398208,3815432819908164
2,0,5096,1789636816646408096,3815432819918167
2,0,5097,1789636816646418112,3815432819928064
2,0,5098,1789636816646428032,3815432819937952
2,0,5099,1789636816646437888,3815432819947851
2,0,5100,1789636816646447808,3815432819957759
2,0,5101,1789636816646457696,3815432819967733
2,0,5102,1789636816646467648,3815432819977622
2,0,5103,1789636816646477568,3815432819987544
2,0,5104,1789636816646487488,3815432819997484
2,0,5105,1789636816646497408,3815432820007387
2,0,5106,1789636816646507328,3815432820017314
2,0,5107,1789636816646517248,3815432820027219
2,0,5108,1789636816646527168,3815432820037224
2,0,5109,1789636816646537184,3815432820047131
2,0,5110,1789636816646547072,3815432820057032
2,0,5111,1789636816646556992,3815432820066942
2,0,5112,1789636816646566880,3815432820076842
2,0,5113,1789636816646576800,3815432820086749
2,0,5114,1789636816646586688,3815432820096689
2,0,5115,1789636816646596640,3815432820106613
2,0,5116,1789636816646606560,3815432820116527
2,0,5117,1789636816646616480,3815432820126419
2,0,5118,1789636816646626368,3815432820136333
2,0,5119,1789636816646636288,3815432820146223
2,0,5120,1789636816646646176,3815432820156229
2,0,5121,1789636816646656160,3815432820166119
2,0,5122,1789636816646666048,3815432820176021
2,0,5123,1789636816646675968,3815432820185911
2,0,5124,1789636816646685856,3815432820195814
2,0,5125,1789636816646695744,3815432820205739
2,0,5126,1789636816646705696,3815432820215657
2,0,5127,1789636816646715584,3815432820225582
2,0,5128,1789636816646725536,3815432820235509
2,0,5129,1789636816646735456,3815432820245402
2,0,5130,1789636816646745344,3815432820255302
2,0,5131,1789636816646755232,3815432820265221
2,0,5132,1789636816646765152,3815432820275242
2,0,5133,1789636816646775168,3815432820285129
2,0,5134,1789636816646785056,3815432820295023
2,0,5135,1789636816646794976,3815432820304912
2,0,5136,1789636816646804864,3815432820314799
2,0,5137,1789636816646814752,3815432820324707
2,0,5138,1789636816646824640,3815432820334640
2,0,5139,1789636816646834592,3815432820344552
2,0,5140,1789636816646844512,3815432820354477
2,0,5141,1789636816646854400,3815432820364402
2,0,5142,1789636816646864352,3815432820374301
2,0,5143,1789636816646874240,3815432820384221
2,0,5144,1789636816646884160,3815432820394244
2,0,5145,1789636816646894176,3815432820404139
2,0,5146,1789636816646904096,3815432820414037
2,0,5147,1789636816646913984,3815432820423937
2,0,5148,1789636816646923872,3815432820433882
2,0,5149,1789636816646933824,3815432820443801
2,0,5150,1789636816646943744,3815432820453723
2,0,5151,1789636816646953664,3815432820463652
2,0,5152,1789636816646963584,3815432820473594
2,0,5153,1789636816646973536,3815432820483497
2,0,5154,1789636816646983424,3815432820493410
2,0,5155,1789636816646993344,3815432820503421
2,0,5156,1789636816647003360,3815432820513309
2,0,5157,1789636816647013248,3815432820523199
2,0,5158,1789636816647023136,3815432820533093
2,0,5159,1789636816647033024,3815432820542978
2,0,5160,1789636816647042912,3815432820552890
2,0,5161,1789636816647052832,3815432820562803
2,0,5162,1789636816647062752,3815432820572730
2,0,5163,1789636816647072672,3815432820582654
2,0,5164,1789636816647082592,3815432820592581
2,0,5165,1789636816647092512,3815432820602502
2,0,5166,1789636816647102432,3815432820612406
2,0,5167,1789636816647112352,3815432820622421
2,0,5168,1789636816647122368,3815432820632312
2,0,5169,1789636816647132256,3815432820642200
2,0,5170,1789636816647142144,3815432820652096
2,0,5171,1789636816647152032,3815432820661989
2,0,5172,1789636816647161920,3815432820671893
2,0,5173,1789636816647171840,3815432820681834
2,0,5174,1789636816647181760,3815432820691752
2,0,5175,1789636816647191680,3815432820701670
2,0,5176,1789636816647201600,3815432820711580
2,0,5177,1789636816647211520,3815432820721497
2,0,5178,1789636816647221440,3815432820731407
2,0,5179,1789636816647231328,3815432820741417
2,0,5180,1789636816647241344,3815432820751311
2,0,5181,1789636816647251232,3815432820761217
2,0,5182,1789636816647261152,3815432820771127
2,0,5183,1789636816647271072,3815432820781121
2,0,5184,1789636816647281056,3815432820791088
2,0,5185,1789636816647291040,3815432820801094
2,0,5186,1789636816647301024,3815432820811093
2,0,5187,1789636816647311008,3815432820821081
2,0,5188,1789636816647321024,3815432820830973
2,0,5189,1789636816647330912,3815432820840973
2,0,5190,1789636816647340896,3815432820850881
2,0,5191,1789636816647350816,3815432820860774
2,0,5192,1789636816647360704,3815432820870686
2,0,5193,1789636816647370624,3815432820880581
2,0,5194,1789636816647380512,3815432820890483
2,0,5195,1789636816647390400,3815432820900386
2,0,5196,1789636816647400320,3815432820910306
2,0,5197,1789636816647410240,3815432820920253
2,0,5198,1789636816647420160,3815432820930139
2,0,5199,1789636816647430080,3815432820940044
2,0,5200,1789636816647439968,3815432820949956
2,0,5201,1789636816647449888,3815432820959973
2,0,5202,1789636816647459904,3815432820969862
2,0,5203,1789636816647469792,3815432820979749
2,0,5204,1789636816647479680,3815432820989642
2,0,5205,1789636816647489568,3815432820999533
2,0,5206,1789636816647499456,3815432821009448
2,0,5207,1789636816647509376,3815432821019374
2,0,5208,1789636816647519296,3815432821029294
2,0,5209,1789636816647529216,3815432821039209
2,0,5210,1789636816647539136,3815432821049102
2,0,5211,1789636816647549024,3815432821059071
2,0,5212,1789636816647559008,3815432821068973
2,0,5213,1789636816647568896,3815432821079069
2,0,5214,1789636816647579008,3815432821088962
2,0,5215,1789636816647588896,3815432821098854
2,0,5216,1789636816647598784,3815432821108759
2,0,5217,1789636816647608672,3815432821118676
2,0,5218,1789636816647618624,3815432821128580
2,0,5219,1789636816647628512,3815432821138484
2,0,5220,1789636816647638432,3815432821148390
2,0,5221,1789636816647648320,3815432821158324
2,0,5222,1789636816647658272,3815432821168238
2,0,5223,1789636816647668160,3815432821178151
2,0,5224,1789636816647678080,3815432821188161
2,0,5225,1789636816647688096,3815432821198053
2,0,5226,1789636816647697984,3815432821207941
2,0,5227,1789636816647707872,3815432821217831
2,0,5228,1789636816647717760,3815432821227726
2,0,5229,1789636816647727648,3815432821237626
2,0,5230,1789636816647737568,3815432821247562
2,0,5231,1789636816647747488,3815432821257473
2,0,5232,1789636816647757376,3815432821267393
2,0,5233,1789636816647767328,3815432821277334
2,0,5234,1789636816647777248,3815432821287236
2,0,5235,1789636816647787168,3815432821297155
2,0,5236,1789636816647797056,3815432821307173
2,0,5237,1789636816647807104,3815432821317058
2,0,5238,1789636816647816992,3815432821326953
2,0,5239,1789636816647826880,3815432821336839
2,0,5240,1789636816647836768,3815432821346728
2,0,5241,1789636816647846656,3815432821356642
2,0,5242,1789636816647856576,3815432821366551
2,0,5243,1789636816647866464,3815432821376481
2,0,5244,1789636816647876416,3815432821386394
2,0,5245,1789636816647886336,3815432821396334
2,0,5246,1789636816647896256,3815432821406243
2,0,5247,1789636816647906176,3815432821416155
2,0,5248,1789636816647916064,3815432821426167
2,0,5249,1789636816647926080,3815432821436046
2,0,5250,1789636816647935968,3815432821445942
2,0,5251,1789636816647945856,3815432821455842
2,0,5252,1789636816647955744,3815432821465733
2,0,5253,1789636816647965632,3815432821475634
2,0,5254,1789636816647975552,3815432821485542
2,0,5255,1789636816647985472,3815432821495456
2,0,5256,1789636816647995392,3815432821505381
2,0,5257,1789636816648005312,3815432821515283
2,0,5258,1789636816648015200,3815432821525173
2,0,5259,1789636816648025088,3815432821535060
2,0,5260,1789636816648034976,3815432821544970
2,0,5261,1789636816648044896,3815432821554973
2,0,5262,1789636816648054880,3815432821564863
2,0,5263,1789636816648064768,3815432821574761
2,0,5264,1789636816648074688,3815432821584643
2,0,5265,1789636816648084576,3815432821594533
2,0,5266,1789636816648094464,3815432821604463
2,0,5267,1789636816648104384,3815432821614357
2,0,5268,1789636816648114272,3815432821624290
2,0,5269,1789636816648124192,3815432821634213
2,0,5270,1789636816648134112,3815432821644094
2,0,5271,1789636816648144000,3815432821653996
2,0,5272,1789636816648153920,3815432821663909
2,0,5273,1789636816648163808,3815432821673922
2,0,5274,1789636816648173856,3815432821683826
2,0,5275,1789636816648183744,3815432821693721
2,0,5276,1789636816648193632,3815432821703624
2,0,5277,1789636816648203552,3815432821713529
2,0,5278,1789636816648213440,3815432821723443
2,0,5279,1789636816648223360,3815432821733356
2,0,5280,1789636816648233280,3815432821743283
2,0,5281,1789636816648243200,3815432821753202
2,0,5282,1789636816648253120,3815432821763088
2,0,5283,1789636816648263008,3815432821772993
2,0,5284,1789636816648272896,3815432821782904
2,0,5285,1789636816648282816,3815432821792923
2,0,5286,1789636816648292832,3815432821802809
2,0,5287,1789636816648302720,3815432821812704
2,0,5288,1789636816648312608,3815432821822593
2,0,5289,1789636816648322496,3815432821832482
2,0,5290,1789636816648332384,3815432821842382
2,0,5291,1789636816648342304,3815432821852287
2,0,5292,1789636816648352224,3815432821862199
2,0,5293,1789636816648362112,3815432821872123
2,0,5294,1789636816648372032,3815432821882044
2,0,5295,1789636816648381952,3815432821891934
2,0,5296,1789636816648391840,3815432821901824
2,0,5297,1789636816648401728,3815432821911726
2,0,5298,1789636816648411648,3815432821921726
2,0,5299,1789636816648421632,3815432821931619
2,0,5300,1789636816648431520,3815432821941508
2,0,5301,1789636816648441408,3815432821951404
2,0,5302,1789636816648451328,3815432821961293
2,0,5303,1789636816648461216,3815432821971210
2,0,5304,1789636816648471104,3815432821981116
2,0,5305,1789636816648481024,3815432821991099
2,0,5306,1789636816648491008,3815432822001096
2,0,5307,1789636816648500992,3815432822011082
2,0,5308,1789636816648511008,3815432822020992
2,0,5309,1789636816648520896,3815432822030993
2,0,5310,1789636816648530912,3815432822040902
2,0,5311,1789636816648540800,3815432822050778
2,0,5312,1789636816648550688,3815432822060672
2,0,5313,1789636816648560576,3815432822070580
2,0,5314,1789636816648570496,3815432822080493
2,0,5315,1789636816648580416,3815432822090409
2,0,5316,1789636816648590336,3815432822100319
2,0,5317,1789636816648600224,3815432822110242
2,0,5318,1789636816648610144,3815432822120152
2,0,5319,1789636816648620064,3815432822130054
2,0,5320,1789636816648629952,3815432822139973
2,0,5321,1789636816648639872,3815432822150015
2,0,5322,1789636816648649920,3815432822159903
2,0,5323,1789636816648659808,3815432822169803
2,0,5324,1789636816648669696,3815432822179693
2,0,5325,1789636816648679584,3815432822189579
2,0,5326,1789636816648689472,3815432822199496
2,0,5327,1789636816648699392,3815432822209406
2,0,5328,1789636816648709312,3815432822219316
2,0,5329,1789636816648719232,3815432822229250
2,0,5330,1789636816648729152,3815432822239168
2,0,5331,1789636816648739072,3815432822249083
2,0,5332,1789636816648748992,3815432822259169
2,0,5333,1789636816648759072,3815432822269091
2,0,5334,1789636816648768992,3815432822279071
2,0,5335,1789636816648778976,3815432822289071
2,0,5336,1789636816648788992,3815432822299081
2,0,5337,1789636816648798976,3815432822308974
2,0,5338,1789636816648808864,3815432822318901
2,0,5339,1789636816648818816,3815432822328831
2,0,5340,1789636816648828736,3815432822338739
2,0,5341,1789636816648838656,3815432822348651
2,0,5342,1789636816648848544,3815432822358749
2,0,5343,1789636816648858656,3815432822368659
2,0,5344,1789636816648868576,3815432822378563
2,0,5345,1789636816648878464,3815432822388473
2,0,5346,1789636816648888384,3815432822398381
2,0,5347,1789636816648898272,3815432822408273
2,0,5348,1789636816648908224,3815432822418232
2,0,5349,1789636816648918144,3815432822428155
2,0,5350,1789636816648928064,3815432822438071
2,0,5351,1789636816648937984,3815432822447981
2,0,5352,1789636816648947872,3815432822457901
2,0,5353,1789636816648957792,3815432822467991
2,0,5354,1789636816648967904,3815432822477875
2,0,5355,1789636816648977792,3815432822487797
2,0,5356,1789636816648987712,3815432822497733
2,0,5357,1789636816648997600,3815432822507614
2,0,5358,1789636816649007520,3815432822517552
2,0,5359,1789636816649017440,3815432822527473
2,0,5360,1789636816649027392,3815432822537394
2,0,5361,1789636816649037280,3815432822547319
2,0,5362,1789636816649047232,3815432822557233
2,0,5363,1789636816649057152,3815432822567137
2,0,5364,1789636816649067040,3815432822577227
2,0,5365,1789636816649077152,3815432822587128
2,0,5366,1789636816649087040,3815432822597036
2,0,5367,1789636816649096928,3815432822606931
2,0,5368,1789636816649106816,3815432822616882
2,0,5369,1789636816649116768,3815432822626800
2,0,5370,1789636816649126688,3815432822636729
2,0,5371,1789636816649136640,3815432822646661
2,0,5372,1789636816649146560,3815432822656571
2,0,5373,1789636816649156480,3815432822666471
2,0,5374,1789636816649166368,3815432822676391
2,0,5375,1789636816649176288,3815432822686484
2,0,5376,1789636816649186368,3815432822696396
2,0,5377,1789636816649196288,3815432822706302
2,0,5378,1789636816649206208,3815432822716171
2,0,5379,1789636816649216096,3815432822726123
2,0,5380,1789636816649226016,3815432822736053
2,0,5381,1789636816649235936,3815432822745980
2,0,5382,1789636816649245856,3815432822755896
2,0,5383,1789636816649255808,3815432822765817
2,0,5384,1789636816649265728,3815432822775719
2,0,5385,1789636816649275616,3815432822785631
2,0,5386,1789636816649285536,3815432822795723
2,0,5387,1789636816649295616,3815432822805624
2,0,5388,1789636816649305504,3815432822815520
2,0,5389,1789636816649315424,3815432822825422
2,0,5390,1789636816649325312,3815432822835351
2,0,5391,1789636816649335232,3815432822845293
2,0,5392,1789636816649345184,3815432822855203
2,0,5393,1789636816649355104,3815432822865121
2,0,5394,1789636816649365024,3815432822875063
2,0,5395,1789636816649374944,3815432822884973
2,0,5396,1789636816649384864,3815432822894884
2,0,5397,1789636816649394784,3815432822904973
2,0,5398,1789636816649404864,3815432822914873
2,0,5399,1789636816649414752,3815432822924773
2,0,5400,1789636816649424672,3815432822934656
2,0,5401,1789636816649434560,3815432822944599
2,0,5402,1789636816649444512,3815432822954531
2,0,5403,1789636816649454432,3815432822964439
2,0,5404,1789636816649464320,3815432822974372
2,0,5405,1789636816649474272,3815432822984302
2,0,5406,1789636816649484192,3815432822994218
2,0,5407,1789636816649494112,3815432823004129
2,0,5408,1789636816649504032,3815432823014224
2,0,5409,1789636816649514112,3815432823024103
2,0,5410,1789636816649524000,3815432823034024
2,0,5411,1789636816649533920,3815432823043923
2,0,5412,1789636816649543808,3815432823053854
2,0,5413,1789636816649553728,3815432823063774
2,0,5414,1789636816649563680,3815432823073698
2,0,5415,1789636816649573600,3815432823083633
2,0,5416,1789636816649583520,3815432823093550
2,0,5417,1789636816649593440,3815432823103471
2,0,5418,1789636816649603360,3815432823113383
2,0,5419,1789636816649613280,3815432823123462
2,0,5420,1789636816649623360,3815432823133358
2,0,5421,1789636816649633248,3815432823143274
2,0,5422,1789636816649643168,3815432823153181
2,0,5423,1789636816649653056,3815432823163093
2,0,5424,1789636816649662976,3815432823173014
2,0,5425,1789636816649672896,3815432823182933
2,0,5426,1789636816649682816,3815432823192878
2,0,5427,1789636816649692768,3815432823202802
2,0,5428,1789636816649702688,3815432823212709
2,0,5429,1789636816649712608,3815432823222616
2,0,5430,1789636816649722496,3815432823232711
2,0,5431,1789636816649732608,3815432823242614
2,0,5432,1789636816649742496,3815432823252521
2,0,5433,1789636816649752416,3815432823262426
2,0,5434,1789636816649762336,3815432823272351
2,0,5435,1789636816649772224,3815432823282279
2,0,5436,1789636816649782176,3815432823292223
2,0,5437,1789636816649792096,3815432823302141
2,0,5438,1789636816649802016,3815432823312050
2,0,5439,1789636816649811936,3815432823321968
2,0,5440,1789636816649821856,3815432823331869
2,0,5441,1789636816649831744,3815432823341958
2,0,5442,1789636816649841856,3815432823351871
2,0,5443,1789636816649851744,3815432823361774
2,0,5444,1789636816649861664,3815432823371686
2,0,5445,1789636816649871584,3815432823381603
2,0,5446,1789636816649881504,3815432823391541
2,0,5447,1789636816649891424,3815432823401458
2,0,5448,1789636816649901344,3815432823411377
2,0,5449,1789636816649911264,3815432823421623
2,0,5450,1789636816649921184,3815432823431201
2,0,5451,1789636816649931104,3815432823441116
2,0,5452,1789636816649940992,3815432823451188
2,0,5453,1789636816649951072,3815432823461111
2,0,5454,1789636816649960992,3815432823471076
2,0,5455,1789636816649970976,3815432823481086
2,0,5456,1789636816649980992,3815432823491102
2,0,5457,1789636816649990976,3815432823501101
2,0,5458,1789636816650000992,3815432823511088
2,0,5459,1789636816650010976,3815432823521099
2,0,5460,1789636816650020992,3815432823531178
2,0,5461,1789636816650031072,3815432823541092
2,0,5462,1789636816650040960,3815432823550978
2,0,5463,1789636816650050848,3815432823560881
2,0,5464,1789636816650060768,3815432823570811
2,0,5465,1789636816650070688,3815432823580726
2,0,5466,1789636816650080608,3815432823590642
2,0,5467,1789636816650090528,3815432823600561
2,0,5468,1789636816650100448,3815432823610473
2,0,5469,1789636816650110368,3815432823620372
2,0,5470,1789636816650120256,3815432823630282
2,0,5471,1789636816650130144,3815432823640162
2,0,5472,1789636816650140032,3815432823650171
2,0,5473,1789636816650150048,3815432823660073
2,0,5474,1789636816650159936,3815432823669966
2,0,5475,1789636816650169856,3815432823679861
2,0,5476,1789636816650179744,3815432823689761
2,0,5477,1789636816650189632,3815432823699670
2,0,5478,1789636816650199552,3815432823709578
2,0,5479,1789636816650209472,3815432823719488
2,0,5480,1789636816650219392,3815432823729406
2,0,5481,1789636816650229280,3815432823739328
2,0,5482,1789636816650239200,3815432823749251
2,0,5483,1789636816650249120,3815432823759170
2,0,5484,1789636816650259040,3815432823769172
2,0,5485,1789636816650269056,3815432823779074
2,0,5486,1789636816650278944,3815432823788951
2,0,5487,1789636816650288832,3815432823798842
2,0,5488,1789636816650298720,3815432823808730
2,0,5489,1789636816650308608,3815432823818651
2,0,5490,1789636816650318528,3815432823828568
2,0,5491,1789636816650328448,3815432823838502
2,0,5492,1789636816650338368,3815432823848416
2,0,5493,1789636816650348288,3815432823858341
2,0,5494,1789636816650358208,3815432823868248
2,0,5495,1789636816650368128,3815432823878161
2,0,5496,1789636816650378048,3815432823888180
2,0,5497,1789636816650388064,3815432823898076
2,0,5498,1789636816650397952,3815432823907961
2,0,5499,1789636816650407840,3815432823917849
2,0,5500,1789636816650417728,3815432823927741
2,0,5501,1789636816650427616,3815432823937732
2,0,5502,1789636816650437536,3815432823947550
2,0,5503,1789636816650447424,3815432823957469
2,0,5504,1789636816650457344,3815432823967389
2,0,5505,1789636816650467264,3815432823977295
2,0,5506,1789636816650477184,3815432823987199
2,0,5507,1789636816650487072,3815432823997106
2,0,5508,1789636816650496992,3815432824007191
2,0,5509,1789636816650507072,3815432824017101
2,0,5510,1789636816650516960,3815432824027002
2,0,5511,1789636816650526880,3815432824036882
2,0,5512,1789636816650536768,3815432824046781
2,0,5513,1789636816650546656,3815432824056686
2,0,5514,1789636816650556544,3815432824066602
2,0,5515,1789636816650566464,3815432824076522
2,0,5516,1789636816650576384,3815432824086454
2,0,5517,1789636816650586336,3815432824096341
2,0,5518,1789636816650596224,3815432824106248
2,0,5519,1789636816650606112,3815432824116170
2,0,5520,1789636816650616032,3815432824126180
2,0,5521,1789636816650626048,3815432824136070
2,0,5522,1789636816650635936,3815432824145963
2,0,5523,1789636816650645856,3815432824155851
2,0,5524,1789636816650655712,3815432824165741
2,0,5525,1789636816650665600,3815432824175648
2,0,5526,1789636816650675520,3815432824185557
2,0,5527,1789636816650685440,3815432824195483
2,0,5528,1789636816650695360,3815432824205393
2,0,5529,1789636816650705248,3815432824215276
2,0,5530,1789636816650715168,3815432824225189
2,0,5531,1789636816650725056,3815432824235099
2,0,5532,1789636816650734976,3815432824245121
2,0,5533,1789636816650744992,3815432824255006
2,0,5534,1789636816650754880,3815432824264901
2,0,5535,1789636816650764768,3815432824274801
2,0,5536,1789636816650774656,3815432824284691
2,0,5537,1789636816650784576,3815432824294587
2,0,5538,1789636816650794464,3815432824304513
2,0,5539,1789636816650804384,3815432824314423
2,0,5540,1789636816650814304,3815432824324330
2,0,5541,1789636816650824192,3815432824334282
2,0,5542,1789636816650834144,3815432824344199
2,0,5543,1789636816650844064,3815432824354108
2,0,5544,1789636816650853984,3815432824364121
2,0,5545,1789636816650864000,3815432824374013
2,0,5546,1789636816650873888,3815432824383896
2,0,5547,1789636816650883776,3815432824393794
2,0,5548,1789636816650893664,3815432824403673
2,0,5549,1789636816650903552,3815432824413581
2,0,5550,1789636816650913440,3815432824423502
2,0,5551,1789636816650923360,3815432824433423
2,0,5552,1789636816650933280,3815432824443344
2,0,5553,1789636816650943200,3815432824453280
2,0,5554,1789636816650953152,3815432824463191
2,0,5555,1789636816650963072,3815432824473112
2,0,5556,1789636816650972992,3815432824483124
2,0,5557,1789636816650982976,3815432824493012
2,0,5558,1789636816650992864,3815432824502898
2,0,5559,1789636816651002752,3815432824512794
2,0,5560,1789636816651012640,3815432824522677
2,0,5561,1789636816651022560,3815432824532583
2,0,5562,1789636816651032448,3815432824542502
2,0,5563,1789636816651042368,3815432824552432
2,0,5564,1789636816651052288,3815432824562341
2,0,5565,1789636816651062208,3815432824572237
2,0,5566,1789636816651072096,3815432824582131
2,0,5567,1789636816651081984,3815432824592021
2,0,5568,1789636816651091872,3815432824601921
2,0,5569,1789636816651101792,3815432824611941
2,0,5570,1789636816651111808,3815432824621839
2,0,5571,1789636816651121696,3815432824631739
2,0,5572,1789636816651131584,3815432824641641
2,0,5573,1789636816651141504,3815432824651527
2,0,5574,1789636816651151392,3815432824661442
2,0,5575,1789636816651161280,3815432824671363
2,0,5576,1789636816651171232,3815432824681273
2,0,5577,1789636816651181120,3815432824691185
2,0,5578,1789636816651191040,3815432824701098
2,0,5579,1789636816651200960,3815432824711106
2,0,5580,1789636816651210976,3815432824721171
2,0,5581,1789636816651221024,3815432824731070
2,0,5582,1789636816651230944,3815432824740972
2,0,5583,1789636816651240832,3815432824750860
2,0,5584,1789636816651250720,3815432824760753
2,0,5585,1789636816651260608,3815432824770681
2,0,5586,1789636816651270528,3815432824780578
2,0,5587,1789636816651280448,3815432824790501
2,0,5588,1789636816651290368,3815432824800405
2,0,5589,1789636816651300288,3815432824810346
2,0,5590,1789636816651310208,3815432824820255
2,0,5591,1789636816651320128,3815432824830170
2,0,5592,1789636816651330016,3815432824840181
2,0,5593,1789636816651340032,3815432824850073
2,0,5594,1789636816651349920,3815432824859958
2,0,5595,1789636816651359808,3815432824869852
2,0,5596,1789636816651369696,3815432824879742
2,0,5597,1789636816651379584,3815432824889671
2,0,5598,1789636816651389536,3815432824899576
2,0,5599,1789636816651399424,3815432824909489
2,0,5600,1789636816651409344,3815432824919412
2,0,5601,1789636816651419264,3815432824929318
2,0,5602,1789636816651429184,3815432824939229
2,0,5603,1789636816651439104,3815432824949128
2,0,5604,1789636816651448992,3815432824959214
2,0,5605,1789636816651459072,3815432824969112
2,0,5606,1789636816651468960,3815432824979073
2,0,5607,1789636816651478912,3815432824989076
2,0,5608,1789636816651488928,3815432824999069
2,0,5609,1789636816651498944,3815432825009079
2,0,5610,1789636816651508928,3815432825019071
2,0,5611,1789636816651518912,3815432825028948
2,0,5612,1789636816651528800,3815432825038849
2,0,5613,1789636816651538688,3815432825048860
2,0,5614,1789636816651548704,3815432825058751
2,0,5615,1789636816651558624,3815432825068641
2,0,5616,1789636816651568512,3815432825078533
2,0,5617,1789636816651578400,3815432825088423
2,0,5618,1789636816651588288,3815432825098318
2,0,5619,1789636816651598176,3815432825108234
2,0,5620,1789636816651608096,3815432825118151
2,0,5621,1789636816651618016,3815432825128061
2,0,5622,1789636816651627936,3815432825137979
2,0,5623,1789636816651637824,3815432825147878
2,0,5624,1789636816651647744,3815432825157760
2,0,5625,1789636816651657632,3815432825167732
2,0,5626,1789636816651667520,3815432825177734
2,0,5627,1789636816651677536,3815432825187562
2,0,5628,1789636816651687424,3815432825197449
2,0,5629,1789636816651697312,3815432825207342
2,0,5630,1789636816651707200,3815432825217228
2,0,5631,1789636816651717088,3815432825227151
2,0,5632,1789636816651727008,3815432825237071
2,0,5633,1789636816651736928,3815432825246988
2,0,5634,1789636816651746848,3815432825256898
2,0,5635,1789636816651756768,3815432825266799
2,0,5636,1789636816651766656,3815432825276701
2,0,5637,1789636816651776544,3815432825286609
2,0,5638,1789636816651786464,3815432825296616
2,0,5639,1789636816651796480,3815432825306523
2,0,5640,1789636816651806368,3815432825316423
2,0,5641,1789636816651816288,3815432825326324
2,0,5642,1789636816651826176,3815432825336212
2,0,5643,1789636816651836064,3815432825346136
2,0,5644,1789636816651845984,3815432825356049
2,0,5645,1789636816651855904,3815432825365981
2,0,5646,1789636816651865824,3815432825375901
2,0,5647,1789636816651875744,3815432825385792
2,0,5648,1789636816651885632,3815432825395689
2,0,5649,1789636816651895520,3815432825405611
2,0,5650,1789636816651905440,3815432825415615
2,0,5651,1789636816651915456,3815432825425524
2,0,5652,1789636816651925344,3815432825435418
2,0,5653,1789636816651935264,3815432825445295
2,0,5654,1789636816651945152,3815432825455196
2,0,5655,1789636816651955040,3815432825465141
2,0,5656,1789636816651964992,3815432825475056
2,0,5657,1789636816651974912,3815432825484976
2,0,5658,1789636816651984832,3815432825494889
2,0,5659,1789636816651994752,3815432825504791
2,0,5660,1789636816652004640,3815432825514698
2,0,5661,1789636816652014560,3815432825524611
2,0,5662,1789636816652024448,3815432825534688
2,0,5663,1789636816652034560,3815432825544581
2,0,5664,1789636816652044448,3815432825554481
2,0,5665,1789636816652054336,3815432825564361
2,0,5666,1789636816652064224,3815432825574250
2,0,5667,1789636816652074112,3815432825584173
2,0,5668,1789636816652084000,3815432825594083
2,0,5669,1789636816652093920,3815432825603986
2,0,5670,1789636816652103840,3815432825613915
2,0,5671,1789636816652113760,3815432825623835
2,0,5672,1789636816652123680,3815432825633760
2,0,5673,1789636816652133600,3815432825643664
2,0,5674,1789636816652143520,3815432825653673
2,0,5675,1789636816652153504,3815432825663561
2,0,5676,1789636816652163392,3815432825673461
2,0,5677,1789636816652173312,3815432825683352
2,0,5678,1789636816652183200,3815432825693244
2,0,5679,1789636816652193088,3815432825703162
2,0,5680,1789636816652203008,3815432825713092
2,0,5681,1789636816652212928,3815432825723000
2,0,5682,1789636816652222848,3815432825732902
2,0,5683,1789636816652232736,3815432825742842
2,0,5684,1789636816652242688,3815432825754952
2,0,5685,1789636816652252576,3815432825762672
2,0,5686,1789636816652262528,3815432825772681
2,0,5687,1789636816652272512,3815432825782571
2,0,5688,1789636816652282400,3815432825792474
2,0,5689,1789636816652292320,3815432825802373
2,0,5690,1789636816652302208,3815432825812250
2,0,5691,1789636816652312096,3815432825822173
2,0,5692,1789636816652322016,3815432825832085
2,0,5693,1789636816652331936,3815432825842024
2,0,5694,1789636816652341856,3815432825851941
2,0,5695,1789636816652351776,3815432825861852
2,0,5696,1789636816652361696,3815432825871762
2,0,5697,1789636816652371584,3815432825881672
2,0,5698,1789636816652381504,3815432825891676
2,0,5699,1789636816652391520,3815432825901568
2,0,5700,1789636816652401408,3815432825911482
2,0,5701,1789636816652411328,3815432825921365
2,0,5702,1789636816652421216,3815432825931260
2,0,5703,1789636816652431104,3815432825941171
2,0,5704,1789636816652441024,3815432825951096
2,0,5705,1789636816652450944,3815432825961123
2,0,5706,1789636816652460960,3815432825971108
2,0,5707,1789636816652470944,3815432825981101
2,0,5708,1789636816652480928,3815432825991171
2,0,5709,1789636816652491008,3815432826001088
2,0,5710,1789636816652500928,3815432826010968
2,0,5711,1789636816652510816,3815432826020870
2,0,5712,1789636816652520704,3815432826030768
2,0,5713,1789636816652530624,3815432826040691
2,0,5714,1789636816652540512,3815432826050596
2,0,5715,1789636816652550432,3815432826060511
2,0,5716,1789636816652560352,3815432826070413
2,0,5717,1789636816652570272,3815432826080342
2,0,5718,1789636816652580192,3815432826090256
2,0,5719,1789636816652590080,3815432826100161
2,0,5720,1789636816652600000,3815432826110173
2,0,5721,1789636816652610016,3815432826120081
2,0,5722,1789636816652619904,3815432826129983
2,0,5723,1789636816652629824,3815432826139870
2,0,5724,1789636816652639712,3815432826149758
2,0,5725,1789636816652649600,3815432826159681
2,0,5726,1789636816652659520,3815432826169622
2,0,5727,1789636816652669472,3815432826179541
2,0,5728,1789636816652679360,3815432826189441
2,0,5729,1789636816652689280,3815432826199341
2,0,5730,1789636816652699168,3815432826209261
2,0,5731,1789636816652709088,3815432826219171
2,0,5732,1789636816652719008,3815432826229181
2,0,5733,1789636816652728992,3815432826239082
2,0,5734,1789636816652738912,3815432826249070
2,0,5735,1789636816652748896,3815432826258938
2,0,5736,1789636816652758784,3815432826268904
2,0,5737,1789636816652768736,3815432826278806
2,0,5738,1789636816652778656,3815432826288733
2,0,5739,1789636816652788544,3815432826298631
2,0,5740,1789636816652798464,3815432826308527
2,0,5741,1789636816652808352,3815432826318438
2,0,5742,1789636816652818272,3815432826328353
2,0,5743,1789636816652828192,3815432826338357
2,0,5744,1789636816652838208,3815432826348260
2,0,5745,1789636816652848096,3815432826358161
2,0,5746,1789636816652857984,3815432826368047
2,0,5747,1789636816652867872,3815432826377938
2,0,5748,1789636816652877760,3815432826387838
2,0,5749,1789636816652887680,3815432826397755
2,0,5750,1789636816652897600,3815432826407732
2,0,5751,1789636816652907520,3815432826417596
2,0,5752,1789636816652917440,3815432826427522
2,0,5753,1789636816652927360,3815432826437438
2,0,5754,1789636816652937280,3815432826447364
2,0,5755,1789636816652947168,3815432826457371
2,0,5756,1789636816652957184,3815432826467228
2,0,5757,1789636816652967072,3815432826477125
2,0,5758,1789636816652976960,3815432826487038
2,0,5759,1789636816652986880,3815432826496941
2,0,5760,1789636816652996768,3815432826506841
2,0,5761,1789636816653006688,3815432826516758
2,0,5762,1789636816653016576,3815432826526678
2,0,5763,1789636816653026496,3815432826536613
2,0,5764,1789636816653036448,3815432826546523
2,0,5765,1789636816653046336,3815432826556439
2,0,5766,1789636816653056256,3815432826566352
2,0,5767,1789636816653066176,3815432826576362
2,0,5768,1789636816653076192,3815432826586270
2,0,5769,1789636816653086080,3815432826596161
2,0,5770,1789636816653096000,3815432826606061
2,0,5771,1789636816653105888,3815432826615972
2,0,5772,1789636816653115808,3815432826625896
2,0,5773,1789636816653125728,3815432826635798
2,0,5774,1789636816653135616,3815432826645722
2,0,5775,1789636816653145536,3815432826655628
2,0,5776,1789636816653155456,3815432826665517
2,0,5777,1789636816653165344,3815432826675441
2,0,5778,1789636816653175264,3815432826685352
2,0,5779,1789636816653185184,3815432826695368
2,0,5780,1789636816653195200,3815432826705261
2,0,5781,1789636816653205088,3815432826715162
2,0,5782,1789636816653214976,3815432826725061
2,0,5783,1789636816653224864,3815432826734944
2,0,5784,1789636816653234752,3815432826744842
2,0,5785,1789636816653244672,3815432826754748
2,0,5786,1789636816653254592,3815432826764661
2,0,5787,1789636816653264480,3815432826774577
2,0,5788,1789636816653274400,3815432826784536
2,0,5789,1789636816653284352,3815432826794441
2,0,5790,1789636816653294272,3815432826804364
2,0,5791,1789636816653304160,3815432826814372
2,0,5792,1789636816653314208,3815432826824250
2,0,5793,1789636816653324096,3815432826834136
2,0,5794,1789636816653333984,3815432826844041
2,0,5795,1789636816653343872,3815432826853952
2,0,5796,1789636816653353760,3815432826863896
2,0,5797,1789636816653363712,3815432826873823
2,0,5798,1789636816653373632,3815432826883731
2,0,5799,1789636816653383552,3815432826893645
2,0,5800,1789636816653393472,3815432826903548
2,0,5801,1789636816653403392,3815432826913450
2,0,5802,1789636816653413280,3815432826923353
2,0,5803,1789636816653423168,3815432826933372
2,0,5804,1789636816653433184,3815432826943251
2,0,5805,1789636816653443072,3815432826953143
2,0,5806,1789636816653452960,3815432826963033
2,0,5807,1789636816653462848,3815432826972922
2,0,5808,1789636816653472736,3815432826982827
2,0,5809,1789636816653482656,3815432826992753
2,0,5810,1789636816653492576,3815432827002658
2,0,5811,1789636816653502496,3815432827012583
2,0,5812,1789636816653512384,3815432827022478
2,0,5813,1789636816653522304,3815432827032381
2,0,5814,1789636816653532192,3815432827042272
2,0,5815,1789636816653542080,3815432827052174
2,0,5816,1789636816653552000,3815432827062178
2,0,5817,1789636816653562016,3815432827072071
2,0,5818,1789636816653571904,3815432827081961
2,0,5819,1789636816653581760,3815432827091851
2,0,5820,1789636816653591680,3815432827101741
2,0,5821,1789636816653601568,3815432827111661
2,0,5822,1789636816653611488,3815432827121572
2,0,5823,1789636816653621376,3815432827131490
2,0,5824,1789636816653631328,3815432827141411
2,0,5825,1789636816653641216,3815432827151338
2,0,5826,1789636816653651168,3815432827161248
2,0,5827,1789636816653661056,3815432827171155
2,0,5828,1789636816653670976,3815432827181181
2,0,5829,1789636816653680992,3815432827191091
2,0,5830,1789636816653690912,3815432827200974
2,0,5831,1789636816653700800,3815432827210862
2,0,5832,1789636816653710688,3815432827220758
2,0,5833,1789636816653720576,3815432827230681
2,0,5834,1789636816653730496,3815432827240600
2,0,5835,1789636816653740416,3815432827250525
2,0,5836,1789636816653750336,3815432827260436
2,0,5837,1789636816653760256,3815432827270351
2,0,5838,1789636816653770176,3815432827280261
2,0,5839,1789636816653780096,3815432827290174
2,0,5840,1789636816653789984,3815432827300181
2,0,5841,1789636816653800000,3815432827310067
2,0,5842,1789636816653809888,3815432827319961
2,0,5843,1789636816653819776,3815432827329851
2,0,5844,1789636816653829664,3815432827339738
2,0,5845,1789636816653839552,3815432827349658
2,0,5846,1789636816653849472,3815432827359572
2,0,5847,1789636816653859392,3815432827369498
2,0,5848,1789636816653869312,3815432827379421
2,0,5849,1789636816653879232,3815432827389350
2,0,5850,1789636816653889152,3815432827399261
2,0,5851,1789636816653899072,3815432827409173
2,0,5852,1789636816653908992,3815432827419175
2,0,5853,1789636816653919008,3815432827429081
2,0,5854,1789636816653928896,3815432827438969
2,0,5855,1789636816653938784,3815432827448851
2,0,5856,1789636816653948672,3815432827458741
2,0,5857,1789636816653958560,3815432827468661
2,0,5858,1789636816653968480,3815432827478571
2,0,5859,1789636816653978400,3815432827488491
2,0,5860,1789636816653988288,3815432827498414
2,0,5861,1789636816653998240,3815432827508301
2,0,5862,1789636816654008096,3815432827518201
2,0,5863,1789636816654018016,3815432827528111
2,0,5864,1789636816654027936,3815432827538123
2,0,5865,1789636816654037920,3815432827548022
2,0,5866,1789636816654047840,3815432827557923
2,0,5867,1789636816654057728,3815432827567822
2,0,5868,1789636816654067616,3815432827577725
2,0,5869,1789636816654077536,3815432827587732
2,0,5870,1789636816654087456,3815432827597567
2,0,5871,1789636816654097376,3815432827607480
2,0,5872,1789636816654107296,3815432827617394
2,0,5873,1789636816654117216,3815432827627302
2,0,5874,1789636816654127104,3815432827637200
2,0,5875,1789636816654136992,3815432827647111
2,0,5876,1789636816654146912,3815432827657128
2,0,5877,1789636816654156928,3815432827667028
2,0,5878,1789636816654166816,3815432827676918
2,0,5879,1789636816654176736,3815432827686798
2,0,5880,1789636816654186624,3815432827696686
2,0,5881,1789636816654196512,3815432827706584
2,0,5882,1789636816654206400,3815432827716485
2,0,5883,1789636816654216288,3815432827726395
2,0,5884,1789636816654226208,3815432827736315
2,0,5885,1789636816654236128,3815432827746241
2,0,5886,1789636816654246048,3815432827756141
2,0,5887,1789636816654255936,3815432827766041
2,0,5888,1789636816654265856,3815432827775926
2,0,5889,1789636816654275744,3815432827785938
2,0,5890,1789636816654285760,3815432827795834
2,0,5891,1789636816654295648,3815432827805731
2,0,5892,1789636816654305536,3815432827815623
2,0,5893,1789636816654315424,3815432827825508
2,0,5894,1789636816654325312,3815432827835423
2,0,5895,1789636816654335232,3815432827845353
2,0,5896,1789636816654345152,3815432827855268
2,0,5897,1789636816654355072,3815432827865172
2,0,5898,1789636816654364992,3815432827875101
2,0,5899,1789636816654374912,3815432827885016
2,0,5900,1789636816654384832,3815432827894925
2,0,5901,1789636816654394752,3815432827904941
2,0,5902,1789636816654404736,3815432827914827
2,0,5903,1789636816654414624,3815432827924721
2,0,5904,1789636816654424512,3815432827934624
2,0,5905,1789636816654434400,3815432827944512
2,0,5906,1789636816654444320,3815432827954412
2,0,5907,1789636816654454208,3815432827964332
2,0,5908,1789636816654464128,3815432827974241
2,0,5909,1789636816654474048,3815432827984161
2,0,5910,1789636816654483968,3815432827994034
2,0,5911,1789636816654493856,3815432828003956
2,0,5912,1789636816654503744,3815432828013872
2,0,5913,1789636816654513664,3815432828023881
2,0,5914,1789636816654523680,3815432828033771
2,0,5915,1789636816654533568,3815432828043652
2,0,5916,1789636816654543456,3815432828053550
2,0,5917,1789636816654553344,3815432828063438
2,0,5918,1789636816654563232,3815432828073341
2,0,5919,1789636816654573152,3815432828088287
2,0,5920,1789636816654583040,3815432828093173
2,0,5921,1789636816654592960,3815432828103084
2,0,5922,1789636816654602912,3815432828113001
2,0,5923,1789636816654612800,3815432828122888
2,0,5924,1789636816654622688,3815432828132778
2,0,5925,1789636816654632576,3815432828142681
2,0,5926,1789636816654642464,3815432828152698
2,0,5927,1789636816654652512,3815432828162596
2,0,5928,1789636816654662400,3815432828172481
2,0,5929,1789636816654672288,3815432828182392
2,0,5930,1789636816654682176,3815432828192291
2,0,5931,1789636816654692096,3815432828202191
2,0,5932,1789636816654701984,3815432828212108
2,0,5933,1789636816654711904,3815432828222028
2,0,5934,1789636816654721824,3815432828231955
2,0,5935,1789636816654731744,3815432828241872
2,0,5936,1789636816654741664,3815432828251779
2,0,5937,1789636816654751584,3815432828261679
2,0,5938,1789636816654761472,3815432828271697
2,0,5939,1789636816654771488,3815432828281591
2,0,5940,1789636816654781376,3815432828291475
2,0,5941,1789636816654791296,3815432828301372
2,0,5942,1789636816654801152,3815432828311261
2,0,5943,1789636816654811040,3815432828321175
2,0,5944,1789636816654820960,3815432828331101
2,0,5945,1789636816654830912,3815432828341100
2,0,5946,1789636816654840896,3815432828351096
2,0,5947,1789636816654850912,3815432828361121
2,0,5948,1789636816654860928,3815432828371157
2,0,5949,1789636816654870944,3815432828381081
2,0,5950,1789636816654880864,3815432828390978
2,0,5951,1789636816654890752,3815432828400863
2,0,5952,1789636816654900640,3815432828410752
2,0,5953,1789636816654910560,3815432828420665
2,0,5954,1789636816654920448,3815432828430578
2,0,5955,1789636816654930368,3815432828440495
2,0,5956,1789636816654940288,3815432828450398
2,0,5957,1789636816654950176,3815432828460301
2,0,5958,1789636816654960096,3815432828470204
2,0,5959,1789636816654969984,3815432828480111
2,0,5960,1789636816654979904,3815432828490125
2,0,5961,1789636816654989920,3815432828500014
2,0,5962,1789636816654999808,3815432828509908
2,0,5963,1789636816655009696,3815432828519812
2,0,5964,1789636816655019584,3815432828529710
2,0,5965,1789636816655029504,3815432828539612
2,0,5966,1789636816655039392,3815432828549528
2,0,5967,1789636816655049312,3815432828559438
2,0,5968,1789636816655059232,3815432828569351
2,0,5969,1789636816655069152,3815432828579301
2,0,5970,1789636816655079104,3815432828589211
2,0,5971,1789636816655088992,3815432828599121
2,0,5972,1789636816655098912,3815432828609127
2,0,5973,1789636816655108928,3815432828619082
2,0,5974,1789636816655118848,3815432828628958
2,0,5975,1789636816655128736,3815432828638864
2,0,5976,1789636816655138656,3815432828648741
2,0,5977,1789636816655148512,3815432828658674
2,0,5978,1789636816655158464,3815432828668586
2,0,5979,1789636816655168384,3815432828678504
2,0,5980,1789636816655178304,3815432828688427
2,0,5981,1789636816655188224,3815432828698353
2,0,5982,1789636816655198144,3815432828708258
2,0,5983,1789636816655208064,3815432828718171
2,0,5984,1789636816655217952,3815432828728190
2,0,5985,1789636816655227968,3815432828738083
2,0,5986,1789636816655237856,3815432828747963
2,0,5987,1789636816655247744,3815432828757864
2,0,5988,1789636816655257664,3815432828767758
2,0,5989,1789636816655267552,3815432828777734
2,0,5990,1789636816655277472,3815432828787604
2,0,5991,1789636816655287392,3815432828797508
2,0,5992,1789636816655297280,3815432828807418
2,0,5993,1789636816655307200,3815432828817328
2,0,5994,1789636816655317120,3815432828827224
2,0,5995,1789636816655327008,3815432828837122
2,0,5996,1789636816655336896,3815432828847136
2,0,5997,1789636816655346912,3815432828857018
2,0,5998,1789636816655356800,3815432828866924
2,0,5999,1789636816655366688,3815432828876821
2,0,6000,1789636816655376608,3815432828886729
2,0,6001,1789636816655386528,3815432828896661
2,0,6002,1789636816655396448,3815432828906566
2,0,6003,1789636816655406368,3815432828916492
2,0,6004,1789636816655416288,3815432828926418
2,0,6005,1789636816655426208,3815432828936311
2,0,6006,1789636816655436096,3815432828946228
2,0,6007,1789636816655446016,3815432828956121
2,0,6008,1789636816655455904,3815432828966143
2,0,6009,1789636816655465920,3815432828976021
2,0,6010,1789636816655475808,3815432828985906
2,0,6011,1789636816655485696,3815432828995801
2,0,6012,1789636816655495584,3815432829005691
2,0,6013,1789636816655505472,3815432829015596
2,0,6014,1789636816655515392,3815432829025511
2,0,6015,1789636816655525280,3815432829035418
2,0,6016,1789636816655535200,3815432829045348
2,0,6017,1789636816655545120,3815432829055254
2,0,6018,1789636816655555040,3815432829065139
2,0,6019,1789636816655564928,3815432829075031
2,0,6020,1789636816655574816,3815432829084944
2,0,6021,1789636816655584736,3815432829094951
2,0,6022,1789636816655594720,3815432829104836
2,0,6023,1789636816655604608,3815432829114721
2,0,6024,1789636816655614496,3815432829124608
2,0,6025,1789636816655624384,3815432829134500
2,0,6026,1789636816655634272,3815432829144416
2,0,6027,1789636816655644192,3815432829154336
2,0,6028,1789636816655654112,3815432829164262
2,0,6029,1789636816655664032,3815432829174194
2,0,6030,1789636816655673952,3815432829184124
2,0,6031,1789636816655683904,3815432829194023
2,0,6032,1789636816655693792,3815432829203936
2,0,6033,1789636816655703712,3815432829213950
2,0,6034,1789636816655713728,3815432829223841
2,0,6035,1789636816655723616,3815432829233733
2,0,6036,1789636816655733504,3815432829243628
2,0,6037,1789636816655743392,3815432829253513
2,0,6038,1789636816655753280,3815432829263429
2,0,6039,1789636816655763200,3815432829273359
2,0,6040,1789636816655773152,3815432829283261
2,0,6041,1789636816655783040,3815432829293179
2,0,6042,1789636816655792960,3815432829303109
2,0,6043,1789636816655802880,3815432829313023
2,0,6044,1789636816655812800,3815432829322950
2,0,6045,1789636816655822720,3815432829332951
2,0,6046,1789636816655832736,3815432829342841
2,0,6047,1789636816655842624,3815432829352727
2,0,6048,1789636816655852512,3815432829362634
2,0,6049,1789636816655862400,3815432829372521
2,0,6050,1789636816655872288,3815432829382439
2,0,6051,1789636816655882208,3815432829392361
2,0,6052,1789636816655892128,3815432829402271
2,0,6053,1789636816655902048,3815432829412194
2,0,6054,1789636816655911968,3815432829422111
2,0,6055,1789636816655921888,3815432829432033
2,0,6056,1789636816655931808,3815432829441945
2,0,6057,1789636816655941728,3815432829451950
2,0,6058,1789636816655951712,3815432829461838
2,0,6059,1789636816655961632,3815432829471738
2,0,6060,1789636816655971520,3815432829481644
2,0,6061,1789636816655981408,3815432829491538
2,0,6062,1789636816655991328,3815432829501449
2,0,6063,1789636816656001216,3815432829511361
2,0,6064,1789636816656011136,3815432829521281
2,0,6065,1789636816656021056,3815432829531201
2,0,6066,1789636816656030976,3815432829541119
2,0,6067,1789636816656040896,3815432829551084
2,0,6068,1789636816656050848,3815432829561141
2,0,6069,1789636816656060928,3815432829571081
2,0,6070,1789636816656070848,3815432829580971
2,0,6071,1789636816656080736,3815432829590860
2,0,6072,1789636816656090624,3815432829600752
2,0,6073,1789636816656100512,3815432829610666
2,0,6074,1789636816656110432,3815432829620594
2,0,6075,1789636816656120352,3815432829630497
2,0,6076,1789636816656130272,3815432829640424
2,0,6077,1789636816656140192,3815432829650308
2,0,6078,1789636816656150080,3815432829660211
2,0,6079,1789636816656159968,3815432829670131
2,0,6080,1789636816656169888,3815432829680208
2,0,6081,1789636816656179968,3815432829690101
2,0,6082,1789636816656189856,3815432829700004
2,0,6083,1789636816656199776,3815432829709901
2,0,6084,1789636816656209664,3815432829719791
2,0,6085,1789636816656219552,3815432829729721
2,0,6086,1789636816656229472,3815432829739631
2,0,6087,1789636816656239392,3815432829749561
2,0,6088,1789636816656249312,3815432829759458
2,0,6089,1789636816656259232,3815432829769373
2,0,6090,1789636816656269120,3815432829779280
2,0,6091,1789636816656279040,3815432829789191
2,0,6092,1789636816656288960,3815432829799201
2,0,6093,1789636816656298976,3815432829809101
2,0,6094,1789636816656308864,3815432829819074
2,0,6095,1789636816656318848,3815432829828958
2,0,6096,1789636816656328736,3815432829838860
2,0,6097,1789636816656338624,3815432829848777
2,0,6098,1789636816656348544,3815432829858699
2,0,6099,1789636816656358464,3815432829868621
2,0,6100,1789636816656368384,3815432829878553
2,0,6101,1789636816656378304,3815432829888473
2,0,6102,1789636816656388224,3815432829898381
2,0,6103,1789636816656398144,3815432829908461
2,0,6104,1789636816656408224,3815432829918349
2,0,6105,1789636816656418112,3815432829928253
2,0,6106,1789636816656428000,3815432829938133
2,0,6107,1789636816656437888,3815432829948024
2,0,6108,1789636816656447776,3815432829957941
2,0,6109,1789636816656457696,3815432829967856
2,0,6110,1789636816656467616,3815432829977778
2,0,6111,1789636816656477536,3815432829987733
2,0,6112,1789636816656487456,3815432829997621
2,0,6113,1789636816656497376,3815432830007526
2,0,6114,1789636816656507296,3815432830017431
2,0,6115,1789636816656517184,3815432830027448
2,0,6116,1789636816656527232,3815432830037337
2,0,6117,1789636816656537120,3815432830047230
2,0,6118,1789636816656547008,3815432830057132
2,0,6119,1789636816656556896,3815432830067024
2,0,6120,1789636816656566784,3815432830076936
2,0,6121,1789636816656576704,3815432830086864
2,0,6122,1789636816656586624,3815432830096784
2,0,6123,1789636816656596544,3815432830106701
2,0,6124,1789636816656606464,3815432830116611
2,0,6125,1789636816656616384,3815432830126524
2,0,6126,1789636816656626272,3815432830136427
2,0,6127,1789636816656636192,3815432830147438
2,0,6128,1789636816656646208,3815432830156361
2,0,6129,1789636816656656128,3815432830166259
2,0,6130,1789636816656666016,3815432830176150
2,0,6131,1789636816656675904,3815432830186048
2,0,6132,1789636816656685824,3815432830195971
2,0,6133,1789636816656695744,3815432830205892
2,0,6134,1789636816656705632,3815432830215807
2,0,6135,1789636816656715552,3815432830225708
2,0,6136,1789636816656725472,3815432830235607
2,0,6137,1789636816656735360,3815432830245523
2,0,6138,1789636816656745280,3815432830255444
2,0,6139,1789636816656755200,3815432830265464
2,0,6140,1789636816656765216,3815432830275364
2,0,6141,1789636816656775104,3815432830285251
2,0,6142,1789636816656785024,3815432830295137
2,0,6143,1789636816656794912,3815432830305041
2,0,6144,1789636816656804800,3815432830314958
2,0,6145,1789636816656814720,3815432830324873
2,0,6146,1789636816656824640,3815432830334791
2,0,6147,1789636816656834560,3815432830344721
2,0,6148,1789636816656844480,3815432830354632
2,0,6149,1789636816656854400,3815432830364538
2,0,6150,1789636816656864288,3815432830374437
2,0,6151,1789636816656874208,3815432830384461
2,0,6152,1789636816656884224,3815432830394363
2,0,6153,1789636816656894112,3815432830404257
2,0,6154,1789636816656904032,3815432830414164
2,0,6155,1789636816656913920,3815432830424058
2,0,6156,1789636816656923808,3815432830433973
2,0,6157,1789636816656933728,3815432830443882
2,0,6158,1789636816656943648,3815432830453801
2,0,6159,1789636816656953568,3815432830463721
2,0,6160,1789636816656963456,3815432830473606
2,0,6161,1789636816656973376,3815432830483532
2,0,6162,1789636816656983296,3815432830493436
2,0,6163,1789636816656993184,3815432830503458
2,0,6164,1789636816657003200,3815432830513350
2,0,6165,1789636816657013120,3815432830523238
2,0,6166,1789636816657023008,3815432830533132
2,0,6167,1789636816657032896,3815432830543016
2,0,6168,1789636816657042784,3815432830552948
2,0,6169,1789636816657052704,3815432830562872
2,0,6170,1789636816657062624,3815432830572791
2,0,6171,1789636816657072544,3815432830582688
2,0,6172,1789636816657082432,3815432830592607
2,0,6173,1789636816657092384,3815432830602518
2,0,6174,1789636816657102272,3815432830612437
2,0,6175,1789636816657112192,3815432830622451
2,0,6176,1789636816657122208,3815432830632338
2,0,6177,1789636816657132096,3815432830642220
2,0,6178,1789636816657141984,3815432830652111
2,0,6179,1789636816657151872,3815432830661997
2,0,6180,1789636816657161760,3815432830671921
2,0,6181,1789636816657171680,3815432830681861
2,0,6182,1789636816657181600,3815432830691784
2,0,6183,1789636816657191520,3815432830701698
2,0,6184,1789636816657201440,3815432830711617
2,0,6185,1789636816657211360,3815432830721523
2,0,6186,1789636816657221280,3815432830731433
2,0,6187,1789636816657231200,3815432830741451
2,0,6188,1789636816657241216,3815432830751341
2,0,6189,1789636816657251104,3815432830761241
2,0,6190,1789636816657260992,3815432830771138
2,0,6191,1789636816657270880,3815432830781100
2,0,6192,1789636816657280832,3815432830791114
2,0,6193,1789636816657290848,3815432830801102
2,0,6194,1789636816657300864,3815432830811108
2,0,6195,1789636816657310880,3815432830821121
2,0,6196,1789636816657320864,3815432830831203
2,0,6197,1789636816657330944,3815432830841093
2,0,6198,1789636816657340832,3815432830850976
2,0,6199,1789636816657350720,3815432830860872
2,0,6200,1789636816657360608,3815432830870753
2,0,6201,1789636816657370496,3815432830880673
2,0,6202,1789636816657380448,3815432830890573
2,0,6203,1789636816657390336,3815432830900492
2,0,6204,1789636816657400224,3815432830910410
2,0,6205,1789636816657410176,3815432830920308
2,0,6206,1789636816657420064,3815432830930229
2,0,6207,1789636816657429984,3815432830940138
2,0,6208,1789636816657439872,3815432830950203
2,0,6209,1789636816657449952,3815432830960108
2,0,6210,1789636816657459872,3815432830970022
2,0,6211,1789636816657469760,3815432830979897
2,0,6212,1789636816657479648,3815432830989807
2,0,6213,1789636816657489568,3815432830999719
2,0,6214,1789636816657499456,3815432831009642
2,0,6215,1789636816657509376,3815432831019552
2,0,6216,1789636816657519296,3815432831029471
2,0,6217,1789636816657529216,3815432831039358
2,0,6218,1789636816657539104,3815432831049274
2,0,6219,1789636816657549024,3815432831059178
2,0,6220,1789636816657558912,3815432831069191
2,0,6221,1789636816657568928,3815432831079077
2,0,6222,1789636816657578816,3815432831089070
2,0,6223,1789636816657588800,3815432831099080
2,0,6224,1789636816657598816,3815432831109081
2,0,6225,1789636816657608832,3815432831119078
2,0,6226,1789636816657618816,3815432831129068
2,0,6227,1789636816657628800,3815432831138960
2,0,6228,1789636816657638720,3815432831148867
2,0,6229,1789636816657648608,3815432831158867
2,0,6230,1789636816657658624,3815432831168774
2,0,6231,1789636816657668512,3815432831178645
2,0,6232,1789636816657678400,3815432831188528
2,0,6233,1789636816657688288,3815432831198436
2,0,6234,1789636816657698176,3815432831208346
2,0,6235,1789636816657708096,3815432831218275
2,0,6236,1789636816657718016,3815432831228198
2,0,6237,1789636816657727936,3815432831238117
2,0,6238,1789636816657737856,3815432831248023
2,0,6239,1789636816657747776,3815432831257954
2,0,6240,1789636816657757696,3815432831267860
2,0,6241,1789636816657767584,3815432831277880
2,0,6242,1789636816657777632,3815432831287780
2,0,6243,1789636816657787520,3815432831297628
2,0,6244,1789636816657797376,3815432831307520
2,0,6245,1789636816657807264,3815432831317422
2,0,6246,1789636816657817152,3815432831327330
2,0,6247,1789636816657827072,3815432831337248
2,0,6248,1789636816657836992,3815432831347177
2,0,6249,1789636816657846912,3815432831357100
2,0,6250,1789636816657856832,3815432831367038
2,0,6251,1789636816657866784,3815432831376945
2,0,6252,1789636816657876704,3815432831386856
2,0,6253,1789636816657886592,3815432831396873
2,0,6254,1789636816657896608,3815432831406753
2,0,6255,1789636816657906496,3815432831416660
2,0,6256,1789636816657916416,3815432831426560
2,0,6257,1789636816657926304,3815432831436459
2,0,6258,1789636816657936192,3815432831446400
2,0,6259,1789636816657946144,3815432831456318
2,0,6260,1789636816657956064,3815432831466238
2,0,6261,1789636816657965984,3815432831476158
2,0,6262,1789636816657975904,3815432831486056
2,0,6263,1789636816657985792,3815432831495950
2,0,6264,1789636816657995680,3815432831505860
2,0,6265,1789636816658005600,3815432831515868
2,0,6266,1789636816658015616,3815432831525754
2,0,6267,1789636816658025504,3815432831535661
2,0,6268,1789636816658035392,3815432831545548
2,0,6269,1789636816658045280,3815432831555434
2,0,6270,1789636816658055168,3815432831565342
2,0,6271,1789636816658065088,3815432831575252
2,0,6272,1789636816658074976,3815432831585160
2,0,6273,1789636816658084896,3815432831595078
2,0,6274,1789636816658094816,3815432831604957
2,0,6275,1789636816658104704,3815432831614977
2,0,6276,1789636816658114720,3815432831624874
2,0,6277,1789636816658124608,3815432831634950
2,0,6278,1789636816658134688,3815432831644837
2,0,6279,1789636816658144576,3815432831654730
2,0,6280,1789636816658154464,3815432831664623
2,0,6281,1789636816658164352,3815432831674513
2,0,6282,1789636816658174240,3815432831684420
2,0,6283,1789636816658184160,3815432831694338
2,0,6284,1789636816658194080,3815432831704273
2,0,6285,1789636816658204000,3815432831714181
2,0,6286,1789636816658213920,3815432831724088
2,0,6287,1789636816658223808,3815432831734010
2,0,6288,1789636816658233760,3815432831743923
2,0,6289,1789636816658243648,3815432831753940
2,0,6290,1789636816658253664,3815432831763838
2,0,6291,1789636816658263584,3815432831773740
2,0,6292,1789636816658273472,3815432831783637
2,0,6293,1789636816658283360,3815432831793580
2,0,6294,1789636816658293312,3815432831803492
2,0,6295,1789636816658303232,3815432831813400
2,0,6296,1789636816658313152,3815432831823336
2,0,6297,1789636816658323040,3815432831833241
2,0,6298,1789636816658332960,3815432831843117
2,0,6299,1789636816658342848,3815432831853017
2,0,6300,1789636816658352736,3815432831862922
2,0,6301,1789636816658362656,3815432831872944
2,0,6302,1789636816658372672,3815432831882823
2,0,6303,1789636816658382560,3815432831892718
2,0,6304,1789636816658392448,3815432831902610
2,0,6305,1789636816658402336,3815432831912500
2,0,6306,1789636816658412224,3815432831922414
2,0,6307,1789636816658422144,3815432831932323
2,0,6308,1789636816658432032,3815432831942231
2,0,6309,1789636816658441952,3815432831952145
2,0,6310,1789636816658451872,3815432831962047
2,0,6311,1789636816658461792,3815432831971948
2,0,6312,1789636816658471680,3815432831981873
2,0,6313,1789636816658481600,3815432831991877
2,0,6314,1789636816658491616,3815432832001773
2,0,6315,1789636816658501504,3815432832011660
2,0,6316,1789636816658511392,3815432832021566
2,0,6317,1789636816658521280,3815432832031450
2,0,6318,1789636816658531168,3815432832041348
2,0,6319,1789636816658541088,3815432832051263
2,0,6320,1789636816658550976,3815432832061180
2,0,6321,1789636816658560928,3815432832071110
2,0,6322,1789636816658570816,3815432832081108
2,0,6323,1789636816658580832,3815432832091108
2,0,6324,1789636816658590848,3815432832101187
2,0,6325,1789636816658600928,3815432832111093
2,0,6326,1789636816658610816,3815432832121088
2,0,6327,1789636816658620800,3815432832131092
2,0,6328,1789636816658630816,3815432832141103
2,0,6329,1789636816658640832,3815432832151111
2,0,6330,1789636816658650816,3815432832161093
2,0,6331,1789636816658660800,3815432832171104
2,0,6332,1789636816658670848,3815432832181153
2,0,6333,1789636816658680896,3815432832191076
2,0,6334,1789636816658690816,3815432832200972
2,0,6335,1789636816658700704,3815432832210861
2,0,6336,1789636816658710592,3815432832220750
2,0,6337,1789636816658720480,3815432832230673
2,0,6338,1789636816658730400,3815432832240583
2,0,6339,1789636816658740320,3815432832250498
2,0,6340,1789636816658750240,3815432832260417
2,0,6341,1789636816658760128,3815432832270337
2,0,6342,1789636816658770048,3815432832280240
2,0,6343,1789636816658779968,3815432832290150
2,0,6344,1789636816658789888,3815432832300182
2,0,6345,1789636816658799904,3815432832310073
2,0,6346,1789636816658809792,3815432832319952
2,0,6347,1789636816658819680,3815432832329846
2,0,6348,1789636816658829568,3815432832339743
2,0,6349,1789636816658839456,3815432832349637
2,0,6350,1789636816658849344,3815432832359572
2,0,6351,1789636816658859296,3815432832369480
2,0,6352,1789636816658869216,3815432832379401
2,0,6353,1789636816658879104,3815432832389278
2,0,6354,1789636816658888992,3815432832399178
2,0,6355,1789636816658898912,3815432832409098
2,0,6356,1789636816658908832,3815432832419137
2,0,6357,1789636816658918880,3815432832429073
2,0,6358,1789636816658928800,3815432832438960
2,0,6359,1789636816658938688,3815432832448873
2,0,6360,1789636816658948576,3815432832458763
2,0,6361,1789636816658958496,3815432832468681
2,0,6362,1789636816658968384,3815432832478592
2,0,6363,1789636816658978304,3815432832488480
2,0,6364,1789636816658988192,3815432832498400
2,0,6365,1789636816658998112,3815432832508330
2,0,6366,1789636816659008064,3815432832518248
2,0,6367,1789636816659017984,3815432832528160
2,0,6368,1789636816659027872,3815432832538167
2,0,6369,1789636816659037888,3815432832548053
2,0,6370,1789636816659047776,3815432832557948
