schema_version,trial,sample,gpu_ns,cpu_observed_ns
2,0,0,1789633726821695488,3812342938460699
2,0,1,1789633726821706752,3812342938471433
2,0,2,1789633726821716992,3812342938482131
2,0,3,1789633726821727232,3812342938492821
2,0,4,1789633726821738496,3812342938503519
2,0,5,1789633726821748736,3812342938514184
2,0,6,1789633726821760000,3812342938524979
2,0,7,1789633726821770240,3812342938535652
2,0,8,1789633726821781504,3812342938546389
2,0,9,1789633726821791744,3812342938557115
2,0,10,1789633726821803008,3812342938567850
2,0,11,1789633726821813248,3812342938578579
2,0,12,1789633726821824512,3812342938589268
2,0,13,1789633726821834752,3812342938599990
2,0,14,1789633726821846016,3812342938610716
2,0,15,1789633726821856256,3812342938621429
2,0,16,1789633726821867520,3812342938632109
2,0,17,1789633726821877760,3812342938642788
2,0,18,1789633726821888000,3812342938653542
2,0,19,1789633726821899264,3812342938664219
2,0,20,1789633726821909504,3812342938674959
2,0,21,1789633726821920768,3812342938685689
2,0,22,1789633726821931008,3812342938696390
2,0,23,1789633726821942272,3812342938707133
2,0,24,1789633726821952512,3812342938717881
2,0,25,1789633726821963776,3812342938728619
2,0,26,1789633726821974016,3812342938739299
2,0,27,1789633726821985280,3812342938750053
2,0,28,1789633726821995520,3812342938760768
2,0,29,1789633726822006784,3812342938771509
2,0,30,1789633726822017024,3812342938782209
2,0,31,1789633726822028288,3812342938792959
2,0,32,1789633726822038528,3812342938803706
2,0,33,1789633726822049792,3812342938814417
2,0,34,1789633726822060032,3812342938825115
2,0,35,1789633726822070272,3812342938835879
2,0,36,1789633726822081536,3812342938846599
2,0,37,1789633726822091776,3812342938857351
2,0,38,1789633726822103040,3812342938868069
2,0,39,1789633726822113280,3812342938878799
2,0,40,1789633726822124544,3812342938889561
2,0,41,1789633726822134784,3812342938900252
2,0,42,1789633726822146048,3812342938911001
2,0,43,1789633726822156288,3812342938921746
2,0,44,1789633726822167552,3812342938932449
2,0,45,1789633726822177792,3812342938943189
2,0,46,1789633726822189056,3812342938953917
2,0,47,1789633726822199296,3812342938964635
2,0,48,1789633726822210560,3812342938975350
2,0,49,1789633726822220800,3812342938986104
2,0,50,1789633726822232064,3812342938996847
2,0,51,1789633726822242304,3812342939007577
2,0,52,1789633726822253568,3812342939018272
2,0,53,1789633726822263808,3812342939029012
2,0,54,1789633726822275072,3812342939039723
2,0,55,1789633726822285312,3812342939050469
2,0,56,1789633726822296576,3812342939061229
2,0,57,1789633726822306816,3812342939071944
2,0,58,1789633726822318080,3812342939082676
2,0,59,1789633726822328320,3812342939093469
2,0,60,1789633726822339584,3812342939104195
2,0,61,1789633726822349824,3812342939114923
2,0,62,1789633726822360064,3812342939125601
2,0,63,1789633726822371328,3812342939136329
2,0,64,1789633726822381568,3812342939147069
2,0,65,1789633726822392832,3812342939157768
2,0,66,1789633726822403072,3812342939168459
2,0,67,1789633726822414336,3812342939179233
2,0,68,1789633726822424576,3812342939189988
2,0,69,1789633726822435840,3812342939200692
2,0,70,1789633726822446080,3812342939211416
2,0,71,1789633726822457344,3812342939222149
2,0,72,1789633726822467584,3812342939232859
2,0,73,1789633726822478848,3812342939243609
2,0,74,1789633726822489088,3812342939254337
2,0,75,1789633726822500352,3812342939265071
2,0,76,1789633726822510592,3812342939275821
2,0,77,1789633726822521856,3812342939286510
2,0,78,1789633726822532096,3812342939297268
2,0,79,1789633726822543360,3812342939307973
2,0,80,1789633726822553600,3812342939318733
2,0,81,1789633726822564864,3812342939329464
2,0,82,1789633726822575104,3812342939340193
2,0,83,1789633726822585344,3812342939350893
2,0,84,1789633726822596608,3812342939361652
2,0,85,1789633726822606848,3812342939372349
2,0,86,1789633726822618112,3812342939383053
2,0,87,1789633726822628352,3812342939393819
2,0,88,1789633726822639616,3812342939404557
2,0,89,1789633726822649856,3812342939415296
2,0,90,1789633726822661120,3812342939426029
2,0,91,1789633726822671360,3812342939436733
2,0,92,1789633726822682624,3812342939447489
2,0,93,1789633726822692864,3812342939458193
2,0,94,1789633726822704128,3812342939468921
2,0,95,1789633726822714368,3812342939479652
2,0,96,1789633726822725632,3812342939490361
2,0,97,1789633726822735872,3812342939501111
2,0,98,1789633726822747136,3812342939511905
2,0,99,1789633726822757376,3812342939522581
2,0,100,1789633726822768640,3812342939533273
2,0,101,1789633726822778880,3812342939544033
2,0,102,1789633726822789120,3812342939554749
2,0,103,1789633726822800384,3812342939565492
2,0,104,1789633726822810624,3812342939576233
2,0,105,1789633726822821888,3812342939586948
2,0,106,1789633726822832128,3812342939597688
2,0,107,1789633726822843392,3812342939608425
2,0,108,1789633726822853632,3812342939619173
2,0,109,1789633726822864896,3812342939629875
2,0,110,1789633726822875136,3812342939640609
2,0,111,1789633726822886400,3812342939651341
2,0,112,1789633726822896640,3812342939662079
2,0,113,1789633726822907904,3812342939672781
2,0,114,1789633726822918144,3812342939683523
2,0,115,1789633726822929408,3812342939694250
2,0,116,1789633726822939648,3812342939704956
2,0,117,1789633726822950912,3812342939715693
2,0,118,1789633726822961152,3812342939726424
2,0,119,1789633726822972416,3812342939737188
2,0,120,1789633726822982656,3812342939747904
2,0,121,1789633726822993920,3812342939758636
2,0,122,1789633726823004160,3812342939769379
2,0,123,1789633726823015424,3812342939780123
2,0,124,1789633726823025664,3812342939790864
2,0,125,1789633726823036928,3812342939801599
2,0,126,1789633726823047168,3812342939812368
2,0,127,1789633726823058432,3812342939823096
2,0,128,1789633726823068672,3812342939833833
2,0,129,1789633726823079936,3812342939844563
2,0,130,1789633726823090176,3812342939855309
2,0,131,1789633726823101440,3812342939866013
2,0,132,1789633726823111680,3812342939876733
2,0,133,1789633726823121920,3812342939887388
2,0,134,1789633726823133184,3812342939898109
2,0,135,1789633726823143424,3812342939908839
2,0,136,1789633726823154688,3812342939919569
2,0,137,1789633726823164928,3812342939930293
2,0,138,1789633726823176192,3812342939941031
2,0,139,1789633726823186432,3812342939951759
2,0,140,1789633726823197696,3812342939962519
2,0,141,1789633726823207936,3812342939973224
2,0,142,1789633726823219200,3812342939983961
2,0,143,1789633726823229440,3812342939994665
2,0,144,1789633726823240704,3812342940005409
2,0,145,1789633726823250944,3812342940016146
2,0,146,1789633726823262208,3812342940026873
2,0,147,1789633726823272448,3812342940037589
2,0,148,1789633726823283712,3812342940048344
2,0,149,1789633726823293952,3812342940059072
2,0,150,1789633726823304192,3812342940069749
2,0,151,1789633726823315456,3812342940080510
2,0,152,1789633726823325696,3812342940091221
2,0,153,1789633726823336960,3812342940101969
2,0,154,1789633726823347200,3812342940112704
2,0,155,1789633726823358464,3812342940123472
2,0,156,1789633726823368704,3812342940134188
2,0,157,1789633726823379968,3812342940144912
2,0,158,1789633726823390208,3812342940155690
2,0,159,1789633726823401472,3812342940166424
2,0,160,1789633726823411712,3812342940177179
2,0,161,1789633726823422976,3812342940187879
2,0,162,1789633726823433216,3812342940198592
2,0,163,1789633726823444480,3812342940209335
2,0,164,1789633726823454720,3812342940220029
2,0,165,1789633726823465984,3812342940230723
2,0,166,1789633726823476224,3812342940241413
2,0,167,1789633726823487488,3812342940252184
2,0,168,1789633726823497728,3812342940262869
2,0,169,1789633726823507968,3812342940273639
2,0,170,1789633726823519232,3812342940284384
2,0,171,1789633726823529472,3812342940295101
2,0,172,1789633726823540736,3812342940305812
2,0,173,1789633726823550976,3812342940316563
2,0,174,1789633726823562240,3812342940327309
2,0,175,1789633726823572480,3812342940338019
2,0,176,1789633726823583744,3812342940348763
2,0,177,1789633726823593984,3812342940359481
2,0,178,1789633726823605248,3812342940370205
2,0,179,1789633726823615488,3812342940380944
2,0,180,1789633726823626752,3812342940391704
2,0,181,1789633726823636992,3812342940402401
2,0,182,1789633726823648256,3812342940413104
2,0,183,1789633726823658496,3812342940423873
2,0,184,1789633726823669760,3812342940434610
2,0,185,1789633726823680000,3812342940445317
2,0,186,1789633726823691264,3812342940456029
2,0,187,1789633726823701504,3812342940466788
2,0,188,1789633726823712768,3812342940477521
2,0,189,1789633726823723008,3812342940488256
2,0,190,1789633726823734272,3812342940498994
2,0,191,1789633726823744512,3812342940509701
2,0,192,1789633726823755776,3812342940520461
2,0,193,1789633726823766016,3812342940531158
2,0,194,1789633726823776256,3812342940541905
2,0,195,1789633726823787520,3812342940552633
2,0,196,1789633726823797760,3812342940563363
2,0,197,1789633726823809024,3812342940574066
2,0,198,1789633726823819264,3812342940584761
2,0,199,1789633726823830528,3812342940595521
2,0,200,1789633726823840768,3812342940606265
2,0,201,1789633726823852032,3812342940616998
2,0,202,1789633726823862272,3812342940627688
2,0,203,1789633726823873536,3812342940638453
2,0,204,1789633726823883776,3812342940649201
2,0,205,1789633726823895040,3812342940659895
2,0,206,1789633726823905280,3812342940670652
2,0,207,1789633726823916544,3812342940681379
2,0,208,1789633726823926784,3812342940692123
2,0,209,1789633726823938048,3812342940702831
2,0,210,1789633726823948288,3812342940713568
2,0,211,1789633726823959552,3812342940724308
2,0,212,1789633726823969792,3812342940735037
2,0,213,1789633726823981056,3812342940745753
2,0,214,1789633726823991296,3812342940756478
2,0,215,1789633726824002560,3812342940767212
2,0,216,1789633726824012800,3812342940777950
2,0,217,1789633726824023040,3812342940788672
2,0,218,1789633726824034304,3812342940799403
2,0,219,1789633726824044544,3812342940810128
2,0,220,1789633726824055808,3812342940820872
2,0,221,1789633726824066048,3812342940831598
2,0,222,1789633726824077312,3812342940842344
2,0,223,1789633726824087552,3812342940853068
2,0,224,1789633726824098816,3812342940863753
2,0,225,1789633726824109056,3812342940874501
2,0,226,1789633726824120320,3812342940885198
2,0,227,1789633726824130560,3812342940895958
2,0,228,1789633726824141824,3812342940906683
2,0,229,1789633726824152064,3812342940917417
2,0,230,1789633726824163328,3812342940928138
2,0,231,1789633726824173568,3812342940938883
2,0,232,1789633726824184832,3812342940949578
2,0,233,1789633726824195072,3812342940960344
2,0,234,1789633726824206336,3812342940971068
2,0,235,1789633726824216576,3812342940981792
2,0,236,1789633726824227840,3812342940992473
2,0,237,1789633726824238080,3812342941003253
2,0,238,1789633726824249344,3812342941014010
2,0,239,1789633726824259584,3812342941024739
2,0,240,1789633726824270848,3812342941035501
2,0,241,1789633726824281088,3812342941046228
2,0,242,1789633726824291328,3812342941056961
2,0,243,1789633726824302592,3812342941067672
2,0,244,1789633726824312832,3812342941078428
2,0,245,1789633726824324096,3812342941089098
2,0,246,1789633726824334336,3812342941099848
2,0,247,1789633726824345600,3812342941110553
2,0,248,1789633726824355840,3812342941121304
2,0,249,1789633726824367104,3812342941132008
2,0,250,1789633726824377344,3812342941142746
2,0,251,1789633726824388608,3812342941153476
2,0,252,1789633726824398848,3812342941164224
2,0,253,1789633726824410112,3812342941174950
2,0,254,1789633726824420352,3812342941185668
2,0,255,1789633726824431616,3812342941196398
2,0,256,1789633726824441856,3812342941207133
2,0,257,1789633726824453120,3812342941217868
2,0,258,1789633726824463360,3812342941228603
2,0,259,1789633726824474624,3812342941239308
2,0,260,1789633726824484864,3812342941250008
2,0,261,1789633726824495104,3812342941260775
2,0,262,1789633726824506368,3812342941271530
2,0,263,1789633726824517632,3812342941282228
2,0,264,1789633726824527872,3812342941292961
2,0,265,1789633726824538112,3812342941303683
2,0,266,1789633726824549376,3812342941314416
2,0,267,1789633726824559616,3812342941325148
2,0,268,1789633726824570880,3812342941335864
2,0,269,1789633726824581120,3812342941346608
2,0,270,1789633726824592384,3812342941357333
2,0,271,1789633726824602624,3812342941368070
2,0,272,1789633726824613888,3812342941378810
2,0,273,1789633726824624128,3812342941389519
2,0,274,1789633726824635392,3812342941400273
2,0,275,1789633726824645632,3812342941411005
2,0,276,1789633726824656896,3812342941421768
2,0,277,1789633726824667136,3812342941432481
2,0,278,1789633726824678400,3812342941443230
2,0,279,1789633726824688640,3812342941453963
2,0,280,1789633726824699904,3812342941464661
2,0,281,1789633726824710144,3812342941475352
2,0,282,1789633726824721408,3812342941486051
2,0,283,1789633726824731648,3812342941496808
2,0,284,1789633726824742912,3812342941507552
2,0,285,1789633726824753152,3812342941518288
2,0,286,1789633726824764416,3812342941529059
2,0,287,1789633726824774656,3812342941539772
2,0,288,1789633726824784896,3812342941550515
2,0,289,1789633726824796160,3812342941561252
2,0,290,1789633726824806400,3812342941571963
2,0,291,1789633726824817664,3812342941583432
2,0,292,1789633726824827904,3812342941593481
2,0,293,1789633726824839168,3812342941604199
2,0,294,1789633726824849408,3812342941614872
2,0,295,1789633726824860672,3812342941625598
2,0,296,1789633726824870912,3812342941636323
2,0,297,1789633726824882176,3812342941647048
2,0,298,1789633726824892416,3812342941657753
2,0,299,1789633726824903680,3812342941668490
2,0,300,1789633726824913920,3812342941679208
2,0,301,1789633726824925184,3812342941689950
2,0,302,1789633726824935424,3812342941700670
2,0,303,1789633726824946688,3812342941711409
2,0,304,1789633726824956928,3812342941722177
2,0,305,1789633726824968192,3812342941732905
2,0,306,1789633726824978432,3812342941743661
2,0,307,1789633726824989696,3812342941754336
2,0,308,1789633726824999936,3812342941765070
2,0,309,1789633726825010176,3812342941775777
2,0,310,1789633726825021440,3812342941786523
2,0,311,1789633726825031680,3812342941797255
2,0,312,1789633726825042944,3812342941807968
2,0,313,1789633726825053184,3812342941818708
2,0,314,1789633726825064448,3812342941829418
2,0,315,1789633726825074688,3812342941840161
2,0,316,1789633726825085952,3812342941850901
2,0,317,1789633726825096192,3812342941861629
2,0,318,1789633726825107456,3812342941872323
2,0,319,1789633726825117696,3812342941883093
2,0,320,1789633726825128960,3812342941893828
2,0,321,1789633726825139200,3812342941904538
2,0,322,1789633726825150464,3812342941915301
2,0,323,1789633726825160704,3812342941926031
2,0,324,1789633726825171968,3812342941936758
2,0,325,1789633726825182208,3812342941947488
2,0,326,1789633726825193472,3812342941958225
2,0,327,1789633726825203712,3812342941968985
2,0,328,1789633726825214976,3812342941979718
2,0,329,1789633726825225216,3812342941990421
2,0,330,1789633726825236480,3812342942001178
2,0,331,1789633726825246720,3812342942011906
2,0,332,1789633726825256960,3812342942022528
2,0,333,1789633726825268224,3812342942033298
2,0,334,1789633726825278464,3812342942044043
2,0,335,1789633726825289728,3812342942054744
2,0,336,1789633726825299968,3812342942065545
2,0,337,1789633726825311232,3812342942076224
2,0,338,1789633726825321472,3812342942086972
2,0,339,1789633726825332736,3812342942097691
2,0,340,1789633726825342976,3812342942108438
2,0,341,1789633726825354240,3812342942119128
2,0,342,1789633726825364480,3812342942129881
2,0,343,1789633726825375744,3812342942140601
2,0,344,1789633726825385984,3812342942151328
2,0,345,1789633726825397248,3812342942162024
2,0,346,1789633726825407488,3812342942172753
2,0,347,1789633726825418752,3812342942183512
2,0,348,1789633726825428992,3812342942194250
2,0,349,1789633726825440256,3812342942204971
2,0,350,1789633726825450496,3812342942215692
2,0,351,1789633726825460736,3812342942226433
2,0,352,1789633726825472000,3812342942237153
2,0,353,1789633726825482240,3812342942247892
2,0,354,1789633726825493504,3812342942258633
2,0,355,1789633726825503744,3812342942269359
2,0,356,1789633726825515008,3812342942280058
2,0,357,1789633726825525248,3812342942290813
2,0,358,1789633726825536512,3812342942301492
2,0,359,1789633726825546752,3812342942312278
2,0,360,1789633726825558016,3812342942322990
2,0,361,1789633726825568256,3812342942333719
2,0,362,1789633726825579520,3812342942344441
2,0,363,1789633726825589760,3812342942355177
2,0,364,1789633726825601024,3812342942365839
2,0,365,1789633726825611264,3812342942376639
2,0,366,1789633726825622528,3812342942387328
2,0,367,1789633726825632768,3812342942398121
2,0,368,1789633726825644032,3812342942408868
2,0,369,1789633726825654272,3812342942419559
2,0,370,1789633726825665536,3812342942430293
2,0,371,1789633726825675776,3812342942441018
2,0,372,1789633726825687040,3812342942451772
2,0,373,1789633726825697280,3812342942462490
2,0,374,1789633726825708544,3812342942473228
2,0,375,1789633726825718784,3812342942483956
2,0,376,1789633726825729024,3812342942494681
2,0,377,1789633726825740288,3812342942505403
2,0,378,1789633726825750528,3812342942516148
2,0,379,1789633726825761792,3812342942526858
2,0,380,1789633726825772032,3812342942537568
2,0,381,1789633726825783296,3812342942548319
2,0,382,1789633726825793536,3812342942559021
2,0,383,1789633726825804800,3812342942569760
2,0,384,1789633726825815040,3812342942580504
2,0,385,1789633726825826304,3812342942591248
2,0,386,1789633726825836544,3812342942601993
2,0,387,1789633726825847808,3812342942612718
2,0,388,1789633726825858048,3812342942623473
2,0,389,1789633726825869312,3812342942634188
2,0,390,1789633726826513408,3812342943279178
2,0,391,1789633726826524672,3812342943289917
2,0,392,1789633726826535936,3812342943300679
2,0,393,1789633726826546176,3812342943311430
2,0,394,1789633726826557440,3812342943322172
2,0,395,1789633726826567680,3812342943332891
2,0,396,1789633726826577920,3812342943343603
2,0,397,1789633726826589184,3812342943354338
2,0,398,1789633726826599424,3812342943365053
2,0,399,1789633726826610688,3812342943375770
2,0,400,1789633726826620928,3812342943386464
2,0,401,1789633726826632192,3812342943397152
2,0,402,1789633726826642432,3812342943407817
2,0,403,1789633726826653696,3812342943418523
2,0,404,1789633726826663936,3812342943429253
2,0,405,1789633726826675200,3812342943439965
2,0,406,1789633726826685440,3812342943450692
2,0,407,1789633726826696704,3812342943461430
2,0,408,1789633726826706944,3812342943472184
2,0,409,1789633726826718208,3812342943482893
2,0,410,1789633726826728448,3812342943493641
2,0,411,1789633726826738688,3812342943504358
2,0,412,1789633726826749952,3812342943515112
2,0,413,1789633726826760192,3812342943525792
2,0,414,1789633726826771456,3812342943536521
2,0,415,1789633726826781696,3812342943547208
2,0,416,1789633726826792960,3812342943557930
2,0,417,1789633726826803200,3812342943568608
2,0,418,1789633726826814464,3812342943579366
2,0,419,1789633726826824704,3812342943590064
2,0,420,1789633726826835968,3812342943600744
2,0,421,1789633726826846208,3812342943611510
2,0,422,1789633726826857472,3812342943622238
2,0,423,1789633726826867712,3812342943632985
2,0,424,1789633726826878976,3812342943643733
2,0,425,1789633726826889216,3812342943654464
2,0,426,1789633726826900480,3812342943665178
2,0,427,1789633726826910720,3812342943675898
2,0,428,1789633726826920960,3812342943686643
2,0,429,1789633726826932224,3812342943697391
2,0,430,1789633726826942464,3812342943708088
2,0,431,1789633726826953728,3812342943718798
2,0,432,1789633726826963968,3812342943729546
2,0,433,1789633726826975232,3812342943740284
2,0,434,1789633726826985472,3812342943750981
2,0,435,1789633726826996736,3812342943761723
2,0,436,1789633726827006976,3812342943772450
2,0,437,1789633726827018240,3812342943783178
2,0,438,1789633726827028480,3812342943793939
2,0,439,1789633726827039744,3812342943804651
2,0,440,1789633726827049984,3812342943815401
2,0,441,1789633726827061248,3812342943826119
2,0,442,1789633726827071488,3812342943836878
2,0,443,1789633726827082752,3812342943847599
2,0,444,1789633726827092992,3812342943858323
2,0,445,1789633726827104256,3812342943869045
2,0,446,1789633726827114496,3812342943879758
2,0,447,1789633726827125760,3812342943890488
2,0,448,1789633726827136000,3812342943901190
2,0,449,1789633726827146240,3812342943911956
2,0,450,1789633726827157504,3812342943922685
2,0,451,1789633726827167744,3812342943933465
2,0,452,1789633726827179008,3812342943944159
2,0,453,1789633726827189248,3812342943954883
2,0,454,1789633726827200512,3812342943965603
2,0,455,1789633726827210752,3812342943976325
2,0,456,1789633726827222016,3812342943987084
2,0,457,1789633726827232256,3812342943997790
2,0,458,1789633726827243520,3812342944008536
2,0,459,1789633726827253760,3812342944019253
2,0,460,1789633726827265024,3812342944029958
2,0,461,1789633726827275264,3812342944040699
2,0,462,1789633726827286528,3812342944054696
2,0,463,1789633726827296768,3812342944062164
2,0,464,1789633726827308032,3812342944072858
2,0,465,1789633726827318272,3812342944083631
2,0,466,1789633726827329536,3812342944094385
2,0,467,1789633726827339776,3812342944105079
2,0,468,1789633726827351040,3812342944115792
2,0,469,1789633726827361280,3812342944126533
2,0,470,1789633726827372544,3812342944137265
2,0,471,1789633726827382784,3812342944147988
2,0,472,1789633726827394048,3812342944158748
2,0,473,1789633726827404288,3812342944169483
2,0,474,1789633726827414528,3812342944180236
2,0,475,1789633726827425792,3812342944190941
2,0,476,1789633726827436032,3812342944201711
2,0,477,1789633726827447296,3812342944212379
2,0,478,1789633726827457536,3812342944223118
2,0,479,1789633726827468800,3812342944233838
2,0,480,1789633726827479040,3812342944244572
2,0,481,1789633726827490304,3812342944255288
2,0,482,1789633726827500544,3812342944266017
2,0,483,1789633726827511808,3812342944276748
2,0,484,1789633726827522048,3812342944287468
2,0,485,1789633726827533312,3812342944298221
2,0,486,1789633726827543552,3812342944308928
2,0,487,1789633726827554816,3812342944319671
2,0,488,1789633726827565056,3812342944330403
2,0,489,1789633726827576320,3812342944341121
2,0,490,1789633726827586560,3812342944351905
2,0,491,1789633726827597824,3812342944362593
2,0,492,1789633726827608064,3812342944373293
2,0,493,1789633726827619328,3812342944384052
2,0,494,1789633726827629568,3812342944394758
2,0,495,1789633726827640832,3812342944405504
2,0,496,1789633726827651072,3812342944416228
2,0,497,1789633726827661312,3812342944426965
2,0,498,1789633726827672576,3812342944437661
2,0,499,1789633726827682816,3812342944448416
2,0,500,1789633726827694080,3812342944459138
2,0,501,1789633726827704320,3812342944469881
2,0,502,1789633726827715584,3812342944480617
2,0,503,1789633726827725824,3812342944491350
2,0,504,1789633726827737088,3812342944502078
2,0,505,1789633726827747328,3812342944512801
2,0,506,1789633726827758592,3812342944523551
2,0,507,1789633726827768832,3812342944534261
2,0,508,1789633726827780096,3812342944544998
2,0,509,1789633726827790336,3812342944555717
2,0,510,1789633726827801600,3812342944566452
2,0,511,1789633726827811840,3812342944577158
2,0,512,1789633726827823104,3812342944587930
2,0,513,1789633726827833344,3812342944598645
2,0,514,1789633726827844608,3812342944609367
2,0,515,1789633726827854848,3812342944620088
2,0,516,1789633726827866112,3812342944630806
2,0,517,1789633726827876352,3812342944641556
2,0,518,1789633726827886592,3812342944652277
2,0,519,1789633726827897856,3812342944663024
2,0,520,1789633726827908096,3812342944673721
2,0,521,1789633726827919360,3812342944684470
2,0,522,1789633726827929600,3812342944695230
2,0,523,1789633726827940864,3812342944705954
2,0,524,1789633726827951104,3812342944716664
2,0,525,1789633726827962368,3812342944727392
2,0,526,1789633726827972608,3812342944738113
2,0,527,1789633726827983872,3812342944748847
2,0,528,1789633726827994112,3812342944759533
2,0,529,1789633726828005376,3812342944770319
2,0,530,1789633726828015616,3812342944781036
2,0,531,1789633726828026880,3812342944791770
2,0,532,1789633726828037120,3812342944802508
2,0,533,1789633726828048384,3812342944813224
2,0,534,1789633726828058624,3812342944823933
2,0,535,1789633726828069888,3812342944834687
2,0,536,1789633726828080128,3812342944845427
2,0,537,1789633726828091392,3812342944856152
2,0,538,1789633726828101632,3812342944866894
2,0,539,1789633726828112896,3812342944877647
2,0,540,1789633726828123136,3812342944888338
2,0,541,1789633726828133376,3812342944899057
2,0,542,1789633726828144640,3812342944909831
2,0,543,1789633726828154880,3812342944920528
2,0,544,1789633726828166144,3812342944931277
2,0,545,1789633726828176384,3812342944941997
2,0,546,1789633726828187648,3812342944952733
2,0,547,1789633726828197888,3812342944963458
2,0,548,1789633726828209152,3812342944974213
2,0,549,1789633726828219392,3812342944984901
2,0,550,1789633726828230656,3812342944995641
2,0,551,1789633726828240896,3812342945006367
2,0,552,1789633726828252160,3812342945017121
2,0,553,1789633726828262400,3812342945027833
2,0,554,1789633726828273664,3812342945038584
2,0,555,1789633726828283904,3812342945049270
2,0,556,1789633726828295168,3812342945059963
2,0,557,1789633726828305408,3812342945070739
2,0,558,1789633726828316672,3812342945081468
2,0,559,1789633726828326912,3812342945092196
2,0,560,1789633726828338176,3812342945102917
2,0,561,1789633726828348416,3812342945113668
2,0,562,1789633726828359680,3812342945124384
2,0,563,1789633726828369920,3812342945135124
2,0,564,1789633726828380160,3812342945145844
2,0,565,1789633726828391424,3812342945156584
2,0,566,1789633726828401664,3812342945167323
2,0,567,1789633726828412928,3812342945178044
2,0,568,1789633726828423168,3812342945188769
2,0,569,1789633726828434432,3812342945199492
2,0,570,1789633726828444672,3812342945210184
2,0,571,1789633726828455936,3812342945220952
2,0,572,1789633726828466176,3812342945231687
2,0,573,1789633726828477440,3812342945242433
2,0,574,1789633726828487680,3812342945253171
2,0,575,1789633726828498944,3812342945263879
2,0,576,1789633726828509184,3812342945274599
2,0,577,1789633726828520448,3812342945285327
2,0,578,1789633726828530688,3812342945296073
2,0,579,1789633726828541952,3812342945306788
2,0,580,1789633726828552192,3812342945317561
2,0,581,1789633726828563456,3812342945328258
2,0,582,1789633726828573696,3812342945338961
2,0,583,1789633726828583936,3812342945349726
2,0,584,1789633726828595200,3812342945360456
2,0,585,1789633726828606464,3812342945371171
2,0,586,1789633726828616704,3812342945381924
2,0,587,1789633726828626944,3812342945392618
2,0,588,1789633726828638208,3812342945403320
2,0,589,1789633726828648448,3812342945414094
2,0,590,1789633726828659712,3812342945424824
2,0,591,1789633726828669952,3812342945435552
2,0,592,1789633726828681216,3812342945446274
2,0,593,1789633726828691456,3812342945457008
2,0,594,1789633726828702720,3812342945467736
2,0,595,1789633726828712960,3812342945478471
2,0,596,1789633726828724224,3812342945489171
2,0,597,1789633726828734464,3812342945499896
2,0,598,1789633726828745728,3812342945510621
2,0,599,1789633726828755968,3812342945521381
2,0,600,1789633726828767232,3812342945532071
2,0,601,1789633726828777472,3812342945542843
2,0,602,1789633726828788736,3812342945553552
2,0,603,1789633726828798976,3812342945564308
2,0,604,1789633726828810240,3812342945575041
2,0,605,1789633726828820480,3812342945585774
2,0,606,1789633726828831744,3812342945596493
2,0,607,1789633726828841984,3812342945607211
2,0,608,1789633726828853248,3812342945617956
2,0,609,1789633726828863488,3812342945628681
2,0,610,1789633726828873728,3812342945639425
2,0,611,1789633726828884992,3812342945650164
2,0,612,1789633726828895232,3812342945660910
2,0,613,1789633726828906496,3812342945671600
2,0,614,1789633726828916736,3812342945682332
2,0,615,1789633726828928000,3812342945693064
2,0,616,1789633726828938240,3812342945703785
2,0,617,1789633726828949504,3812342945714504
2,0,618,1789633726828959744,3812342945725228
2,0,619,1789633726828971008,3812342945735987
2,0,620,1789633726828981248,3812342945746747
2,0,621,1789633726828992512,3812342945757453
2,0,622,1789633726829002752,3812342945768190
2,0,623,1789633726829014016,3812342945778892
2,0,624,1789633726829024256,3812342945789644
2,0,625,1789633726829035520,3812342945800370
2,0,626,1789633726829045760,3812342945811125
2,0,627,1789633726829057024,3812342945821905
2,0,628,1789633726829067264,3812342945832531
2,0,629,1789633726829078528,3812342945843273
2,0,630,1789633726829088768,3812342945853999
2,0,631,1789633726829099008,3812342945864733
2,0,632,1789633726829110272,3812342945875518
2,0,633,1789633726829120512,3812342945886210
2,0,634,1789633726829131776,3812342945896953
2,0,635,1789633726829142016,3812342945907645
2,0,636,1789633726829153280,3812342945918392
2,0,637,1789633726829163520,3812342945929104
2,0,638,1789633726829174784,3812342945939867
2,0,639,1789633726829185024,3812342945950572
2,0,640,1789633726829196288,3812342945961333
2,0,641,1789633726829206528,3812342945972027
2,0,642,1789633726829217792,3812342945982760
2,0,643,1789633726829228032,3812342945993483
2,0,644,1789633726829239296,3812342946004230
2,0,645,1789633726829249536,3812342946014960
2,0,646,1789633726829260800,3812342946025698
2,0,647,1789633726829271040,3812342946036408
2,0,648,1789633726829282304,3812342946047118
2,0,649,1789633726829292544,3812342946057856
2,0,650,1789633726829303808,3812342946068544
2,0,651,1789633726829314048,3812342946079319
2,0,652,1789633726829325312,3812342946090033
2,0,653,1789633726829335552,3812342946100787
2,0,654,1789633726829345792,3812342946111487
2,0,655,1789633726829357056,3812342946122554
2,0,656,1789633726829367296,3812342946132986
2,0,657,1789633726829378560,3812342946143714
2,0,658,1789633726829388800,3812342946154460
2,0,659,1789633726829400064,3812342946165165
2,0,660,1789633726829410304,3812342946175880
2,0,661,1789633726829421568,3812342946186607
2,0,662,1789633726829431808,3812342946197316
2,0,663,1789633726829443072,3812342946208068
2,0,664,1789633726829453312,3812342946218776
2,0,665,1789633726829464576,3812342946229545
2,0,666,1789633726829474816,3812342946240257
2,0,667,1789633726829486080,3812342946251000
2,0,668,1789633726829496320,3812342946261707
2,0,669,1789633726829507584,3812342946272449
2,0,670,1789633726829517824,3812342946283158
2,0,671,1789633726829529088,3812342946294696
2,0,672,1789633726829539328,3812342946304666
2,0,673,1789633726829550592,3812342946315378
2,0,674,1789633726829560832,3812342946326106
2,0,675,1789633726829572096,3812342946336836
2,0,676,1789633726829582336,3812342946347580
2,0,677,1789633726829592576,3812342946358286
2,0,678,1789633726829603840,3812342946369031
2,0,679,1789633726829614080,3812342946379750
2,0,680,1789633726829625344,3812342946390499
2,0,681,1789633726829635584,3812342946401208
2,0,682,1789633726829646848,3812342946411958
2,0,683,1789633726829657088,3812342946422660
2,0,684,1789633726829668352,3812342946433471
2,0,685,1789633726829678592,3812342946444166
2,0,686,1789633726829689856,3812342946454875
2,0,687,1789633726829700096,3812342946465586
2,0,688,1789633726829711360,3812342946476298
2,0,689,1789633726829721600,3812342946487048
2,0,690,1789633726829732864,3812342946497778
2,0,691,1789633726829743104,3812342946508499
2,0,692,1789633726829754368,3812342946519232
2,0,693,1789633726829764608,3812342946529975
2,0,694,1789633726829775872,3812342946540704
2,0,695,1789633726829786112,3812342946551426
2,0,696,1789633726829797376,3812342946562136
2,0,697,1789633726829807616,3812342946572871
2,0,698,1789633726829817856,3812342946583589
2,0,699,1789633726829829120,3812342946594345
2,0,700,1789633726829839360,3812342946605036
2,0,701,1789633726829850624,3812342946615795
2,0,702,1789633726829860864,3812342946626519
2,0,703,1789633726829872128,3812342946637268
2,0,704,1789633726829882368,3812342946647990
2,0,705,1789633726829893632,3812342946658713
2,0,706,1789633726829903872,3812342946669465
2,0,707,1789633726829915136,3812342946680166
2,0,708,1789633726829925376,3812342946690891
2,0,709,1789633726829936640,3812342946701636
2,0,710,1789633726829946880,3812342946712355
2,0,711,1789633726829958144,3812342946723086
2,0,712,1789633726829968384,3812342946733846
2,0,713,1789633726829979648,3812342946744556
2,0,714,1789633726829989888,3812342946755285
2,0,715,1789633726830001152,3812342946766018
2,0,716,1789633726830011392,3812342946776726
2,0,717,1789633726830022656,3812342946787480
2,0,718,1789633726830032896,3812342946798225
2,0,719,1789633726830044160,3812342946808947
2,0,720,1789633726830054400,3812342946819678
2,0,721,1789633726830065664,3812342946830440
2,0,722,1789633726830075904,3812342946841127
2,0,723,1789633726830086144,3812342946851904
2,0,724,1789633726830097408,3812342946862591
2,0,725,1789633726830107648,3812342946873317
2,0,726,1789633726830118912,3812342946884071
2,0,727,1789633726830129152,3812342946894767
2,0,728,1789633726830140416,3812342946905516
2,0,729,1789633726830150656,3812342946916235
2,0,730,1789633726830161920,3812342946926920
2,0,731,1789633726830172160,3812342946937686
2,0,732,1789633726830183424,3812342946948400
2,0,733,1789633726830193664,3812342946959155
2,0,734,1789633726830204928,3812342946969838
2,0,735,1789633726830215168,3812342946980596
2,0,736,1789633726830226432,3812342946991324
2,0,737,1789633726830236672,3812342947002057
2,0,738,1789633726830247936,3812342947012795
2,0,739,1789633726830258176,3812342947023517
2,0,740,1789633726830269440,3812342947034279
2,0,741,1789633726830279680,3812342947044978
2,0,742,1789633726830290944,3812342947055743
2,0,743,1789633726830301184,3812342947066439
2,0,744,1789633726830312448,3812342947077171
2,0,745,1789633726830322688,3812342947087905
2,0,746,1789633726830332928,3812342947098628
2,0,747,1789633726830344192,3812342947109358
2,0,748,1789633726830354432,3812342947120070
2,0,749,1789633726830365696,3812342947130830
2,0,750,1789633726830375936,3812342947141548
2,0,751,1789633726830387200,3812342947152273
2,0,752,1789633726830397440,3812342947162988
2,0,753,1789633726830408704,3812342947173735
2,0,754,1789633726830418944,3812342947184475
2,0,755,1789633726830430208,3812342947195217
2,0,756,1789633726830440448,3812342947205966
2,0,757,1789633726830451712,3812342947216676
2,0,758,1789633726830461952,3812342947227387
2,0,759,1789633726830473216,3812342947238126
2,0,760,1789633726830483456,3812342947248828
2,0,761,1789633726830494720,3812342947259568
2,0,762,1789633726830504960,3812342947270279
2,0,763,1789633726830516224,3812342947281039
2,0,764,1789633726830526464,3812342947291745
2,0,765,1789633726830536704,3812342947302463
2,0,766,1789633726830547968,3812342947313189
2,0,767,1789633726830558208,3812342947323959
2,0,768,1789633726830569472,3812342947334681
2,0,769,1789633726830579712,3812342947345395
2,0,770,1789633726830590976,3812342947356139
2,0,771,1789633726830601216,3812342947366868
2,0,772,1789633726830612480,3812342947377603
2,0,773,1789633726830622720,3812342947388326
2,0,774,1789633726830633984,3812342947399091
2,0,775,1789633726830644224,3812342947409776
2,0,776,1789633726830655488,3812342947420517
2,0,777,1789633726830665728,3812342947431260
2,0,778,1789633726830676992,3812342947441988
2,0,779,1789633726830687232,3812342947452698
2,0,780,1789633726830698496,3812342947463465
2,0,781,1789633726830708736,3812342947474178
2,0,782,1789633726830720000,3812342947484886
2,0,783,1789633726830730240,3812342947495639
2,0,784,1789633726830741504,3812342947506325
2,0,785,1789633726830751744,3812342947517089
2,0,786,1789633726830763008,3812342947527848
2,0,787,1789633726830773248,3812342947538556
2,0,788,1789633726830784512,3812342947549307
2,0,789,1789633726830794752,3812342947560046
2,0,790,1789633726830806016,3812342947570780
2,0,791,1789633726830816256,3812342947581498
2,0,792,1789633726830826496,3812342947592225
2,0,793,1789633726830837760,3812342947602949
2,0,794,1789633726830848000,3812342947613710
2,0,795,1789633726830859264,3812342947624436
2,0,796,1789633726830869504,3812342947635127
2,0,797,1789633726830880768,3812342947645847
2,0,798,1789633726830891008,3812342947656565
2,0,799,1789633726830902272,3812342947667297
2,0,800,1789633726830912512,3812342947678026
2,0,801,1789633726830923776,3812342947688766
2,0,802,1789633726830934016,3812342947699500
2,0,803,1789633726830945280,3812342947710215
2,0,804,1789633726830955520,3812342947720978
2,0,805,1789633726830966784,3812342947731685
2,0,806,1789633726830977024,3812342947742406
2,0,807,1789633726830988288,3812342947753158
2,0,808,1789633726830998528,3812342947763936
2,0,809,1789633726831009792,3812342947774601
2,0,810,1789633726831020032,3812342947785378
2,0,811,1789633726831031296,3812342947796071
2,0,812,1789633726831041536,3812342947806790
2,0,813,1789633726831051776,3812342947817518
2,0,814,1789633726831063040,3812342947828275
2,0,815,1789633726831073280,3812342947838970
2,0,816,1789633726831084544,3812342947849697
2,0,817,1789633726831094784,3812342947860437
2,0,818,1789633726831106048,3812342947871180
2,0,819,1789633726831116288,3812342947881898
2,0,820,1789633726831127552,3812342947892608
2,0,821,1789633726831137792,3812342947903350
2,0,822,1789633726831149056,3812342947914078
2,0,823,1789633726831159296,3812342947924819
2,0,824,1789633726831170560,3812342947935525
2,0,825,1789633726831180800,3812342947946289
2,0,826,1789633726831192064,3812342947956977
2,0,827,1789633726831202304,3812342947967725
2,0,828,1789633726831213568,3812342947978458
2,0,829,1789633726831223808,3812342947989186
2,0,830,1789633726831235072,3812342947999900
2,0,831,1789633726831245312,3812342948010647
2,0,832,1789633726831256576,3812342948021317
2,0,833,1789633726831266816,3812342948032125
2,0,834,1789633726831278080,3812342948042836
2,0,835,1789633726831288320,3812342948053567
2,0,836,1789633726831298560,3812342948064303
2,0,837,1789633726831309824,3812342948075036
2,0,838,1789633726831320064,3812342948085785
2,0,839,1789633726831331328,3812342948096505
2,0,840,1789633726831341568,3812342948107240
2,0,841,1789633726831352832,3812342948117938
2,0,842,1789633726831363072,3812342948128709
2,0,843,1789633726831374336,3812342948139406
2,0,844,1789633726831384576,3812342948150175
2,0,845,1789633726831395840,3812342948160866
2,0,846,1789633726831406080,3812342948171596
2,0,847,1789633726831417344,3812342948182329
2,0,848,1789633726831427584,3812342948193046
2,0,849,1789633726831438848,3812342948203790
2,0,850,1789633726831449088,3812342948214489
2,0,851,1789633726831460352,3812342948225233
2,0,852,1789633726831470592,3812342948235949
2,0,853,1789633726831481856,3812342948246696
2,0,854,1789633726831492096,3812342948257406
2,0,855,1789633726831503360,3812342948268156
2,0,856,1789633726831513600,3812342948278906
2,0,857,1789633726831524864,3812342948289635
2,0,858,1789633726831535104,3812342948300348
2,0,859,1789633726831545344,3812342948311078
2,0,860,1789633726831556608,3812342948321790
2,0,861,1789633726831566848,3812342948332520
2,0,862,1789633726831578112,3812342948343206
2,0,863,1789633726831588352,3812342948353986
2,0,864,1789633726831599616,3812342948364716
2,0,865,1789633726831609856,3812342948375488
2,0,866,1789633726831621120,3812342948386215
2,0,867,1789633726831631360,3812342948396876
2,0,868,1789633726831642624,3812342948407623
2,0,869,1789633726831652864,3812342948418376
2,0,870,1789633726831664128,3812342948429126
2,0,871,1789633726831674368,3812342948439841
2,0,872,1789633726831685632,3812342948450566
2,0,873,1789633726831695872,3812342948461310
2,0,874,1789633726831707136,3812342948472069
2,0,875,1789633726831717376,3812342948482763
2,0,876,1789633726831728640,3812342948493515
2,0,877,1789633726831738880,3812342948504226
2,0,878,1789633726831750144,3812342948514949
2,0,879,1789633726831760384,3812342948525668
2,0,880,1789633726831770624,3812342948536360
2,0,881,1789633726831781888,3812342948547116
2,0,882,1789633726831792128,3812342948557831
2,0,883,1789633726831803392,3812342948568586
2,0,884,1789633726831813632,3812342948579306
2,0,885,1789633726831824896,3812342948590053
2,0,886,1789633726831835136,3812342948600778
2,0,887,1789633726831846400,3812342948611498
2,0,888,1789633726831856640,3812342948622248
2,0,889,1789633726831867904,3812342948632986
2,0,890,1789633726831878144,3812342948643735
2,0,891,1789633726831889408,3812342948654449
2,0,892,1789633726831899648,3812342948665165
2,0,893,1789633726831910912,3812342948675903
2,0,894,1789633726831921152,3812342948686649
2,0,895,1789633726831932416,3812342948697341
2,0,896,1789633726831942656,3812342948708051
2,0,897,1789633726831953920,3812342948718798
2,0,898,1789633726831964160,3812342948729505
2,0,899,1789633726831974400,3812342948740260
2,0,900,1789633726831985664,3812342948751000
2,0,901,1789633726831996928,3812342948761715
2,0,902,1789633726832007168,3812342948772478
2,0,903,1789633726832018432,3812342948783178
2,0,904,1789633726832028672,3812342948793943
2,0,905,1789633726832038912,3812342948804640
2,0,906,1789633726832050176,3812342948815357
2,0,907,1789633726832060416,3812342948826101
2,0,908,1789633726832071680,3812342948836855
2,0,909,1789633726832081920,3812342948847548
2,0,910,1789633726832093184,3812342948858310
2,0,911,1789633726832103424,3812342948869006
2,0,912,1789633726832114688,3812342948879687
2,0,913,1789633726832124928,3812342948890466
2,0,914,1789633726832136192,3812342948901146
2,0,915,1789633726832146432,3812342948911916
2,0,916,1789633726832157696,3812342948922650
2,0,917,1789633726832167936,3812342948933455
2,0,918,1789633726832179200,3812342948944194
2,0,919,1789633726832189440,3812342948954907
2,0,920,1789633726832200704,3812342948965640
2,0,921,1789633726832210944,3812342948976357
2,0,922,1789633726832222208,3812342948987068
2,0,923,1789633726832232448,3812342948997786
2,0,924,1789633726832243712,3812342949008500
2,0,925,1789633726832253952,3812342949019233
2,0,926,1789633726832264192,3812342949029949
2,0,927,1789633726832275456,3812342949040686
2,0,928,1789633726832285696,3812342949051419
2,0,929,1789633726832296960,3812342949062145
2,0,930,1789633726832307200,3812342949072858
2,0,931,1789633726832318464,3812342949083609
2,0,932,1789633726832328704,3812342949094318
2,0,933,1789633726832339968,3812342949105055
2,0,934,1789633726832350208,3812342949115785
2,0,935,1789633726832361472,3812342949126513
2,0,936,1789633726832371712,3812342949137239
2,0,937,1789633726832382976,3812342949147990
2,0,938,1789633726832393216,3812342949158747
2,0,939,1789633726832404480,3812342949169445
2,0,940,1789633726832414720,3812342949180168
2,0,941,1789633726832425984,3812342949190906
2,0,942,1789633726832436224,3812342949201640
2,0,943,1789633726832447488,3812342949212365
2,0,944,1789633726832457728,3812342949223086
2,0,945,1789633726832468992,3812342949233823
2,0,946,1789633726832479232,3812342949244540
2,0,947,1789633726832489472,3812342949255269
2,0,948,1789633726832500736,3812342949266009
2,0,949,1789633726832510976,3812342949276727
2,0,950,1789633726832522240,3812342949287475
2,0,951,1789633726832532480,3812342949298189
2,0,952,1789633726832543744,3812342949308930
2,0,953,1789633726832553984,3812342949319676
2,0,954,1789633726832565248,3812342949330366
2,0,955,1789633726832575488,3812342949341115
2,0,956,1789633726832586752,3812342949351771
2,0,957,1789633726832596992,3812342949362583
2,0,958,1789633726832608256,3812342949373326
2,0,959,1789633726832618496,3812342949384050
2,0,960,1789633726832629760,3812342949394755
2,0,961,1789633726832640000,3812342949405488
2,0,962,1789633726832651264,3812342949416197
2,0,963,1789633726832661504,3812342949426943
2,0,964,1789633726832672768,3812342949437666
2,0,965,1789633726832683008,3812342949448409
2,0,966,1789633726832694272,3812342949459131
2,0,967,1789633726832704512,3812342949469876
2,0,968,1789633726832715776,3812342949480630
2,0,969,1789633726832726016,3812342949491326
2,0,970,1789633726832737280,3812342949502085
2,0,971,1789633726832747520,3812342949512748
2,0,972,1789633726832757760,3812342949523561
2,0,973,1789633726832769024,3812342949534247
2,0,974,1789633726832779264,3812342949544978
2,0,975,1789633726832790528,3812342949555697
2,0,976,1789633726832800768,3812342949566443
2,0,977,1789633726832812032,3812342949579167
2,0,978,1789633726832822272,3812342949587876
2,0,979,1789633726832833536,3812342949598626
2,0,980,1789633726832843776,3812342949609307
2,0,981,1789633726832855040,3812342949620076
2,0,982,1789633726832865280,3812342949630869
2,0,983,1789633726832876544,3812342949641586
2,0,984,1789633726832886784,3812342949652356
2,0,985,1789633726832898048,3812342949663056
2,0,986,1789633726832908288,3812342949673827
2,0,987,1789633726832919552,3812342949684525
2,0,988,1789633726832929792,3812342949695280
2,0,989,1789633726832941056,3812342949706000
2,0,990,1789633726832951296,3812342949716726
2,0,991,1789633726832962560,3812342949727470
2,0,992,1789633726832972800,3812342949738178
2,0,993,1789633726832984064,3812342949748885
2,0,994,1789633726832994304,3812342949759606
2,0,995,1789633726833004544,3812342949770306
2,0,996,1789633726833015808,3812342949781030
2,0,997,1789633726833026048,3812342949791757
2,0,998,1789633726833037312,3812342949802486
2,0,999,1789633726833047552,3812342949813226
2,0,1000,1789633726833058816,3812342949823992
2,0,1001,1789633726833069056,3812342949834703
2,0,1002,1789633726833080320,3812342949845517
2,0,1003,1789633726833090560,3812342949856227
2,0,1004,1789633726833101824,3812342949866957
2,0,1005,1789633726833112064,3812342949877653
2,0,1006,1789633726833123328,3812342949888387
2,0,1007,1789633726833133568,3812342949899081
2,0,1008,1789633726833144832,3812342949909807
2,0,1009,1789633726833155072,3812342949920529
2,0,1010,1789633726833166336,3812342949931266
2,0,1011,1789633726833176576,3812342949941980
2,0,1012,1789633726833187840,3812342949952675
2,0,1013,1789633726833198080,3812342949963460
2,0,1014,1789633726833209344,3812342949974175
2,0,1015,1789633726833219584,3812342949984886
2,0,1016,1789633726833229824,3812342949995630
2,0,1017,1789633726833241088,3812342950006348
2,0,1018,1789633726833251328,3812342950017056
2,0,1019,1789633726833262592,3812342950027800
2,0,1020,1789633726833272832,3812342950038539
2,0,1021,1789633726833284096,3812342950049266
2,0,1022,1789633726833294336,3812342950059960
2,0,1023,1789633726833305600,3812342950070716
2,0,1024,1789633726833315840,3812342950081456
2,0,1025,1789633726833327104,3812342950092171
2,0,1026,1789633726833337344,3812342950102877
2,0,1027,1789633726833348608,3812342950113651
2,0,1028,1789633726833358848,3812342950124350
2,0,1029,1789633726833370112,3812342950135107
2,0,1030,1789633726833380352,3812342950145816
2,0,1031,1789633726833391616,3812342950156565
2,0,1032,1789633726833401856,3812342950167310
2,0,1033,1789633726833413120,3812342950178020
2,0,1034,1789633726833423360,3812342950188775
2,0,1035,1789633726833434624,3812342950199528
2,0,1036,1789633726833444864,3812342950210276
2,0,1037,1789633726833456128,3812342950220990
2,0,1038,1789633726833466368,3812342950231746
2,0,1039,1789633726833477632,3812342950242420
2,0,1040,1789633726833487872,3812342950253148
2,0,1041,1789633726833498112,3812342950263860
2,0,1042,1789633726833509376,3812342950274625
2,0,1043,1789633726833519616,3812342950285318
2,0,1044,1789633726833530880,3812342950296045
2,0,1045,1789633726833541120,3812342950306765
2,0,1046,1789633726833552384,3812342950317489
2,0,1047,1789633726833562624,3812342950328241
2,0,1048,1789633726833573888,3812342950338947
2,0,1049,1789633726833584128,3812342950349686
2,0,1050,1789633726833595392,3812342950360430
2,0,1051,1789633726833605632,3812342950371149
2,0,1052,1789633726833616896,3812342950381898
2,0,1053,1789633726833627136,3812342950392626
2,0,1054,1789633726833638400,3812342950403335
2,0,1055,1789633726833648640,3812342950414066
2,0,1056,1789633726833659904,3812342950424789
2,0,1057,1789633726833670144,3812342950435526
2,0,1058,1789633726833681408,3812342950446239
2,0,1059,1789633726833691648,3812342950456990
2,0,1060,1789633726833702912,3812342950467708
2,0,1061,1789633726833713152,3812342950478433
2,0,1062,1789633726833723392,3812342950489158
2,0,1063,1789633726833734656,3812342950499911
2,0,1064,1789633726833744896,3812342950510627
2,0,1065,1789633726833756160,3812342950521368
2,0,1066,1789633726833766400,3812342950532120
2,0,1067,1789633726833777664,3812342950542839
2,0,1068,1789633726833787904,3812342950553566
2,0,1069,1789633726833799168,3812342950564311
2,0,1070,1789633726833809408,3812342950575030
2,0,1071,1789633726833820672,3812342950585746
2,0,1072,1789633726833830912,3812342950596507
2,0,1073,1789633726833842176,3812342950607210
2,0,1074,1789633726833852416,3812342950617923
2,0,1075,1789633726833863680,3812342950628663
2,0,1076,1789633726833873920,3812342950639363
2,0,1077,1789633726833885184,3812342950650116
2,0,1078,1789633726833895424,3812342950660853
2,0,1079,1789633726833906688,3812342950671585
2,0,1080,1789633726833916928,3812342950682277
2,0,1081,1789633726833928192,3812342950693038
2,0,1082,1789633726833938432,3812342950703723
2,0,1083,1789633726833949696,3812342950714506
2,0,1084,1789633726833959936,3812342950725227
2,0,1085,1789633726833970176,3812342950735963
2,0,1086,1789633726833981440,3812342950746707
2,0,1087,1789633726833991680,3812342950757446
2,0,1088,1789633726834002944,3812342950768185
2,0,1089,1789633726834013184,3812342950778920
2,0,1090,1789633726834024448,3812342950789663
2,0,1091,1789633726834034688,3812342950800368
2,0,1092,1789633726834045952,3812342950811086
2,0,1093,1789633726834056192,3812342950821793
2,0,1094,1789633726834067456,3812342950832526
2,0,1095,1789633726834077696,3812342950843235
2,0,1096,1789633726834088960,3812342950853989
2,0,1097,1789633726834099200,3812342950864736
2,0,1098,1789633726834110464,3812342950875520
2,0,1099,1789633726834120704,3812342950886190
2,0,1100,1789633726834131968,3812342950896935
2,0,1101,1789633726834142208,3812342950907627
2,0,1102,1789633726834153472,3812342950918396
2,0,1103,1789633726834163712,3812342950929084
2,0,1104,1789633726834174976,3812342950939831
2,0,1105,1789633726834185216,3812342950950545
2,0,1106,1789633726834196480,3812342950961301
2,0,1107,1789633726834206720,3812342950971996
2,0,1108,1789633726834216960,3812342950982767
2,0,1109,1789633726834228224,3812342950993460
2,0,1110,1789633726834238464,3812342951004156
2,0,1111,1789633726834249728,3812342951014925
2,0,1112,1789633726834259968,3812342951025666
2,0,1113,1789633726834271232,3812342951036391
2,0,1114,1789633726834281472,3812342951047115
2,0,1115,1789633726834292736,3812342951057841
2,0,1116,1789633726834302976,3812342951068596
2,0,1117,1789633726834314240,3812342951079315
2,0,1118,1789633726834324480,3812342951090041
2,0,1119,1789633726834335744,3812342951100785
2,0,1120,1789633726834345984,3812342951111497
2,0,1121,1789633726834357248,3812342951122237
2,0,1122,1789633726834367488,3812342951132990
2,0,1123,1789633726834378752,3812342951143720
2,0,1124,1789633726834388992,3812342951154436
2,0,1125,1789633726834400256,3812342951165178
2,0,1126,1789633726834410496,3812342951175886
2,0,1127,1789633726834421760,3812342951186606
2,0,1128,1789633726834432000,3812342951197328
2,0,1129,1789633726834442240,3812342951208056
2,0,1130,1789633726834453504,3812342951218745
2,0,1131,1789633726834463744,3812342951229516
2,0,1132,1789633726834475008,3812342951240280
2,0,1133,1789633726834485248,3812342951250996
2,0,1134,1789633726834496512,3812342951261743
2,0,1135,1789633726834506752,3812342951272427
2,0,1136,1789633726834518016,3812342951283178
2,0,1137,1789633726834528256,3812342951293906
2,0,1138,1789633726834539520,3812342951304640
2,0,1139,1789633726834549760,3812342951315366
2,0,1140,1789633726834561024,3812342951326107
2,0,1141,1789633726834571264,3812342951336818
2,0,1142,1789633726834582528,3812342951347549
2,0,1143,1789633726834592768,3812342951358272
2,0,1144,1789633726834604032,3812342951368996
2,0,1145,1789633726834614272,3812342951379726
2,0,1146,1789633726834625536,3812342951390446
2,0,1147,1789633726834635776,3812342951401187
2,0,1148,1789633726834647040,3812342951411917
2,0,1149,1789633726834657280,3812342951422661
2,0,1150,1789633726834668544,3812342951433478
2,0,1151,1789633726834678784,3812342951444219
2,0,1152,1789633726834690048,3812342951454925
2,0,1153,1789633726834700288,3812342951465670
2,0,1154,1789633726834711552,3812342951476356
2,0,1155,1789633726834721792,3812342951487106
2,0,1156,1789633726834732032,3812342951497847
2,0,1157,1789633726834743296,3812342951508535
2,0,1158,1789633726834753536,3812342951519217
2,0,1159,1789633726834764800,3812342951529960
2,0,1160,1789633726834775040,3812342951540666
2,0,1161,1789633726834786304,3812342951551406
2,0,1162,1789633726834796544,3812342951562133
2,0,1163,1789633726834807808,3812342951572852
2,0,1164,1789633726834818048,3812342951583565
2,0,1165,1789633726834829312,3812342951594328
2,0,1166,1789633726834839552,3812342951605078
2,0,1167,1789633726834850816,3812342951615785
2,0,1168,1789633726834861056,3812342951626545
2,0,1169,1789633726834872320,3812342951637265
2,0,1170,1789633726834882560,3812342951648026
2,0,1171,1789633726834893824,3812342951658755
2,0,1172,1789633726834904064,3812342951669503
2,0,1173,1789633726834915328,3812342951680208
2,0,1174,1789633726834925568,3812342951690946
2,0,1175,1789633726834936832,3812342951701646
2,0,1176,1789633726834947072,3812342951712369
2,0,1177,1789633726834957312,3812342951723086
2,0,1178,1789633726834968576,3812342951733780
2,0,1179,1789633726834978816,3812342951744530
2,0,1180,1789633726834990080,3812342951755247
2,0,1181,1789633726835000320,3812342951765996
2,0,1182,1789633726835011584,3812342951776698
2,0,1183,1789633726835021824,3812342951787471
2,0,1184,1789633726835033088,3812342951798196
2,0,1185,1789633726835043328,3812342951808918
2,0,1186,1789633726835054592,3812342951819675
2,0,1187,1789633726835064832,3812342951830385
2,0,1188,1789633726835076096,3812342951841138
2,0,1189,1789633726835086336,3812342951851903
2,0,1190,1789633726835097600,3812342951862545
2,0,1191,1789633726835107840,3812342951873292
2,0,1192,1789633726835119104,3812342951883976
2,0,1193,1789633726835129344,3812342951894748
2,0,1194,1789633726835140608,3812342951905518
2,0,1195,1789633726835150848,3812342951916210
2,0,1196,1789633726835161088,3812342951926928
2,0,1197,1789633726835172352,3812342951937660
2,0,1198,1789633726835182592,3812342951948391
2,0,1199,1789633726835193856,3812342951959140
2,0,1200,1789633726835204096,3812342951969897
2,0,1201,1789633726835215360,3812342951980607
2,0,1202,1789633726835225600,3812342951991345
2,0,1203,1789633726835236864,3812342952002058
2,0,1204,1789633726835247104,3812342952012791
2,0,1205,1789633726835258368,3812342952023505
2,0,1206,1789633726835268608,3812342952034247
2,0,1207,1789633726835279872,3812342952044959
2,0,1208,1789633726835290112,3812342952055733
2,0,1209,1789633726835301376,3812342952066425
2,0,1210,1789633726835311616,3812342952077139
2,0,1211,1789633726835322880,3812342952087888
2,0,1212,1789633726835333120,3812342952098567
2,0,1213,1789633726835344384,3812342952109343
2,0,1214,1789633726835354624,3812342952120065
2,0,1215,1789633726835365888,3812342952130805
2,0,1216,1789633726835376128,3812342952141526
2,0,1217,1789633726835387392,3812342952152272
2,0,1218,1789633726835397632,3812342952162978
2,0,1219,1789633726835407872,3812342952173705
2,0,1220,1789633726835419136,3812342952184455
2,0,1221,1789633726835429376,3812342952195195
2,0,1222,1789633726835440640,3812342952205919
2,0,1223,1789633726835450880,3812342952216665
2,0,1224,1789633726835462144,3812342952227389
2,0,1225,1789633726835472384,3812342952238099
2,0,1226,1789633726835483648,3812342952248810
2,0,1227,1789633726835493888,3812342952259560
2,0,1228,1789633726835505152,3812342952270300
2,0,1229,1789633726835515392,3812342952281005
2,0,1230,1789633726835526656,3812342952291743
2,0,1231,1789633726835536896,3812342952302478
2,0,1232,1789633726835548160,3812342952313220
2,0,1233,1789633726835558400,3812342952323950
2,0,1234,1789633726835569664,3812342952334708
2,0,1235,1789633726835579904,3812342952345493
2,0,1236,1789633726835591168,3812342952356263
2,0,1237,1789633726835601408,3812342952366941
2,0,1238,1789633726835612672,3812342952377679
2,0,1239,1789633726835622912,3812342952388345
2,0,1240,1789633726835634176,3812342952399118
2,0,1241,1789633726835644416,3812342952409790
2,0,1242,1789633726835654656,3812342952420498
2,0,1243,1789633726835665920,3812342952431245
2,0,1244,1789633726835676160,3812342952441958
2,0,1245,1789633726835687424,3812342952452697
2,0,1246,1789633726835697664,3812342952463470
2,0,1247,1789633726835708928,3812342952474165
2,0,1248,1789633726835719168,3812342952484911
2,0,1249,1789633726835730432,3812342952495630
2,0,1250,1789633726835740672,3812342952506338
2,0,1251,1789633726835751936,3812342952517060
2,0,1252,1789633726835762176,3812342952527807
2,0,1253,1789633726835773440,3812342952538518
2,0,1254,1789633726835783680,3812342952549230
2,0,1255,1789633726835794944,3812342952559995
2,0,1256,1789633726835805184,3812342952570703
2,0,1257,1789633726835816448,3812342952581445
2,0,1258,1789633726835826688,3812342952592187
2,0,1259,1789633726835837952,3812342952602901
2,0,1260,1789633726835848192,3812342952613628
2,0,1261,1789633726835859456,3812342952624355
2,0,1262,1789633726835869696,3812342952635055
2,0,1263,1789633726835879936,3812342952645802
2,0,1264,1789633726835891200,3812342952656538
2,0,1265,1789633726835901440,3812342952667285
2,0,1266,1789633726835912704,3812342952678060
2,0,1267,1789633726835923968,3812342952688790
2,0,1268,1789633726835934208,3812342952699521
2,0,1269,1789633726835944448,3812342952710217
2,0,1270,1789633726835955712,3812342952720950
2,0,1271,1789633726835965952,3812342952731657
2,0,1272,1789633726835977216,3812342952742427
2,0,1273,1789633726835987456,3812342952753120
2,0,1274,1789633726835998720,3812342952763877
2,0,1275,1789633726836008960,3812342952774618
2,0,1276,1789633726836020224,3812342952785318
2,0,1277,1789633726836030464,3812342952796037
2,0,1278,1789633726836041728,3812342952806758
2,0,1279,1789633726836051968,3812342952817489
2,0,1280,1789633726836063232,3812342952828241
2,0,1281,1789633726836073472,3812342952838955
2,0,1282,1789633726836084736,3812342952849701
2,0,1283,1789633726836094976,3812342952860425
2,0,1284,1789633726836106240,3812342952871170
2,0,1285,1789633726836116480,3812342952881903
2,0,1286,1789633726836127744,3812342952892589
2,0,1287,1789633726836137984,3812342952903325
2,0,1288,1789633726836148224,3812342952914040
2,0,1289,1789633726836159488,3812342952924797
2,0,1290,1789633726836169728,3812342952935507
2,0,1291,1789633726836180992,3812342952946242
2,0,1292,1789633726836191232,3812342952956967
2,0,1293,1789633726836202496,3812342952967703
2,0,1294,1789633726836212736,3812342952978371
2,0,1295,1789633726836224000,3812342952989171
2,0,1296,1789633726836234240,3812342952999905
2,0,1297,1789633726836245504,3812342953014698
2,0,1298,1789633726836255744,3812342953021352
2,0,1299,1789633726836267008,3812342953032101
2,0,1300,1789633726836277248,3812342953042844
2,0,1301,1789633726836288512,3812342953053587
2,0,1302,1789633726836298752,3812342953064340
2,0,1303,1789633726836310016,3812342953075025
2,0,1304,1789633726836320256,3812342953085768
2,0,1305,1789633726836331520,3812342953096467
2,0,1306,1789633726836341760,3812342953107225
2,0,1307,1789633726836353024,3812342953117917
2,0,1308,1789633726836363264,3812342953128650
2,0,1309,1789633726836373504,3812342953139383
2,0,1310,1789633726836384768,3812342953150084
2,0,1311,1789633726836395008,3812342953160845
2,0,1312,1789633726836406272,3812342953171585
2,0,1313,1789633726836416512,3812342953182296
2,0,1314,1789633726836427776,3812342953193055
2,0,1315,1789633726836438016,3812342953203760
2,0,1316,1789633726836449280,3812342953214465
2,0,1317,1789633726836459520,3812342953225218
2,0,1318,1789633726836470784,3812342953235930
2,0,1319,1789633726836481024,3812342953246687
2,0,1320,1789633726836492288,3812342953257395
2,0,1321,1789633726836502528,3812342953268155
2,0,1322,1789633726836513792,3812342953278870
2,0,1323,1789633726836524032,3812342953289585
2,0,1324,1789633726836535296,3812342953300300
2,0,1325,1789633726836545536,3812342953311049
2,0,1326,1789633726836556800,3812342953321755
2,0,1327,1789633726836567040,3812342953332520
2,0,1328,1789633726836578304,3812342953343235
2,0,1329,1789633726836588544,3812342953353977
2,0,1330,1789633726836599808,3812342953364693
2,0,1331,1789633726836610048,3812342953375492
2,0,1332,1789633726836621312,3812342953386248
2,0,1333,1789633726836631552,3812342953396957
2,0,1334,1789633726836642816,3812342953407717
2,0,1335,1789633726836653056,3812342953418425
2,0,1336,1789633726836664320,3812342953429188
2,0,1337,1789633726836674560,3812342953439875
2,0,1338,1789633726836684800,3812342953450635
2,0,1339,1789633726836696064,3812342953461303
2,0,1340,1789633726836706304,3812342953472018
2,0,1341,1789633726836717568,3812342953482767
2,0,1342,1789633726836727808,3812342953493482
2,0,1343,1789633726836739072,3812342953504192
2,0,1344,1789633726836749312,3812342953514892
2,0,1345,1789633726836760576,3812342953525665
2,0,1346,1789633726836770816,3812342953536365
2,0,1347,1789633726836782080,3812342953547110
2,0,1348,1789633726836792320,3812342953557834
2,0,1349,1789633726836803584,3812342953568535
2,0,1350,1789633726836813824,3812342953580985
2,0,1351,1789633726836825088,3812342953590048
2,0,1352,1789633726836835328,3812342953600735
2,0,1353,1789633726836846592,3812342953611488
2,0,1354,1789633726836856832,3812342953622188
2,0,1355,1789633726836867072,3812342953632950
2,0,1356,1789633726836878336,3812342953643680
2,0,1357,1789633726836888576,3812342953654425
2,0,1358,1789633726836899840,3812342953665128
2,0,1359,1789633726836910080,3812342953675870
2,0,1360,1789633726836921344,3812342953686570
2,0,1361,1789633726836931584,3812342953697318
2,0,1362,1789633726836942848,3812342953708065
2,0,1363,1789633726836953088,3812342953718790
2,0,1364,1789633726836964352,3812342953729535
2,0,1365,1789633726836974592,3812342953740280
2,0,1366,1789633726836985856,3812342953751030
2,0,1367,1789633726836996096,3812342953761718
2,0,1368,1789633726837007360,3812342953772435
2,0,1369,1789633726837017600,3812342953783160
2,0,1370,1789633726837028864,3812342953793912
2,0,1371,1789633726837039104,3812342953804628
2,0,1372,1789633726837050368,3812342953815325
2,0,1373,1789633726837060608,3812342953826075
2,0,1374,1789633726837071872,3812342953836775
2,0,1375,1789633726837082112,3812342953847540
2,0,1376,1789633726837093376,3812342953858270
2,0,1377,1789633726837103616,3812342953868988
2,0,1378,1789633726837113856,3812342953879709
2,0,1379,1789633726837125120,3812342953890465
2,0,1380,1789633726837135360,3812342953901195
2,0,1381,1789633726837146624,3812342953911916
2,0,1382,1789633726837156864,3812342953922632
2,0,1383,1789633726837168128,3812342953933457
2,0,1384,1789633726837178368,3812342953944180
2,0,1385,1789633726837189632,3812342953954921
2,0,1386,1789633726837199872,3812342953965658
2,0,1387,1789633726837211136,3812342953976365
2,0,1388,1789633726837221376,3812342953987082
2,0,1389,1789633726837232640,3812342953997828
2,0,1390,1789633726837242880,3812342954008540
2,0,1391,1789633726837254144,3812342954019228
2,0,1392,1789633726837264384,3812342954029941
2,0,1393,1789633726837275648,3812342954040663
2,0,1394,1789633726837285888,3812342954051391
2,0,1395,1789633726837297152,3812342954062125
2,0,1396,1789633726837307392,3812342954072861
2,0,1397,1789633726837318656,3812342954083590
2,0,1398,1789633726837328896,3812342954094317
2,0,1399,1789633726837340160,3812342954105038
2,0,1400,1789633726837350400,3812342954115767
2,0,1401,1789633726837360640,3812342954126522
2,0,1402,1789633726837371904,3812342954137280
2,0,1403,1789633726837382144,3812342954147985
2,0,1404,1789633726837393408,3812342954158725
2,0,1405,1789633726837403648,3812342954169425
2,0,1406,1789633726837414912,3812342954180137
2,0,1407,1789633726837425152,3812342954190877
2,0,1408,1789633726837436416,3812342954201585
2,0,1409,1789633726837446656,3812342954212348
2,0,1410,1789633726837457920,3812342954223085
2,0,1411,1789633726837468160,3812342954233808
2,0,1412,1789633726837479424,3812342954244515
2,0,1413,1789633726837489664,3812342954255278
2,0,1414,1789633726837500928,3812342954266042
2,0,1415,1789633726837511168,3812342954276755
2,0,1416,1789633726837522432,3812342954287475
2,0,1417,1789633726837532672,3812342954298200
2,0,1418,1789633726837543936,3812342954308915
2,0,1419,1789633726837554176,3812342954319638
2,0,1420,1789633726837565440,3812342954330358
2,0,1421,1789633726837575680,3812342954341095
2,0,1422,1789633726837586944,3812342954351903
2,0,1423,1789633726837597184,3812342954362565
2,0,1424,1789633726837607424,3812342954373278
2,0,1425,1789633726837618688,3812342954384030
2,0,1426,1789633726837628928,3812342954394727
2,0,1427,1789633726837640192,3812342954405505
2,0,1428,1789633726837650432,3812342954416218
2,0,1429,1789633726837661696,3812342954426938
2,0,1430,1789633726837671936,3812342954437667
2,0,1431,1789633726837683200,3812342954448395
2,0,1432,1789633726837693440,3812342954459127
2,0,1433,1789633726837704704,3812342954469845
2,0,1434,1789633726837714944,3812342954480571
2,0,1435,1789633726837726208,3812342954491322
2,0,1436,1789633726837736448,3812342954502057
2,0,1437,1789633726837747712,3812342954512765
2,0,1438,1789633726837757952,3812342954523535
2,0,1439,1789633726837769216,3812342954534285
2,0,1440,1789633726837779456,3812342954545005
2,0,1441,1789633726837790720,3812342954555677
2,0,1442,1789633726837800960,3812342954566440
2,0,1443,1789633726837812224,3812342954577150
2,0,1444,1789633726837822464,3812342954587905
2,0,1445,1789633726837833728,3812342954598618
2,0,1446,1789633726837843968,3812342954609335
2,0,1447,1789633726837854208,3812342954620058
2,0,1448,1789633726837865472,3812342954630802
2,0,1449,1789633726837875712,3812342954641525
2,0,1450,1789633726837886976,3812342954652235
2,0,1451,1789633726837897216,3812342954662985
2,0,1452,1789633726837908480,3812342954673737
2,0,1453,1789633726837918720,3812342954684451
2,0,1454,1789633726837929984,3812342954695183
2,0,1455,1789633726837940224,3812342954705927
2,0,1456,1789633726837951488,3812342954716663
2,0,1457,1789633726837961728,3812342954727365
2,0,1458,1789633726837972992,3812342954738077
2,0,1459,1789633726837983232,3812342954748838
2,0,1460,1789633726837994496,3812342954759537
2,0,1461,1789633726838004736,3812342954770290
2,0,1462,1789633726838016000,3812342954780997
2,0,1463,1789633726838026240,3812342954791733
2,0,1464,1789633726838037504,3812342954802475
2,0,1465,1789633726838047744,3812342954813200
2,0,1466,1789633726838059008,3812342954823951
2,0,1467,1789633726838069248,3812342954834687
2,0,1468,1789633726838080512,3812342954845515
2,0,1469,1789633726838090752,3812342954856221
2,0,1470,1789633726838102016,3812342954866975
2,0,1471,1789633726838112256,3812342954877657
2,0,1472,1789633726838122496,3812342954888385
2,0,1473,1789633726838133760,3812342954899070
2,0,1474,1789633726838144000,3812342954909768
2,0,1475,1789633726838155264,3812342954920490
2,0,1476,1789633726838165504,3812342954931175
2,0,1477,1789633726838176768,3812342954941951
2,0,1478,1789633726838187008,3812342954952705
2,0,1479,1789633726838198272,3812342954963457
2,0,1480,1789633726838208512,3812342954974187
2,0,1481,1789633726838219776,3812342954984888
2,0,1482,1789633726838230016,3812342954995645
2,0,1483,1789633726838241280,3812342955006365
2,0,1484,1789633726838251520,3812342955017077
2,0,1485,1789633726838262784,3812342955027785
2,0,1486,1789633726838273024,3812342955038487
2,0,1487,1789633726838284288,3812342955049260
2,0,1488,1789633726838294528,3812342955059983
2,0,1489,1789633726838305792,3812342955070707
2,0,1490,1789633726838316032,3812342955081205
2,0,1491,1789633726838326272,3812342955091663
2,0,1492,1789633726838336512,3812342955102148
2,0,1493,1789633726838347776,3812342955112671
2,0,1494,1789633726838358016,3812342955123293
2,0,1495,1789633726838368256,3812342955133781
2,0,1496,1789633726838379520,3812342955144267
2,0,1497,1789633726838389760,3812342955154715
2,0,1498,1789633726838400000,3812342955165188
2,0,1499,1789633726838410240,3812342955175672
2,0,1500,1789633726838421504,3812342955186150
2,0,1501,1789633726838431744,3812342955196635
2,0,1502,1789633726838441984,3812342955207275
2,0,1503,1789633726838452224,3812342955217788
2,0,1504,1789633726838463488,3812342955228225
2,0,1505,1789633726838473728,3812342955238707
2,0,1506,1789633726838483968,3812342955254708
2,0,1507,1789633726838494208,3812342955259855
2,0,1508,1789633726838505472,3812342955270310
2,0,1509,1789633726838515712,3812342955280785
2,0,1510,1789633726838525952,3812342955291255
2,0,1511,1789633726838536192,3812342955301758
2,0,1512,1789633726838547456,3812342955312267
2,0,1513,1789633726838557696,3812342955322780
2,0,1514,1789633726838567936,3812342955333267
2,0,1515,1789633726838578176,3812342955343835
2,0,1516,1789633726838589440,3812342955354308
2,0,1517,1789633726838599680,3812342955364798
2,0,1518,1789633726838609920,3812342955375258
2,0,1519,1789633726838620160,3812342955385718
2,0,1520,1789633726838631424,3812342955396245
2,0,1521,1789633726838641664,3812342955406731
2,0,1522,1789633726838651904,3812342955417237
2,0,1523,1789633726838662144,3812342955427720
2,0,1524,1789633726838673408,3812342955438208
2,0,1525,1789633726838683648,3812342955448692
2,0,1526,1789633726838693888,3812342955459147
2,0,1527,1789633726838704128,3812342955469645
2,0,1528,1789633726838715392,3812342955480128
2,0,1529,1789633726838725632,3812342955490618
2,0,1530,1789633726838735872,3812342955501065
2,0,1531,1789633726838746112,3812342955511585
2,0,1532,1789633726838757376,3812342955522075
2,0,1533,1789633726838767616,3812342955532558
2,0,1534,1789633726838777856,3812342955543047
2,0,1535,1789633726838788096,3812342955553525
2,0,1536,1789633726838799360,3812342955564185
2,0,1537,1789633726838809600,3812342955574618
2,0,1538,1789633726838819840,3812342955585108
2,0,1539,1789633726838830080,3812342955595555
2,0,1540,1789633726838841344,3812342955606051
2,0,1541,1789633726838851584,3812342955616551
2,0,1542,1789633726838861824,3812342955626995
2,0,1543,1789633726838872064,3812342955637491
2,0,1544,1789633726838882304,3812342955648075
2,0,1545,1789633726838893568,3812342955658543
2,0,1546,1789633726838903808,3812342955669028
2,0,1547,1789633726838914048,3812342955679498
2,0,1548,1789633726838925312,3812342955690020
2,0,1549,1789633726838935552,3812342955700495
2,0,1550,1789633726838945792,3812342955710993
2,0,1551,1789633726838956032,3812342955721445
2,0,1552,1789633726838966272,3812342955732065
2,0,1553,1789633726838977536,3812342955742567
2,0,1554,1789633726838987776,3812342955753017
2,0,1555,1789633726838998016,3812342955763515
2,0,1556,1789633726839009280,3812342955774045
2,0,1557,1789633726839019520,3812342955784735
2,0,1558,1789633726839029760,3812342955795223
2,0,1559,1789633726839041024,3812342955805684
2,0,1560,1789633726839051264,3812342955816157
2,0,1561,1789633726839061504,3812342955826665
2,0,1562,1789633726839071744,3812342955837298
2,0,1563,1789633726839083008,3812342955847795
2,0,1564,1789633726839093248,3812342955858265
2,0,1565,1789633726839103488,3812342955868705
2,0,1566,1789633726839113728,3812342955879190
2,0,1567,1789633726839123968,3812342955889643
2,0,1568,1789633726839135232,3812342955900075
2,0,1569,1789633726839145472,3812342955910595
2,0,1570,1789633726839155712,3812342955921185
2,0,1571,1789633726839166976,3812342955931731
2,0,1572,1789633726839177216,3812342955942227
2,0,1573,1789633726839187456,3812342955952715
2,0,1574,1789633726839197696,3812342955963188
2,0,1575,1789633726839208960,3812342955973684
2,0,1576,1789633726839219200,3812342955984190
2,0,1577,1789633726839229440,3812342955994687
2,0,1578,1789633726839239680,3812342956005184
2,0,1579,1789633726839250944,3812342956015678
2,0,1580,1789633726839261184,3812342956026135
2,0,1581,1789633726839271424,3812342956036625
2,0,1582,1789633726839281664,3812342956047134
2,0,1583,1789633726839292928,3812342956057751
2,0,1584,1789633726839303168,3812342956068220
2,0,1585,1789633726839313408,3812342956078708
2,0,1586,1789633726839323648,3812342956089178
2,0,1587,1789633726839334912,3812342956099675
2,0,1588,1789633726839345152,3812342956110160
2,0,1589,1789633726839355392,3812342956120636
2,0,1590,1789633726839365632,3812342956131148
2,0,1591,1789633726839376896,3812342956141708
2,0,1592,1789633726839387136,3812342956152223
2,0,1593,1789633726839397376,3812342956162705
2,0,1594,1789633726839407616,3812342956173194
2,0,1595,1789633726839418880,3812342956183725
2,0,1596,1789633726839429120,3812342956194310
2,0,1597,1789633726839439360,3812342956204840
2,0,1598,1789633726839450624,3812342956215281
2,0,1599,1789633726839460864,3812342956225792
2,0,1600,1789633726839471104,3812342956236298
2,0,1601,1789633726839481344,3812342956246807
2,0,1602,1789633726839492608,3812342956257307
2,0,1603,1789633726839502848,3812342956267820
2,0,1604,1789633726839513088,3812342956278325
2,0,1605,1789633726839523328,3812342956288795
2,0,1606,1789633726839534592,3812342956299340
2,0,1607,1789633726839544832,3812342956309791
2,0,1608,1789633726839555072,3812342956320258
2,0,1609,1789633726839565312,3812342956330857
2,0,1610,1789633726839576576,3812342956341347
2,0,1611,1789633726839586816,3812342956351903
2,0,1612,1789633726839597056,3812342956362268
2,0,1613,1789633726839607296,3812342956372796
2,0,1614,1789633726839618560,3812342956383274
2,0,1615,1789633726839628800,3812342956393740
2,0,1616,1789633726839639040,3812342956404268
2,0,1617,1789633726839649280,3812342956414848
2,0,1618,1789633726839660544,3812342956425380
2,0,1619,1789633726839670784,3812342956435815
2,0,1620,1789633726839681024,3812342956446290
2,0,1621,1789633726839691264,3812342956456748
2,0,1622,1789633726839702528,3812342956467245
2,0,1623,1789633726839712768,3812342956477745
2,0,1624,1789633726839723008,3812342956488234
2,0,1625,1789633726839733248,3812342956498720
2,0,1626,1789633726839744512,3812342956509196
2,0,1627,1789633726839754752,3812342956519682
2,0,1628,1789633726839764992,3812342956530117
2,0,1629,1789633726839775232,3812342956540642
2,0,1630,1789633726839785472,3812342956551343
2,0,1631,1789633726839796736,3812342956561788
2,0,1632,1789633726839806976,3812342956572305
2,0,1633,1789633726839817216,3812342956582738
2,0,1634,1789633726839828480,3812342956593255
2,0,1635,1789633726839838720,3812342956603714
2,0,1636,1789633726839848960,3812342956614225
2,0,1637,1789633726839859200,3812342956624738
2,0,1638,1789633726839870464,3812342956635275
2,0,1639,1789633726839880704,3812342956645781
2,0,1640,1789633726839890944,3812342956656280
2,0,1641,1789633726839901184,3812342956666770
2,0,1642,1789633726839912448,3812342956677255
2,0,1643,1789633726839922688,3812342956687871
2,0,1644,1789633726839932928,3812342956698405
2,0,1645,1789633726839944192,3812342956708908
2,0,1646,1789633726839954432,3812342956719395
2,0,1647,1789633726839964672,3812342956729865
2,0,1648,1789633726839974912,3812342956740358
2,0,1649,1789633726839985152,3812342956750794
2,0,1650,1789633726839996416,3812342956761267
2,0,1651,1789633726840006656,3812342956771903
2,0,1652,1789633726840016896,3812342956782330
2,0,1653,1789633726840027136,3812342956792809
2,0,1654,1789633726840038400,3812342956803303
2,0,1655,1789633726840048640,3812342956813818
2,0,1656,1789633726840058880,3812342956824413
2,0,1657,1789633726840070144,3812342956834912
2,0,1658,1789633726840080384,3812342956845498
2,0,1659,1789633726840090624,3812342956855970
2,0,1660,1789633726840100864,3812342956866457
2,0,1661,1789633726840112128,3812342956877117
2,0,1662,1789633726840122368,3812342956887651
2,0,1663,1789633726840132608,3812342956898155
2,0,1664,1789633726840143872,3812342956908608
2,0,1665,1789633726840154112,3812342956919117
2,0,1666,1789633726840164352,3812342956929595
2,0,1667,1789633726840174592,3812342956940094
2,0,1668,1789633726840185856,3812342956950591
2,0,1669,1789633726840196096,3812342956961061
2,0,1670,1789633726840206336,3812342956971524
2,0,1671,1789633726840216576,3812342956982025
2,0,1672,1789633726840227840,3812342956992544
2,0,1673,1789633726840238080,3812342957003078
2,0,1674,1789633726840248320,3812342957013656
2,0,1675,1789633726840258560,3812342957024118
2,0,1676,1789633726840269824,3812342957034625
2,0,1677,1789633726840280064,3812342957045081
2,0,1678,1789633726840290304,3812342957055608
2,0,1679,1789633726840300544,3812342957066108
2,0,1680,1789633726840311808,3812342957076580
2,0,1681,1789633726840322048,3812342957087088
2,0,1682,1789633726840332288,3812342957097617
2,0,1683,1789633726840342528,3812342957108130
2,0,1684,1789633726840353792,3812342957118607
2,0,1685,1789633726840364032,3812342957129057
2,0,1686,1789633726840374272,3812342957139564
2,0,1687,1789633726840384512,3812342957150224
2,0,1688,1789633726840395776,3812342957160755
2,0,1689,1789633726840406016,3812342957171264
2,0,1690,1789633726840416256,3812342957181718
2,0,1691,1789633726840426496,3812342957192183
2,0,1692,1789633726840437760,3812342957202625
2,0,1693,1789633726840448000,3812342957213150
2,0,1694,1789633726840458240,3812342957223665
2,0,1695,1789633726840469504,3812342957234175
2,0,1696,1789633726840479744,3812342957244705
2,0,1697,1789633726840489984,3812342957255167
2,0,1698,1789633726840500224,3812342957265650
2,0,1699,1789633726840510464,3812342957276133
2,0,1700,1789633726840521728,3812342957286765
2,0,1701,1789633726840531968,3812342957297260
2,0,1702,1789633726840542208,3812342957307750
2,0,1703,1789633726840553472,3812342957318238
2,0,1704,1789633726840563712,3812342957328703
2,0,1705,1789633726840573952,3812342957339188
2,0,1706,1789633726840584192,3812342957349655
2,0,1707,1789633726840595456,3812342957360190
2,0,1708,1789633726840605696,3812342957370740
2,0,1709,1789633726840615936,3812342957381264
2,0,1710,1789633726840626176,3812342957391710
2,0,1711,1789633726840637440,3812342957402171
2,0,1712,1789633726840647680,3812342957412667
2,0,1713,1789633726840657920,3812342957423157
2,0,1714,1789633726840668160,3812342957433655
2,0,1715,1789633726840679424,3812342957444157
2,0,1716,1789633726840689664,3812342957454660
2,0,1717,1789633726840699904,3812342957465184
2,0,1718,1789633726840710144,3812342957475665
2,0,1719,1789633726840721408,3812342957486105
2,0,1720,1789633726840731648,3812342957496597
2,0,1721,1789633726840741888,3812342957507225
2,0,1722,1789633726840752128,3812342957517745
2,0,1723,1789633726840763392,3812342957528274
2,0,1724,1789633726840773632,3812342957538705
2,0,1725,1789633726840783872,3812342957549200
2,0,1726,1789633726840794112,3812342957559635
2,0,1727,1789633726840805376,3812342957570127
2,0,1728,1789633726840815616,3812342957582350
2,0,1729,1789633726840825856,3812342957591200
2,0,1730,1789633726840836096,3812342957601745
2,0,1731,1789633726840847360,3812342957612230
2,0,1732,1789633726840857600,3812342957622703
2,0,1733,1789633726840867840,3812342957633167
2,0,1734,1789633726840878080,3812342957643775
2,0,1735,1789633726840889344,3812342957654305
2,0,1736,1789633726840899584,3812342957664823
2,0,1737,1789633726840909824,3812342957675308
2,0,1738,1789633726840921088,3812342957685795
2,0,1739,1789633726840931328,3812342957696457
2,0,1740,1789633726840941568,3812342957706940
2,0,1741,1789633726840951808,3812342957717407
2,0,1742,1789633726840963072,3812342957727927
2,0,1743,1789633726840973312,3812342957738437
2,0,1744,1789633726840983552,3812342957748952
2,0,1745,1789633726840993792,3812342957759417
2,0,1746,1789633726841005056,3812342957769940
2,0,1747,1789633726841015296,3812342957780424
2,0,1748,1789633726841025536,3812342957790905
2,0,1749,1789633726841035776,3812342957801400
2,0,1750,1789633726841047040,3812342957811900
2,0,1751,1789633726841057280,3812342957822405
2,0,1752,1789633726841067520,3812342957833004
2,0,1753,1789633726841078784,3812342957843530
2,0,1754,1789633726841089024,3812342957853991
2,0,1755,1789633726841099264,3812342957864475
2,0,1756,1789633726841109504,3812342957874993
2,0,1757,1789633726841120768,3812342957885499
2,0,1758,1789633726841131008,3812342957895990
2,0,1759,1789633726841141248,3812342957906495
2,0,1760,1789633726841151488,3812342957916970
2,0,1761,1789633726841161728,3812342957927431
2,0,1762,1789633726841172992,3812342957937927
2,0,1763,1789633726841183232,3812342957948417
2,0,1764,1789633726841193472,3812342957958895
2,0,1765,1789633726841204736,3812342957969547
2,0,1766,1789633726841214976,3812342957980017
2,0,1767,1789633726841225216,3812342957990494
2,0,1768,1789633726841235456,3812342958000935
2,0,1769,1789633726841246720,3812342958011451
2,0,1770,1789633726841256960,3812342958021935
2,0,1771,1789633726841267200,3812342958032385
2,0,1772,1789633726841277440,3812342958042921
2,0,1773,1789633726841288704,3812342958053525
2,0,1774,1789633726841298944,3812342958064011
2,0,1775,1789633726841309184,3812342958074477
2,0,1776,1789633726841319424,3812342958084961
2,0,1777,1789633726841330688,3812342958095497
2,0,1778,1789633726841340928,3812342958106115
2,0,1779,1789633726841351168,3812342958116659
2,0,1780,1789633726841362432,3812342958127159
2,0,1781,1789633726841372672,3812342958137644
2,0,1782,1789633726841382912,3812342958148151
2,0,1783,1789633726841393152,3812342958158821
2,0,1784,1789633726841404416,3812342958169343
2,0,1785,1789633726841414656,3812342958179827
2,0,1786,1789633726841424896,3812342958190309
2,0,1787,1789633726841435136,3812342958200807
2,0,1788,1789633726841446400,3812342958211470
2,0,1789,1789633726841456640,3812342958221957
2,0,1790,1789633726841466880,3812342958232429
2,0,1791,1789633726841478144,3812342958242910
2,0,1792,1789633726841488384,3812342958253457
2,0,1793,1789633726841498624,3812342958263955
2,0,1794,1789633726841508864,3812342958274431
2,0,1795,1789633726841520128,3812342958284959
2,0,1796,1789633726841530368,3812342958295501
2,0,1797,1789633726841540608,3812342958305971
2,0,1798,1789633726841550848,3812342958316467
2,0,1799,1789633726841562112,3812342958326941
2,0,1800,1789633726841572352,3812342958337481
2,0,1801,1789633726841582592,3812342958348111
2,0,1802,1789633726841593856,3812342958358633
2,0,1803,1789633726841604096,3812342958369161
2,0,1804,1789633726841614336,3812342958379617
2,0,1805,1789633726841624576,3812342958390111
2,0,1806,1789633726841635840,3812342958400747
2,0,1807,1789633726841646080,3812342958411291
2,0,1808,1789633726841656320,3812342958421750
2,0,1809,1789633726841666560,3812342958432231
2,0,1810,1789633726841677824,3812342958442711
2,0,1811,1789633726841688064,3812342958453187
2,0,1812,1789633726841698304,3812342958463670
2,0,1813,1789633726841708544,3812342958474201
2,0,1814,1789633726841719808,3812342958484679
2,0,1815,1789633726841730048,3812342958495167
2,0,1816,1789633726841740288,3812342958505641
2,0,1817,1789633726841750528,3812342958516107
2,0,1818,1789633726841761792,3812342958526605
2,0,1819,1789633726841772032,3812342958537270
2,0,1820,1789633726841782272,3812342958547802
2,0,1821,1789633726841793536,3812342958558299
2,0,1822,1789633726841803776,3812342958568779
2,0,1823,1789633726841814016,3812342958579293
2,0,1824,1789633726841824256,3812342958589745
2,0,1825,1789633726841835520,3812342958600223
2,0,1826,1789633726841845760,3812342958610721
2,0,1827,1789633726841856000,3812342958621229
2,0,1828,1789633726841866240,3812342958631750
2,0,1829,1789633726841877504,3812342958642225
2,0,1830,1789633726841887744,3812342958652713
2,0,1831,1789633726841897984,3812342958663200
2,0,1832,1789633726841908224,3812342958673819
2,0,1833,1789633726841919488,3812342958684341
2,0,1834,1789633726841929728,3812342958694850
2,0,1835,1789633726841939968,3812342958705335
2,0,1836,1789633726841950208,3812342958715844
2,0,1837,1789633726841961472,3812342958726499
2,0,1838,1789633726841971712,3812342958736966
2,0,1839,1789633726841981952,3812342958747451
2,0,1840,1789633726841993216,3812342958757967
2,0,1841,1789633726842003456,3812342958768479
2,0,1842,1789633726842013696,3812342958778977
2,0,1843,1789633726842023936,3812342958789440
2,0,1844,1789633726842035200,3812342958799933
2,0,1845,1789633726842045440,3812342958810427
2,0,1846,1789633726842055680,3812342958820949
2,0,1847,1789633726842065920,3812342958831419
2,0,1848,1789633726842077184,3812342958841905
2,0,1849,1789633726842087424,3812342958852411
2,0,1850,1789633726842097664,3812342958863046
2,0,1851,1789633726842107904,3812342958873574
2,0,1852,1789633726842119168,3812342958884017
2,0,1853,1789633726842129408,3812342958894500
2,0,1854,1789633726842139648,3812342958905033
2,0,1855,1789633726842149888,3812342958915507
2,0,1856,1789633726842161152,3812342958925987
2,0,1857,1789633726842171392,3812342958936484
2,0,1858,1789633726842181632,3812342958947015
2,0,1859,1789633726842191872,3812342958957480
2,0,1860,1789633726842203136,3812342958967970
2,0,1861,1789633726842213376,3812342958978426
2,0,1862,1789633726842223616,3812342958988905
2,0,1863,1789633726842233856,3812342958999606
2,0,1864,1789633726842245120,3812342959010103
2,0,1865,1789633726842255360,3812342959020591
2,0,1866,1789633726842265600,3812342959031017
2,0,1867,1789633726842275840,3812342959041499
2,0,1868,1789633726842287104,3812342959052009
2,0,1869,1789633726842297344,3812342959062459
2,0,1870,1789633726842307584,3812342959073014
2,0,1871,1789633726842317824,3812342959083570
2,0,1872,1789633726842329088,3812342959094046
2,0,1873,1789633726842339328,3812342959104529
2,0,1874,1789633726842349568,3812342959114999
2,0,1875,1789633726842359808,3812342959125510
2,0,1876,1789633726842371072,3812342959136180
2,0,1877,1789633726842381312,3812342959146706
2,0,1878,1789633726842391552,3812342959157159
2,0,1879,1789633726842402816,3812342959167639
2,0,1880,1789633726842413056,3812342959178070
2,0,1881,1789633726842423296,3812342959188509
2,0,1882,1789633726842433536,3812342959198986
2,0,1883,1789633726842443776,3812342959209475
2,0,1884,1789633726842455040,3812342959220157
2,0,1885,1789633726842465280,3812342959230647
2,0,1886,1789633726842475520,3812342959241131
2,0,1887,1789633726842486784,3812342959251611
2,0,1888,1789633726842497024,3812342959262099
2,0,1889,1789633726842507264,3812342959272720
2,0,1890,1789633726842517504,3812342959283200
2,0,1891,1789633726842528768,3812342959293707
2,0,1892,1789633726842539008,3812342959304137
2,0,1893,1789633726842549248,3812342959314647
2,0,1894,1789633726842559488,3812342959325135
2,0,1895,1789633726842570752,3812342959335585
2,0,1896,1789633726842580992,3812342959346131
2,0,1897,1789633726842591232,3812342959356680
2,0,1898,1789633726842601472,3812342959367190
2,0,1899,1789633726842612736,3812342959377679
2,0,1900,1789633726842622976,3812342959388147
2,0,1901,1789633726842633216,3812342959398635
2,0,1902,1789633726842643456,3812342959409095
2,0,1903,1789633726842654720,3812342959419581
2,0,1904,1789633726842664960,3812342959430097
2,0,1905,1789633726842675200,3812342959440583
2,0,1906,1789633726842685440,3812342959451085
2,0,1907,1789633726842696704,3812342959461534
2,0,1908,1789633726842706944,3812342959472002
2,0,1909,1789633726842717184,3812342959482487
2,0,1910,1789633726842727424,3812342959493191
2,0,1911,1789633726842738688,3812342959503680
2,0,1912,1789633726842748928,3812342959514219
2,0,1913,1789633726842759168,3812342959524667
2,0,1914,1789633726842769408,3812342959535137
2,0,1915,1789633726842780672,3812342959545609
2,0,1916,1789633726842790912,3812342959556074
2,0,1917,1789633726842801152,3812342959566595
2,0,1918,1789633726842811392,3812342959577133
2,0,1919,1789633726842822656,3812342959587657
2,0,1920,1789633726842832896,3812342959598091
2,0,1921,1789633726842843136,3812342959608555
2,0,1922,1789633726842853376,3812342959619014
2,0,1923,1789633726842864640,3812342959629475
2,0,1924,1789633726842874880,3812342959639971
2,0,1925,1789633726842885120,3812342959650440
2,0,1926,1789633726842895360,3812342959661015
2,0,1927,1789633726842906624,3812342959671477
2,0,1928,1789633726842916864,3812342959681927
2,0,1929,1789633726842927104,3812342959692367
2,0,1930,1789633726842937344,3812342959702859
2,0,1931,1789633726842948608,3812342959713339
2,0,1932,1789633726842958848,3812342959723833
2,0,1933,1789633726842969088,3812342959734694
2,0,1934,1789633726842979328,3812342959744919
2,0,1935,1789633726842990592,3812342959755379
2,0,1936,1789633726843000832,3812342959765859
2,0,1937,1789633726843011072,3812342959776359
2,0,1938,1789633726843021312,3812342959786871
2,0,1939,1789633726843032576,3812342959797513
2,0,1940,1789633726843042816,3812342959808031
2,0,1941,1789633726843053056,3812342959818463
2,0,1942,1789633726843063296,3812342959828910
2,0,1943,1789633726843074560,3812342959839393
2,0,1944,1789633726843084800,3812342959849910
2,0,1945,1789633726843095040,3812342959860389
2,0,1946,1789633726843105280,3812342959870866
2,0,1947,1789633726843116544,3812342959881459
2,0,1948,1789633726843126784,3812342959891969
2,0,1949,1789633726843137024,3812342959902459
2,0,1950,1789633726843147264,3812342959912917
2,0,1951,1789633726843158528,3812342959923469
2,0,1952,1789633726843168768,3812342959934039
2,0,1953,1789633726843179008,3812342959944511
2,0,1954,1789633726843190272,3812342959955011
2,0,1955,1789633726843200512,3812342959965500
2,0,1956,1789633726843210752,3812342959975965
2,0,1957,1789633726843220992,3812342959986460
2,0,1958,1789633726843231232,3812342959996910
2,0,1959,1789633726843242496,3812342960007451
2,0,1960,1789633726843252736,3812342960018026
2,0,1961,1789633726843262976,3812342960028549
2,0,1962,1789633726843274240,3812342960039050
2,0,1963,1789633726843284480,3812342960049539
2,0,1964,1789633726843294720,3812342960060057
2,0,1965,1789633726843304960,3812342960070695
2,0,1966,1789633726843316224,3812342960081207
2,0,1967,1789633726843326464,3812342960091665
2,0,1968,1789633726843336704,3812342960102146
2,0,1969,1789633726843346944,3812342960112674
2,0,1970,1789633726843358208,3812342960123295
2,0,1971,1789633726843368448,3812342960133815
2,0,1972,1789633726843378688,3812342960144322
2,0,1973,1789633726843389952,3812342960154810
2,0,1974,1789633726843400192,3812342960165277
2,0,1975,1789633726843410432,3812342960175967
2,0,1976,1789633726843421696,3812342960186426
2,0,1977,1789633726843431936,3812342960196919
2,0,1978,1789633726843442176,3812342960207381
2,0,1979,1789633726843452416,3812342960217853
2,0,1980,1789633726843462656,3812342960228375
2,0,1981,1789633726843473920,3812342960238845
2,0,1982,1789633726843484160,3812342960249340
2,0,1983,1789633726843494400,3812342960259925
2,0,1984,1789633726843504640,3812342960270415
2,0,1985,1789633726843515904,3812342960280875
2,0,1986,1789633726843526144,3812342960291339
2,0,1987,1789633726843536384,3812342960301907
2,0,1988,1789633726843546624,3812342960312525
2,0,1989,1789633726843557888,3812342960323037
2,0,1990,1789633726843568128,3812342960333515
2,0,1991,1789633726843578368,3812342960343985
2,0,1992,1789633726843589632,3812342960354463
2,0,1993,1789633726843599872,3812342960364931
2,0,1994,1789633726843610112,3812342960375480
2,0,1995,1789633726843620352,3812342960386015
2,0,1996,1789633726843631616,3812342960396510
2,0,1997,1789633726843641856,3812342960406990
2,0,1998,1789633726843652096,3812342960417449
2,0,1999,1789633726843662336,3812342960427920
2,0,2000,1789633726843673600,3812342960438426
2,0,2001,1789633726843683840,3812342960449063
2,0,2002,1789633726843694080,3812342960459565
2,0,2003,1789633726843704320,3812342960470027
2,0,2004,1789633726843715584,3812342960480497
2,0,2005,1789633726843725824,3812342960490990
2,0,2006,1789633726843736064,3812342960501430
2,0,2007,1789633726843746304,3812342960511906
2,0,2008,1789633726843757568,3812342960522415
2,0,2009,1789633726843767808,3812342960533041
2,0,2010,1789633726843778048,3812342960543580
2,0,2011,1789633726843789312,3812342960554085
2,0,2012,1789633726843799552,3812342960564533
2,0,2013,1789633726843809792,3812342960575035
2,0,2014,1789633726843820032,3812342960585631
2,0,2015,1789633726843831296,3812342960596163
2,0,2016,1789633726843841536,3812342960606600
2,0,2017,1789633726843851776,3812342960617069
2,0,2018,1789633726843862016,3812342960627570
2,0,2019,1789633726843873280,3812342960638037
2,0,2020,1789633726843883520,3812342960648499
2,0,2021,1789633726843893760,3812342960659023
2,0,2022,1789633726843904000,3812342960669599
2,0,2023,1789633726843915264,3812342960680091
2,0,2024,1789633726843925504,3812342960690631
2,0,2025,1789633726843935744,3812342960701091
2,0,2026,1789633726843945984,3812342960711595
2,0,2027,1789633726843957248,3812342960722206
2,0,2028,1789633726843967488,3812342960732705
2,0,2029,1789633726843977728,3812342960743220
2,0,2030,1789633726843987968,3812342960753695
2,0,2031,1789633726843999232,3812342960764203
2,0,2032,1789633726844009472,3812342960774680
2,0,2033,1789633726844019712,3812342960785135
2,0,2034,1789633726844029952,3812342960795630
2,0,2035,1789633726844041216,3812342960806150
2,0,2036,1789633726844051456,3812342960816663
2,0,2037,1789633726844061696,3812342960827110
2,0,2038,1789633726844071936,3812342960837585
2,0,2039,1789633726844083200,3812342960848075
2,0,2040,1789633726844093440,3812342960858576
2,0,2041,1789633726844103680,3812342960869053
2,0,2042,1789633726844113920,3812342960879511
2,0,2043,1789633726844125184,3812342960890039
2,0,2044,1789633726844135424,3812342960900535
2,0,2045,1789633726844145664,3812342960911011
2,0,2046,1789633726844155904,3812342960921471
2,0,2047,1789633726844167168,3812342960931943
2,0,2048,1789633726844177408,3812342960942647
2,0,2049,1789633726844187648,3812342960953180
2,0,2050,1789633726844198912,3812342960963669
2,0,2051,1789633726844209152,3812342960974105
2,0,2052,1789633726844219392,3812342960984623
2,0,2053,1789633726844229632,3812342960995080
2,0,2054,1789633726844239872,3812342961005540
2,0,2055,1789633726844251136,3812342961016085
2,0,2056,1789633726844261376,3812342961026597
2,0,2057,1789633726844271616,3812342961037109
2,0,2058,1789633726844281856,3812342961047571
2,0,2059,1789633726844293120,3812342961058023
2,0,2060,1789633726844303360,3812342961068531
2,0,2061,1789633726844313600,3812342961079223
2,0,2062,1789633726844324864,3812342961089722
2,0,2063,1789633726844335104,3812342961100230
2,0,2064,1789633726844345344,3812342961110735
2,0,2065,1789633726844355584,3812342961121190
2,0,2066,1789633726844366848,3812342961131907
2,0,2067,1789633726844377088,3812342961142405
2,0,2068,1789633726844387328,3812342961152903
2,0,2069,1789633726844398592,3812342961163451
2,0,2070,1789633726844408832,3812342961173940
2,0,2071,1789633726844419072,3812342961184535
2,0,2072,1789633726844429312,3812342961195075
2,0,2073,1789633726844440576,3812342961205590
2,0,2074,1789633726844450816,3812342961216073
2,0,2075,1789633726844461056,3812342961226547
2,0,2076,1789633726844471296,3812342961237200
2,0,2077,1789633726844482560,3812342961247743
2,0,2078,1789633726844492800,3812342961258253
2,0,2079,1789633726844503040,3812342961268731
2,0,2080,1789633726844514304,3812342961279286
2,0,2081,1789633726844524544,3812342961289879
2,0,2082,1789633726844534784,3812342961300373
2,0,2083,1789633726844546048,3812342961310840
2,0,2084,1789633726844556288,3812342961321295
2,0,2085,1789633726844566528,3812342961331810
2,0,2086,1789633726844576768,3812342961342295
2,0,2087,1789633726844588032,3812342961352811
2,0,2088,1789633726844598272,3812342961363293
2,0,2089,1789633726844608512,3812342961373839
2,0,2090,1789633726844618752,3812342961384315
2,0,2091,1789633726844630016,3812342961394801
2,0,2092,1789633726844640256,3812342961405290
2,0,2093,1789633726844650496,3812342961415799
2,0,2094,1789633726844660736,3812342961426440
2,0,2095,1789633726844672000,3812342961436875
2,0,2096,1789633726844682240,3812342961447350
2,0,2097,1789633726844692480,3812342961457783
2,0,2098,1789633726844702720,3812342961468279
2,0,2099,1789633726844713984,3812342961478777
2,0,2100,1789633726844724224,3812342961489281
2,0,2101,1789633726844734464,3812342961499789
2,0,2102,1789633726844744704,3812342961510435
2,0,2103,1789633726844755968,3812342961520915
2,0,2104,1789633726844766208,3812342961531362
2,0,2105,1789633726844776448,3812342961541896
2,0,2106,1789633726844786688,3812342961552339
2,0,2107,1789633726844797952,3812342961563021
2,0,2108,1789633726844808192,3812342961573531
2,0,2109,1789633726844818432,3812342961584033
2,0,2110,1789633726844829696,3812342961594510
2,0,2111,1789633726844839936,3812342961605000
2,0,2112,1789633726844850176,3812342961615505
2,0,2113,1789633726844860416,3812342961625960
2,0,2114,1789633726844871680,3812342961636469
2,0,2115,1789633726844881920,3812342961646977
2,0,2116,1789633726844892160,3812342961657495
2,0,2117,1789633726844902400,3812342961668020
2,0,2118,1789633726844913664,3812342961678475
2,0,2119,1789633726844923904,3812342961688986
2,0,2120,1789633726844934144,3812342961699643
2,0,2121,1789633726844944384,3812342961710139
2,0,2122,1789633726844955648,3812342961720635
2,0,2123,1789633726844965888,3812342961731123
2,0,2124,1789633726844976128,3812342961741630
2,0,2125,1789633726844986368,3812342961752247
2,0,2126,1789633726844997632,3812342961762726
2,0,2127,1789633726845007872,3812342961773205
2,0,2128,1789633726845018112,3812342961783695
2,0,2129,1789633726845029376,3812342961794205
2,0,2130,1789633726845039616,3812342961804913
2,0,2131,1789633726845049856,3812342961815515
2,0,2132,1789633726845061120,3812342961825991
2,0,2133,1789633726845071360,3812342961836445
2,0,2134,1789633726845081600,3812342961846951
2,0,2135,1789633726845091840,3812342961857575
2,0,2136,1789633726845103104,3812342961868103
2,0,2137,1789633726845113344,3812342961878543
2,0,2138,1789633726845123584,3812342961889035
2,0,2139,1789633726845133824,3812342961899513
2,0,2140,1789633726845145088,3812342961909983
2,0,2141,1789633726845155328,3812342961920439
2,0,2142,1789633726845165568,3812342961930923
2,0,2143,1789633726845175808,3812342961941533
2,0,2144,1789633726845187072,3812342961952030
2,0,2145,1789633726845197312,3812342961962500
2,0,2146,1789633726845207552,3812342961972977
2,0,2147,1789633726845217792,3812342961983470
2,0,2148,1789633726845229056,3812342961994160
2,0,2149,1789633726845239296,3812342962004673
2,0,2150,1789633726845249536,3812342962015183
2,0,2151,1789633726845260800,3812342962025653
2,0,2152,1789633726845271040,3812342962036155
2,0,2153,1789633726845281280,3812342962051906
2,0,2154,1789633726845291520,3812342962057282
2,0,2155,1789633726845302784,3812342962067765
2,0,2156,1789633726845313024,3812342962078235
2,0,2157,1789633726845323264,3812342962088743
2,0,2158,1789633726845333504,3812342962099206
2,0,2159,1789633726845344768,3812342962109715
2,0,2160,1789633726845355008,3812342962120191
2,0,2161,1789633726845365248,3812342962130683
2,0,2162,1789633726845375488,3812342962141160
2,0,2163,1789633726845386752,3812342962151683
2,0,2164,1789633726845396992,3812342962162143
2,0,2165,1789633726845407232,3812342962172603
2,0,2166,1789633726845417472,3812342962183113
2,0,2167,1789633726845428736,3812342962193560
2,0,2168,1789633726845438976,3812342962204035
2,0,2169,1789633726845449216,3812342962214665
2,0,2170,1789633726845459456,3812342962225205
2,0,2171,1789633726845470720,3812342962235701
2,0,2172,1789633726845480960,3812342962246163
2,0,2173,1789633726845491200,3812342962256670
2,0,2174,1789633726845501440,3812342962267245
2,0,2175,1789633726845512704,3812342962277710
2,0,2176,1789633726845522944,3812342962288207
2,0,2177,1789633726845533184,3812342962298647
2,0,2178,1789633726845543424,3812342962309145
2,0,2179,1789633726845554688,3812342962319602
2,0,2180,1789633726845564928,3812342962330111
2,0,2181,1789633726845575168,3812342962340602
2,0,2182,1789633726845585408,3812342962351223
2,0,2183,1789633726845596672,3812342962361693
2,0,2184,1789633726845606912,3812342962372197
2,0,2185,1789633726845617152,3812342962382715
2,0,2186,1789633726845627392,3812342962393195
2,0,2187,1789633726845638656,3812342962403803
2,0,2188,1789633726845648896,3812342962414275
2,0,2189,1789633726845659136,3812342962424760
2,0,2190,1789633726845670400,3812342962435267
2,0,2191,1789633726845680640,3812342962445753
2,0,2192,1789633726845690880,3812342962456255
2,0,2193,1789633726845701120,3812342962466740
2,0,2194,1789633726845712384,3812342962477263
2,0,2195,1789633726845722624,3812342962487785
2,0,2196,1789633726845732864,3812342962498265
2,0,2197,1789633726845743104,3812342962508760
2,0,2198,1789633726845754368,3812342962519243
2,0,2199,1789633726845764608,3812342962529743
2,0,2200,1789633726845774848,3812342962540365
2,0,2201,1789633726845785088,3812342962550901
2,0,2202,1789633726845796352,3812342962561366
2,0,2203,1789633726845806592,3812342962571909
2,0,2204,1789633726845816832,3812342962582311
2,0,2205,1789633726845827072,3812342962592805
2,0,2206,1789633726845838336,3812342962603299
2,0,2207,1789633726845848576,3812342962613819
2,0,2208,1789633726845858816,3812342962624343
2,0,2209,1789633726845869056,3812342962634843
2,0,2210,1789633726845880320,3812342962645291
2,0,2211,1789633726845890560,3812342962655747
2,0,2212,1789633726845900800,3812342962666243
2,0,2213,1789633726845911040,3812342962676919
2,0,2214,1789633726845922304,3812342962687439
2,0,2215,1789633726845932544,3812342962697955
2,0,2216,1789633726845942784,3812342962708383
2,0,2217,1789633726845954048,3812342962718875
2,0,2218,1789633726845964288,3812342962729329
2,0,2219,1789633726845974528,3812342962739803
2,0,2220,1789633726845984768,3812342962750322
2,0,2221,1789633726845996032,3812342962760880
2,0,2222,1789633726846006272,3812342962771389
2,0,2223,1789633726846016512,3812342962781897
2,0,2224,1789633726846026752,3812342962792345
2,0,2225,1789633726846038016,3812342962802842
2,0,2226,1789633726846048256,3812342962813303
2,0,2227,1789633726846058496,3812342962823793
2,0,2228,1789633726846068736,3812342962834303
2,0,2229,1789633726846080000,3812342962844795
2,0,2230,1789633726846090240,3812342962855291
2,0,2231,1789633726846100480,3812342962865783
2,0,2232,1789633726846110720,3812342962876255
2,0,2233,1789633726846121984,3812342962886765
2,0,2234,1789633726846132224,3812342962897369
2,0,2235,1789633726846142464,3812342962907829
2,0,2236,1789633726846152704,3812342962918340
2,0,2237,1789633726846163968,3812342962928815
2,0,2238,1789633726846174208,3812342962939335
2,0,2239,1789633726846184448,3812342962950051
2,0,2240,1789633726846195712,3812342962960525
2,0,2241,1789633726846205952,3812342962971015
2,0,2242,1789633726846216192,3812342962981473
2,0,2243,1789633726846226432,3812342962991992
2,0,2244,1789633726846236672,3812342963002463
2,0,2245,1789633726846247936,3812342963012920
2,0,2246,1789633726846258176,3812342963023465
2,0,2247,1789633726846268416,3812342963034009
2,0,2248,1789633726846279680,3812342963044535
2,0,2249,1789633726846289920,3812342963055045
2,0,2250,1789633726846300160,3812342963065539
2,0,2251,1789633726846310400,3812342963076043
2,0,2252,1789633726846321664,3812342963086593
2,0,2253,1789633726846331904,3812342963097135
2,0,2254,1789633726846342144,3812342963107639
2,0,2255,1789633726846352384,3812342963118119
2,0,2256,1789633726846363648,3812342963128595
2,0,2257,1789633726846373888,3812342963139095
2,0,2258,1789633726846384128,3812342963149571
2,0,2259,1789633726846394368,3812342963160040
2,0,2260,1789633726846405632,3812342963170563
2,0,2261,1789633726846415872,3812342963181055
2,0,2262,1789633726846426112,3812342963191575
2,0,2263,1789633726846436352,3812342963202019
2,0,2264,1789633726846447616,3812342963212541
2,0,2265,1789633726846457856,3812342963223155
2,0,2266,1789633726846468096,3812342963233607
2,0,2267,1789633726846478336,3812342963244125
2,0,2268,1789633726846489600,3812342963254619
2,0,2269,1789633726846499840,3812342963265160
2,0,2270,1789633726846510080,3812342963275845
2,0,2271,1789633726846521344,3812342963286371
2,0,2272,1789633726846531584,3812342963296860
2,0,2273,1789633726846541824,3812342963307337
2,0,2274,1789633726846552064,3812342963317835
2,0,2275,1789633726846563328,3812342963328495
2,0,2276,1789633726846573568,3812342963339015
2,0,2277,1789633726846583808,3812342963349475
2,0,2278,1789633726846595072,3812342963359975
2,0,2279,1789633726846605312,3812342963370431
2,0,2280,1789633726846615552,3812342963380909
2,0,2281,1789633726846625792,3812342963391380
2,0,2282,1789633726846637056,3812342963401896
2,0,2283,1789633726846647296,3812342963412455
2,0,2284,1789633726846657536,3812342963423016
2,0,2285,1789633726846667776,3812342963433515
2,0,2286,1789633726846679040,3812342963443983
2,0,2287,1789633726846689280,3812342963454460
2,0,2288,1789633726846699520,3812342963465055
2,0,2289,1789633726846709760,3812342963475509
2,0,2290,1789633726846721024,3812342963486019
2,0,2291,1789633726846731264,3812342963496511
2,0,2292,1789633726846741504,3812342963507045
2,0,2293,1789633726846751744,3812342963517509
2,0,2294,1789633726846763008,3812342963527983
2,0,2295,1789633726846773248,3812342963538475
2,0,2296,1789633726846783488,3812342963549025
2,0,2297,1789633726846793728,3812342963559529
2,0,2298,1789633726846804992,3812342963570015
2,0,2299,1789633726846815232,3812342963580471
2,0,2300,1789633726846825472,3812342963590969
2,0,2301,1789633726846835712,3812342963601445
2,0,2302,1789633726846846976,3812342963611935
2,0,2303,1789633726846857216,3812342963622433
2,0,2304,1789633726846867456,3812342963632943
2,0,2305,1789633726846877696,3812342963643466
2,0,2306,1789633726846888960,3812342963653963
2,0,2307,1789633726846899200,3812342963664401
2,0,2308,1789633726846909440,3812342963674889
2,0,2309,1789633726846919680,3812342963685505
2,0,2310,1789633726846930944,3812342963696040
2,0,2311,1789633726846941184,3812342963706552
2,0,2312,1789633726846951424,3812342963717027
2,0,2313,1789633726846962688,3812342963727485
2,0,2314,1789633726846972928,3812342963737955
2,0,2315,1789633726846983168,3812342963748440
2,0,2316,1789633726846993408,3812342963758949
2,0,2317,1789633726847003648,3812342963769469
2,0,2318,1789633726847014912,3812342963779995
2,0,2319,1789633726847025152,3812342963790472
2,0,2320,1789633726847035392,3812342963800960
2,0,2321,1789633726847045632,3812342963811445
2,0,2322,1789633726847056896,3812342963822085
2,0,2323,1789633726847067136,3812342963832576
2,0,2324,1789633726847077376,3812342963843063
2,0,2325,1789633726847088640,3812342963853591
2,0,2326,1789633726847098880,3812342963864035
2,0,2327,1789633726847109120,3812342963874515
2,0,2328,1789633726847119360,3812342963884957
2,0,2329,1789633726847130624,3812342963895523
2,0,2330,1789633726847140864,3812342963906029
2,0,2331,1789633726847151104,3812342963916575
2,0,2332,1789633726847161344,3812342963927075
2,0,2333,1789633726847172608,3812342963937531
2,0,2334,1789633726847182848,3812342963948075
2,0,2335,1789633726847193088,3812342963958715
2,0,2336,1789633726847204352,3812342963969205
2,0,2337,1789633726847214592,3812342963979699
2,0,2338,1789633726847224832,3812342963990185
2,0,2339,1789633726847235072,3812342964000707
2,0,2340,1789633726847246336,3812342964011295
2,0,2341,1789633726847256576,3812342964021896
2,0,2342,1789633726847266816,3812342964032287
2,0,2343,1789633726847277056,3812342964042782
2,0,2344,1789633726847288320,3812342964053249
2,0,2345,1789633726847298560,3812342964063739
2,0,2346,1789633726847308800,3812342964074243
2,0,2347,1789633726847319040,3812342964084735
2,0,2348,1789633726847330304,3812342964095259
2,0,2349,1789633726847340544,3812342964105743
2,0,2350,1789633726847350784,3812342964116235
2,0,2351,1789633726847361024,3812342964126715
2,0,2352,1789633726847372288,3812342964137203
2,0,2353,1789633726847382528,3812342964147879
2,0,2354,1789633726847392768,3812342964158329
2,0,2355,1789633726847403008,3812342964168822
2,0,2356,1789633726847414272,3812342964179279
2,0,2357,1789633726847424512,3812342964189771
2,0,2358,1789633726847434752,3812342964200265
2,0,2359,1789633726847444992,3812342964210725
2,0,2360,1789633726847456256,3812342964221285
2,0,2361,1789633726847466496,3812342964231896
2,0,2362,1789633726847476736,3812342964242322
2,0,2363,1789633726847486976,3812342964252779
2,0,2364,1789633726847498240,3812342964263245
2,0,2365,1789633726847508480,3812342964273729
2,0,2366,1789633726847518720,3812342964284243
2,0,2367,1789633726847528960,3812342964294723
2,0,2368,1789633726847540224,3812342964305219
2,0,2369,1789633726847550464,3812342964315715
2,0,2370,1789633726847560704,3812342964326215
2,0,2371,1789633726847570944,3812342964336683
2,0,2372,1789633726847582208,3812342964347161
2,0,2373,1789633726847592448,3812342964357696
2,0,2374,1789633726847602688,3812342964368279
2,0,2375,1789633726847613952,3812342964378775
2,0,2376,1789633726847624192,3812342964389282
2,0,2377,1789633726847634432,3812342964399729
2,0,2378,1789633726847644672,3812342964410235
2,0,2379,1789633726847654912,3812342964420723
2,0,2380,1789633726847666176,3812342964431215
2,0,2381,1789633726847676416,3812342964441697
2,0,2382,1789633726847686656,3812342964452269
2,0,2383,1789633726847697920,3812342964462782
2,0,2384,1789633726847708160,3812342964473255
2,0,2385,1789633726847718400,3812342964483723
2,0,2386,1789633726847728640,3812342964494223
2,0,2387,1789633726847738880,3812342964504865
2,0,2388,1789633726847750144,3812342964515395
2,0,2389,1789633726847760384,3812342964525892
2,0,2390,1789633726847770624,3812342964536387
2,0,2391,1789633726847781888,3812342964546873
2,0,2392,1789633726847792128,3812342964557525
2,0,2393,1789633726847802368,3812342964568022
2,0,2394,1789633726847813632,3812342964578501
2,0,2395,1789633726847823872,3812342964589015
2,0,2396,1789633726847834112,3812342964599502
2,0,2397,1789633726847844352,3812342964610008
2,0,2398,1789633726847855616,3812342964620483
2,0,2399,1789633726847865856,3812342964630972
2,0,2400,1789633726847876096,3812342964641491
2,0,2401,1789633726847886336,3812342964651937
2,0,2402,1789633726847897600,3812342964662455
2,0,2403,1789633726847907840,3812342964672949
2,0,2404,1789633726847918080,3812342964683465
2,0,2405,1789633726847928320,3812342964694100
2,0,2406,1789633726847939584,3812342964704632
2,0,2407,1789633726847949824,3812342964715135
2,0,2408,1789633726847960064,3812342964725569
2,0,2409,1789633726847970304,3812342964736076
2,0,2410,1789633726847981568,3812342964746775
2,0,2411,1789633726847991808,3812342964757295
2,0,2412,1789633726848002048,3812342964767795
2,0,2413,1789633726848013312,3812342964778307
2,0,2414,1789633726848023552,3812342964788765
2,0,2415,1789633726848033792,3812342964799255
2,0,2416,1789633726848044032,3812342964809731
2,0,2417,1789633726848055296,3812342964820220
2,0,2418,1789633726848065536,3812342964830715
2,0,2419,1789633726848075776,3812342964841223
2,0,2420,1789633726848086016,3812342964851691
2,0,2421,1789633726848097280,3812342964862125
2,0,2422,1789633726848107520,3812342964872632
2,0,2423,1789633726848117760,3812342964883316
2,0,2424,1789633726848128000,3812342964893859
2,0,2425,1789633726848139264,3812342964904354
2,0,2426,1789633726848149504,3812342964914859
2,0,2427,1789633726848159744,3812342964925377
2,0,2428,1789633726848171008,3812342964936011
2,0,2429,1789633726848181248,3812342964946460
2,0,2430,1789633726848191488,3812342964956965
2,0,2431,1789633726848201728,3812342964967455
2,0,2432,1789633726848212992,3812342964977980
2,0,2433,1789633726848223232,3812342964988422
2,0,2434,1789633726848233472,3812342964998952
2,0,2435,1789633726848243712,3812342965009443
2,0,2436,1789633726848254976,3812342965019949
2,0,2437,1789633726848265216,3812342965030449
2,0,2438,1789633726848275456,3812342965040923
2,0,2439,1789633726848285696,3812342965051391
2,0,2440,1789633726848296960,3812342965061915
2,0,2441,1789633726848307200,3812342965072536
2,0,2442,1789633726848317440,3812342965083049
2,0,2443,1789633726848328704,3812342965093537
2,0,2444,1789633726848338944,3812342965104025
2,0,2445,1789633726848349184,3812342965114505
2,0,2446,1789633726848359424,3812342965125003
2,0,2447,1789633726848369664,3812342965135512
2,0,2448,1789633726848380928,3812342965146003
2,0,2449,1789633726848391168,3812342965156512
2,0,2450,1789633726848401408,3812342965166995
2,0,2451,1789633726848411648,3812342965177475
2,0,2452,1789633726848422912,3812342965187915
2,0,2453,1789633726848433152,3812342965198422
2,0,2454,1789633726848443392,3812342965209123
2,0,2455,1789633726848454656,3812342965219655
2,0,2456,1789633726848464896,3812342965230139
2,0,2457,1789633726848475136,3812342965240583
2,0,2458,1789633726848485376,3812342965251115
2,0,2459,1789633726848496640,3812342965261595
2,0,2460,1789633726848506880,3812342965272091
2,0,2461,1789633726848517120,3812342965282595
2,0,2462,1789633726848527360,3812342965293065
2,0,2463,1789633726848538624,3812342965303555
2,0,2464,1789633726848548864,3812342965314032
2,0,2465,1789633726848559104,3812342965324520
2,0,2466,1789633726848569344,3812342965334999
2,0,2467,1789633726848580608,3812342965345685
2,0,2468,1789633726848590848,3812342965356196
2,0,2469,1789633726848601088,3812342965366703
2,0,2470,1789633726848612352,3812342965377163
2,0,2471,1789633726848622592,3812342965387663
2,0,2472,1789633726848632832,3812342965398349
2,0,2473,1789633726848643072,3812342965408835
2,0,2474,1789633726848654336,3812342965419331
2,0,2475,1789633726848664576,3812342965429779
2,0,2476,1789633726848674816,3812342965440285
2,0,2477,1789633726848685056,3812342965450795
2,0,2478,1789633726848696320,3812342965461263
2,0,2479,1789633726848706560,3812342965471775
2,0,2480,1789633726848716800,3812342965482299
2,0,2481,1789633726848727040,3812342965492833
2,0,2482,1789633726848738304,3812342965503263
2,0,2483,1789633726848748544,3812342965513741
2,0,2484,1789633726848758784,3812342965524235
2,0,2485,1789633726848769024,3812342965534900
2,0,2486,1789633726848780288,3812342965545511
2,0,2487,1789633726848790528,3812342965555962
2,0,2488,1789633726848800768,3812342965566481
2,0,2489,1789633726848812032,3812342965578489
2,0,2490,1789633726848822272,3812342965587562
2,0,2491,1789633726848832512,3812342965598029
2,0,2492,1789633726848842752,3812342965608479
2,0,2493,1789633726848854016,3812342965618963
2,0,2494,1789633726848864256,3812342965629469
2,0,2495,1789633726848874496,3812342965639975
2,0,2496,1789633726848884736,3812342965650420
2,0,2497,1789633726848896000,3812342965660961
2,0,2498,1789633726848906240,3812342965671542
2,0,2499,1789633726848916480,3812342965682042
2,0,2500,1789633726848926720,3812342965692583
2,0,2501,1789633726848937984,3812342965703033
2,0,2502,1789633726848948224,3812342965713555
2,0,2503,1789633726848958464,3812342965724232
2,0,2504,1789633726848969728,3812342965734745
2,0,2505,1789633726848979968,3812342965745185
2,0,2506,1789633726848990208,3812342965755635
2,0,2507,1789633726849000448,3812342965766135
2,0,2508,1789633726849011712,3812342965776817
2,0,2509,1789633726849021952,3812342965787349
2,0,2510,1789633726849032192,3812342965797835
2,0,2511,1789633726849043456,3812342965808343
2,0,2512,1789633726849053696,3812342965818796
2,0,2513,1789633726849063936,3812342965829240
2,0,2514,1789633726849074176,3812342965839743
2,0,2515,1789633726849084416,3812342965850209
2,0,2516,1789633726849095680,3812342965860760
2,0,2517,1789633726849105920,3812342965871269
2,0,2518,1789633726849116160,3812342965881897
2,0,2519,1789633726849127424,3812342965892269
2,0,2520,1789633726849137664,3812342965902735
2,0,2521,1789633726849147904,3812342965913352
2,0,2522,1789633726849158144,3812342965923895
2,0,2523,1789633726849169408,3812342965934389
2,0,2524,1789633726849179648,3812342965944895
2,0,2525,1789633726849189888,3812342965955395
2,0,2526,1789633726849200128,3812342965966019
2,0,2527,1789633726849211392,3812342965976470
2,0,2528,1789633726849221632,3812342965986983
2,0,2529,1789633726849231872,3812342965997472
2,0,2530,1789633726849243136,3812342966008015
2,0,2531,1789633726849253376,3812342966018525
2,0,2532,1789633726849263616,3812342966029005
2,0,2533,1789633726849273856,3812342966039515
2,0,2534,1789633726849285120,3812342966050003
2,0,2535,1789633726849295360,3812342966060502
2,0,2536,1789633726849305600,3812342966070965
2,0,2537,1789633726849315840,3812342966081455
2,0,2538,1789633726849327104,3812342966091975
2,0,2539,1789633726849337344,3812342966102579
2,0,2540,1789633726849347584,3812342966113042
2,0,2541,1789633726849357824,3812342966123489
2,0,2542,1789633726849369088,3812342966133969
2,0,2543,1789633726849379328,3812342966144463
2,0,2544,1789633726849389568,3812342966154949
2,0,2545,1789633726849399808,3812342966165485
2,0,2546,1789633726849411072,3812342966175995
2,0,2547,1789633726849421312,3812342966186543
2,0,2548,1789633726849431552,3812342966197040
2,0,2549,1789633726849441792,3812342966207525
2,0,2550,1789633726849453056,3812342966217995
2,0,2551,1789633726849463296,3812342966228500
2,0,2552,1789633726849473536,3812342966239163
2,0,2553,1789633726849484800,3812342966249676
2,0,2554,1789633726849495040,3812342966260139
2,0,2555,1789633726849505280,3812342966270599
2,0,2556,1789633726849515520,3812342966281055
2,0,2557,1789633726849525760,3812342966291562
2,0,2558,1789633726849537024,3812342966302065
2,0,2559,1789633726849547264,3812342966312537
2,0,2560,1789633726849557504,3812342966323120
2,0,2561,1789633726849568768,3812342966333622
2,0,2562,1789633726849579008,3812342966344098
2,0,2563,1789633726849589248,3812342966354541
2,0,2564,1789633726849599488,3812342966365038
2,0,2565,1789633726849609728,3812342966375723
2,0,2566,1789633726849620992,3812342966386228
2,0,2567,1789633726849631232,3812342966396748
2,0,2568,1789633726849641472,3812342966407242
2,0,2569,1789633726849652736,3812342966417743
2,0,2570,1789633726849662976,3812342966428369
2,0,2571,1789633726849673216,3812342966438838
2,0,2572,1789633726849684480,3812342966449360
2,0,2573,1789633726849694720,3812342966459843
2,0,2574,1789633726849704960,3812342966470342
2,0,2575,1789633726849715200,3812342966480863
2,0,2576,1789633726849726464,3812342966491329
2,0,2577,1789633726849736704,3812342966501803
2,0,2578,1789633726849746944,3812342966512349
2,0,2579,1789633726849757184,3812342966522840
2,0,2580,1789633726849768448,3812342966533298
2,0,2581,1789633726849778688,3812342966543792
2,0,2582,1789633726849788928,3812342966554263
2,0,2583,1789633726849799168,3812342966564740
2,0,2584,1789633726849809408,3812342966575196
2,0,2585,1789633726849820672,3812342966585680
2,0,2586,1789633726849830912,3812342966596218
2,0,2587,1789633726849841152,3812342966606740
2,0,2588,1789633726849851392,3812342966617273
2,0,2589,1789633726849862656,3812342966627738
2,0,2590,1789633726849872896,3812342966638222
2,0,2591,1789633726849883136,3812342966648815
2,0,2592,1789633726849894400,3812342966659316
2,0,2593,1789633726849904640,3812342966669768
2,0,2594,1789633726849914880,3812342966680262
2,0,2595,1789633726849925120,3812342966690791
2,0,2596,1789633726849936384,3812342966701308
2,0,2597,1789633726849946624,3812342966711803
2,0,2598,1789633726849956864,3812342966722269
2,0,2599,1789633726849967104,3812342966732805
2,0,2600,1789633726849978368,3812342966743301
2,0,2601,1789633726849988608,3812342966753795
2,0,2602,1789633726849998848,3812342966764332
2,0,2603,1789633726850009088,3812342966774783
2,0,2604,1789633726850020352,3812342966785375
2,0,2605,1789633726850030592,3812342966795831
2,0,2606,1789633726850040832,3812342966806331
2,0,2607,1789633726850051072,3812342966816825
2,0,2608,1789633726850062336,3812342966827303
2,0,2609,1789633726850072576,3812342966837812
2,0,2610,1789633726850082816,3812342966848273
2,0,2611,1789633726850093056,3812342966858771
2,0,2612,1789633726850104320,3812342966869365
2,0,2613,1789633726850114560,3812342966879818
2,0,2614,1789633726850124800,3812342966890381
2,0,2615,1789633726850135040,3812342966900875
2,0,2616,1789633726850146304,3812342966911418
2,0,2617,1789633726850156544,3812342966922015
2,0,2618,1789633726850166784,3812342966932505
2,0,2619,1789633726850178048,3812342966942997
2,0,2620,1789633726850188288,3812342966953453
2,0,2621,1789633726850198528,3812342966963951
2,0,2622,1789633726850208768,3812342966974434
2,0,2623,1789633726850220032,3812342966984909
2,0,2624,1789633726850230272,3812342966995378
2,0,2625,1789633726850240512,3812342967005895
2,0,2626,1789633726850250752,3812342967016391
2,0,2627,1789633726850260992,3812342967026848
2,0,2628,1789633726850272256,3812342967037345
2,0,2629,1789633726850282496,3812342967047843
2,0,2630,1789633726850292736,3812342967058495
2,0,2631,1789633726850304000,3812342967069015
2,0,2632,1789633726850314240,3812342967079535
2,0,2633,1789633726850324480,3812342967090011
2,0,2634,1789633726850334720,3812342967100523
2,0,2635,1789633726850345984,3812342967111168
2,0,2636,1789633726850356224,3812342967121638
2,0,2637,1789633726850366464,3812342967132145
2,0,2638,1789633726850377728,3812342967142635
2,0,2639,1789633726850387968,3812342967153132
2,0,2640,1789633726850398208,3812342967163614
2,0,2641,1789633726850408448,3812342967174032
2,0,2642,1789633726850418688,3812342967184563
2,0,2643,1789633726850429952,3812342967195118
2,0,2644,1789633726850440192,3812342967205642
2,0,2645,1789633726850450432,3812342967216091
2,0,2646,1789633726850461696,3812342967226632
2,0,2647,1789633726850471936,3812342967237098
2,0,2648,1789633726850482176,3812342967247732
2,0,2649,1789633726850492416,3812342967258262
2,0,2650,1789633726850503680,3812342967268778
2,0,2651,1789633726850513920,3812342967279265
2,0,2652,1789633726850524160,3812342967289738
2,0,2653,1789633726850534400,3812342967300405
2,0,2654,1789633726850545664,3812342967310869
2,0,2655,1789633726850555904,3812342967321355
2,0,2656,1789633726850566144,3812342967331897
2,0,2657,1789633726850577408,3812342967342320
2,0,2658,1789633726850587648,3812342967352823
2,0,2659,1789633726850597888,3812342967363298
2,0,2660,1789633726850608128,3812342967373845
2,0,2661,1789633726850619392,3812342967384363
2,0,2662,1789633726850629632,3812342967394883
2,0,2663,1789633726850639872,3812342967405365
2,0,2664,1789633726850650112,3812342967415815
2,0,2665,1789633726850661376,3812342967426325
2,0,2666,1789633726850671616,3812342967436961
2,0,2667,1789633726850681856,3812342967447495
2,0,2668,1789633726850693120,3812342967457995
2,0,2669,1789633726850703360,3812342967468475
2,0,2670,1789633726850713600,3812342967478955
2,0,2671,1789633726850723840,3812342967489641
2,0,2672,1789633726850735104,3812342967500171
2,0,2673,1789633726850745344,3812342967510676
2,0,2674,1789633726850755584,3812342967521165
2,0,2675,1789633726850765824,3812342967531635
2,0,2676,1789633726850777088,3812342967542315
2,0,2677,1789633726850787328,3812342967552778
2,0,2678,1789633726850797568,3812342967563271
2,0,2679,1789633726850808832,3812342967573769
2,0,2680,1789633726850819072,3812342967584289
2,0,2681,1789633726850829312,3812342967594978
2,0,2682,1789633726850840576,3812342967605503
2,0,2683,1789633726850850816,3812342967616009
2,0,2684,1789633726850861056,3812342967626495
2,0,2685,1789633726850871296,3812342967636980
2,0,2686,1789633726850882560,3812342967647655
2,0,2687,1789633726850892800,3812342967658167
2,0,2688,1789633726850903040,3812342967668695
2,0,2689,1789633726850914304,3812342967679175
2,0,2690,1789633726850924544,3812342967689685
2,0,2691,1789633726850934784,3812342967700329
2,0,2692,1789633726850945024,3812342967710845
2,0,2693,1789633726850956288,3812342967721366
2,0,2694,1789633726850966528,3812342967731896
2,0,2695,1789633726850976768,3812342967742383
2,0,2696,1789633726850987008,3812342967752980
2,0,2697,1789633726850998272,3812342967763460
2,0,2698,1789633726851008512,3812342967773958
2,0,2699,1789633726851018752,3812342967784418
2,0,2700,1789633726851030016,3812342967794942
2,0,2701,1789633726851040256,3812342967805671
2,0,2702,1789633726851050496,3812342967816189
2,0,2703,1789633726851061760,3812342967826703
2,0,2704,1789633726851072000,3812342967837205
2,0,2705,1789633726851082240,3812342967847691
2,0,2706,1789633726851092480,3812342967858161
2,0,2707,1789633726851103744,3812342967868629
2,0,2708,1789633726851113984,3812342967879121
2,0,2709,1789633726851124224,3812342967889625
2,0,2710,1789633726851134464,3812342967900143
2,0,2711,1789633726851145728,3812342967910611
2,0,2712,1789633726851155968,3812342967921097
2,0,2713,1789633726851166208,3812342967931575
2,0,2714,1789633726851176448,3812342967942245
2,0,2715,1789633726851187712,3812342967952763
2,0,2716,1789633726851197952,3812342967963267
2,0,2717,1789633726851208192,3812342967973745
2,0,2718,1789633726851218432,3812342967984238
2,0,2719,1789633726851229696,3812342967994908
2,0,2720,1789633726851239936,3812342968005527
2,0,2721,1789633726851250176,3812342968016025
2,0,2722,1789633726851261440,3812342968026477
2,0,2723,1789633726851271680,3812342968037000
2,0,2724,1789633726851281920,3812342968047675
2,0,2725,1789633726851293184,3812342968058182
2,0,2726,1789633726851303424,3812342968068608
2,0,2727,1789633726851313664,3812342968079100
2,0,2728,1789633726851323904,3812342968089560
2,0,2729,1789633726851335168,3812342968100265
2,0,2730,1789633726851345408,3812342968110768
2,0,2731,1789633726851355648,3812342968121275
2,0,2732,1789633726851366912,3812342968131780
2,0,2733,1789633726851377152,3812342968142289
2,0,2734,1789633726851387392,3812342968152915
2,0,2735,1789633726851397632,3812342968163465
2,0,2736,1789633726851408896,3812342968173949
2,0,2737,1789633726851419136,3812342968184429
2,0,2738,1789633726851429376,3812342968194918
2,0,2739,1789633726851439616,3812342968205585
2,0,2740,1789633726851450880,3812342968216110
2,0,2741,1789633726851461120,3812342968226578
2,0,2742,1789633726851471360,3812342968237095
2,0,2743,1789633726851482624,3812342968247578
2,0,2744,1789633726851492864,3812342968258083
2,0,2745,1789633726851503104,3812342968268540
2,0,2746,1789633726851513344,3812342968279071
2,0,2747,1789633726851524608,3812342968289576
2,0,2748,1789633726851534848,3812342968300085
2,0,2749,1789633726851545088,3812342968310528
2,0,2750,1789633726851555328,3812342968321009
2,0,2751,1789633726851566592,3812342968331495
2,0,2752,1789633726851576832,3812342968342163
2,0,2753,1789633726851587072,3812342968352695
2,0,2754,1789633726851597312,3812342968363195
2,0,2755,1789633726851608576,3812342968373703
2,0,2756,1789633726851618816,3812342968384183
2,0,2757,1789633726851629056,3812342968394809
2,0,2758,1789633726851640320,3812342968405278
2,0,2759,1789633726851650560,3812342968415778
2,0,2760,1789633726851660800,3812342968426280
2,0,2761,1789633726851671040,3812342968436787
2,0,2762,1789633726851682304,3812342968447255
2,0,2763,1789633726851692544,3812342968457749
2,0,2764,1789633726851702784,3812342968468245
2,0,2765,1789633726851713024,3812342968478743
2,0,2766,1789633726851724288,3812342968489231
2,0,2767,1789633726851734528,3812342968499753
2,0,2768,1789633726851744768,3812342968510227
2,0,2769,1789633726851755008,3812342968520748
2,0,2770,1789633726851766272,3812342968531383
2,0,2771,1789633726851776512,3812342968541908
2,0,2772,1789633726851786752,3812342968552355
2,0,2773,1789633726851796992,3812342968562805
2,0,2774,1789633726851808256,3812342968573277
2,0,2775,1789633726851818496,3812342968583795
2,0,2776,1789633726851828736,3812342968594283
2,0,2777,1789633726851838976,3812342968604771
2,0,2778,1789633726851850240,3812342968615335
2,0,2779,1789633726851860480,3812342968625872
2,0,2780,1789633726851870720,3812342968636342
2,0,2781,1789633726851880960,3812342968646845
2,0,2782,1789633726851892224,3812342968657318
2,0,2783,1789633726851902464,3812342968667928
2,0,2784,1789633726851912704,3812342968678369
2,0,2785,1789633726851923968,3812342968688902
2,0,2786,1789633726851934208,3812342968699405
2,0,2787,1789633726851944448,3812342968709885
2,0,2788,1789633726851954688,3812342968720371
2,0,2789,1789633726851964928,3812342968730809
2,0,2790,1789633726851976192,3812342968741340
2,0,2791,1789633726851986432,3812342968751895
2,0,2792,1789633726851996672,3812342968762378
2,0,2793,1789633726852007936,3812342968772865
2,0,2794,1789633726852018176,3812342968783455
2,0,2795,1789633726852028416,3812342968793975
2,0,2796,1789633726852038656,3812342968804575
2,0,2797,1789633726852049920,3812342968815062
2,0,2798,1789633726852060160,3812342968825518
2,0,2799,1789633726852070400,3812342968836015
2,0,2800,1789633726852080640,3812342968846494
2,0,2801,1789633726852091904,3812342968857175
2,0,2802,1789633726852102144,3812342968867702
2,0,2803,1789633726852112384,3812342968878144
2,0,2804,1789633726852123648,3812342968888634
2,0,2805,1789633726852133888,3812342968899111
2,0,2806,1789633726852144128,3812342968909589
2,0,2807,1789633726852154368,3812342968920041
2,0,2808,1789633726852165632,3812342968930549
2,0,2809,1789633726852175872,3812342968941134
2,0,2810,1789633726852186112,3812342968951658
2,0,2811,1789633726852196352,3812342968962129
2,0,2812,1789633726852207616,3812342968972604
2,0,2813,1789633726852217856,3812342968983111
2,0,2814,1789633726852228096,3812342968993709
2,0,2815,1789633726852238336,3812342969004218
2,0,2816,1789633726852249600,3812342969014704
2,0,2817,1789633726852259840,3812342969025160
2,0,2818,1789633726852270080,3812342969035680
2,0,2819,1789633726852280320,3812342969051903
2,0,2820,1789633726852291584,3812342969056921
2,0,2821,1789633726852301824,3812342969067428
2,0,2822,1789633726852312064,3812342969077932
2,0,2823,1789633726852323328,3812342969088411
2,0,2824,1789633726852333568,3812342969099084
2,0,2825,1789633726852343808,3812342969109592
2,0,2826,1789633726852355072,3812342969120096
2,0,2827,1789633726852365312,3812342969130613
2,0,2828,1789633726852375552,3812342969141103
2,0,2829,1789633726852385792,3812342969151734
2,0,2830,1789633726852397056,3812342969162228
2,0,2831,1789633726852407296,3812342969172708
2,0,2832,1789633726852417536,3812342969183214
2,0,2833,1789633726852427776,3812342969193660
2,0,2834,1789633726852439040,3812342969204176
2,0,2835,1789633726852449280,3812342969214618
2,0,2836,1789633726852459520,3812342969225137
2,0,2837,1789633726852469760,3812342969235727
2,0,2838,1789633726852481024,3812342969246218
2,0,2839,1789633726852491264,3812342969256709
2,0,2840,1789633726852501504,3812342969267180
2,0,2841,1789633726852512768,3812342969277698
2,0,2842,1789633726852523008,3812342969288303
2,0,2843,1789633726852533248,3812342969298769
2,0,2844,1789633726852543488,3812342969309261
2,0,2845,1789633726852554752,3812342969319774
2,0,2846,1789633726852564992,3812342969330284
2,0,2847,1789633726852575232,3812342969340742
2,0,2848,1789633726852585472,3812342969351269
2,0,2849,1789633726852596736,3812342969361738
2,0,2850,1789633726852606976,3812342969372264
2,0,2851,1789633726852617216,3812342969382754
2,0,2852,1789633726852627456,3812342969393234
2,0,2853,1789633726852638720,3812342969403734
2,0,2854,1789633726852648960,3812342969414164
2,0,2855,1789633726852659200,3812342969424854
2,0,2856,1789633726852670464,3812342969435377
2,0,2857,1789633726852680704,3812342969445894
2,0,2858,1789633726852690944,3812342969456388
2,0,2859,1789633726852701184,3812342969466843
2,0,2860,1789633726852711424,3812342969477342
2,0,2861,1789633726852722688,3812342969487814
2,0,2862,1789633726852732928,3812342969498323
2,0,2863,1789633726852743168,3812342969508843
2,0,2864,1789633726852753408,3812342969519312
2,0,2865,1789633726852764672,3812342969529823
2,0,2866,1789633726852774912,3812342969540289
2,0,2867,1789633726852785152,3812342969550801
2,0,2868,1789633726852795392,3812342969561414
2,0,2869,1789633726852806656,3812342969571965
2,0,2870,1789633726852816896,3812342969582454
2,0,2871,1789633726852827136,3812342969592902
2,0,2872,1789633726852838400,3812342969603464
2,0,2873,1789633726852848640,3812342969614078
2,0,2874,1789633726852858880,3812342969624631
2,0,2875,1789633726852870144,3812342969635120
2,0,2876,1789633726852880384,3812342969645632
2,0,2877,1789633726852890624,3812342969656142
2,0,2878,1789633726852900864,3812342969666594
2,0,2879,1789633726852912128,3812342969677061
2,0,2880,1789633726852922368,3812342969687574
2,0,2881,1789633726852932608,3812342969698081
2,0,2882,1789633726852942848,3812342969708583
2,0,2883,1789633726852954112,3812342969719098
2,0,2884,1789633726852964352,3812342969729604
2,0,2885,1789633726852974592,3812342969740089
2,0,2886,1789633726852984832,3812342969750641
2,0,2887,1789633726852996096,3812342969761114
2,0,2888,1789633726853006336,3812342969771624
2,0,2889,1789633726853016576,3812342969782074
2,0,2890,1789633726853026816,3812342969792551
2,0,2891,1789633726853038080,3812342969803009
2,0,2892,1789633726853048320,3812342969813462
2,0,2893,1789633726853058560,3812342969823980
2,0,2894,1789633726853068800,3812342969834529
2,0,2895,1789633726853080064,3812342969845047
2,0,2896,1789633726853090304,3812342969855524
2,0,2897,1789633726853100544,3812342969866029
2,0,2898,1789633726853110784,3812342969876563
2,0,2899,1789633726853122048,3812342969887018
2,0,2900,1789633726853132288,3812342969897511
2,0,2901,1789633726853142528,3812342969908000
2,0,2902,1789633726853152768,3812342969918500
2,0,2903,1789633726853164032,3812342969929009
2,0,2904,1789633726853174272,3812342969939541
2,0,2905,1789633726853184512,3812342969950005
2,0,2906,1789633726853194752,3812342969960503
2,0,2907,1789633726853206016,3812342969974121
2,0,2908,1789633726853219328,3812342969984756
2,0,2909,1789633726853229568,3812342969995244
2,0,2910,1789633726853240832,3812342970005797
2,0,2911,1789633726853251072,3812342970016258
2,0,2912,1789633726853261312,3812342970026787
2,0,2913,1789633726853271552,3812342970037243
2,0,2914,1789633726853282816,3812342970047712
2,0,2915,1789633726853293056,3812342970058181
2,0,2916,1789633726853303296,3812342970068723
2,0,2917,1789633726853313536,3812342970079229
2,0,2918,1789633726853323776,3812342970089680
2,0,2919,1789633726853335040,3812342970100162
2,0,2920,1789633726853345280,3812342970110667
2,0,2921,1789633726853355520,3812342970121306
2,0,2922,1789633726853366784,3812342970131773
2,0,2923,1789633726853377024,3812342970142213
2,0,2924,1789633726853387264,3812342970152751
2,0,2925,1789633726853397504,3812342970163213
2,0,2926,1789633726853408768,3812342970173710
2,0,2927,1789633726853419008,3812342970184161
2,0,2928,1789633726853429248,3812342970194684
2,0,2929,1789633726853439488,3812342970205282
2,0,2930,1789633726853450752,3812342970215783
2,0,2931,1789633726853460992,3812342970226315
2,0,2932,1789633726853471232,3812342970236824
2,0,2933,1789633726853481472,3812342970247332
2,0,2934,1789633726853492736,3812342970257939
2,0,2935,1789633726853502976,3812342970268415
2,0,2936,1789633726853513216,3812342970278895
2,0,2937,1789633726853524480,3812342970289391
2,0,2938,1789633726853534720,3812342970299914
2,0,2939,1789633726853544960,3812342970310539
2,0,2940,1789633726853555200,3812342970321019
2,0,2941,1789633726853566464,3812342970331448
2,0,2942,1789633726853576704,3812342970341976
2,0,2943,1789633726853586944,3812342970352495
2,0,2944,1789633726853597184,3812342970362988
2,0,2945,1789633726853608448,3812342970373467
2,0,2946,1789633726853618688,3812342970383977
2,0,2947,1789633726853628928,3812342970394501
2,0,2948,1789633726853639168,3812342970404974
2,0,2949,1789633726853650432,3812342970415481
2,0,2950,1789633726853660672,3812342970425990
2,0,2951,1789633726853670912,3812342970436490
2,0,2952,1789633726853681152,3812342970447095
2,0,2953,1789633726853692416,3812342970457551
2,0,2954,1789633726853702656,3812342970468047
2,0,2955,1789633726853712896,3812342970478522
2,0,2956,1789633726853723136,3812342970489001
2,0,2957,1789633726853734400,3812342970499507
2,0,2958,1789633726853744640,3812342970509959
2,0,2959,1789633726853754880,3812342970520481
2,0,2960,1789633726853765120,3812342970531061
2,0,2961,1789633726853776384,3812342970541562
2,0,2962,1789633726853786624,3812342970552024
2,0,2963,1789633726853796864,3812342970562520
2,0,2964,1789633726853807104,3812342970573016
2,0,2965,1789633726853818368,3812342970583641
2,0,2966,1789633726853828608,3812342970594130
2,0,2967,1789633726853838848,3812342970604637
2,0,2968,1789633726853850112,3812342970615101
2,0,2969,1789633726853860352,3812342970625556
2,0,2970,1789633726853870592,3812342970636055
2,0,2971,1789633726853880832,3812342970646593
2,0,2972,1789633726853892096,3812342970657132
2,0,2973,1789633726853902336,3812342970667652
2,0,2974,1789633726853912576,3812342970678122
2,0,2975,1789633726853922816,3812342970688582
2,0,2976,1789633726853934080,3812342970699062
2,0,2977,1789633726853944320,3812342970709552
2,0,2978,1789633726853954560,3812342970720199
2,0,2979,1789633726853964800,3812342970730713
2,0,2980,1789633726853976064,3812342970741183
2,0,2981,1789633726853986304,3812342970751667
2,0,2982,1789633726853996544,3812342970762156
2,0,2983,1789633726854006784,3812342970772632
2,0,2984,1789633726854018048,3812342970783114
2,0,2985,1789633726854028288,3812342970793643
2,0,2986,1789633726854038528,3812342970804176
2,0,2987,1789633726854048768,3812342970814715
2,0,2988,1789633726854060032,3812342970825158
2,0,2989,1789633726854070272,3812342970835667
2,0,2990,1789633726854080512,3812342970846113
2,0,2991,1789633726854090752,3812342970856594
2,0,2992,1789633726854102016,3812342970867072
2,0,2993,1789633726854112256,3812342970877592
2,0,2994,1789633726854122496,3812342970888082
2,0,2995,1789633726854132736,3812342970898573
2,0,2996,1789633726854144000,3812342970909034
2,0,2997,1789633726854154240,3812342970919507
2,0,2998,1789633726854164480,3812342970929993
2,0,2999,1789633726854174720,3812342970940672
2,0,3000,1789633726854185984,3812342970951172
2,0,3001,1789633726854196224,3812342970961692
2,0,3002,1789633726854206464,3812342970972141
2,0,3003,1789633726854216704,3812342970982650
2,0,3004,1789633726854227968,3812342970993113
2,0,3005,1789633726854238208,3812342971003581
2,0,3006,1789633726854248448,3812342971014068
2,0,3007,1789633726854258688,3812342971024621
2,0,3008,1789633726854269952,3812342971035132
2,0,3009,1789633726854280192,3812342971045592
2,0,3010,1789633726854290432,3812342971056055
2,0,3011,1789633726854300672,3812342971066546
2,0,3012,1789633726854311936,3812342971077230
2,0,3013,1789633726854322176,3812342971087738
2,0,3014,1789633726854332416,3812342971098205
2,0,3015,1789633726854343680,3812342971108712
2,0,3016,1789633726854353920,3812342971119192
2,0,3017,1789633726854364160,3812342971129656
2,0,3018,1789633726854374400,3812342971140088
2,0,3019,1789633726854385664,3812342971150628
2,0,3020,1789633726854395904,3812342971161177
2,0,3021,1789633726854406144,3812342971171681
2,0,3022,1789633726854416384,3812342971182171
2,0,3023,1789633726854427648,3812342971192676
2,0,3024,1789633726854437888,3812342971203162
2,0,3025,1789633726854448128,3812342971213772
2,0,3026,1789633726854458368,3812342971224259
2,0,3027,1789633726854469632,3812342971234740
2,0,3028,1789633726854479872,3812342971245228
2,0,3029,1789633726854490112,3812342971255748
2,0,3030,1789633726854500352,3812342971266221
2,0,3031,1789633726854511616,3812342971276701
2,0,3032,1789633726854521856,3812342971287202
2,0,3033,1789633726854532096,3812342971297732
2,0,3034,1789633726854542336,3812342971308253
2,0,3035,1789633726854553600,3812342971318748
2,0,3036,1789633726854563840,3812342971329231
2,0,3037,1789633726854574080,3812342971339732
2,0,3038,1789633726854584320,3812342971350413
2,0,3039,1789633726854595584,3812342971360919
2,0,3040,1789633726854605824,3812342971371402
2,0,3041,1789633726854616064,3812342971381906
2,0,3042,1789633726854627328,3812342971392429
2,0,3043,1789633726854637568,3812342971403109
2,0,3044,1789633726854647808,3812342971413610
2,0,3045,1789633726854659072,3812342971424123
2,0,3046,1789633726854669312,3812342971434586
2,0,3047,1789633726854679552,3812342971450137
2,0,3048,1789633726854689792,3812342971455672
2,0,3049,1789633726854701056,3812342971466168
2,0,3050,1789633726854711296,3812342971476660
2,0,3051,1789633726854721536,3812342971487130
2,0,3052,1789633726854731776,3812342971497624
2,0,3053,1789633726854743040,3812342971508060
2,0,3054,1789633726854753280,3812342971518580
2,0,3055,1789633726854763520,3812342971529108
2,0,3056,1789633726854773760,3812342971539634
2,0,3057,1789633726854785024,3812342971550165
2,0,3058,1789633726854795264,3812342971560602
2,0,3059,1789633726854805504,3812342971571094
2,0,3060,1789633726854815744,3812342971581575
2,0,3061,1789633726854827008,3812342971592073
2,0,3062,1789633726854837248,3812342971602575
2,0,3063,1789633726854847488,3812342971613063
2,0,3064,1789633726854857728,3812342971623563
2,0,3065,1789633726854868992,3812342971634060
2,0,3066,1789633726854879232,3812342971644527
2,0,3067,1789633726854889472,3812342971655013
2,0,3068,1789633726854899712,3812342971665542
2,0,3069,1789633726854910976,3812342971676109
2,0,3070,1789633726854921216,3812342971686655
2,0,3071,1789633726854931456,3812342971697147
2,0,3072,1789633726854941696,3812342971707635
2,0,3073,1789633726854952960,3812342971718100
2,0,3074,1789633726854963200,3812342971728551
2,0,3075,1789633726854973440,3812342971739027
2,0,3076,1789633726854983680,3812342971749560
2,0,3077,1789633726854994944,3812342971760083
2,0,3078,1789633726855005184,3812342971770600
2,0,3079,1789633726855015424,3812342971781062
2,0,3080,1789633726855025664,3812342971791519
2,0,3081,1789633726855036928,3812342971801990
2,0,3082,1789633726855047168,3812342971812683
2,0,3083,1789633726855057408,3812342971823211
2,0,3084,1789633726855068672,3812342971833723
2,0,3085,1789633726855078912,3812342971844194
2,0,3086,1789633726855089152,3812342971854671
2,0,3087,1789633726855099392,3812342971865171
2,0,3088,1789633726855110656,3812342971875614
2,0,3089,1789633726855120896,3812342971886119
2,0,3090,1789633726855131136,3812342971896643
2,0,3091,1789633726855141376,3812342971907140
2,0,3092,1789633726855152640,3812342971917665
2,0,3093,1789633726855162880,3812342971928190
2,0,3094,1789633726855173120,3812342971938702
2,0,3095,1789633726855183360,3812342971949310
2,0,3096,1789633726855194624,3812342971959803
2,0,3097,1789633726855204864,3812342971970271
2,0,3098,1789633726855215104,3812342971980759
2,0,3099,1789633726855225344,3812342971991259
2,0,3100,1789633726855236608,3812342972001935
2,0,3101,1789633726855246848,3812342972012444
2,0,3102,1789633726855257088,3812342972022880
2,0,3103,1789633726855268352,3812342972033328
2,0,3104,1789633726855278592,3812342972043849
2,0,3105,1789633726855288832,3812342972054319
2,0,3106,1789633726855299072,3812342972064800
2,0,3107,1789633726855310336,3812342972075302
2,0,3108,1789633726855320576,3812342972085890
2,0,3109,1789633726855330816,3812342972096380
2,0,3110,1789633726855341056,3812342972106850
2,0,3111,1789633726855352320,3812342972117339
2,0,3112,1789633726855362560,3812342972127849
2,0,3113,1789633726855372800,3812342972138460
2,0,3114,1789633726855383040,3812342972148962
2,0,3115,1789633726855394304,3812342972159506
2,0,3116,1789633726855404544,3812342972169928
2,0,3117,1789633726855414784,3812342972180455
2,0,3118,1789633726855425024,3812342972190951
2,0,3119,1789633726855436288,3812342972201458
2,0,3120,1789633726855446528,3812342972211974
2,0,3121,1789633726855456768,3812342972222453
2,0,3122,1789633726855467008,3812342972232944
2,0,3123,1789633726855478272,3812342972243460
2,0,3124,1789633726855488512,3812342972253919
2,0,3125,1789633726855498752,3812342972264432
2,0,3126,1789633726855508992,3812342972275015
2,0,3127,1789633726855520256,3812342972285522
2,0,3128,1789633726855530496,3812342972295995
2,0,3129,1789633726855540736,3812342972306450
2,0,3130,1789633726855550976,3812342972316936
2,0,3131,1789633726855562240,3812342972327438
2,0,3132,1789633726855572480,3812342972337953
2,0,3133,1789633726855582720,3812342972348437
2,0,3134,1789633726855593984,3812342972359011
2,0,3135,1789633726855604224,3812342972369504
2,0,3136,1789633726855614464,3812342972379942
2,0,3137,1789633726855624704,3812342972390390
2,0,3138,1789633726855634944,3812342972400868
2,0,3139,1789633726855646208,3812342972411342
2,0,3140,1789633726855656448,3812342972421782
2,0,3141,1789633726855666688,3812342972432293
2,0,3142,1789633726855676928,3812342972442879
2,0,3143,1789633726855688192,3812342972453368
2,0,3144,1789633726855698432,3812342972463831
2,0,3145,1789633726855708672,3812342972474267
2,0,3146,1789633726855718912,3812342972484797
2,0,3147,1789633726855730176,3812342972495493
2,0,3148,1789633726855740416,3812342972506002
2,0,3149,1789633726855750656,3812342972516500
2,0,3150,1789633726855761920,3812342972526959
2,0,3151,1789633726855772160,3812342972537444
2,0,3152,1789633726855782400,3812342972547919
2,0,3153,1789633726855792640,3812342972558409
2,0,3154,1789633726855803904,3812342972568910
2,0,3155,1789633726855814144,3812342972579442
2,0,3156,1789633726855824384,3812342972589915
2,0,3157,1789633726855834624,3812342972600402
2,0,3158,1789633726855845888,3812342972610873
2,0,3159,1789633726855856128,3812342972621385
2,0,3160,1789633726855866368,3812342972632022
2,0,3161,1789633726855876608,3812342972642506
2,0,3162,1789633726855887872,3812342972652994
2,0,3163,1789633726855898112,3812342972663479
2,0,3164,1789633726855908352,3812342972673980
2,0,3165,1789633726855918592,3812342972684452
2,0,3166,1789633726855929856,3812342972694902
2,0,3167,1789633726855940096,3812342972705528
2,0,3168,1789633726855950336,3812342972716000
2,0,3169,1789633726855960576,3812342972726514
2,0,3170,1789633726855971840,3812342972736972
2,0,3171,1789633726855982080,3812342972747492
2,0,3172,1789633726855992320,3812342972757932
2,0,3173,1789633726856002560,3812342972768397
2,0,3174,1789633726856013824,3812342972778948
2,0,3175,1789633726856024064,3812342972789435
2,0,3176,1789633726856034304,3812342972799877
2,0,3177,1789633726856044544,3812342972810393
2,0,3178,1789633726856055808,3812342972820872
2,0,3179,1789633726856066048,3812342972831337
2,0,3180,1789633726856076288,3812342972841772
2,0,3181,1789633726856086528,3812342972852296
2,0,3182,1789633726856097792,3812342972862802
2,0,3183,1789633726856108032,3812342972873316
2,0,3184,1789633726856118272,3812342972883791
2,0,3185,1789633726856128512,3812342972894275
2,0,3186,1789633726856139776,3812342972904763
2,0,3187,1789633726856150016,3812342972915268
2,0,3188,1789633726856160256,3812342972925805
2,0,3189,1789633726856170496,3812342972936352
2,0,3190,1789633726856181760,3812342972946893
2,0,3191,1789633726856192000,3812342972957362
2,0,3192,1789633726856202240,3812342972967842
2,0,3193,1789633726856212480,3812342972978343
2,0,3194,1789633726856223744,3812342972988788
2,0,3195,1789633726856233984,3812342972999271
2,0,3196,1789633726856244224,3812342973009800
2,0,3197,1789633726856254464,3812342973020317
2,0,3198,1789633726856265728,3812342973030800
2,0,3199,1789633726856275968,3812342973041288
2,0,3200,1789633726856286208,3812342973051762
2,0,3201,1789633726856296448,3812342973062273
2,0,3202,1789633726856307712,3812342973072947
2,0,3203,1789633726856317952,3812342973083471
2,0,3204,1789633726856328192,3812342973093962
2,0,3205,1789633726856339456,3812342973104431
2,0,3206,1789633726856349696,3812342973114890
2,0,3207,1789633726856359936,3812342973125367
2,0,3208,1789633726856370176,3812342973135813
2,0,3209,1789633726856380416,3812342973146349
2,0,3210,1789633726856391680,3812342973156893
2,0,3211,1789633726856401920,3812342973167433
2,0,3212,1789633726856412160,3812342973177883
2,0,3213,1789633726856422400,3812342973188313
2,0,3214,1789633726856433664,3812342973198820
2,0,3215,1789633726856443904,3812342973209268
2,0,3216,1789633726856454144,3812342973219780
2,0,3217,1789633726856464384,3812342973230266
2,0,3218,1789633726856475648,3812342973240772
2,0,3219,1789633726856485888,3812342973251266
2,0,3220,1789633726856496128,3812342973261722
2,0,3221,1789633726856506368,3812342973272222
2,0,3222,1789633726856517632,3812342973282732
2,0,3223,1789633726856527872,3812342973293359
2,0,3224,1789633726856538112,3812342973303811
2,0,3225,1789633726856548352,3812342973314330
2,0,3226,1789633726856559616,3812342973324766
2,0,3227,1789633726856569856,3812342973335249
2,0,3228,1789633726856580096,3812342973345722
2,0,3229,1789633726856590336,3812342973356198
2,0,3230,1789633726856601600,3812342973366730
2,0,3231,1789633726856611840,3812342973377332
2,0,3232,1789633726856622080,3812342973387813
2,0,3233,1789633726856632320,3812342973398237
2,0,3234,1789633726856643584,3812342973408715
2,0,3235,1789633726856653824,3812342973419231
2,0,3236,1789633726856664064,3812342973429682
2,0,3237,1789633726856674304,3812342973440168
2,0,3238,1789633726856685568,3812342973450643
2,0,3239,1789633726856695808,3812342973461217
2,0,3240,1789633726856706048,3812342973471696
2,0,3241,1789633726856716288,3812342973482173
2,0,3242,1789633726856727552,3812342973492651
2,0,3243,1789633726856737792,3812342973503208
2,0,3244,1789633726856748032,3812342973513802
2,0,3245,1789633726856759296,3812342973524299
2,0,3246,1789633726856769536,3812342973534791
2,0,3247,1789633726856779776,3812342973545300
2,0,3248,1789633726856790016,3812342973555763
2,0,3249,1789633726856801280,3812342973566260
2,0,3250,1789633726856811520,3812342973580055
2,0,3251,1789633726856821760,3812342973587280
2,0,3252,1789633726856832000,3812342973597787
2,0,3253,1789633726856843264,3812342973608303
2,0,3254,1789633726856853504,3812342973618732
2,0,3255,1789633726856863744,3812342973629208
2,0,3256,1789633726856873984,3812342973639723
2,0,3257,1789633726856885248,3812342973650372
2,0,3258,1789633726856895488,3812342973660852
2,0,3259,1789633726856905728,3812342973671362
2,0,3260,1789633726856915968,3812342973681893
2,0,3261,1789633726856927232,3812342973692329
2,0,3262,1789633726856937472,3812342973702810
2,0,3263,1789633726856947712,3812342973713326
2,0,3264,1789633726856957952,3812342973723751
2,0,3265,1789633726856969216,3812342973734340
2,0,3266,1789633726856979456,3812342973744817
2,0,3267,1789633726856989696,3812342973755293
2,0,3268,1789633726856999936,3812342973765717
2,0,3269,1789633726857011200,3812342973776240
2,0,3270,1789633726857021440,3812342973786743
2,0,3271,1789633726857031680,3812342973797257
2,0,3272,1789633726857041920,3812342973807757
2,0,3273,1789633726857053184,3812342973818229
2,0,3274,1789633726857063424,3812342973828733
2,0,3275,1789633726857073664,3812342973839219
2,0,3276,1789633726857083904,3812342973849703
2,0,3277,1789633726857095168,3812342973860212
2,0,3278,1789633726857105408,3812342973870806
2,0,3279,1789633726857115648,3812342973884909
2,0,3280,1789633726857125888,3812342973891771
2,0,3281,1789633726857137152,3812342973902255
2,0,3282,1789633726857147392,3812342973912771
2,0,3283,1789633726857157632,3812342973923223
2,0,3284,1789633726857167872,3812342973933706
2,0,3285,1789633726857179136,3812342973944188
2,0,3286,1789633726857189376,3812342973954771
2,0,3287,1789633726857199616,3812342973965255
2,0,3288,1789633726857209856,3812342973975732
2,0,3289,1789633726857221120,3812342973986213
2,0,3290,1789633726857231360,3812342973996722
2,0,3291,1789633726857241600,3812342974007183
2,0,3292,1789633726857251840,3812342974017623
2,0,3293,1789633726857263104,3812342974028123
2,0,3294,1789633726857273344,3812342974038669
2,0,3295,1789633726857283584,3812342974049159
2,0,3296,1789633726857293824,3812342974059646
2,0,3297,1789633726857305088,3812342974070136
2,0,3298,1789633726857315328,3812342974080642
2,0,3299,1789633726857325568,3812342974091235
2,0,3300,1789633726857335808,3812342974101768
2,0,3301,1789633726857347072,3812342974112230
2,0,3302,1789633726857357312,3812342974122735
2,0,3303,1789633726857367552,3812342974133216
2,0,3304,1789633726857377792,3812342974143746
2,0,3305,1789633726857389056,3812342974154259
2,0,3306,1789633726857399296,3812342974164806
2,0,3307,1789633726857409536,3812342974175298
2,0,3308,1789633726857420800,3812342974185816
2,0,3309,1789633726857431040,3812342974196280
2,0,3310,1789633726857441280,3812342974206798
2,0,3311,1789633726857451520,3812342974217286
2,0,3312,1789633726857462784,3812342974227893
2,0,3313,1789633726857473024,3812342974238412
2,0,3314,1789633726857483264,3812342974248940
2,0,3315,1789633726857493504,3812342974259406
2,0,3316,1789633726857504768,3812342974269872
2,0,3317,1789633726857515008,3812342974280480
2,0,3318,1789633726857525248,3812342974290998
2,0,3319,1789633726857535488,3812342974301516
2,0,3320,1789633726857546752,3812342974311983
2,0,3321,1789633726857556992,3812342974322482
2,0,3322,1789633726857567232,3812342974332922
2,0,3323,1789633726857577472,3812342974343463
2,0,3324,1789633726857588736,3812342974353972
2,0,3325,1789633726857598976,3812342974364469
2,0,3326,1789633726857609216,3812342974374993
2,0,3327,1789633726857619456,3812342974385499
2,0,3328,1789633726857630720,3812342974395976
2,0,3329,1789633726857640960,3812342974406442
2,0,3330,1789633726857651200,3812342974417032
2,0,3331,1789633726857662464,3812342974427545
2,0,3332,1789633726857672704,3812342974438000
2,0,3333,1789633726857682944,3812342974448533
2,0,3334,1789633726857693184,3812342974459008
2,0,3335,1789633726857704448,3812342974469496
2,0,3336,1789633726857714688,3812342974479936
2,0,3337,1789633726857724928,3812342974490430
2,0,3338,1789633726857735168,3812342974501006
2,0,3339,1789633726857746432,3812342974511532
2,0,3340,1789633726857756672,3812342974522012
2,0,3341,1789633726857766912,3812342974532480
2,0,3342,1789633726857777152,3812342974542946
2,0,3343,1789633726857788416,3812342974553591
2,0,3344,1789633726857798656,3812342974564091
2,0,3345,1789633726857808896,3812342974574575
2,0,3346,1789633726857819136,3812342974585055
2,0,3347,1789633726857830400,3812342974595573
2,0,3348,1789633726857840640,3812342974606040
2,0,3349,1789633726857850880,3812342974616543
2,0,3350,1789633726857861120,3812342974627013
2,0,3351,1789633726857872384,3812342974637546
2,0,3352,1789633726857882624,3812342974648086
2,0,3353,1789633726857892864,3812342974658558
2,0,3354,1789633726857903104,3812342974669043
2,0,3355,1789633726857914368,3812342974679529
2,0,3356,1789633726857924608,3812342974690162
2,0,3357,1789633726857934848,3812342974700586
2,0,3358,1789633726857945088,3812342974711076
2,0,3359,1789633726857956352,3812342974721529
2,0,3360,1789633726857966592,3812342974732026
2,0,3361,1789633726857976832,3812342974742562
2,0,3362,1789633726857987072,3812342974753032
2,0,3363,1789633726857998336,3812342974763555
2,0,3364,1789633726858008576,3812342974774111
2,0,3365,1789633726858018816,3812342974784626
2,0,3366,1789633726858030080,3812342974795110
2,0,3367,1789633726858040320,3812342974805596
2,0,3368,1789633726858050560,3812342974816100
2,0,3369,1789633726858060800,3812342974826716
2,0,3370,1789633726858072064,3812342974837200
2,0,3371,1789633726858082304,3812342974847689
2,0,3372,1789633726858092544,3812342974858130
2,0,3373,1789633726858102784,3812342974868631
2,0,3374,1789633726858114048,3812342974879131
2,0,3375,1789633726858124288,3812342974889656
2,0,3376,1789633726858134528,3812342974900133
2,0,3377,1789633726858144768,3812342974910688
2,0,3378,1789633726858156032,3812342974921196
2,0,3379,1789633726858166272,3812342974931640
2,0,3380,1789633726858176512,3812342974942146
2,0,3381,1789633726858186752,3812342974952632
2,0,3382,1789633726858198016,3812342974963259
2,0,3383,1789633726858208256,3812342974973762
2,0,3384,1789633726858218496,3812342974984248
2,0,3385,1789633726858228736,3812342974994693
2,0,3386,1789633726858240000,3812342975005192
2,0,3387,1789633726858250240,3812342975015691
2,0,3388,1789633726858260480,3812342975026162
2,0,3389,1789633726858270720,3812342975036696
2,0,3390,1789633726858281984,3812342975047240
2,0,3391,1789633726858292224,3812342975057711
2,0,3392,1789633726858302464,3812342975068186
2,0,3393,1789633726858312704,3812342975078659
2,0,3394,1789633726858323968,3812342975089176
2,0,3395,1789633726858334208,3812342975099840
2,0,3396,1789633726858344448,3812342975110370
2,0,3397,1789633726858355712,3812342975120871
2,0,3398,1789633726858365952,3812342975131343
2,0,3399,1789633726858376192,3812342975141796
2,0,3400,1789633726858386432,3812342975152280
2,0,3401,1789633726858397696,3812342975162791
2,0,3402,1789633726858407936,3812342975173282
2,0,3403,1789633726858418176,3812342975183823
2,0,3404,1789633726858428416,3812342975194291
2,0,3405,1789633726858439680,3812342975204756
2,0,3406,1789633726858449920,3812342975215213
2,0,3407,1789633726858460160,3812342975225759
2,0,3408,1789633726858470400,3812342975236376
2,0,3409,1789633726858481664,3812342975246853
2,0,3410,1789633726858491904,3812342975257355
2,0,3411,1789633726858502144,3812342975267783
2,0,3412,1789633726858512384,3812342975278281
2,0,3413,1789633726858523648,3812342975288740
2,0,3414,1789633726858533888,3812342975299223
2,0,3415,1789633726858544128,3812342975309755
2,0,3416,1789633726858554368,3812342975320389
2,0,3417,1789633726858565632,3812342975330920
2,0,3418,1789633726858575872,3812342975341400
2,0,3419,1789633726858586112,3812342975351893
2,0,3420,1789633726858596352,3812342975362399
2,0,3421,1789633726858607616,3812342975373013
2,0,3422,1789633726858617856,3812342975383532
2,0,3423,1789633726858628096,3812342975394000
2,0,3424,1789633726858639360,3812342975404500
2,0,3425,1789633726858649600,3812342975415049
2,0,3426,1789633726858659840,3812342975425706
2,0,3427,1789633726858671104,3812342975436216
2,0,3428,1789633726858681344,3812342975446662
2,0,3429,1789633726858691584,3812342975457129
2,0,3430,1789633726858701824,3812342975467656
2,0,3431,1789633726858713088,3812342975478282
2,0,3432,1789633726858723328,3812342975488742
2,0,3433,1789633726858733568,3812342975499263
2,0,3434,1789633726858743808,3812342975509731
2,0,3435,1789633726858755072,3812342975520209
2,0,3436,1789633726858765312,3812342975530719
2,0,3437,1789633726858775552,3812342975541212
2,0,3438,1789633726858785792,3812342975551729
2,0,3439,1789633726858797056,3812342975562251
2,0,3440,1789633726858807296,3812342975572746
2,0,3441,1789633726858817536,3812342975583246
2,0,3442,1789633726858827776,3812342975593682
2,0,3443,1789633726858839040,3812342975604205
2,0,3444,1789633726858849280,3812342975614860
2,0,3445,1789633726858859520,3812342975625352
2,0,3446,1789633726858870784,3812342975635809
2,0,3447,1789633726858881024,3812342975646306
2,0,3448,1789633726858891264,3812342975656802
2,0,3449,1789633726858901504,3812342975667276
2,0,3450,1789633726858912768,3812342975677812
2,0,3451,1789633726858923008,3812342975688319
2,0,3452,1789633726858933248,3812342975698811
2,0,3453,1789633726858943488,3812342975709333
2,0,3454,1789633726858954752,3812342975719866
2,0,3455,1789633726858964992,3812342975730302
2,0,3456,1789633726858975232,3812342975740795
2,0,3457,1789633726858985472,3812342975751398
2,0,3458,1789633726858996736,3812342975761943
2,0,3459,1789633726859006976,3812342975772455
2,0,3460,1789633726859017216,3812342975782973
2,0,3461,1789633726859027456,3812342975793480
2,0,3462,1789633726859038720,3812342975804075
2,0,3463,1789633726859048960,3812342975814576
2,0,3464,1789633726859059200,3812342975825073
2,0,3465,1789633726859070464,3812342975835546
2,0,3466,1789633726859080704,3812342975846062
2,0,3467,1789633726859090944,3812342975856579
2,0,3468,1789633726859101184,3812342975867073
2,0,3469,1789633726859112448,3812342975877560
2,0,3470,1789633726859122688,3812342975888036
2,0,3471,1789633726859132928,3812342975898582
2,0,3472,1789633726859143168,3812342975909092
2,0,3473,1789633726859154432,3812342975919602
2,0,3474,1789633726859164672,3812342975930093
2,0,3475,1789633726859174912,3812342975940726
2,0,3476,1789633726859186176,3812342975951196
2,0,3477,1789633726859196416,3812342975961706
2,0,3478,1789633726859206656,3812342975972176
2,0,3479,1789633726859216896,3812342975982686
2,0,3480,1789633726859228160,3812342975993329
2,0,3481,1789633726859238400,3812342976003852
2,0,3482,1789633726859248640,3812342976014366
2,0,3483,1789633726859258880,3812342976024836
2,0,3484,1789633726859270144,3812342976035326
2,0,3485,1789633726859280384,3812342976046005
2,0,3486,1789633726859290624,3812342976056506
2,0,3487,1789633726859301888,3812342976067022
2,0,3488,1789633726859312128,3812342976077482
2,0,3489,1789633726859322368,3812342976087979
2,0,3490,1789633726859332608,3812342976098446
2,0,3491,1789633726859343872,3812342976108908
2,0,3492,1789633726859354112,3812342976119422
2,0,3493,1789633726859364352,3812342976129946
2,0,3494,1789633726859374592,3812342976140426
2,0,3495,1789633726859385856,3812342976150909
2,0,3496,1789633726859396096,3812342976161415
2,0,3497,1789633726859406336,3812342976171886
2,0,3498,1789633726859416576,3812342976182569
2,0,3499,1789633726859427840,3812342976193082
2,0,3500,1789633726859438080,3812342976203582
2,0,3501,1789633726859448320,3812342976214075
2,0,3502,1789633726859458560,3812342976224566
2,0,3503,1789633726859469824,3812342976235200
2,0,3504,1789633726859480064,3812342976245682
2,0,3505,1789633726859490304,3812342976256196
2,0,3506,1789633726859501568,3812342976266652
2,0,3507,1789633726859511808,3812342976277139
2,0,3508,1789633726859522048,3812342976287635
2,0,3509,1789633726859532288,3812342976298112
2,0,3510,1789633726859543552,3812342976308653
2,0,3511,1789633726859553792,3812342976319705
2,0,3512,1789633726859564032,3812342976329668
2,0,3513,1789633726859574272,3812342976340138
2,0,3514,1789633726859585536,3812342976350596
2,0,3515,1789633726859595776,3812342976361106
2,0,3516,1789633726859606016,3812342976371589
2,0,3517,1789633726859616256,3812342976382083
2,0,3518,1789633726859627520,3812342976392569
2,0,3519,1789633726859637760,3812342976403066
2,0,3520,1789633726859648000,3812342976413562
2,0,3521,1789633726859658240,3812342976424058
2,0,3522,1789633726859669504,3812342976434542
2,0,3523,1789633726859679744,3812342976444959
2,0,3524,1789633726859689984,3812342976455663
2,0,3525,1789633726859700224,3812342976466202
2,0,3526,1789633726859711488,3812342976476696
2,0,3527,1789633726859721728,3812342976487202
2,0,3528,1789633726859731968,3812342976497696
2,0,3529,1789633726859742208,3812342976508318
2,0,3530,1789633726859753472,3812342976518819
2,0,3531,1789633726859763712,3812342976529292
2,0,3532,1789633726859773952,3812342976539753
2,0,3533,1789633726859785216,3812342976550242
2,0,3534,1789633726859795456,3812342976560742
2,0,3535,1789633726859805696,3812342976571212
2,0,3536,1789633726859815936,3812342976581738
2,0,3537,1789633726859827200,3812342976592319
2,0,3538,1789633726859837440,3812342976602796
2,0,3539,1789633726859847680,3812342976613269
2,0,3540,1789633726859857920,3812342976623735
2,0,3541,1789633726859868160,3812342976634209
2,0,3542,1789633726859879424,3812342976644900
2,0,3543,1789633726859889664,3812342976655535
2,0,3544,1789633726859900928,3812342976666006
2,0,3545,1789633726859911168,3812342976676509
2,0,3546,1789633726859921408,3812342976687012
2,0,3547,1789633726859931648,3812342976697548
2,0,3548,1789633726859942912,3812342976708029
2,0,3549,1789633726859953152,3812342976718535
2,0,3550,1789633726859963392,3812342976729019
2,0,3551,1789633726859973632,3812342976739483
2,0,3552,1789633726859984896,3812342976749972
2,0,3553,1789633726859995136,3812342976760451
2,0,3554,1789633726860005376,3812342976770940
2,0,3555,1789633726860015616,3812342976781536
2,0,3556,1789633726860026880,3812342976792033
2,0,3557,1789633726860037120,3812342976802511
2,0,3558,1789633726860047360,3812342976812999
2,0,3559,1789633726860057600,3812342976823512
2,0,3560,1789633726860068864,3812342976834107
2,0,3561,1789633726860079104,3812342976844592
2,0,3562,1789633726860089344,3812342976855091
2,0,3563,1789633726860099584,3812342976865549
2,0,3564,1789633726860110848,3812342976876069
2,0,3565,1789633726860121088,3812342976886539
2,0,3566,1789633726860131328,3812342976897033
2,0,3567,1789633726860141568,3812342976907541
2,0,3568,1789633726860152832,3812342976918079
2,0,3569,1789633726860163072,3812342976928573
2,0,3570,1789633726860173312,3812342976939036
2,0,3571,1789633726860183552,3812342976949546
2,0,3572,1789633726860194816,3812342976960056
2,0,3573,1789633726860205056,3812342976970673
2,0,3574,1789633726860215296,3812342976981171
2,0,3575,1789633726860226560,3812342976991649
2,0,3576,1789633726860236800,3812342977002109
2,0,3577,1789633726860247040,3812342977012562
2,0,3578,1789633726860257280,3812342977023049
2,0,3579,1789633726860267520,3812342977033496
2,0,3580,1789633726860278784,3812342977044048
2,0,3581,1789633726860289024,3812342977054640
2,0,3582,1789633726860299264,3812342977065131
2,0,3583,1789633726860310528,3812342977075606
2,0,3584,1789633726860320768,3812342977086072
2,0,3585,1789633726860331008,3812342977096559
2,0,3586,1789633726860341248,3812342977107069
2,0,3587,1789633726860352512,3812342977117542
2,0,3588,1789633726860362752,3812342977128112
2,0,3589,1789633726860372992,3812342977138593
2,0,3590,1789633726860383232,3812342977149072
2,0,3591,1789633726860394496,3812342977159546
2,0,3592,1789633726860404736,3812342977170020
2,0,3593,1789633726860414976,3812342977180546
2,0,3594,1789633726860425216,3812342977191113
2,0,3595,1789633726860436480,3812342977201582
2,0,3596,1789633726860446720,3812342977212036
2,0,3597,1789633726860456960,3812342977222482
2,0,3598,1789633726860467200,3812342977233029
2,0,3599,1789633726860478464,3812342977243548
2,0,3600,1789633726860488704,3812342977254052
2,0,3601,1789633726860498944,3812342977264562
2,0,3602,1789633726860509184,3812342977275096
2,0,3603,1789633726860520448,3812342977285552
2,0,3604,1789633726860530688,3812342977296053
2,0,3605,1789633726860540928,3812342977306511
2,0,3606,1789633726860551168,3812342977317029
2,0,3607,1789633726860562432,3812342977327691
2,0,3608,1789633726860572672,3812342977338213
2,0,3609,1789633726860582912,3812342977348671
2,0,3610,1789633726860593152,3812342977359162
2,0,3611,1789633726860604416,3812342977369660
2,0,3612,1789633726860614656,3812342977380131
2,0,3613,1789633726860624896,3812342977390596
2,0,3614,1789633726860635136,3812342977401102
2,0,3615,1789633726860646400,3812342977411642
2,0,3616,1789633726860656640,3812342977422132
2,0,3617,1789633726860666880,3812342977432606
2,0,3618,1789633726860677120,3812342977443071
2,0,3619,1789633726860688384,3812342977453572
2,0,3620,1789633726860698624,3812342977464242
2,0,3621,1789633726860708864,3812342977474702
2,0,3622,1789633726860720128,3812342977485216
2,0,3623,1789633726860730368,3812342977495699
2,0,3624,1789633726860740608,3812342977506193
2,0,3625,1789633726860750848,3812342977516676
2,0,3626,1789633726860761088,3812342977527112
2,0,3627,1789633726860772352,3812342977537629
2,0,3628,1789633726860782592,3812342977548202
2,0,3629,1789633726860792832,3812342977558709
2,0,3630,1789633726860804096,3812342977569172
2,0,3631,1789633726860814336,3812342977579652
2,0,3632,1789633726860824576,3812342977590133
2,0,3633,1789633726860834816,3812342977600619
2,0,3634,1789633726860845056,3812342977611122
2,0,3635,1789633726860856320,3812342977621602
2,0,3636,1789633726860866560,3812342977632106
2,0,3637,1789633726860876800,3812342977642602
2,0,3638,1789633726860887040,3812342977653063
2,0,3639,1789633726860898304,3812342977663551
2,0,3640,1789633726860908544,3812342977673996
2,0,3641,1789633726860918784,3812342977684692
2,0,3642,1789633726860930048,3812342977695223
2,0,3643,1789633726860940288,3812342977705722
2,0,3644,1789633726860950528,3812342977716188
2,0,3645,1789633726860960768,3812342977726680
2,0,3646,1789633726860972032,3812342977737172
2,0,3647,1789633726860982272,3812342977747639
2,0,3648,1789633726860992512,3812342977758171
2,0,3649,1789633726861002752,3812342977768656
2,0,3650,1789633726861014016,3812342977779203
2,0,3651,1789633726861024256,3812342977789691
2,0,3652,1789633726861034496,3812342977800175
2,0,3653,1789633726861044736,3812342977810666
2,0,3654,1789633726861056000,3812342977821242
2,0,3655,1789633726861066240,3812342977831776
2,0,3656,1789633726861076480,3812342977842279
2,0,3657,1789633726861086720,3812342977852771
2,0,3658,1789633726861097984,3812342977863240
2,0,3659,1789633726861108224,3812342977873931
2,0,3660,1789633726861118464,3812342977884440
2,0,3661,1789633726861129728,3812342977894896
2,0,3662,1789633726861139968,3812342977905372
2,0,3663,1789633726861150208,3812342977915860
2,0,3664,1789633726861160448,3812342977926336
2,0,3665,1789633726861171712,3812342977936787
2,0,3666,1789633726861181952,3812342977947309
2,0,3667,1789633726861192192,3812342977957880
2,0,3668,1789633726861202432,3812342977968356
2,0,3669,1789633726861213696,3812342977978836
2,0,3670,1789633726861223936,3812342977989328
2,0,3671,1789633726861234176,3812342977999822
2,0,3672,1789633726861244416,3812342978010488
2,0,3673,1789633726861255680,3812342978021002
2,0,3674,1789633726861265920,3812342978031522
2,0,3675,1789633726861276160,3812342978041956
2,0,3676,1789633726861286400,3812342978052460
2,0,3677,1789633726861297664,3812342978063175
2,0,3678,1789633726861307904,3812342978073682
2,0,3679,1789633726861318144,3812342978084180
2,0,3680,1789633726861329408,3812342978094671
2,0,3681,1789633726861339648,3812342978105162
2,0,3682,1789633726861349888,3812342978115632
2,0,3683,1789633726861360128,3812342978126135
2,0,3684,1789633726861371392,3812342978136599
2,0,3685,1789633726861381632,3812342978147127
2,0,3686,1789633726861391872,3812342978157589
2,0,3687,1789633726861402112,3812342978168066
2,0,3688,1789633726861413376,3812342978178520
2,0,3689,1789633726861423616,3812342978189028
2,0,3690,1789633726861433856,3812342978199706
2,0,3691,1789633726861445120,3812342978210255
2,0,3692,1789633726861455360,3812342978220755
2,0,3693,1789633726861465600,3812342978231202
2,0,3694,1789633726861475840,3812342978241679
2,0,3695,1789633726861486080,3812342978252122
2,0,3696,1789633726861497344,3812342978262582
2,0,3697,1789633726861507584,3812342978273119
2,0,3698,1789633726861517824,3812342978283672
2,0,3699,1789633726861529088,3812342978294160
2,0,3700,1789633726861539328,3812342978304620
2,0,3701,1789633726861549568,3812342978315088
2,0,3702,1789633726861559808,3812342978325511
2,0,3703,1789633726861570048,3812342978335999
2,0,3704,1789633726861581312,3812342978346483
2,0,3705,1789633726861591552,3812342978356999
2,0,3706,1789633726861601792,3812342978367551
2,0,3707,1789633726861612032,3812342978378013
2,0,3708,1789633726861623296,3812342978388508
2,0,3709,1789633726861633536,3812342978399032
2,0,3710,1789633726861643776,3812342978409502
2,0,3711,1789633726861654016,3812342978420152
2,0,3712,1789633726861665280,3812342978430607
2,0,3713,1789633726861675520,3812342978441115
2,0,3714,1789633726861685760,3812342978451571
2,0,3715,1789633726861696000,3812342978462092
2,0,3716,1789633726861707264,3812342978472562
2,0,3717,1789633726861717504,3812342978483059
2,0,3718,1789633726861727744,3812342978493586
2,0,3719,1789633726861737984,3812342978504122
2,0,3720,1789633726861749248,3812342978514622
2,0,3721,1789633726861759488,3812342978525102
2,0,3722,1789633726861769728,3812342978535582
2,0,3723,1789633726861780992,3812342978546079
2,0,3724,1789633726861791232,3812342978556718
2,0,3725,1789633726861801472,3812342978567239
2,0,3726,1789633726861811712,3812342978577749
2,0,3727,1789633726861822976,3812342978588272
2,0,3728,1789633726861833216,3812342978598762
2,0,3729,1789633726861843456,3812342978609386
2,0,3730,1789633726861854720,3812342978619859
2,0,3731,1789633726861864960,3812342978630333
2,0,3732,1789633726861875200,3812342978640839
2,0,3733,1789633726861885440,3812342978651352
2,0,3734,1789633726861896704,3812342978661893
2,0,3735,1789633726861906944,3812342978672315
2,0,3736,1789633726861917184,3812342978682798
2,0,3737,1789633726861927424,3812342978693360
2,0,3738,1789633726861938688,3812342978703880
2,0,3739,1789633726861948928,3812342978714402
2,0,3740,1789633726861959168,3812342978724896
2,0,3741,1789633726861969408,3812342978735410
2,0,3742,1789633726861980672,3812342978745935
2,0,3743,1789633726861990912,3812342978756459
2,0,3744,1789633726862001152,3812342978766949
2,0,3745,1789633726862011392,3812342978777400
2,0,3746,1789633726862022656,3812342978787883
2,0,3747,1789633726862032896,3812342978798349
2,0,3748,1789633726862043136,3812342978808851
2,0,3749,1789633726862053376,3812342978819309
2,0,3750,1789633726862064640,3812342978829909
2,0,3751,1789633726862074880,3812342978840380
2,0,3752,1789633726862085120,3812342978850883
2,0,3753,1789633726862095360,3812342978861315
2,0,3754,1789633726862106624,3812342978871799
2,0,3755,1789633726862116864,3812342978882502
2,0,3756,1789633726862127104,3812342978892982
2,0,3757,1789633726862138368,3812342978903468
2,0,3758,1789633726862148608,3812342978913942
2,0,3759,1789633726862158848,3812342978924462
2,0,3760,1789633726862169088,3812342978934945
2,0,3761,1789633726862180352,3812342978945495
2,0,3762,1789633726862190592,3812342978955999
2,0,3763,1789633726862200832,3812342978966460
2,0,3764,1789633726862211072,3812342978976949
2,0,3765,1789633726862222336,3812342978987420
2,0,3766,1789633726862232576,3812342978997911
2,0,3767,1789633726862242816,3812342979008439
2,0,3768,1789633726862253056,3812342979019065
2,0,3769,1789633726862264320,3812342979029592
2,0,3770,1789633726862274560,3812342979040092
2,0,3771,1789633726862284800,3812342979050572
2,0,3772,1789633726862295040,3812342979061091
2,0,3773,1789633726862306304,3812342979071752
2,0,3774,1789633726862316544,3812342979082259
2,0,3775,1789633726862326784,3812342979092755
2,0,3776,1789633726862338048,3812342979103262
2,0,3777,1789633726862348288,3812342979113774
2,0,3778,1789633726862358528,3812342979124389
2,0,3779,1789633726862368768,3812342979134859
2,0,3780,1789633726862380032,3812342979145322
2,0,3781,1789633726862390272,3812342979155780
2,0,3782,1789633726862400512,3812342979166311
2,0,3783,1789633726862410752,3812342979176820
2,0,3784,1789633726862422016,3812342979187258
2,0,3785,1789633726862432256,3812342979197720
2,0,3786,1789633726862442496,3812342979208368
2,0,3787,1789633726862453760,3812342979218875
2,0,3788,1789633726862464000,3812342979229336
2,0,3789,1789633726862474240,3812342979239775
2,0,3790,1789633726862484480,3812342979250296
2,0,3791,1789633726862494720,3812342979260783
2,0,3792,1789633726862505984,3812342979271192
2,0,3793,1789633726862516224,3812342979281689
2,0,3794,1789633726862526464,3812342979292255
2,0,3795,1789633726862536704,3812342979302782
2,0,3796,1789633726862547968,3812342979313232
2,0,3797,1789633726862558208,3812342979323725
2,0,3798,1789633726862568448,3812342979334238
2,0,3799,1789633726862578688,3812342979344852
2,0,3800,1789633726862589952,3812342979355311
2,0,3801,1789633726862600192,3812342979365815
2,0,3802,1789633726862610432,3812342979376322
2,0,3803,1789633726862621696,3812342979386828
2,0,3804,1789633726862631936,3812342979397536
2,0,3805,1789633726862642176,3812342979407978
2,0,3806,1789633726862652416,3812342979418491
2,0,3807,1789633726862663680,3812342979429013
2,0,3808,1789633726862673920,3812342979439508
2,0,3809,1789633726862684160,3812342979450012
2,0,3810,1789633726862694400,3812342979460473
2,0,3811,1789633726862705664,3812342979471002
2,0,3812,1789633726862715904,3812342979481486
2,0,3813,1789633726862726144,3812342979491965
2,0,3814,1789633726862736384,3812342979502442
2,0,3815,1789633726862747648,3812342979512919
2,0,3816,1789633726862757888,3812342979523456
2,0,3817,1789633726862768128,3812342979534071
2,0,3818,1789633726862779392,3812342979544558
2,0,3819,1789633726862789632,3812342979555048
2,0,3820,1789633726862799872,3812342979565535
2,0,3821,1789633726862810112,3812342979576028
2,0,3822,1789633726862821376,3812342979586491
2,0,3823,1789633726862831616,3812342979596985
2,0,3824,1789633726862841856,3812342979607479
2,0,3825,1789633726862852096,3812342979618035
2,0,3826,1789633726862863360,3812342979628525
2,0,3827,1789633726862873600,3812342979638940
2,0,3828,1789633726862883840,3812342979649378
2,0,3829,1789633726862894080,3812342979659872
2,0,3830,1789633726862904320,3812342979670368
2,0,3831,1789633726862915584,3812342979680811
2,0,3832,1789633726862925824,3812342979691332
2,0,3833,1789633726862936064,3812342979701936
2,0,3834,1789633726862946304,3812342979712422
2,0,3835,1789633726862957568,3812342979722892
2,0,3836,1789633726862967808,3812342979733452
2,0,3837,1789633726862978048,3812342979743948
2,0,3838,1789633726862989312,3812342979754518
2,0,3839,1789633726862999552,3812342979765045
2,0,3840,1789633726863009792,3812342979775562
2,0,3841,1789633726863020032,3812342979786012
2,0,3842,1789633726863031296,3812342979796473
2,0,3843,1789633726863041536,3812342979806925
2,0,3844,1789633726863051776,3812342979817426
2,0,3845,1789633726863062016,3812342979827878
2,0,3846,1789633726863073280,3812342979838495
2,0,3847,1789633726863083520,3812342979848965
2,0,3848,1789633726863093760,3812342979859436
2,0,3849,1789633726863104000,3812342979869916
2,0,3850,1789633726863115264,3812342979880431
2,0,3851,1789633726863125504,3812342979891068
2,0,3852,1789633726863135744,3812342979901618
2,0,3853,1789633726863147008,3812342979912122
2,0,3854,1789633726863157248,3812342979922589
2,0,3855,1789633726863167488,3812342979933079
2,0,3856,1789633726863177728,3812342979943572
2,0,3857,1789633726863187968,3812342979954066
2,0,3858,1789633726863199232,3812342979964571
2,0,3859,1789633726863209472,3812342979975055
2,0,3860,1789633726863219712,3812342979985582
2,0,3861,1789633726863229952,3812342979996028
2,0,3862,1789633726863241216,3812342980006493
2,0,3863,1789633726863251456,3812342980016976
2,0,3864,1789633726863261696,3812342980027639
2,0,3865,1789633726863272960,3812342980038182
2,0,3866,1789633726863283200,3812342980048668
2,0,3867,1789633726863293440,3812342980059170
2,0,3868,1789633726863303680,3812342980069655
2,0,3869,1789633726863314944,3812342980080140
2,0,3870,1789633726863325184,3812342980090568
2,0,3871,1789633726863335424,3812342980101020
2,0,3872,1789633726863345664,3812342980111589
2,0,3873,1789633726863356928,3812342980122120
2,0,3874,1789633726863367168,3812342980132582
2,0,3875,1789633726863377408,3812342980143028
2,0,3876,1789633726863387648,3812342980153505
2,0,3877,1789633726863398912,3812342980164022
2,0,3878,1789633726863409152,3812342980174482
2,0,3879,1789633726863419392,3812342980184995
2,0,3880,1789633726863429632,3812342980195488
2,0,3881,1789633726863440896,3812342980206013
2,0,3882,1789633726863451136,3812342980216482
2,0,3883,1789633726863461376,3812342980226922
2,0,3884,1789633726863471616,3812342980237371
2,0,3885,1789633726863481856,3812342980247913
2,0,3886,1789633726863493120,3812342980258400
2,0,3887,1789633726863503360,3812342980268862
2,0,3888,1789633726863513600,3812342980279378
2,0,3889,1789633726863523840,3812342980289882
2,0,3890,1789633726863535104,3812342980300332
2,0,3891,1789633726863545344,3812342980310756
2,0,3892,1789633726863555584,3812342980321271
2,0,3893,1789633726863565824,3812342980331982
2,0,3894,1789633726863577088,3812342980342499
2,0,3895,1789633726863587328,3812342980353002
2,0,3896,1789633726863597568,3812342980363462
2,0,3897,1789633726863608832,3812342980373955
2,0,3898,1789633726863619072,3812342980384420
2,0,3899,1789633726863629312,3812342980394898
2,0,3900,1789633726863639552,3812342980405522
2,0,3901,1789633726863650816,3812342980416003
2,0,3902,1789633726863661056,3812342980426518
2,0,3903,1789633726863671296,3812342980436985
2,0,3904,1789633726863681536,3812342980447451
2,0,3905,1789633726863692800,3812342980457962
2,0,3906,1789633726863703040,3812342980468629
2,0,3907,1789633726863713280,3812342980479133
2,0,3908,1789633726863723520,3812342980489655
2,0,3909,1789633726863734784,3812342980500135
2,0,3910,1789633726863745024,3812342980510552
2,0,3911,1789633726863755264,3812342980521200
2,0,3912,1789633726863766528,3812342980531739
2,0,3913,1789633726863776768,3812342980542225
2,0,3914,1789633726863787008,3812342980552752
2,0,3915,1789633726863797248,3812342980563231
2,0,3916,1789633726863808512,3812342980573871
2,0,3917,1789633726863818752,3812342980584346
2,0,3918,1789633726863828992,3812342980594911
2,0,3919,1789633726863839232,3812342980605339
2,0,3920,1789633726863850496,3812342980615881
2,0,3921,1789633726863860736,3812342980626551
2,0,3922,1789633726863870976,3812342980637071
2,0,3923,1789633726863882240,3812342980647582
2,0,3924,1789633726863892480,3812342980658043
2,0,3925,1789633726863902720,3812342980668549
2,0,3926,1789633726863912960,3812342980679229
2,0,3927,1789633726863924224,3812342980689758
2,0,3928,1789633726863934464,3812342980700265
2,0,3929,1789633726863944704,3812342980710738
2,0,3930,1789633726863955968,3812342980721239
2,0,3931,1789633726863966208,3812342980731891
2,0,3932,1789633726863976448,3812342980742439
2,0,3933,1789633726863987712,3812342980752936
2,0,3934,1789633726863997952,3812342980763452
2,0,3935,1789633726864008192,3812342980773936
2,0,3936,1789633726864018432,3812342980784559
2,0,3937,1789633726864029696,3812342980795095
2,0,3938,1789633726864039936,3812342980805598
2,0,3939,1789633726864050176,3812342980816100
2,0,3940,1789633726864061440,3812342980826625
2,0,3941,1789633726864071680,3812342980837223
2,0,3942,1789633726864081920,3812342980847679
2,0,3943,1789633726864092160,3812342980858341
2,0,3944,1789633726864103424,3812342980868778
2,0,3945,1789633726864113664,3812342980879246
2,0,3946,1789633726864123904,3812342980889905
2,0,3947,1789633726864135168,3812342980900392
2,0,3948,1789633726864145408,3812342980910902
2,0,3949,1789633726864155648,3812342980921380
2,0,3950,1789633726864165888,3812342980931893
2,0,3951,1789633726864177152,3812342980942368
2,0,3952,1789633726864187392,3812342980952818
2,0,3953,1789633726864197632,3812342980963341
2,0,3954,1789633726864207872,3812342980973856
2,0,3955,1789633726864219136,3812342980984368
2,0,3956,1789633726864229376,3812342980994840
2,0,3957,1789633726864239616,3812342981005305
2,0,3958,1789633726864249856,3812342981015806
2,0,3959,1789633726864261120,3812342981026488
2,0,3960,1789633726864271360,3812342981037001
2,0,3961,1789633726864281600,3812342981047525
2,0,3962,1789633726864292864,3812342981058039
2,0,3963,1789633726864303104,3812342981068528
2,0,3964,1789633726864313344,3812342981078951
2,0,3965,1789633726864323584,3812342981089416
2,0,3966,1789633726864333824,3812342981099942
2,0,3967,1789633726864345088,3812342981110435
2,0,3968,1789633726864355328,3812342981120925
2,0,3969,1789633726864365568,3812342981131388
2,0,3970,1789633726864375808,3812342981141893
2,0,3971,1789633726864387072,3812342981152381
2,0,3972,1789633726864397312,3812342981163005
2,0,3973,1789633726864407552,3812342981173491
2,0,3974,1789633726864418816,3812342981189256
2,0,3975,1789633726864429056,3812342981194476
2,0,3976,1789633726864439296,3812342981204973
2,0,3977,1789633726864449536,3812342981215716
2,0,3978,1789633726864460800,3812342981226221
2,0,3979,1789633726864471040,3812342981236735
2,0,3980,1789633726864481280,3812342981247188
2,0,3981,1789633726864492544,3812342981257711
2,0,3982,1789633726864502784,3812342981268171
2,0,3983,1789633726864513024,3812342981278629
2,0,3984,1789633726864523264,3812342981289116
2,0,3985,1789633726864533504,3812342981299678
2,0,3986,1789633726864544768,3812342981310156
2,0,3987,1789633726864555008,3812342981320618
2,0,3988,1789633726864565248,3812342981331115
2,0,3989,1789633726864575488,3812342981341635
2,0,3990,1789633726864586752,3812342981352242
2,0,3991,1789633726864596992,3812342981362776
2,0,3992,1789633726864607232,3812342981373295
2,0,3993,1789633726864618496,3812342981383748
2,0,3994,1789633726864628736,3812342981394233
2,0,3995,1789633726864638976,3812342981404943
2,0,3996,1789633726864650240,3812342981415516
2,0,3997,1789633726864660480,3812342981426051
2,0,3998,1789633726864670720,3812342981436513
2,0,3999,1789633726864680960,3812342981447029
2,0,4000,1789633726864692224,3812342981457675
2,0,4001,1789633726864702464,3812342981468193
2,0,4002,1789633726864712704,3812342981478668
2,0,4003,1789633726864723968,3812342981489166
2,0,4004,1789633726864734208,3812342981499680
2,0,4005,1789633726864744448,3812342981510271
2,0,4006,1789633726864754688,3812342981520805
2,0,4007,1789633726864765952,3812342981531255
2,0,4008,1789633726864776192,3812342981541741
2,0,4009,1789633726864786432,3812342981552269
2,0,4010,1789633726864796672,3812342981562749
2,0,4011,1789633726864807936,3812342981573228
2,0,4012,1789633726864818176,3812342981583711
2,0,4013,1789633726864828416,3812342981594231
2,0,4014,1789633726864838656,3812342981604725
2,0,4015,1789633726864849920,3812342981615191
2,0,4016,1789633726864860160,3812342981625689
2,0,4017,1789633726864870400,3812342981636195
2,0,4018,1789633726864880640,3812342981646816
2,0,4019,1789633726864891904,3812342981657291
2,0,4020,1789633726864902144,3812342981667801
2,0,4021,1789633726864912384,3812342981678241
2,0,4022,1789633726864922624,3812342981688751
2,0,4023,1789633726864933888,3812342981699265
2,0,4024,1789633726864944128,3812342981709760
2,0,4025,1789633726864954368,3812342981720261
2,0,4026,1789633726864964608,3812342981730795
2,0,4027,1789633726864975872,3812342981741312
2,0,4028,1789633726864986112,3812342981751802
2,0,4029,1789633726864996352,3812342981762255
2,0,4030,1789633726865007616,3812342981772768
2,0,4031,1789633726865017856,3812342981783376
2,0,4032,1789633726865028096,3812342981793918
2,0,4033,1789633726865038336,3812342981804418
2,0,4034,1789633726865049600,3812342981814895
2,0,4035,1789633726865059840,3812342981825359
2,0,4036,1789633726865070080,3812342981835889
2,0,4037,1789633726865080320,3812342981846376
2,0,4038,1789633726865091584,3812342981856879
2,0,4039,1789633726865101824,3812342981867391
2,0,4040,1789633726865112064,3812342981877884
2,0,4041,1789633726865122304,3812342981888391
2,0,4042,1789633726865133568,3812342981898861
2,0,4043,1789633726865143808,3812342981909318
2,0,4044,1789633726865154048,3812342981919948
2,0,4045,1789633726865165312,3812342981930480
2,0,4046,1789633726865175552,3812342981940982
2,0,4047,1789633726865185792,3812342981951429
2,0,4048,1789633726865196032,3812342981961971
2,0,4049,1789633726865207296,3812342981972621
2,0,4050,1789633726865217536,3812342981983096
2,0,4051,1789633726865227776,3812342981993573
2,0,4052,1789633726865238016,3812342982004082
2,0,4053,1789633726865249280,3812342982014579
2,0,4054,1789633726865259520,3812342982025108
2,0,4055,1789633726865269760,3812342982035633
2,0,4056,1789633726865280000,3812342982046185
2,0,4057,1789633726865291264,3812342982056616
2,0,4058,1789633726865301504,3812342982067121
2,0,4059,1789633726865311744,3812342982077649
2,0,4060,1789633726865323008,3812342982088128
2,0,4061,1789633726865333248,3812342982098673
2,0,4062,1789633726865343488,3812342982109251
2,0,4063,1789633726865353728,3812342982119733
2,0,4064,1789633726865364992,3812342982130223
2,0,4065,1789633726865375232,3812342982140705
2,0,4066,1789633726865385472,3812342982151196
2,0,4067,1789633726865395712,3812342982161902
2,0,4068,1789633726865406976,3812342982172320
2,0,4069,1789633726865417216,3812342982182814
2,0,4070,1789633726865427456,3812342982193295
2,0,4071,1789633726865437696,3812342982203800
2,0,4072,1789633726865448960,3812342982214345
2,0,4073,1789633726865459200,3812342982224809
2,0,4074,1789633726865469440,3812342982235314
2,0,4075,1789633726865479680,3812342982245809
2,0,4076,1789633726865490944,3812342982256305
2,0,4077,1789633726865501184,3812342982266764
2,0,4078,1789633726865511424,3812342982277232
2,0,4079,1789633726865521664,3812342982287711
2,0,4080,1789633726865532928,3812342982298174
2,0,4081,1789633726865543168,3812342982308684
2,0,4082,1789633726865553408,3812342982319148
2,0,4083,1789633726865563648,3812342982329692
2,0,4084,1789633726865574912,3812342982340215
2,0,4085,1789633726865585152,3812342982350686
2,0,4086,1789633726865595392,3812342982361176
2,0,4087,1789633726865605632,3812342982371671
2,0,4088,1789633726865616896,3812342982382292
2,0,4089,1789633726865627136,3812342982392779
2,0,4090,1789633726865637376,3812342982403246
2,0,4091,1789633726865647616,3812342982413709
2,0,4092,1789633726865658880,3812342982424218
2,0,4093,1789633726865669120,3812342982434699
2,0,4094,1789633726865679360,3812342982445139
2,0,4095,1789633726865689600,3812342982455657
2,0,4096,1789633726865700864,3812342982466248
2,0,4097,1789633726865711104,3812342982476716
2,0,4098,1789633726865721344,3812342982487219
2,0,4099,1789633726865731584,3812342982497714
2,0,4100,1789633726865742848,3812342982508237
2,0,4101,1789633726865753088,3812342982518844
2,0,4102,1789633726865763328,3812342982529337
2,0,4103,1789633726865774592,3812342982539839
2,0,4104,1789633726865784832,3812342982550325
2,0,4105,1789633726865795072,3812342982560814
2,0,4106,1789633726865805312,3812342982571313
2,0,4107,1789633726865816576,3812342982581764
2,0,4108,1789633726865826816,3812342982592294
2,0,4109,1789633726865837056,3812342982602800
2,0,4110,1789633726865847296,3812342982613340
2,0,4111,1789633726865858560,3812342982623804
2,0,4112,1789633726865868800,3812342982634278
2,0,4113,1789633726865879040,3812342982644746
2,0,4114,1789633726865889280,3812342982655439
2,0,4115,1789633726865900544,3812342982665935
2,0,4116,1789633726865910784,3812342982676438
2,0,4117,1789633726865921024,3812342982686915
2,0,4118,1789633726865931264,3812342982697383
2,0,4119,1789633726865942528,3812342982707811
2,0,4120,1789633726865952768,3812342982718293
2,0,4121,1789633726865963008,3812342982728791
2,0,4122,1789633726865973248,3812342982739379
2,0,4123,1789633726865984512,3812342982749898
2,0,4124,1789633726865994752,3812342982760348
2,0,4125,1789633726866004992,3812342982770808
2,0,4126,1789633726866015232,3812342982781270
2,0,4127,1789633726866026496,3812342982791778
2,0,4128,1789633726866036736,3812342982802288
2,0,4129,1789633726866046976,3812342982812770
2,0,4130,1789633726866057216,3812342982823255
2,0,4131,1789633726866068480,3812342982833768
2,0,4132,1789633726866078720,3812342982844234
2,0,4133,1789633726866088960,3812342982854697
2,0,4134,1789633726866099200,3812342982865184
2,0,4135,1789633726866110464,3812342982875640
2,0,4136,1789633726866120704,3812342982886099
2,0,4137,1789633726866130944,3812342982896622
2,0,4138,1789633726866141184,3812342982907135
2,0,4139,1789633726866152448,3812342982917628
2,0,4140,1789633726866162688,3812342982928097
2,0,4141,1789633726866172928,3812342982938571
2,0,4142,1789633726866183168,3812342982949089
2,0,4143,1789633726866193408,3812342982959557
2,0,4144,1789633726866204672,3812342982970073
2,0,4145,1789633726866214912,3812342982980576
2,0,4146,1789633726866225152,3812342982991038
2,0,4147,1789633726866235392,3812342983001510
2,0,4148,1789633726866246656,3812342983012012
2,0,4149,1789633726866256896,3812342983022498
2,0,4150,1789633726866267136,3812342983032979
2,0,4151,1789633726866277376,3812342983043648
2,0,4152,1789633726866288640,3812342983054146
2,0,4153,1789633726866298880,3812342983064600
2,0,4154,1789633726866309120,3812342983075080
2,0,4155,1789633726866320384,3812342983085568
2,0,4156,1789633726866330624,3812342983096078
2,0,4157,1789633726866340864,3812342983106563
2,0,4158,1789633726866351104,3812342983117054
2,0,4159,1789633726866362368,3812342983127588
2,0,4160,1789633726866372608,3812342983138046
2,0,4161,1789633726866382848,3812342983148554
2,0,4162,1789633726866393088,3812342983158991
2,0,4163,1789633726866403328,3812342983169480
2,0,4164,1789633726866414592,3812342983180197
2,0,4165,1789633726866424832,3812342983190717
2,0,4166,1789633726866435072,3812342983201218
2,0,4167,1789633726866446336,3812342983211678
2,0,4168,1789633726866456576,3812342983222211
2,0,4169,1789633726866466816,3812342983232849
2,0,4170,1789633726866478080,3812342983243464
2,0,4171,1789633726866488320,3812342983253923
2,0,4172,1789633726866498560,3812342983264414
2,0,4173,1789633726866508800,3812342983274934
2,0,4174,1789633726866520064,3812342983285610
2,0,4175,1789633726866530304,3812342983296098
2,0,4176,1789633726866540544,3812342983306565
2,0,4177,1789633726866551808,3812342983317030
2,0,4178,1789633726866562048,3812342983327537
2,0,4179,1789633726866572288,3812342983338213
2,0,4180,1789633726866583552,3812342983348774
2,0,4181,1789633726866593792,3812342983359269
2,0,4182,1789633726866604032,3812342983369721
2,0,4183,1789633726866614272,3812342983380224
2,0,4184,1789633726866625536,3812342983390886
2,0,4185,1789633726866635776,3812342983401396
2,0,4186,1789633726866646016,3812342983411913
2,0,4187,1789633726866656256,3812342983422365
2,0,4188,1789633726866667520,3812342983432869
2,0,4189,1789633726866677760,3812342983443537
2,0,4190,1789633726866688000,3812342983454077
2,0,4191,1789633726866699264,3812342983464528
2,0,4192,1789633726866709504,3812342983474998
2,0,4193,1789633726866719744,3812342983485507
2,0,4194,1789633726866729984,3812342983495956
2,0,4195,1789633726866741248,3812342983506472
2,0,4196,1789633726866751488,3812342983517010
2,0,4197,1789633726866761728,3812342983527496
2,0,4198,1789633726866771968,3812342983537999
2,0,4199,1789633726866783232,3812342983548464
2,0,4200,1789633726866793472,3812342983558961
2,0,4201,1789633726866803712,3812342983569454
2,0,4202,1789633726866813952,3812342983580133
2,0,4203,1789633726866825216,3812342983590630
2,0,4204,1789633726866835456,3812342983601149
2,0,4205,1789633726866845696,3812342983611617
2,0,4206,1789633726866855936,3812342983624049
2,0,4207,1789633726866867200,3812342983632769
2,0,4208,1789633726866877440,3812342983643256
2,0,4209,1789633726866887680,3812342983653765
2,0,4210,1789633726866898944,3812342983664254
2,0,4211,1789633726866909184,3812342983674751
2,0,4212,1789633726866919424,3812342983685237
2,0,4213,1789633726866929664,3812342983695718
2,0,4214,1789633726866940928,3812342983706223
2,0,4215,1789633726866951168,3812342983716763
2,0,4216,1789633726866961408,3812342983727258
2,0,4217,1789633726866971648,3812342983737704
2,0,4218,1789633726866982912,3812342983748165
2,0,4219,1789633726866993152,3812342983758663
2,0,4220,1789633726867003392,3812342983769156
2,0,4221,1789633726867013632,3812342983779656
2,0,4222,1789633726867024896,3812342983790136
2,0,4223,1789633726867035136,3812342983800636
2,0,4224,1789633726867045376,3812342983811101
2,0,4225,1789633726867055616,3812342983821578
2,0,4226,1789633726867066880,3812342983832036
2,0,4227,1789633726867077120,3812342983842528
2,0,4228,1789633726867087360,3812342983853030
2,0,4229,1789633726867097600,3812342983863513
2,0,4230,1789633726867107840,3812342983873991
2,0,4231,1789633726867119104,3812342983884515
2,0,4232,1789633726867129344,3812342983895020
2,0,4233,1789633726867139584,3812342983905486
2,0,4234,1789633726867149824,3812342983915943
2,0,4235,1789633726867161088,3812342983926434
2,0,4236,1789633726867171328,3812342983937114
2,0,4237,1789633726867181568,3812342983947647
2,0,4238,1789633726867192832,3812342983958148
2,0,4239,1789633726867203072,3812342983968603
2,0,4240,1789633726867213312,3812342983979129
2,0,4241,1789633726867223552,3812342983989610
2,0,4242,1789633726867234816,3812342984000096
2,0,4243,1789633726867245056,3812342984010594
2,0,4244,1789633726867255296,3812342984021070
2,0,4245,1789633726867265536,3812342984031541
2,0,4246,1789633726867276800,3812342984041979
2,0,4247,1789633726867287040,3812342984052430
2,0,4248,1789633726867297280,3812342984062968
2,0,4249,1789633726867307520,3812342984073666
2,0,4250,1789633726867318784,3812342984084121
2,0,4251,1789633726867329024,3812342984094629
2,0,4252,1789633726867339264,3812342984105030
2,0,4253,1789633726867349504,3812342984115536
2,0,4254,1789633726867360768,3812342984126007
2,0,4255,1789633726867371008,3812342984136478
2,0,4256,1789633726867381248,3812342984146998
2,0,4257,1789633726867391488,3812342984157634
2,0,4258,1789633726867402752,3812342984168134
2,0,4259,1789633726867412992,3812342984178608
2,0,4260,1789633726867423232,3812342984189098
2,0,4261,1789633726867433472,3812342984199577
2,0,4262,1789633726867444736,3812342984210231
2,0,4263,1789633726867454976,3812342984220703
2,0,4264,1789633726867465216,3812342984231188
2,0,4265,1789633726867476480,3812342984241674
2,0,4266,1789633726867486720,3812342984252148
2,0,4267,1789633726867496960,3812342984262628
2,0,4268,1789633726867507200,3812342984273113
2,0,4269,1789633726867517440,3812342984283574
2,0,4270,1789633726867528704,3812342984294192
2,0,4271,1789633726867538944,3812342984304690
2,0,4272,1789633726867549184,3812342984315239
2,0,4273,1789633726867560448,3812342984325746
2,0,4274,1789633726867570688,3812342984336249
2,0,4275,1789633726867580928,3812342984346860
2,0,4276,1789633726867591168,3812342984357366
2,0,4277,1789633726867602432,3812342984367819
2,0,4278,1789633726867612672,3812342984378290
2,0,4279,1789633726867622912,3812342984388828
2,0,4280,1789633726867633152,3812342984399456
2,0,4281,1789633726867644416,3812342984409969
2,0,4282,1789633726867654656,3812342984420414
2,0,4283,1789633726867664896,3812342984430863
2,0,4284,1789633726867676160,3812342984441387
2,0,4285,1789633726867686400,3812342984451891
2,0,4286,1789633726867696640,3812342984462374
2,0,4287,1789633726867706880,3812342984472870
2,0,4288,1789633726867718144,3812342984483438
2,0,4289,1789633726867728384,3812342984493934
2,0,4290,1789633726867738624,3812342984504413
2,0,4291,1789633726867748864,3812342984514898
2,0,4292,1789633726867760128,3812342984525514
2,0,4293,1789633726867770368,3812342984536102
2,0,4294,1789633726867780608,3812342984546608
2,0,4295,1789633726867791872,3812342984557118
2,0,4296,1789633726867802112,3812342984567583
2,0,4297,1789633726867812352,3812342984578080
2,0,4298,1789633726867822592,3812342984588683
2,0,4299,1789633726867833856,3812342984599216
2,0,4300,1789633726867844096,3812342984609750
2,0,4301,1789633726867854336,3812342984620279
2,0,4302,1789633726867864576,3812342984630770
2,0,4303,1789633726867875840,3812342984641360
2,0,4304,1789633726867886080,3812342984651891
2,0,4305,1789633726867896320,3812342984662320
2,0,4306,1789633726867907584,3812342984672787
2,0,4307,1789633726867917824,3812342984683310
2,0,4308,1789633726867928064,3812342984693760
2,0,4309,1789633726867938304,3812342984704270
2,0,4310,1789633726867948544,3812342984714763
2,0,4311,1789633726867959808,3812342984725306
2,0,4312,1789633726867970048,3812342984735836
2,0,4313,1789633726867980288,3812342984746300
2,0,4314,1789633726867991552,3812342984756794
2,0,4315,1789633726868001792,3812342984767297
2,0,4316,1789633726868012032,3812342984777910
2,0,4317,1789633726868022272,3812342984788395
2,0,4318,1789633726868033536,3812342984798874
2,0,4319,1789633726868043776,3812342984809364
2,0,4320,1789633726868054016,3812342984819837
2,0,4321,1789633726868064256,3812342984830327
2,0,4322,1789633726868075520,3812342984840790
2,0,4323,1789633726868085760,3812342984851307
2,0,4324,1789633726868096000,3812342984861891
2,0,4325,1789633726868106240,3812342984872352
2,0,4326,1789633726868117504,3812342984882877
2,0,4327,1789633726868127744,3812342984893338
2,0,4328,1789633726868137984,3812342984903858
2,0,4329,1789633726868148224,3812342984914471
2,0,4330,1789633726868159488,3812342984924999
2,0,4331,1789633726868169728,3812342984935525
2,0,4332,1789633726868179968,3812342984945998
2,0,4333,1789633726868191232,3812342984956490
2,0,4334,1789633726868201472,3812342984967150
2,0,4335,1789633726868211712,3812342984977626
2,0,4336,1789633726868221952,3812342984988098
2,0,4337,1789633726868233216,3812342984998588
2,0,4338,1789633726868243456,3812342985009069
2,0,4339,1789633726868253696,3812342985019516
2,0,4340,1789633726868263936,3812342985029989
2,0,4341,1789633726868275200,3812342985040495
2,0,4342,1789633726868285440,3812342985051104
2,0,4343,1789633726868295680,3812342985061609
2,0,4344,1789633726868306944,3812342985072152
2,0,4345,1789633726868317184,3812342985082638
2,0,4346,1789633726868327424,3812342985093094
2,0,4347,1789633726868337664,3812342985103704
2,0,4348,1789633726868348928,3812342985114214
2,0,4349,1789633726868359168,3812342985124734
2,0,4350,1789633726868369408,3812342985135195
2,0,4351,1789633726868379648,3812342985145724
2,0,4352,1789633726868390912,3812342985156374
2,0,4353,1789633726868401152,3812342985166843
2,0,4354,1789633726868411392,3812342985177334
2,0,4355,1789633726868421632,3812342985187839
2,0,4356,1789633726868432896,3812342985198334
2,0,4357,1789633726868443136,3812342985208810
2,0,4358,1789633726868453376,3812342985219347
2,0,4359,1789633726868464640,3812342985229850
2,0,4360,1789633726868474880,3812342985240349
2,0,4361,1789633726868485120,3812342985250855
2,0,4362,1789633726868495360,3812342985261338
2,0,4363,1789633726868506624,3812342985271891
2,0,4364,1789633726868516864,3812342985282378
2,0,4365,1789633726868527104,3812342985293018
2,0,4366,1789633726868537344,3812342985303510
2,0,4367,1789633726868548608,3812342985313997
2,0,4368,1789633726868558848,3812342985324478
2,0,4369,1789633726868569088,3812342985334964
2,0,4370,1789633726868579328,3812342985345598
2,0,4371,1789633726868590592,3812342985356100
2,0,4372,1789633726868600832,3812342985366644
2,0,4373,1789633726868611072,3812342985377118
2,0,4374,1789633726868622336,3812342985387636
2,0,4375,1789633726868632576,3812342985398104
2,0,4376,1789633726868642816,3812342985408558
2,0,4377,1789633726868653056,3812342985419070
2,0,4378,1789633726868664320,3812342985429582
2,0,4379,1789633726868674560,3812342985440068
2,0,4380,1789633726868684800,3812342985450535
2,0,4381,1789633726868695040,3812342985460974
2,0,4382,1789633726868705280,3812342985471487
2,0,4383,1789633726868716544,3812342985482178
2,0,4384,1789633726868726784,3812342985492694
2,0,4385,1789633726868737024,3812342985503150
2,0,4386,1789633726868748288,3812342985513640
2,0,4387,1789633726868758528,3812342985524094
2,0,4388,1789633726868768768,3812342985534571
2,0,4389,1789633726868779008,3812342985545059
2,0,4390,1789633726868790272,3812342985555539
2,0,4391,1789633726868800512,3812342985566158
2,0,4392,1789633726868810752,3812342985578662
2,0,4393,1789633726868820992,3812342985587182
2,0,4394,1789633726868832256,3812342985597639
2,0,4395,1789633726868842496,3812342985608114
2,0,4396,1789633726868852736,3812342985618718
2,0,4397,1789633726868864000,3812342985629263
2,0,4398,1789633726868874240,3812342985639750
2,0,4399,1789633726868884480,3812342985650239
2,0,4400,1789633726868894720,3812342985660736
2,0,4401,1789633726868905984,3812342985671398
2,0,4402,1789633726868916224,3812342985681893
2,0,4403,1789633726868926464,3812342985692380
2,0,4404,1789633726868936704,3812342985702890
2,0,4405,1789633726868947968,3812342985713458
2,0,4406,1789633726868958208,3812342985724171
2,0,4407,1789633726868968448,3812342985734670
2,0,4408,1789633726868979712,3812342985745142
2,0,4409,1789633726868989952,3812342985755616
2,0,4410,1789633726869000192,3812342985766101
2,0,4411,1789633726869010432,3812342985776754
2,0,4412,1789633726869021696,3812342985787270
2,0,4413,1789633726869031936,3812342985797732
2,0,4414,1789633726869042176,3812342985808238
2,0,4415,1789633726869052416,3812342985817780
2,0,4416,1789633726869061632,3812342985827444
2,0,4417,1789633726869070848,3812342985836983
2,0,4418,1789633726869081088,3812342985846550
2,0,4419,1789633726869090304,3812342985856090
2,0,4420,1789633726869099520,3812342985865653
2,0,4421,1789633726869109760,3812342985875195
2,0,4422,1789633726869118976,3812342985884739
2,0,4423,1789633726869128192,3812342985894267
2,0,4424,1789633726869138432,3812342985903813
2,0,4425,1789633726869147648,3812342985913451
2,0,4426,1789633726869156864,3812342985923150
2,0,4427,1789633726869167104,3812342985932797
2,0,4428,1789633726869176320,3812342985942320
2,0,4429,1789633726869186560,3812342985951890
2,0,4430,1789633726869195776,3812342985961388
2,0,4431,1789633726869204992,3812342985970950
2,0,4432,1789633726869215232,3812342985980510
2,0,4433,1789633726869224448,3812342985990058
2,0,4434,1789633726869233664,3812342985999574
2,0,4435,1789633726869243904,3812342986009066
2,0,4436,1789633726869253120,3812342986018720
2,0,4437,1789633726869262336,3812342986028390
2,0,4438,1789633726869272576,3812342986037928
2,0,4439,1789633726869281792,3812342986047490
2,0,4440,1789633726869291008,3812342986058833
2,0,4441,1789633726869301248,3812342986066575
2,0,4442,1789633726869310464,3812342986076130
2,0,4443,1789633726869319680,3812342986085669
2,0,4444,1789633726869329920,3812342986095186
2,0,4445,1789633726869339136,3812342986104711
2,0,4446,1789633726869348352,3812342986114308
2,0,4447,1789633726869358592,3812342986123979
2,0,4448,1789633726869367808,3812342986133490
2,0,4449,1789633726869377024,3812342986143071
2,0,4450,1789633726869387264,3812342986152618
2,0,4451,1789633726869396480,3812342986162171
2,0,4452,1789633726869405696,3812342986171711
2,0,4453,1789633726869415936,3812342986181238
2,0,4454,1789633726869425152,3812342986190790
2,0,4455,1789633726869434368,3812342986200319
2,0,4456,1789633726869444608,3812342986209914
2,0,4457,1789633726869453824,3812342986219570
2,0,4458,1789633726869463040,3812342986229118
2,0,4459,1789633726869473280,3812342986238657
2,0,4460,1789633726869482496,3812342986248214
2,0,4461,1789633726869491712,3812342986257764
2,0,4462,1789633726869501952,3812342986267319
2,0,4463,1789633726869511168,3812342986276849
2,0,4464,1789633726869520384,3812342986286374
2,0,4465,1789633726869530624,3812342986295894
2,0,4466,1789633726869539840,3812342986305490
2,0,4467,1789633726869549056,3812342986315139
2,0,4468,1789633726869559296,3812342986324690
2,0,4469,1789633726869568512,3812342986334255
2,0,4470,1789633726869577728,3812342986343795
2,0,4471,1789633726869587968,3812342986353360
2,0,4472,1789633726869597184,3812342986362902
2,0,4473,1789633726869606400,3812342986372434
2,0,4474,1789633726869616640,3812342986381963
2,0,4475,1789633726869625856,3812342986391505
2,0,4476,1789633726869635072,3812342986401094
2,0,4477,1789633726869645312,3812342986410751
2,0,4478,1789633726869654528,3812342986420269
2,0,4479,1789633726869663744,3812342986429784
2,0,4480,1789633726869673984,3812342986439341
2,0,4481,1789633726869683200,3812342986448901
2,0,4482,1789633726869692416,3812342986458450
2,0,4483,1789633726869702656,3812342986468004
2,0,4484,1789633726869711872,3812342986477563
2,0,4485,1789633726869721088,3812342986487071
2,0,4486,1789633726869731328,3812342986496678
2,0,4487,1789633726869740544,3812342986506346
2,0,4488,1789633726869749760,3812342986515878
2,0,4489,1789633726869760000,3812342986525521
2,0,4490,1789633726869769216,3812342986535070
2,0,4491,1789633726869778432,3812342986544630
2,0,4492,1789633726869788672,3812342986554181
2,0,4493,1789633726869797888,3812342986563719
2,0,4494,1789633726869807104,3812342986573255
2,0,4495,1789633726869817344,3812342986582800
2,0,4496,1789633726869826560,3812342986592319
2,0,4497,1789633726869835776,3812342986602024
2,0,4498,1789633726869846016,3812342986611688
2,0,4499,1789633726869855232,3812342986621216
2,0,4500,1789633726869865472,3812342986630777
2,0,4501,1789633726869874688,3812342986640328
2,0,4502,1789633726869883904,3812342986649888
2,0,4503,1789633726869894144,3812342986659430
2,0,4504,1789633726869903360,3812342986668979
2,0,4505,1789633726869912576,3812342986678486
2,0,4506,1789633726869922816,3812342986688020
2,0,4507,1789633726869932032,3812342986697598
2,0,4508,1789633726869941248,3812342986707278
2,0,4509,1789633726869951488,3812342986716814
2,0,4510,1789633726869960704,3812342986726310
2,0,4511,1789633726869969920,3812342986735855
2,0,4512,1789633726869980160,3812342986745399
2,0,4513,1789633726869989376,3812342986754948
2,0,4514,1789633726869998592,3812342986764458
2,0,4515,1789633726870007808,3812342986773990
2,0,4516,1789633726870018048,3812342986783518
2,0,4517,1789633726870027264,3812342986793219
2,0,4518,1789633726870037504,3812342986802869
2,0,4519,1789633726870046720,3812342986812390
2,0,4520,1789633726870055936,3812342986821959
2,0,4521,1789633726870066176,3812342986831497
2,0,4522,1789633726870075392,3812342986841057
2,0,4523,1789633726870084608,3812342986850619
2,0,4524,1789633726870094848,3812342986860167
2,0,4525,1789633726870104064,3812342986869706
2,0,4526,1789633726870113280,3812342986879230
2,0,4527,1789633726870123520,3812342986888794
2,0,4528,1789633726870132736,3812342986898463
2,0,4529,1789633726870141952,3812342986907991
2,0,4530,1789633726870152192,3812342986917558
2,0,4531,1789633726870161408,3812342986927099
2,0,4532,1789633726870170624,3812342986936658
2,0,4533,1789633726870180864,3812342986946211
2,0,4534,1789633726870190080,3812342986955750
2,0,4535,1789633726870199296,3812342986965272
2,0,4536,1789633726870209536,3812342986974799
2,0,4537,1789633726870218752,3812342986984381
2,0,4538,1789633726870227968,3812342986994055
2,0,4539,1789633726870238208,3812342987003579
2,0,4540,1789633726870247424,3812342987013153
2,0,4541,1789633726870256640,3812342987022691
2,0,4542,1789633726870266880,3812342987032235
2,0,4543,1789633726870276096,3812342987041789
2,0,4544,1789633726870285312,3812342987051330
2,0,4545,1789633726870295552,3812342987060852
2,0,4546,1789633726870304768,3812342987070390
2,0,4547,1789633726870313984,3812342987079979
2,0,4548,1789633726870324224,3812342987089638
2,0,4549,1789633726870333440,3812342987099192
2,0,4550,1789633726870342656,3812342987108729
2,0,4551,1789633726870352896,3812342987118275
2,0,4552,1789633726870362112,3812342987127815
2,0,4553,1789633726870371328,3812342987137338
2,0,4554,1789633726870381568,3812342987146898
2,0,4555,1789633726870390784,3812342987156435
2,0,4556,1789633726870400000,3812342987165973
2,0,4557,1789633726870410240,3812342987175570
2,0,4558,1789633726870419456,3812342987185232
2,0,4559,1789633726870428672,3812342987194770
2,0,4560,1789633726870438912,3812342987204332
2,0,4561,1789633726870448128,3812342987213863
2,0,4562,1789633726870457344,3812342987223456
2,0,4563,1789633726870467584,3812342987233021
2,0,4564,1789633726870476800,3812342987242580
2,0,4565,1789633726870486016,3812342987252116
2,0,4566,1789633726870496256,3812342987261644
2,0,4567,1789633726870505472,3812342987271170
2,0,4568,1789633726870514688,3812342987280816
2,0,4569,1789633726870524928,3812342987290355
2,0,4570,1789633726870534144,3812342987299915
2,0,4571,1789633726870543360,3812342987309460
2,0,4572,1789633726870553600,3812342987319021
2,0,4573,1789633726870562816,3812342987328569
2,0,4574,1789633726870572032,3812342987338118
2,0,4575,1789633726870582272,3812342987347653
2,0,4576,1789633726870591488,3812342987357170
2,0,4577,1789633726870600704,3812342987366743
2,0,4578,1789633726870610944,3812342987376410
2,0,4579,1789633726870620160,3812342987385936
2,0,4580,1789633726870629376,3812342987395503
2,0,4581,1789633726870639616,3812342987405059
2,0,4582,1789633726870648832,3812342987414616
2,0,4583,1789633726870658048,3812342987424158
2,0,4584,1789633726870668288,3812342987433704
2,0,4585,1789633726870677504,3812342987443240
2,0,4586,1789633726870686720,3812342987452756
2,0,4587,1789633726870696960,3812342987462326
2,0,4588,1789633726870706176,3812342987472019
2,0,4589,1789633726870715392,3812342987481516
2,0,4590,1789633726870725632,3812342987491059
2,0,4591,1789633726870734848,3812342987500627
2,0,4592,1789633726870744064,3812342987510179
2,0,4593,1789633726870754304,3812342987519738
2,0,4594,1789633726870763520,3812342987529283
2,0,4595,1789633726870772736,3812342987538816
2,0,4596,1789633726870782976,3812342987548358
2,0,4597,1789633726870792192,3812342987557930
2,0,4598,1789633726870801408,3812342987567594
2,0,4599,1789633726870811648,3812342987577110
2,0,4600,1789633726870820864,3812342987586630
2,0,4601,1789633726870830080,3812342987596178
2,0,4602,1789633726870840320,3812342987605715
2,0,4603,1789633726870849536,3812342987615270
2,0,4604,1789633726870858752,3812342987624808
2,0,4605,1789633726870868992,3812342987634320
2,0,4606,1789633726870878208,3812342987643840
2,0,4607,1789633726870887424,3812342987653516
2,0,4608,1789633726870897664,3812342987663189
2,0,4609,1789633726870906880,3812342987672706
2,0,4610,1789633726870916096,3812342987682279
2,0,4611,1789633726870926336,3812342987691891
2,0,4612,1789633726870935552,3812342987701370
2,0,4613,1789633726870944768,3812342987710920
2,0,4614,1789633726870955008,3812342987720453
2,0,4615,1789633726870964224,3812342987729984
2,0,4616,1789633726870973440,3812342987739502
2,0,4617,1789633726870983680,3812342987749070
2,0,4618,1789633726870992896,3812342987758792
2,0,4619,1789633726871002112,3812342987768303
2,0,4620,1789633726871012352,3812342987777830
2,0,4621,1789633726871021568,3812342987787381
2,0,4622,1789633726871030784,3812342987796932
2,0,4623,1789633726871041024,3812342987806488
2,0,4624,1789633726871050240,3812342987816039
2,0,4625,1789633726871059456,3812342987825572
2,0,4626,1789633726871069696,3812342987835118
2,0,4627,1789633726871078912,3812342987844695
2,0,4628,1789633726871088128,3812342987854371
2,0,4629,1789633726871098368,3812342987863894
2,0,4630,1789633726871107584,3812342987873464
2,0,4631,1789633726871116800,3812342987883009
2,0,4632,1789633726871127040,3812342987892563
2,0,4633,1789633726871136256,3812342987902110
2,0,4634,1789633726871145472,3812342987911663
2,0,4635,1789633726871155712,3812342987921158
2,0,4636,1789633726871164928,3812342987930679
2,0,4637,1789633726871174144,3812342987940290
2,0,4638,1789633726871184384,3812342987949954
2,0,4639,1789633726871193600,3812342987959475
2,0,4640,1789633726871202816,3812342987969043
2,0,4641,1789633726871213056,3812342987978599
2,0,4642,1789633726871222272,3812342987988151
2,0,4643,1789633726871231488,3812342987997673
2,0,4644,1789633726871241728,3812342988007216
2,0,4645,1789633726871250944,3812342988016710
2,0,4646,1789633726871260160,3812342988026233
2,0,4647,1789633726871270400,3812342988035883
2,0,4648,1789633726871279616,3812342988045641
2,0,4649,1789633726871289856,3812342988055305
2,0,4650,1789633726871299072,3812342988064836
2,0,4651,1789633726871308288,3812342988074350
2,0,4652,1789633726871318528,3812342988083903
2,0,4653,1789633726871327744,3812342988093463
2,0,4654,1789633726871336960,3812342988103028
2,0,4655,1789633726871347200,3812342988112570
2,0,4656,1789633726871356416,3812342988122096
2,0,4657,1789633726871365632,3812342988131630
2,0,4658,1789633726871375872,3812342988141231
2,0,4659,1789633726871385088,3812342988150896
2,0,4660,1789633726871394304,3812342988160433
2,0,4661,1789633726871404544,3812342988169976
2,0,4662,1789633726871413760,3812342988179539
2,0,4663,1789633726871422976,3812342988189094
2,0,4664,1789633726871433216,3812342988198642
2,0,4665,1789633726871442432,3812342988208184
2,0,4666,1789633726871451648,3812342988217710
2,0,4667,1789633726871461888,3812342988227241
2,0,4668,1789633726871471104,3812342988236809
2,0,4669,1789633726871480320,3812342988246489
2,0,4670,1789633726871490560,3812342988255996
2,0,4671,1789633726871499776,3812342988265531
2,0,4672,1789633726871508992,3812342988275089
2,0,4673,1789633726871519232,3812342988284635
2,0,4674,1789633726871528448,3812342988294181
2,0,4675,1789633726871537664,3812342988303708
2,0,4676,1789633726871547904,3812342988313227
2,0,4677,1789633726871557120,3812342988322756
2,0,4678,1789633726871566336,3812342988332418
2,0,4679,1789633726871576576,3812342988342075
2,0,4680,1789633726871585792,3812342988351596
2,0,4681,1789633726871595008,3812342988361119
2,0,4682,1789633726871605248,3812342988370679
2,0,4683,1789633726871614464,3812342988380227
2,0,4684,1789633726871623680,3812342988389789
2,0,4685,1789633726871633920,3812342988399338
2,0,4686,1789633726871643136,3812342988408869
2,0,4687,1789633726871652352,3812342988418390
2,0,4688,1789633726871662592,3812342988427989
2,0,4689,1789633726871671808,3812342988437664
2,0,4690,1789633726871681024,3812342988447199
2,0,4691,1789633726871691264,3812342988456760
2,0,4692,1789633726871700480,3812342988466307
2,0,4693,1789633726871709696,3812342988475861
2,0,4694,1789633726871719936,3812342988485407
2,0,4695,1789633726871729152,3812342988494959
2,0,4696,1789633726871738368,3812342988504489
2,0,4697,1789633726871748608,3812342988514030
2,0,4698,1789633726871757824,3812342988523591
2,0,4699,1789633726871767040,3812342988533259
2,0,4700,1789633726871777280,3812342988542798
2,0,4701,1789633726871786496,3812342988552359
2,0,4702,1789633726871795712,3812342988561895
2,0,4703,1789633726871805952,3812342988571440
2,0,4704,1789633726871815168,3812342988580987
2,0,4705,1789633726871824384,3812342988590530
2,0,4706,1789633726871834624,3812342988600069
2,0,4707,1789633726871843840,3812342988609610
2,0,4708,1789633726871853056,3812342988619183
2,0,4709,1789633726871863296,3812342988628821
2,0,4710,1789633726871872512,3812342988638383
2,0,4711,1789633726871881728,3812342988647941
2,0,4712,1789633726871891968,3812342988657479
2,0,4713,1789633726871901184,3812342988667029
2,0,4714,1789633726871910400,3812342988676591
2,0,4715,1789633726871920640,3812342988686138
2,0,4716,1789633726871929856,3812342988695670
2,0,4717,1789633726871939072,3812342988705218
2,0,4718,1789633726871949312,3812342988714779
2,0,4719,1789633726871958528,3812342988724447
2,0,4720,1789633726871967744,3812342988733978
2,0,4721,1789633726871977984,3812342988743529
2,0,4722,1789633726871987200,3812342988753087
2,0,4723,1789633726871996416,3812342988762629
2,0,4724,1789633726872006656,3812342988772199
2,0,4725,1789633726872015872,3812342988781751
2,0,4726,1789633726872025088,3812342988791279
2,0,4727,1789633726872035328,3812342988800810
2,0,4728,1789633726872044544,3812342988810363
2,0,4729,1789633726872053760,3812342988820028
2,0,4730,1789633726872064000,3812342988829569
2,0,4731,1789633726872073216,3812342988839134
2,0,4732,1789633726872082432,3812342988848663
2,0,4733,1789633726872092672,3812342988858218
2,0,4734,1789633726872101888,3812342988867769
2,0,4735,1789633726872111104,3812342988877307
2,0,4736,1789633726872121344,3812342988886819
2,0,4737,1789633726872130560,3812342988896344
2,0,4738,1789633726872139776,3812342988905967
2,0,4739,1789633726872150016,3812342988915623
2,0,4740,1789633726872159232,3812342988925135
2,0,4741,1789633726872168448,3812342988934659
2,0,4742,1789633726872178688,3812342988944189
2,0,4743,1789633726872187904,3812342988953750
2,0,4744,1789633726872197120,3812342988963321
2,0,4745,1789633726872207360,3812342988972836
2,0,4746,1789633726872216576,3812342988982366
2,0,4747,1789633726872225792,3812342988991891
2,0,4748,1789633726872236032,3812342989001536
2,0,4749,1789633726872245248,3812342989011213
2,0,4750,1789633726872255488,3812342989020733
2,0,4751,1789633726872264704,3812342989030253
2,0,4752,1789633726872273920,3812342989039789
2,0,4753,1789633726872283136,3812342989049365
2,0,4754,1789633726872293376,3812342989058924
2,0,4755,1789633726872302592,3812342989068469
2,0,4756,1789633726872311808,3812342989077990
2,0,4757,1789633726872322048,3812342989087513
2,0,4758,1789633726872331264,3812342989097147
2,0,4759,1789633726872340480,3812342989106796
2,0,4760,1789633726872350720,3812342989116332
2,0,4761,1789633726872359936,3812342989125853
2,0,4762,1789633726872369152,3812342989135509
2,0,4763,1789633726872379392,3812342989145019
2,0,4764,1789633726872388608,3812342989154575
2,0,4765,1789633726872398848,3812342989164119
2,0,4766,1789633726872408064,3812342989173649
2,0,4767,1789633726872417280,3812342989183189
2,0,4768,1789633726872426496,3812342989192722
2,0,4769,1789633726872436736,3812342989202423
2,0,4770,1789633726872445952,3812342989211987
2,0,4771,1789633726872456192,3812342989221498
2,0,4772,1789633726872465408,3812342989231075
2,0,4773,1789633726872474624,3812342989240639
2,0,4774,1789633726872484864,3812342989250194
2,0,4775,1789633726872494080,3812342989259751
2,0,4776,1789633726872503296,3812342989269270
2,0,4777,1789633726872513536,3812342989278794
2,0,4778,1789633726872522752,3812342989288319
2,0,4779,1789633726872531968,3812342989297983
2,0,4780,1789633726872542208,3812342989307504
2,0,4781,1789633726872551424,3812342989317032
2,0,4782,1789633726872560640,3812342989326596
2,0,4783,1789633726872569856,3812342989336150
2,0,4784,1789633726872580096,3812342989345684
2,0,4785,1789633726872589312,3812342989355250
2,0,4786,1789633726872598528,3812342989364760
2,0,4787,1789633726872608768,3812342989374296
2,0,4788,1789633726872617984,3812342989383901
2,0,4789,1789633726872627200,3812342989393569
2,0,4790,1789633726872637440,3812342989403089
2,0,4791,1789633726872646656,3812342989412615
2,0,4792,1789633726872656896,3812342989422156
2,0,4793,1789633726872666112,3812342989431718
2,0,4794,1789633726872675328,3812342989441270
2,0,4795,1789633726872684544,3812342989450796
2,0,4796,1789633726872694784,3812342989460330
2,0,4797,1789633726872704000,3812342989469864
2,0,4798,1789633726872713216,3812342989479503
2,0,4799,1789633726872723456,3812342989489170
2,0,4800,1789633726872732672,3812342989498698
2,0,4801,1789633726872742912,3812342989508259
2,0,4802,1789633726872752128,3812342989517809
2,0,4803,1789633726872761344,3812342989527344
2,0,4804,1789633726872771584,3812342989536910
2,0,4805,1789633726872780800,3812342989546446
2,0,4806,1789633726872790016,3812342989555968
2,0,4807,1789633726872799232,3812342989565493
2,0,4808,1789633726872809472,3812342989575073
2,0,4809,1789633726872818688,3812342989584767
2,0,4810,1789633726872828928,3812342989594293
2,0,4811,1789633726872838144,3812342989603848
2,0,4812,1789633726872847360,3812342989613445
2,0,4813,1789633726872857600,3812342989623019
2,0,4814,1789633726872866816,3812342989632556
2,0,4815,1789633726872876032,3812342989642107
2,0,4816,1789633726872886272,3812342989651653
2,0,4817,1789633726872895488,3812342989661185
2,0,4818,1789633726872904704,3812342989670719
2,0,4819,1789633726872914944,3812342989680356
2,0,4820,1789633726872924160,3812342989689886
2,0,4821,1789633726872933376,3812342989699445
2,0,4822,1789633726872943616,3812342989708990
2,0,4823,1789633726872952832,3812342989718528
2,0,4824,1789633726872962048,3812342989728086
2,0,4825,1789633726872972288,3812342989737629
2,0,4826,1789633726872981504,3812342989747160
2,0,4827,1789633726872990720,3812342989756679
2,0,4828,1789633726872999936,3812342989766267
2,0,4829,1789633726873010176,3812342989775947
2,0,4830,1789633726873019392,3812342989785518
2,0,4831,1789633726873029632,3812342989795053
2,0,4832,1789633726873038848,3812342989804629
2,0,4833,1789633726873048064,3812342989814179
2,0,4834,1789633726873058304,3812342989823733
2,0,4835,1789633726873067520,3812342989833305
2,0,4836,1789633726873076736,3812342989842816
2,0,4837,1789633726873086976,3812342989852342
2,0,4838,1789633726873096192,3812342989861891
2,0,4839,1789633726873105408,3812342989871529
2,0,4840,1789633726873115648,3812342989881070
2,0,4841,1789633726873124864,3812342989890618
2,0,4842,1789633726873134080,3812342989900170
2,0,4843,1789633726873144320,3812342989909727
2,0,4844,1789633726873153536,3812342989919310
2,0,4845,1789633726873162752,3812342989928841
2,0,4846,1789633726873172992,3812342989938362
2,0,4847,1789633726873182208,3812342989947896
2,0,4848,1789633726873191424,3812342989957448
2,0,4849,1789633726873201664,3812342989967120
2,0,4850,1789633726873210880,3812342989976654
2,0,4851,1789633726873220096,3812342989986211
2,0,4852,1789633726873230336,3812342989995758
2,0,4853,1789633726873239552,3812342990005318
2,0,4854,1789633726873248768,3812342990014831
2,0,4855,1789633726873259008,3812342990024379
2,0,4856,1789633726873268224,3812342990033914
2,0,4857,1789633726873277440,3812342990043453
2,0,4858,1789633726873287680,3812342990053048
2,0,4859,1789633726873296896,3812342990062713
2,0,4860,1789633726873306112,3812342990072232
2,0,4861,1789633726873316352,3812342990081751
2,0,4862,1789633726873325568,3812342990091296
2,0,4863,1789633726873334784,3812342990100858
2,0,4864,1789633726873345024,3812342990110419
2,0,4865,1789633726873354240,3812342990119978
2,0,4866,1789633726873363456,3812342990129508
2,0,4867,1789633726873373696,3812342990139046
2,0,4868,1789633726873382912,3812342990148642
2,0,4869,1789633726873392128,3812342990158309
2,0,4870,1789633726873402368,3812342990167839
2,0,4871,1789633726873411584,3812342990177356
2,0,4872,1789633726873420800,3812342990186896
2,0,4873,1789633726873431040,3812342990196464
2,0,4874,1789633726873440256,3812342990206029
2,0,4875,1789633726873449472,3812342990215576
2,0,4876,1789633726873459712,3812342990225087
2,0,4877,1789633726873468928,3812342990234609
2,0,4878,1789633726873478144,3812342990244229
2,0,4879,1789633726873488384,3812342990253891
2,0,4880,1789633726873497600,3812342990263445
2,0,4881,1789633726873506816,3812342990272998
2,0,4882,1789633726873517056,3812342990282529
2,0,4883,1789633726873526272,3812342990292079
2,0,4884,1789633726873535488,3812342990301630
2,0,4885,1789633726873545728,3812342990311163
2,0,4886,1789633726873554944,3812342990320708
2,0,4887,1789633726873564160,3812342990330228
2,0,4888,1789633726873574400,3812342990339811
2,0,4889,1789633726873583616,3812342990349483
2,0,4890,1789633726873592832,3812342990359002
2,0,4891,1789633726873603072,3812342990368583
2,0,4892,1789633726873612288,3812342990378109
2,0,4893,1789633726873621504,3812342990387649
2,0,4894,1789633726873631744,3812342990397212
2,0,4895,1789633726873640960,3812342990406746
2,0,4896,1789633726873650176,3812342990416272
2,0,4897,1789633726873660416,3812342990425829
2,0,4898,1789633726873669632,3812342990435408
2,0,4899,1789633726873678848,3812342990445069
2,0,4900,1789633726873689088,3812342990454619
2,0,4901,1789633726873698304,3812342990464173
2,0,4902,1789633726873707520,3812342990473712
2,0,4903,1789633726873717760,3812342990483253
2,0,4904,1789633726873726976,3812342990492826
2,0,4905,1789633726873736192,3812342990502364
2,0,4906,1789633726873746432,3812342990511889
2,0,4907,1789633726873755648,3812342990521422
2,0,4908,1789633726873764864,3812342990530985
2,0,4909,1789633726873775104,3812342990540685
2,0,4910,1789633726873784320,3812342990550234
2,0,4911,1789633726873793536,3812342990559769
2,0,4912,1789633726873803776,3812342990569313
2,0,4913,1789633726873812992,3812342990578859
2,0,4914,1789633726873822208,3812342990588409
2,0,4915,1789633726873832448,3812342990597949
2,0,4916,1789633726873841664,3812342990607471
2,0,4917,1789633726873850880,3812342990616993
2,0,4918,1789633726873861120,3812342990626589
2,0,4919,1789633726873870336,3812342990636231
2,0,4920,1789633726873879552,3812342990645789
2,0,4921,1789633726873889792,3812342990655345
2,0,4922,1789633726873899008,3812342990664895
2,0,4923,1789633726873908224,3812342990674459
2,0,4924,1789633726873918464,3812342990683982
2,0,4925,1789633726873927680,3812342990693538
2,0,4926,1789633726873936896,3812342990703049
2,0,4927,1789633726873947136,3812342990712573
2,0,4928,1789633726873956352,3812342990722178
2,0,4929,1789633726873965568,3812342990731890
2,0,4930,1789633726873975808,3812342990741373
2,0,4931,1789633726873985024,3812342990750938
2,0,4932,1789633726873994240,3812342990760488
2,0,4933,1789633726874004480,3812342990770036
2,0,4934,1789633726874013696,3812342990779598
2,0,4935,1789633726874022912,3812342990789136
2,0,4936,1789633726874033152,3812342990798665
2,0,4937,1789633726874042368,3812342990808213
2,0,4938,1789633726874051584,3812342990817759
2,0,4939,1789633726874061824,3812342990827447
2,0,4940,1789633726874071040,3812342990836955
2,0,4941,1789633726874080256,3812342990846589
2,0,4942,1789633726874090496,3812342990856112
2,0,4943,1789633726874099712,3812342990865678
2,0,4944,1789633726874108928,3812342990875229
2,0,4945,1789633726874119168,3812342990884772
2,0,4946,1789633726874128384,3812342990894285
2,0,4947,1789633726874137600,3812342990903805
2,0,4948,1789633726874147840,3812342990913452
2,0,4949,1789633726874157056,3812342990928398
2,0,4950,1789633726874167296,3812342990932785
2,0,4951,1789633726874176512,3812342990942320
2,0,4952,1789633726874185728,3812342990951882
2,0,4953,1789633726874195968,3812342990961439
2,0,4954,1789633726874205184,3812342990970979
2,0,4955,1789633726874214400,3812342990980474
2,0,4956,1789633726874224640,3812342990990049
2,0,4957,1789633726874233856,3812342990999585
2,0,4958,1789633726874243072,3812342991009126
2,0,4959,1789633726874253312,3812342991018689
2,0,4960,1789633726874262528,3812342991028368
2,0,4961,1789633726874271744,3812342991037888
2,0,4962,1789633726874281984,3812342991047418
2,0,4963,1789633726874291200,3812342991056983
2,0,4964,1789633726874300416,3812342991066541
2,0,4965,1789633726874310656,3812342991076078
2,0,4966,1789633726874319872,3812342991085628
2,0,4967,1789633726874329088,3812342991095181
2,0,4968,1789633726874339328,3812342991104732
2,0,4969,1789633726874348544,3812342991114298
2,0,4970,1789633726874357760,3812342991123969
2,0,4971,1789633726874368000,3812342991133502
2,0,4972,1789633726874377216,3812342991143058
2,0,4973,1789633726874386432,3812342991152609
2,0,4974,1789633726874396672,3812342991162178
2,0,4975,1789633726874405888,3812342991171708
2,0,4976,1789633726874415104,3812342991181245
2,0,4977,1789633726874425344,3812342991190778
2,0,4978,1789633726874434560,3812342991200309
2,0,4979,1789633726874443776,3812342991209883
2,0,4980,1789633726874454016,3812342991219542
2,0,4981,1789633726874463232,3812342991229078
2,0,4982,1789633726874472448,3812342991238598
2,0,4983,1789633726874482688,3812342991248159
2,0,4984,1789633726874491904,3812342991257716
2,0,4985,1789633726874501120,3812342991267247
2,0,4986,1789633726874511360,3812342991276762
2,0,4987,1789633726874520576,3812342991286278
2,0,4988,1789633726874529792,3812342991295822
2,0,4989,1789633726874540032,3812342991305482
2,0,4990,1789633726874549248,3812342991315152
2,0,4991,1789633726874558464,3812342991324659
2,0,4992,1789633726874568704,3812342991334172
2,0,4993,1789633726874577920,3812342991343735
2,0,4994,1789633726874587136,3812342991353289
2,0,4995,1789633726874597376,3812342991362847
2,0,4996,1789633726874606592,3812342991372399
2,0,4997,1789633726874615808,3812342991381942
2,0,4998,1789633726874626048,3812342991391463
2,0,4999,1789633726874635264,3812342991401078
2,0,5000,1789633726874644480,3812342991410748
2,0,5001,1789633726874654720,3812342991420274
2,0,5002,1789633726874663936,3812342991429829
2,0,5003,1789633726874673152,3812342991439378
2,0,5004,1789633726874683392,3812342991448927
2,0,5005,1789633726874692608,3812342991458467
2,0,5006,1789633726874701824,3812342991467998
2,0,5007,1789633726874712064,3812342991477529
2,0,5008,1789633726874721280,3812342991487055
2,0,5009,1789633726874730496,3812342991496655
2,0,5010,1789633726874740736,3812342991506332
2,0,5011,1789633726874749952,3812342991515862
2,0,5012,1789633726874759168,3812342991525502
2,0,5013,1789633726874769408,3812342991535052
2,0,5014,1789633726874778624,3812342991544589
2,0,5015,1789633726874787840,3812342991554169
2,0,5016,1789633726874798080,3812342991563709
2,0,5017,1789633726874807296,3812342991573229
2,0,5018,1789633726874816512,3812342991582762
2,0,5019,1789633726874826752,3812342991592291
2,0,5020,1789633726874835968,3812342991601919
2,0,5021,1789633726874845184,3812342991611447
2,0,5022,1789633726874855424,3812342991621013
2,0,5023,1789633726874864640,3812342991630556
2,0,5024,1789633726874873856,3812342991640111
2,0,5025,1789633726874884096,3812342991649658
2,0,5026,1789633726874893312,3812342991659218
2,0,5027,1789633726874902528,3812342991668742
2,0,5028,1789633726874912768,3812342991678258
2,0,5029,1789633726874921984,3812342991687834
2,0,5030,1789633726874931200,3812342991697504
2,0,5031,1789633726874941440,3812342991707042
2,0,5032,1789633726874950656,3812342991716599
2,0,5033,1789633726874959872,3812342991726152
2,0,5034,1789633726874970112,3812342991735698
2,0,5035,1789633726874979328,3812342991745259
2,0,5036,1789633726874988544,3812342991754809
2,0,5037,1789633726874998784,3812342991764347
2,0,5038,1789633726875008000,3812342991773878
2,0,5039,1789633726875017216,3812342991783453
2,0,5040,1789633726875027456,3812342991793099
2,0,5041,1789633726875036672,3812342991802629
2,0,5042,1789633726875045888,3812342991812149
2,0,5043,1789633726875056128,3812342991821695
2,0,5044,1789633726875065344,3812342991831249
2,0,5045,1789633726875074560,3812342991840813
2,0,5046,1789633726875084800,3812342991850359
2,0,5047,1789633726875094016,3812342991859899
2,0,5048,1789633726875103232,3812342991869407
2,0,5049,1789633726875113472,3812342991879025
2,0,5050,1789633726875122688,3812342991888703
2,0,5051,1789633726875132928,3812342991898209
2,0,5052,1789633726875142144,3812342991907749
2,0,5053,1789633726875151360,3812342991917288
2,0,5054,1789633726875160576,3812342991926853
2,0,5055,1789633726875170816,3812342991936409
2,0,5056,1789633726875180032,3812342991945945
2,0,5057,1789633726875189248,3812342991955475
2,0,5058,1789633726875199488,3812342991965007
2,0,5059,1789633726875208704,3812342991974623
2,0,5060,1789633726875217920,3812342991984285
2,0,5061,1789633726875228160,3812342991993819
2,0,5062,1789633726875237376,3812342992003378
2,0,5063,1789633726875246592,3812342992012938
2,0,5064,1789633726875256832,3812342992022476
2,0,5065,1789633726875266048,3812342992032038
2,0,5066,1789633726875275264,3812342992041578
2,0,5067,1789633726875285504,3812342992051109
2,0,5068,1789633726875294720,3812342992060667
2,0,5069,1789633726875303936,3812342992070189
2,0,5070,1789633726875314176,3812342992079869
2,0,5071,1789633726875323392,3812342992089389
2,0,5072,1789633726875333632,3812342992098958
2,0,5073,1789633726875342848,3812342992108528
2,0,5074,1789633726875352064,3812342992118068
2,0,5075,1789633726875362304,3812342992127618
2,0,5076,1789633726875371520,3812342992137165
2,0,5077,1789633726875380736,3812342992146693
2,0,5078,1789633726875389952,3812342992156213
2,0,5079,1789633726875400192,3812342992165818
2,0,5080,1789633726875409408,3812342992175465
2,0,5081,1789633726875419648,3812342992184985
2,0,5082,1789633726875428864,3812342992194507
2,0,5083,1789633726875438080,3812342992204054
2,0,5084,1789633726875447296,3812342992213623
2,0,5085,1789633726875457536,3812342992223179
2,0,5086,1789633726875466752,3812342992232733
2,0,5087,1789633726875475968,3812342992242249
2,0,5088,1789633726875486208,3812342992251775
2,0,5089,1789633726875495424,3812342992261383
2,0,5090,1789633726875504640,3812342992271045
2,0,5091,1789633726875514880,3812342992280578
2,0,5092,1789633726875524096,3812342992290149
2,0,5093,1789633726875534336,3812342992299695
2,0,5094,1789633726875543552,3812342992309244
2,0,5095,1789633726875552768,3812342992318798
2,0,5096,1789633726875563008,3812342992328323
2,0,5097,1789633726875572224,3812342992337836
2,0,5098,1789633726875581440,3812342992347370
2,0,5099,1789633726875590656,3812342992356981
2,0,5100,1789633726875600896,3812342992366638
2,0,5101,1789633726875610112,3812342992376191
2,0,5102,1789633726875620352,3812342992385738
2,0,5103,1789633726875629568,3812342992395288
2,0,5104,1789633726875638784,3812342992404845
2,0,5105,1789633726875649024,3812342992414412
2,0,5106,1789633726875658240,3812342992423948
2,0,5107,1789633726875667456,3812342992433493
2,0,5108,1789633726875677696,3812342992443014
2,0,5109,1789633726875686912,3812342992452573
2,0,5110,1789633726875696128,3812342992462253
2,0,5111,1789633726875706368,3812342992471773
2,0,5112,1789633726875715584,3812342992481275
2,0,5113,1789633726875724800,3812342992490827
2,0,5114,1789633726875735040,3812342992500388
2,0,5115,1789633726875744256,3812342992509952
2,0,5116,1789633726875753472,3812342992519494
2,0,5117,1789633726875763712,3812342992529013
2,0,5118,1789633726875772928,3812342992538525
2,0,5119,1789633726875782144,3812342992548153
2,0,5120,1789633726875791360,3812342992557829
2,0,5121,1789633726875801600,3812342992567348
2,0,5122,1789633726875810816,3812342992576872
2,0,5123,1789633726875821056,3812342992586428
2,0,5124,1789633726875830272,3812342992595978
2,0,5125,1789633726875839488,3812342992605528
2,0,5126,1789633726875849728,3812342992615088
2,0,5127,1789633726875858944,3812342992624629
2,0,5128,1789633726875868160,3812342992634144
2,0,5129,1789633726875877376,3812342992643747
2,0,5130,1789633726875887616,3812342992653415
2,0,5131,1789633726875896832,3812342992662943
2,0,5132,1789633726875907072,3812342992672458
2,0,5133,1789633726875916288,3812342992682015
2,0,5134,1789633726875925504,3812342992691552
2,0,5135,1789633726875935744,3812342992701107
2,0,5136,1789633726875944960,3812342992710676
2,0,5137,1789633726875954176,3812342992720215
2,0,5138,1789633726875964416,3812342992729758
2,0,5139,1789633726875973632,3812342992739345
2,0,5140,1789633726875982848,3812342992749028
2,0,5141,1789633726875993088,3812342992758549
2,0,5142,1789633726876002304,3812342992768098
2,0,5143,1789633726876011520,3812342992777653
2,0,5144,1789633726876021760,3812342992787158
2,0,5145,1789633726876030976,3812342992796758
2,0,5146,1789633726876040192,3812342992806285
2,0,5147,1789633726876050432,3812342992815808
2,0,5148,1789633726876059648,3812342992825318
2,0,5149,1789633726876068864,3812342992834925
2,0,5150,1789633726876079104,3812342992844605
2,0,5151,1789633726876088320,3812342992854124
2,0,5152,1789633726876097536,3812342992863703
2,0,5153,1789633726876107776,3812342992873232
2,0,5154,1789633726876116992,3812342992882788
2,0,5155,1789633726876126208,3812342992892358
2,0,5156,1789633726876136448,3812342992901893
2,0,5157,1789633726876145664,3812342992911398
2,0,5158,1789633726876154880,3812342992920932
2,0,5159,1789633726876165120,3812342992930522
2,0,5160,1789633726876174336,3812342992940183
2,0,5161,1789633726876183552,3812342992949718
2,0,5162,1789633726876193792,3812342992959285
2,0,5163,1789633726876203008,3812342992968829
2,0,5164,1789633726876212224,3812342992978378
2,0,5165,1789633726876222464,3812342992987941
2,0,5166,1789633726876231680,3812342992997488
2,0,5167,1789633726876240896,3812342993007014
2,0,5168,1789633726876251136,3812342993016542
2,0,5169,1789633726876260352,3812342993026123
2,0,5170,1789633726876269568,3812342993035778
2,0,5171,1789633726876279808,3812342993045309
2,0,5172,1789633726876289024,3812342993054882
2,0,5173,1789633726876298240,3812342993064411
2,0,5174,1789633726876308480,3812342993073969
2,0,5175,1789633726876317696,3812342993083533
2,0,5176,1789633726876326912,3812342993093065
2,0,5177,1789633726876337152,3812342993102590
2,0,5178,1789633726876346368,3812342993112114
2,0,5179,1789633726876355584,3812342993121693
2,0,5180,1789633726876365824,3812342993131378
2,0,5181,1789633726876375040,3812342993140894
2,0,5182,1789633726876384256,3812342993150474
2,0,5183,1789633726876394496,3812342993160002
2,0,5184,1789633726876403712,3812342993169555
2,0,5185,1789633726876412928,3812342993179118
2,0,5186,1789633726876423168,3812342993188653
2,0,5187,1789633726876432384,3812342993198168
2,0,5188,1789633726876441600,3812342993207708
2,0,5189,1789633726876451840,3812342993217283
2,0,5190,1789633726876461056,3812342993226954
2,0,5191,1789633726876470272,3812342993236482
2,0,5192,1789633726876480512,3812342993246018
2,0,5193,1789633726876489728,3812342993255576
2,0,5194,1789633726876498944,3812342993265108
2,0,5195,1789633726876509184,3812342993274668
2,0,5196,1789633726876518400,3812342993284227
2,0,5197,1789633726876527616,3812342993293755
2,0,5198,1789633726876537856,3812342993303282
2,0,5199,1789633726876547072,3812342993312874
2,0,5200,1789633726876556288,3812342993322560
2,0,5201,1789633726876566528,3812342993332398
2,0,5202,1789633726876575744,3812342993342158
2,0,5203,1789633726876585984,3812342993351918
2,0,5204,1789633726876595200,3812342993363172
2,0,5205,1789633726876605440,3812342993371418
2,0,5206,1789633726876614656,3812342993381165
2,0,5207,1789633726876624896,3812342993390923
2,0,5208,1789633726876635136,3812342993400672
2,0,5209,1789633726876644352,3812342993410438
2,0,5210,1789633726876654592,3812342993420179
2,0,5211,1789633726876663808,3812342993429938
2,0,5212,1789633726876674048,3812342993439676
2,0,5213,1789633726876683264,3812342993449443
2,0,5214,1789633726876693504,3812342993459185
2,0,5215,1789633726876702720,3812342993468868
2,0,5216,1789633726876712960,3812342993478711
2,0,5217,1789633726876722176,3812342993488413
2,0,5218,1789633726876732416,3812342993497958
2,0,5219,1789633726876741632,3812342993507472
2,0,5220,1789633726876750848,3812342993517068
2,0,5221,1789633726876761088,3812342993526616
2,0,5222,1789633726876770304,3812342993536178
2,0,5223,1789633726876779520,3812342993545750
2,0,5224,1789633726876789760,3812342993555263
2,0,5225,1789633726876798976,3812342993564778
2,0,5226,1789633726876808192,3812342993574308
2,0,5227,1789633726876818432,3812342993583961
2,0,5228,1789633726876827648,3812342993593508
2,0,5229,1789633726876836864,3812342993603061
2,0,5230,1789633726876847104,3812342993612579
2,0,5231,1789633726876856320,3812342993622129
2,0,5232,1789633726876865536,3812342993631703
2,0,5233,1789633726876875776,3812342993641231
2,0,5234,1789633726876884992,3812342993650760
2,0,5235,1789633726876894208,3812342993660295
2,0,5236,1789633726876904448,3812342993669903
2,0,5237,1789633726876913664,3812342993679565
2,0,5238,1789633726876922880,3812342993689099
2,0,5239,1789633726876933120,3812342993698652
2,0,5240,1789633726876942336,3812342993708198
2,0,5241,1789633726876951552,3812342993717749
2,0,5242,1789633726876961792,3812342993727295
2,0,5243,1789633726876971008,3812342993736848
2,0,5244,1789633726876980224,3812342993746358
2,0,5245,1789633726876990464,3812342993755896
2,0,5246,1789633726876999680,3812342993765489
2,0,5247,1789633726877008896,3812342993775142
2,0,5248,1789633726877019136,3812342993784701
2,0,5249,1789633726877028352,3812342993794235
2,0,5250,1789633726877037568,3812342993803789
2,0,5251,1789633726877047808,3812342993813348
2,0,5252,1789633726877057024,3812342993822883
2,0,5253,1789633726877066240,3812342993832447
2,0,5254,1789633726877076480,3812342993841978
2,0,5255,1789633726877085696,3812342993851512
2,0,5256,1789633726877094912,3812342993861068
2,0,5257,1789633726877105152,3812342993870736
2,0,5258,1789633726877114368,3812342993880262
2,0,5259,1789633726877123584,3812342993889838
2,0,5260,1789633726877133824,3812342993899374
2,0,5261,1789633726877143040,3812342993908905
2,0,5262,1789633726877152256,3812342993918469
2,0,5263,1789633726877162496,3812342993927998
2,0,5264,1789633726877171712,3812342993937527
2,0,5265,1789633726877180928,3812342993947035
2,0,5266,1789633726877191168,3812342993956652
2,0,5267,1789633726877200384,3812342993966195
2,0,5268,1789633726877209600,3812342993975748
2,0,5269,1789633726877219840,3812342993985283
2,0,5270,1789633726877229056,3812342993994838
2,0,5271,1789633726877238272,3812342994004376
2,0,5272,1789633726877248512,3812342994013942
2,0,5273,1789633726877257728,3812342994023493
2,0,5274,1789633726877266944,3812342994033039
2,0,5275,1789633726877277184,3812342994042573
2,0,5276,1789633726877286400,3812342994052273
2,0,5277,1789633726877295616,3812342994061918
2,0,5278,1789633726877305856,3812342994071448
2,0,5279,1789633726877315072,3812342994081015
2,0,5280,1789633726877324288,3812342994090566
2,0,5281,1789633726877334528,3812342994100108
2,0,5282,1789633726877343744,3812342994109668
2,0,5283,1789633726877352960,3812342994119207
2,0,5284,1789633726877363200,3812342994128733
2,0,5285,1789633726877372416,3812342994138258
2,0,5286,1789633726877381632,3812342994147828
2,0,5287,1789633726877391872,3812342994157535
2,0,5288,1789633726877401088,3812342994167075
2,0,5289,1789633726877410304,3812342994176598
2,0,5290,1789633726877420544,3812342994186158
2,0,5291,1789633726877429760,3812342994195698
2,0,5292,1789633726877438976,3812342994205253
2,0,5293,1789633726877449216,3812342994214798
2,0,5294,1789633726877458432,3812342994224310
2,0,5295,1789633726877467648,3812342994233839
2,0,5296,1789633726877477888,3812342994243453
2,0,5297,1789633726877487104,3812342994253098
2,0,5298,1789633726877496320,3812342994262625
2,0,5299,1789633726877506560,3812342994272149
2,0,5300,1789633726877515776,3812342994281678
2,0,5301,1789633726877524992,3812342994291263
2,0,5302,1789633726877535232,3812342994300822
2,0,5303,1789633726877544448,3812342994310371
2,0,5304,1789633726877553664,3812342994319907
2,0,5305,1789633726877563904,3812342994329447
2,0,5306,1789633726877573120,3812342994339016
2,0,5307,1789633726877582336,3812342994348688
2,0,5308,1789633726877592576,3812342994358217
2,0,5309,1789633726877601792,3812342994367795
2,0,5310,1789633726877611008,3812342994377326
2,0,5311,1789633726877621248,3812342994386869
2,0,5312,1789633726877630464,3812342994396415
2,0,5313,1789633726877639680,3812342994405950
2,0,5314,1789633726877649920,3812342994415487
2,0,5315,1789633726877659136,3812342994425005
2,0,5316,1789633726877668352,3812342994434613
2,0,5317,1789633726877678592,3812342994444281
2,0,5318,1789633726877687808,3812342994453808
2,0,5319,1789633726877697024,3812342994463318
2,0,5320,1789633726877707264,3812342994472881
2,0,5321,1789633726877716480,3812342994482423
2,0,5322,1789633726877725696,3812342994491975
2,0,5323,1789633726877735936,3812342994501547
2,0,5324,1789633726877745152,3812342994511045
2,0,5325,1789633726877754368,3812342994520596
2,0,5326,1789633726877764608,3812342994530195
2,0,5327,1789633726877773824,3812342994539869
2,0,5328,1789633726877784064,3812342994549383
2,0,5329,1789633726877793280,3812342994558891
2,0,5330,1789633726877802496,3812342994568465
2,0,5331,1789633726877811712,3812342994578000
2,0,5332,1789633726877821952,3812342994587552
2,0,5333,1789633726877831168,3812342994597071
2,0,5334,1789633726877840384,3812342994606605
2,0,5335,1789633726877850624,3812342994616135
2,0,5336,1789633726877859840,3812342994625786
2,0,5337,1789633726877869056,3812342994635468
2,0,5338,1789633726877879296,3812342994644996
2,0,5339,1789633726877888512,3812342994654558
2,0,5340,1789633726877897728,3812342994664091
2,0,5341,1789633726877907968,3812342994673643
2,0,5342,1789633726877917184,3812342994683183
2,0,5343,1789633726877926400,3812342994692710
2,0,5344,1789633726877936640,3812342994702234
2,0,5345,1789633726877945856,3812342994711761
2,0,5346,1789633726877955072,3812342994721388
2,0,5347,1789633726877965312,3812342994731047
2,0,5348,1789633726877974528,3812342994740586
2,0,5349,1789633726877984768,3812342994750145
2,0,5350,1789633726877993984,3812342994759680
2,0,5351,1789633726878003200,3812342994769244
2,0,5352,1789633726878012416,3812342994778775
2,0,5353,1789633726878022656,3812342994788348
2,0,5354,1789633726878031872,3812342994797851
2,0,5355,1789633726878041088,3812342994807400
2,0,5356,1789633726878051328,3812342994816957
2,0,5357,1789633726878060544,3812342994826645
2,0,5358,1789633726878070784,3812342994836173
2,0,5359,1789633726878080000,3812342994845731
2,0,5360,1789633726878089216,3812342994855272
2,0,5361,1789633726878099456,3812342994864829
2,0,5362,1789633726878108672,3812342994874388
2,0,5363,1789633726878117888,3812342994883928
2,0,5364,1789633726878127104,3812342994893443
2,0,5365,1789633726878137344,3812342994902974
2,0,5366,1789633726878146560,3812342994912551
2,0,5367,1789633726878155776,3812342994922238
2,0,5368,1789633726878166016,3812342994931770
2,0,5369,1789633726878175232,3812342994941334
2,0,5370,1789633726878185472,3812342994950867
2,0,5371,1789633726878194688,3812342994960423
2,0,5372,1789633726878203904,3812342994969962
2,0,5373,1789633726878214144,3812342994979511
2,0,5374,1789633726878223360,3812342994989049
2,0,5375,1789633726878232576,3812342994998562
2,0,5376,1789633726878241792,3812342995008156
2,0,5377,1789633726878252032,3812342995017822
2,0,5378,1789633726878261248,3812342995027335
2,0,5379,1789633726878271488,3812342995036913
2,0,5380,1789633726878280704,3812342995046447
2,0,5381,1789633726878289920,3812342995056003
2,0,5382,1789633726878300160,3812342995065546
2,0,5383,1789633726878309376,3812342995075098
2,0,5384,1789633726878318592,3812342995084607
2,0,5385,1789633726878327808,3812342995094136
2,0,5386,1789633726878338048,3812342995103743
2,0,5387,1789633726878347264,3812342995113420
2,0,5388,1789633726878357504,3812342995122934
2,0,5389,1789633726878366720,3812342995132447
2,0,5390,1789633726878375936,3812342995142008
2,0,5391,1789633726878386176,3812342995151548
2,0,5392,1789633726878395392,3812342995161111
2,0,5393,1789633726878404608,3812342995170676
2,0,5394,1789633726878414848,3812342995180186
2,0,5395,1789633726878424064,3812342995189722
2,0,5396,1789633726878433280,3812342995199328
2,0,5397,1789633726878443520,3812342995209003
2,0,5398,1789633726878452736,3812342995218520
2,0,5399,1789633726878461952,3812342995228102
2,0,5400,1789633726878472192,3812342995237647
2,0,5401,1789633726878481408,3812342995247186
2,0,5402,1789633726878490624,3812342995256734
2,0,5403,1789633726878500864,3812342995266281
2,0,5404,1789633726878510080,3812342995275806
2,0,5405,1789633726878519296,3812342995285340
2,0,5406,1789633726878528512,3812342995294924
2,0,5407,1789633726878538752,3812342995304583
2,0,5408,1789633726878547968,3812342995314124
2,0,5409,1789633726878558208,3812342995323688
2,0,5410,1789633726878567424,3812342995333221
2,0,5411,1789633726878576640,3812342995342774
2,0,5412,1789633726878586880,3812342995352331
2,0,5413,1789633726878596096,3812342995361891
2,0,5414,1789633726878605312,3812342995371388
2,0,5415,1789633726878615552,3812342995380913
2,0,5416,1789633726878624768,3812342995390518
2,0,5417,1789633726878633984,3812342995400180
2,0,5418,1789633726878644224,3812342995409714
2,0,5419,1789633726878653440,3812342995419222
2,0,5420,1789633726878662656,3812342995428798
2,0,5421,1789633726878672896,3812342995438331
2,0,5422,1789633726878682112,3812342995447897
2,0,5423,1789633726878691328,3812342995457436
2,0,5424,1789633726878701568,3812342995466968
2,0,5425,1789633726878710784,3812342995476498
2,0,5426,1789633726878720000,3812342995486091
2,0,5427,1789633726878730240,3812342995495783
2,0,5428,1789633726878739456,3812342995505286
2,0,5429,1789633726878748672,3812342995514834
2,0,5430,1789633726878758912,3812342995524378
2,0,5431,1789633726878768128,3812342995533933
2,0,5432,1789633726878777344,3812342995543485
2,0,5433,1789633726878787584,3812342995553023
2,0,5434,1789633726878796800,3812342995562558
2,0,5435,1789633726878806016,3812342995572086
2,0,5436,1789633726878816256,3812342995581694
2,0,5437,1789633726878825472,3812342995591361
2,0,5438,1789633726878834688,3812342995600898
2,0,5439,1789633726878844928,3812342995610465
2,0,5440,1789633726878854144,3812342995619995
2,0,5441,1789633726878863360,3812342995629558
2,0,5442,1789633726878873600,3812342995639097
2,0,5443,1789633726878882816,3812342995648643
2,0,5444,1789633726878892032,3812342995658180
2,0,5445,1789633726878902272,3812342995667714
2,0,5446,1789633726878911488,3812342995677283
2,0,5447,1789633726878920704,3812342995686945
2,0,5448,1789633726878930944,3812342995696477
2,0,5449,1789633726878940160,3812342995706003
2,0,5450,1789633726878949376,3812342995715552
2,0,5451,1789633726878959616,3812342995725103
2,0,5452,1789633726878968832,3812342995734655
2,0,5453,1789633726878978048,3812342995744223
2,0,5454,1789633726878988288,3812342995753740
2,0,5455,1789633726878997504,3812342995763271
2,0,5456,1789633726879006720,3812342995772870
2,0,5457,1789633726879016960,3812342995782551
2,0,5458,1789633726879026176,3812342995797958
2,0,5459,1789633726879035392,3812342995801642
2,0,5460,1789633726879045632,3812342995811185
2,0,5461,1789633726879054848,3812342995820750
2,0,5462,1789633726879064064,3812342995830300
2,0,5463,1789633726879074304,3812342995839836
2,0,5464,1789633726879083520,3812342995849366
2,0,5465,1789633726879092736,3812342995858891
2,0,5466,1789633726879102976,3812342995868477
2,0,5467,1789633726879112192,3812342995878144
2,0,5468,1789633726879121408,3812342995887671
2,0,5469,1789633726879131648,3812342995897235
2,0,5470,1789633726879140864,3812342995906776
2,0,5471,1789633726879150080,3812342995916330
2,0,5472,1789633726879160320,3812342995925891
2,0,5473,1789633726879169536,3812342995935494
2,0,5474,1789633726879178752,3812342995945040
2,0,5475,1789633726879188992,3812342995954584
2,0,5476,1789633726879198208,3812342995964134
2,0,5477,1789633726879207424,3812342995973815
2,0,5478,1789633726879217664,3812342995983483
2,0,5479,1789633726879226880,3812342995993017
2,0,5480,1789633726879237120,3812342996002589
2,0,5481,1789633726879246336,3812342996012163
2,0,5482,1789633726879255552,3812342996021734
2,0,5483,1789633726879265792,3812342996031286
2,0,5484,1789633726879275008,3812342996040848
2,0,5485,1789633726879284224,3812342996050383
2,0,5486,1789633726879294464,3812342996059901
2,0,5487,1789633726879303680,3812342996069438
2,0,5488,1789633726879312896,3812342996079081
2,0,5489,1789633726879323136,3812342996088614
2,0,5490,1789633726879332352,3812342996098171
2,0,5491,1789633726879341568,3812342996107713
2,0,5492,1789633726879351808,3812342996117271
2,0,5493,1789633726879361024,3812342996126831
2,0,5494,1789633726879370240,3812342996136379
2,0,5495,1789633726879380480,3812342996145909
2,0,5496,1789633726879389696,3812342996155471
2,0,5497,1789633726879398912,3812342996165006
2,0,5498,1789633726879409152,3812342996174667
2,0,5499,1789633726879418368,3812342996184194
2,0,5500,1789633726879427584,3812342996193756
2,0,5501,1789633726879437824,3812342996203303
2,0,5502,1789633726879447040,3812342996212856
2,0,5503,1789633726879456256,3812342996222426
2,0,5504,1789633726879466496,3812342996231969
2,0,5505,1789633726879475712,3812342996241498
2,0,5506,1789633726879484928,3812342996251037
2,0,5507,1789633726879495168,3812342996260575
2,0,5508,1789633726879504384,3812342996270247
2,0,5509,1789633726879513600,3812342996279798
2,0,5510,1789633726879523840,3812342996289353
2,0,5511,1789633726879533056,3812342996298900
2,0,5512,1789633726879542272,3812342996308467
2,0,5513,1789633726879552512,3812342996318028
2,0,5514,1789633726879561728,3812342996327555
2,0,5515,1789633726879570944,3812342996337103
2,0,5516,1789633726879581184,3812342996346637
2,0,5517,1789633726879590400,3812342996356168
2,0,5518,1789633726879599616,3812342996365845
2,0,5519,1789633726879609856,3812342996375611
2,0,5520,1789633726879619072,3812342996385137
2,0,5521,1789633726879628288,3812342996394628
2,0,5522,1789633726879638528,3812342996404194
2,0,5523,1789633726879647744,3812342996413728
2,0,5524,1789633726879656960,3812342996423308
2,0,5525,1789633726879667200,3812342996432857
2,0,5526,1789633726879676416,3812342996442403
2,0,5527,1789633726879685632,3812342996451941
2,0,5528,1789633726879695872,3812342996461514
2,0,5529,1789633726879705088,3812342996471195
2,0,5530,1789633726879715328,3812342996480706
2,0,5531,1789633726879724544,3812342996490288
2,0,5532,1789633726879733760,3812342996499830
2,0,5533,1789633726879742976,3812342996509394
2,0,5534,1789633726879753216,3812342996518940
2,0,5535,1789633726879762432,3812342996528483
2,0,5536,1789633726879771648,3812342996538014
2,0,5537,1789633726879781888,3812342996547537
2,0,5538,1789633726879791104,3812342996557116
2,0,5539,1789633726879800320,3812342996566786
2,0,5540,1789633726879810560,3812342996576548
2,0,5541,1789633726879819776,3812342996586107
2,0,5542,1789633726879830016,3812342996595623
2,0,5543,1789633726879839232,3812342996605224
2,0,5544,1789633726879848448,3812342996614791
2,0,5545,1789633726879858688,3812342996624343
2,0,5546,1789633726879867904,3812342996633897
2,0,5547,1789633726879877120,3812342996643453
2,0,5548,1789633726879887360,3812342996652966
2,0,5549,1789633726879896576,3812342996662511
2,0,5550,1789633726879905792,3812342996672127
2,0,5551,1789633726879916032,3812342996681705
2,0,5552,1789633726879925248,3812342996691235
2,0,5553,1789633726879934464,3812342996700821
2,0,5554,1789633726879944704,3812342996710377
2,0,5555,1789633726879953920,3812342996719931
2,0,5556,1789633726879963136,3812342996729492
2,0,5557,1789633726879973376,3812342996739006
2,0,5558,1789633726879982592,3812342996748544
2,0,5559,1789633726879991808,3812342996758078
2,0,5560,1789633726880002048,3812342996767715
2,0,5561,1789633726880011264,3812342996777260
2,0,5562,1789633726880020480,3812342996786808
2,0,5563,1789633726880030720,3812342996796362
2,0,5564,1789633726880039936,3812342996805923
2,0,5565,1789633726880049152,3812342996815491
2,0,5566,1789633726880059392,3812342996825063
2,0,5567,1789633726880068608,3812342996834588
2,0,5568,1789633726880077824,3812342996844123
2,0,5569,1789633726880088064,3812342996853645
2,0,5570,1789633726880097280,3812342996863317
2,0,5571,1789633726880106496,3812342996872847
2,0,5572,1789633726880116736,3812342996882407
2,0,5573,1789633726880125952,3812342996891943
2,0,5574,1789633726880135168,3812342996901497
2,0,5575,1789633726880145408,3812342996911067
2,0,5576,1789633726880154624,3812342996920607
2,0,5577,1789633726880163840,3812342996930141
2,0,5578,1789633726880174080,3812342996939680
2,0,5579,1789633726880183296,3812342996949233
2,0,5580,1789633726880192512,3812342996958903
2,0,5581,1789633726880202752,3812342996968436
2,0,5582,1789633726880211968,3812342996977997
2,0,5583,1789633726880221184,3812342996987538
2,0,5584,1789633726880231424,3812342996997107
2,0,5585,1789633726880240640,3812342997006606
2,0,5586,1789633726880249856,3812342997016172
2,0,5587,1789633726880260096,3812342997025673
2,0,5588,1789633726880269312,3812342997035216
2,0,5589,1789633726880278528,3812342997044831
2,0,5590,1789633726880288768,3812342997054486
2,0,5591,1789633726880297984,3812342997064027
2,0,5592,1789633726880307200,3812342997073588
2,0,5593,1789633726880317440,3812342997083133
2,0,5594,1789633726880326656,3812342997092665
2,0,5595,1789633726880335872,3812342997102223
2,0,5596,1789633726880346112,3812342997111755
2,0,5597,1789633726880355328,3812342997121271
2,0,5598,1789633726880364544,3812342997130805
2,0,5599,1789633726880374784,3812342997140408
2,0,5600,1789633726880384000,3812342997150086
2,0,5601,1789633726880393216,3812342997159599
2,0,5602,1789633726880403456,3812342997169167
2,0,5603,1789633726880412672,3812342997178727
2,0,5604,1789633726880421888,3812342997188271
2,0,5605,1789633726880432128,3812342997197827
2,0,5606,1789633726880441344,3812342997207358
2,0,5607,1789633726880450560,3812342997216887
2,0,5608,1789633726880460800,3812342997226404
2,0,5609,1789633726880470016,3812342997236014
2,0,5610,1789633726880479232,3812342997245669
2,0,5611,1789633726880489472,3812342997255207
2,0,5612,1789633726880498688,3812342997264764
2,0,5613,1789633726880507904,3812342997274306
2,0,5614,1789633726880518144,3812342997283867
2,0,5615,1789633726880527360,3812342997293445
2,0,5616,1789633726880536576,3812342997303019
2,0,5617,1789633726880546816,3812342997312550
2,0,5618,1789633726880556032,3812342997322068
2,0,5619,1789633726880565248,3812342997331595
2,0,5620,1789633726880575488,3812342997341256
2,0,5621,1789633726880584704,3812342997350795
2,0,5622,1789633726880593920,3812342997360347
2,0,5623,1789633726880604160,3812342997369907
2,0,5624,1789633726880613376,3812342997379441
2,0,5625,1789633726880622592,3812342997389005
2,0,5626,1789633726880632832,3812342997398532
2,0,5627,1789633726880642048,3812342997408053
2,0,5628,1789633726880651264,3812342997417593
2,0,5629,1789633726880661504,3812342997427187
2,0,5630,1789633726880670720,3812342997436851
2,0,5631,1789633726880680960,3812342997446372
2,0,5632,1789633726880690176,3812342997455900
2,0,5633,1789633726880699392,3812342997465497
2,0,5634,1789633726880709632,3812342997475030
2,0,5635,1789633726880718848,3812342997484606
2,0,5636,1789633726880728064,3812342997494138
2,0,5637,1789633726880737280,3812342997503668
2,0,5638,1789633726880747520,3812342997513187
2,0,5639,1789633726880756736,3812342997522773
2,0,5640,1789633726880765952,3812342997532445
2,0,5641,1789633726880776192,3812342997541955
2,0,5642,1789633726880785408,3812342997551502
2,0,5643,1789633726880794624,3812342997561035
2,0,5644,1789633726880804864,3812342997570594
2,0,5645,1789633726880814080,3812342997580680
2,0,5646,1789633726880823296,3812342997589713
2,0,5647,1789633726880833536,3812342997599240
2,0,5648,1789633726880842752,3812342997608794
2,0,5649,1789633726880851968,3812342997618374
2,0,5650,1789633726880862208,3812342997628027
2,0,5651,1789633726880871424,3812342997637567
2,0,5652,1789633726880881664,3812342997647128
2,0,5653,1789633726880890880,3812342997656677
2,0,5654,1789633726880900096,3812342997666214
2,0,5655,1789633726880910336,3812342997675767
2,0,5656,1789633726880919552,3812342997685323
2,0,5657,1789633726880928768,3812342997694854
2,0,5658,1789633726880937984,3812342997704386
2,0,5659,1789633726880948224,3812342997713934
2,0,5660,1789633726880957440,3812342997723440
2,0,5661,1789633726880966656,3812342997732983
2,0,5662,1789633726880976896,3812342997742532
2,0,5663,1789633726880986112,3812342997752087
2,0,5664,1789633726880995328,3812342997761634
2,0,5665,1789633726881005568,3812342997771183
2,0,5666,1789633726881014784,3812342997780690
2,0,5667,1789633726881024000,3812342997790235
2,0,5668,1789633726881034240,3812342997799789
2,0,5669,1789633726881043456,3812342997809494
2,0,5670,1789633726881052672,3812342997819036
2,0,5671,1789633726881062912,3812342997828564
2,0,5672,1789633726881072128,3812342997838107
2,0,5673,1789633726881081344,3812342997847648
2,0,5674,1789633726881091584,3812342997857195
2,0,5675,1789633726881100800,3812342997866732
2,0,5676,1789633726881110016,3812342997876268
2,0,5677,1789633726881120256,3812342997885806
2,0,5678,1789633726881129472,3812342997895391
2,0,5679,1789633726881138688,3812342997905053
2,0,5680,1789633726881148928,3812342997914594
2,0,5681,1789633726881158144,3812342997924140
2,0,5682,1789633726881167360,3812342997933689
2,0,5683,1789633726881177600,3812342997943247
2,0,5684,1789633726881186816,3812342997952803
2,0,5685,1789633726881196032,3812342997962323
2,0,5686,1789633726881206272,3812342997971891
2,0,5687,1789633726881215488,3812342997981370
2,0,5688,1789633726881224704,3812342997990969
2,0,5689,1789633726881234944,3812342998000657
2,0,5690,1789633726881244160,3812342998010173
2,0,5691,1789633726881253376,3812342998019744
2,0,5692,1789633726881263616,3812342998029257
2,0,5693,1789633726881272832,3812342998038857
2,0,5694,1789633726881282048,3812342998048414
2,0,5695,1789633726881292288,3812342998057948
2,0,5696,1789633726881301504,3812342998067468
2,0,5697,1789633726881310720,3812342998077003
2,0,5698,1789633726881320960,3812342998086562
2,0,5699,1789633726881330176,3812342998096267
2,0,5700,1789633726881339392,3812342998105815
2,0,5701,1789633726881349632,3812342998115321
2,0,5702,1789633726881358848,3812342998124868
2,0,5703,1789633726881368064,3812342998134413
2,0,5704,1789633726881378304,3812342998143973
2,0,5705,1789633726881387520,3812342998153511
2,0,5706,1789633726881396736,3812342998163028
2,0,5707,1789633726881406976,3812342998172564
2,0,5708,1789633726881416192,3812342998182163
2,0,5709,1789633726881425408,3812342998191883
2,0,5710,1789633726881435648,3812342998201365
2,0,5711,1789633726881444864,3812342998210905
2,0,5712,1789633726881454080,3812342998220464
2,0,5713,1789633726881464320,3812342998232740
2,0,5714,1789633726881473536,3812342998239560
2,0,5715,1789633726881482752,3812342998249106
2,0,5716,1789633726881492992,3812342998258644
2,0,5717,1789633726881502208,3812342998268187
2,0,5718,1789633726881511424,3812342998277738
2,0,5719,1789633726881521664,3812342998287419
2,0,5720,1789633726881530880,3812342998296951
2,0,5721,1789633726881540096,3812342998306510
2,0,5722,1789633726881550336,3812342998316047
2,0,5723,1789633726881559552,3812342998325607
2,0,5724,1789633726881568768,3812342998335169
2,0,5725,1789633726881579008,3812342998344703
2,0,5726,1789633726881588224,3812342998354203
2,0,5727,1789633726881597440,3812342998363745
2,0,5728,1789633726881607680,3812342998373343
2,0,5729,1789633726881616896,3812342998383006
2,0,5730,1789633726881626112,3812342998392517
2,0,5731,1789633726881636352,3812342998402053
2,0,5732,1789633726881645568,3812342998411591
2,0,5733,1789633726881654784,3812342998421168
2,0,5734,1789633726881665024,3812342998430708
2,0,5735,1789633726881674240,3812342998440231
2,0,5736,1789633726881683456,3812342998449751
2,0,5737,1789633726881693696,3812342998459263
2,0,5738,1789633726881702912,3812342998468924
2,0,5739,1789633726881712128,3812342998478608
2,0,5740,1789633726881722368,3812342998488140
2,0,5741,1789633726881731584,3812342998497697
2,0,5742,1789633726881740800,3812342998507235
2,0,5743,1789633726881751040,3812342998516797
2,0,5744,1789633726881760256,3812342998526353
2,0,5745,1789633726881769472,3812342998535888
2,0,5746,1789633726881779712,3812342998545480
2,0,5747,1789633726881788928,3812342998555017
2,0,5748,1789633726881798144,3812342998564543
2,0,5749,1789633726881808384,3812342998574193
2,0,5750,1789633726881817600,3812342998583725
2,0,5751,1789633726881827840,3812342998593297
2,0,5752,1789633726881837056,3812342998602837
2,0,5753,1789633726881846272,3812342998612369
2,0,5754,1789633726881855488,3812342998621927
2,0,5755,1789633726881865728,3812342998631476
2,0,5756,1789633726881874944,3812342998641006
2,0,5757,1789633726881884160,3812342998650558
2,0,5758,1789633726881894400,3812342998660108
2,0,5759,1789633726881903616,3812342998669783
2,0,5760,1789633726881913856,3812342998679313
2,0,5761,1789633726881923072,3812342998688861
2,0,5762,1789633726881932288,3812342998698427
2,0,5763,1789633726881942528,3812342998707975
2,0,5764,1789633726881951744,3812342998717523
2,0,5765,1789633726881960960,3812342998727073
2,0,5766,1789633726881970176,3812342998736609
2,0,5767,1789633726881980416,3812342998746140
2,0,5768,1789633726881989632,3812342998755703
2,0,5769,1789633726881998848,3812342998765367
2,0,5770,1789633726882009088,3812342998774908
2,0,5771,1789633726882018304,3812342998784465
2,0,5772,1789633726882028544,3812342998794000
2,0,5773,1789633726882037760,3812342998803540
2,0,5774,1789633726882046976,3812342998813097
2,0,5775,1789633726882057216,3812342998822635
2,0,5776,1789633726882066432,3812342998832177
2,0,5777,1789633726882075648,3812342998841703
2,0,5778,1789633726882084864,3812342998851294
2,0,5779,1789633726882095104,3812342998860968
2,0,5780,1789633726882104320,3812342998870499
2,0,5781,1789633726882114560,3812342998880065
2,0,5782,1789633726882123776,3812342998889613
2,0,5783,1789633726882132992,3812342998899148
2,0,5784,1789633726882143232,3812342998908697
2,0,5785,1789633726882152448,3812342998918237
2,0,5786,1789633726882161664,3812342998927787
2,0,5787,1789633726882170880,3812342998937308
2,0,5788,1789633726882181120,3812342998946875
2,0,5789,1789633726882190336,3812342998956555
2,0,5790,1789633726882200576,3812342998966093
2,0,5791,1789633726882209792,3812342998975640
2,0,5792,1789633726882219008,3812342998985194
2,0,5793,1789633726882229248,3812342998994743
2,0,5794,1789633726882238464,3812342999004280
2,0,5795,1789633726882247680,3812342999013835
2,0,5796,1789633726882257920,3812342999023436
2,0,5797,1789633726882267136,3812342999032973
2,0,5798,1789633726882276352,3812342999042513
2,0,5799,1789633726882286592,3812342999052137
2,0,5800,1789633726882295808,3812342999061687
2,0,5801,1789633726882305024,3812342999071230
2,0,5802,1789633726882315264,3812342999080770
2,0,5803,1789633726882324480,3812342999090345
2,0,5804,1789633726882333696,3812342999099897
2,0,5805,1789633726882343936,3812342999109443
2,0,5806,1789633726882353152,3812342999118960
2,0,5807,1789633726882362368,3812342999128500
2,0,5808,1789633726882372608,3812342999138072
2,0,5809,1789633726882381824,3812342999147727
2,0,5810,1789633726882391040,3812342999157270
2,0,5811,1789633726882401280,3812342999166831
2,0,5812,1789633726882410496,3812342999176366
2,0,5813,1789633726882419712,3812342999185926
2,0,5814,1789633726882429952,3812342999195483
2,0,5815,1789633726882439168,3812342999205024
2,0,5816,1789633726882448384,3812342999214568
2,0,5817,1789633726882458624,3812342999224104
2,0,5818,1789633726882467840,3812342999233645
2,0,5819,1789633726882477056,3812342999243327
2,0,5820,1789633726882487296,3812342999252837
2,0,5821,1789633726882496512,3812342999262377
2,0,5822,1789633726882505728,3812342999271917
2,0,5823,1789633726882515968,3812342999281470
2,0,5824,1789633726882525184,3812342999291027
2,0,5825,1789633726882534400,3812342999300553
2,0,5826,1789633726882544640,3812342999310075
2,0,5827,1789633726882553856,3812342999319631
2,0,5828,1789633726882563072,3812342999329235
2,0,5829,1789633726882573312,3812342999338915
2,0,5830,1789633726882582528,3812342999348434
2,0,5831,1789633726882591744,3812342999357961
2,0,5832,1789633726882601984,3812342999367516
2,0,5833,1789633726882611200,3812342999377063
2,0,5834,1789633726882620416,3812342999386606
2,0,5835,1789633726882630656,3812342999396145
2,0,5836,1789633726882639872,3812342999405667
2,0,5837,1789633726882649088,3812342999415210
2,0,5838,1789633726882658304,3812342999424843
2,0,5839,1789633726882668544,3812342999434507
2,0,5840,1789633726882677760,3812342999444047
2,0,5841,1789633726882688000,3812342999453557
2,0,5842,1789633726882697216,3812342999463101
2,0,5843,1789633726882706432,3812342999472652
2,0,5844,1789633726882716672,3812342999482202
2,0,5845,1789633726882725888,3812342999491756
2,0,5846,1789633726882735104,3812342999501294
2,0,5847,1789633726882745344,3812342999510841
2,0,5848,1789633726882754560,3812342999520432
2,0,5849,1789633726882763776,3812342999530107
2,0,5850,1789633726882774016,3812342999539631
2,0,5851,1789633726882783232,3812342999549195
2,0,5852,1789633726882792448,3812342999558745
2,0,5853,1789633726882802688,3812342999568280
2,0,5854,1789633726882811904,3812342999577843
2,0,5855,1789633726882821120,3812342999587405
2,0,5856,1789633726882831360,3812342999596912
2,0,5857,1789633726882840576,3812342999606442
2,0,5858,1789633726882849792,3812342999616006
2,0,5859,1789633726882860032,3812342999625693
2,0,5860,1789633726882869248,3812342999635208
2,0,5861,1789633726882878464,3812342999644740
2,0,5862,1789633726882888704,3812342999654296
2,0,5863,1789633726882897920,3812342999663840
2,0,5864,1789633726882907136,3812342999673453
2,0,5865,1789633726882917376,3812342999682984
2,0,5866,1789633726882926592,3812342999692507
2,0,5867,1789633726882935808,3812342999702033
2,0,5868,1789633726882946048,3812342999711610
2,0,5869,1789633726882955264,3812342999721280
2,0,5870,1789633726882964480,3812342999730783
2,0,5871,1789633726882974720,3812342999740297
2,0,5872,1789633726882983936,3812342999749857
2,0,5873,1789633726882993152,3812342999759413
2,0,5874,1789633726883003392,3812342999768969
2,0,5875,1789633726883012608,3812342999778480
2,0,5876,1789633726883021824,3812342999788013
2,0,5877,1789633726883032064,3812342999797525
2,0,5878,1789633726883041280,3812342999807211
2,0,5879,1789633726883050496,3812342999816879
2,0,5880,1789633726883060736,3812342999826407
2,0,5881,1789633726883069952,3812342999835967
2,0,5882,1789633726883079168,3812342999845505
2,0,5883,1789633726883089408,3812342999855063
2,0,5884,1789633726883098624,3812342999864623
2,0,5885,1789633726883107840,3812342999874176
2,0,5886,1789633726883118080,3812342999883700
2,0,5887,1789633726883127296,3812342999893239
2,0,5888,1789633726883136512,3812342999902803
2,0,5889,1789633726883146752,3812342999912456
2,0,5890,1789633726883155968,3812342999921993
2,0,5891,1789633726883165184,3812342999931546
2,0,5892,1789633726883175424,3812342999941106
2,0,5893,1789633726883184640,3812342999950647
2,0,5894,1789633726883193856,3812342999960206
2,0,5895,1789633726883204096,3812342999969754
2,0,5896,1789633726883213312,3812342999979276
2,0,5897,1789633726883222528,3812342999988800
2,0,5898,1789633726883232768,3812342999998382
2,0,5899,1789633726883241984,3812343000008055
2,0,5900,1789633726883251200,3812343000017576
2,0,5901,1789633726883261440,3812343000027136
2,0,5902,1789633726883270656,3812343000036646
2,0,5903,1789633726883279872,3812343000046240
2,0,5904,1789633726883290112,3812343000055775
2,0,5905,1789633726883299328,3812343000065330
2,0,5906,1789633726883308544,3812343000074846
2,0,5907,1789633726883318784,3812343000084371
2,0,5908,1789633726883328000,3812343000093971
2,0,5909,1789633726883337216,3812343000103650
2,0,5910,1789633726883347456,3812343000113156
2,0,5911,1789633726883356672,3812343000122735
2,0,5912,1789633726883365888,3812343000132286
2,0,5913,1789633726883376128,3812343000141883
2,0,5914,1789633726883385344,3812343000151405
2,0,5915,1789633726883394560,3812343000160950
2,0,5916,1789633726883404800,3812343000170486
2,0,5917,1789633726883414016,3812343000180015
2,0,5918,1789633726883423232,3812343000189565
2,0,5919,1789633726883433472,3812343000199225
2,0,5920,1789633726883442688,3812343000208765
2,0,5921,1789633726883451904,3812343000218315
2,0,5922,1789633726883462144,3812343000227877
2,0,5923,1789633726883471360,3812343000237430
2,0,5924,1789633726883480576,3812343000246966
2,0,5925,1789633726883490816,3812343000256503
2,0,5926,1789633726883500032,3812343000266026
2,0,5927,1789633726883509248,3812343000275548
2,0,5928,1789633726883519488,3812343000285148
2,0,5929,1789633726883528704,3812343000294821
2,0,5930,1789633726883537920,3812343000304348
2,0,5931,1789633726883548160,3812343000313867
2,0,5932,1789633726883557376,3812343000323445
2,0,5933,1789633726883566592,3812343000333006
2,0,5934,1789633726883576832,3812343000342563
2,0,5935,1789633726883586048,3812343000352083
2,0,5936,1789633726883595264,3812343000361619
2,0,5937,1789633726883605504,3812343000371136
2,0,5938,1789633726883614720,3812343000380736
2,0,5939,1789633726883623936,3812343000390419
2,0,5940,1789633726883634176,3812343000399934
2,0,5941,1789633726883643392,3812343000409511
2,0,5942,1789633726883652608,3812343000419046
2,0,5943,1789633726883662848,3812343000428603
2,0,5944,1789633726883672064,3812343000438146
2,0,5945,1789633726883681280,3812343000447680
2,0,5946,1789633726883691520,3812343000457194
2,0,5947,1789633726883700736,3812343000466706
2,0,5948,1789633726883709952,3812343000476333
2,0,5949,1789633726883720192,3812343000485996
2,0,5950,1789633726883729408,3812343000495550
2,0,5951,1789633726883738624,3812343000505100
2,0,5952,1789633726883748864,3812343000514644
2,0,5953,1789633726883758080,3812343000524196
2,0,5954,1789633726883767296,3812343000533747
2,0,5955,1789633726883777536,3812343000543290
2,0,5956,1789633726883786752,3812343000552820
2,0,5957,1789633726883795968,3812343000562344
2,0,5958,1789633726883806208,3812343000571926
2,0,5959,1789633726883815424,3812343000581588
2,0,5960,1789633726883825664,3812343000591103
2,0,5961,1789633726883834880,3812343000600637
2,0,5962,1789633726883844096,3812343000610183
2,0,5963,1789633726883853312,3812343000619760
2,0,5964,1789633726883863552,3812343000629303
2,0,5965,1789633726883872768,3812343000638856
2,0,5966,1789633726883881984,3812343000648373
2,0,5967,1789633726883892224,3812343000657892
2,0,5968,1789633726883901440,3812343000667529
2,0,5969,1789633726883910656,3812343000677188
2,0,5970,1789633726883920896,3812343000686720
2,0,5971,1789633726883930112,3812343000696280
2,0,5972,1789633726883940352,3812343000705814
2,0,5973,1789633726883949568,3812343000715386
2,0,5974,1789633726883958784,3812343000724936
2,0,5975,1789633726883969024,3812343000734477
2,0,5976,1789633726883978240,3812343000744019
2,0,5977,1789633726883987456,3812343000753506
2,0,5978,1789633726883996672,3812343000763100
2,0,5979,1789633726884006912,3812343000772770
2,0,5980,1789633726884016128,3812343000782300
2,0,5981,1789633726884026368,3812343000791883
2,0,5982,1789633726884035584,3812343000801411
2,0,5983,1789633726884044800,3812343000810980
2,0,5984,1789633726884055040,3812343000820526
2,0,5985,1789633726884064256,3812343000830090
2,0,5986,1789633726884073472,3812343000839625
2,0,5987,1789633726884082688,3812343000849165
2,0,5988,1789633726884092928,3812343000858719
2,0,5989,1789633726884102144,3812343000868365
2,0,5990,1789633726884112384,3812343000877936
2,0,5991,1789633726884121600,3812343000887465
2,0,5992,1789633726884130816,3812343000897010
2,0,5993,1789633726884141056,3812343000906566
2,0,5994,1789633726884150272,3812343000916132
2,0,5995,1789633726884159488,3812343000925686
2,0,5996,1789633726884169728,3812343000935204
2,0,5997,1789633726884178944,3812343000944743
2,0,5998,1789633726884188160,3812343000954286
2,0,5999,1789633726884197376,3812343000963955
2,0,6000,1789633726884207616,3812343000973477
2,0,6001,1789633726884216832,3812343000983048
2,0,6002,1789633726884227072,3812343000992597
2,0,6003,1789633726884236288,3812343001002160
2,0,6004,1789633726884245504,3812343001011717
2,0,6005,1789633726884255744,3812343001021265
2,0,6006,1789633726884264960,3812343001030796
2,0,6007,1789633726884274176,3812343001040333
2,0,6008,1789633726884284416,3812343001049869
2,0,6009,1789633726884293632,3812343001059550
2,0,6010,1789633726884302848,3812343001069116
2,0,6011,1789633726884313088,3812343001078645
2,0,6012,1789633726884322304,3812343001088188
2,0,6013,1789633726884331520,3812343001097756
2,0,6014,1789633726884341760,3812343001107306
2,0,6015,1789633726884350976,3812343001116869
2,0,6016,1789633726884360192,3812343001126400
2,0,6017,1789633726884370432,3812343001135946
2,0,6018,1789633726884379648,3812343001145488
2,0,6019,1789633726884388864,3812343001155137
2,0,6020,1789633726884399104,3812343001164696
2,0,6021,1789633726884408320,3812343001174229
2,0,6022,1789633726884417536,3812343001183786
2,0,6023,1789633726884427776,3812343001193326
2,0,6024,1789633726884436992,3812343001202879
2,0,6025,1789633726884446208,3812343001212426
2,0,6026,1789633726884456448,3812343001221956
2,0,6027,1789633726884465664,3812343001231471
2,0,6028,1789633726884474880,3812343001241053
2,0,6029,1789633726884485120,3812343001250726
2,0,6030,1789633726884494336,3812343001260258
2,0,6031,1789633726884503552,3812343001269826
2,0,6032,1789633726884513792,3812343001279371
2,0,6033,1789633726884523008,3812343001288937
2,0,6034,1789633726884532224,3812343001298486
2,0,6035,1789633726884542464,3812343001308042
2,0,6036,1789633726884551680,3812343001317580
2,0,6037,1789633726884560896,3812343001327098
2,0,6038,1789633726884571136,3812343001336645
2,0,6039,1789633726884580352,3812343001346313
2,0,6040,1789633726884589568,3812343001355846
2,0,6041,1789633726884599808,3812343001365488
2,0,6042,1789633726884609024,3812343001375055
2,0,6043,1789633726884618240,3812343001384599
2,0,6044,1789633726884628480,3812343001394166
2,0,6045,1789633726884637696,3812343001403729
2,0,6046,1789633726884646912,3812343001413260
2,0,6047,1789633726884657152,3812343001422776
2,0,6048,1789633726884666368,3812343001432275
2,0,6049,1789633726884675584,3812343001441915
2,0,6050,1789633726884685824,3812343001451446
2,0,6051,1789633726884695040,3812343001460999
2,0,6052,1789633726884704256,3812343001470559
2,0,6053,1789633726884714496,3812343001480091
2,0,6054,1789633726884723712,3812343001489664
2,0,6055,1789633726884732928,3812343001499220
2,0,6056,1789633726884743168,3812343001508757
2,0,6057,1789633726884752384,3812343001518297
2,0,6058,1789633726884761600,3812343001527836
2,0,6059,1789633726884771840,3812343001537505
2,0,6060,1789633726884781056,3812343001547033
2,0,6061,1789633726884790272,3812343001556590
2,0,6062,1789633726884800512,3812343001566148
2,0,6063,1789633726884809728,3812343001575698
2,0,6064,1789633726884818944,3812343001585266
2,0,6065,1789633726884829184,3812343001594813
2,0,6066,1789633726884838400,3812343001604363
2,0,6067,1789633726884847616,3812343001613904
2,0,6068,1789633726884857856,3812343001623445
2,0,6069,1789633726884867072,3812343001633106
2,0,6070,1789633726884876288,3812343001642642
2,0,6071,1789633726884886528,3812343001652197
2,0,6072,1789633726884895744,3812343001661732
2,0,6073,1789633726884904960,3812343001671303
2,0,6074,1789633726884915200,3812343001680846
2,0,6075,1789633726884924416,3812343001690408
2,0,6076,1789633726884933632,3812343001699948
2,0,6077,1789633726884943872,3812343001709495
2,0,6078,1789633726884953088,3812343001719026
2,0,6079,1789633726884962304,3812343001728693
2,0,6080,1789633726884972544,3812343001738199
2,0,6081,1789633726884981760,3812343001747783
2,0,6082,1789633726884990976,3812343001757325
2,0,6083,1789633726885001216,3812343001766883
2,0,6084,1789633726885010432,3812343001776446
2,0,6085,1789633726885019648,3812343001785993
2,0,6086,1789633726885029888,3812343001795526
2,0,6087,1789633726885039104,3812343001805086
2,0,6088,1789633726885048320,3812343001814615
2,0,6089,1789633726885058560,3812343001824285
2,0,6090,1789633726885067776,3812343001833813
2,0,6091,1789633726885076992,3812343001843445
2,0,6092,1789633726885087232,3812343001852998
2,0,6093,1789633726885096448,3812343001862556
2,0,6094,1789633726885105664,3812343001872097
2,0,6095,1789633726885115904,3812343001881669
2,0,6096,1789633726885125120,3812343001891197
2,0,6097,1789633726885134336,3812343001900723
2,0,6098,1789633726885144576,3812343001910251
2,0,6099,1789633726885153792,3812343001919983
2,0,6100,1789633726885163008,3812343001929625
2,0,6101,1789633726885173248,3812343001939139
2,0,6102,1789633726885182464,3812343001948723
2,0,6103,1789633726885192704,3812343001958256
2,0,6104,1789633726885201920,3812343001967826
2,0,6105,1789633726885211136,3812343001977380
2,0,6106,1789633726885221376,3812343001986934
2,0,6107,1789633726885230592,3812343001996442
2,0,6108,1789633726885239808,3812343002005953
2,0,6109,1789633726885249024,3812343002015548
2,0,6110,1789633726885259264,3812343002025211
2,0,6111,1789633726885268480,3812343002034745
2,0,6112,1789633726885278720,3812343002044276
2,0,6113,1789633726885287936,3812343002053820
2,0,6114,1789633726885297152,3812343002063451
2,0,6115,1789633726885307392,3812343002073008
2,0,6116,1789633726885316608,3812343002082572
2,0,6117,1789633726885325824,3812343002092090
2,0,6118,1789633726885336064,3812343002101629
2,0,6119,1789633726885345280,3812343002111170
2,0,6120,1789633726885354496,3812343002120812
2,0,6121,1789633726885364736,3812343002130325
2,0,6122,1789633726885373952,3812343002139889
2,0,6123,1789633726885383168,3812343002149426
2,0,6124,1789633726885393408,3812343002158989
2,0,6125,1789633726885402624,3812343002168540
2,0,6126,1789633726885411840,3812343002178089
2,0,6127,1789633726885422080,3812343002187606
2,0,6128,1789633726885431296,3812343002197139
2,0,6129,1789633726885440512,3812343002206719
2,0,6130,1789633726885450752,3812343002216401
2,0,6131,1789633726885459968,3812343002225919
2,0,6132,1789633726885469184,3812343002235483
2,0,6133,1789633726885479424,3812343002245031
2,0,6134,1789633726885488640,3812343002254588
2,0,6135,1789633726885497856,3812343002264116
2,0,6136,1789633726885508096,3812343002273677
2,0,6137,1789633726885517312,3812343002283188
2,0,6138,1789633726885526528,3812343002292713
2,0,6139,1789633726885536768,3812343002302305
2,0,6140,1789633726885545984,3812343002311986
2,0,6141,1789633726885555200,3812343002321523
2,0,6142,1789633726885565440,3812343002331086
2,0,6143,1789633726885574656,3812343002340626
2,0,6144,1789633726885583872,3812343002350170
2,0,6145,1789633726885594112,3812343002359737
2,0,6146,1789633726885603328,3812343002369274
2,0,6147,1789633726885612544,3812343002378786
2,0,6148,1789633726885622784,3812343002388319
2,0,6149,1789633726885632000,3812343002397907
2,0,6150,1789633726885641216,3812343002407566
2,0,6151,1789633726885651456,3812343002417106
2,0,6152,1789633726885660672,3812343002426672
2,0,6153,1789633726885669888,3812343002436215
2,0,6154,1789633726885680128,3812343002445786
2,0,6155,1789633726885689344,3812343002455315
2,0,6156,1789633726885698560,3812343002464860
2,0,6157,1789633726885708800,3812343002474412
2,0,6158,1789633726885718016,3812343002483951
2,0,6159,1789633726885727232,3812343002493506
2,0,6160,1789633726885737472,3812343002503177
2,0,6161,1789633726885746688,3812343002512704
2,0,6162,1789633726885755904,3812343002522267
2,0,6163,1789633726885766144,3812343002531795
2,0,6164,1789633726885775360,3812343002541368
2,0,6165,1789633726885784576,3812343002550911
2,0,6166,1789633726885794816,3812343002560439
2,0,6167,1789633726885804032,3812343002569962
2,0,6168,1789633726885813248,3812343002579477
2,0,6169,1789633726885823488,3812343002589079
2,0,6170,1789633726885832704,3812343002598759
2,0,6171,1789633726885841920,3812343002608294
2,0,6172,1789633726885852160,3812343002617855
2,0,6173,1789633726885861376,3812343002627393
2,0,6174,1789633726885870592,3812343002636936
2,0,6175,1789633726885880832,3812343002646505
2,0,6176,1789633726885890048,3812343002656037
2,0,6177,1789633726885899264,3812343002665559
2,0,6178,1789633726885909504,3812343002675088
2,0,6179,1789633726885918720,3812343002684666
2,0,6180,1789633726885927936,3812343002694353
2,0,6181,1789633726885938176,3812343002703872
2,0,6182,1789633726885947392,3812343002713446
2,0,6183,1789633726885956608,3812343002722997
2,0,6184,1789633726885966848,3812343002732554
2,0,6185,1789633726885976064,3812343002742095
2,0,6186,1789633726885985280,3812343002751654
2,0,6187,1789633726885995520,3812343002761174
2,0,6188,1789633726886004736,3812343002770719
2,0,6189,1789633726886013952,3812343002780271
2,0,6190,1789633726886024192,3812343002789937
2,0,6191,1789633726886033408,3812343002799471
2,0,6192,1789633726886042624,3812343002809036
2,0,6193,1789633726886052864,3812343002818575
2,0,6194,1789633726886062080,3812343002828146
2,0,6195,1789633726886071296,3812343002837697
2,0,6196,1789633726886081536,3812343002847216
2,0,6197,1789633726886090752,3812343002856742
2,0,6198,1789633726886099968,3812343002866240
2,0,6199,1789633726886110208,3812343002875862
2,0,6200,1789633726886119424,3812343002885623
2,0,6201,1789633726886128640,3812343002895280
2,0,6202,1789633726886138880,3812343002904812
2,0,6203,1789633726886148096,3812343002914332
2,0,6204,1789633726886158336,3812343002923879
2,0,6205,1789633726886167552,3812343002933453
2,0,6206,1789633726886176768,3812343002943001
2,0,6207,1789633726886187008,3812343002952542
2,0,6208,1789633726886196224,3812343002962077
2,0,6209,1789633726886205440,3812343002971586
2,0,6210,1789633726886214656,3812343002981197
2,0,6211,1789633726886224896,3812343002990882
2,0,6212,1789633726886234112,3812343003000400
2,0,6213,1789633726886244352,3812343003009937
2,0,6214,1789633726886253568,3812343003019476
2,0,6215,1789633726886262784,3812343003029016
2,0,6216,1789633726886273024,3812343003038577
2,0,6217,1789633726886282240,3812343003048136
2,0,6218,1789633726886291456,3812343003057663
2,0,6219,1789633726886301696,3812343003067169
2,0,6220,1789633726886310912,3812343003076799
2,0,6221,1789633726886320128,3812343003086477
2,0,6222,1789633726886330368,3812343003102312
2,0,6223,1789633726886339584,3812343003105565
2,0,6224,1789633726886348800,3812343003115115
2,0,6225,1789633726886359040,3812343003124646
2,0,6226,1789633726886368256,3812343003134202
2,0,6227,1789633726886377472,3812343003143757
2,0,6228,1789633726886387712,3812343003153266
2,0,6229,1789633726886396928,3812343003162811
2,0,6230,1789633726886406144,3812343003172390
2,0,6231,1789633726886416384,3812343003182067
2,0,6232,1789633726886425600,3812343003191586
2,0,6233,1789633726886434816,3812343003201148
2,0,6234,1789633726886445056,3812343003210702
2,0,6235,1789633726886454272,3812343003220254
2,0,6236,1789633726886463488,3812343003229789
2,0,6237,1789633726886473728,3812343003239343
2,0,6238,1789633726886482944,3812343003248872
2,0,6239,1789633726886492160,3812343003258371
2,0,6240,1789633726886502400,3812343003267977
2,0,6241,1789633726886511616,3812343003277645
2,0,6242,1789633726886520832,3812343003287168
2,0,6243,1789633726886531072,3812343003296697
2,0,6244,1789633726886540288,3812343003306222
2,0,6245,1789633726886549504,3812343003315785
2,0,6246,1789633726886559744,3812343003325340
2,0,6247,1789633726886568960,3812343003334865
2,0,6248,1789633726886578176,3812343003344399
2,0,6249,1789633726886588416,3812343003353920
2,0,6250,1789633726886597632,3812343003363567
2,0,6251,1789633726886606848,3812343003373239
2,0,6252,1789633726886617088,3812343003382766
2,0,6253,1789633726886626304,3812343003392342
2,0,6254,1789633726886635520,3812343003401882
2,0,6255,1789633726886645760,3812343003411419
2,0,6256,1789633726886654976,3812343003420977
2,0,6257,1789633726886664192,3812343003430510
2,0,6258,1789633726886674432,3812343003440046
2,0,6259,1789633726886683648,3812343003449595
2,0,6260,1789633726886692864,3812343003459166
2,0,6261,1789633726886703104,3812343003468829
2,0,6262,1789633726886712320,3812343003478322
2,0,6263,1789633726886721536,3812343003487870
2,0,6264,1789633726886731776,3812343003497413
2,0,6265,1789633726886740992,3812343003506970
2,0,6266,1789633726886750208,3812343003516528
2,0,6267,1789633726886760448,3812343003526096
2,0,6268,1789633726886769664,3812343003535619
2,0,6269,1789633726886778880,3812343003545145
2,0,6270,1789633726886789120,3812343003554752
2,0,6271,1789633726886798336,3812343003564419
2,0,6272,1789633726886807552,3812343003573952
2,0,6273,1789633726886817792,3812343003583456
2,0,6274,1789633726886827008,3812343003592995
2,0,6275,1789633726886836224,3812343003602574
2,0,6276,1789633726886846464,3812343003612108
2,0,6277,1789633726886855680,3812343003621693
2,0,6278,1789633726886864896,3812343003631211
2,0,6279,1789633726886875136,3812343003640735
2,0,6280,1789633726886884352,3812343003650336
2,0,6281,1789633726886893568,3812343003660012
2,0,6282,1789633726886903808,3812343003669535
2,0,6283,1789633726886913024,3812343003679107
2,0,6284,1789633726886922240,3812343003688639
2,0,6285,1789633726886932480,3812343003698202
2,0,6286,1789633726886941696,3812343003707763
2,0,6287,1789633726886950912,3812343003717299
2,0,6288,1789633726886961152,3812343003726837
2,0,6289,1789633726886970368,3812343003736377
2,0,6290,1789633726886979584,3812343003745939
2,0,6291,1789633726886989824,3812343003755617
2,0,6292,1789633726886999040,3812343003765138
2,0,6293,1789633726887008256,3812343003774704
2,0,6294,1789633726887018496,3812343003784243
2,0,6295,1789633726887027712,3812343003793782
2,0,6296,1789633726887036928,3812343003803357
2,0,6297,1789633726887047168,3812343003812897
2,0,6298,1789633726887056384,3812343003822410
2,0,6299,1789633726887065600,3812343003831931
2,0,6300,1789633726887075840,3812343003841531
2,0,6301,1789633726887085056,3812343003851193
2,0,6302,1789633726887094272,3812343003860717
2,0,6303,1789633726887104512,3812343003870226
2,0,6304,1789633726887113728,3812343003879785
2,0,6305,1789633726887122944,3812343003889333
2,0,6306,1789633726887133184,3812343003898891
2,0,6307,1789633726887142400,3812343003908459
2,0,6308,1789633726887151616,3812343003917983
2,0,6309,1789633726887161856,3812343003927500
2,0,6310,1789633726887171072,3812343003937115
2,0,6311,1789633726887180288,3812343003946775
2,0,6312,1789633726887190528,3812343003956335
2,0,6313,1789633726887199744,3812343003965886
2,0,6314,1789633726887208960,3812343003975479
2,0,6315,1789633726887219200,3812343003985037
2,0,6316,1789633726887228416,3812343003994582
2,0,6317,1789633726887237632,3812343004004138
2,0,6318,1789633726887247872,3812343004013676
2,0,6319,1789633726887257088,3812343004023190
2,0,6320,1789633726887266304,3812343004032729
2,0,6321,1789633726887276544,3812343004042382
2,0,6322,1789633726887285760,3812343004051917
2,0,6323,1789633726887294976,3812343004061472
2,0,6324,1789633726887305216,3812343004071012
2,0,6325,1789633726887314432,3812343004080565
2,0,6326,1789633726887323648,3812343004090124
2,0,6327,1789633726887333888,3812343004099654
2,0,6328,1789633726887343104,3812343004109208
2,0,6329,1789633726887352320,3812343004118745
2,0,6330,1789633726887362560,3812343004128291
2,0,6331,1789633726887371776,3812343004137976
2,0,6332,1789633726887380992,3812343004147502
2,0,6333,1789633726887391232,3812343004156999
2,0,6334,1789633726887400448,3812343004166557
2,0,6335,1789633726887409664,3812343004176107
2,0,6336,1789633726887419904,3812343004185662
2,0,6337,1789633726887429120,3812343004195175
2,0,6338,1789633726887438336,3812343004204700
2,0,6339,1789633726887448576,3812343004214258
2,0,6340,1789633726887457792,3812343004223894
2,0,6341,1789633726887467008,3812343004233562
2,0,6342,1789633726887477248,3812343004243095
2,0,6343,1789633726887486464,3812343004252603
2,0,6344,1789633726887495680,3812343004262148
2,0,6345,1789633726887505920,3812343004271700
2,0,6346,1789633726887515136,3812343004281257
2,0,6347,1789633726887524352,3812343004290813
2,0,6348,1789633726887534592,3812343004300347
2,0,6349,1789633726887543808,3812343004309859
2,0,6350,1789633726887553024,3812343004319477
2,0,6351,1789633726887563264,3812343004329152
2,0,6352,1789633726887572480,3812343004338682
2,0,6353,1789633726887581696,3812343004348244
2,0,6354,1789633726887591936,3812343004357765
2,0,6355,1789633726887601152,3812343004367332
2,0,6356,1789633726887610368,3812343004376876
2,0,6357,1789633726887620608,3812343004386411
2,0,6358,1789633726887629824,3812343004395959
2,0,6359,1789633726887639040,3812343004405494
2,0,6360,1789633726887649280,3812343004415065
2,0,6361,1789633726887658496,3812343004424746
2,0,6362,1789633726887668736,3812343004434269
2,0,6363,1789633726887677952,3812343004443831
2,0,6364,1789633726887687168,3812343004453442
2,0,6365,1789633726887697408,3812343004462990
2,0,6366,1789633726887706624,3812343004472542
2,0,6367,1789633726887715840,3812343004482102
2,0,6368,1789633726887726080,3812343004491629
2,0,6369,1789633726887735296,3812343004501154
2,0,6370,1789633726887744512,3812343004510694
