schema_version,trial,sample,gpu_ns,cpu_observed_ns
2,0,0,1789630481635132416,3809097692658648
2,0,1,1789630481635145728,3809097692671563
2,0,2,1789630481635159040,3809097692684576
2,0,3,1789630481635171328,3809097692697407
2,0,4,1789630481635184640,3809097692710339
2,0,5,1789630481635196928,3809097692723171
2,0,6,1789630481635210240,3809097692736048
2,0,7,1789630481635222528,3809097692748948
2,0,8,1789630481635235840,3809097692761751
2,0,9,1789630481635249152,3809097692774707
2,0,10,1789630481635261440,3809097692787523
2,0,11,1789630481635274752,3809097692800406
2,0,12,1789630481635287040,3809097692813251
2,0,13,1789630481635300352,3809097692826126
2,0,14,1789630481635312640,3809097692838986
2,0,15,1789630481635325952,3809097692851879
2,0,16,1789630481635339264,3809097692864756
2,0,17,1789630481635351552,3809097692877626
2,0,18,1789630481635364864,3809097692890526
2,0,19,1789630481635377152,3809097692903474
2,0,20,1789630481635390464,3809097692916283
2,0,21,1789630481635402752,3809097692929131
2,0,22,1789630481635416064,3809097692941999
2,0,23,1789630481635429376,3809097692954979
2,0,24,1789630481635441664,3809097692967782
2,0,25,1789630481635454976,3809097692980656
2,0,26,1789630481635467264,3809097692993536
2,0,27,1789630481635480576,3809097693006422
2,0,28,1789630481635493888,3809097693019302
2,0,29,1789630481635506176,3809097693032171
2,0,30,1789630481635519488,3809097693045051
2,0,31,1789630481635531776,3809097693057866
2,0,32,1789630481635545088,3809097693070736
2,0,33,1789630481635557376,3809097693083616
2,0,34,1789630481635570688,3809097693096511
2,0,35,1789630481635582976,3809097693109388
2,0,36,1789630481635596288,3809097693122228
2,0,37,1789630481635609600,3809097693135122
2,0,38,1789630481635621888,3809097693147999
2,0,39,1789630481635635200,3809097693160876
2,0,40,1789630481635647488,3809097693173763
2,0,41,1789630481635660800,3809097693186631
2,0,42,1789630481635673088,3809097693199506
2,0,43,1789630481635686400,3809097693212451
2,0,44,1789630481635699712,3809097693225248
2,0,45,1789630481635712000,3809097693238142
2,0,46,1789630481635725312,3809097693251016
2,0,47,1789630481635737600,3809097693263854
2,0,48,1789630481635750912,3809097693276762
2,0,49,1789630481635764224,3809097693289628
2,0,50,1789630481635776512,3809097693302559
2,0,51,1789630481635789824,3809097693315406
2,0,52,1789630481635802112,3809097693328306
2,0,53,1789630481635815424,3809097693341131
2,0,54,1789630481635827712,3809097693353963
2,0,55,1789630481635841024,3809097693366962
2,0,56,1789630481635853312,3809097693379788
2,0,57,1789630481635866624,3809097693392599
2,0,58,1789630481635879936,3809097693405522
2,0,59,1789630481635892224,3809097693418442
2,0,60,1789630481635905536,3809097693431302
2,0,61,1789630481635917824,3809097693444216
2,0,62,1789630481635931136,3809097693457062
2,0,63,1789630481635944448,3809097693469954
2,0,64,1789630481635956736,3809097693482776
2,0,65,1789630481635970048,3809097693495642
2,0,66,1789630481635982336,3809097693508566
2,0,67,1789630481635995648,3809097693521394
2,0,68,1789630481636007936,3809097693534196
2,0,69,1789630481636021248,3809097693547143
2,0,70,1789630481636034560,3809097693560022
2,0,71,1789630481636046848,3809097693572951
2,0,72,1789630481636060160,3809097693585808
2,0,73,1789630481636072448,3809097693598736
2,0,74,1789630481636085760,3809097693611634
2,0,75,1789630481636099072,3809097693624536
2,0,76,1789630481636111360,3809097693637416
2,0,77,1789630481636124672,3809097693650216
2,0,78,1789630481636136960,3809097693663106
2,0,79,1789630481636150272,3809097693676008
2,0,80,1789630481636162560,3809097693688839
2,0,81,1789630481636175872,3809097693701702
2,0,82,1789630481636189184,3809097693714736
2,0,83,1789630481636201472,3809097693727559
2,0,84,1789630481636214784,3809097693740397
2,0,85,1789630481636227072,3809097693753266
2,0,86,1789630481636240384,3809097693766142
2,0,87,1789630481636252672,3809097693779096
2,0,88,1789630481636265984,3809097693791971
2,0,89,1789630481636279296,3809097693804843
2,0,90,1789630481636291584,3809097693817699
2,0,91,1789630481636304896,3809097693830631
2,0,92,1789630481636317184,3809097693843474
2,0,93,1789630481636330496,3809097693856376
2,0,94,1789630481636342784,3809097693869208
2,0,95,1789630481636356096,3809097693882139
2,0,96,1789630481636369408,3809097693894976
2,0,97,1789630481636381696,3809097693907863
2,0,98,1789630481636395008,3809097693920754
2,0,99,1789630481636407296,3809097693933691
2,0,100,1789630481636420608,3809097693946479
2,0,101,1789630481636433920,3809097693959379
2,0,102,1789630481636446208,3809097693972226
2,0,103,1789630481636459520,3809097693985116
2,0,104,1789630481636471808,3809097693997991
2,0,105,1789630481636485120,3809097694010931
2,0,106,1789630481636497408,3809097694023722
2,0,107,1789630481636510720,3809097694036594
2,0,108,1789630481636523008,3809097694049442
2,0,109,1789630481636536320,3809097694062348
2,0,110,1789630481636549632,3809097694075163
2,0,111,1789630481636561920,3809097694088091
2,0,112,1789630481636575232,3809097694100996
2,0,113,1789630481636587520,3809097694113826
2,0,114,1789630481636600832,3809097694126760
2,0,115,1789630481636614144,3809097694139603
2,0,116,1789630481636626432,3809097694152482
2,0,117,1789630481636639744,3809097694165359
2,0,118,1789630481636652032,3809097694178216
2,0,119,1789630481636665344,3809097694207362
2,0,120,1789630481636677632,3809097694207362
2,0,121,1789630481636690944,3809097694216948
2,0,122,1789630481636704256,3809097694229826
2,0,123,1789630481636716544,3809097694242651
2,0,124,1789630481636729856,3809097694255516
2,0,125,1789630481636742144,3809097694268396
2,0,126,1789630481636755456,3809097694281288
2,0,127,1789630481636767744,3809097694294148
2,0,128,1789630481636781056,3809097694307079
2,0,129,1789630481636794368,3809097694319926
2,0,130,1789630481636806656,3809097694332846
2,0,131,1789630481636819968,3809097694345659
2,0,132,1789630481636832256,3809097694358511
2,0,133,1789630481636845568,3809097694371362
2,0,134,1789630481636857856,3809097694384279
2,0,135,1789630481636871168,3809097694397131
2,0,136,1789630481636884480,3809097694410048
2,0,137,1789630481636896768,3809097694422886
2,0,138,1789630481636910080,3809097694435703
2,0,139,1789630481636922368,3809097694448576
2,0,140,1789630481636935680,3809097694461416
2,0,141,1789630481636947968,3809097694474342
2,0,142,1789630481636961280,3809097694487251
2,0,143,1789630481636974592,3809097694500083
2,0,144,1789630481636986880,3809097694512963
2,0,145,1789630481637000192,3809097694525791
2,0,146,1789630481637012480,3809097694538696
2,0,147,1789630481637025792,3809097694551623
2,0,148,1789630481637038080,3809097694564554
2,0,149,1789630481637051392,3809097694577434
2,0,150,1789630481637064704,3809097694590262
2,0,151,1789630481637076992,3809097694603202
2,0,152,1789630481637090304,3809097694616102
2,0,153,1789630481637102592,3809097694629016
2,0,154,1789630481637115904,3809097694641920
2,0,155,1789630481637129216,3809097694654793
2,0,156,1789630481637141504,3809097694667673
2,0,157,1789630481637154816,3809097694680465
2,0,158,1789630481637167104,3809097694693389
2,0,159,1789630481637180416,3809097694706258
2,0,160,1789630481637193728,3809097694719180
2,0,161,1789630481637206016,3809097694732078
2,0,162,1789630481637219328,3809097694745029
2,0,163,1789630481637231616,3809097694757833
2,0,164,1789630481637244928,3809097694770700
2,0,165,1789630481637257216,3809097694783568
2,0,166,1789630481637270528,3809097694796445
2,0,167,1789630481637283840,3809097694809331
2,0,168,1789630481637296128,3809097694822200
2,0,169,1789630481637309440,3809097694835083
2,0,170,1789630481637321728,3809097694847926
2,0,171,1789630481637335040,3809097694860796
2,0,172,1789630481637347328,3809097694873636
2,0,173,1789630481637360640,3809097694886493
2,0,174,1789630481637373952,3809097694899425
2,0,175,1789630481637386240,3809097694912558
2,0,176,1789630481637399552,3809097694926653
2,0,177,1789630481637413888,3809097694939520
2,0,178,1789630481637426176,3809097694952451
2,0,179,1789630481637439488,3809097694965276
2,0,180,1789630481637452800,3809097694978200
2,0,181,1789630481637465088,3809097694991069
2,0,182,1789630481637478400,3809097695003893
2,0,183,1789630481637490688,3809097695808962
2,0,184,1789630481638296576,3809097695822191
2,0,185,1789630481638308864,3809097695835240
2,0,186,1789630481638322176,3809097695848320
2,0,187,1789630481638335488,3809097695861251
2,0,188,1789630481638347776,3809097695874250
2,0,189,1789630481638361088,3809097695887180
2,0,190,1789630481638374400,3809097695899978
2,0,191,1789630481638386688,3809097695912810
2,0,192,1789630481638400000,3809097695925693
2,0,193,1789630481638412288,3809097695938610
2,0,194,1789630481638425600,3809097695951476
2,0,195,1789630481638438912,3809097695964416
2,0,196,1789630481638451200,3809097695977345
2,0,197,1789630481638464512,3809097695990150
2,0,198,1789630481638476800,3809097696003038
2,0,199,1789630481638490112,3809097696015908
2,0,200,1789630481638502400,3809097696028756
2,0,201,1789630481638515712,3809097696041625
2,0,202,1789630481638529024,3809097696054511
2,0,203,1789630481638541312,3809097696067442
2,0,204,1789630481638554624,3809097696080276
2,0,205,1789630481638566912,3809097696093166
2,0,206,1789630481638580224,3809097696106005
2,0,207,1789630481638592512,3809097696118852
2,0,208,1789630481638605824,3809097696131754
2,0,209,1789630481638619136,3809097696144592
2,0,210,1789630481638631424,3809097696157478
2,0,211,1789630481638644736,3809097696170362
2,0,212,1789630481638657024,3809097696183256
2,0,213,1789630481638670336,3809097696196170
2,0,214,1789630481638682624,3809097696209006
2,0,215,1789630481638695936,3809097696221889
2,0,216,1789630481638709248,3809097696234765
2,0,217,1789630481638721536,3809097696247642
2,0,218,1789630481638734848,3809097696260536
2,0,219,1789630481638747136,3809097696273412
2,0,220,1789630481638760448,3809097696286344
2,0,221,1789630481638773760,3809097696299213
2,0,222,1789630481638786048,3809097696312038
2,0,223,1789630481638799360,3809097696324887
2,0,224,1789630481638811648,3809097696337776
2,0,225,1789630481638824960,3809097696350593
2,0,226,1789630481638837248,3809097696363502
2,0,227,1789630481638850560,3809097696376365
2,0,228,1789630481638862848,3809097696389256
2,0,229,1789630481638876160,3809097696402060
2,0,230,1789630481638889472,3809097696414918
2,0,231,1789630481638901760,3809097696427800
2,0,232,1789630481638915072,3809097696440702
2,0,233,1789630481638927360,3809097696453638
2,0,234,1789630481638940672,3809097696466486
2,0,235,1789630481638952960,3809097696479378
2,0,236,1789630481638966272,3809097696492262
2,0,237,1789630481638979584,3809097696505162
2,0,238,1789630481638991872,3809097696518008
2,0,239,1789630481639005184,3809097696530842
2,0,240,1789630481639017472,3809097696543700
2,0,241,1789630481639030784,3809097696556582
2,0,242,1789630481639043072,3809097696569505
2,0,243,1789630481639056384,3809097696582430
2,0,244,1789630481639069696,3809097696595288
2,0,245,1789630481639081984,3809097696608125
2,0,246,1789630481639095296,3809097696620978
2,0,247,1789630481639107584,3809097696633825
2,0,248,1789630481639120896,3809097696646805
2,0,249,1789630481639134208,3809097696659640
2,0,250,1789630481639146496,3809097696672495
2,0,251,1789630481639159808,3809097696685411
2,0,252,1789630481639172096,3809097696698295
2,0,253,1789630481639185408,3809097696711213
2,0,254,1789630481639197696,3809097696724044
2,0,255,1789630481639211008,3809097696736905
2,0,256,1789630481639224320,3809097696749828
2,0,257,1789630481639236608,3809097696762742
2,0,258,1789630481639249920,3809097696775606
2,0,259,1789630481639262208,3809097696788588
2,0,260,1789630481639275520,3809097696801480
2,0,261,1789630481639288832,3809097696814365
2,0,262,1789630481639301120,3809097696827340
2,0,263,1789630481639314432,3809097696840144
2,0,264,1789630481639326720,3809097696852975
2,0,265,1789630481639340032,3809097696865860
2,0,266,1789630481639353344,3809097696878775
2,0,267,1789630481639365632,3809097696891720
2,0,268,1789630481639378944,3809097696904575
2,0,269,1789630481639391232,3809097696917475
2,0,270,1789630481639404544,3809097696930338
2,0,271,1789630481639416832,3809097696943278
2,0,272,1789630481639430144,3809097696956158
2,0,273,1789630481639443456,3809097696969015
2,0,274,1789630481639455744,3809097696981935
2,0,275,1789630481639469056,3809097696994808
2,0,276,1789630481639481344,3809097697007678
2,0,277,1789630481639494656,3809097697020525
2,0,278,1789630481639507968,3809097697033400
2,0,279,1789630481639520256,3809097697046229
2,0,280,1789630481639533568,3809097697059151
2,0,281,1789630481639545856,3809097697072075
2,0,282,1789630481639559168,3809097697085013
2,0,283,1789630481639571456,3809097697097829
2,0,284,1789630481639584768,3809097697110675
2,0,285,1789630481639598080,3809097697123575
2,0,286,1789630481639610368,3809097697136493
2,0,287,1789630481639623680,3809097697149309
2,0,288,1789630481639635968,3809097697162185
2,0,289,1789630481639649280,3809097697175062
2,0,290,1789630481639661568,3809097697187964
2,0,291,1789630481639674880,3809097697200811
2,0,292,1789630481639688192,3809097697213740
2,0,293,1789630481639700480,3809097697226610
2,0,294,1789630481639713792,3809097697239512
2,0,295,1789630481639726080,3809097697252332
2,0,296,1789630481639739392,3809097697265168
2,0,297,1789630481639751680,3809097697288702
2,0,298,1789630481639764992,3809097697290953
2,0,299,1789630481639778304,3809097697303799
2,0,300,1789630481639790592,3809097697316662
2,0,301,1789630481639803904,3809097697329550
2,0,302,1789630481639816192,3809097697342418
2,0,303,1789630481639829504,3809097697355280
2,0,304,1789630481639841792,3809097697368175
2,0,305,1789630481639855104,3809097697381051
2,0,306,1789630481639868416,3809097697393951
2,0,307,1789630481639880704,3809097697406813
2,0,308,1789630481639894016,3809097697419682
2,0,309,1789630481639906304,3809097697432593
2,0,310,1789630481639919616,3809097697445400
2,0,311,1789630481639931904,3809097697458333
2,0,312,1789630481639945216,3809097697471208
2,0,313,1789630481639958528,3809097697484085
2,0,314,1789630481639970816,3809097697496962
2,0,315,1789630481639984128,3809097697509888
2,0,316,1789630481639996416,3809097697522735
2,0,317,1789630481640009728,3809097697535590
2,0,318,1789630481640022016,3809097697548375
2,0,319,1789630481640035328,3809097697561231
2,0,320,1789630481640048640,3809097697574109
2,0,321,1789630481640060928,3809097697587062
2,0,322,1789630481640074240,3809097697599930
2,0,323,1789630481640086528,3809097697612853
2,0,324,1789630481640099840,3809097697625785
2,0,325,1789630481640113152,3809097697638638
2,0,326,1789630481640125440,3809097697651486
2,0,327,1789630481640138752,3809097697664535
2,0,328,1789630481640151040,3809097697677425
2,0,329,1789630481640164352,3809097697690470
2,0,330,1789630481640177664,3809097697703292
2,0,331,1789630481640189952,3809097697716195
2,0,332,1789630481640203264,3809097697729085
2,0,333,1789630481640215552,3809097697741940
2,0,334,1789630481640228864,3809097697754788
2,0,335,1789630481640242176,3809097697767682
2,0,336,1789630481640254464,3809097697780605
2,0,337,1789630481640267776,3809097697793475
2,0,338,1789630481640280064,3809097697806351
2,0,339,1789630481640293376,3809097697819238
2,0,340,1789630481640306688,3809097697832178
2,0,341,1789630481640318976,3809097697844975
2,0,342,1789630481640332288,3809097697857788
2,0,343,1789630481640344576,3809097697870680
2,0,344,1789630481640357888,3809097697883611
2,0,345,1789630481640370176,3809097697896489
2,0,346,1789630481640383488,3809097697909455
2,0,347,1789630481640396800,3809097697922356
2,0,348,1789630481640409088,3809097697935227
2,0,349,1789630481640422400,3809097697948120
2,0,350,1789630481640434688,3809097697961032
2,0,351,1789630481640448000,3809097697973882
2,0,352,1789630481640461312,3809097697986802
2,0,353,1789630481640473600,3809097697999644
2,0,354,1789630481640486912,3809097698012535
2,0,355,1789630481640499200,3809097698025446
2,0,356,1789630481640512512,3809097698038284
2,0,357,1789630481640524800,3809097698051130
2,0,358,1789630481640538112,3809097698063993
2,0,359,1789630481640550400,3809097698076860
2,0,360,1789630481640563712,3809097698089790
2,0,361,1789630481640577024,3809097698102655
2,0,362,1789630481640589312,3809097698115550
2,0,363,1789630481640602624,3809097698128471
2,0,364,1789630481640614912,3809097698141382
2,0,365,1789630481640628224,3809097698154260
2,0,366,1789630481640641536,3809097698167080
2,0,367,1789630481640653824,3809097698179920
2,0,368,1789630481640667136,3809097698199052
2,0,369,1789630481640679424,3809097698205720
2,0,370,1789630481640692736,3809097698218600
2,0,371,1789630481640705024,3809097698231453
2,0,372,1789630481640718336,3809097698244352
2,0,373,1789630481640731648,3809097698257165
2,0,374,1789630481640743936,3809097698269978
2,0,375,1789630481640757248,3809097698282902
2,0,376,1789630481640769536,3809097698295840
2,0,377,1789630481640782848,3809097698308642
2,0,378,1789630481640795136,3809097698321592
2,0,379,1789630481640808448,3809097698334468
2,0,380,1789630481640821760,3809097698347365
2,0,381,1789630481640834048,3809097698360144
2,0,382,1789630481640847360,3809097698373000
2,0,383,1789630481640859648,3809097698385855
2,0,384,1789630481640872960,3809097698398705
2,0,385,1789630481640885248,3809097698411700
2,0,386,1789630481640898560,3809097698424593
2,0,387,1789630481640911872,3809097698437455
2,0,388,1789630481640924160,3809097698450320
2,0,389,1789630481640937472,3809097698463188
2,0,390,1789630481640949760,3809097698476050
2,0,391,1789630481640963072,3809097698488964
2,0,392,1789630481640975360,3809097698501812
2,0,393,1789630481640988672,3809097698514728
2,0,394,1789630481641001984,3809097698527605
2,0,395,1789630481641014272,3809097698540502
2,0,396,1789630481641027584,3809097698553368
2,0,397,1789630481641039872,3809097698566200
2,0,398,1789630481641053184,3809097698579040
2,0,399,1789630481641065472,3809097698591931
2,0,400,1789630481641078784,3809097698604852
2,0,401,1789630481641092096,3809097698617718
2,0,402,1789630481641104384,3809097698630760
2,0,403,1789630481641117696,3809097698643675
2,0,404,1789630481641131008,3809097698656515
2,0,405,1789630481641143296,3809097698669355
2,0,406,1789630481641156608,3809097698682235
2,0,407,1789630481641168896,3809097698695130
2,0,408,1789630481641182208,3809097698707988
2,0,409,1789630481641194496,3809097698720895
2,0,410,1789630481641207808,3809097698733786
2,0,411,1789630481641221120,3809097698746695
2,0,412,1789630481641233408,3809097698759535
2,0,413,1789630481641246720,3809097698772410
2,0,414,1789630481641259008,3809097698785238
2,0,415,1789630481641272320,3809097698798178
2,0,416,1789630481641284608,3809097698811036
2,0,417,1789630481641297920,3809097698823915
2,0,418,1789630481641311232,3809097698836862
2,0,419,1789630481641323520,3809097698849651
2,0,420,1789630481641336832,3809097698862511
2,0,421,1789630481641349120,3809097698875350
2,0,422,1789630481641362432,3809097698888266
2,0,423,1789630481641374720,3809097698901195
2,0,424,1789630481641388032,3809097698914071
2,0,425,1789630481641401344,3809097698926980
2,0,426,1789630481641413632,3809097698939820
2,0,427,1789630481641426944,3809097698952735
2,0,428,1789630481641439232,3809097698965575
2,0,429,1789630481641452544,3809097698978433
2,0,430,1789630481641464832,3809097698991302
2,0,431,1789630481641478144,3809097699004225
2,0,432,1789630481641491456,3809097699017130
2,0,433,1789630481641503744,3809097699030102
2,0,434,1789630481641517056,3809097699042968
2,0,435,1789630481641529344,3809097699055778
2,0,436,1789630481641542656,3809097699068588
2,0,437,1789630481641555968,3809097699081444
2,0,438,1789630481641568256,3809097699094302
2,0,439,1789630481641581568,3809097699107168
2,0,440,1789630481641593856,3809097699120058
2,0,441,1789630481641607168,3809097699132975
2,0,442,1789630481641619456,3809097699145815
2,0,443,1789630481641632768,3809097699158764
2,0,444,1789630481641646080,3809097699171585
2,0,445,1789630481641658368,3809097699184455
2,0,446,1789630481641671680,3809097699197362
2,0,447,1789630481641683968,3809097699210255
2,0,448,1789630481641697280,3809097699223240
2,0,449,1789630481641710592,3809097699236092
2,0,450,1789630481641722880,3809097699248962
2,0,451,1789630481641736192,3809097699261822
2,0,452,1789630481641748480,3809097699274678
2,0,453,1789630481641761792,3809097699287602
2,0,454,1789630481641774080,3809097699300462
2,0,455,1789630481641787392,3809097699313344
2,0,456,1789630481641800704,3809097699326220
2,0,457,1789630481641812992,3809097699339105
2,0,458,1789630481641826304,3809097699351968
2,0,459,1789630481641838592,3809097699364875
2,0,460,1789630481641851904,3809097699377760
2,0,461,1789630481641864192,3809097699390618
2,0,462,1789630481641877504,3809097699403493
2,0,463,1789630481641890816,3809097699416408
2,0,464,1789630481641903104,3809097699429293
2,0,465,1789630481641916416,3809097699442130
2,0,466,1789630481641928704,3809097699454980
2,0,467,1789630481641942016,3809097699467795
2,0,468,1789630481641954304,3809097699480735
2,0,469,1789630481641967616,3809097699493595
2,0,470,1789630481641980928,3809097699506475
2,0,471,1789630481641993216,3809097699519375
2,0,472,1789630481642006528,3809097699532246
2,0,473,1789630481642018816,3809097699545140
2,0,474,1789630481642032128,3809097699557995
2,0,475,1789630481642044416,3809097699570818
2,0,476,1789630481642057728,3809097699583633
2,0,477,1789630481642071040,3809097699596520
2,0,478,1789630481642083328,3809097699609488
2,0,479,1789630481642096640,3809097699622351
2,0,480,1789630481642108928,3809097699635265
2,0,481,1789630481642122240,3809097699648142
2,0,482,1789630481642134528,3809097699661028
2,0,483,1789630481642147840,3809097699673875
2,0,484,1789630481642161152,3809097699686775
2,0,485,1789630481642173440,3809097699699590
2,0,486,1789630481642186752,3809097699712455
2,0,487,1789630481642199040,3809097699725328
2,0,488,1789630481642212352,3809097699738240
2,0,489,1789630481642225664,3809097699751138
2,0,490,1789630481642237952,3809097699764011
2,0,491,1789630481642251264,3809097699776895
2,0,492,1789630481642263552,3809097699789815
2,0,493,1789630481642276864,3809097699802733
2,0,494,1789630481642289152,3809097699815618
2,0,495,1789630481642302464,3809097699828555
2,0,496,1789630481642315776,3809097699841462
2,0,497,1789630481642328064,3809097699854358
2,0,498,1789630481642341376,3809097699867300
2,0,499,1789630481642353664,3809097699880118
2,0,500,1789630481642366976,3809097699893073
2,0,501,1789630481642380288,3809097699905885
2,0,502,1789630481642392576,3809097699918768
2,0,503,1789630481642405888,3809097699931658
2,0,504,1789630481642418176,3809097699944505
2,0,505,1789630481642431488,3809097699957380
2,0,506,1789630481642443776,3809097699970198
2,0,507,1789630481642457088,3809097699983018
2,0,508,1789630481642470400,3809097699995902
2,0,509,1789630481642482688,3809097700008735
2,0,510,1789630481642496000,3809097700021702
2,0,511,1789630481642508288,3809097700034544
2,0,512,1789630481642521600,3809097700047508
2,0,513,1789630481642533888,3809097700060185
2,0,514,1789630481642547200,3809097700073100
2,0,515,1789630481642559488,3809097700086068
2,0,516,1789630481642572800,3809097700098893
2,0,517,1789630481642586112,3809097700111771
2,0,518,1789630481642598400,3809097700124638
2,0,519,1789630481642611712,3809097700137526
2,0,520,1789630481642624000,3809097700150445
2,0,521,1789630481642637312,3809097700163338
2,0,522,1789630481642650624,3809097700176151
2,0,523,1789630481642662912,3809097700189040
2,0,524,1789630481642676224,3809097700201953
2,0,525,1789630481642688512,3809097700214805
2,0,526,1789630481642701824,3809097700227691
2,0,527,1789630481642714112,3809097700240633
2,0,528,1789630481642727424,3809097700253450
2,0,529,1789630481642740736,3809097700266352
2,0,530,1789630481642753024,3809097700279200
2,0,531,1789630481642766336,3809097700292078
2,0,532,1789630481642778624,3809097700304925
2,0,533,1789630481642791936,3809097700317818
2,0,534,1789630481642804224,3809097700330595
2,0,535,1789630481642817536,3809097700343575
2,0,536,1789630481642830848,3809097700356420
2,0,537,1789630481642843136,3809097700369284
2,0,538,1789630481642856448,3809097700382130
2,0,539,1789630481642868736,3809097700394992
2,0,540,1789630481642882048,3809097700407851
2,0,541,1789630481642894336,3809097700420702
2,0,542,1789630481642907648,3809097700433580
2,0,543,1789630481642919936,3809097700446460
2,0,544,1789630481642933248,3809097700459331
2,0,545,1789630481642946560,3809097700472260
2,0,546,1789630481642958848,3809097700485060
2,0,547,1789630481642972160,3809097700497960
2,0,548,1789630481642984448,3809097700510793
2,0,549,1789630481642997760,3809097700523662
2,0,550,1789630481643011072,3809097700536578
2,0,551,1789630481643023360,3809097700549462
2,0,552,1789630481643036672,3809097700562371
2,0,553,1789630481643048960,3809097700575178
2,0,554,1789630481643062272,3809097700587992
2,0,555,1789630481643074560,3809097700600784
2,0,556,1789630481643087872,3809097700613718
2,0,557,1789630481643100160,3809097700626593
2,0,558,1789630481643113472,3809097700639515
2,0,559,1789630481643126784,3809097700652424
2,0,560,1789630481643139072,3809097700665348
2,0,561,1789630481643152384,3809097700678140
2,0,562,1789630481643164672,3809097700691002
2,0,563,1789630481643177984,3809097700703964
2,0,564,1789630481643190272,3809097700716742
2,0,565,1789630481643203584,3809097700729646
2,0,566,1789630481643216896,3809097700742444
2,0,567,1789630481643229184,3809097700755318
2,0,568,1789630481643242496,3809097700768180
2,0,569,1789630481643254784,3809097700780951
2,0,570,1789630481643268096,3809097700793782
2,0,571,1789630481643280384,3809097700806635
2,0,572,1789630481643293696,3809097700819586
2,0,573,1789630481643305984,3809097700832442
2,0,574,1789630481643319296,3809097700845255
2,0,575,1789630481643332608,3809097700858102
2,0,576,1789630481643344896,3809097700870911
2,0,577,1789630481643358208,3809097700883755
2,0,578,1789630481643370496,3809097700896584
2,0,579,1789630481643383808,3809097700909455
2,0,580,1789630481643396096,3809097700922400
2,0,581,1789630481643409408,3809097700935262
2,0,582,1789630481643421696,3809097700948064
2,0,583,1789630481643435008,3809097700960940
2,0,584,1789630481643447296,3809097700973768
2,0,585,1789630481643460608,3809097700986793
2,0,586,1789630481643473920,3809097700999664
2,0,587,1789630481643486208,3809097701012560
2,0,588,1789630481643499520,3809097701025458
2,0,589,1789630481643511808,3809097701038328
2,0,590,1789630481643525120,3809097701051200
2,0,591,1789630481643538432,3809097701064068
2,0,592,1789630481643550720,3809097701076968
2,0,593,1789630481643564032,3809097701089833
2,0,594,1789630481643576320,3809097701102693
2,0,595,1789630481643589632,3809097701115591
2,0,596,1789630481643602944,3809097701128455
2,0,597,1789630481643615232,3809097701141475
2,0,598,1789630481643628544,3809097701154390
2,0,599,1789630481643640832,3809097701167301
2,0,600,1789630481643654144,3809097701180118
2,0,601,1789630481643667456,3809097701193032
2,0,602,1789630481643679744,3809097701205878
2,0,603,1789630481643693056,3809097701218780
2,0,604,1789630481643705344,3809097701231618
2,0,605,1789630481643718656,3809097701244495
2,0,606,1789630481643730944,3809097701257435
2,0,607,1789630481643744256,3809097701270227
2,0,608,1789630481643757568,3809097701283084
2,0,609,1789630481643769856,3809097701295980
2,0,610,1789630481643783168,3809097701308830
2,0,611,1789630481643795456,3809097701321731
2,0,612,1789630481643808768,3809097701334615
2,0,613,1789630481643821056,3809097701347540
2,0,614,1789630481643834368,3809097701360408
2,0,615,1789630481643847680,3809097701373253
2,0,616,1789630481643859968,3809097701386118
2,0,617,1789630481643873280,3809097701398988
2,0,618,1789630481643885568,3809097701411878
2,0,619,1789630481643898880,3809097701424795
2,0,620,1789630481643912192,3809097701437679
2,0,621,1789630481643924480,3809097701450582
2,0,622,1789630481643937792,3809097701463520
2,0,623,1789630481643950080,3809097701476500
2,0,624,1789630481643963392,3809097701489318
2,0,625,1789630481643975680,3809097701502175
2,0,626,1789630481643988992,3809097701515102
2,0,627,1789630481644002304,3809097701527964
2,0,628,1789630481644014592,3809097701540818
2,0,629,1789630481644027904,3809097701553704
2,0,630,1789630481644040192,3809097701566484
2,0,631,1789630481644053504,3809097701579318
2,0,632,1789630481644065792,3809097701592204
2,0,633,1789630481644079104,3809097701605084
2,0,634,1789630481644092416,3809097701618013
2,0,635,1789630481644104704,3809097701630880
2,0,636,1789630481644118016,3809097701643758
2,0,637,1789630481644130304,3809097701656604
2,0,638,1789630481644143616,3809097701669468
2,0,639,1789630481644155904,3809097701682302
2,0,640,1789630481644169216,3809097701695172
2,0,641,1789630481644181504,3809097701708033
2,0,642,1789630481644194816,3809097701720895
2,0,643,1789630481644208128,3809097701733751
2,0,644,1789630481644220416,3809097701746608
2,0,645,1789630481644233728,3809097701759442
2,0,646,1789630481644246016,3809097701772288
2,0,647,1789630481644259328,3809097701785080
2,0,648,1789630481644271616,3809097701797984
2,0,649,1789630481644284928,3809097701810858
2,0,650,1789630481644298240,3809097701823728
2,0,651,1789630481644310528,3809097701836557
2,0,652,1789630481644323840,3809097701849417
2,0,653,1789630481644336128,3809097701862275
2,0,654,1789630481644349440,3809097701875095
2,0,655,1789630481644361728,3809097701888057
2,0,656,1789630481644375040,3809097701900982
2,0,657,1789630481644387328,3809097701913857
2,0,658,1789630481644400640,3809097701926682
2,0,659,1789630481644413952,3809097701939572
2,0,660,1789630481644426240,3809097701952435
2,0,661,1789630481644439552,3809097701965235
2,0,662,1789630481644451840,3809097701978086
2,0,663,1789630481644465152,3809097701990968
2,0,664,1789630481644477440,3809097702003877
2,0,665,1789630481644490752,3809097702016906
2,0,666,1789630481644504064,3809097702029800
2,0,667,1789630481644516352,3809097702042770
2,0,668,1789630481644529664,3809097702055635
2,0,669,1789630481644542976,3809097702068515
2,0,670,1789630481644555264,3809097702081340
2,0,671,1789630481644568576,3809097702094144
2,0,672,1789630481644580864,3809097702107091
2,0,673,1789630481644594176,3809097702119980
2,0,674,1789630481644606464,3809097702132853
2,0,675,1789630481644619776,3809097702145768
2,0,676,1789630481644632064,3809097702158557
2,0,677,1789630481644645376,3809097702171510
2,0,678,1789630481644658688,3809097702184344
2,0,679,1789630481644670976,3809097702197331
2,0,680,1789630481644684288,3809097702210210
2,0,681,1789630481644696576,3809097702223067
2,0,682,1789630481644709888,3809097702235890
2,0,683,1789630481644723200,3809097702248707
2,0,684,1789630481644735488,3809097702261526
2,0,685,1789630481644748800,3809097702274364
2,0,686,1789630481644761088,3809097702287271
2,0,687,1789630481644774400,3809097702300277
2,0,688,1789630481644786688,3809097702313155
2,0,689,1789630481644800000,3809097702325964
2,0,690,1789630481644812288,3809097702338788
2,0,691,1789630481644825600,3809097702351613
2,0,692,1789630481644837888,3809097702364451
2,0,693,1789630481644851200,3809097702377327
2,0,694,1789630481644864512,3809097702390200
2,0,695,1789630481644876800,3809097702403120
2,0,696,1789630481644890112,3809097702415931
2,0,697,1789630481644902400,3809097702428737
2,0,698,1789630481644915712,3809097702441651
2,0,699,1789630481644928000,3809097702454484
2,0,700,1789630481644941312,3809097702467342
2,0,701,1789630481644954624,3809097702480207
2,0,702,1789630481644966912,3809097702493059
2,0,703,1789630481644980224,3809097702505924
2,0,704,1789630481644992512,3809097702518768
2,0,705,1789630481645005824,3809097702531604
2,0,706,1789630481645018112,3809097702544451
2,0,707,1789630481645031424,3809097702557288
2,0,708,1789630481645043712,3809097702570130
2,0,709,1789630481645057024,3809097702583020
2,0,710,1789630481645070336,3809097702595833
2,0,711,1789630481645082624,3809097702608720
2,0,712,1789630481645095936,3809097702621617
2,0,713,1789630481645108224,3809097702634415
2,0,714,1789630481645121536,3809097702647272
2,0,715,1789630481645133824,3809097702660124
2,0,716,1789630481645147136,3809097702672993
2,0,717,1789630481645159424,3809097702686017
2,0,718,1789630481645172736,3809097702698775
2,0,719,1789630481645186048,3809097702711655
2,0,720,1789630481645198336,3809097702724482
2,0,721,1789630481645211648,3809097702737327
2,0,722,1789630481645223936,3809097702750151
2,0,723,1789630481645237248,3809097702763000
2,0,724,1789630481645249536,3809097702775950
2,0,725,1789630481645262848,3809097702788850
2,0,726,1789630481645275136,3809097702801673
2,0,727,1789630481645288448,3809097702814493
2,0,728,1789630481645301760,3809097702827331
2,0,729,1789630481645314048,3809097702840126
2,0,730,1789630481645327360,3809097702853015
2,0,731,1789630481645339648,3809097702865804
2,0,732,1789630481645352960,3809097702878762
2,0,733,1789630481645365248,3809097702891577
2,0,734,1789630481645378560,3809097702904487
2,0,735,1789630481645390848,3809097702917280
2,0,736,1789630481645404160,3809097702930074
2,0,737,1789630481645416448,3809097702942984
2,0,738,1789630481645429760,3809097702955782
2,0,739,1789630481645443072,3809097702968657
2,0,740,1789630481645455360,3809097702981550
2,0,741,1789630481645468672,3809097702994368
2,0,742,1789630481645480960,3809097703007257
2,0,743,1789630481645494272,3809097703020100
2,0,744,1789630481645506560,3809097703033012
2,0,745,1789630481645519872,3809097703045875
2,0,746,1789630481645533184,3809097703058760
2,0,747,1789630481645545472,3809097703071677
2,0,748,1789630481645558784,3809097703084515
2,0,749,1789630481645571072,3809097703097377
2,0,750,1789630481645584384,3809097703110232
2,0,751,1789630481645596672,3809097703123066
2,0,752,1789630481645609984,3809097703135937
2,0,753,1789630481645622272,3809097703148737
2,0,754,1789630481645635584,3809097703161595
2,0,755,1789630481645648896,3809097703174437
2,0,756,1789630481645661184,3809097703187330
2,0,757,1789630481645674496,3809097703200150
2,0,758,1789630481645686784,3809097703213020
2,0,759,1789630481645700096,3809097703225808
2,0,760,1789630481645712384,3809097703238677
2,0,761,1789630481645725696,3809097703251560
2,0,762,1789630481645737984,3809097703264415
2,0,763,1789630481645751296,3809097703277295
2,0,764,1789630481645764608,3809097703290167
2,0,765,1789630481645776896,3809097703302990
2,0,766,1789630481645790208,3809097703315882
2,0,767,1789630481645802496,3809097703328737
2,0,768,1789630481645815808,3809097703341615
2,0,769,1789630481645828096,3809097703354444
2,0,770,1789630481645841408,3809097703367370
2,0,771,1789630481645853696,3809097703380175
2,0,772,1789630481645867008,3809097703393027
2,0,773,1789630481645880320,3809097703405868
2,0,774,1789630481645892608,3809097703418720
2,0,775,1789630481645905920,3809097703431570
2,0,776,1789630481645918208,3809097703444424
2,0,777,1789630481645931520,3809097703457280
2,0,778,1789630481645943808,3809097703470240
2,0,779,1789630481645957120,3809097703483067
2,0,780,1789630481645969408,3809097703495902
2,0,781,1789630481645982720,3809097703508775
2,0,782,1789630481645996032,3809097703521655
2,0,783,1789630481646008320,3809097703534575
2,0,784,1789630481646021632,3809097703547455
2,0,785,1789630481646033920,3809097703560347
2,0,786,1789630481646047232,3809097703573164
2,0,787,1789630481646059520,3809097703586027
2,0,788,1789630481646072832,3809097703598917
2,0,789,1789630481646086144,3809097703611800
2,0,790,1789630481646098432,3809097703624604
2,0,791,1789630481646111744,3809097703637544
2,0,792,1789630481646124032,3809097703650326
2,0,793,1789630481646137344,3809097703663250
2,0,794,1789630481646149632,3809097703676002
2,0,795,1789630481646162944,3809097703688955
2,0,796,1789630481646175232,3809097703701762
2,0,797,1789630481646188544,3809097703714612
2,0,798,1789630481646201856,3809097703727500
2,0,799,1789630481646214144,3809097703740384
2,0,800,1789630481646227456,3809097703753207
2,0,801,1789630481646239744,3809097703766077
2,0,802,1789630481646253056,3809097703778986
2,0,803,1789630481646265344,3809097703791812
2,0,804,1789630481646278656,3809097703804599
2,0,805,1789630481646290944,3809097703817482
2,0,806,1789630481646304256,3809097703830255
2,0,807,1789630481646317568,3809097703843153
2,0,808,1789630481646329856,3809097703856042
2,0,809,1789630481646343168,3809097703868860
2,0,810,1789630481646355456,3809097703881671
2,0,811,1789630481646368768,3809097703894549
2,0,812,1789630481646381056,3809097703907370
2,0,813,1789630481646394368,3809097703920242
2,0,814,1789630481646406656,3809097703933102
2,0,815,1789630481646419968,3809097703945929
2,0,816,1789630481646432256,3809097703958808
2,0,817,1789630481646445568,3809097703971690
2,0,818,1789630481646458880,3809097703984520
2,0,819,1789630481646471168,3809097703997355
2,0,820,1789630481646484480,3809097704010220
2,0,821,1789630481646496768,3809097704023124
2,0,822,1789630481646510080,3809097704036006
2,0,823,1789630481646522368,3809097704048852
2,0,824,1789630481646535680,3809097704061715
2,0,825,1789630481646547968,3809097704074490
2,0,826,1789630481646561280,3809097704087340
2,0,827,1789630481646574592,3809097704100322
2,0,828,1789630481646586880,3809097704113242
2,0,829,1789630481646600192,3809097704126080
2,0,830,1789630481646612480,3809097704138952
2,0,831,1789630481646625792,3809097704151770
2,0,832,1789630481646638080,3809097704164724
2,0,833,1789630481646651392,3809097704177527
2,0,834,1789630481646664704,3809097704190344
2,0,835,1789630481646676992,3809097704203184
2,0,836,1789630481646690304,3809097704216095
2,0,837,1789630481646702592,3809097704228924
2,0,838,1789630481646715904,3809097704241735
2,0,839,1789630481646728192,3809097704254627
2,0,840,1789630481646741504,3809097704267446
2,0,841,1789630481646753792,3809097704288847
2,0,842,1789630481646767104,3809097704293202
2,0,843,1789630481646780416,3809097704306040
2,0,844,1789630481646792704,3809097704318916
2,0,845,1789630481646806016,3809097704331795
2,0,846,1789630481646818304,3809097704344770
2,0,847,1789630481646831616,3809097704357562
2,0,848,1789630481646843904,3809097704370413
2,0,849,1789630481646857216,3809097704383234
2,0,850,1789630481646869504,3809097704396055
2,0,851,1789630481646882816,3809097704408902
2,0,852,1789630481646896128,3809097704421790
2,0,853,1789630481646908416,3809097704434646
2,0,854,1789630481646921728,3809097704447582
2,0,855,1789630481646934016,3809097704460433
2,0,856,1789630481646947328,3809097704473302
2,0,857,1789630481646959616,3809097704486192
2,0,858,1789630481646972928,3809097704499070
2,0,859,1789630481646986240,3809097704511953
2,0,860,1789630481646998528,3809097704524830
2,0,861,1789630481647011840,3809097704537677
2,0,862,1789630481647024128,3809097704550622
2,0,863,1789630481647037440,3809097704563530
2,0,864,1789630481647050752,3809097704576310
2,0,865,1789630481647063040,3809097704589150
2,0,866,1789630481647076352,3809097704602050
2,0,867,1789630481647088640,3809097704614904
2,0,868,1789630481647101952,3809097704627782
2,0,869,1789630481647114240,3809097704640728
2,0,870,1789630481647127552,3809097704653514
2,0,871,1789630481647139840,3809097704666330
2,0,872,1789630481647153152,3809097704679188
2,0,873,1789630481647166464,3809097704691997
2,0,874,1789630481647178752,3809097704704937
2,0,875,1789630481647192064,3809097704717730
2,0,876,1789630481647204352,3809097704730607
2,0,877,1789630481647217664,3809097704743417
2,0,878,1789630481647229952,3809097704756362
2,0,879,1789630481647243264,3809097704769215
2,0,880,1789630481647255552,3809097704782057
2,0,881,1789630481647268864,3809097704794968
2,0,882,1789630481647282176,3809097704807740
2,0,883,1789630481647294464,3809097704820752
2,0,884,1789630481647307776,3809097704833650
2,0,885,1789630481647320064,3809097704846480
2,0,886,1789630481647333376,3809097704859330
2,0,887,1789630481647345664,3809097704872182
2,0,888,1789630481647358976,3809097704885108
2,0,889,1789630481647372288,3809097704897975
2,0,890,1789630481647384576,3809097704910826
2,0,891,1789630481647397888,3809097704923675
2,0,892,1789630481647410176,3809097704936527
2,0,893,1789630481647423488,3809097704949503
2,0,894,1789630481647435776,3809097704962300
2,0,895,1789630481647449088,3809097704975177
2,0,896,1789630481647461376,3809097704987937
2,0,897,1789630481647474688,3809097705000830
2,0,898,1789630481647488000,3809097705013677
2,0,899,1789630481647500288,3809097705026535
2,0,900,1789630481647513600,3809097705039318
2,0,901,1789630481647525888,3809097705052340
2,0,902,1789630481647539200,3809097705065167
2,0,903,1789630481647551488,3809097705077993
2,0,904,1789630481647564800,3809097705090910
2,0,905,1789630481647578112,3809097705103730
2,0,906,1789630481647590400,3809097705116580
2,0,907,1789630481647603712,3809097705129464
2,0,908,1789630481647616000,3809097705142306
2,0,909,1789630481647629312,3809097705155115
2,0,910,1789630481647641600,3809097705167990
2,0,911,1789630481647654912,3809097705180855
2,0,912,1789630481647667200,3809097705193750
2,0,913,1789630481647680512,3809097705206709
2,0,914,1789630481647693824,3809097705219516
2,0,915,1789630481647706112,3809097705232370
2,0,916,1789630481647719424,3809097705245184
2,0,917,1789630481647731712,3809097705258009
2,0,918,1789630481647745024,3809097705270875
2,0,919,1789630481647757312,3809097705283724
2,0,920,1789630481647770624,3809097705296730
2,0,921,1789630481647783936,3809097705309593
2,0,922,1789630481647796224,3809097705322517
2,0,923,1789630481647809536,3809097705335387
2,0,924,1789630481647821824,3809097705348204
2,0,925,1789630481647835136,3809097705361115
2,0,926,1789630481647847424,3809097705374043
2,0,927,1789630481647860736,3809097705386866
2,0,928,1789630481647874048,3809097705399787
2,0,929,1789630481647886336,3809097705412680
2,0,930,1789630481647899648,3809097705425550
2,0,931,1789630481647911936,3809097705438444
2,0,932,1789630481647925248,3809097705451312
2,0,933,1789630481647938560,3809097705464104
2,0,934,1789630481647950848,3809097705476992
2,0,935,1789630481647964160,3809097705489863
2,0,936,1789630481647976448,3809097705502754
2,0,937,1789630481647989760,3809097705515590
2,0,938,1789630481648002048,3809097705528495
2,0,939,1789630481648015360,3809097705541315
2,0,940,1789630481648027648,3809097705554250
2,0,941,1789630481648040960,3809097705567122
2,0,942,1789630481648054272,3809097705580037
2,0,943,1789630481648066560,3809097705592867
2,0,944,1789630481648079872,3809097705605730
2,0,945,1789630481648092160,3809097705618608
2,0,946,1789630481648105472,3809097705631470
2,0,947,1789630481648117760,3809097705644395
2,0,948,1789630481648131072,3809097705657281
2,0,949,1789630481648144384,3809097705670160
2,0,950,1789630481648156672,3809097705682995
2,0,951,1789630481648169984,3809097705695940
2,0,952,1789630481648182272,3809097705708780
2,0,953,1789630481648195584,3809097705721606
2,0,954,1789630481648208896,3809097705734513
2,0,955,1789630481648221184,3809097705747420
2,0,956,1789630481648234496,3809097705760240
2,0,957,1789630481648246784,3809097705773077
2,0,958,1789630481648260096,3809097705785926
2,0,959,1789630481648272384,3809097705798824
2,0,960,1789630481648285696,3809097705811808
2,0,961,1789630481648299008,3809097705824660
2,0,962,1789630481648311296,3809097705837584
2,0,963,1789630481648324608,3809097705850500
2,0,964,1789630481648336896,3809097705863340
2,0,965,1789630481648350208,3809097705876224
2,0,966,1789630481648362496,3809097705889064
2,0,967,1789630481648375808,3809097705901920
2,0,968,1789630481648389120,3809097705914875
2,0,969,1789630481648401408,3809097705927704
2,0,970,1789630481648414720,3809097705940575
2,0,971,1789630481648427008,3809097705953436
2,0,972,1789630481648440320,3809097705966282
2,0,973,1789630481648452608,3809097705979136
2,0,974,1789630481648465920,3809097705991980
2,0,975,1789630481648479232,3809097706004910
2,0,976,1789630481648491520,3809097706017750
2,0,977,1789630481648504832,3809097706030650
2,0,978,1789630481648517120,3809097706043530
2,0,979,1789630481648530432,3809097706056375
2,0,980,1789630481648542720,3809097706069302
2,0,981,1789630481648556032,3809097706082188
2,0,982,1789630481648569344,3809097706095113
2,0,983,1789630481648581632,3809097706107990
2,0,984,1789630481648594944,3809097706120917
2,0,985,1789630481648607232,3809097706133837
2,0,986,1789630481648620544,3809097706146730
2,0,987,1789630481648633856,3809097706159590
2,0,988,1789630481648646144,3809097706172536
2,0,989,1789630481648659456,3809097706185354
2,0,990,1789630481648671744,3809097706198240
2,0,991,1789630481648685056,3809097706211152
2,0,992,1789630481648698368,3809097706224008
2,0,993,1789630481648710656,3809097706236900
2,0,994,1789630481648723968,3809097706249815
2,0,995,1789630481648736256,3809097706262684
2,0,996,1789630481648749568,3809097706275530
2,0,997,1789630481648761856,3809097706288375
2,0,998,1789630481648775168,3809097706301257
2,0,999,1789630481648788480,3809097706314144
2,0,1000,1789630481648800768,3809097706327029
2,0,1001,1789630481648814080,3809097706339920
2,0,1002,1789630481648826368,3809097706352842
2,0,1003,1789630481648839680,3809097706365850
2,0,1004,1789630481648852992,3809097706378717
2,0,1005,1789630481648865280,3809097706391566
2,0,1006,1789630481648878592,3809097706404464
2,0,1007,1789630481648890880,3809097706417327
2,0,1008,1789630481648904192,3809097706430155
2,0,1009,1789630481648916480,3809097706443050
2,0,1010,1789630481648929792,3809097706455900
2,0,1011,1789630481648943104,3809097706468784
2,0,1012,1789630481648955392,3809097706481683
2,0,1013,1789630481648968704,3809097706494586
2,0,1014,1789630481648980992,3809097706507460
2,0,1015,1789630481648994304,3809097706520362
2,0,1016,1789630481649007616,3809097706533284
2,0,1017,1789630481649019904,3809097706546180
2,0,1018,1789630481649033216,3809097706559081
2,0,1019,1789630481649045504,3809097706572015
2,0,1020,1789630481649058816,3809097706584865
2,0,1021,1789630481649072128,3809097706597721
2,0,1022,1789630481649084416,3809097706610613
2,0,1023,1789630481649097728,3809097706623471
2,0,1024,1789630481649110016,3809097706636435
2,0,1025,1789630481649123328,3809097706649337
2,0,1026,1789630481649135616,3809097706662153
2,0,1027,1789630481649148928,3809097706675083
2,0,1028,1789630481649162240,3809097706687935
2,0,1029,1789630481649174528,3809097706700853
2,0,1030,1789630481649187840,3809097706713725
2,0,1031,1789630481649200128,3809097706726711
2,0,1032,1789630481649213440,3809097706739621
2,0,1033,1789630481649226752,3809097706752473
2,0,1034,1789630481649239040,3809097706765363
2,0,1035,1789630481649252352,3809097706778299
2,0,1036,1789630481649264640,3809097706791146
2,0,1037,1789630481649277952,3809097706803986
2,0,1038,1789630481649290240,3809097706816821
2,0,1039,1789630481649303552,3809097706829710
2,0,1040,1789630481649316864,3809097706842661
2,0,1041,1789630481649329152,3809097706855579
2,0,1042,1789630481649342464,3809097706868539
2,0,1043,1789630481649355776,3809097706881473
2,0,1044,1789630481649368064,3809097706894300
2,0,1045,1789630481649381376,3809097706907288
2,0,1046,1789630481649393664,3809097706920153
2,0,1047,1789630481649406976,3809097706933013
2,0,1048,1789630481649420288,3809097706945903
2,0,1049,1789630481649432576,3809097706958846
2,0,1050,1789630481649445888,3809097706971731
2,0,1051,1789630481649458176,3809097706984639
2,0,1052,1789630481649471488,3809097706997501
2,0,1053,1789630481649483776,3809097707010343
2,0,1054,1789630481649497088,3809097707023263
2,0,1055,1789630481649510400,3809097707036193
2,0,1056,1789630481649522688,3809097707049046
2,0,1057,1789630481649536000,3809097707061949
2,0,1058,1789630481649548288,3809097707074826
2,0,1059,1789630481649561600,3809097707087708
2,0,1060,1789630481649574912,3809097707100688
2,0,1061,1789630481649587200,3809097707113541
2,0,1062,1789630481649600512,3809097707126403
2,0,1063,1789630481649612800,3809097707139313
2,0,1064,1789630481649626112,3809097707152163
2,0,1065,1789630481649638400,3809097707165081
2,0,1066,1789630481649651712,3809097707178873
2,0,1067,1789630481649666048,3809097707191757
2,0,1068,1789630481649678336,3809097707204673
2,0,1069,1789630481649691648,3809097707217644
2,0,1070,1789630481649703936,3809097707230509
2,0,1071,1789630481649717248,3809097707243404
2,0,1072,1789630481649730560,3809097707256228
2,0,1073,1789630481649742848,3809097707269136
2,0,1074,1789630481649756160,3809097707282132
2,0,1075,1789630481649768448,3809097707295041
2,0,1076,1789630481649781760,3809097707307921
2,0,1077,1789630481649795072,3809097707320939
2,0,1078,1789630481649807360,3809097707333815
2,0,1079,1789630481649820672,3809097707346728
2,0,1080,1789630481649832960,3809097707359579
2,0,1081,1789630481649846272,3809097707372499
2,0,1082,1789630481649859584,3809097707385369
2,0,1083,1789630481649871872,3809097707398244
2,0,1084,1789630481649885184,3809097707411149
2,0,1085,1789630481649897472,3809097707424009
2,0,1086,1789630481649910784,3809097707436959
2,0,1087,1789630481649924096,3809097707449869
2,0,1088,1789630481649936384,3809097707462693
2,0,1089,1789630481649949696,3809097707475623
2,0,1090,1789630481649961984,3809097707488449
2,0,1091,1789630481649975296,3809097707501379
2,0,1092,1789630481649988608,3809097707514326
2,0,1093,1789630481650000896,3809097707527193
2,0,1094,1789630481650014208,3809097707540026
2,0,1095,1789630481650026496,3809097707552949
2,0,1096,1789630481650039808,3809097707565809
2,0,1097,1789630481650052096,3809097707578733
2,0,1098,1789630481650065408,3809097707591543
2,0,1099,1789630481650078720,3809097707604424
2,0,1100,1789630481650091008,3809097707617276
2,0,1101,1789630481650104320,3809097707630151
2,0,1102,1789630481650116608,3809097707643166
2,0,1103,1789630481650129920,3809097707655980
2,0,1104,1789630481650143232,3809097707669305
2,0,1105,1789630481650155520,3809097707681819
2,0,1106,1789630481650168832,3809097707694659
2,0,1107,1789630481650181120,3809097707707503
2,0,1108,1789630481650194432,3809097707720362
2,0,1109,1789630481650206720,3809097707733354
2,0,1110,1789630481650220032,3809097707746239
2,0,1111,1789630481650233344,3809097707759113
2,0,1112,1789630481650245632,3809097707771976
2,0,1113,1789630481650258944,3809097707784836
2,0,1114,1789630481650271232,3809097707797711
2,0,1115,1789630481650284544,3809097707810589
2,0,1116,1789630481650297856,3809097707823499
2,0,1117,1789630481650310144,3809097707836551
2,0,1118,1789630481650323456,3809097707849399
2,0,1119,1789630481650335744,3809097707862249
2,0,1120,1789630481650349056,3809097707875143
2,0,1121,1789630481650362368,3809097707888043
2,0,1122,1789630481650374656,3809097707900881
2,0,1123,1789630481650387968,3809097707913806
2,0,1124,1789630481650400256,3809097707926606
2,0,1125,1789630481650413568,3809097707939536
2,0,1126,1789630481650425856,3809097707952429
2,0,1127,1789630481650439168,3809097707965306
2,0,1128,1789630481650452480,3809097707978211
2,0,1129,1789630481650464768,3809097707991049
2,0,1130,1789630481650478080,3809097708003919
2,0,1131,1789630481650490368,3809097708016773
2,0,1132,1789630481650503680,3809097708029726
2,0,1133,1789630481650515968,3809097708042571
2,0,1134,1789630481650529280,3809097708055459
2,0,1135,1789630481650542592,3809097708068310
2,0,1136,1789630481650554880,3809097708081156
2,0,1137,1789630481650568192,3809097708093962
2,0,1138,1789630481650580480,3809097708106843
2,0,1139,1789630481650593792,3809097708119874
2,0,1140,1789630481650607104,3809097708132773
2,0,1141,1789630481650619392,3809097708145656
2,0,1142,1789630481650632704,3809097708158611
2,0,1143,1789630481650644992,3809097708171501
2,0,1144,1789630481650658304,3809097708184389
2,0,1145,1789630481650670592,3809097708197274
2,0,1146,1789630481650683904,3809097708210139
2,0,1147,1789630481650697216,3809097708223004
2,0,1148,1789630481650709504,3809097708235880
2,0,1149,1789630481650722816,3809097708248714
2,0,1150,1789630481650735104,3809097708261606
2,0,1151,1789630481650748416,3809097708274531
2,0,1152,1789630481650761728,3809097708288519
2,0,1153,1789630481650775040,3809097708301371
2,0,1154,1789630481650788352,3809097708314286
2,0,1155,1789630481650800640,3809097708327173
2,0,1156,1789630481650813952,3809097708340840
2,0,1157,1789630481650827264,3809097708353719
2,0,1158,1789630481650840576,3809097708366593
2,0,1159,1789630481650852864,3809097708379396
2,0,1160,1789630481650866176,3809097708392251
2,0,1161,1789630481650879488,3809097708405113
2,0,1162,1789630481650891776,3809097708418877
2,0,1163,1789630481650906112,3809097708431762
2,0,1164,1789630481650918400,3809097708444629
2,0,1165,1789630481650931712,3809097708457514
2,0,1166,1789630481650944000,3809097708470410
2,0,1167,1789630481650957312,3809097708483289
2,0,1168,1789630481650969600,3809097708496185
2,0,1169,1789630481650982912,3809097708510106
2,0,1170,1789630481650997248,3809097708522939
2,0,1171,1789630481651009536,3809097708535802
2,0,1172,1789630481651022848,3809097708548751
2,0,1173,1789630481651035136,3809097708561676
2,0,1174,1789630481651048448,3809097708574601
2,0,1175,1789630481651061760,3809097708587441
2,0,1176,1789630481651074048,3809097708600331
2,0,1177,1789630481651087360,3809097708613194
2,0,1178,1789630481651099648,3809097708626026
2,0,1179,1789630481651112960,3809097708638879
2,0,1180,1789630481651125248,3809097708651931
2,0,1181,1789630481651138560,3809097708664996
2,0,1182,1789630481651151872,3809097708678101
2,0,1183,1789630481651165184,3809097708691082
2,0,1184,1789630481651177472,3809097708704279
2,0,1185,1789630481651190784,3809097708717157
2,0,1186,1789630481651204096,3809097708730071
2,0,1187,1789630481651216384,3809097708742929
2,0,1188,1789630481651229696,3809097708755976
2,0,1189,1789630481651243008,3809097708768899
2,0,1190,1789630481651255296,3809097708781779
2,0,1191,1789630481651268608,3809097708794605
2,0,1192,1789630481651280896,3809097708807503
2,0,1193,1789630481651294208,3809097708820434
2,0,1194,1789630481651307520,3809097708833335
2,0,1195,1789630481651319808,3809097708846196
2,0,1196,1789630481651333120,3809097708859135
2,0,1197,1789630481651345408,3809097708872070
2,0,1198,1789630481651358720,3809097708884921
2,0,1199,1789630481651372032,3809097708897781
2,0,1200,1789630481651384320,3809097708910622
2,0,1201,1789630481651397632,3809097708923526
2,0,1202,1789630481651409920,3809097708936587
2,0,1203,1789630481651423232,3809097708949460
2,0,1204,1789630481651436544,3809097708962343
2,0,1205,1789630481651448832,3809097708975271
2,0,1206,1789630481651462144,3809097708988111
2,0,1207,1789630481651474432,3809097709000999
2,0,1208,1789630481651487744,3809097709013849
2,0,1209,1789630481651501056,3809097709026739
2,0,1210,1789630481651513344,3809097709039591
2,0,1211,1789630481651526656,3809097709052436
2,0,1212,1789630481651538944,3809097709065334
2,0,1213,1789630481651552256,3809097709078239
2,0,1214,1789630481651564544,3809097709091126
2,0,1215,1789630481651577856,3809097709103971
2,0,1216,1789630481651591168,3809097709116811
2,0,1217,1789630481651603456,3809097709129693
2,0,1218,1789630481651616768,3809097709142549
2,0,1219,1789630481651629056,3809097709155496
2,0,1220,1789630481651642368,3809097709168396
2,0,1221,1789630481651654656,3809097709181249
2,0,1222,1789630481651667968,3809097709194101
2,0,1223,1789630481651681280,3809097709206961
2,0,1224,1789630481651693568,3809097709219942
2,0,1225,1789630481651706880,3809097709232759
2,0,1226,1789630481651719168,3809097709245733
2,0,1227,1789630481651732480,3809097709258559
2,0,1228,1789630481651745792,3809097709271431
2,0,1229,1789630481651758080,3809097709284276
2,0,1230,1789630481651771392,3809097709297146
2,0,1231,1789630481651783680,3809097709310057
2,0,1232,1789630481651796992,3809097709322901
2,0,1233,1789630481651809280,3809097709335804
2,0,1234,1789630481651822592,3809097709348656
2,0,1235,1789630481651835904,3809097709361534
2,0,1236,1789630481651848192,3809097709374399
2,0,1237,1789630481651861504,3809097709387276
2,0,1238,1789630481651873792,3809097709400169
2,0,1239,1789630481651887104,3809097709413116
2,0,1240,1789630481651899392,3809097709425939
2,0,1241,1789630481651912704,3809097709438754
2,0,1242,1789630481651924992,3809097709451626
2,0,1243,1789630481651938304,3809097709464473
2,0,1244,1789630481651951616,3809097709477371
2,0,1245,1789630481651963904,3809097709490249
2,0,1246,1789630481651977216,3809097709503114
2,0,1247,1789630481651989504,3809097709515999
2,0,1248,1789630481652002816,3809097709528921
2,0,1249,1789630481652016128,3809097709541823
2,0,1250,1789630481652028416,3809097709554669
2,0,1251,1789630481652041728,3809097709567539
2,0,1252,1789630481652054016,3809097709580384
2,0,1253,1789630481652067328,3809097709593197
2,0,1254,1789630481652079616,3809097709606166
2,0,1255,1789630481652092928,3809097709618989
2,0,1256,1789630481652106240,3809097709631956
2,0,1257,1789630481652118528,3809097709644791
2,0,1258,1789630481652131840,3809097709657686
2,0,1259,1789630481652144128,3809097709670576
2,0,1260,1789630481652157440,3809097709683436
2,0,1261,1789630481652169728,3809097709696319
2,0,1262,1789630481652183040,3809097709709226
2,0,1263,1789630481652196352,3809097709722086
2,0,1264,1789630481652208640,3809097709734969
2,0,1265,1789630481652221952,3809097709747981
2,0,1266,1789630481652234240,3809097709760889
2,0,1267,1789630481652247552,3809097709773813
2,0,1268,1789630481652260864,3809097709786604
2,0,1269,1789630481652273152,3809097709799513
2,0,1270,1789630481652286464,3809097709812343
2,0,1271,1789630481652298752,3809097709825244
2,0,1272,1789630481652312064,3809097709838131
2,0,1273,1789630481652324352,3809097709851002
2,0,1274,1789630481652337664,3809097709863886
2,0,1275,1789630481652350976,3809097709876786
2,0,1276,1789630481652363264,3809097709889663
2,0,1277,1789630481652376576,3809097709902533
2,0,1278,1789630481652388864,3809097709915455
2,0,1279,1789630481652402176,3809097709928366
2,0,1280,1789630481652415488,3809097709941159
2,0,1281,1789630481652427776,3809097709954036
2,0,1282,1789630481652441088,3809097709966876
2,0,1283,1789630481652453376,3809097709979849
2,0,1284,1789630481652466688,3809097709992699
2,0,1285,1789630481652478976,3809097710005537
2,0,1286,1789630481652492288,3809097710018445
2,0,1287,1789630481652505600,3809097710031419
2,0,1288,1789630481652517888,3809097710044284
2,0,1289,1789630481652531200,3809097710057169
2,0,1290,1789630481652543488,3809097710070161
2,0,1291,1789630481652556800,3809097710082949
2,0,1292,1789630481652570112,3809097710095886
2,0,1293,1789630481652582400,3809097710108679
2,0,1294,1789630481652595712,3809097710121556
2,0,1295,1789630481652608000,3809097710134426
2,0,1296,1789630481652621312,3809097710147319
2,0,1297,1789630481652633600,3809097710160204
2,0,1298,1789630481652646912,3809097710173059
2,0,1299,1789630481652660224,3809097710185931
2,0,1300,1789630481652672512,3809097710198789
2,0,1301,1789630481652685824,3809097710211701
2,0,1302,1789630481652698112,3809097710224564
2,0,1303,1789630481652711424,3809097710237446
2,0,1304,1789630481652723712,3809097710250301
2,0,1305,1789630481652737024,3809097710263156
2,0,1306,1789630481652750336,3809097710276086
2,0,1307,1789630481652762624,3809097710288969
2,0,1308,1789630481652775936,3809097710301810
2,0,1309,1789630481652788224,3809097710314664
2,0,1310,1789630481652801536,3809097710327511
2,0,1311,1789630481652813824,3809097710340411
2,0,1312,1789630481652827136,3809097710353299
2,0,1313,1789630481652840448,3809097710366229
2,0,1314,1789630481652852736,3809097710379131
2,0,1315,1789630481652866048,3809097710392063
2,0,1316,1789630481652878336,3809097710404891
2,0,1317,1789630481652891648,3809097710417739
2,0,1318,1789630481652903936,3809097710430593
2,0,1319,1789630481652917248,3809097710443536
2,0,1320,1789630481652930560,3809097710456401
2,0,1321,1789630481652942848,3809097710469295
2,0,1322,1789630481652956160,3809097710482176
2,0,1323,1789630481652968448,3809097710495191
2,0,1324,1789630481652981760,3809097710508009
2,0,1325,1789630481652995072,3809097710520819
2,0,1326,1789630481653007360,3809097710533636
2,0,1327,1789630481653020672,3809097710546509
2,0,1328,1789630481653032960,3809097710559526
2,0,1329,1789630481653046272,3809097710572395
2,0,1330,1789630481653059584,3809097710586283
2,0,1331,1789630481653072896,3809097710599163
2,0,1332,1789630481653086208,3809097710612004
2,0,1333,1789630481653098496,3809097710624899
2,0,1334,1789630481653111808,3809097710637721
2,0,1335,1789630481653124096,3809097710650599
2,0,1336,1789630481653137408,3809097710663501
2,0,1337,1789630481653149696,3809097710676349
2,0,1338,1789630481653163008,3809097710689229
2,0,1339,1789630481653176320,3809097710702119
2,0,1340,1789630481653188608,3809097710715014
2,0,1341,1789630481653201920,3809097710727871
2,0,1342,1789630481653214208,3809097710740781
2,0,1343,1789630481653227520,3809097710753646
2,0,1344,1789630481653240832,3809097710766566
2,0,1345,1789630481653253120,3809097710779479
2,0,1346,1789630481653266432,3809097710792355
2,0,1347,1789630481653278720,3809097710805369
2,0,1348,1789630481653292032,3809097710818219
2,0,1349,1789630481653305344,3809097710831319
2,0,1350,1789630481653317632,3809097710844061
2,0,1351,1789630481653330944,3809097710856931
2,0,1352,1789630481653343232,3809097710869798
2,0,1353,1789630481653356544,3809097710882741
2,0,1354,1789630481653369856,3809097710895618
2,0,1355,1789630481653382144,3809097710908468
2,0,1356,1789630481653395456,3809097710921356
2,0,1357,1789630481653407744,3809097710934228
2,0,1358,1789630481653421056,3809097710947111
2,0,1359,1789630481653433344,3809097710959996
2,0,1360,1789630481653446656,3809097710972820
2,0,1361,1789630481653459968,3809097710985708
2,0,1362,1789630481653472256,3809097710998603
2,0,1363,1789630481653485568,3809097711013621
2,0,1364,1789630481653499904,3809097711026476
2,0,1365,1789630481653513216,3809097711039411
2,0,1366,1789630481653526528,3809097711052268
2,0,1367,1789630481653538816,3809097711065146
2,0,1368,1789630481653552128,3809097711078051
2,0,1369,1789630481653564416,3809097711090938
2,0,1370,1789630481653577728,3809097711103824
2,0,1371,1789630481653590016,3809097711116695
2,0,1372,1789630481653603328,3809097711129511
2,0,1373,1789630481653616640,3809097711142424
2,0,1374,1789630481653628928,3809097711155314
2,0,1375,1789630481653642240,3809097711168203
2,0,1376,1789630481653654528,3809097711182106
2,0,1377,1789630481653668864,3809097711194956
2,0,1378,1789630481653682176,3809097711207848
2,0,1379,1789630481653694464,3809097711220848
2,0,1380,1789630481653707776,3809097711233746
2,0,1381,1789630481653720064,3809097711246686
2,0,1382,1789630481653733376,3809097711259472
2,0,1383,1789630481653745664,3809097711288685
2,0,1384,1789630481653758976,3809097711288685
2,0,1385,1789630481653772288,3809097711298208
2,0,1386,1789630481653784576,3809097711311151
2,0,1387,1789630481653797888,3809097711324028
2,0,1388,1789630481653811200,3809097711336943
2,0,1389,1789630481653823488,3809097711349831
2,0,1390,1789630481653836800,3809097711362944
2,0,1391,1789630481653850112,3809097711375788
2,0,1392,1789630481653862400,3809097711388644
2,0,1393,1789630481653875712,3809097711401461
2,0,1394,1789630481653888000,3809097711414381
2,0,1395,1789630481653901312,3809097711427288
2,0,1396,1789630481653913600,3809097711440135
2,0,1397,1789630481653926912,3809097711452993
2,0,1398,1789630481653939200,3809097711465848
2,0,1399,1789630481653952512,3809097711478656
2,0,1400,1789630481653965824,3809097711491536
2,0,1401,1789630481653978112,3809097711504425
2,0,1402,1789630481653991424,3809097711517356
2,0,1403,1789630481654003712,3809097711530256
2,0,1404,1789630481654017024,3809097711543133
2,0,1405,1789630481654030336,3809097711556045
2,0,1406,1789630481654042624,3809097711568908
2,0,1407,1789630481654055936,3809097711581801
2,0,1408,1789630481654068224,3809097711594655
2,0,1409,1789630481654081536,3809097711607448
2,0,1410,1789630481654093824,3809097711620364
2,0,1411,1789630481654107136,3809097711633218
2,0,1412,1789630481654120448,3809097711646151
2,0,1413,1789630481654132736,3809097711659011
2,0,1414,1789630481654146048,3809097711671918
2,0,1415,1789630481654158336,3809097711684786
2,0,1416,1789630481654171648,3809097711697688
2,0,1417,1789630481654183936,3809097711710548
2,0,1418,1789630481654197248,3809097711723448
2,0,1419,1789630481654210560,3809097711736478
2,0,1420,1789630481654222848,3809097711749356
2,0,1421,1789630481654236160,3809097711762271
2,0,1422,1789630481654248448,3809097711775120
2,0,1423,1789630481654261760,3809097711787971
2,0,1424,1789630481654275072,3809097711800812
2,0,1425,1789630481654287360,3809097711813698
2,0,1426,1789630481654300672,3809097711826606
2,0,1427,1789630481654312960,3809097711839543
2,0,1428,1789630481654326272,3809097711852458
2,0,1429,1789630481654339584,3809097711865353
2,0,1430,1789630481654351872,3809097711878281
2,0,1431,1789630481654365184,3809097711891168
2,0,1432,1789630481654377472,3809097711904006
2,0,1433,1789630481654390784,3809097711916903
2,0,1434,1789630481654403072,3809097711929806
2,0,1435,1789630481654416384,3809097711942723
2,0,1436,1789630481654429696,3809097711955568
2,0,1437,1789630481654441984,3809097711968586
2,0,1438,1789630481654455296,3809097711981448
2,0,1439,1789630481654468608,3809097711994313
2,0,1440,1789630481654480896,3809097712007288
2,0,1441,1789630481654494208,3809097712020146
2,0,1442,1789630481654506496,3809097712033026
2,0,1443,1789630481654519808,3809097712046060
2,0,1444,1789630481654533120,3809097712058944
2,0,1445,1789630481654545408,3809097712071843
2,0,1446,1789630481654558720,3809097712084738
2,0,1447,1789630481654571008,3809097712097588
2,0,1448,1789630481654584320,3809097712110458
2,0,1449,1789630481654596608,3809097712123298
2,0,1450,1789630481654609920,3809097712136171
2,0,1451,1789630481654623232,3809097712149048
2,0,1452,1789630481654635520,3809097712163098
2,0,1453,1789630481654649856,3809097712175988
2,0,1454,1789630481654663168,3809097712188853
2,0,1455,1789630481654675456,3809097712201801
2,0,1456,1789630481654688768,3809097712214644
2,0,1457,1789630481654701056,3809097712227505
2,0,1458,1789630481654714368,3809097712240598
2,0,1459,1789630481654727680,3809097712253461
2,0,1460,1789630481654739968,3809097712266360
2,0,1461,1789630481654753280,3809097712279318
2,0,1462,1789630481654765568,3809097712292221
2,0,1463,1789630481654778880,3809097712305128
2,0,1464,1789630481654792192,3809097712318418
2,0,1465,1789630481654805504,3809097712331250
2,0,1466,1789630481654817792,3809097712344196
2,0,1467,1789630481654831104,3809097712357018
2,0,1468,1789630481654843392,3809097712369896
2,0,1469,1789630481654856704,3809097712382738
2,0,1470,1789630481654868992,3809097712395608
2,0,1471,1789630481654882304,3809097712408501
2,0,1472,1789630481654895616,3809097712421326
2,0,1473,1789630481654907904,3809097712434266
2,0,1474,1789630481654921216,3809097712447148
2,0,1475,1789630481654933504,3809097712460026
2,0,1476,1789630481654946816,3809097712472858
2,0,1477,1789630481654959104,3809097712485778
2,0,1478,1789630481654972416,3809097712498653
2,0,1479,1789630481654985728,3809097712511521
2,0,1480,1789630481654998016,3809097712524398
2,0,1481,1789630481655011328,3809097712537288
2,0,1482,1789630481655023616,3809097712550176
2,0,1483,1789630481655036928,3809097712563028
2,0,1484,1789630481655050240,3809097712576106
2,0,1485,1789630481655062528,3809097712589016
2,0,1486,1789630481655075840,3809097712601874
2,0,1487,1789630481655088128,3809097712614775
2,0,1488,1789630481655101440,3809097712627621
2,0,1489,1789630481655114752,3809097712640503
2,0,1490,1789630481655127040,3809097712653388
2,0,1491,1789630481655140352,3809097712666246
2,0,1492,1789630481655152640,3809097712679086
2,0,1493,1789630481655165952,3809097712691976
2,0,1494,1789630481655178240,3809097712704848
2,0,1495,1789630481655191552,3809097712717733
2,0,1496,1789630481655204864,3809097712730608
2,0,1497,1789630481655217152,3809097712743468
2,0,1498,1789630481655230464,3809097712756343
2,0,1499,1789630481655242752,3809097712769211
2,0,1500,1789630481655256064,3809097712782088
2,0,1501,1789630481655268352,3809097712794968
2,0,1502,1789630481655281664,3809097712807821
2,0,1503,1789630481655294976,3809097712820724
2,0,1504,1789630481655307264,3809097712836238
2,0,1505,1789630481655322624,3809097712849101
2,0,1506,1789630481655335936,3809097712862093
2,0,1507,1789630481655349248,3809097712875168
2,0,1508,1789630481655361536,3809097712888306
2,0,1509,1789630481655374848,3809097712901178
2,0,1510,1789630481655388160,3809097712914038
2,0,1511,1789630481655400448,3809097712926938
2,0,1512,1789630481655413760,3809097712939944
2,0,1513,1789630481655427072,3809097712952861
2,0,1514,1789630481655439360,3809097712965661
2,0,1515,1789630481655452672,3809097712978551
2,0,1516,1789630481655464960,3809097712991435
2,0,1517,1789630481655478272,3809097713004318
2,0,1518,1789630481655490560,3809097713017288
2,0,1519,1789630481655503872,3809097713030104
2,0,1520,1789630481655517184,3809097713043008
2,0,1521,1789630481655529472,3809097713055901
2,0,1522,1789630481655542784,3809097713068861
2,0,1523,1789630481655555072,3809097713081724
2,0,1524,1789630481655568384,3809097713094631
2,0,1525,1789630481655581696,3809097713107508
2,0,1526,1789630481655593984,3809097713120408
2,0,1527,1789630481655607296,3809097713133325
2,0,1528,1789630481655619584,3809097713146178
2,0,1529,1789630481655632896,3809097713159048
2,0,1530,1789630481655646208,3809097713171926
2,0,1531,1789630481655658496,3809097713184811
2,0,1532,1789630481655671808,3809097713197691
2,0,1533,1789630481655684096,3809097713210706
2,0,1534,1789630481655697408,3809097713223601
2,0,1535,1789630481655710720,3809097713236496
2,0,1536,1789630481655723008,3809097713249348
2,0,1537,1789630481655736320,3809097713262254
2,0,1538,1789630481655748608,3809097713275078
2,0,1539,1789630481655761920,3809097713287898
2,0,1540,1789630481655774208,3809097713300806
2,0,1541,1789630481655787520,3809097713313738
2,0,1542,1789630481655800832,3809097713326598
2,0,1543,1789630481655813120,3809097713339493
2,0,1544,1789630481655826432,3809097713352423
2,0,1545,1789630481655838720,3809097713365243
2,0,1546,1789630481655852032,3809097713378101
2,0,1547,1789630481655864320,3809097713391031
2,0,1548,1789630481655877632,3809097713403908
2,0,1549,1789630481655890944,3809097713416815
2,0,1550,1789630481655903232,3809097713429779
2,0,1551,1789630481655916544,3809097713442658
2,0,1552,1789630481655929856,3809097713455564
2,0,1553,1789630481655942144,3809097713468418
2,0,1554,1789630481655955456,3809097713481263
2,0,1555,1789630481655967744,3809097713494120
2,0,1556,1789630481655981056,3809097713506974
2,0,1557,1789630481655993344,3809097713519868
2,0,1558,1789630481656006656,3809097713532786
2,0,1559,1789630481656018944,3809097713545668
2,0,1560,1789630481656032256,3809097713558508
2,0,1561,1789630481656045568,3809097713571381
2,0,1562,1789630481656057856,3809097713584251
2,0,1563,1789630481656071168,3809097713597088
2,0,1564,1789630481656083456,3809097713609925
2,0,1565,1789630481656096768,3809097713622878
2,0,1566,1789630481656110080,3809097713635794
2,0,1567,1789630481656122368,3809097713648684
2,0,1568,1789630481656135680,3809097713661598
2,0,1569,1789630481656147968,3809097713674478
2,0,1570,1789630481656161280,3809097713687364
2,0,1571,1789630481656173568,3809097713700361
2,0,1572,1789630481656186880,3809097713713231
2,0,1573,1789630481656200192,3809097713726096
2,0,1574,1789630481656212480,3809097713738978
2,0,1575,1789630481656225792,3809097713751941
2,0,1576,1789630481656238080,3809097713764793
2,0,1577,1789630481656251392,3809097713777718
2,0,1578,1789630481656264704,3809097713790688
2,0,1579,1789630481656276992,3809097713803551
2,0,1580,1789630481656290304,3809097713816383
2,0,1581,1789630481656302592,3809097713829225
2,0,1582,1789630481656315904,3809097713842123
2,0,1583,1789630481656329216,3809097713855064
2,0,1584,1789630481656341504,3809097713867933
2,0,1585,1789630481656354816,3809097713880876
2,0,1586,1789630481656367104,3809097713893766
2,0,1587,1789630481656380416,3809097713906721
2,0,1588,1789630481656393728,3809097713919526
2,0,1589,1789630481656406016,3809097713932571
2,0,1590,1789630481656419328,3809097713945371
2,0,1591,1789630481656431616,3809097713958253
2,0,1592,1789630481656444928,3809097713971155
2,0,1593,1789630481656458240,3809097713984056
2,0,1594,1789630481656470528,3809097713996911
2,0,1595,1789630481656483840,3809097714009808
2,0,1596,1789630481656496128,3809097714022664
2,0,1597,1789630481656509440,3809097714035476
2,0,1598,1789630481656521728,3809097714048416
2,0,1599,1789630481656535040,3809097714061276
2,0,1600,1789630481656548352,3809097714074171
2,0,1601,1789630481656560640,3809097714087188
2,0,1602,1789630481656573952,3809097714100068
2,0,1603,1789630481656586240,3809097714112933
2,0,1604,1789630481656599552,3809097714125774
2,0,1605,1789630481656612864,3809097714138651
2,0,1606,1789630481656625152,3809097714151584
2,0,1607,1789630481656638464,3809097714164468
2,0,1608,1789630481656650752,3809097714177304
2,0,1609,1789630481656664064,3809097714194761
2,0,1610,1789630481656677376,3809097714203111
2,0,1611,1789630481656689664,3809097714215988
2,0,1612,1789630481656702976,3809097714228768
2,0,1613,1789630481656715264,3809097714241628
2,0,1614,1789630481656728576,3809097714254518
2,0,1615,1789630481656740864,3809097714267346
2,0,1616,1789630481656754176,3809097714280328
2,0,1617,1789630481656766464,3809097714293138
2,0,1618,1789630481656779776,3809097714306013
2,0,1619,1789630481656793088,3809097714318848
2,0,1620,1789630481656805376,3809097714331778
2,0,1621,1789630481656818688,3809097714344701
2,0,1622,1789630481656830976,3809097714357626
2,0,1623,1789630481656844288,3809097714370483
2,0,1624,1789630481656857600,3809097714383343
2,0,1625,1789630481656869888,3809097714396231
2,0,1626,1789630481656883200,3809097714409094
2,0,1627,1789630481656895488,3809097714421928
2,0,1628,1789630481656908800,3809097714434807
2,0,1629,1789630481656921088,3809097714447661
2,0,1630,1789630481656934400,3809097714460598
2,0,1631,1789630481656946688,3809097714473474
2,0,1632,1789630481656960000,3809097714486353
2,0,1633,1789630481656973312,3809097714499228
2,0,1634,1789630481656985600,3809097714512078
2,0,1635,1789630481656998912,3809097714524908
2,0,1636,1789630481657011200,3809097714537838
2,0,1637,1789630481657024512,3809097714550724
2,0,1638,1789630481657037824,3809097714563563
2,0,1639,1789630481657050112,3809097714576394
2,0,1640,1789630481657063424,3809097714589230
2,0,1641,1789630481657075712,3809097714602218
2,0,1642,1789630481657089024,3809097714615031
2,0,1643,1789630481657101312,3809097714627878
2,0,1644,1789630481657114624,3809097714640718
2,0,1645,1789630481657126912,3809097714653596
2,0,1646,1789630481657140224,3809097714666628
2,0,1647,1789630481657153536,3809097714679471
2,0,1648,1789630481657165824,3809097714692368
2,0,1649,1789630481657179136,3809097714705218
2,0,1650,1789630481657191424,3809097714718073
2,0,1651,1789630481657204736,3809097714730956
2,0,1652,1789630481657218048,3809097714743858
2,0,1653,1789630481657230336,3809097714756691
2,0,1654,1789630481657243648,3809097714769594
2,0,1655,1789630481657255936,3809097714782523
2,0,1656,1789630481657269248,3809097714795368
2,0,1657,1789630481657281536,3809097714808203
2,0,1658,1789630481657294848,3809097714821081
2,0,1659,1789630481657308160,3809097714833911
2,0,1660,1789630481657320448,3809097714846788
2,0,1661,1789630481657333760,3809097714859718
2,0,1662,1789630481657346048,3809097714872618
2,0,1663,1789630481657359360,3809097714885496
2,0,1664,1789630481657371648,3809097714898394
2,0,1665,1789630481657384960,3809097714911218
2,0,1666,1789630481657398272,3809097714924121
2,0,1667,1789630481657410560,3809097714936976
2,0,1668,1789630481657423872,3809097714949818
2,0,1669,1789630481657436160,3809097714962738
2,0,1670,1789630481657449472,3809097714975576
2,0,1671,1789630481657461760,3809097714988511
2,0,1672,1789630481657475072,3809097715001351
2,0,1673,1789630481657488384,3809097715014163
2,0,1674,1789630481657500672,3809097715027002
2,0,1675,1789630481657513984,3809097715039828
2,0,1676,1789630481657526272,3809097715052713
2,0,1677,1789630481657539584,3809097715065606
2,0,1678,1789630481657551872,3809097715078469
2,0,1679,1789630481657565184,3809097715091301
2,0,1680,1789630481657577472,3809097715104150
2,0,1681,1789630481657590784,3809097715117021
2,0,1682,1789630481657604096,3809097715129876
2,0,1683,1789630481657616384,3809097715142794
2,0,1684,1789630481657629696,3809097715155669
2,0,1685,1789630481657641984,3809097715168568
2,0,1686,1789630481657655296,3809097715181461
2,0,1687,1789630481657668608,3809097715194346
2,0,1688,1789630481657680896,3809097715207268
2,0,1689,1789630481657694208,3809097715220161
2,0,1690,1789630481657706496,3809097715233051
2,0,1691,1789630481657719808,3809097715245997
2,0,1692,1789630481657733120,3809097715258900
2,0,1693,1789630481657745408,3809097715271748
2,0,1694,1789630481657758720,3809097715284673
2,0,1695,1789630481657771008,3809097715297558
2,0,1696,1789630481657784320,3809097715310418
2,0,1697,1789630481657796608,3809097715323326
2,0,1698,1789630481657809920,3809097715336123
2,0,1699,1789630481657823232,3809097715349036
2,0,1700,1789630481657835520,3809097715361826
2,0,1701,1789630481657848832,3809097715374736
2,0,1702,1789630481657861120,3809097715387548
2,0,1703,1789630481657874432,3809097715400473
2,0,1704,1789630481657886720,3809097715413346
2,0,1705,1789630481657900032,3809097715426201
2,0,1706,1789630481657912320,3809097715439128
2,0,1707,1789630481657925632,3809097715451998
2,0,1708,1789630481657938944,3809097715464870
2,0,1709,1789630481657951232,3809097715477686
2,0,1710,1789630481657964544,3809097715490585
2,0,1711,1789630481657976832,3809097715503503
2,0,1712,1789630481657990144,3809097715516357
2,0,1713,1789630481658002432,3809097715529153
2,0,1714,1789630481658015744,3809097715542008
2,0,1715,1789630481658029056,3809097715554891
2,0,1716,1789630481658041344,3809097715567913
2,0,1717,1789630481658054656,3809097715580797
2,0,1718,1789630481658066944,3809097715593644
2,0,1719,1789630481658080256,3809097715606496
2,0,1720,1789630481658093568,3809097715619368
2,0,1721,1789630481658105856,3809097715632294
2,0,1722,1789630481658119168,3809097715645178
2,0,1723,1789630481658131456,3809097715658076
2,0,1724,1789630481658144768,3809097715670971
2,0,1725,1789630481658158080,3809097715683858
2,0,1726,1789630481658170368,3809097715696743
2,0,1727,1789630481658183680,3809097715709588
2,0,1728,1789630481658195968,3809097715722414
2,0,1729,1789630481658209280,3809097715735258
2,0,1730,1789630481658221568,3809097715748086
2,0,1731,1789630481658234880,3809097715761029
2,0,1732,1789630481658247168,3809097715773918
2,0,1733,1789630481658260480,3809097715786778
2,0,1734,1789630481658273792,3809097715799603
2,0,1735,1789630481658286080,3809097715812436
2,0,1736,1789630481658299392,3809097715825408
2,0,1737,1789630481658311680,3809097715838273
2,0,1738,1789630481658324992,3809097715851138
2,0,1739,1789630481658337280,3809097715864006
2,0,1740,1789630481658350592,3809097715876893
2,0,1741,1789630481658363904,3809097715889798
2,0,1742,1789630481658376192,3809097715902691
2,0,1743,1789630481658389504,3809097715915521
2,0,1744,1789630481658401792,3809097715928384
2,0,1745,1789630481658415104,3809097715941248
2,0,1746,1789630481658427392,3809097715954196
2,0,1747,1789630481658440704,3809097715967036
2,0,1748,1789630481658454016,3809097715979881
2,0,1749,1789630481658466304,3809097715992764
2,0,1750,1789630481658479616,3809097716005598
2,0,1751,1789630481658491904,3809097716018518
2,0,1752,1789630481658505216,3809097716031368
2,0,1753,1789630481658517504,3809097716044228
2,0,1754,1789630481658530816,3809097716057136
2,0,1755,1789630481658544128,3809097716069998
2,0,1756,1789630481658556416,3809097716082893
2,0,1757,1789630481658569728,3809097716095748
2,0,1758,1789630481658582016,3809097716108644
2,0,1759,1789630481658595328,3809097716121496
2,0,1760,1789630481658607616,3809097716134380
2,0,1761,1789630481658620928,3809097716147288
2,0,1762,1789630481658634240,3809097716160144
2,0,1763,1789630481658646528,3809097716173034
2,0,1764,1789630481658659840,3809097716185898
2,0,1765,1789630481658672128,3809097716198788
2,0,1766,1789630481658685440,3809097716211650
2,0,1767,1789630481658697728,3809097716224494
2,0,1768,1789630481658711040,3809097716237336
2,0,1769,1789630481658724352,3809097716250200
2,0,1770,1789630481658736640,3809097716263080
2,0,1771,1789630481658749952,3809097716276043
2,0,1772,1789630481658762240,3809097716288948
2,0,1773,1789630481658775552,3809097716301750
2,0,1774,1789630481658788864,3809097716314690
2,0,1775,1789630481658801152,3809097716327436
2,0,1776,1789630481658814464,3809097716340393
2,0,1777,1789630481658826752,3809097716353298
2,0,1778,1789630481658840064,3809097716366250
2,0,1779,1789630481658852352,3809097716379120
2,0,1780,1789630481658865664,3809097716391998
2,0,1781,1789630481658878976,3809097716404870
2,0,1782,1789630481658891264,3809097716417738
2,0,1783,1789630481658904576,3809097716430608
2,0,1784,1789630481658916864,3809097716443476
2,0,1785,1789630481658930176,3809097716456376
2,0,1786,1789630481658943488,3809097716469270
2,0,1787,1789630481658955776,3809097716482110
2,0,1788,1789630481658969088,3809097716495018
2,0,1789,1789630481658981376,3809097716507903
2,0,1790,1789630481658994688,3809097716520780
2,0,1791,1789630481659006976,3809097716533626
2,0,1792,1789630481659020288,3809097716546618
2,0,1793,1789630481659033600,3809097716559514
2,0,1794,1789630481659045888,3809097716572386
2,0,1795,1789630481659059200,3809097716585268
2,0,1796,1789630481659071488,3809097716598133
2,0,1797,1789630481659084800,3809097716611013
2,0,1798,1789630481659098112,3809097716623928
2,0,1799,1789630481659110400,3809097716636788
2,0,1800,1789630481659123712,3809097716649608
2,0,1801,1789630481659136000,3809097716662478
2,0,1802,1789630481659149312,3809097716675426
2,0,1803,1789630481659161600,3809097716688224
2,0,1804,1789630481659174912,3809097716701124
2,0,1805,1789630481659187200,3809097716713973
2,0,1806,1789630481659200512,3809097716726820
2,0,1807,1789630481659213824,3809097716739763
2,0,1808,1789630481659226112,3809097716752706
2,0,1809,1789630481659239424,3809097716765534
2,0,1810,1789630481659251712,3809097716778450
2,0,1811,1789630481659265024,3809097716791318
2,0,1812,1789630481659278336,3809097716804213
2,0,1813,1789630481659290624,3809097716817104
2,0,1814,1789630481659303936,3809097716829930
2,0,1815,1789630481659316224,3809097716842778
2,0,1816,1789630481659329536,3809097716855678
2,0,1817,1789630481659341824,3809097716868528
2,0,1818,1789630481659355136,3809097716881403
2,0,1819,1789630481659368448,3809097716894281
2,0,1820,1789630481659380736,3809097716907128
2,0,1821,1789630481659394048,3809097716919998
2,0,1822,1789630481659406336,3809097716932876
2,0,1823,1789630481659419648,3809097716945698
2,0,1824,1789630481659431936,3809097716958656
2,0,1825,1789630481659445248,3809097716971498
2,0,1826,1789630481659458560,3809097716984333
2,0,1827,1789630481659470848,3809097716997324
2,0,1828,1789630481659484160,3809097717010156
2,0,1829,1789630481659496448,3809097717023094
2,0,1830,1789630481659509760,3809097717035910
2,0,1831,1789630481659522048,3809097717048770
2,0,1832,1789630481659535360,3809097717061636
2,0,1833,1789630481659548672,3809097717074528
2,0,1834,1789630481659560960,3809097717087410
2,0,1835,1789630481659574272,3809097717100318
2,0,1836,1789630481659586560,3809097717113213
2,0,1837,1789630481659599872,3809097717126076
2,0,1838,1789630481659612160,3809097717138933
2,0,1839,1789630481659625472,3809097717151814
2,0,1840,1789630481659638784,3809097717164706
2,0,1841,1789630481659651072,3809097717177593
2,0,1842,1789630481659664384,3809097717190468
2,0,1843,1789630481659676672,3809097717203393
2,0,1844,1789630481659689984,3809097717216244
2,0,1845,1789630481659703296,3809097717229093
2,0,1846,1789630481659715584,3809097717241920
2,0,1847,1789630481659728896,3809097717254793
2,0,1848,1789630481659741184,3809097717267706
2,0,1849,1789630481659754496,3809097717280726
2,0,1850,1789630481659767808,3809097717293636
2,0,1851,1789630481659780096,3809097717306506
2,0,1852,1789630481659793408,3809097717319330
2,0,1853,1789630481659805696,3809097717332198
2,0,1854,1789630481659819008,3809097717345098
2,0,1855,1789630481659831296,3809097717357938
2,0,1856,1789630481659844608,3809097717370818
2,0,1857,1789630481659857920,3809097717383708
2,0,1858,1789630481659870208,3809097717396570
2,0,1859,1789630481659883520,3809097717409478
2,0,1860,1789630481659895808,3809097717422360
2,0,1861,1789630481659909120,3809097717435210
2,0,1862,1789630481659921408,3809097717448088
2,0,1863,1789630481659934720,3809097717460938
2,0,1864,1789630481659948032,3809097717473843
2,0,1865,1789630481659960320,3809097717486693
2,0,1866,1789630481659973632,3809097717499558
2,0,1867,1789630481659985920,3809097717512438
2,0,1868,1789630481659999232,3809097717525336
2,0,1869,1789630481660011520,3809097717538230
2,0,1870,1789630481660024832,3809097717551076
2,0,1871,1789630481660037120,3809097717563910
2,0,1872,1789630481660050432,3809097717576810
2,0,1873,1789630481660063744,3809097717589656
2,0,1874,1789630481660076032,3809097717602608
2,0,1875,1789630481660089344,3809097717615510
2,0,1876,1789630481660101632,3809097717628380
2,0,1877,1789630481660114944,3809097717641290
2,0,1878,1789630481660128256,3809097717654098
2,0,1879,1789630481660140544,3809097717666983
2,0,1880,1789630481660153856,3809097717679835
2,0,1881,1789630481660166144,3809097717692686
2,0,1882,1789630481660179456,3809097717705626
2,0,1883,1789630481660191744,3809097717718410
2,0,1884,1789630481660205056,3809097717731353
2,0,1885,1789630481660218368,3809097717744196
2,0,1886,1789630481660230656,3809097717757107
2,0,1887,1789630481660243968,3809097717769894
2,0,1888,1789630481660256256,3809097717782763
2,0,1889,1789630481660269568,3809097717795720
2,0,1890,1789630481660281856,3809097717808573
2,0,1891,1789630481660295168,3809097717821524
2,0,1892,1789630481660308480,3809097717834306
2,0,1893,1789630481660320768,3809097717847283
2,0,1894,1789630481660334080,3809097717860170
2,0,1895,1789630481660346368,3809097717873014
2,0,1896,1789630481660359680,3809097717885870
2,0,1897,1789630481660371968,3809097717898738
2,0,1898,1789630481660385280,3809097717911643
2,0,1899,1789630481660398592,3809097717925200
2,0,1900,1789630481660411904,3809097717938193
2,0,1901,1789630481660424192,3809097717951008
2,0,1902,1789630481660437504,3809097717963928
2,0,1903,1789630481660450816,3809097717976798
2,0,1904,1789630481660463104,3809097717989643
2,0,1905,1789630481660476416,3809097718002510
2,0,1906,1789630481660488704,3809097718015308
2,0,1907,1789630481660502016,3809097718028233
2,0,1908,1789630481660514304,3809097718041060
2,0,1909,1789630481660527616,3809097718053968
2,0,1910,1789630481660540928,3809097718066920
2,0,1911,1789630481660553216,3809097718079805
2,0,1912,1789630481660566528,3809097718092660
2,0,1913,1789630481660578816,3809097718105544
2,0,1914,1789630481660592128,3809097718118438
2,0,1915,1789630481660605440,3809097718131300
2,0,1916,1789630481660617728,3809097718144228
2,0,1917,1789630481660631040,3809097718157116
2,0,1918,1789630481660643328,3809097718169980
2,0,1919,1789630481660656640,3809097718182848
2,0,1920,1789630481660668928,3809097718197660
2,0,1921,1789630481660682240,3809097718208563
2,0,1922,1789630481660695552,3809097718221443
2,0,1923,1789630481660707840,3809097718234346
2,0,1924,1789630481660721152,3809097718247278
2,0,1925,1789630481660733440,3809097718260150
2,0,1926,1789630481660746752,3809097718288690
2,0,1927,1789630481660760064,3809097718288690
2,0,1928,1789630481660772352,3809097718298730
2,0,1929,1789630481660785664,3809097718311578
2,0,1930,1789630481660797952,3809097718324506
2,0,1931,1789630481660811264,3809097718337506
2,0,1932,1789630481660824576,3809097718350400
2,0,1933,1789630481660836864,3809097718363323
2,0,1934,1789630481660850176,3809097718376150
2,0,1935,1789630481660862464,3809097718388986
2,0,1936,1789630481660875776,3809097718401870
2,0,1937,1789630481660888064,3809097718414718
2,0,1938,1789630481660901376,3809097718427606
2,0,1939,1789630481660913664,3809097718440448
2,0,1940,1789630481660926976,3809097718453298
2,0,1941,1789630481660940288,3809097718466235
2,0,1942,1789630481660952576,3809097718479094
2,0,1943,1789630481660965888,3809097718491960
2,0,1944,1789630481660978176,3809097718504843
2,0,1945,1789630481660991488,3809097718517673
2,0,1946,1789630481661003776,3809097718530618
2,0,1947,1789630481661017088,3809097718543518
2,0,1948,1789630481661030400,3809097718556418
2,0,1949,1789630481661042688,3809097718569270
2,0,1950,1789630481661056000,3809097718582140
2,0,1951,1789630481661068288,3809097718595043
2,0,1952,1789630481661081600,3809097718607820
2,0,1953,1789630481661093888,3809097718620668
2,0,1954,1789630481661107200,3809097718633548
2,0,1955,1789630481661120512,3809097718646476
2,0,1956,1789630481661132800,3809097718659368
2,0,1957,1789630481661146112,3809097718672316
2,0,1958,1789630481661158400,3809097718685083
2,0,1959,1789630481661171712,3809097718697943
2,0,1960,1789630481661185024,3809097718710848
2,0,1961,1789630481661197312,3809097718723743
2,0,1962,1789630481661210624,3809097718736683
2,0,1963,1789630481661222912,3809097718749746
2,0,1964,1789630481661236224,3809097718762576
2,0,1965,1789630481661249536,3809097718775524
2,0,1966,1789630481661261824,3809097718788304
2,0,1967,1789630481661275136,3809097718801153
2,0,1968,1789630481661287424,3809097718814050
2,0,1969,1789630481661300736,3809097718826942
2,0,1970,1789630481661313024,3809097718839806
2,0,1971,1789630481661326336,3809097718852707
2,0,1972,1789630481661339648,3809097718865574
2,0,1973,1789630481661351936,3809097718878460
2,0,1974,1789630481661365248,3809097718891402
2,0,1975,1789630481661377536,3809097718904240
2,0,1976,1789630481661390848,3809097718917100
2,0,1977,1789630481661404160,3809097718929934
2,0,1978,1789630481661416448,3809097718942840
2,0,1979,1789630481661429760,3809097718955697
2,0,1980,1789630481661442048,3809097718968602
2,0,1981,1789630481661455360,3809097718981464
2,0,1982,1789630481661467648,3809097718994352
2,0,1983,1789630481661480960,3809097719007307
2,0,1984,1789630481661494272,3809097719020134
2,0,1985,1789630481661506560,3809097719033001
2,0,1986,1789630481661519872,3809097719045864
2,0,1987,1789630481661532160,3809097719058784
2,0,1988,1789630481661545472,3809097719071596
2,0,1989,1789630481661557760,3809097719084450
2,0,1990,1789630481661571072,3809097719097284
2,0,1991,1789630481661583360,3809097719110100
2,0,1992,1789630481661596672,3809097719122990
2,0,1993,1789630481661609984,3809097719135944
2,0,1994,1789630481661622272,3809097719148864
2,0,1995,1789630481661635584,3809097719161741
2,0,1996,1789630481661647872,3809097719174641
2,0,1997,1789630481661661184,3809097719187546
2,0,1998,1789630481661674496,3809097719200446
2,0,1999,1789630481661686784,3809097719213432
2,0,2000,1789630481661700096,3809097719226275
2,0,2001,1789630481661712384,3809097719239141
2,0,2002,1789630481661725696,3809097719252021
2,0,2003,1789630481661739008,3809097719264906
2,0,2004,1789630481661751296,3809097719277810
2,0,2005,1789630481661764608,3809097719290726
2,0,2006,1789630481661776896,3809097719303581
2,0,2007,1789630481661790208,3809097719316459
2,0,2008,1789630481661802496,3809097719329296
2,0,2009,1789630481661815808,3809097719342159
2,0,2010,1789630481661829120,3809097719355052
2,0,2011,1789630481661841408,3809097719367984
2,0,2012,1789630481661854720,3809097719380792
2,0,2013,1789630481661867008,3809097719393681
2,0,2014,1789630481661880320,3809097719406566
2,0,2015,1789630481661892608,3809097719419464
2,0,2016,1789630481661905920,3809097719432316
2,0,2017,1789630481661919232,3809097719445183
2,0,2018,1789630481661931520,3809097719458081
2,0,2019,1789630481661944832,3809097719470919
2,0,2020,1789630481661957120,3809097719483759
2,0,2021,1789630481661970432,3809097719496652
2,0,2022,1789630481661982720,3809097719509512
2,0,2023,1789630481661996032,3809097719522346
2,0,2024,1789630481662009344,3809097719535295
2,0,2025,1789630481662021632,3809097719548146
2,0,2026,1789630481662034944,3809097719561066
2,0,2027,1789630481662047232,3809097719573946
2,0,2028,1789630481662060544,3809097719586870
2,0,2029,1789630481662073856,3809097719599806
2,0,2030,1789630481662086144,3809097719612673
2,0,2031,1789630481662099456,3809097719625596
2,0,2032,1789630481662111744,3809097719638454
2,0,2033,1789630481662125056,3809097719651375
2,0,2034,1789630481662138368,3809097719664236
2,0,2035,1789630481662150656,3809097719677152
2,0,2036,1789630481662163968,3809097719689984
2,0,2037,1789630481662176256,3809097719702934
2,0,2038,1789630481662189568,3809097719715756
2,0,2039,1789630481662201856,3809097719728604
2,0,2040,1789630481662215168,3809097719741433
2,0,2041,1789630481662228480,3809097719754401
2,0,2042,1789630481662240768,3809097719767286
2,0,2043,1789630481662254080,3809097719780190
2,0,2044,1789630481662266368,3809097719793066
2,0,2045,1789630481662279680,3809097719805932
2,0,2046,1789630481662291968,3809097719818816
2,0,2047,1789630481662305280,3809097719831692
2,0,2048,1789630481662318592,3809097719844550
2,0,2049,1789630481662330880,3809097719857384
2,0,2050,1789630481662344192,3809097719870224
2,0,2051,1789630481662356480,3809097719883130
2,0,2052,1789630481662369792,3809097719896024
2,0,2053,1789630481662383104,3809097719908923
2,0,2054,1789630481662395392,3809097719921823
2,0,2055,1789630481662408704,3809097719934694
2,0,2056,1789630481662420992,3809097719947524
2,0,2057,1789630481662434304,3809097719960367
2,0,2058,1789630481662446592,3809097719973273
2,0,2059,1789630481662459904,3809097719986092
2,0,2060,1789630481662472192,3809097719998939
2,0,2061,1789630481662485504,3809097720011867
2,0,2062,1789630481662498816,3809097720024724
2,0,2063,1789630481662511104,3809097720037597
2,0,2064,1789630481662524416,3809097720050452
2,0,2065,1789630481662536704,3809097720063375
2,0,2066,1789630481662550016,3809097720076247
2,0,2067,1789630481662562304,3809097720089119
2,0,2068,1789630481662575616,3809097720101967
2,0,2069,1789630481662588928,3809097720114845
2,0,2070,1789630481662601216,3809097720127726
2,0,2071,1789630481662614528,3809097720140624
2,0,2072,1789630481662626816,3809097720153497
2,0,2073,1789630481662640128,3809097720166352
2,0,2074,1789630481662652416,3809097720179249
2,0,2075,1789630481662665728,3809097720192122
2,0,2076,1789630481662679040,3809097720205022
2,0,2077,1789630481662691328,3809097720217895
2,0,2078,1789630481662704640,3809097720230764
2,0,2079,1789630481662716928,3809097720243572
2,0,2080,1789630481662730240,3809097720256462
2,0,2081,1789630481662742528,3809097720269393
2,0,2082,1789630481662755840,3809097720282304
2,0,2083,1789630481662769152,3809097720295147
2,0,2084,1789630481662781440,3809097720307984
2,0,2085,1789630481662794752,3809097720320852
2,0,2086,1789630481662807040,3809097720333747
2,0,2087,1789630481662820352,3809097720346599
2,0,2088,1789630481662832640,3809097720359443
2,0,2089,1789630481662845952,3809097720372297
2,0,2090,1789630481662859264,3809097720385174
2,0,2091,1789630481662871552,3809097720397997
2,0,2092,1789630481662884864,3809097720410882
2,0,2093,1789630481662897152,3809097720423769
2,0,2094,1789630481662910464,3809097720436614
2,0,2095,1789630481662922752,3809097720449459
2,0,2096,1789630481662936064,3809097720462317
2,0,2097,1789630481662948352,3809097720475189
2,0,2098,1789630481662961664,3809097720488114
2,0,2099,1789630481662974976,3809097720501004
2,0,2100,1789630481662987264,3809097720513864
2,0,2101,1789630481663000576,3809097720526792
2,0,2102,1789630481663012864,3809097720539577
2,0,2103,1789630481663026176,3809097720552389
2,0,2104,1789630481663038464,3809097720565322
2,0,2105,1789630481663051776,3809097720578203
2,0,2106,1789630481663065088,3809097720591144
2,0,2107,1789630481663077376,3809097720604009
2,0,2108,1789630481663090688,3809097720616872
2,0,2109,1789630481663102976,3809097720629799
2,0,2110,1789630481663116288,3809097720642627
2,0,2111,1789630481663129600,3809097720655497
2,0,2112,1789630481663141888,3809097720668367
2,0,2113,1789630481663155200,3809097720681234
2,0,2114,1789630481663167488,3809097720694095
2,0,2115,1789630481663180800,3809097720706994
2,0,2116,1789630481663193088,3809097720719849
2,0,2117,1789630481663206400,3809097720732624
2,0,2118,1789630481663218688,3809097720745509
2,0,2119,1789630481663232000,3809097720758472
2,0,2120,1789630481663245312,3809097720771342
2,0,2121,1789630481663257600,3809097720784204
2,0,2122,1789630481663270912,3809097720797153
2,0,2123,1789630481663283200,3809097720810004
2,0,2124,1789630481663296512,3809097720822882
2,0,2125,1789630481663309824,3809097720835717
2,0,2126,1789630481663322112,3809097720848629
2,0,2127,1789630481663335424,3809097720861508
2,0,2128,1789630481663347712,3809097720874346
2,0,2129,1789630481663361024,3809097720887282
2,0,2130,1789630481663373312,3809097720900146
2,0,2131,1789630481663386624,3809097720913024
2,0,2132,1789630481663399936,3809097720925903
2,0,2133,1789630481663412224,3809097720938769
2,0,2134,1789630481663425536,3809097720951667
2,0,2135,1789630481663437824,3809097720964505
2,0,2136,1789630481663451136,3809097720977389
2,0,2137,1789630481663463424,3809097720990264
2,0,2138,1789630481663476736,3809097721003134
2,0,2139,1789630481663490048,3809097721016007
2,0,2140,1789630481663502336,3809097721028922
2,0,2141,1789630481663515648,3809097721041754
2,0,2142,1789630481663527936,3809097721054625
2,0,2143,1789630481663541248,3809097721067495
2,0,2144,1789630481663553536,3809097721080394
2,0,2145,1789630481663566848,3809097721093296
2,0,2146,1789630481663580160,3809097721106283
2,0,2147,1789630481663592448,3809097721119154
2,0,2148,1789630481663605760,3809097721131972
2,0,2149,1789630481663618048,3809097721144884
2,0,2150,1789630481663631360,3809097721157674
2,0,2151,1789630481663644672,3809097721170666
2,0,2152,1789630481663656960,3809097721183543
2,0,2153,1789630481663670272,3809097721196482
2,0,2154,1789630481663682560,3809097721209342
2,0,2155,1789630481663695872,3809097721222172
2,0,2156,1789630481663708160,3809097721235052
2,0,2157,1789630481663721472,3809097721247854
2,0,2158,1789630481663734784,3809097721260687
2,0,2159,1789630481663747072,3809097721273589
2,0,2160,1789630481663760384,3809097721286507
2,0,2161,1789630481663772672,3809097721299469
2,0,2162,1789630481663785984,3809097721312264
2,0,2163,1789630481663799296,3809097721325185
2,0,2164,1789630481663811584,3809097721338072
2,0,2165,1789630481663824896,3809097721350919
2,0,2166,1789630481663837184,3809097721363802
2,0,2167,1789630481663850496,3809097721376604
2,0,2168,1789630481663862784,3809097721389522
2,0,2169,1789630481663876096,3809097721402392
2,0,2170,1789630481663889408,3809097721415254
2,0,2171,1789630481663901696,3809097721428154
2,0,2172,1789630481663915008,3809097721441022
2,0,2173,1789630481663927296,3809097721453867
2,0,2174,1789630481663940608,3809097721466782
2,0,2175,1789630481663952896,3809097721479675
2,0,2176,1789630481663966208,3809097721492534
2,0,2177,1789630481663979520,3809097721505434
2,0,2178,1789630481663991808,3809097721518324
2,0,2179,1789630481664005120,3809097721531189
2,0,2180,1789630481664017408,3809097721544022
2,0,2181,1789630481664030720,3809097721556922
2,0,2182,1789630481664043008,3809097721569822
2,0,2183,1789630481664056320,3809097721582659
2,0,2184,1789630481664069632,3809097721595539
2,0,2185,1789630481664081920,3809097721608402
2,0,2186,1789630481664095232,3809097721621289
2,0,2187,1789630481664107520,3809097721634176
2,0,2188,1789630481664120832,3809097721647042
2,0,2189,1789630481664133120,3809097721659924
2,0,2190,1789630481664146432,3809097721672797
2,0,2191,1789630481664159744,3809097721685689
2,0,2192,1789630481664172032,3809097721698534
2,0,2193,1789630481664185344,3809097721711434
2,0,2194,1789630481664197632,3809097721724282
2,0,2195,1789630481664210944,3809097721737217
2,0,2196,1789630481664223232,3809097721750092
2,0,2197,1789630481664236544,3809097721762917
2,0,2198,1789630481664249856,3809097721775839
2,0,2199,1789630481664262144,3809097721788717
2,0,2200,1789630481664275456,3809097721801621
2,0,2201,1789630481664287744,3809097721814542
2,0,2202,1789630481664301056,3809097721827384
2,0,2203,1789630481664314368,3809097721840234
2,0,2204,1789630481664326656,3809097721853124
2,0,2205,1789630481664339968,3809097721866005
2,0,2206,1789630481664352256,3809097721878844
2,0,2207,1789630481664365568,3809097721891739
2,0,2208,1789630481664377856,3809097721904604
2,0,2209,1789630481664391168,3809097721917589
2,0,2210,1789630481664404480,3809097721930414
2,0,2211,1789630481664416768,3809097721943302
2,0,2212,1789630481664430080,3809097721956302
2,0,2213,1789630481664442368,3809097721969144
2,0,2214,1789630481664455680,3809097721982019
2,0,2215,1789630481664468992,3809097721994864
2,0,2216,1789630481664481280,3809097722007804
2,0,2217,1789630481664494592,3809097722020682
2,0,2218,1789630481664506880,3809097722033547
2,0,2219,1789630481664520192,3809097722046384
2,0,2220,1789630481664532480,3809097722059239
2,0,2221,1789630481664545792,3809097722072172
2,0,2222,1789630481664558080,3809097722085029
2,0,2223,1789630481664571392,3809097722097914
2,0,2224,1789630481664584704,3809097722110789
2,0,2225,1789630481664596992,3809097722123666
2,0,2226,1789630481664610304,3809097722136557
2,0,2227,1789630481664622592,3809097722149442
2,0,2228,1789630481664635904,3809097722162279
2,0,2229,1789630481664649216,3809097722175134
2,0,2230,1789630481664661504,3809097722187995
2,0,2231,1789630481664674816,3809097722200912
2,0,2232,1789630481664687104,3809097722213802
2,0,2233,1789630481664700416,3809097722226689
2,0,2234,1789630481664713728,3809097722239759
2,0,2235,1789630481664726016,3809097722252585
2,0,2236,1789630481664739328,3809097722265407
2,0,2237,1789630481664751616,3809097722278274
2,0,2238,1789630481664764928,3809097722291122
2,0,2239,1789630481664777216,3809097722304122
2,0,2240,1789630481664790528,3809097722316994
2,0,2241,1789630481664803840,3809097722329854
2,0,2242,1789630481664816128,3809097722342724
2,0,2243,1789630481664829440,3809097722355582
2,0,2244,1789630481664841728,3809097722368482
2,0,2245,1789630481664855040,3809097722381322
2,0,2246,1789630481664867328,3809097722394197
2,0,2247,1789630481664880640,3809097722407084
2,0,2248,1789630481664893952,3809097722419924
2,0,2249,1789630481664906240,3809097722432854
2,0,2250,1789630481664919552,3809097722445789
2,0,2251,1789630481664931840,3809097722458652
2,0,2252,1789630481664945152,3809097722471509
2,0,2253,1789630481664957440,3809097722484357
2,0,2254,1789630481664970752,3809097722497289
2,0,2255,1789630481664984064,3809097722510185
2,0,2256,1789630481664996352,3809097722523019
2,0,2257,1789630481665009664,3809097722535902
2,0,2258,1789630481665021952,3809097722548744
2,0,2259,1789630481665035264,3809097722561622
2,0,2260,1789630481665048576,3809097722574447
2,0,2261,1789630481665060864,3809097722587299
2,0,2262,1789630481665074176,3809097722600234
2,0,2263,1789630481665086464,3809097722613072
2,0,2264,1789630481665099776,3809097722625989
2,0,2265,1789630481665112064,3809097722638864
2,0,2266,1789630481665125376,3809097722651749
2,0,2267,1789630481665137664,3809097722664582
2,0,2268,1789630481665150976,3809097722677452
2,0,2269,1789630481665164288,3809097722690374
2,0,2270,1789630481665176576,3809097722703314
2,0,2271,1789630481665189888,3809097722716172
2,0,2272,1789630481665202176,3809097722729089
2,0,2273,1789630481665215488,3809097722741975
2,0,2274,1789630481665228800,3809097722754847
2,0,2275,1789630481665241088,3809097722767644
2,0,2276,1789630481665254400,3809097722780494
2,0,2277,1789630481665266688,3809097722793314
2,0,2278,1789630481665280000,3809097722806197
2,0,2279,1789630481665292288,3809097722819104
2,0,2280,1789630481665305600,3809097722832032
2,0,2281,1789630481665318912,3809097722844904
2,0,2282,1789630481665331200,3809097722857772
2,0,2283,1789630481665344512,3809097722870652
2,0,2284,1789630481665356800,3809097722883504
2,0,2285,1789630481665370112,3809097722896404
2,0,2286,1789630481665382400,3809097722909279
2,0,2287,1789630481665395712,3809097722922147
2,0,2288,1789630481665409024,3809097722935024
2,0,2289,1789630481665421312,3809097722947902
2,0,2290,1789630481665434624,3809097722960749
2,0,2291,1789630481665446912,3809097722973602
2,0,2292,1789630481665460224,3809097722986468
2,0,2293,1789630481665472512,3809097722999339
2,0,2294,1789630481665485824,3809097723012259
2,0,2295,1789630481665499136,3809097723025114
2,0,2296,1789630481665511424,3809097723038014
2,0,2297,1789630481665524736,3809097723050864
2,0,2298,1789630481665537024,3809097723063692
2,0,2299,1789630481665550336,3809097723076632
2,0,2300,1789630481665562624,3809097723089457
2,0,2301,1789630481665575936,3809097723102342
2,0,2302,1789630481665589248,3809097723115227
2,0,2303,1789630481665601536,3809097723128119
2,0,2304,1789630481665614848,3809097723141015
2,0,2305,1789630481665627136,3809097723153859
2,0,2306,1789630481665640448,3809097723166739
2,0,2307,1789630481665652736,3809097723179592
2,0,2308,1789630481665666048,3809097723192539
2,0,2309,1789630481665679360,3809097723205392
2,0,2310,1789630481665691648,3809097723218283
2,0,2311,1789630481665704960,3809097723231152
2,0,2312,1789630481665717248,3809097723244059
2,0,2313,1789630481665730560,3809097723256907
2,0,2314,1789630481665743872,3809097723269799
2,0,2315,1789630481665756160,3809097723282679
2,0,2316,1789630481665769472,3809097723295466
2,0,2317,1789630481665781760,3809097723308367
2,0,2318,1789630481665795072,3809097723321252
2,0,2319,1789630481665807360,3809097723334122
2,0,2320,1789630481665820672,3809097723346977
2,0,2321,1789630481665832960,3809097723359869
2,0,2322,1789630481665846272,3809097723372854
2,0,2323,1789630481665859584,3809097723385641
2,0,2324,1789630481665871872,3809097723398529
2,0,2325,1789630481665885184,3809097723411401
2,0,2326,1789630481665897472,3809097723424309
2,0,2327,1789630481665910784,3809097723437126
2,0,2328,1789630481665924096,3809097723450066
2,0,2329,1789630481665936384,3809097723462912
2,0,2330,1789630481665949696,3809097723475769
2,0,2331,1789630481665961984,3809097723488636
2,0,2332,1789630481665975296,3809097723501541
2,0,2333,1789630481665987584,3809097723514506
2,0,2334,1789630481666000896,3809097723527302
2,0,2335,1789630481666014208,3809097723540208
2,0,2336,1789630481666026496,3809097723553054
2,0,2337,1789630481666039808,3809097723565906
2,0,2338,1789630481666052096,3809097723578790
2,0,2339,1789630481666065408,3809097723591686
2,0,2340,1789630481666077696,3809097723604596
2,0,2341,1789630481666091008,3809097723617473
2,0,2342,1789630481666104320,3809097723630353
2,0,2343,1789630481666116608,3809097723643254
2,0,2344,1789630481666129920,3809097723656110
2,0,2345,1789630481666142208,3809097723668974
2,0,2346,1789630481666155520,3809097723681782
2,0,2347,1789630481666167808,3809097723694716
2,0,2348,1789630481666181120,3809097723707584
2,0,2349,1789630481666194432,3809097723720499
2,0,2350,1789630481666206720,3809097723733326
2,0,2351,1789630481666220032,3809097723746215
2,0,2352,1789630481666232320,3809097723759086
2,0,2353,1789630481666245632,3809097723771926
2,0,2354,1789630481666257920,3809097723784781
2,0,2355,1789630481666271232,3809097723797686
2,0,2356,1789630481666284544,3809097723810561
2,0,2357,1789630481666296832,3809097723823416
2,0,2358,1789630481666310144,3809097723836301
2,0,2359,1789630481666322432,3809097723849206
2,0,2360,1789630481666335744,3809097723862141
2,0,2361,1789630481666349056,3809097723874970
2,0,2362,1789630481666361344,3809097723887836
2,0,2363,1789630481666374656,3809097723900690
2,0,2364,1789630481666386944,3809097723913535
2,0,2365,1789630481666400256,3809097723926422
2,0,2366,1789630481666412544,3809097723939276
2,0,2367,1789630481666425856,3809097723952153
2,0,2368,1789630481666438144,3809097723965008
2,0,2369,1789630481666451456,3809097723977916
2,0,2370,1789630481666464768,3809097723990793
2,0,2371,1789630481666477056,3809097724003676
2,0,2372,1789630481666490368,3809097724016548
2,0,2373,1789630481666502656,3809097724029393
2,0,2374,1789630481666515968,3809097724042324
2,0,2375,1789630481666528256,3809097724055172
2,0,2376,1789630481666541568,3809097724068061
2,0,2377,1789630481666554880,3809097724080890
2,0,2378,1789630481666567168,3809097724093756
2,0,2379,1789630481666580480,3809097724106668
2,0,2380,1789630481666592768,3809097724119542
2,0,2381,1789630481666606080,3809097724132416
2,0,2382,1789630481666618368,3809097724145278
2,0,2383,1789630481666631680,3809097724158156
2,0,2384,1789630481666644992,3809097724171046
2,0,2385,1789630481666657280,3809097724183904
2,0,2386,1789630481666670592,3809097724196744
2,0,2387,1789630481666682880,3809097724209667
2,0,2388,1789630481666696192,3809097724222508
2,0,2389,1789630481666708480,3809097724235414
2,0,2390,1789630481666721792,3809097724248297
2,0,2391,1789630481666735104,3809097724261167
2,0,2392,1789630481666747392,3809097724273984
2,0,2393,1789630481666760704,3809097724286809
2,0,2394,1789630481666772992,3809097724299672
2,0,2395,1789630481666786304,3809097724312565
2,0,2396,1789630481666798592,3809097724325479
2,0,2397,1789630481666811904,3809097724338357
2,0,2398,1789630481666825216,3809097724351234
2,0,2399,1789630481666837504,3809097724364203
2,0,2400,1789630481666850816,3809097724377094
2,0,2401,1789630481666863104,3809097724389899
2,0,2402,1789630481666876416,3809097724402802
2,0,2403,1789630481666889728,3809097724415667
2,0,2404,1789630481666902016,3809097724428544
2,0,2405,1789630481666915328,3809097724441429
2,0,2406,1789630481666927616,3809097724454447
2,0,2407,1789630481666940928,3809097724467272
2,0,2408,1789630481666953216,3809097724480129
2,0,2409,1789630481666966528,3809097724493014
2,0,2410,1789630481666979840,3809097724506004
2,0,2411,1789630481666992128,3809097724518896
2,0,2412,1789630481667005440,3809097724531774
2,0,2413,1789630481667018752,3809097724544667
2,0,2414,1789630481667031040,3809097724557544
2,0,2415,1789630481667044352,3809097724570439
2,0,2416,1789630481667056640,3809097724583269
2,0,2417,1789630481667069952,3809097724596139
2,0,2418,1789630481667082240,3809097724609017
2,0,2419,1789630481667095552,3809097724621909
2,0,2420,1789630481667108864,3809097724634794
2,0,2421,1789630481667121152,3809097724647649
2,0,2422,1789630481667134464,3809097724660582
2,0,2423,1789630481667146752,3809097724673384
2,0,2424,1789630481667160064,3809097724686272
2,0,2425,1789630481667172352,3809097724699182
2,0,2426,1789630481667185664,3809097724712034
2,0,2427,1789630481667198976,3809097724724908
2,0,2428,1789630481667211264,3809097724737774
2,0,2429,1789630481667224576,3809097724750670
2,0,2430,1789630481667236864,3809097724763544
2,0,2431,1789630481667250176,3809097724776439
2,0,2432,1789630481667262464,3809097724789327
2,0,2433,1789630481667275776,3809097724802164
2,0,2434,1789630481667289088,3809097724815034
2,0,2435,1789630481667301376,3809097724827889
2,0,2436,1789630481667314688,3809097724840797
2,0,2437,1789630481667326976,3809097724853634
2,0,2438,1789630481667340288,3809097724866514
2,0,2439,1789630481667352576,3809097724879409
2,0,2440,1789630481667365888,3809097724892254
2,0,2441,1789630481667379200,3809097724905115
2,0,2442,1789630481667391488,3809097724917989
2,0,2443,1789630481667404800,3809097724930859
2,0,2444,1789630481667417088,3809097724943689
2,0,2445,1789630481667430400,3809097724956657
2,0,2446,1789630481667442688,3809097724969532
2,0,2447,1789630481667456000,3809097724982425
2,0,2448,1789630481667469312,3809097724995274
2,0,2449,1789630481667481600,3809097725008151
2,0,2450,1789630481667494912,3809097725021022
2,0,2451,1789630481667507200,3809097725033919
2,0,2452,1789630481667520512,3809097725046807
2,0,2453,1789630481667532800,3809097725059674
2,0,2454,1789630481667546112,3809097725072554
2,0,2455,1789630481667559424,3809097725085429
2,0,2456,1789630481667571712,3809097725098264
2,0,2457,1789630481667585024,3809097725111134
2,0,2458,1789630481667597312,3809097725124032
2,0,2459,1789630481667610624,3809097725136981
2,0,2460,1789630481667622912,3809097725149794
2,0,2461,1789630481667636224,3809097725162681
2,0,2462,1789630481667649536,3809097725175564
2,0,2463,1789630481667661824,3809097725188451
2,0,2464,1789630481667675136,3809097725201341
2,0,2465,1789630481667687424,3809097725214181
2,0,2466,1789630481667700736,3809097725227077
2,0,2467,1789630481667713024,3809097725239931
2,0,2468,1789630481667726336,3809097725252839
2,0,2469,1789630481667739648,3809097725265691
2,0,2470,1789630481667751936,3809097725288707
2,0,2471,1789630481667765248,3809097725291495
2,0,2472,1789630481667777536,3809097725304397
2,0,2473,1789630481667790848,3809097725317181
2,0,2474,1789630481667803136,3809097725330021
2,0,2475,1789630481667816448,3809097725342907
2,0,2476,1789630481667829760,3809097725355791
2,0,2477,1789630481667842048,3809097725368669
2,0,2478,1789630481667855360,3809097725381517
2,0,2479,1789630481667867648,3809097725394424
2,0,2480,1789630481667880960,3809097725407309
2,0,2481,1789630481667893248,3809097725420152
2,0,2482,1789630481667906560,3809097725432995
2,0,2483,1789630481667919872,3809097725445897
2,0,2484,1789630481667932160,3809097725458784
2,0,2485,1789630481667945472,3809097725471671
2,0,2486,1789630481667957760,3809097725484599
2,0,2487,1789630481667971072,3809097725497421
2,0,2488,1789630481667983360,3809097725510269
2,0,2489,1789630481667996672,3809097725523152
2,0,2490,1789630481668009984,3809097725536067
2,0,2491,1789630481668022272,3809097725548987
2,0,2492,1789630481668035584,3809097725561831
2,0,2493,1789630481668047872,3809097725574701
2,0,2494,1789630481668061184,3809097725587557
2,0,2495,1789630481668073472,3809097725600439
2,0,2496,1789630481668086784,3809097725613274
2,0,2497,1789630481668100096,3809097725626152
2,0,2498,1789630481668112384,3809097725639059
2,0,2499,1789630481668125696,3809097725651891
2,0,2500,1789630481668137984,3809097725664804
2,0,2501,1789630481668151296,3809097725677705
2,0,2502,1789630481668164608,3809097725690592
2,0,2503,1789630481668176896,3809097725703406
2,0,2504,1789630481668190208,3809097725716257
2,0,2505,1789630481668202496,3809097725729199
2,0,2506,1789630481668215808,3809097725742041
2,0,2507,1789630481668228096,3809097725754951
2,0,2508,1789630481668241408,3809097725767834
2,0,2509,1789630481668254720,3809097725780774
2,0,2510,1789630481668267008,3809097725793564
2,0,2511,1789630481668280320,3809097725806392
2,0,2512,1789630481668292608,3809097725819254
2,0,2513,1789630481668305920,3809097725832104
2,0,2514,1789630481668318208,3809097725844971
2,0,2515,1789630481668331520,3809097725857944
2,0,2516,1789630481668344832,3809097725870827
2,0,2517,1789630481668357120,3809097725883752
2,0,2518,1789630481668370432,3809097725896639
2,0,2519,1789630481668382720,3809097725909484
2,0,2520,1789630481668396032,3809097725922334
2,0,2521,1789630481668408320,3809097725935194
2,0,2522,1789630481668421632,3809097725948044
2,0,2523,1789630481668434944,3809097725960922
2,0,2524,1789630481668447232,3809097725973734
2,0,2525,1789630481668460544,3809097725986699
2,0,2526,1789630481668472832,3809097725999539
2,0,2527,1789630481668486144,3809097726012394
2,0,2528,1789630481668498432,3809097726025277
2,0,2529,1789630481668511744,3809097726038124
2,0,2530,1789630481668525056,3809097726051071
2,0,2531,1789630481668537344,3809097726063964
2,0,2532,1789630481668550656,3809097726076869
2,0,2533,1789630481668562944,3809097726089671
2,0,2534,1789630481668576256,3809097726102529
2,0,2535,1789630481668588544,3809097726115462
2,0,2536,1789630481668601856,3809097726128284
2,0,2537,1789630481668615168,3809097726141214
2,0,2538,1789630481668627456,3809097726154081
2,0,2539,1789630481668640768,3809097726166969
2,0,2540,1789630481668653056,3809097726179839
2,0,2541,1789630481668666368,3809097726197541
2,0,2542,1789630481668678656,3809097726205559
2,0,2543,1789630481668691968,3809097726218427
2,0,2544,1789630481668705280,3809097726231379
2,0,2545,1789630481668717568,3809097726244219
2,0,2546,1789630481668730880,3809097726257099
2,0,2547,1789630481668743168,3809097726269944
2,0,2548,1789630481668756480,3809097726282847
2,0,2549,1789630481668768768,3809097726295681
2,0,2550,1789630481668782080,3809097726308577
2,0,2551,1789630481668795392,3809097726321487
2,0,2552,1789630481668807680,3809097726334303
2,0,2553,1789630481668820992,3809097726347164
2,0,2554,1789630481668833280,3809097726360097
2,0,2555,1789630481668846592,3809097726372961
2,0,2556,1789630481668858880,3809097726385821
2,0,2557,1789630481668872192,3809097726398714
2,0,2558,1789630481668885504,3809097726411551
2,0,2559,1789630481668897792,3809097726424384
2,0,2560,1789630481668911104,3809097726437341
2,0,2561,1789630481668923392,3809097726450181
2,0,2562,1789630481668936704,3809097726463099
2,0,2563,1789630481668948992,3809097726475894
2,0,2564,1789630481668962304,3809097726488771
2,0,2565,1789630481668975616,3809097726501717
2,0,2566,1789630481668987904,3809097726514557
2,0,2567,1789630481669001216,3809097726527454
2,0,2568,1789630481669013504,3809097726540341
2,0,2569,1789630481669026816,3809097726553197
2,0,2570,1789630481669040128,3809097726566081
2,0,2571,1789630481669052416,3809097726578974
2,0,2572,1789630481669065728,3809097726591844
2,0,2573,1789630481669078016,3809097726604664
2,0,2574,1789630481669091328,3809097726617501
2,0,2575,1789630481669103616,3809097726630349
2,0,2576,1789630481669116928,3809097726643249
2,0,2577,1789630481669129216,3809097726656097
2,0,2578,1789630481669142528,3809097726669014
2,0,2579,1789630481669155840,3809097726681941
2,0,2580,1789630481669168128,3809097726694847
2,0,2581,1789630481669181440,3809097726707674
2,0,2582,1789630481669193728,3809097726720544
2,0,2583,1789630481669207040,3809097726733414
2,0,2584,1789630481669220352,3809097726746247
2,0,2585,1789630481669232640,3809097726759239
2,0,2586,1789630481669245952,3809097726772107
2,0,2587,1789630481669258240,3809097726785067
2,0,2588,1789630481669271552,3809097726797829
2,0,2589,1789630481669283840,3809097726810739
2,0,2590,1789630481669297152,3809097726823609
2,0,2591,1789630481669310464,3809097726836494
2,0,2592,1789630481669322752,3809097726849394
2,0,2593,1789630481669336064,3809097726862264
2,0,2594,1789630481669348352,3809097726875169
2,0,2595,1789630481669361664,3809097726888002
2,0,2596,1789630481669373952,3809097726900829
2,0,2597,1789630481669387264,3809097726913677
2,0,2598,1789630481669400576,3809097726926581
2,0,2599,1789630481669412864,3809097726939451
2,0,2600,1789630481669426176,3809097726952364
2,0,2601,1789630481669438464,3809097726965251
2,0,2602,1789630481669451776,3809097726978151
2,0,2603,1789630481669465088,3809097726991069
2,0,2604,1789630481669477376,3809097727003921
2,0,2605,1789630481669490688,3809097727016784
2,0,2606,1789630481669502976,3809097727029657
2,0,2607,1789630481669516288,3809097727042537
2,0,2608,1789630481669528576,3809097727055404
2,0,2609,1789630481669541888,3809097727068230
2,0,2610,1789630481669554176,3809097727081141
2,0,2611,1789630481669567488,3809097727094007
2,0,2612,1789630481669580800,3809097727106847
2,0,2613,1789630481669593088,3809097727119684
2,0,2614,1789630481669606400,3809097727132557
2,0,2615,1789630481669618688,3809097727145499
2,0,2616,1789630481669632000,3809097727158357
2,0,2617,1789630481669644288,3809097727171221
2,0,2618,1789630481669657600,3809097727184104
2,0,2619,1789630481669670912,3809097727197007
2,0,2620,1789630481669683200,3809097727209844
2,0,2621,1789630481669696512,3809097727222721
2,0,2622,1789630481669708800,3809097727235667
2,0,2623,1789630481669722112,3809097727248564
2,0,2624,1789630481669735424,3809097727261484
2,0,2625,1789630481669747712,3809097727274359
2,0,2626,1789630481669761024,3809097727287259
2,0,2627,1789630481669773312,3809097727300237
2,0,2628,1789630481669786624,3809097727313067
2,0,2629,1789630481669799936,3809097727325961
2,0,2630,1789630481669812224,3809097727338701
2,0,2631,1789630481669825536,3809097727351582
2,0,2632,1789630481669837824,3809097727364389
2,0,2633,1789630481669851136,3809097727377281
2,0,2634,1789630481669863424,3809097727390141
2,0,2635,1789630481669876736,3809097727403004
2,0,2636,1789630481669889024,3809097727415841
2,0,2637,1789630481669902336,3809097727428721
2,0,2638,1789630481669915648,3809097727441622
2,0,2639,1789630481669927936,3809097727454557
2,0,2640,1789630481669941248,3809097727467389
2,0,2641,1789630481669953536,3809097727480232
2,0,2642,1789630481669966848,3809097727493117
2,0,2643,1789630481669979136,3809097727505974
2,0,2644,1789630481669992448,3809097727518799
2,0,2645,1789630481670004736,3809097727531744
2,0,2646,1789630481670018048,3809097727544617
2,0,2647,1789630481670031360,3809097727557514
2,0,2648,1789630481670043648,3809097727570407
2,0,2649,1789630481670056960,3809097727583289
2,0,2650,1789630481670069248,3809097727596134
2,0,2651,1789630481670082560,3809097727609088
2,0,2652,1789630481670095872,3809097727621914
2,0,2653,1789630481670108160,3809097727634751
2,0,2654,1789630481670121472,3809097727647621
2,0,2655,1789630481670133760,3809097727660527
2,0,2656,1789630481670147072,3809097727673419
2,0,2657,1789630481670159360,3809097727686281
2,0,2658,1789630481670172672,3809097727699134
2,0,2659,1789630481670185984,3809097727712019
2,0,2660,1789630481670198272,3809097727724904
2,0,2661,1789630481670211584,3809097727737764
2,0,2662,1789630481670223872,3809097727750684
2,0,2663,1789630481670237184,3809097727763604
2,0,2664,1789630481670250496,3809097727776482
2,0,2665,1789630481670262784,3809097727789374
2,0,2666,1789630481670276096,3809097727802214
2,0,2667,1789630481670288384,3809097727815192
2,0,2668,1789630481670301696,3809097727828017
2,0,2669,1789630481670313984,3809097727840859
2,0,2670,1789630481670327296,3809097727853754
2,0,2671,1789630481670340608,3809097727866679
2,0,2672,1789630481670352896,3809097727879597
2,0,2673,1789630481670366208,3809097727892419
2,0,2674,1789630481670378496,3809097727905294
2,0,2675,1789630481670391808,3809097727918107
2,0,2676,1789630481670404096,3809097727930961
2,0,2677,1789630481670417408,3809097727944022
2,0,2678,1789630481670430720,3809097727956834
2,0,2679,1789630481670443008,3809097727970065
2,0,2680,1789630481670456320,3809097727982944
2,0,2681,1789630481670469632,3809097727995807
2,0,2682,1789630481670481920,3809097728008692
2,0,2683,1789630481670495232,3809097728021554
2,0,2684,1789630481670507520,3809097728034422
2,0,2685,1789630481670520832,3809097728047482
2,0,2686,1789630481670534144,3809097728060425
2,0,2687,1789630481670546432,3809097728073297
2,0,2688,1789630481670559744,3809097728086184
2,0,2689,1789630481670573056,3809097728099051
2,0,2690,1789630481670585344,3809097728111929
2,0,2691,1789630481670598656,3809097728124819
2,0,2692,1789630481670610944,3809097728137694
2,0,2693,1789630481670624256,3809097728150550
2,0,2694,1789630481670636544,3809097728163431
2,0,2695,1789630481670649856,3809097728176309
2,0,2696,1789630481670663168,3809097728189157
2,0,2697,1789630481670675456,3809097728202059
2,0,2698,1789630481670688768,3809097728214914
2,0,2699,1789630481670701056,3809097728227859
2,0,2700,1789630481670714368,3809097728240677
2,0,2701,1789630481670726656,3809097728253551
2,0,2702,1789630481670739968,3809097728266404
2,0,2703,1789630481670753280,3809097728279281
2,0,2704,1789630481670765568,3809097728292174
2,0,2705,1789630481670778880,3809097728305044
2,0,2706,1789630481670791168,3809097728317925
2,0,2707,1789630481670804480,3809097728330859
2,0,2708,1789630481670816768,3809097728343890
2,0,2709,1789630481670830080,3809097728356744
2,0,2710,1789630481670843392,3809097728369577
2,0,2711,1789630481670855680,3809097728382439
2,0,2712,1789630481670868992,3809097728395284
2,0,2713,1789630481670881280,3809097728408301
2,0,2714,1789630481670894592,3809097728421116
2,0,2715,1789630481670907904,3809097728433994
2,0,2716,1789630481670920192,3809097728446864
2,0,2717,1789630481670933504,3809097728459799
2,0,2718,1789630481670945792,3809097728472697
2,0,2719,1789630481670959104,3809097728485501
2,0,2720,1789630481670971392,3809097728498369
2,0,2721,1789630481670984704,3809097728511252
2,0,2722,1789630481670998016,3809097728524144
2,0,2723,1789630481671010304,3809097728537004
2,0,2724,1789630481671023616,3809097728549914
2,0,2725,1789630481671035904,3809097728562739
2,0,2726,1789630481671049216,3809097728575591
2,0,2727,1789630481671061504,3809097728588469
2,0,2728,1789630481671074816,3809097728601402
2,0,2729,1789630481671088128,3809097728614304
2,0,2730,1789630481671100416,3809097728627274
2,0,2731,1789630481671113728,3809097728640164
2,0,2732,1789630481671126016,3809097728653057
2,0,2733,1789630481671139328,3809097728665831
2,0,2734,1789630481671152640,3809097728678671
2,0,2735,1789630481671164928,3809097728691469
2,0,2736,1789630481671178240,3809097728704377
2,0,2737,1789630481671190528,3809097728717331
2,0,2738,1789630481671203840,3809097728730164
2,0,2739,1789630481671216128,3809097728743001
2,0,2740,1789630481671229440,3809097728755871
2,0,2741,1789630481671242752,3809097728768771
2,0,2742,1789630481671255040,3809097728781654
2,0,2743,1789630481671268352,3809097728794531
2,0,2744,1789630481671280640,3809097728807424
2,0,2745,1789630481671293952,3809097728820324
2,0,2746,1789630481671306240,3809097728833174
2,0,2747,1789630481671319552,3809097728846079
2,0,2748,1789630481671332864,3809097728858917
2,0,2749,1789630481671345152,3809097728871847
2,0,2750,1789630481671358464,3809097728884639
2,0,2751,1789630481671370752,3809097728897507
2,0,2752,1789630481671384064,3809097728910552
2,0,2753,1789630481671397376,3809097728923434
2,0,2754,1789630481671409664,3809097728936349
2,0,2755,1789630481671422976,3809097728949181
2,0,2756,1789630481671435264,3809097728962132
2,0,2757,1789630481671448576,3809097728974959
2,0,2758,1789630481671460864,3809097728987779
2,0,2759,1789630481671474176,3809097729000731
2,0,2760,1789630481671487488,3809097729013572
2,0,2761,1789630481671499776,3809097729026487
2,0,2762,1789630481671513088,3809097729039319
2,0,2763,1789630481671525376,3809097729052204
2,0,2764,1789630481671538688,3809097729065101
2,0,2765,1789630481671550976,3809097729077967
2,0,2766,1789630481671564288,3809097729090769
2,0,2767,1789630481671577600,3809097729103619
2,0,2768,1789630481671589888,3809097729116502
2,0,2769,1789630481671603200,3809097729129482
2,0,2770,1789630481671615488,3809097729142347
2,0,2771,1789630481671628800,3809097729155262
2,0,2772,1789630481671642112,3809097729168149
2,0,2773,1789630481671654400,3809097729180979
2,0,2774,1789630481671667712,3809097729193874
2,0,2775,1789630481671680000,3809097729206772
2,0,2776,1789630481671693312,3809097729219609
2,0,2777,1789630481671705600,3809097729232514
2,0,2778,1789630481671718912,3809097729245404
2,0,2779,1789630481671732224,3809097729258319
2,0,2780,1789630481671744512,3809097729271147
2,0,2781,1789630481671757824,3809097729284044
2,0,2782,1789630481671770112,3809097729296904
2,0,2783,1789630481671783424,3809097729309807
2,0,2784,1789630481671795712,3809097729322719
2,0,2785,1789630481671809024,3809097729335614
2,0,2786,1789630481671822336,3809097729348567
2,0,2787,1789630481671834624,3809097729361405
2,0,2788,1789630481671847936,3809097729374279
2,0,2789,1789630481671860224,3809097729387149
2,0,2790,1789630481671873536,3809097729399977
2,0,2791,1789630481671886848,3809097729412933
2,0,2792,1789630481671899136,3809097729425824
2,0,2793,1789630481671912448,3809097729438739
2,0,2794,1789630481671924736,3809097729451594
2,0,2795,1789630481671938048,3809097729464499
2,0,2796,1789630481671950336,3809097729477304
2,0,2797,1789630481671963648,3809097729490159
2,0,2798,1789630481671976960,3809097729503088
2,0,2799,1789630481671989248,3809097729515946
2,0,2800,1789630481672002560,3809097729528837
2,0,2801,1789630481672014848,3809097729541704
2,0,2802,1789630481672028160,3809097729554592
2,0,2803,1789630481672041472,3809097729567477
2,0,2804,1789630481672053760,3809097729580339
2,0,2805,1789630481672067072,3809097729593157
2,0,2806,1789630481672079360,3809097729606071
2,0,2807,1789630481672092672,3809097729618979
2,0,2808,1789630481672104960,3809097729631816
2,0,2809,1789630481672118272,3809097729644701
2,0,2810,1789630481672130560,3809097729657564
2,0,2811,1789630481672143872,3809097729670481
2,0,2812,1789630481672157184,3809097729683381
2,0,2813,1789630481672169472,3809097729696267
2,0,2814,1789630481672182784,3809097729709121
2,0,2815,1789630481672195072,3809097729721994
2,0,2816,1789630481672208384,3809097729734860
2,0,2817,1789630481672221696,3809097729747724
2,0,2818,1789630481672233984,3809097729760642
2,0,2819,1789630481672247296,3809097729773498
2,0,2820,1789630481672259584,3809097729786328
2,0,2821,1789630481672272896,3809097729799204
2,0,2822,1789630481672285184,3809097729812111
2,0,2823,1789630481672298496,3809097729824968
2,0,2824,1789630481672311808,3809097729837878
2,0,2825,1789630481672324096,3809097729850734
2,0,2826,1789630481672337408,3809097729863628
2,0,2827,1789630481672349696,3809097729876520
2,0,2828,1789630481672363008,3809097729889396
2,0,2829,1789630481672375296,3809097729902288
2,0,2830,1789630481672388608,3809097729915091
2,0,2831,1789630481672401920,3809097729927944
2,0,2832,1789630481672414208,3809097729940820
2,0,2833,1789630481672427520,3809097729953751
2,0,2834,1789630481672439808,3809097729966611
2,0,2835,1789630481672453120,3809097729979454
2,0,2836,1789630481672465408,3809097729992324
2,0,2837,1789630481672478720,3809097730005178
2,0,2838,1789630481672492032,3809097730018060
2,0,2839,1789630481672504320,3809097730030946
2,0,2840,1789630481672517632,3809097730043802
2,0,2841,1789630481672529920,3809097730056711
2,0,2842,1789630481672543232,3809097730069604
2,0,2843,1789630481672555520,3809097730082478
2,0,2844,1789630481672568832,3809097730095340
2,0,2845,1789630481672582144,3809097730108166
2,0,2846,1789630481672594432,3809097730121082
2,0,2847,1789630481672607744,3809097730133946
2,0,2848,1789630481672620032,3809097730146860
2,0,2849,1789630481672633344,3809097730159676
2,0,2850,1789630481672645632,3809097730172553
2,0,2851,1789630481672658944,3809097730185478
2,0,2852,1789630481672672256,3809097730198334
2,0,2853,1789630481672684544,3809097730211208
2,0,2854,1789630481672697856,3809097730224096
2,0,2855,1789630481672710144,3809097730236994
2,0,2856,1789630481672723456,3809097730249900
2,0,2857,1789630481672736768,3809097730262946
2,0,2858,1789630481672749056,3809097730275782
2,0,2859,1789630481672762368,3809097730288703
2,0,2860,1789630481672774656,3809097730301530
2,0,2861,1789630481672787968,3809097730314403
2,0,2862,1789630481672801280,3809097730327308
2,0,2863,1789630481672813568,3809097730340162
2,0,2864,1789630481672826880,3809097730353050
2,0,2865,1789630481672839168,3809097730365906
2,0,2866,1789630481672852480,3809097730378837
2,0,2867,1789630481672864768,3809097730391676
2,0,2868,1789630481672878080,3809097730404578
2,0,2869,1789630481672890368,3809097730417378
2,0,2870,1789630481672903680,3809097730430253
2,0,2871,1789630481672916992,3809097730443186
2,0,2872,1789630481672929280,3809097730456093
2,0,2873,1789630481672942592,3809097730468948
2,0,2874,1789630481672954880,3809097730481818
2,0,2875,1789630481672968192,3809097730494660
2,0,2876,1789630481672980480,3809097730507496
2,0,2877,1789630481672993792,3809097730520433
2,0,2878,1789630481673007104,3809097730533302
2,0,2879,1789630481673019392,3809097730546133
2,0,2880,1789630481673032704,3809097730559044
2,0,2881,1789630481673044992,3809097730571883
2,0,2882,1789630481673058304,3809097730584791
2,0,2883,1789630481673071616,3809097730597707
2,0,2884,1789630481673083904,3809097730610539
2,0,2885,1789630481673097216,3809097730623393
2,0,2886,1789630481673109504,3809097730636232
2,0,2887,1789630481673122816,3809097730649190
2,0,2888,1789630481673135104,3809097730662087
2,0,2889,1789630481673148416,3809097730674949
2,0,2890,1789630481673161728,3809097730687803
2,0,2891,1789630481673174016,3809097730700677
2,0,2892,1789630481673187328,3809097730713577
2,0,2893,1789630481673199616,3809097730726382
2,0,2894,1789630481673212928,3809097730739303
2,0,2895,1789630481673225216,3809097730752093
2,0,2896,1789630481673238528,3809097730764963
2,0,2897,1789630481673250816,3809097730777827
2,0,2898,1789630481673264128,3809097730790704
2,0,2899,1789630481673277440,3809097730803529
2,0,2900,1789630481673289728,3809097730816377
2,0,2901,1789630481673303040,3809097730829299
2,0,2902,1789630481673315328,3809097730842193
2,0,2903,1789630481673328640,3809097730855099
2,0,2904,1789630481673340928,3809097730867951
2,0,2905,1789630481673354240,3809097730880833
2,0,2906,1789630481673367552,3809097730893689
2,0,2907,1789630481673379840,3809097730906707
2,0,2908,1789630481673393152,3809097730919569
2,0,2909,1789630481673405440,3809097730932413
2,0,2910,1789630481673418752,3809097730945309
2,0,2911,1789630481673432064,3809097730958179
2,0,2912,1789630481673444352,3809097730971073
2,0,2913,1789630481673457664,3809097730983923
2,0,2914,1789630481673469952,3809097730996819
2,0,2915,1789630481673483264,3809097731009634
2,0,2916,1789630481673495552,3809097731022542
2,0,2917,1789630481673508864,3809097731035460
2,0,2918,1789630481673522176,3809097731048352
2,0,2919,1789630481673534464,3809097731061284
2,0,2920,1789630481673547776,3809097731074069
2,0,2921,1789630481673560064,3809097731086929
2,0,2922,1789630481673573376,3809097731099837
2,0,2923,1789630481673585664,3809097731112701
2,0,2924,1789630481673598976,3809097731125563
2,0,2925,1789630481673612288,3809097731138414
2,0,2926,1789630481673624576,3809097731151307
2,0,2927,1789630481673637888,3809097731164213
2,0,2928,1789630481673650176,3809097731177043
2,0,2929,1789630481673663488,3809097731189916
2,0,2930,1789630481673675776,3809097731202771
2,0,2931,1789630481673689088,3809097731215576
2,0,2932,1789630481673702400,3809097731228620
2,0,2933,1789630481673714688,3809097731241510
2,0,2934,1789630481673728000,3809097731254411
2,0,2935,1789630481673740288,3809097731267324
2,0,2936,1789630481673753600,3809097731280181
2,0,2937,1789630481673766912,3809097731293043
2,0,2938,1789630481673779200,3809097731305869
2,0,2939,1789630481673792512,3809097731318753
2,0,2940,1789630481673804800,3809097731331657
2,0,2941,1789630481673818112,3809097731344587
2,0,2942,1789630481673831424,3809097731357487
2,0,2943,1789630481673843712,3809097731370409
2,0,2944,1789630481673857024,3809097731383266
2,0,2945,1789630481673869312,3809097731396154
2,0,2946,1789630481673882624,3809097731409038
2,0,2947,1789630481673894912,3809097731421906
2,0,2948,1789630481673908224,3809097731434764
2,0,2949,1789630481673921536,3809097731447656
2,0,2950,1789630481673933824,3809097731460569
2,0,2951,1789630481673947136,3809097731473464
2,0,2952,1789630481673959424,3809097731486349
2,0,2953,1789630481673972736,3809097731499287
2,0,2954,1789630481673986048,3809097731512147
2,0,2955,1789630481673998336,3809097731525106
2,0,2956,1789630481674011648,3809097731537978
2,0,2957,1789630481674023936,3809097731550832
2,0,2958,1789630481674037248,3809097731563733
2,0,2959,1789630481674050560,3809097731576589
2,0,2960,1789630481674062848,3809097731589481
2,0,2961,1789630481674076160,3809097731602314
2,0,2962,1789630481674088448,3809097731615176
2,0,2963,1789630481674101760,3809097731627993
2,0,2964,1789630481674114048,3809097731640853
2,0,2965,1789630481674127360,3809097731653853
2,0,2966,1789630481674140672,3809097731666746
2,0,2967,1789630481674152960,3809097731679626
2,0,2968,1789630481674166272,3809097731692511
2,0,2969,1789630481674178560,3809097731705363
2,0,2970,1789630481674191872,3809097731718271
2,0,2971,1789630481674204160,3809097731731066
2,0,2972,1789630481674217472,3809097731743906
2,0,2973,1789630481674229760,3809097731756762
2,0,2974,1789630481674243072,3809097731769661
2,0,2975,1789630481674256384,3809097731782493
2,0,2976,1789630481674268672,3809097731795370
2,0,2977,1789630481674281984,3809097731808204
2,0,2978,1789630481674294272,3809097731821116
2,0,2979,1789630481674307584,3809097731833927
2,0,2980,1789630481674319872,3809097731846766
2,0,2981,1789630481674333184,3809097731859676
2,0,2982,1789630481674346496,3809097731872553
2,0,2983,1789630481674358784,3809097731885453
2,0,2984,1789630481674372096,3809097731898293
2,0,2985,1789630481674384384,3809097731911171
2,0,2986,1789630481674397696,3809097731924016
2,0,2987,1789630481674409984,3809097731936866
2,0,2988,1789630481674423296,3809097731949796
2,0,2989,1789630481674436608,3809097731962676
2,0,2990,1789630481674448896,3809097731975566
2,0,2991,1789630481674462208,3809097731988436
2,0,2992,1789630481674474496,3809097732001302
2,0,2993,1789630481674487808,3809097732014116
2,0,2994,1789630481674500096,3809097732027046
2,0,2995,1789630481674513408,3809097732039923
2,0,2996,1789630481674526720,3809097732052824
2,0,2997,1789630481674539008,3809097732065702
2,0,2998,1789630481674552320,3809097732078578
2,0,2999,1789630481674564608,3809097732091464
2,0,3000,1789630481674577920,3809097732104316
2,0,3001,1789630481674590208,3809097732117167
2,0,3002,1789630481674603520,3809097732130044
2,0,3003,1789630481674616832,3809097732142998
2,0,3004,1789630481674629120,3809097732155814
2,0,3005,1789630481674642432,3809097732168729
2,0,3006,1789630481674654720,3809097732181629
2,0,3007,1789630481674668032,3809097732194476
2,0,3008,1789630481674680320,3809097732207316
2,0,3009,1789630481674693632,3809097732220224
2,0,3010,1789630481674706944,3809097732233063
2,0,3011,1789630481674719232,3809097732245950
2,0,3012,1789630481674732544,3809097732258803
2,0,3013,1789630481674744832,3809097732288684
2,0,3014,1789630481674758144,3809097732288684
2,0,3015,1789630481674771456,3809097732297646
2,0,3016,1789630481674783744,3809097732310540
2,0,3017,1789630481674797056,3809097732323380
2,0,3018,1789630481674809344,3809097732336226
2,0,3019,1789630481674822656,3809097732349136
2,0,3020,1789630481674834944,3809097732362003
2,0,3021,1789630481674848256,3809097732374931
2,0,3022,1789630481674861568,3809097732387818
2,0,3023,1789630481674873856,3809097732400643
2,0,3024,1789630481674887168,3809097732413527
2,0,3025,1789630481674899456,3809097732426438
2,0,3026,1789630481674912768,3809097732439253
2,0,3027,1789630481674926080,3809097732452141
2,0,3028,1789630481674938368,3809097732464986
2,0,3029,1789630481674951680,3809097732477893
2,0,3030,1789630481674963968,3809097732490996
2,0,3031,1789630481674977280,3809097732503920
2,0,3032,1789630481674990592,3809097732516761
2,0,3033,1789630481675002880,3809097732529811
2,0,3034,1789630481675016192,3809097732542656
2,0,3035,1789630481675028480,3809097732555524
2,0,3036,1789630481675041792,3809097732568426
2,0,3037,1789630481675055104,3809097732581313
2,0,3038,1789630481675067392,3809097732594156
2,0,3039,1789630481675080704,3809097732606969
2,0,3040,1789630481675092992,3809097732619823
2,0,3041,1789630481675106304,3809097732632662
2,0,3042,1789630481675118592,3809097732645546
2,0,3043,1789630481675131904,3809097732658566
2,0,3044,1789630481675145216,3809097732671461
2,0,3045,1789630481675157504,3809097732684368
2,0,3046,1789630481675170816,3809097732697269
2,0,3047,1789630481675183104,3809097732710176
2,0,3048,1789630481675196416,3809097732723021
2,0,3049,1789630481675209728,3809097732735871
2,0,3050,1789630481675222016,3809097732748736
2,0,3051,1789630481675235328,3809097732761601
2,0,3052,1789630481675247616,3809097732774473
2,0,3053,1789630481675260928,3809097732787344
2,0,3054,1789630481675273216,3809097732800241
2,0,3055,1789630481675286528,3809097732813038
2,0,3056,1789630481675299840,3809097732825978
2,0,3057,1789630481675312128,3809097732838756
2,0,3058,1789630481675325440,3809097732851718
2,0,3059,1789630481675337728,3809097732864593
2,0,3060,1789630481675351040,3809097732877608
2,0,3061,1789630481675364352,3809097732890498
2,0,3062,1789630481675376640,3809097732903393
2,0,3063,1789630481675389952,3809097732916278
2,0,3064,1789630481675402240,3809097732929111
2,0,3065,1789630481675415552,3809097732942036
2,0,3066,1789630481675427840,3809097732954889
2,0,3067,1789630481675441152,3809097732967754
2,0,3068,1789630481675454464,3809097732980646
2,0,3069,1789630481675466752,3809097732993526
2,0,3070,1789630481675480064,3809097733006418
2,0,3071,1789630481675492352,3809097733019304
2,0,3072,1789630481675505664,3809097733032156
2,0,3073,1789630481675517952,3809097733044961
2,0,3074,1789630481675531264,3809097733057876
2,0,3075,1789630481675544576,3809097733070806
2,0,3076,1789630481675556864,3809097733083669
2,0,3077,1789630481675570176,3809097733096588
2,0,3078,1789630481675582464,3809097733109431
2,0,3079,1789630481675595776,3809097733122306
2,0,3080,1789630481675609088,3809097733135193
2,0,3081,1789630481675621376,3809097733148038
2,0,3082,1789630481675634688,3809097733160916
2,0,3083,1789630481675646976,3809097733173816
2,0,3084,1789630481675660288,3809097733186736
2,0,3085,1789630481675672576,3809097733199559
2,0,3086,1789630481675685888,3809097733212563
2,0,3087,1789630481675699200,3809097733225404
2,0,3088,1789630481675711488,3809097733238306
2,0,3089,1789630481675724800,3809097733251136
2,0,3090,1789630481675737088,3809097733264066
2,0,3091,1789630481675750400,3809097733276951
2,0,3092,1789630481675763712,3809097733289816
2,0,3093,1789630481675776000,3809097733302706
2,0,3094,1789630481675789312,3809097733315589
2,0,3095,1789630481675801600,3809097733328438
2,0,3096,1789630481675814912,3809097733341326
2,0,3097,1789630481675827200,3809097733354176
2,0,3098,1789630481675840512,3809097733367056
2,0,3099,1789630481675853824,3809097733379938
2,0,3100,1789630481675866112,3809097733392856
2,0,3101,1789630481675879424,3809097733405726
2,0,3102,1789630481675891712,3809097733418626
2,0,3103,1789630481675905024,3809097733431496
2,0,3104,1789630481675918336,3809097733444402
2,0,3105,1789630481675930624,3809097733457311
2,0,3106,1789630481675943936,3809097733470211
2,0,3107,1789630481675956224,3809097733483089
2,0,3108,1789630481675969536,3809097733496016
2,0,3109,1789630481675981824,3809097733508916
2,0,3110,1789630481675995136,3809097733521756
2,0,3111,1789630481676008448,3809097733534670
2,0,3112,1789630481676020736,3809097733547574
2,0,3113,1789630481676034048,3809097733560444
2,0,3114,1789630481676046336,3809097733573298
2,0,3115,1789630481676059648,3809097733586206
2,0,3116,1789630481676072960,3809097733599131
2,0,3117,1789630481676085248,3809097733612013
2,0,3118,1789630481676098560,3809097733624906
2,0,3119,1789630481676110848,3809097733637862
2,0,3120,1789630481676124160,3809097733650748
2,0,3121,1789630481676137472,3809097733663598
2,0,3122,1789630481676149760,3809097733676453
2,0,3123,1789630481676163072,3809097733689338
2,0,3124,1789630481676175360,3809097733702223
2,0,3125,1789630481676188672,3809097733715102
2,0,3126,1789630481676200960,3809097733728050
2,0,3127,1789630481676214272,3809097733740879
2,0,3128,1789630481676227584,3809097733753738
2,0,3129,1789630481676239872,3809097733766611
2,0,3130,1789630481676253184,3809097733779496
2,0,3131,1789630481676265472,3809097733792313
2,0,3132,1789630481676278784,3809097733805184
2,0,3133,1789630481676291072,3809097733818049
2,0,3134,1789630481676304384,3809097733830986
2,0,3135,1789630481676317696,3809097733843824
2,0,3136,1789630481676329984,3809097733856716
2,0,3137,1789630481676343296,3809097733869558
2,0,3138,1789630481676355584,3809097733882436
2,0,3139,1789630481676368896,3809097733895364
2,0,3140,1789630481676381184,3809097733908256
2,0,3141,1789630481676394496,3809097733921153
2,0,3142,1789630481676407808,3809097733934001
2,0,3143,1789630481676420096,3809097733946889
2,0,3144,1789630481676433408,3809097733959809
2,0,3145,1789630481676445696,3809097733972689
2,0,3146,1789630481676459008,3809097733985710
2,0,3147,1789630481676472320,3809097733998576
2,0,3148,1789630481676484608,3809097734011486
2,0,3149,1789630481676497920,3809097734024318
2,0,3150,1789630481676510208,3809097734037278
2,0,3151,1789630481676523520,3809097734050148
2,0,3152,1789630481676536832,3809097734063166
2,0,3153,1789630481676549120,3809097734076046
2,0,3154,1789630481676562432,3809097734088913
2,0,3155,1789630481676574720,3809097734101771
2,0,3156,1789630481676588032,3809097734114613
2,0,3157,1789630481676601344,3809097734127510
2,0,3158,1789630481676613632,3809097734140404
2,0,3159,1789630481676626944,3809097734153296
2,0,3160,1789630481676639232,3809097734166170
2,0,3161,1789630481676652544,3809097734179076
2,0,3162,1789630481676664832,3809097734196890
2,0,3163,1789630481676678144,3809097734204768
2,0,3164,1789630481676691456,3809097734217626
2,0,3165,1789630481676703744,3809097734230529
2,0,3166,1789630481676717056,3809097734243446
2,0,3167,1789630481676729344,3809097734256293
2,0,3168,1789630481676742656,3809097734269118
2,0,3169,1789630481676754944,3809097734281993
2,0,3170,1789630481676768256,3809097734294851
2,0,3171,1789630481676781568,3809097734307781
2,0,3172,1789630481676793856,3809097734320679
2,0,3173,1789630481676807168,3809097734333556
2,0,3174,1789630481676819456,3809097734346444
2,0,3175,1789630481676832768,3809097734359313
2,0,3176,1789630481676845056,3809097734372186
2,0,3177,1789630481676858368,3809097734385046
2,0,3178,1789630481676871680,3809097734397931
2,0,3179,1789630481676883968,3809097734410812
2,0,3180,1789630481676897280,3809097734423706
2,0,3181,1789630481676909568,3809097734436621
2,0,3182,1789630481676922880,3809097734449478
2,0,3183,1789630481676936192,3809097734462336
2,0,3184,1789630481676948480,3809097734475196
2,0,3185,1789630481676961792,3809097734488081
2,0,3186,1789630481676974080,3809097734500909
2,0,3187,1789630481676987392,3809097734513776
2,0,3188,1789630481676999680,3809097734526647
2,0,3189,1789630481677012992,3809097734539576
2,0,3190,1789630481677026304,3809097734552424
2,0,3191,1789630481677038592,3809097734565296
2,0,3192,1789630481677051904,3809097734578156
2,0,3193,1789630481677064192,3809097734590981
2,0,3194,1789630481677077504,3809097734603896
2,0,3195,1789630481677089792,3809097734616781
2,0,3196,1789630481677103104,3809097734629676
2,0,3197,1789630481677116416,3809097734642524
2,0,3198,1789630481677128704,3809097734655413
2,0,3199,1789630481677142016,3809097734668236
2,0,3200,1789630481677154304,3809097734681064
2,0,3201,1789630481677167616,3809097734693946
2,0,3202,1789630481677179904,3809097734706916
2,0,3203,1789630481677193216,3809097734719764
2,0,3204,1789630481677206528,3809097734732706
2,0,3205,1789630481677218816,3809097734745616
2,0,3206,1789630481677232128,3809097734758500
2,0,3207,1789630481677244416,3809097734771341
2,0,3208,1789630481677257728,3809097734784226
2,0,3209,1789630481677270016,3809097734797073
2,0,3210,1789630481677283328,3809097734809956
2,0,3211,1789630481677296640,3809097734822813
2,0,3212,1789630481677308928,3809097734835743
2,0,3213,1789630481677322240,3809097734848566
2,0,3214,1789630481677334528,3809097734861413
2,0,3215,1789630481677347840,3809097734874271
2,0,3216,1789630481677360128,3809097734887096
2,0,3217,1789630481677373440,3809097734900049
2,0,3218,1789630481677386752,3809097734912910
2,0,3219,1789630481677399040,3809097734925736
2,0,3220,1789630481677412352,3809097734938586
2,0,3221,1789630481677424640,3809097734951446
2,0,3222,1789630481677437952,3809097734964273
2,0,3223,1789630481677450240,3809097734977126
2,0,3224,1789630481677463552,3809097734989996
2,0,3225,1789630481677475840,3809097735002873
2,0,3226,1789630481677489152,3809097735015761
2,0,3227,1789630481677502464,3809097735028598
2,0,3228,1789630481677514752,3809097735041469
2,0,3229,1789630481677528064,3809097735054378
2,0,3230,1789630481677540352,3809097735067278
2,0,3231,1789630481677553664,3809097735080138
2,0,3232,1789630481677565952,3809097735092978
2,0,3233,1789630481677579264,3809097735105886
2,0,3234,1789630481677592576,3809097735118818
2,0,3235,1789630481677604864,3809097735131681
2,0,3236,1789630481677618176,3809097735144563
2,0,3237,1789630481677630464,3809097735157591
2,0,3238,1789630481677643776,3809097735170453
2,0,3239,1789630481677657088,3809097735183299
2,0,3240,1789630481677669376,3809097735196211
2,0,3241,1789630481677682688,3809097735209072
2,0,3242,1789630481677694976,3809097735221938
2,0,3243,1789630481677708288,3809097735234803
2,0,3244,1789630481677720576,3809097735247673
2,0,3245,1789630481677733888,3809097735260522
2,0,3246,1789630481677747200,3809097735273398
2,0,3247,1789630481677759488,3809097735286311
2,0,3248,1789630481677772800,3809097735299153
2,0,3249,1789630481677785088,3809097735312062
2,0,3250,1789630481677798400,3809097735324973
2,0,3251,1789630481677811712,3809097735337822
2,0,3252,1789630481677824000,3809097735350749
2,0,3253,1789630481677837312,3809097735363586
2,0,3254,1789630481677849600,3809097735376456
2,0,3255,1789630481677862912,3809097735389282
2,0,3256,1789630481677875200,3809097735402165
2,0,3257,1789630481677888512,3809097735415066
2,0,3258,1789630481677901824,3809097735427955
2,0,3259,1789630481677914112,3809097735440821
2,0,3260,1789630481677927424,3809097735453713
2,0,3261,1789630481677939712,3809097735466526
2,0,3262,1789630481677953024,3809097735479445
2,0,3263,1789630481677965312,3809097735492315
2,0,3264,1789630481677978624,3809097735505213
2,0,3265,1789630481677991936,3809097735518106
2,0,3266,1789630481678004224,3809097735530991
2,0,3267,1789630481678017536,3809097735543893
2,0,3268,1789630481678029824,3809097735556704
2,0,3269,1789630481678043136,3809097735569544
2,0,3270,1789630481678055424,3809097735582395
2,0,3271,1789630481678068736,3809097735595315
2,0,3272,1789630481678082048,3809097735608195
2,0,3273,1789630481678094336,3809097735621028
2,0,3274,1789630481678107648,3809097735633906
2,0,3275,1789630481678119936,3809097735646835
2,0,3276,1789630481678133248,3809097735659789
2,0,3277,1789630481678145536,3809097735672645
2,0,3278,1789630481678158848,3809097735685475
2,0,3279,1789630481678172160,3809097735698349
2,0,3280,1789630481678184448,3809097735711235
2,0,3281,1789630481678197760,3809097735724191
2,0,3282,1789630481678210048,3809097735737055
2,0,3283,1789630481678223360,3809097735749949
2,0,3284,1789630481678236672,3809097735762886
2,0,3285,1789630481678248960,3809097735775738
2,0,3286,1789630481678262272,3809097735788603
2,0,3287,1789630481678274560,3809097735801481
2,0,3288,1789630481678287872,3809097735814371
2,0,3289,1789630481678300160,3809097735827266
2,0,3290,1789630481678313472,3809097735840199
2,0,3291,1789630481678326784,3809097735853129
2,0,3292,1789630481678339072,3809097735865973
2,0,3293,1789630481678352384,3809097735878835
2,0,3294,1789630481678364672,3809097735891726
2,0,3295,1789630481678377984,3809097735904795
2,0,3296,1789630481678391296,3809097735917645
2,0,3297,1789630481678403584,3809097735930525
2,0,3298,1789630481678416896,3809097735943415
2,0,3299,1789630481678429184,3809097735956295
2,0,3300,1789630481678442496,3809097735969165
2,0,3301,1789630481678455808,3809097735982053
2,0,3302,1789630481678468096,3809097735994851
2,0,3303,1789630481678481408,3809097736007721
2,0,3304,1789630481678493696,3809097736020593
2,0,3305,1789630481678507008,3809097736033501
2,0,3306,1789630481678519296,3809097736046430
2,0,3307,1789630481678532608,3809097736059293
2,0,3308,1789630481678545920,3809097736072211
2,0,3309,1789630481678558208,3809097736085055
2,0,3310,1789630481678571520,3809097736097949
2,0,3311,1789630481678583808,3809097736110838
2,0,3312,1789630481678597120,3809097736123801
2,0,3313,1789630481678610432,3809097736136733
2,0,3314,1789630481678622720,3809097736149571
2,0,3315,1789630481678636032,3809097736162478
2,0,3316,1789630481678648320,3809097736175326
2,0,3317,1789630481678661632,3809097736188158
2,0,3318,1789630481678673920,3809097736201013
2,0,3319,1789630481678687232,3809097736213892
2,0,3320,1789630481678700544,3809097736226791
2,0,3321,1789630481678712832,3809097736239686
2,0,3322,1789630481678726144,3809097736252595
2,0,3323,1789630481678738432,3809097736265413
2,0,3324,1789630481678751744,3809097736278275
2,0,3325,1789630481678764032,3809097736291166
2,0,3326,1789630481678777344,3809097736303973
2,0,3327,1789630481678790656,3809097736316925
2,0,3328,1789630481678802944,3809097736329825
2,0,3329,1789630481678816256,3809097736342731
2,0,3330,1789630481678828544,3809097736355702
2,0,3331,1789630481678841856,3809097736368541
2,0,3332,1789630481678855168,3809097736381404
2,0,3333,1789630481678867456,3809097736394386
2,0,3334,1789630481678880768,3809097736407309
2,0,3335,1789630481678893056,3809097736420146
2,0,3336,1789630481678906368,3809097736433049
2,0,3337,1789630481678919680,3809097736445963
2,0,3338,1789630481678931968,3809097736458855
2,0,3339,1789630481678945280,3809097736471718
2,0,3340,1789630481678957568,3809097736484718
2,0,3341,1789630481678970880,3809097736497542
2,0,3342,1789630481678984192,3809097736510371
2,0,3343,1789630481678996480,3809097736523215
2,0,3344,1789630481679009792,3809097736536075
2,0,3345,1789630481679022080,3809097736549106
2,0,3346,1789630481679035392,3809097736561975
2,0,3347,1789630481679048704,3809097736574841
2,0,3348,1789630481679060992,3809097736587691
2,0,3349,1789630481679074304,3809097736600585
2,0,3350,1789630481679086592,3809097736613453
2,0,3351,1789630481679099904,3809097736626293
2,0,3352,1789630481679112192,3809097736639175
2,0,3353,1789630481679125504,3809097736652055
2,0,3354,1789630481679137792,3809097736664919
2,0,3355,1789630481679151104,3809097736677826
2,0,3356,1789630481679164416,3809097736690704
2,0,3357,1789630481679176704,3809097736703535
2,0,3358,1789630481679190016,3809097736716435
2,0,3359,1789630481679202304,3809097736729275
2,0,3360,1789630481679215616,3809097736742204
2,0,3361,1789630481679228928,3809097736755091
2,0,3362,1789630481679241216,3809097736767996
2,0,3363,1789630481679254528,3809097736780898
2,0,3364,1789630481679266816,3809097736793753
2,0,3365,1789630481679280128,3809097736806625
2,0,3366,1789630481679292416,3809097736819498
2,0,3367,1789630481679305728,3809097736832386
2,0,3368,1789630481679319040,3809097736845276
2,0,3369,1789630481679331328,3809097736858111
2,0,3370,1789630481679344640,3809097736870995
2,0,3371,1789630481679356928,3809097736883898
2,0,3372,1789630481679370240,3809097736896725
2,0,3373,1789630481679382528,3809097736909628
2,0,3374,1789630481679395840,3809097736922424
2,0,3375,1789630481679409152,3809097736935338
2,0,3376,1789630481679421440,3809097736948201
2,0,3377,1789630481679434752,3809097736961093
2,0,3378,1789630481679447040,3809097736973942
2,0,3379,1789630481679460352,3809097736986802
2,0,3380,1789630481679472640,3809097736999719
2,0,3381,1789630481679485952,3809097737012638
2,0,3382,1789630481679499264,3809097737025495
2,0,3383,1789630481679511552,3809097737038395
2,0,3384,1789630481679524864,3809097737051244
2,0,3385,1789630481679537152,3809097737064078
2,0,3386,1789630481679550464,3809097737076948
2,0,3387,1789630481679562752,3809097737089838
2,0,3388,1789630481679576064,3809097737102731
2,0,3389,1789630481679589376,3809097737115568
2,0,3390,1789630481679601664,3809097737128491
2,0,3391,1789630481679614976,3809097737141318
2,0,3392,1789630481679627264,3809097737154155
2,0,3393,1789630481679640576,3809097737167035
2,0,3394,1789630481679652864,3809097737179926
2,0,3395,1789630481679666176,3809097737192901
2,0,3396,1789630481679679488,3809097737205751
2,0,3397,1789630481679691776,3809097737218665
2,0,3398,1789630481679705088,3809097737231528
2,0,3399,1789630481679717376,3809097737244444
2,0,3400,1789630481679730688,3809097737257305
2,0,3401,1789630481679744000,3809097737270166
2,0,3402,1789630481679756288,3809097737283068
2,0,3403,1789630481679769600,3809097737295938
2,0,3404,1789630481679781888,3809097737308878
2,0,3405,1789630481679795200,3809097737321638
2,0,3406,1789630481679807488,3809097737334542
2,0,3407,1789630481679820800,3809097737347348
2,0,3408,1789630481679833088,3809097737360242
2,0,3409,1789630481679846400,3809097737373143
2,0,3410,1789630481679859712,3809097737386044
2,0,3411,1789630481679872000,3809097737399085
2,0,3412,1789630481679885312,3809097737411975
2,0,3413,1789630481679898624,3809097737424863
2,0,3414,1789630481679910912,3809097737437703
2,0,3415,1789630481679924224,3809097737450586
2,0,3416,1789630481679936512,3809097737463495
2,0,3417,1789630481679949824,3809097737476335
2,0,3418,1789630481679962112,3809097737489225
2,0,3419,1789630481679975424,3809097737502118
2,0,3420,1789630481679988736,3809097737514968
2,0,3421,1789630481680001024,3809097737527850
2,0,3422,1789630481680014336,3809097737540678
2,0,3423,1789630481680026624,3809097737553519
2,0,3424,1789630481680039936,3809097737566428
2,0,3425,1789630481680052224,3809097737579241
2,0,3426,1789630481680065536,3809097737592204
2,0,3427,1789630481680078848,3809097737605111
2,0,3428,1789630481680091136,3809097737617973
2,0,3429,1789630481680104448,3809097737630853
2,0,3430,1789630481680116736,3809097737643681
2,0,3431,1789630481680130048,3809097737656601
2,0,3432,1789630481680142336,3809097737669461
2,0,3433,1789630481680155648,3809097737682412
2,0,3434,1789630481680168960,3809097737695275
2,0,3435,1789630481680181248,3809097737708085
2,0,3436,1789630481680194560,3809097737720993
2,0,3437,1789630481680206848,3809097737733845
2,0,3438,1789630481680220160,3809097737746706
2,0,3439,1789630481680232448,3809097737759605
2,0,3440,1789630481680245760,3809097737772525
2,0,3441,1789630481680259072,3809097737785425
2,0,3442,1789630481680271360,3809097737798258
2,0,3443,1789630481680284672,3809097737811155
2,0,3444,1789630481680296960,3809097737823975
2,0,3445,1789630481680310272,3809097737836785
2,0,3446,1789630481680322560,3809097737849741
2,0,3447,1789630481680335872,3809097737862555
2,0,3448,1789630481680349184,3809097737875435
2,0,3449,1789630481680361472,3809097737888315
2,0,3450,1789630481680374784,3809097737901203
2,0,3451,1789630481680387072,3809097737914088
2,0,3452,1789630481680400384,3809097737926973
2,0,3453,1789630481680413696,3809097737939843
2,0,3454,1789630481680425984,3809097737952695
2,0,3455,1789630481680439296,3809097737965586
2,0,3456,1789630481680451584,3809097737978475
2,0,3457,1789630481680464896,3809097737991353
2,0,3458,1789630481680477184,3809097738004179
2,0,3459,1789630481680490496,3809097738017098
2,0,3460,1789630481680502784,3809097738029911
2,0,3461,1789630481680516096,3809097738042835
2,0,3462,1789630481680529408,3809097738055715
2,0,3463,1789630481680541696,3809097738068578
2,0,3464,1789630481680555008,3809097738081466
2,0,3465,1789630481680567296,3809097738094325
2,0,3466,1789630481680580608,3809097738107271
2,0,3467,1789630481680593920,3809097738120128
2,0,3468,1789630481680606208,3809097738133021
2,0,3469,1789630481680619520,3809097738145891
2,0,3470,1789630481680631808,3809097738158805
2,0,3471,1789630481680645120,3809097738171675
2,0,3472,1789630481680657408,3809097738184586
2,0,3473,1789630481680670720,3809097738197586
2,0,3474,1789630481680684032,3809097738210486
2,0,3475,1789630481680696320,3809097738223388
2,0,3476,1789630481680709632,3809097738236138
2,0,3477,1789630481680721920,3809097738249031
2,0,3478,1789630481680735232,3809097738261901
2,0,3479,1789630481680748544,3809097738274778
2,0,3480,1789630481680760832,3809097738287653
2,0,3481,1789630481680774144,3809097738300481
2,0,3482,1789630481680786432,3809097738313335
2,0,3483,1789630481680799744,3809097738326333
2,0,3484,1789630481680812032,3809097738339141
2,0,3485,1789630481680825344,3809097738352026
2,0,3486,1789630481680838656,3809097738364951
2,0,3487,1789630481680850944,3809097738377791
2,0,3488,1789630481680864256,3809097738390693
2,0,3489,1789630481680876544,3809097738403578
2,0,3490,1789630481680889856,3809097738416485
2,0,3491,1789630481680903168,3809097738429393
2,0,3492,1789630481680915456,3809097738442155
2,0,3493,1789630481680928768,3809097738455041
2,0,3494,1789630481680941056,3809097738467913
2,0,3495,1789630481680954368,3809097738480768
2,0,3496,1789630481680966656,3809097738493688
2,0,3497,1789630481680979968,3809097738506568
2,0,3498,1789630481680992256,3809097738519413
2,0,3499,1789630481681005568,3809097738532253
2,0,3500,1789630481681018880,3809097738545115
2,0,3501,1789630481681031168,3809097738557991
2,0,3502,1789630481681044480,3809097738570830
2,0,3503,1789630481681056768,3809097738583805
2,0,3504,1789630481681070080,3809097738596686
2,0,3505,1789630481681083392,3809097738609570
2,0,3506,1789630481681095680,3809097738622398
2,0,3507,1789630481681108992,3809097738635265
2,0,3508,1789630481681121280,3809097738648168
2,0,3509,1789630481681134592,3809097738661013
2,0,3510,1789630481681146880,3809097738673885
2,0,3511,1789630481681160192,3809097738686763
2,0,3512,1789630481681172480,3809097738699613
2,0,3513,1789630481681185792,3809097738712610
2,0,3514,1789630481681199104,3809097738725439
2,0,3515,1789630481681211392,3809097738738318
2,0,3516,1789630481681224704,3809097738751155
2,0,3517,1789630481681236992,3809097738764035
2,0,3518,1789630481681250304,3809097738776944
2,0,3519,1789630481681263616,3809097738789821
2,0,3520,1789630481681275904,3809097738802735
2,0,3521,1789630481681289216,3809097738815599
2,0,3522,1789630481681301504,3809097738828421
2,0,3523,1789630481681314816,3809097738841288
2,0,3524,1789630481681327104,3809097738854186
2,0,3525,1789630481681340416,3809097738867031
2,0,3526,1789630481681353728,3809097738879951
2,0,3527,1789630481681366016,3809097738892815
2,0,3528,1789630481681379328,3809097738905741
2,0,3529,1789630481681391616,3809097738918586
2,0,3530,1789630481681404928,3809097738931453
2,0,3531,1789630481681417216,3809097738944266
2,0,3532,1789630481681430528,3809097738957125
2,0,3533,1789630481681443840,3809097738970073
2,0,3534,1789630481681456128,3809097738982935
2,0,3535,1789630481681469440,3809097738995815
2,0,3536,1789630481681481728,3809097739008675
2,0,3537,1789630481681495040,3809097739021551
2,0,3538,1789630481681507328,3809097739034486
2,0,3539,1789630481681520640,3809097739047276
2,0,3540,1789630481681533952,3809097739060224
2,0,3541,1789630481681546240,3809097739073088
2,0,3542,1789630481681559552,3809097739085915
2,0,3543,1789630481681571840,3809097739098878
2,0,3544,1789630481681585152,3809097739111721
2,0,3545,1789630481681597440,3809097739124630
2,0,3546,1789630481681610752,3809097739137475
2,0,3547,1789630481681624064,3809097739150335
2,0,3548,1789630481681636352,3809097739163199
2,0,3549,1789630481681649664,3809097739176098
2,0,3550,1789630481681661952,3809097739188999
2,0,3551,1789630481681675264,3809097739201838
2,0,3552,1789630481681687552,3809097739214675
2,0,3553,1789630481681700864,3809097739227571
2,0,3554,1789630481681714176,3809097739240391
2,0,3555,1789630481681726464,3809097739253251
2,0,3556,1789630481681739776,3809097739266164
2,0,3557,1789630481681752064,3809097739288706
2,0,3558,1789630481681765376,3809097739291951
2,0,3559,1789630481681777664,3809097739304813
2,0,3560,1789630481681790976,3809097739317678
2,0,3561,1789630481681804288,3809097739330486
2,0,3562,1789630481681816576,3809097739343424
2,0,3563,1789630481681829888,3809097739356324
2,0,3564,1789630481681842176,3809097739369261
2,0,3565,1789630481681855488,3809097739382175
2,0,3566,1789630481681868800,3809097739395025
2,0,3567,1789630481681881088,3809097739407927
2,0,3568,1789630481681894400,3809097739420868
2,0,3569,1789630481681906688,3809097739433658
2,0,3570,1789630481681920000,3809097739446531
2,0,3571,1789630481681932288,3809097739459365
2,0,3572,1789630481681945600,3809097739472268
2,0,3573,1789630481681958912,3809097739485168
2,0,3574,1789630481681971200,3809097739498168
2,0,3575,1789630481681984512,3809097739511073
2,0,3576,1789630481681996800,3809097739523911
2,0,3577,1789630481682010112,3809097739536843
2,0,3578,1789630481682023424,3809097739549613
2,0,3579,1789630481682035712,3809097739562524
2,0,3580,1789630481682049024,3809097739575353
2,0,3581,1789630481682061312,3809097739588246
2,0,3582,1789630481682074624,3809097739601108
2,0,3583,1789630481682086912,3809097739614011
2,0,3584,1789630481682100224,3809097739626915
2,0,3585,1789630481682113536,3809097739639824
2,0,3586,1789630481682125824,3809097739652626
2,0,3587,1789630481682139136,3809097739665486
2,0,3588,1789630481682151424,3809097739678348
2,0,3589,1789630481682164736,3809097739691261
2,0,3590,1789630481682177024,3809097739704175
2,0,3591,1789630481682190336,3809097739716993
2,0,3592,1789630481682202624,3809097739729891
2,0,3593,1789630481682215936,3809097739742664
2,0,3594,1789630481682229248,3809097739755501
2,0,3595,1789630481682241536,3809097739768401
2,0,3596,1789630481682254848,3809097739781248
2,0,3597,1789630481682267136,3809097739794184
2,0,3598,1789630481682280448,3809097739807078
2,0,3599,1789630481682292736,3809097739820060
2,0,3600,1789630481682306048,3809097739832878
2,0,3601,1789630481682319360,3809097739845755
2,0,3602,1789630481682331648,3809097739858635
2,0,3603,1789630481682344960,3809097739871444
2,0,3604,1789630481682357248,3809097739884421
2,0,3605,1789630481682370560,3809097739897348
2,0,3606,1789630481682383872,3809097739910355
2,0,3607,1789630481682396160,3809097739923248
2,0,3608,1789630481682409472,3809097739936098
2,0,3609,1789630481682421760,3809097739948931
2,0,3610,1789630481682435072,3809097739961739
2,0,3611,1789630481682448384,3809097739974743
2,0,3612,1789630481682460672,3809097739987566
2,0,3613,1789630481682473984,3809097740000475
2,0,3614,1789630481682486272,3809097740013315
2,0,3615,1789630481682499584,3809097740026245
2,0,3616,1789630481682512896,3809097740039178
2,0,3617,1789630481682525184,3809097740052005
2,0,3618,1789630481682538496,3809097740064863
2,0,3619,1789630481682550784,3809097740077831
2,0,3620,1789630481682564096,3809097740090670
2,0,3621,1789630481682576384,3809097740103548
2,0,3622,1789630481682589696,3809097740116535
2,0,3623,1789630481682603008,3809097740129478
2,0,3624,1789630481682615296,3809097740142306
2,0,3625,1789630481682628608,3809097740155171
2,0,3626,1789630481682640896,3809097740168035
2,0,3627,1789630481682654208,3809097740180968
2,0,3628,1789630481682667520,3809097740193851
2,0,3629,1789630481682679808,3809097740206736
2,0,3630,1789630481682693120,3809097740219650
2,0,3631,1789630481682705408,3809097740232504
2,0,3632,1789630481682718720,3809097740245343
2,0,3633,1789630481682731008,3809097740258191
2,0,3634,1789630481682744320,3809097740270978
2,0,3635,1789630481682756608,3809097740283811
2,0,3636,1789630481682769920,3809097740296718
2,0,3637,1789630481682783232,3809097740309601
2,0,3638,1789630481682795520,3809097740322478
2,0,3639,1789630481682808832,3809097740335305
2,0,3640,1789630481682821120,3809097740348215
2,0,3641,1789630481682834432,3809097740361053
2,0,3642,1789630481682846720,3809097740373875
2,0,3643,1789630481682860032,3809097740387078
2,0,3644,1789630481682873344,3809097740400135
2,0,3645,1789630481682886656,3809097740413327
2,0,3646,1789630481682899968,3809097740426245
2,0,3647,1789630481682912256,3809097740439148
2,0,3648,1789630481682925568,3809097740452121
2,0,3649,1789630481682937856,3809097740465035
2,0,3650,1789630481682951168,3809097740477911
2,0,3651,1789630481682964480,3809097740490773
2,0,3652,1789630481682976768,3809097740503643
2,0,3653,1789630481682990080,3809097740516521
2,0,3654,1789630481683002368,3809097740529361
2,0,3655,1789630481683015680,3809097740542275
2,0,3656,1789630481683027968,3809097740555166
2,0,3657,1789630481683041280,3809097740567993
2,0,3658,1789630481683054592,3809097740580877
2,0,3659,1789630481683066880,3809097740593726
2,0,3660,1789630481683080192,3809097740606646
2,0,3661,1789630481683092480,3809097740619539
2,0,3662,1789630481683105792,3809097740632395
2,0,3663,1789630481683119104,3809097740645293
2,0,3664,1789630481683131392,3809097740658113
2,0,3665,1789630481683144704,3809097740671053
2,0,3666,1789630481683156992,3809097740683866
2,0,3667,1789630481683170304,3809097740696775
2,0,3668,1789630481683182592,3809097740709631
2,0,3669,1789630481683195904,3809097740722441
2,0,3670,1789630481683208192,3809097740735347
2,0,3671,1789630481683221504,3809097740748197
2,0,3672,1789630481683234816,3809097740761115
2,0,3673,1789630481683247104,3809097740773997
2,0,3674,1789630481683260416,3809097740786881
2,0,3675,1789630481683272704,3809097740799809
2,0,3676,1789630481683286016,3809097740812728
2,0,3677,1789630481683299328,3809097740825597
2,0,3678,1789630481683311616,3809097740838443
2,0,3679,1789630481683324928,3809097740851315
2,0,3680,1789630481683337216,3809097740864331
2,0,3681,1789630481683350528,3809097740877268
2,0,3682,1789630481683363840,3809097740890115
2,0,3683,1789630481683376128,3809097740903026
2,0,3684,1789630481683389440,3809097740915845
2,0,3685,1789630481683401728,3809097740928713
2,0,3686,1789630481683415040,3809097740941605
2,0,3687,1789630481683427328,3809097740954513
2,0,3688,1789630481683440640,3809097740967388
2,0,3689,1789630481683453952,3809097740980253
2,0,3690,1789630481683466240,3809097740993146
2,0,3691,1789630481683479552,3809097741006006
2,0,3692,1789630481683491840,3809097741018835
2,0,3693,1789630481683505152,3809097741031761
2,0,3694,1789630481683518464,3809097741044685
2,0,3695,1789630481683530752,3809097741057615
2,0,3696,1789630481683544064,3809097741070546
2,0,3697,1789630481683556352,3809097741083445
2,0,3698,1789630481683569664,3809097741096326
2,0,3699,1789630481683582976,3809097741109201
2,0,3700,1789630481683595264,3809097741122046
2,0,3701,1789630481683608576,3809097741134993
2,0,3702,1789630481683620864,3809097741147831
2,0,3703,1789630481683634176,3809097741160715
2,0,3704,1789630481683646464,3809097741173625
2,0,3705,1789630481683659776,3809097741186466
2,0,3706,1789630481683673088,3809097741199375
2,0,3707,1789630481683685376,3809097741212235
2,0,3708,1789630481683698688,3809097741225088
2,0,3709,1789630481683710976,3809097741237953
2,0,3710,1789630481683724288,3809097741250806
2,0,3711,1789630481683736576,3809097741263686
2,0,3712,1789630481683749888,3809097741276556
2,0,3713,1789630481683763200,3809097741289475
2,0,3714,1789630481683775488,3809097741302317
2,0,3715,1789630481683788800,3809097741315228
2,0,3716,1789630481683801088,3809097741328147
2,0,3717,1789630481683814400,3809097741340931
2,0,3718,1789630481683826688,3809097741353808
2,0,3719,1789630481683840000,3809097741366686
2,0,3720,1789630481683853312,3809097741379546
2,0,3721,1789630481683865600,3809097741392415
2,0,3722,1789630481683878912,3809097741405361
2,0,3723,1789630481683891200,3809097741418195
2,0,3724,1789630481683904512,3809097741431093
2,0,3725,1789630481683916800,3809097741443975
2,0,3726,1789630481683930112,3809097741456877
2,0,3727,1789630481683943424,3809097741469811
2,0,3728,1789630481683955712,3809097741482724
2,0,3729,1789630481683969024,3809097741495611
2,0,3730,1789630481683981312,3809097741508455
2,0,3731,1789630481683994624,3809097741521311
2,0,3732,1789630481684006912,3809097741534147
2,0,3733,1789630481684020224,3809097741547111
2,0,3734,1789630481684033536,3809097741560003
2,0,3735,1789630481684045824,3809097741572875
2,0,3736,1789630481684059136,3809097741585768
2,0,3737,1789630481684071424,3809097741598615
2,0,3738,1789630481684084736,3809097741611485
2,0,3739,1789630481684098048,3809097741624345
2,0,3740,1789630481684110336,3809097741637288
2,0,3741,1789630481684123648,3809097741650199
2,0,3742,1789630481684135936,3809097741663027
2,0,3743,1789630481684149248,3809097741675927
2,0,3744,1789630481684162560,3809097741688944
2,0,3745,1789630481684174848,3809097741701825
2,0,3746,1789630481684188160,3809097741714646
2,0,3747,1789630481684200448,3809097741727493
2,0,3748,1789630481684213760,3809097741740319
2,0,3749,1789630481684226048,3809097741753337
2,0,3750,1789630481684239360,3809097741766247
2,0,3751,1789630481684252672,3809097741779177
2,0,3752,1789630481684264960,3809097741792001
2,0,3753,1789630481684278272,3809097741804855
2,0,3754,1789630481684290560,3809097741817748
2,0,3755,1789630481684303872,3809097741830637
2,0,3756,1789630481684317184,3809097741843504
2,0,3757,1789630481684329472,3809097741856425
2,0,3758,1789630481684342784,3809097741869297
2,0,3759,1789630481684355072,3809097741882217
2,0,3760,1789630481684368384,3809097741895113
2,0,3761,1789630481684381696,3809097741908095
2,0,3762,1789630481684393984,3809097741920903
2,0,3763,1789630481684407296,3809097741933743
2,0,3764,1789630481684419584,3809097741946561
2,0,3765,1789630481684432896,3809097741959485
2,0,3766,1789630481684445184,3809097741972395
2,0,3767,1789630481684458496,3809097741985305
2,0,3768,1789630481684471808,3809097741998213
2,0,3769,1789630481684484096,3809097742011090
2,0,3770,1789630481684497408,3809097742024026
2,0,3771,1789630481684509696,3809097742036899
2,0,3772,1789630481684523008,3809097742049843
2,0,3773,1789630481684536320,3809097742062707
2,0,3774,1789630481684548608,3809097742075587
2,0,3775,1789630481684561920,3809097742088465
2,0,3776,1789630481684574208,3809097742101340
2,0,3777,1789630481684587520,3809097742114219
2,0,3778,1789630481684600832,3809097742127095
2,0,3779,1789630481684613120,3809097742139945
2,0,3780,1789630481684626432,3809097742152837
2,0,3781,1789630481684638720,3809097742165704
2,0,3782,1789630481684652032,3809097742178605
2,0,3783,1789630481684664320,3809097742196791
2,0,3784,1789630481684677632,3809097742204406
2,0,3785,1789630481684690944,3809097742217273
2,0,3786,1789630481684703232,3809097742230135
2,0,3787,1789630481684716544,3809097742242995
2,0,3788,1789630481684728832,3809097742255853
2,0,3789,1789630481684742144,3809097742268724
2,0,3790,1789630481684754432,3809097742281585
2,0,3791,1789630481684767744,3809097742294473
2,0,3792,1789630481684781056,3809097742307345
2,0,3793,1789630481684793344,3809097742320257
2,0,3794,1789630481684806656,3809097742333170
2,0,3795,1789630481684818944,3809097742345973
2,0,3796,1789630481684832256,3809097742358850
2,0,3797,1789630481684844544,3809097742371728
2,0,3798,1789630481684857856,3809097742384645
2,0,3799,1789630481684871168,3809097742397544
2,0,3800,1789630481684883456,3809097742410426
2,0,3801,1789630481684896768,3809097742423253
2,0,3802,1789630481684909056,3809097742436137
2,0,3803,1789630481684922368,3809097742448963
2,0,3804,1789630481684934656,3809097742461788
2,0,3805,1789630481684947968,3809097742474673
2,0,3806,1789630481684961280,3809097742487537
2,0,3807,1789630481684973568,3809097742500500
2,0,3808,1789630481684986880,3809097742513275
2,0,3809,1789630481684999168,3809097742526185
2,0,3810,1789630481685012480,3809097742539028
2,0,3811,1789630481685024768,3809097742551917
2,0,3812,1789630481685038080,3809097742564875
2,0,3813,1789630481685051392,3809097742577745
2,0,3814,1789630481685063680,3809097742590700
2,0,3815,1789630481685076992,3809097742603585
2,0,3816,1789630481685089280,3809097742616453
2,0,3817,1789630481685102592,3809097742629250
2,0,3818,1789630481685115904,3809097742642140
2,0,3819,1789630481685128192,3809097742655010
2,0,3820,1789630481685141504,3809097742667895
2,0,3821,1789630481685153792,3809097742680777
2,0,3822,1789630481685167104,3809097742693635
2,0,3823,1789630481685179392,3809097742706503
2,0,3824,1789630481685192704,3809097742719345
2,0,3825,1789630481685204992,3809097742732224
2,0,3826,1789630481685218304,3809097742745123
2,0,3827,1789630481685231616,3809097742758010
2,0,3828,1789630481685243904,3809097742770860
2,0,3829,1789630481685257216,3809097742783757
2,0,3830,1789630481685269504,3809097742796623
2,0,3831,1789630481685282816,3809097742809470
2,0,3832,1789630481685295104,3809097742822380
2,0,3833,1789630481685308416,3809097742835210
2,0,3834,1789630481685321728,3809097742848045
2,0,3835,1789630481685334016,3809097742860897
2,0,3836,1789630481685347328,3809097742873726
2,0,3837,1789630481685359616,3809097742886613
2,0,3838,1789630481685372928,3809097742899490
2,0,3839,1789630481685385216,3809097742912367
2,0,3840,1789630481685398528,3809097742925220
2,0,3841,1789630481685411840,3809097742938239
2,0,3842,1789630481685424128,3809097742951144
2,0,3843,1789630481685437440,3809097742964010
2,0,3844,1789630481685449728,3809097742976893
2,0,3845,1789630481685463040,3809097742989843
2,0,3846,1789630481685476352,3809097743002695
2,0,3847,1789630481685488640,3809097743015557
2,0,3848,1789630481685501952,3809097743028465
2,0,3849,1789630481685514240,3809097743041327
2,0,3850,1789630481685527552,3809097743054169
2,0,3851,1789630481685539840,3809097743067013
2,0,3852,1789630481685553152,3809097743079893
2,0,3853,1789630481685566464,3809097743092817
2,0,3854,1789630481685578752,3809097743105647
2,0,3855,1789630481685592064,3809097743118524
2,0,3856,1789630481685604352,3809097743131349
2,0,3857,1789630481685617664,3809097743144293
2,0,3858,1789630481685629952,3809097743157097
2,0,3859,1789630481685643264,3809097743169951
2,0,3860,1789630481685655552,3809097743182794
2,0,3861,1789630481685668864,3809097743195673
2,0,3862,1789630481685682176,3809097743208644
2,0,3863,1789630481685694464,3809097743221537
2,0,3864,1789630481685707776,3809097743234447
2,0,3865,1789630481685720064,3809097743247262
2,0,3866,1789630481685733376,3809097743260074
2,0,3867,1789630481685745664,3809097743273101
2,0,3868,1789630481685758976,3809097743285937
2,0,3869,1789630481685772288,3809097743298833
2,0,3870,1789630481685784576,3809097743311697
2,0,3871,1789630481685797888,3809097743324594
2,0,3872,1789630481685811200,3809097743337454
2,0,3873,1789630481685823488,3809097743350364
2,0,3874,1789630481685836800,3809097743363211
2,0,3875,1789630481685849088,3809097743376044
2,0,3876,1789630481685862400,3809097743388922
2,0,3877,1789630481685874688,3809097743401791
2,0,3878,1789630481685888000,3809097743414670
2,0,3879,1789630481685900288,3809097743427501
2,0,3880,1789630481685913600,3809097743440414
2,0,3881,1789630481685926912,3809097743453227
2,0,3882,1789630481685939200,3809097743466147
2,0,3883,1789630481685952512,3809097743478977
2,0,3884,1789630481685964800,3809097743491837
2,0,3885,1789630481685978112,3809097743504722
2,0,3886,1789630481685990400,3809097743517591
2,0,3887,1789630481686003712,3809097743530591
2,0,3888,1789630481686017024,3809097743543444
2,0,3889,1789630481686029312,3809097743556313
2,0,3890,1789630481686042624,3809097743569155
2,0,3891,1789630481686054912,3809097743582024
2,0,3892,1789630481686068224,3809097743594901
2,0,3893,1789630481686080512,3809097743607754
2,0,3894,1789630481686093824,3809097743620634
2,0,3895,1789630481686107136,3809097743633529
2,0,3896,1789630481686119424,3809097743646359
2,0,3897,1789630481686132736,3809097743659287
2,0,3898,1789630481686145024,3809097743672114
2,0,3899,1789630481686158336,3809097743685008
2,0,3900,1789630481686170624,3809097743697829
2,0,3901,1789630481686183936,3809097743710717
2,0,3902,1789630481686197248,3809097743723662
2,0,3903,1789630481686209536,3809097743736577
2,0,3904,1789630481686222848,3809097743749417
2,0,3905,1789630481686235136,3809097743762272
2,0,3906,1789630481686248448,3809097743775104
2,0,3907,1789630481686260736,3809097743788027
2,0,3908,1789630481686274048,3809097743800903
2,0,3909,1789630481686287360,3809097743813737
2,0,3910,1789630481686299648,3809097743826641
2,0,3911,1789630481686312960,3809097743839488
2,0,3912,1789630481686325248,3809097743852424
2,0,3913,1789630481686338560,3809097743865351
2,0,3914,1789630481686351872,3809097743878261
2,0,3915,1789630481686364160,3809097743891062
2,0,3916,1789630481686377472,3809097743903880
2,0,3917,1789630481686389760,3809097743916827
2,0,3918,1789630481686403072,3809097743929654
2,0,3919,1789630481686415360,3809097743942542
2,0,3920,1789630481686428672,3809097743955453
2,0,3921,1789630481686441984,3809097743968250
2,0,3922,1789630481686454272,3809097743981184
2,0,3923,1789630481686467584,3809097743994067
2,0,3924,1789630481686479872,3809097744006953
2,0,3925,1789630481686493184,3809097744019777
2,0,3926,1789630481686505472,3809097744032674
2,0,3927,1789630481686518784,3809097744045574
2,0,3928,1789630481686532096,3809097744058437
2,0,3929,1789630481686544384,3809097744071324
2,0,3930,1789630481686557696,3809097744084141
2,0,3931,1789630481686569984,3809097744097027
2,0,3932,1789630481686583296,3809097744109912
2,0,3933,1789630481686595584,3809097744122834
2,0,3934,1789630481686608896,3809097744135742
2,0,3935,1789630481686622208,3809097744148619
2,0,3936,1789630481686634496,3809097744161459
2,0,3937,1789630481686647808,3809097744174309
2,0,3938,1789630481686660096,3809097744187264
2,0,3939,1789630481686673408,3809097744200243
2,0,3940,1789630481686686720,3809097744213124
2,0,3941,1789630481686699008,3809097744225993
2,0,3942,1789630481686712320,3809097744238859
2,0,3943,1789630481686724608,3809097744251713
2,0,3944,1789630481686737920,3809097744264643
2,0,3945,1789630481686750208,3809097744277477
2,0,3946,1789630481686763520,3809097744290379
2,0,3947,1789630481686776832,3809097744303217
2,0,3948,1789630481686789120,3809097744316062
2,0,3949,1789630481686802432,3809097744328994
2,0,3950,1789630481686814720,3809097744341833
2,0,3951,1789630481686828032,3809097744354689
2,0,3952,1789630481686840320,3809097744367537
2,0,3953,1789630481686853632,3809097744380369
2,0,3954,1789630481686866944,3809097744393234
2,0,3955,1789630481686879232,3809097744406157
2,0,3956,1789630481686892544,3809097744419037
2,0,3957,1789630481686904832,3809097744431841
2,0,3958,1789630481686918144,3809097744444826
2,0,3959,1789630481686930432,3809097744457596
2,0,3960,1789630481686943744,3809097744470421
2,0,3961,1789630481686956032,3809097744483313
2,0,3962,1789630481686969344,3809097744496244
2,0,3963,1789630481686982656,3809097744509109
2,0,3964,1789630481686994944,3809097744521976
2,0,3965,1789630481687008256,3809097744534846
2,0,3966,1789630481687020544,3809097744547723
2,0,3967,1789630481687033856,3809097744560583
2,0,3968,1789630481687046144,3809097744573420
2,0,3969,1789630481687059456,3809097744586314
2,0,3970,1789630481687072768,3809097744599184
2,0,3971,1789630481687085056,3809097744612009
2,0,3972,1789630481687098368,3809097744624951
2,0,3973,1789630481687110656,3809097744637839
2,0,3974,1789630481687123968,3809097744650709
2,0,3975,1789630481687137280,3809097744663553
2,0,3976,1789630481687149568,3809097744676486
2,0,3977,1789630481687162880,3809097744689334
2,0,3978,1789630481687175168,3809097744702173
2,0,3979,1789630481687188480,3809097744715054
2,0,3980,1789630481687200768,3809097744727941
2,0,3981,1789630481687214080,3809097744740864
2,0,3982,1789630481687227392,3809097744753699
2,0,3983,1789630481687239680,3809097744766599
2,0,3984,1789630481687252992,3809097744779459
2,0,3985,1789630481687265280,3809097744792269
2,0,3986,1789630481687278592,3809097744805162
2,0,3987,1789630481687290880,3809097744818076
2,0,3988,1789630481687304192,3809097744830992
2,0,3989,1789630481687317504,3809097744843802
2,0,3990,1789630481687329792,3809097744856686
2,0,3991,1789630481687343104,3809097744869523
2,0,3992,1789630481687355392,3809097744882454
2,0,3993,1789630481687368704,3809097744895312
2,0,3994,1789630481687380992,3809097744908184
2,0,3995,1789630481687394304,3809097744921086
2,0,3996,1789630481687407616,3809097744933964
2,0,3997,1789630481687419904,3809097744946859
2,0,3998,1789630481687433216,3809097744959676
2,0,3999,1789630481687445504,3809097744972516
2,0,4000,1789630481687458816,3809097744985394
2,0,4001,1789630481687471104,3809097744998259
2,0,4002,1789630481687484416,3809097745011213
2,0,4003,1789630481687497728,3809097745024114
2,0,4004,1789630481687510016,3809097745036994
2,0,4005,1789630481687523328,3809097745049879
2,0,4006,1789630481687535616,3809097745062799
2,0,4007,1789630481687548928,3809097745075654
2,0,4008,1789630481687561216,3809097745088459
2,0,4009,1789630481687574528,3809097745101354
2,0,4010,1789630481687587840,3809097745114259
2,0,4011,1789630481687600128,3809097745127141
2,0,4012,1789630481687613440,3809097745140014
2,0,4013,1789630481687625728,3809097745152976
2,0,4014,1789630481687639040,3809097745165761
2,0,4015,1789630481687651328,3809097745178602
2,0,4016,1789630481687664640,3809097745191484
2,0,4017,1789630481687677952,3809097745204326
2,0,4018,1789630481687690240,3809097745217259
2,0,4019,1789630481687703552,3809097745230171
2,0,4020,1789630481687715840,3809097745243043
2,0,4021,1789630481687729152,3809097745255924
2,0,4022,1789630481687742464,3809097745268811
2,0,4023,1789630481687754752,3809097745281694
2,0,4024,1789630481687768064,3809097745294663
2,0,4025,1789630481687780352,3809097745307524
2,0,4026,1789630481687793664,3809097745320394
2,0,4027,1789630481687806976,3809097745333236
2,0,4028,1789630481687819264,3809097745346121
2,0,4029,1789630481687832576,3809097745359036
2,0,4030,1789630481687844864,3809097745371921
2,0,4031,1789630481687858176,3809097745384822
2,0,4032,1789630481687870464,3809097745397662
2,0,4033,1789630481687883776,3809097745410479
2,0,4034,1789630481687896064,3809097745423410
2,0,4035,1789630481687909376,3809097745436310
2,0,4036,1789630481687922688,3809097745449134
2,0,4037,1789630481687934976,3809097745461974
2,0,4038,1789630481687948288,3809097745474884
2,0,4039,1789630481687960576,3809097745487790
2,0,4040,1789630481687973888,3809097745500651
2,0,4041,1789630481687987200,3809097745513542
2,0,4042,1789630481687999488,3809097745526392
2,0,4043,1789630481688012800,3809097745539322
2,0,4044,1789630481688025088,3809097745552184
2,0,4045,1789630481688038400,3809097745565093
2,0,4046,1789630481688050688,3809097745577953
2,0,4047,1789630481688064000,3809097745590844
2,0,4048,1789630481688077312,3809097745603701
2,0,4049,1789630481688089600,3809097745616594
2,0,4050,1789630481688102912,3809097745629494
2,0,4051,1789630481688115200,3809097745642373
2,0,4052,1789630481688128512,3809097745655242
2,0,4053,1789630481688140800,3809097745668089
2,0,4054,1789630481688154112,3809097745680923
2,0,4055,1789630481688167424,3809097745693769
2,0,4056,1789630481688179712,3809097745706676
2,0,4057,1789630481688193024,3809097745719539
2,0,4058,1789630481688205312,3809097745732412
2,0,4059,1789630481688218624,3809097745745291
2,0,4060,1789630481688230912,3809097745758171
2,0,4061,1789630481688244224,3809097745771069
2,0,4062,1789630481688257536,3809097745783933
2,0,4063,1789630481688269824,3809097745796784
2,0,4064,1789630481688283136,3809097745809689
2,0,4065,1789630481688295424,3809097745822584
2,0,4066,1789630481688308736,3809097745835451
2,0,4067,1789630481688321024,3809097745848324
2,0,4068,1789630481688334336,3809097745861169
2,0,4069,1789630481688347648,3809097745874099
2,0,4070,1789630481688359936,3809097745886992
2,0,4071,1789630481688373248,3809097745899824
2,0,4072,1789630481688385536,3809097745912686
2,0,4073,1789630481688398848,3809097745925542
2,0,4074,1789630481688411136,3809097745938434
2,0,4075,1789630481688424448,3809097745951312
2,0,4076,1789630481688437760,3809097745964153
2,0,4077,1789630481688450048,3809097745977053
2,0,4078,1789630481688463360,3809097745989876
2,0,4079,1789630481688475648,3809097746002821
2,0,4080,1789630481688488960,3809097746015653
2,0,4081,1789630481688502272,3809097746028539
2,0,4082,1789630481688514560,3809097746041439
2,0,4083,1789630481688527872,3809097746054333
2,0,4084,1789630481688540160,3809097746067269
2,0,4085,1789630481688553472,3809097746080146
2,0,4086,1789630481688565760,3809097746092954
2,0,4087,1789630481688579072,3809097746105834
2,0,4088,1789630481688592384,3809097746118704
2,0,4089,1789630481688604672,3809097746131636
2,0,4090,1789630481688617984,3809097746144494
2,0,4091,1789630481688630272,3809097746157396
2,0,4092,1789630481688643584,3809097746170222
2,0,4093,1789630481688655872,3809097746183146
2,0,4094,1789630481688669184,3809097746197668
2,0,4095,1789630481688682496,3809097746208824
2,0,4096,1789630481688694784,3809097746221686
2,0,4097,1789630481688708096,3809097746234534
2,0,4098,1789630481688720384,3809097746247426
2,0,4099,1789630481688733696,3809097746260341
2,0,4100,1789630481688745984,3809097746288759
2,0,4101,1789630481688759296,3809097746288759
2,0,4102,1789630481688772608,3809097746298949
2,0,4103,1789630481688784896,3809097746311774
2,0,4104,1789630481688798208,3809097746324694
2,0,4105,1789630481688810496,3809097746337546
2,0,4106,1789630481688823808,3809097746350469
2,0,4107,1789630481688836096,3809097746363334
2,0,4108,1789630481688849408,3809097746376172
2,0,4109,1789630481688862720,3809097746389079
2,0,4110,1789630481688875008,3809097746401926
2,0,4111,1789630481688888320,3809097746414784
2,0,4112,1789630481688900608,3809097746427659
2,0,4113,1789630481688913920,3809097746440551
2,0,4114,1789630481688926208,3809097746453453
2,0,4115,1789630481688939520,3809097746466323
2,0,4116,1789630481688952832,3809097746479239
2,0,4117,1789630481688965120,3809097746492056
2,0,4118,1789630481688978432,3809097746504934
2,0,4119,1789630481688990720,3809097746517834
2,0,4120,1789630481689004032,3809097746530702
2,0,4121,1789630481689016320,3809097746543603
2,0,4122,1789630481689029632,3809097746556499
2,0,4123,1789630481689042944,3809097746569376
2,0,4124,1789630481689055232,3809097746582226
2,0,4125,1789630481689068544,3809097746595076
2,0,4126,1789630481689080832,3809097746607921
2,0,4127,1789630481689094144,3809097746620792
2,0,4128,1789630481689106432,3809097746633691
2,0,4129,1789630481689119744,3809097746646589
2,0,4130,1789630481689133056,3809097746659446
2,0,4131,1789630481689145344,3809097746672323
2,0,4132,1789630481689158656,3809097746685209
2,0,4133,1789630481689170944,3809097746698109
2,0,4134,1789630481689184256,3809097746710964
2,0,4135,1789630481689196544,3809097746723824
2,0,4136,1789630481689209856,3809097746736674
2,0,4137,1789630481689223168,3809097746749559
2,0,4138,1789630481689235456,3809097746762434
2,0,4139,1789630481689248768,3809097746775336
2,0,4140,1789630481689261056,3809097746788213
2,0,4141,1789630481689274368,3809097746801084
2,0,4142,1789630481689286656,3809097746813933
2,0,4143,1789630481689299968,3809097746826823
2,0,4144,1789630481689313280,3809097746839799
2,0,4145,1789630481689325568,3809097746852679
2,0,4146,1789630481689338880,3809097746865594
2,0,4147,1789630481689351168,3809097746878401
2,0,4148,1789630481689364480,3809097746891324
2,0,4149,1789630481689377792,3809097746904142
2,0,4150,1789630481689390080,3809097746916999
2,0,4151,1789630481689403392,3809097746929894
2,0,4152,1789630481689415680,3809097746942736
2,0,4153,1789630481689428992,3809097746955676
2,0,4154,1789630481689441280,3809097746968514
2,0,4155,1789630481689454592,3809097746981422
2,0,4156,1789630481689467904,3809097746994273
2,0,4157,1789630481689480192,3809097747007156
2,0,4158,1789630481689493504,3809097747020033
2,0,4159,1789630481689505792,3809097747032886
2,0,4160,1789630481689519104,3809097747045776
2,0,4161,1789630481689531392,3809097747058611
2,0,4162,1789630481689544704,3809097747071486
2,0,4163,1789630481689558016,3809097747084351
2,0,4164,1789630481689570304,3809097747097274
2,0,4165,1789630481689583616,3809097747110151
2,0,4166,1789630481689595904,3809097747122961
2,0,4167,1789630481689609216,3809097747135884
2,0,4168,1789630481689621504,3809097747148759
2,0,4169,1789630481689634816,3809097747161639
2,0,4170,1789630481689648128,3809097747174502
2,0,4171,1789630481689660416,3809097747187394
2,0,4172,1789630481689673728,3809097747200242
2,0,4173,1789630481689686016,3809097747213104
2,0,4174,1789630481689699328,3809097747225994
2,0,4175,1789630481689711616,3809097747238851
2,0,4176,1789630481689724928,3809097747251721
2,0,4177,1789630481689738240,3809097747264634
2,0,4178,1789630481689750528,3809097747277513
2,0,4179,1789630481689763840,3809097747290414
2,0,4180,1789630481689776128,3809097747303269
2,0,4181,1789630481689789440,3809097747316101
2,0,4182,1789630481689801728,3809097747328949
2,0,4183,1789630481689815040,3809097747341834
2,0,4184,1789630481689828352,3809097747354726
2,0,4185,1789630481689840640,3809097747367612
2,0,4186,1789630481689853952,3809097747380522
2,0,4187,1789630481689866240,3809097747393396
2,0,4188,1789630481689879552,3809097747406243
2,0,4189,1789630481689891840,3809097747419127
2,0,4190,1789630481689905152,3809097747431994
2,0,4191,1789630481689918464,3809097747444876
2,0,4192,1789630481689930752,3809097747457744
2,0,4193,1789630481689944064,3809097747470619
2,0,4194,1789630481689956352,3809097747483502
2,0,4195,1789630481689969664,3809097747496364
2,0,4196,1789630481689981952,3809097747509224
2,0,4197,1789630481689995264,3809097747522086
2,0,4198,1789630481690008576,3809097747534965
2,0,4199,1789630481690020864,3809097747547874
2,0,4200,1789630481690034176,3809097747560722
2,0,4201,1789630481690046464,3809097747573622
2,0,4202,1789630481690059776,3809097747586462
2,0,4203,1789630481690072064,3809097747599414
2,0,4204,1789630481690085376,3809097747612254
2,0,4205,1789630481690098688,3809097747625102
2,0,4206,1789630481690110976,3809097747638013
2,0,4207,1789630481690124288,3809097747650861
2,0,4208,1789630481690136576,3809097747663742
2,0,4209,1789630481690149888,3809097747676634
2,0,4210,1789630481690163200,3809097747689579
2,0,4211,1789630481690175488,3809097747702374
2,0,4212,1789630481690188800,3809097747715275
2,0,4213,1789630481690201088,3809097747728121
2,0,4214,1789630481690214400,3809097747741004
2,0,4215,1789630481690226688,3809097747753892
2,0,4216,1789630481690240000,3809097747766762
2,0,4217,1789630481690253312,3809097747779646
2,0,4218,1789630481690265600,3809097747792502
2,0,4219,1789630481690278912,3809097747805372
2,0,4220,1789630481690291200,3809097747818219
2,0,4221,1789630481690304512,3809097747831052
2,0,4222,1789630481690316800,3809097747843943
2,0,4223,1789630481690330112,3809097747856851
2,0,4224,1789630481690342400,3809097747869796
2,0,4225,1789630481690355712,3809097747882664
2,0,4226,1789630481690369024,3809097747895566
2,0,4227,1789630481690381312,3809097747908479
2,0,4228,1789630481690394624,3809097747921336
2,0,4229,1789630481690406912,3809097747934221
2,0,4230,1789630481690420224,3809097747947074
2,0,4231,1789630481690433536,3809097747959976
2,0,4232,1789630481690445824,3809097747972886
2,0,4233,1789630481690459136,3809097747985746
2,0,4234,1789630481690471424,3809097747998659
2,0,4235,1789630481690484736,3809097748011629
2,0,4236,1789630481690498048,3809097748024484
2,0,4237,1789630481690510336,3809097748037374
2,0,4238,1789630481690523648,3809097748050254
2,0,4239,1789630481690535936,3809097748063112
2,0,4240,1789630481690549248,3809097748076004
2,0,4241,1789630481690561536,3809097748088842
2,0,4242,1789630481690574848,3809097748101712
2,0,4243,1789630481690588160,3809097748114559
2,0,4244,1789630481690600448,3809097748127422
2,0,4245,1789630481690613760,3809097748140343
2,0,4246,1789630481690626048,3809097748153214
2,0,4247,1789630481690639360,3809097748166092
2,0,4248,1789630481690651648,3809097748178969
2,0,4249,1789630481690664960,3809097748191866
2,0,4250,1789630481690678272,3809097748204754
2,0,4251,1789630481690690560,3809097748217649
2,0,4252,1789630481690703872,3809097748230496
2,0,4253,1789630481690716160,3809097748243386
2,0,4254,1789630481690729472,3809097748256301
2,0,4255,1789630481690742784,3809097748269171
2,0,4256,1789630481690755072,3809097748282042
2,0,4257,1789630481690768384,3809097748294873
2,0,4258,1789630481690780672,3809097748307764
2,0,4259,1789630481690793984,3809097748320554
2,0,4260,1789630481690806272,3809097748333469
2,0,4261,1789630481690819584,3809097748346339
2,0,4262,1789630481690831872,3809097748359201
2,0,4263,1789630481690845184,3809097748372101
2,0,4264,1789630481690858496,3809097748384999
2,0,4265,1789630481690870784,3809097748397899
2,0,4266,1789630481690884096,3809097748410743
2,0,4267,1789630481690896384,3809097748423626
2,0,4268,1789630481690909696,3809097748436489
2,0,4269,1789630481690923008,3809097748449366
2,0,4270,1789630481690935296,3809097748462250
2,0,4271,1789630481690948608,3809097748475144
2,0,4272,1789630481690960896,3809097748488021
2,0,4273,1789630481690974208,3809097748500836
2,0,4274,1789630481690986496,3809097748513702
2,0,4275,1789630481690999808,3809097748526601
2,0,4276,1789630481691013120,3809097748539524
2,0,4277,1789630481691025408,3809097748552386
2,0,4278,1789630481691038720,3809097748565264
2,0,4279,1789630481691051008,3809097748578186
2,0,4280,1789630481691064320,3809097748591039
2,0,4281,1789630481691076608,3809097748603916
2,0,4282,1789630481691089920,3809097748616784
2,0,4283,1789630481691103232,3809097748629609
2,0,4284,1789630481691115520,3809097748642576
2,0,4285,1789630481691128832,3809097748655409
2,0,4286,1789630481691141120,3809097748668376
2,0,4287,1789630481691154432,3809097748681319
2,0,4288,1789630481691167744,3809097748694224
2,0,4289,1789630481691180032,3809097748707084
2,0,4290,1789630481691193344,3809097748719951
2,0,4291,1789630481691205632,3809097748732814
2,0,4292,1789630481691218944,3809097748745699
2,0,4293,1789630481691231232,3809097748758569
2,0,4294,1789630481691244544,3809097748771465
2,0,4295,1789630481691257856,3809097748784392
2,0,4296,1789630481691270144,3809097748797284
2,0,4297,1789630481691283456,3809097748810189
2,0,4298,1789630481691295744,3809097748823174
2,0,4299,1789630481691309056,3809097748836021
2,0,4300,1789630481691322368,3809097748848914
2,0,4301,1789630481691334656,3809097748861753
2,0,4302,1789630481691347968,3809097748874656
2,0,4303,1789630481691360256,3809097748887533
2,0,4304,1789630481691373568,3809097748900424
2,0,4305,1789630481691386880,3809097748913302
2,0,4306,1789630481691399168,3809097748926154
2,0,4307,1789630481691412480,3809097748939042
2,0,4308,1789630481691424768,3809097748951919
2,0,4309,1789630481691438080,3809097748964821
2,0,4310,1789630481691450368,3809097748977675
2,0,4311,1789630481691463680,3809097748990559
2,0,4312,1789630481691476992,3809097749003424
2,0,4313,1789630481691489280,3809097749016351
2,0,4314,1789630481691502592,3809097749029214
2,0,4315,1789630481691514880,3809097749042061
2,0,4316,1789630481691528192,3809097749054936
2,0,4317,1789630481691540480,3809097749067794
2,0,4318,1789630481691553792,3809097749080654
2,0,4319,1789630481691567104,3809097749093512
2,0,4320,1789630481691579392,3809097749106409
2,0,4321,1789630481691592704,3809097749119274
2,0,4322,1789630481691604992,3809097749132092
2,0,4323,1789630481691618304,3809097749145021
2,0,4324,1789630481691630592,3809097749157921
2,0,4325,1789630481691643904,3809097749170809
2,0,4326,1789630481691657216,3809097749183699
2,0,4327,1789630481691669504,3809097749196574
2,0,4328,1789630481691682816,3809097749209444
2,0,4329,1789630481691695104,3809097749222301
2,0,4330,1789630481691708416,3809097749235092
2,0,4331,1789630481691720704,3809097749248019
2,0,4332,1789630481691734016,3809097749260955
2,0,4333,1789630481691747328,3809097749273852
2,0,4334,1789630481691759616,3809097749286704
2,0,4335,1789630481691772928,3809097749299584
2,0,4336,1789630481691785216,3809097749312489
2,0,4337,1789630481691798528,3809097749325351
2,0,4338,1789630481691811840,3809097749338214
2,0,4339,1789630481691824128,3809097749351122
2,0,4340,1789630481691837440,3809097749364124
2,0,4341,1789630481691849728,3809097749377051
2,0,4342,1789630481691863040,3809097749389919
2,0,4343,1789630481691876352,3809097749402849
2,0,4344,1789630481691888640,3809097749415644
2,0,4345,1789630481691901952,3809097749428490
2,0,4346,1789630481691914240,3809097749441373
2,0,4347,1789630481691927552,3809097749454179
2,0,4348,1789630481691939840,3809097749467049
2,0,4349,1789630481691953152,3809097749479904
2,0,4350,1789630481691966464,3809097749492854
2,0,4351,1789630481691978752,3809097749505719
2,0,4352,1789630481691992064,3809097749518596
2,0,4353,1789630481692004352,3809097749531451
2,0,4354,1789630481692017664,3809097749544309
2,0,4355,1789630481692029952,3809097749557274
2,0,4356,1789630481692043264,3809097749570162
2,0,4357,1789630481692056576,3809097749583040
2,0,4358,1789630481692068864,3809097749595948
2,0,4359,1789630481692082176,3809097749608836
2,0,4360,1789630481692094464,3809097749621636
2,0,4361,1789630481692107776,3809097749634502
2,0,4362,1789630481692120064,3809097749647372
2,0,4363,1789630481692133376,3809097749660241
2,0,4364,1789630481692146688,3809097749673116
2,0,4365,1789630481692158976,3809097749685994
2,0,4366,1789630481692172288,3809097749698866
2,0,4367,1789630481692184576,3809097749711704
2,0,4368,1789630481692197888,3809097749724563
2,0,4369,1789630481692210176,3809097749737418
2,0,4370,1789630481692223488,3809097749750250
2,0,4371,1789630481692235776,3809097749763118
2,0,4372,1789630481692249088,3809097749775972
2,0,4373,1789630481692262400,3809097749788866
2,0,4374,1789630481692274688,3809097749801752
2,0,4375,1789630481692288000,3809097749814742
2,0,4376,1789630481692300288,3809097749827611
2,0,4377,1789630481692313600,3809097749840486
2,0,4378,1789630481692326912,3809097749853343
2,0,4379,1789630481692339200,3809097749866243
2,0,4380,1789630481692352512,3809097749879124
2,0,4381,1789630481692364800,3809097749892033
2,0,4382,1789630481692378112,3809097749904952
2,0,4383,1789630481692391424,3809097749917824
2,0,4384,1789630481692403712,3809097749930662
2,0,4385,1789630481692417024,3809097749943586
2,0,4386,1789630481692429312,3809097749956476
2,0,4387,1789630481692442624,3809097749969264
2,0,4388,1789630481692454912,3809097749982096
2,0,4389,1789630481692468224,3809097749994974
2,0,4390,1789630481692480512,3809097750007868
2,0,4391,1789630481692493824,3809097750020746
2,0,4392,1789630481692507136,3809097750033592
2,0,4393,1789630481692519424,3809097750046454
2,0,4394,1789630481692532736,3809097750059344
2,0,4395,1789630481692545024,3809097750072302
2,0,4396,1789630481692558336,3809097750085158
2,0,4397,1789630481692570624,3809097750098002
2,0,4398,1789630481692583936,3809097750110888
2,0,4399,1789630481692597248,3809097750123748
2,0,4400,1789630481692609536,3809097750136624
2,0,4401,1789630481692622848,3809097750149484
2,0,4402,1789630481692635136,3809097750162384
2,0,4403,1789630481692648448,3809097750175284
2,0,4404,1789630481692661760,3809097750188177
2,0,4405,1789630481692674048,3809097750201089
2,0,4406,1789630481692687360,3809097750213908
2,0,4407,1789630481692699648,3809097750226762
2,0,4408,1789630481692712960,3809097750239586
2,0,4409,1789630481692725248,3809097750252486
2,0,4410,1789630481692738560,3809097750265369
2,0,4411,1789630481692751872,3809097750278314
2,0,4412,1789630481692764160,3809097750291194
2,0,4413,1789630481692777472,3809097750304074
2,0,4414,1789630481692789760,3809097750316964
2,0,4415,1789630481692803072,3809097750329802
2,0,4416,1789630481692815360,3809097750342704
2,0,4417,1789630481692828672,3809097750355562
2,0,4418,1789630481692841984,3809097750368444
2,0,4419,1789630481692854272,3809097750381316
2,0,4420,1789630481692867584,3809097750394188
2,0,4421,1789630481692879872,3809097750407243
2,0,4422,1789630481692893184,3809097750420134
2,0,4423,1789630481692906496,3809097750432992
2,0,4424,1789630481692918784,3809097750445844
2,0,4425,1789630481692932096,3809097750458676
2,0,4426,1789630481692944384,3809097750471586
2,0,4427,1789630481692957696,3809097750484458
2,0,4428,1789630481692969984,3809097750497354
2,0,4429,1789630481692983296,3809097750510224
2,0,4430,1789630481692996608,3809097750523108
2,0,4431,1789630481693008896,3809097750535974
2,0,4432,1789630481693021184,3809097750547916
2,0,4433,1789630481693032448,3809097750559634
2,0,4434,1789630481693044736,3809097750571342
2,0,4435,1789630481693056000,3809097750583042
2,0,4436,1789630481693068288,3809097750594753
2,0,4437,1789630481693079552,3809097750606494
2,0,4438,1789630481693090816,3809097750618201
2,0,4439,1789630481693103104,3809097750629902
2,0,4440,1789630481693114368,3809097750641608
2,0,4441,1789630481693126656,3809097750653329
2,0,4442,1789630481693137920,3809097750665036
2,0,4443,1789630481693150208,3809097750676754
2,0,4444,1789630481693161472,3809097750688454
2,0,4445,1789630481693173760,3809097750700214
2,0,4446,1789630481693185024,3809097750711876
2,0,4447,1789630481693196288,3809097750723576
2,0,4448,1789630481693208576,3809097750735284
2,0,4449,1789630481693219840,3809097750747018
2,0,4450,1789630481693232128,3809097750758728
2,0,4451,1789630481693243392,3809097750770439
2,0,4452,1789630481693255680,3809097750782151
2,0,4453,1789630481693266944,3809097750793898
2,0,4454,1789630481693278208,3809097750805585
2,0,4455,1789630481693290496,3809097750817304
2,0,4456,1789630481693301760,3809097750829005
2,0,4457,1789630481693314048,3809097750840718
2,0,4458,1789630481693325312,3809097750852441
2,0,4459,1789630481693337600,3809097750864150
2,0,4460,1789630481693348864,3809097750875864
2,0,4461,1789630481693361152,3809097750887572
2,0,4462,1789630481693372416,3809097750899413
2,0,4463,1789630481693384704,3809097750911134
2,0,4464,1789630481693395968,3809097750922844
2,0,4465,1789630481693407232,3809097750934621
2,0,4466,1789630481693419520,3809097750946294
2,0,4467,1789630481693430784,3809097750957988
2,0,4468,1789630481693443072,3809097750969794
2,0,4469,1789630481693454336,3809097750981476
2,0,4470,1789630481693466624,3809097750993201
2,0,4471,1789630481693477888,3809097751004908
2,0,4472,1789630481693490176,3809097751016623
2,0,4473,1789630481693501440,3809097751028346
2,0,4474,1789630481693512704,3809097751040054
2,0,4475,1789630481693524992,3809097751051761
2,0,4476,1789630481693536256,3809097751063476
2,0,4477,1789630481693548544,3809097751075228
2,0,4478,1789630481693559808,3809097751086914
2,0,4479,1789630481693572096,3809097751098636
2,0,4480,1789630481693583360,3809097751110351
2,0,4481,1789630481693595648,3809097751122066
2,0,4482,1789630481693606912,3809097751133794
2,0,4483,1789630481693618176,3809097751145494
2,0,4484,1789630481693630464,3809097751157274
2,0,4485,1789630481693641728,3809097751168954
2,0,4486,1789630481693654016,3809097751180718
2,0,4487,1789630481693665280,3809097751192396
2,0,4488,1789630481693677568,3809097751204101
2,0,4489,1789630481693688832,3809097751215824
2,0,4490,1789630481693701120,3809097751227528
2,0,4491,1789630481693712384,3809097751239264
2,0,4492,1789630481693723648,3809097751250983
2,0,4493,1789630481693735936,3809097751262714
2,0,4494,1789630481693747200,3809097751274421
2,0,4495,1789630481693759488,3809097751286136
2,0,4496,1789630481693770752,3809097751297852
2,0,4497,1789630481693783040,3809097751309551
2,0,4498,1789630481693794304,3809097751321266
2,0,4499,1789630481693806592,3809097751332984
2,0,4500,1789630481693817856,3809097751344751
2,0,4501,1789630481693829120,3809097751356403
2,0,4502,1789630481693841408,3809097751368114
2,0,4503,1789630481693852672,3809097751379834
2,0,4504,1789630481693864960,3809097751391562
2,0,4505,1789630481693876224,3809097751403296
2,0,4506,1789630481693888512,3809097751414958
2,0,4507,1789630481693899776,3809097751426694
2,0,4508,1789630481693911040,3809097751438401
2,0,4509,1789630481693923328,3809097751450128
2,0,4510,1789630481693934592,3809097751461838
2,0,4511,1789630481693946880,3809097751473546
2,0,4512,1789630481693958144,3809097751485284
2,0,4513,1789630481693970432,3809097751497004
2,0,4514,1789630481693981696,3809097751508721
2,0,4515,1789630481693993984,3809097751520421
2,0,4516,1789630481694005248,3809097751532109
2,0,4517,1789630481694016512,3809097751543846
2,0,4518,1789630481694028800,3809097751555528
2,0,4519,1789630481694040064,3809097751567266
2,0,4520,1789630481694052352,3809097751578951
2,0,4521,1789630481694063616,3809097751590676
2,0,4522,1789630481694075904,3809097751602378
2,0,4523,1789630481694087168,3809097751614086
2,0,4524,1789630481694098432,3809097751625796
2,0,4525,1789630481694110720,3809097751637503
2,0,4526,1789630481694121984,3809097751649234
2,0,4527,1789630481694134272,3809097751660961
2,0,4528,1789630481694145536,3809097751672671
2,0,4529,1789630481694157824,3809097751684401
2,0,4530,1789630481694169088,3809097751696108
2,0,4531,1789630481694181376,3809097751707834
2,0,4532,1789630481694192640,3809097751719538
2,0,4533,1789630481694203904,3809097751731254
2,0,4534,1789630481694216192,3809097751742954
2,0,4535,1789630481694227456,3809097751754684
2,0,4536,1789630481694239744,3809097751766376
2,0,4537,1789630481694251008,3809097751778091
2,0,4538,1789630481694263296,3809097751789798
2,0,4539,1789630481694274560,3809097751801508
2,0,4540,1789630481694285824,3809097751813236
2,0,4541,1789630481694298112,3809097751824937
2,0,4542,1789630481694309376,3809097751836669
2,0,4543,1789630481694321664,3809097751848363
2,0,4544,1789630481694332928,3809097751860076
2,0,4545,1789630481694345216,3809097751871791
2,0,4546,1789630481694356480,3809097751883504
2,0,4547,1789630481694368768,3809097751895224
2,0,4548,1789630481694380032,3809097751906981
2,0,4549,1789630481694391296,3809097751918641
2,0,4550,1789630481694403584,3809097751930364
2,0,4551,1789630481694414848,3809097751942064
2,0,4552,1789630481694427136,3809097751953778
2,0,4553,1789630481694438400,3809097751965494
2,0,4554,1789630481694450688,3809097751977259
2,0,4555,1789630481694461952,3809097751988936
2,0,4556,1789630481694474240,3809097752000636
2,0,4557,1789630481694485504,3809097752012346
2,0,4558,1789630481694496768,3809097752024016
2,0,4559,1789630481694509056,3809097752035778
2,0,4560,1789630481694520320,3809097752047418
2,0,4561,1789630481694532608,3809097752059154
2,0,4562,1789630481694543872,3809097752070875
2,0,4563,1789630481694556160,3809097752082583
2,0,4564,1789630481694567424,3809097752094292
2,0,4565,1789630481694578688,3809097752105976
2,0,4566,1789630481694590976,3809097752117676
2,0,4567,1789630481694602240,3809097752129391
2,0,4568,1789630481694614528,3809097752141108
2,0,4569,1789630481694625792,3809097752152826
2,0,4570,1789630481694638080,3809097752164536
2,0,4571,1789630481694649344,3809097752176251
2,0,4572,1789630481694660608,3809097752187994
2,0,4573,1789630481694672896,3809097752199806
2,0,4574,1789630481694684160,3809097752211510
2,0,4575,1789630481694696448,3809097752223196
2,0,4576,1789630481694707712,3809097752234923
2,0,4577,1789630481694720000,3809097752246641
2,0,4578,1789630481694731264,3809097752258388
2,0,4579,1789630481694743552,3809097752270044
2,0,4580,1789630481694754816,3809097752281746
2,0,4581,1789630481694766080,3809097752293438
2,0,4582,1789630481694778368,3809097752305144
2,0,4583,1789630481694789632,3809097752316842
2,0,4584,1789630481694801920,3809097752328553
2,0,4585,1789630481694813184,3809097752340284
2,0,4586,1789630481694825472,3809097752351974
2,0,4587,1789630481694836736,3809097752363686
2,0,4588,1789630481694848000,3809097752375376
2,0,4589,1789630481694860288,3809097752387132
2,0,4590,1789630481694871552,3809097752398801
2,0,4591,1789630481694883840,3809097752410501
2,0,4592,1789630481694895104,3809097752422194
2,0,4593,1789630481694907392,3809097752433876
2,0,4594,1789630481694918656,3809097752445608
2,0,4595,1789630481694929920,3809097752457328
2,0,4596,1789630481694942208,3809097752469014
2,0,4597,1789630481694953472,3809097752480653
2,0,4598,1789630481694965760,3809097752492389
2,0,4599,1789630481694977024,3809097752504129
2,0,4600,1789630481694989312,3809097752515793
2,0,4601,1789630481695000576,3809097752527498
2,0,4602,1789630481695011840,3809097752539221
2,0,4603,1789630481695024128,3809097752550991
2,0,4604,1789630481695035392,3809097752562621
2,0,4605,1789630481695047680,3809097752574348
2,0,4606,1789630481695058944,3809097752586024
2,0,4607,1789630481695071232,3809097752597723
2,0,4608,1789630481695082496,3809097752609451
2,0,4609,1789630481695093760,3809097752621158
2,0,4610,1789630481695106048,3809097752632852
2,0,4611,1789630481695117312,3809097752644587
2,0,4612,1789630481695129600,3809097752656311
2,0,4613,1789630481695140864,3809097752668038
2,0,4614,1789630481695153152,3809097752679812
2,0,4615,1789630481695164416,3809097752691476
2,0,4616,1789630481695176704,3809097752703361
2,0,4617,1789630481695187968,3809097752715036
2,0,4618,1789630481695200256,3809097752726811
2,0,4619,1789630481695211520,3809097752738521
2,0,4620,1789630481695223808,3809097752750406
2,0,4621,1789630481695235072,3809097752762123
2,0,4622,1789630481695247360,3809097752773818
2,0,4623,1789630481695258624,3809097752785588
2,0,4624,1789630481695269888,3809097752797283
2,0,4625,1789630481695282176,3809097752808984
2,0,4626,1789630481695293440,3809097752820696
2,0,4627,1789630481695305728,3809097752832408
2,0,4628,1789630481695316992,3809097752844101
2,0,4629,1789630481695329280,3809097752855811
2,0,4630,1789630481695340544,3809097752867504
2,0,4631,1789630481695351808,3809097752879244
2,0,4632,1789630481695364096,3809097752890954
2,0,4633,1789630481695375360,3809097752902681
2,0,4634,1789630481695387648,3809097752914371
2,0,4635,1789630481695398912,3809097752926101
2,0,4636,1789630481695411200,3809097752937814
2,0,4637,1789630481695422464,3809097752949544
2,0,4638,1789630481695434752,3809097752961288
2,0,4639,1789630481695446016,3809097752972976
2,0,4640,1789630481695457280,3809097752984704
2,0,4641,1789630481695469568,3809097752996421
2,0,4642,1789630481695480832,3809097753008074
2,0,4643,1789630481695493120,3809097753019813
2,0,4644,1789630481695504384,3809097753031544
2,0,4645,1789630481695516672,3809097753043236
2,0,4646,1789630481695527936,3809097753055101
2,0,4647,1789630481695540224,3809097753066734
2,0,4648,1789630481695551488,3809097753078499
2,0,4649,1789630481695563776,3809097753090208
2,0,4650,1789630481695575040,3809097753101914
2,0,4651,1789630481695586304,3809097753113633
2,0,4652,1789630481695598592,3809097753125346
2,0,4653,1789630481695609856,3809097753137061
2,0,4654,1789630481695622144,3809097753148776
2,0,4655,1789630481695633408,3809097753160491
2,0,4656,1789630481695645696,3809097753172461
2,0,4657,1789630481695656960,3809097753184223
2,0,4658,1789630481695669248,3809097753195974
2,0,4659,1789630481695680512,3809097753207686
2,0,4660,1789630481695692800,3809097753219404
2,0,4661,1789630481695704064,3809097753231084
2,0,4662,1789630481695716352,3809097753242758
2,0,4663,1789630481695727616,3809097753254476
2,0,4664,1789630481695738880,3809097753266186
2,0,4665,1789630481695751168,3809097753288768
2,0,4666,1789630481695762432,3809097753289606
2,0,4667,1789630481695774720,3809097753301314
2,0,4668,1789630481695785984,3809097753313024
2,0,4669,1789630481695798272,3809097753324758
2,0,4670,1789630481695809536,3809097753336621
2,0,4671,1789630481695821824,3809097753348348
2,0,4672,1789630481695833088,3809097753360052
2,0,4673,1789630481695844352,3809097753371718
2,0,4674,1789630481695856640,3809097753383444
2,0,4675,1789630481695867904,3809097753395104
2,0,4676,1789630481695880192,3809097753406828
2,0,4677,1789630481695891456,3809097753418548
2,0,4678,1789630481695903744,3809097753430250
2,0,4679,1789630481695915008,3809097753441949
2,0,4680,1789630481695926272,3809097753453648
2,0,4681,1789630481695938560,3809097753465351
2,0,4682,1789630481695949824,3809097753477083
2,0,4683,1789630481695962112,3809097753488811
2,0,4684,1789630481695973376,3809097753500503
2,0,4685,1789630481695985664,3809097753512221
2,0,4686,1789630481695996928,3809097753523911
2,0,4687,1789630481696008192,3809097753535604
2,0,4688,1789630481696020480,3809097753547298
2,0,4689,1789630481696031744,3809097753559004
2,0,4690,1789630481696044032,3809097753570652
2,0,4691,1789630481696055296,3809097753582388
2,0,4692,1789630481696067584,3809097753594086
2,0,4693,1789630481696078848,3809097753605814
2,0,4694,1789630481696090112,3809097753617521
2,0,4695,1789630481696102400,3809097753629233
2,0,4696,1789630481696113664,3809097753640941
2,0,4697,1789630481696125952,3809097753652641
2,0,4698,1789630481696137216,3809097753664372
2,0,4699,1789630481696149504,3809097753676048
2,0,4700,1789630481696160768,3809097753687764
2,0,4701,1789630481696172032,3809097753699521
2,0,4702,1789630481696184320,3809097753711254
2,0,4703,1789630481696195584,3809097753722938
2,0,4704,1789630481696207872,3809097753734601
2,0,4705,1789630481696219136,3809097753746323
2,0,4706,1789630481696231424,3809097753758008
2,0,4707,1789630481696242688,3809097753769844
2,0,4708,1789630481696254976,3809097753781492
2,0,4709,1789630481696266240,3809097753793154
2,0,4710,1789630481696277504,3809097753804891
2,0,4711,1789630481696289792,3809097753816608
2,0,4712,1789630481696301056,3809097753828314
2,0,4713,1789630481696313344,3809097753840014
2,0,4714,1789630481696324608,3809097753852001
2,0,4715,1789630481696336896,3809097753863674
2,0,4716,1789630481696348160,3809097753875326
2,0,4717,1789630481696360448,3809097753887061
2,0,4718,1789630481696371712,3809097753898716
2,0,4719,1789630481696384000,3809097753910468
2,0,4720,1789630481696395264,3809097753922184
2,0,4721,1789630481696406528,3809097753933921
2,0,4722,1789630481696418816,3809097753945636
2,0,4723,1789630481696430080,3809097753957336
2,0,4724,1789630481696442368,3809097753969058
2,0,4725,1789630481696453632,3809097753980783
2,0,4726,1789630481696465920,3809097753992459
2,0,4727,1789630481696477184,3809097754004188
2,0,4728,1789630481696488448,3809097754015884
2,0,4729,1789630481696500736,3809097754027636
2,0,4730,1789630481696512000,3809097754039304
2,0,4731,1789630481696524288,3809097754050994
2,0,4732,1789630481696535552,3809097754062703
2,0,4733,1789630481696547840,3809097754074390
2,0,4734,1789630481696559104,3809097754086064
2,0,4735,1789630481696570368,3809097754097804
2,0,4736,1789630481696582656,3809097754109514
2,0,4737,1789630481696593920,3809097754121234
2,0,4738,1789630481696606208,3809097754132941
2,0,4739,1789630481696617472,3809097754144661
2,0,4740,1789630481696629760,3809097754156358
2,0,4741,1789630481696641024,3809097754168066
2,0,4742,1789630481696653312,3809097754179796
2,0,4743,1789630481696664576,3809097754196814
2,0,4744,1789630481696675840,3809097754203216
2,0,4745,1789630481696688128,3809097754214928
2,0,4746,1789630481696699392,3809097754226588
2,0,4747,1789630481696711680,3809097754238333
2,0,4748,1789630481696722944,3809097754250068
2,0,4749,1789630481696735232,3809097754261801
2,0,4750,1789630481696746496,3809097754273401
2,0,4751,1789630481696757760,3809097754285123
2,0,4752,1789630481696770048,3809097754296861
2,0,4753,1789630481696781312,3809097754308536
2,0,4754,1789630481696793600,3809097754320258
2,0,4755,1789630481696804864,3809097754331968
2,0,4756,1789630481696817152,3809097754343670
2,0,4757,1789630481696828416,3809097754355398
2,0,4758,1789630481696839680,3809097754367121
2,0,4759,1789630481696851968,3809097754378784
2,0,4760,1789630481696863232,3809097754390528
2,0,4761,1789630481696875520,3809097754402213
2,0,4762,1789630481696886784,3809097754413886
2,0,4763,1789630481696899072,3809097754425568
2,0,4764,1789630481696910336,3809097754437276
2,0,4765,1789630481696921600,3809097754448938
2,0,4766,1789630481696933888,3809097754460646
2,0,4767,1789630481696945152,3809097754472384
2,0,4768,1789630481696957440,3809097754484118
2,0,4769,1789630481696968704,3809097754495827
2,0,4770,1789630481696980992,3809097754507526
2,0,4771,1789630481696992256,3809097754519258
2,0,4772,1789630481697003520,3809097754530959
2,0,4773,1789630481697015808,3809097754542698
2,0,4774,1789630481697027072,3809097754554674
2,0,4775,1789630481697039360,3809097754566412
2,0,4776,1789630481697051648,3809097754578126
2,0,4777,1789630481697062912,3809097754589841
2,0,4778,1789630481697074176,3809097754601554
2,0,4779,1789630481697086464,3809097754613241
2,0,4780,1789630481697097728,3809097754624961
2,0,4781,1789630481697110016,3809097754636701
2,0,4782,1789630481697121280,3809097754648409
2,0,4783,1789630481697133568,3809097754660101
2,0,4784,1789630481697144832,3809097754671814
2,0,4785,1789630481697156096,3809097754683516
2,0,4786,1789630481697168384,3809097754695254
2,0,4787,1789630481697179648,3809097754706951
2,0,4788,1789630481697191936,3809097754718848
2,0,4789,1789630481697203200,3809097754730575
2,0,4790,1789630481697215488,3809097754742271
2,0,4791,1789630481697226752,3809097754753983
2,0,4792,1789630481697239040,3809097754765694
2,0,4793,1789630481697250304,3809097754777396
2,0,4794,1789630481697262592,3809097754789118
2,0,4795,1789630481697273856,3809097754800816
2,0,4796,1789630481697285120,3809097754812544
2,0,4797,1789630481697297408,3809097754824254
2,0,4798,1789630481697308672,3809097754835944
2,0,4799,1789630481697320960,3809097754847659
2,0,4800,1789630481697332224,3809097754859370
2,0,4801,1789630481697344512,3809097754871068
2,0,4802,1789630481697355776,3809097754882791
2,0,4803,1789630481697367040,3809097754894496
2,0,4804,1789630481697379328,3809097754906209
2,0,4805,1789630481697390592,3809097754917910
2,0,4806,1789630481697402880,3809097754929634
2,0,4807,1789630481697414144,3809097754941329
2,0,4808,1789630481697426432,3809097754953042
2,0,4809,1789630481697437696,3809097754964758
2,0,4810,1789630481697449984,3809097754976488
2,0,4811,1789630481697461248,3809097754988210
2,0,4812,1789630481697472512,3809097754999923
2,0,4813,1789630481697484800,3809097755011634
2,0,4814,1789630481697496064,3809097755023469
2,0,4815,1789630481697508352,3809097755035198
2,0,4816,1789630481697519616,3809097755046908
2,0,4817,1789630481697531904,3809097755058614
2,0,4818,1789630481697543168,3809097755070336
2,0,4819,1789630481697555456,3809097755082044
2,0,4820,1789630481697566720,3809097755093766
2,0,4821,1789630481697579008,3809097755105489
2,0,4822,1789630481697590272,3809097755117264
2,0,4823,1789630481697601536,3809097755128973
2,0,4824,1789630481697613824,3809097755140694
2,0,4825,1789630481697625088,3809097755152386
2,0,4826,1789630481697637376,3809097755164101
2,0,4827,1789630481697648640,3809097755175826
2,0,4828,1789630481697660928,3809097755187524
2,0,4829,1789630481697672192,3809097755199244
2,0,4830,1789630481697684480,3809097755210946
2,0,4831,1789630481697695744,3809097755222646
2,0,4832,1789630481697707008,3809097755234361
2,0,4833,1789630481697719296,3809097755246074
2,0,4834,1789630481697730560,3809097755257861
2,0,4835,1789630481697742848,3809097755269520
2,0,4836,1789630481697754112,3809097755281248
2,0,4837,1789630481697766400,3809097755292974
2,0,4838,1789630481697777664,3809097755304686
2,0,4839,1789630481697788928,3809097755316408
2,0,4840,1789630481697801216,3809097755328111
2,0,4841,1789630481697812480,3809097755339834
2,0,4842,1789630481697824768,3809097755351534
2,0,4843,1789630481697836032,3809097755363254
2,0,4844,1789630481697848320,3809097755374962
2,0,4845,1789630481697859584,3809097755386664
2,0,4846,1789630481697871872,3809097755398394
2,0,4847,1789630481697883136,3809097755410108
2,0,4848,1789630481697894400,3809097755421824
2,0,4849,1789630481697906688,3809097755433524
2,0,4850,1789630481697917952,3809097755445246
2,0,4851,1789630481697930240,3809097755456954
2,0,4852,1789630481697941504,3809097755468668
2,0,4853,1789630481697953792,3809097755480399
2,0,4854,1789630481697965056,3809097755492124
2,0,4855,1789630481697977344,3809097755503820
2,0,4856,1789630481697988608,3809097755515551
2,0,4857,1789630481697999872,3809097755527276
2,0,4858,1789630481698012160,3809097755538993
2,0,4859,1789630481698023424,3809097755550688
2,0,4860,1789630481698035712,3809097755562388
2,0,4861,1789630481698046976,3809097755574111
2,0,4862,1789630481698059264,3809097755585810
2,0,4863,1789630481698070528,3809097755597538
2,0,4864,1789630481698081792,3809097755609233
2,0,4865,1789630481698094080,3809097755620941
2,0,4866,1789630481698105344,3809097755632653
2,0,4867,1789630481698117632,3809097755644379
2,0,4868,1789630481698128896,3809097755656101
2,0,4869,1789630481698141184,3809097755667813
2,0,4870,1789630481698152448,3809097755679536
2,0,4871,1789630481698164736,3809097755691243
2,0,4872,1789630481698176000,3809097755702944
2,0,4873,1789630481698187264,3809097755714661
2,0,4874,1789630481698199552,3809097755726388
2,0,4875,1789630481698210816,3809097755738101
2,0,4876,1789630481698223104,3809097755749813
2,0,4877,1789630481698234368,3809097755761508
2,0,4878,1789630481698246656,3809097755773236
2,0,4879,1789630481698257920,3809097755784950
2,0,4880,1789630481698269184,3809097755796666
2,0,4881,1789630481698281472,3809097755808383
2,0,4882,1789630481698292736,3809097755820083
2,0,4883,1789630481698305024,3809097755831814
2,0,4884,1789630481698316288,3809097755843518
2,0,4885,1789630481698328576,3809097755855226
2,0,4886,1789630481698339840,3809097755866934
2,0,4887,1789630481698352128,3809097755878668
2,0,4888,1789630481698363392,3809097755890361
2,0,4889,1789630481698374656,3809097755902094
2,0,4890,1789630481698386944,3809097755913801
2,0,4891,1789630481698398208,3809097755925526
2,0,4892,1789630481698410496,3809097755937269
2,0,4893,1789630481698421760,3809097755948976
2,0,4894,1789630481698434048,3809097755960699
2,0,4895,1789630481698445312,3809097755972414
2,0,4896,1789630481698457600,3809097755984128
2,0,4897,1789630481698468864,3809097755995836
2,0,4898,1789630481698480128,3809097756007536
2,0,4899,1789630481698492416,3809097756019279
2,0,4900,1789630481698503680,3809097756030964
2,0,4901,1789630481698515968,3809097756042658
2,0,4902,1789630481698527232,3809097756054366
2,0,4903,1789630481698539520,3809097756066093
2,0,4904,1789630481698550784,3809097756077788
2,0,4905,1789630481698562048,3809097756089516
2,0,4906,1789630481698574336,3809097756101209
2,0,4907,1789630481698585600,3809097756112940
2,0,4908,1789630481698597888,3809097756124663
2,0,4909,1789630481698609152,3809097756136378
2,0,4910,1789630481698621440,3809097756148073
2,0,4911,1789630481698632704,3809097756159799
2,0,4912,1789630481698644992,3809097756171501
2,0,4913,1789630481698656256,3809097756183216
2,0,4914,1789630481698667520,3809097756194938
2,0,4915,1789630481698679808,3809097756206653
2,0,4916,1789630481698691072,3809097756218366
2,0,4917,1789630481698703360,3809097756230076
2,0,4918,1789630481698714624,3809097756241790
2,0,4919,1789630481698726912,3809097756253478
2,0,4920,1789630481698738176,3809097756265203
2,0,4921,1789630481698749440,3809097756276916
2,0,4922,1789630481698761728,3809097756288620
2,0,4923,1789630481698772992,3809097756300326
2,0,4924,1789630481698785280,3809097756312048
2,0,4925,1789630481698796544,3809097756323769
2,0,4926,1789630481698808832,3809097756335466
2,0,4927,1789630481698820096,3809097756347263
2,0,4928,1789630481698832384,3809097756358998
2,0,4929,1789630481698843648,3809097756370693
2,0,4930,1789630481698854912,3809097756382416
2,0,4931,1789630481698867200,3809097756394113
2,0,4932,1789630481698878464,3809097756405818
2,0,4933,1789630481698890752,3809097756417536
2,0,4934,1789630481698902016,3809097756429252
2,0,4935,1789630481698914304,3809097756440960
2,0,4936,1789630481698925568,3809097756452676
2,0,4937,1789630481698937856,3809097756464399
2,0,4938,1789630481698949120,3809097756476092
2,0,4939,1789630481698960384,3809097756487808
2,0,4940,1789630481698972672,3809097756499520
2,0,4941,1789630481698983936,3809097756511203
2,0,4942,1789630481698996224,3809097756522936
2,0,4943,1789630481699007488,3809097756534650
2,0,4944,1789630481699019776,3809097756546513
2,0,4945,1789630481699031040,3809097756558213
2,0,4946,1789630481699043328,3809097756569913
2,0,4947,1789630481699054592,3809097756581686
2,0,4948,1789630481699065856,3809097756593338
2,0,4949,1789630481699078144,3809097756605043
2,0,4950,1789630481699089408,3809097756616709
2,0,4951,1789630481699101696,3809097756628450
2,0,4952,1789630481699112960,3809097756640153
2,0,4953,1789630481699125248,3809097756651860
2,0,4954,1789630481699136512,3809097756663588
2,0,4955,1789630481699148800,3809097756675283
2,0,4956,1789630481699160064,3809097756686998
2,0,4957,1789630481699171328,3809097756698708
2,0,4958,1789630481699183616,3809097756710433
2,0,4959,1789630481699194880,3809097756722199
2,0,4960,1789630481699207168,3809097756733858
2,0,4961,1789630481699218432,3809097756745578
2,0,4962,1789630481699230720,3809097756757283
2,0,4963,1789630481699241984,3809097756768995
2,0,4964,1789630481699253248,3809097756780726
2,0,4965,1789630481699265536,3809097756792526
2,0,4966,1789630481699276800,3809097756804256
2,0,4967,1789630481699289088,3809097756816016
2,0,4968,1789630481699300352,3809097756827716
2,0,4969,1789630481699312640,3809097756839421
2,0,4970,1789630481699323904,3809097756851166
2,0,4971,1789630481699336192,3809097756862893
2,0,4972,1789630481699347456,3809097756874613
2,0,4973,1789630481699359744,3809097756886353
2,0,4974,1789630481699371008,3809097756898053
2,0,4975,1789630481699382272,3809097756909788
2,0,4976,1789630481699394560,3809097756921626
2,0,4977,1789630481699406848,3809097756933336
2,0,4978,1789630481699418112,3809097756945021
2,0,4979,1789630481699429376,3809097756956746
2,0,4980,1789630481699441664,3809097756968450
2,0,4981,1789630481699452928,3809097756980173
2,0,4982,1789630481699465216,3809097756991889
2,0,4983,1789630481699476480,3809097757003588
2,0,4984,1789630481699488768,3809097757015350
2,0,4985,1789630481699500032,3809097757027023
2,0,4986,1789630481699511296,3809097757038723
2,0,4987,1789630481699523584,3809097757050438
2,0,4988,1789630481699534848,3809097757062138
2,0,4989,1789630481699547136,3809097757073910
2,0,4990,1789630481699558400,3809097757085570
2,0,4991,1789630481699570688,3809097757097287
2,0,4992,1789630481699581952,3809097757108986
2,0,4993,1789630481699593216,3809097757120701
2,0,4994,1789630481699605504,3809097757132423
2,0,4995,1789630481699616768,3809097757144133
2,0,4996,1789630481699629056,3809097757155836
2,0,4997,1789630481699640320,3809097757167573
2,0,4998,1789630481699652608,3809097757179268
2,0,4999,1789630481699663872,3809097757190983
2,0,5000,1789630481699676160,3809097757202732
2,0,5001,1789630481699687424,3809097757214423
2,0,5002,1789630481699698688,3809097757226151
2,0,5003,1789630481699710976,3809097757237840
2,0,5004,1789630481699722240,3809097757249543
2,0,5005,1789630481699734528,3809097757261250
2,0,5006,1789630481699745792,3809097757272963
2,0,5007,1789630481699758080,3809097757284676
2,0,5008,1789630481699769344,3809097757296386
2,0,5009,1789630481699780608,3809097757308111
2,0,5010,1789630481699792896,3809097757319840
2,0,5011,1789630481699804160,3809097757331533
2,0,5012,1789630481699816448,3809097757343233
2,0,5013,1789630481699827712,3809097757354953
2,0,5014,1789630481699840000,3809097757366658
2,0,5015,1789630481699851264,3809097757378383
2,0,5016,1789630481699863552,3809097757390108
2,0,5017,1789630481699874816,3809097757401838
2,0,5018,1789630481699886080,3809097757413546
2,0,5019,1789630481699898368,3809097757425268
2,0,5020,1789630481699909632,3809097757436966
2,0,5021,1789630481699921920,3809097757448668
2,0,5022,1789630481699933184,3809097757460388
2,0,5023,1789630481699945472,3809097757472090
2,0,5024,1789630481699956736,3809097757483812
2,0,5025,1789630481699969024,3809097757495513
2,0,5026,1789630481699980288,3809097757507283
2,0,5027,1789630481699991552,3809097757519003
2,0,5028,1789630481700003840,3809097757530703
2,0,5029,1789630481700015104,3809097757542438
2,0,5030,1789630481700027392,3809097757554141
2,0,5031,1789630481700038656,3809097757565863
2,0,5032,1789630481700050944,3809097757577572
2,0,5033,1789630481700062208,3809097757589286
2,0,5034,1789630481700074496,3809097757601003
2,0,5035,1789630481700085760,3809097757612713
2,0,5036,1789630481700097024,3809097757624453
2,0,5037,1789630481700109312,3809097757636133
2,0,5038,1789630481700120576,3809097757647839
2,0,5039,1789630481700132864,3809097757659546
2,0,5040,1789630481700144128,3809097757671256
2,0,5041,1789630481700156416,3809097757682961
2,0,5042,1789630481700167680,3809097757694673
2,0,5043,1789630481700178944,3809097757706383
2,0,5044,1789630481700191232,3809097757718083
2,0,5045,1789630481700202496,3809097757729803
2,0,5046,1789630481700214784,3809097757741470
2,0,5047,1789630481700226048,3809097757753184
2,0,5048,1789630481700238336,3809097757764903
2,0,5049,1789630481700249600,3809097757776613
2,0,5050,1789630481700260864,3809097757788321
2,0,5051,1789630481700273152,3809097757800076
2,0,5052,1789630481700284416,3809097757811751
2,0,5053,1789630481700296704,3809097757823458
2,0,5054,1789630481700307968,3809097757835173
2,0,5055,1789630481700320256,3809097757846893
2,0,5056,1789630481700331520,3809097757858612
2,0,5057,1789630481700343808,3809097757870296
2,0,5058,1789630481700355072,3809097757882033
2,0,5059,1789630481700366336,3809097757893743
2,0,5060,1789630481700378624,3809097757905460
2,0,5061,1789630481700389888,3809097757917316
2,0,5062,1789630481700402176,3809097757928976
2,0,5063,1789630481700413440,3809097757940676
2,0,5064,1789630481700425728,3809097757952406
2,0,5065,1789630481700436992,3809097757964160
2,0,5066,1789630481700449280,3809097757975821
2,0,5067,1789630481700460544,3809097757987551
2,0,5068,1789630481700471808,3809097757999258
2,0,5069,1789630481700484096,3809097758010966
2,0,5070,1789630481700495360,3809097758022688
2,0,5071,1789630481700507648,3809097758034452
2,0,5072,1789630481700518912,3809097758046118
2,0,5073,1789630481700531200,3809097758057841
2,0,5074,1789630481700542464,3809097758069541
2,0,5075,1789630481700554752,3809097758081253
2,0,5076,1789630481700566016,3809097758092963
2,0,5077,1789630481700577280,3809097758104693
2,0,5078,1789630481700589568,3809097758116416
2,0,5079,1789630481700600832,3809097758128113
2,0,5080,1789630481700613120,3809097758139833
2,0,5081,1789630481700624384,3809097758151553
2,0,5082,1789630481700636672,3809097758163269
2,0,5083,1789630481700647936,3809097758174983
2,0,5084,1789630481700659200,3809097758186713
2,0,5085,1789630481700671488,3809097758198406
2,0,5086,1789630481700682752,3809097758210124
2,0,5087,1789630481700695040,3809097758221821
2,0,5088,1789630481700706304,3809097758233549
2,0,5089,1789630481700718592,3809097758245263
2,0,5090,1789630481700729856,3809097758256986
2,0,5091,1789630481700742144,3809097758268682
2,0,5092,1789630481700753408,3809097758280418
2,0,5093,1789630481700764672,3809097758292123
2,0,5094,1789630481700776960,3809097758303878
2,0,5095,1789630481700788224,3809097758315558
2,0,5096,1789630481700800512,3809097758327258
2,0,5097,1789630481700811776,3809097758338978
2,0,5098,1789630481700824064,3809097758350704
2,0,5099,1789630481700835328,3809097758362401
2,0,5100,1789630481700846592,3809097758374121
2,0,5101,1789630481700858880,3809097758385823
2,0,5102,1789630481700870144,3809097758397563
2,0,5103,1789630481700882432,3809097758409306
2,0,5104,1789630481700893696,3809097758420990
2,0,5105,1789630481700905984,3809097758432703
2,0,5106,1789630481700917248,3809097758444416
2,0,5107,1789630481700929536,3809097758456120
2,0,5108,1789630481700940800,3809097758467852
2,0,5109,1789630481700952064,3809097758479551
2,0,5110,1789630481700964352,3809097758491283
2,0,5111,1789630481700975616,3809097758502983
2,0,5112,1789630481700987904,3809097758514686
2,0,5113,1789630481700999168,3809097758526393
2,0,5114,1789630481701011456,3809097758538118
2,0,5115,1789630481701022720,3809097758549818
2,0,5116,1789630481701035008,3809097758561519
2,0,5117,1789630481701046272,3809097758573246
2,0,5118,1789630481701057536,3809097758584949
2,0,5119,1789630481701069824,3809097758596671
2,0,5120,1789630481701081088,3809097758608383
2,0,5121,1789630481701093376,3809097758620111
2,0,5122,1789630481701104640,3809097758631953
2,0,5123,1789630481701116928,3809097758643666
2,0,5124,1789630481701128192,3809097758655373
2,0,5125,1789630481701140480,3809097758667088
2,0,5126,1789630481701151744,3809097758678786
2,0,5127,1789630481701163008,3809097758690498
2,0,5128,1789630481701175296,3809097758702211
2,0,5129,1789630481701186560,3809097758713923
2,0,5130,1789630481701198848,3809097758725640
2,0,5131,1789630481701210112,3809097758737362
2,0,5132,1789630481701222400,3809097758749070
2,0,5133,1789630481701233664,3809097758760770
2,0,5134,1789630481701245952,3809097758772486
2,0,5135,1789630481701257216,3809097758784178
2,0,5136,1789630481701268480,3809097758795900
2,0,5137,1789630481701280768,3809097758807608
2,0,5138,1789630481701292032,3809097758819338
2,0,5139,1789630481701304320,3809097758831038
2,0,5140,1789630481701315584,3809097758842767
2,0,5141,1789630481701327872,3809097758854483
2,0,5142,1789630481701339136,3809097758866191
2,0,5143,1789630481701350400,3809097758877903
2,0,5144,1789630481701362688,3809097758889676
2,0,5145,1789630481701373952,3809097758901350
2,0,5146,1789630481701386240,3809097758913050
2,0,5147,1789630481701397504,3809097758924773
2,0,5148,1789630481701409792,3809097758936473
2,0,5149,1789630481701421056,3809097758948186
2,0,5150,1789630481701433344,3809097758959893
2,0,5151,1789630481701444608,3809097758971623
2,0,5152,1789630481701455872,3809097758983333
2,0,5153,1789630481701468160,3809097758995071
2,0,5154,1789630481701479424,3809097759006763
2,0,5155,1789630481701491712,3809097759018476
2,0,5156,1789630481701502976,3809097759030186
2,0,5157,1789630481701515264,3809097759041956
2,0,5158,1789630481701526528,3809097759053628
2,0,5159,1789630481701538816,3809097759065353
2,0,5160,1789630481701550080,3809097759077076
2,0,5161,1789630481701561344,3809097759088776
2,0,5162,1789630481701573632,3809097759100532
2,0,5163,1789630481701584896,3809097759112188
2,0,5164,1789630481701597184,3809097759123898
2,0,5165,1789630481701608448,3809097759135593
2,0,5166,1789630481701620736,3809097759147308
2,0,5167,1789630481701632000,3809097759159013
2,0,5168,1789630481701643264,3809097759170740
2,0,5169,1789630481701655552,3809097759182443
2,0,5170,1789630481701666816,3809097759194172
2,0,5171,1789630481701679104,3809097759205884
2,0,5172,1789630481701690368,3809097759217589
2,0,5173,1789630481701702656,3809097759229306
2,0,5174,1789630481701713920,3809097759241036
2,0,5175,1789630481701726208,3809097759252893
2,0,5176,1789630481701737472,3809097759264575
2,0,5177,1789630481701749760,3809097759276303
2,0,5178,1789630481701761024,3809097759288021
2,0,5179,1789630481701772288,3809097759299788
2,0,5180,1789630481701784576,3809097759311503
2,0,5181,1789630481701795840,3809097759323241
2,0,5182,1789630481701808128,3809097759334944
2,0,5183,1789630481701819392,3809097759346643
2,0,5184,1789630481701831680,3809097759358363
2,0,5185,1789630481701842944,3809097759370071
2,0,5186,1789630481701855232,3809097759381770
2,0,5187,1789630481701866496,3809097759393496
2,0,5188,1789630481701877760,3809097759405216
2,0,5189,1789630481701890048,3809097759416933
2,0,5190,1789630481701901312,3809097759428646
2,0,5191,1789630481701913600,3809097759440368
2,0,5192,1789630481701924864,3809097759452043
2,0,5193,1789630481701937152,3809097759463743
2,0,5194,1789630481701948416,3809097759475453
2,0,5195,1789630481701959680,3809097759487160
2,0,5196,1789630481701971968,3809097759498873
2,0,5197,1789630481701983232,3809097759510588
2,0,5198,1789630481701995520,3809097759522309
2,0,5199,1789630481702006784,3809097759534020
2,0,5200,1789630481702019072,3809097759545711
2,0,5201,1789630481702030336,3809097759557421
2,0,5202,1789630481702041600,3809097759569136
2,0,5203,1789630481702053888,3809097759580850
2,0,5204,1789630481702065152,3809097759592566
2,0,5205,1789630481702077440,3809097759604286
2,0,5206,1789630481702088704,3809097759615996
2,0,5207,1789630481702100992,3809097759627723
2,0,5208,1789630481702112256,3809097759639426
2,0,5209,1789630481702124544,3809097759651154
2,0,5210,1789630481702135808,3809097759662860
2,0,5211,1789630481702147072,3809097759674563
2,0,5212,1789630481702159360,3809097759686286
2,0,5213,1789630481702170624,3809097759697996
2,0,5214,1789630481702182912,3809097759709783
2,0,5215,1789630481702194176,3809097759721510
2,0,5216,1789630481702206464,3809097759733213
2,0,5217,1789630481702217728,3809097759744923
2,0,5218,1789630481702230016,3809097759756636
2,0,5219,1789630481702241280,3809097759768363
2,0,5220,1789630481702252544,3809097759780096
2,0,5221,1789630481702264832,3809097759791786
2,0,5222,1789630481702276096,3809097759803496
2,0,5223,1789630481702288384,3809097759815196
2,0,5224,1789630481702299648,3809097759826918
2,0,5225,1789630481702311936,3809097759838623
2,0,5226,1789630481702323200,3809097759850349
2,0,5227,1789630481702335488,3809097759862026
2,0,5228,1789630481702346752,3809097759873796
2,0,5229,1789630481702358016,3809097759885441
2,0,5230,1789630481702370304,3809097759897150
2,0,5231,1789630481702381568,3809097759908861
2,0,5232,1789630481702393856,3809097759920558
2,0,5233,1789630481702405120,3809097759932261
2,0,5234,1789630481702417408,3809097759943970
2,0,5235,1789630481702428672,3809097759955663
2,0,5236,1789630481702439936,3809097759967379
2,0,5237,1789630481702452224,3809097759979093
2,0,5238,1789630481702463488,3809097759990828
2,0,5239,1789630481702475776,3809097760002523
2,0,5240,1789630481702487040,3809097760014273
2,0,5241,1789630481702499328,3809097760025961
2,0,5242,1789630481702510592,3809097760037660
2,0,5243,1789630481702521856,3809097760049386
2,0,5244,1789630481702534144,3809097760061116
2,0,5245,1789630481702545408,3809097760072846
2,0,5246,1789630481702557696,3809097760084550
2,0,5247,1789630481702568960,3809097760096252
2,0,5248,1789630481702581248,3809097760107966
2,0,5249,1789630481702592512,3809097760119688
2,0,5250,1789630481702604800,3809097760131450
2,0,5251,1789630481702616064,3809097760143098
2,0,5252,1789630481702627328,3809097760154821
2,0,5253,1789630481702639616,3809097760166523
2,0,5254,1789630481702650880,3809097760178239
2,0,5255,1789630481702663168,3809097760189958
2,0,5256,1789630481702674432,3809097760201653
2,0,5257,1789630481702686720,3809097760213372
2,0,5258,1789630481702697984,3809097760225093
2,0,5259,1789630481702709248,3809097760236840
2,0,5260,1789630481702721536,3809097760248536
2,0,5261,1789630481702732800,3809097760260243
2,0,5262,1789630481702745088,3809097760288693
2,0,5263,1789630481702756352,3809097760288693
2,0,5264,1789630481702768640,3809097760295382
2,0,5265,1789630481702779904,3809097760307092
2,0,5266,1789630481702792192,3809097760318793
2,0,5267,1789630481702803456,3809097760330514
2,0,5268,1789630481702814720,3809097760342276
2,0,5269,1789630481702827008,3809097760353943
2,0,5270,1789630481702838272,3809097760365683
2,0,5271,1789630481702850560,3809097760377373
2,0,5272,1789630481702861824,3809097760389073
2,0,5273,1789630481702874112,3809097760400788
2,0,5274,1789630481702885376,3809097760412493
2,0,5275,1789630481702897664,3809097760424218
2,0,5276,1789630481702908928,3809097760435950
2,0,5277,1789630481702920192,3809097760447653
2,0,5278,1789630481702932480,3809097760459378
2,0,5279,1789630481702943744,3809097760471093
2,0,5280,1789630481702956032,3809097760482793
2,0,5281,1789630481702967296,3809097760494508
2,0,5282,1789630481702979584,3809097760506219
2,0,5283,1789630481702990848,3809097760517933
2,0,5284,1789630481703002112,3809097760529653
2,0,5285,1789630481703014400,3809097760541361
2,0,5286,1789630481703025664,3809097760553069
2,0,5287,1789630481703037952,3809097760564790
2,0,5288,1789630481703049216,3809097760576492
2,0,5289,1789630481703061504,3809097760588220
2,0,5290,1789630481703072768,3809097760599920
2,0,5291,1789630481703085056,3809097760611636
2,0,5292,1789630481703096320,3809097760623339
2,0,5293,1789630481703107584,3809097760635045
2,0,5294,1789630481703119872,3809097760646751
2,0,5295,1789630481703131136,3809097760658469
2,0,5296,1789630481703143424,3809097760670151
2,0,5297,1789630481703154688,3809097760681866
2,0,5298,1789630481703166976,3809097760693583
2,0,5299,1789630481703178240,3809097760705283
2,0,5300,1789630481703189504,3809097760717052
2,0,5301,1789630481703201792,3809097760728706
2,0,5302,1789630481703213056,3809097760740410
2,0,5303,1789630481703225344,3809097760752147
2,0,5304,1789630481703236608,3809097760763871
2,0,5305,1789630481703248896,3809097760775570
2,0,5306,1789630481703260160,3809097760787301
2,0,5307,1789630481703272448,3809097760799016
2,0,5308,1789630481703283712,3809097760810713
2,0,5309,1789630481703294976,3809097760822436
2,0,5310,1789630481703307264,3809097760834148
2,0,5311,1789630481703318528,3809097760845843
2,0,5312,1789630481703330816,3809097760857543
2,0,5313,1789630481703342080,3809097760869269
2,0,5314,1789630481703354368,3809097760880996
2,0,5315,1789630481703365632,3809097760892692
2,0,5316,1789630481703376896,3809097760904390
2,0,5317,1789630481703389184,3809097760916113
2,0,5318,1789630481703400448,3809097760927843
2,0,5319,1789630481703412736,3809097760939542
2,0,5320,1789630481703424000,3809097760951273
2,0,5321,1789630481703436288,3809097760962976
2,0,5322,1789630481703447552,3809097760974735
2,0,5323,1789630481703459840,3809097760986396
2,0,5324,1789630481703471104,3809097760998150
2,0,5325,1789630481703482368,3809097761009813
2,0,5326,1789630481703494656,3809097761021540
2,0,5327,1789630481703505920,3809097761033241
2,0,5328,1789630481703518208,3809097761044949
2,0,5329,1789630481703529472,3809097761056648
2,0,5330,1789630481703541760,3809097761068370
2,0,5331,1789630481703553024,3809097761080100
2,0,5332,1789630481703564288,3809097761091800
2,0,5333,1789630481703576576,3809097761103666
2,0,5334,1789630481703587840,3809097761115372
2,0,5335,1789630481703600128,3809097761127083
2,0,5336,1789630481703611392,3809097761138766
2,0,5337,1789630481703623680,3809097761150511
2,0,5338,1789630481703634944,3809097761162226
2,0,5339,1789630481703647232,3809097761173941
2,0,5340,1789630481703658496,3809097761185658
2,0,5341,1789630481703670784,3809097761197368
2,0,5342,1789630481703682048,3809097761209093
2,0,5343,1789630481703693312,3809097761220809
2,0,5344,1789630481703705600,3809097761232555
2,0,5345,1789630481703716864,3809097761244239
2,0,5346,1789630481703729152,3809097761255983
2,0,5347,1789630481703740416,3809097761267668
2,0,5348,1789630481703752704,3809097761279383
2,0,5349,1789630481703763968,3809097761291123
2,0,5350,1789630481703776256,3809097761302840
2,0,5351,1789630481703787520,3809097761314558
2,0,5352,1789630481703798784,3809097761326273
2,0,5353,1789630481703811072,3809097761337989
2,0,5354,1789630481703822336,3809097761349785
2,0,5355,1789630481703834624,3809097761361498
2,0,5356,1789630481703845888,3809097761373212
2,0,5357,1789630481703858176,3809097761384923
2,0,5358,1789630481703869440,3809097761396685
2,0,5359,1789630481703881728,3809097761408375
2,0,5360,1789630481703892992,3809097761420113
2,0,5361,1789630481703904256,3809097761431821
2,0,5362,1789630481703916544,3809097761443520
2,0,5363,1789630481703927808,3809097761455372
2,0,5364,1789630481703940096,3809097761467071
2,0,5365,1789630481703951360,3809097761478788
2,0,5366,1789630481703963648,3809097761490485
2,0,5367,1789630481703974912,3809097761502215
2,0,5368,1789630481703987200,3809097761513938
2,0,5369,1789630481703998464,3809097761525642
2,0,5370,1789630481704010752,3809097761537335
2,0,5371,1789630481704022016,3809097761549033
2,0,5372,1789630481704033280,3809097761560760
2,0,5373,1789630481704045568,3809097761572482
2,0,5374,1789630481704056832,3809097761584198
2,0,5375,1789630481704069120,3809097761595903
2,0,5376,1789630481704080384,3809097761607628
2,0,5377,1789630481704092672,3809097761619324
2,0,5378,1789630481704103936,3809097761631035
2,0,5379,1789630481704115200,3809097761642743
2,0,5380,1789630481704127488,3809097761654459
2,0,5381,1789630481704138752,3809097761666163
2,0,5382,1789630481704151040,3809097761677882
2,0,5383,1789630481704162304,3809097761689602
2,0,5384,1789630481704174592,3809097761701308
2,0,5385,1789630481704185856,3809097761713018
2,0,5386,1789630481704198144,3809097761724740
2,0,5387,1789630481704209408,3809097761736495
2,0,5388,1789630481704220672,3809097761748225
2,0,5389,1789630481704232960,3809097761759908
2,0,5390,1789630481704244224,3809097761771613
2,0,5391,1789630481704256512,3809097761783315
2,0,5392,1789630481704267776,3809097761795023
2,0,5393,1789630481704280064,3809097761806735
2,0,5394,1789630481704291328,3809097761818460
2,0,5395,1789630481704302592,3809097761830178
2,0,5396,1789630481704314880,3809097761841890
2,0,5397,1789630481704326144,3809097761853603
2,0,5398,1789630481704338432,3809097761865312
2,0,5399,1789630481704349696,3809097761877028
2,0,5400,1789630481704361984,3809097761888735
2,0,5401,1789630481704373248,3809097761900435
2,0,5402,1789630481704385536,3809097761912151
2,0,5403,1789630481704396800,3809097761923871
2,0,5404,1789630481704408064,3809097761935572
2,0,5405,1789630481704420352,3809097761947288
2,0,5406,1789630481704431616,3809097761958983
2,0,5407,1789630481704443904,3809097761970718
2,0,5408,1789630481704455168,3809097761982418
2,0,5409,1789630481704467456,3809097761994123
2,0,5410,1789630481704478720,3809097762005873
2,0,5411,1789630481704491008,3809097762017568
2,0,5412,1789630481704502272,3809097762029299
2,0,5413,1789630481704513536,3809097762041000
2,0,5414,1789630481704525824,3809097762052732
2,0,5415,1789630481704537088,3809097762064400
2,0,5416,1789630481704549376,3809097762076133
2,0,5417,1789630481704560640,3809097762087835
2,0,5418,1789630481704572928,3809097762099601
2,0,5419,1789630481704584192,3809097762111269
2,0,5420,1789630481704595456,3809097762122972
2,0,5421,1789630481704607744,3809097762134723
2,0,5422,1789630481704619008,3809097762146383
2,0,5423,1789630481704631296,3809097762158098
2,0,5424,1789630481704642560,3809097762169813
2,0,5425,1789630481704654848,3809097762181529
2,0,5426,1789630481704666112,3809097762197176
2,0,5427,1789630481704677376,3809097762204973
2,0,5428,1789630481704689664,3809097762216685
2,0,5429,1789630481704700928,3809097762228403
2,0,5430,1789630481704713216,3809097762240126
2,0,5431,1789630481704724480,3809097762251879
2,0,5432,1789630481704736768,3809097762263525
2,0,5433,1789630481704748032,3809097762275238
2,0,5434,1789630481704760320,3809097762286948
2,0,5435,1789630481704771584,3809097762298663
2,0,5436,1789630481704782848,3809097762310414
2,0,5437,1789630481704795136,3809097762322085
2,0,5438,1789630481704806400,3809097762333856
2,0,5439,1789630481704818688,3809097762345516
2,0,5440,1789630481704829952,3809097762357264
2,0,5441,1789630481704842240,3809097762368934
2,0,5442,1789630481704853504,3809097762380639
2,0,5443,1789630481704864768,3809097762392401
2,0,5444,1789630481704877056,3809097762404076
2,0,5445,1789630481704888320,3809097762415785
2,0,5446,1789630481704900608,3809097762427519
2,0,5447,1789630481704911872,3809097762439221
2,0,5448,1789630481704924160,3809097762450933
2,0,5449,1789630481704935424,3809097762462652
2,0,5450,1789630481704947712,3809097762474335
2,0,5451,1789630481704958976,3809097762486043
2,0,5452,1789630481704970240,3809097762497793
2,0,5453,1789630481704982528,3809097762509551
2,0,5454,1789630481704993792,3809097762521212
2,0,5455,1789630481705006080,3809097762532933
2,0,5456,1789630481705017344,3809097762544634
2,0,5457,1789630481705029632,3809097762556365
2,0,5458,1789630481705040896,3809097762568078
2,0,5459,1789630481705053184,3809097762579816
2,0,5460,1789630481705064448,3809097762591516
2,0,5461,1789630481705075712,3809097762603236
2,0,5462,1789630481705088000,3809097762614941
2,0,5463,1789630481705099264,3809097762626673
2,0,5464,1789630481705111552,3809097762638376
2,0,5465,1789630481705122816,3809097762650103
2,0,5466,1789630481705135104,3809097762661852
2,0,5467,1789630481705146368,3809097762673558
2,0,5468,1789630481705158656,3809097762685332
2,0,5469,1789630481705169920,3809097762697052
2,0,5470,1789630481705181184,3809097762708711
2,0,5471,1789630481705193472,3809097762720441
2,0,5472,1789630481705204736,3809097762732141
2,0,5473,1789630481705217024,3809097762743868
2,0,5474,1789630481705228288,3809097762755573
2,0,5475,1789630481705240576,3809097762767296
2,0,5476,1789630481705251840,3809097762778972
2,0,5477,1789630481705263104,3809097762790703
2,0,5478,1789630481705275392,3809097762802416
2,0,5479,1789630481705286656,3809097762814138
2,0,5480,1789630481705298944,3809097762825854
2,0,5481,1789630481705310208,3809097762837574
2,0,5482,1789630481705322496,3809097762849308
2,0,5483,1789630481705333760,3809097762861021
2,0,5484,1789630481705346048,3809097762872758
2,0,5485,1789630481705357312,3809097762884466
2,0,5486,1789630481705368576,3809097762896185
2,0,5487,1789630481705380864,3809097762907943
2,0,5488,1789630481705392128,3809097762919641
2,0,5489,1789630481705404416,3809097762931364
2,0,5490,1789630481705415680,3809097762943071
2,0,5491,1789630481705427968,3809097762954793
2,0,5492,1789630481705439232,3809097762966553
2,0,5493,1789630481705451520,3809097762978271
2,0,5494,1789630481705462784,3809097762989961
2,0,5495,1789630481705474048,3809097763001666
2,0,5496,1789630481705486336,3809097763013511
2,0,5497,1789630481705498624,3809097763025226
2,0,5498,1789630481705509888,3809097763036965
2,0,5499,1789630481705521152,3809097763048701
2,0,5500,1789630481705533440,3809097763060433
2,0,5501,1789630481705544704,3809097763072133
2,0,5502,1789630481705556992,3809097763083853
2,0,5503,1789630481705568256,3809097763095591
2,0,5504,1789630481705580544,3809097763107313
2,0,5505,1789630481705591808,3809097763119043
2,0,5506,1789630481705604096,3809097763130758
2,0,5507,1789630481705615360,3809097763142479
2,0,5508,1789630481705626624,3809097763154193
2,0,5509,1789630481705638912,3809097763165905
2,0,5510,1789630481705650176,3809097763177612
2,0,5511,1789630481705662464,3809097763189327
2,0,5512,1789630481705673728,3809097763201041
2,0,5513,1789630481705686016,3809097763212756
2,0,5514,1789630481705697280,3809097763224498
2,0,5515,1789630481705709568,3809097763236208
2,0,5516,1789630481705720832,3809097763247935
2,0,5517,1789630481705732096,3809097763259701
2,0,5518,1789630481705744384,3809097763271362
2,0,5519,1789630481705755648,3809097763283098
2,0,5520,1789630481705767936,3809097763294808
2,0,5521,1789630481705779200,3809097763306561
2,0,5522,1789630481705791488,3809097763318252
2,0,5523,1789630481705802752,3809097763329973
2,0,5524,1789630481705815040,3809097763341696
2,0,5525,1789630481705826304,3809097763353536
2,0,5526,1789630481705838592,3809097763365243
2,0,5527,1789630481705849856,3809097763376973
2,0,5528,1789630481705861120,3809097763388705
2,0,5529,1789630481705873408,3809097763400443
2,0,5530,1789630481705884672,3809097763412163
2,0,5531,1789630481705896960,3809097763423905
2,0,5532,1789630481705908224,3809097763435623
2,0,5533,1789630481705920512,3809097763447408
2,0,5534,1789630481705931776,3809097763459094
2,0,5535,1789630481705944064,3809097763470801
2,0,5536,1789630481705955328,3809097763482515
2,0,5537,1789630481705967616,3809097763494238
2,0,5538,1789630481705978880,3809097763505944
2,0,5539,1789630481705990144,3809097763517668
2,0,5540,1789630481706002432,3809097763529365
2,0,5541,1789630481706013696,3809097763541108
2,0,5542,1789630481706025984,3809097763552842
2,0,5543,1789630481706037248,3809097763564563
2,0,5544,1789630481706049536,3809097763576293
2,0,5545,1789630481706060800,3809097763588025
2,0,5546,1789630481706073088,3809097763599778
2,0,5547,1789630481706084352,3809097763611508
2,0,5548,1789630481706095616,3809097763623212
2,0,5549,1789630481706107904,3809097763634946
2,0,5550,1789630481706119168,3809097763646661
2,0,5551,1789630481706131456,3809097763658415
2,0,5552,1789630481706142720,3809097763670095
2,0,5553,1789630481706155008,3809097763681843
2,0,5554,1789630481706166272,3809097763693551
2,0,5555,1789630481706178560,3809097763705271
2,0,5556,1789630481706189824,3809097763716988
2,0,5557,1789630481706201088,3809097763728704
2,0,5558,1789630481706213376,3809097763740433
2,0,5559,1789630481706224640,3809097763752133
2,0,5560,1789630481706236928,3809097763763863
2,0,5561,1789630481706248192,3809097763775573
2,0,5562,1789630481706260480,3809097763787295
2,0,5563,1789630481706271744,3809097763799055
2,0,5564,1789630481706284032,3809097763810736
2,0,5565,1789630481706295296,3809097763822513
2,0,5566,1789630481706306560,3809097763834191
2,0,5567,1789630481706318848,3809097763845913
2,0,5568,1789630481706330112,3809097763857658
2,0,5569,1789630481706342400,3809097763869463
2,0,5570,1789630481706353664,3809097763881185
2,0,5571,1789630481706365952,3809097763892894
2,0,5572,1789630481706377216,3809097763904686
2,0,5573,1789630481706389504,3809097763916345
2,0,5574,1789630481706400768,3809097763928068
2,0,5575,1789630481706413056,3809097763939793
2,0,5576,1789630481706424320,3809097763951524
2,0,5577,1789630481706436608,3809097763963251
2,0,5578,1789630481706447872,3809097763974966
2,0,5579,1789630481706459136,3809097763986713
2,0,5580,1789630481706471424,3809097763998433
2,0,5581,1789630481706482688,3809097764010174
2,0,5582,1789630481706494976,3809097764021903
2,0,5583,1789630481706506240,3809097764033616
2,0,5584,1789630481706518528,3809097764045358
2,0,5585,1789630481706529792,3809097764057061
2,0,5586,1789630481706542080,3809097764068745
2,0,5587,1789630481706553344,3809097764080468
2,0,5588,1789630481706564608,3809097764092198
2,0,5589,1789630481706576896,3809097764103891
2,0,5590,1789630481706588160,3809097764115743
2,0,5591,1789630481706600448,3809097764127463
2,0,5592,1789630481706611712,3809097764139196
2,0,5593,1789630481706624000,3809097764150923
2,0,5594,1789630481706635264,3809097764162624
2,0,5595,1789630481706647552,3809097764174333
2,0,5596,1789630481706658816,3809097764186061
2,0,5597,1789630481706671104,3809097764197743
2,0,5598,1789630481706682368,3809097764209478
2,0,5599,1789630481706693632,3809097764221175
2,0,5600,1789630481706705920,3809097764232883
2,0,5601,1789630481706717184,3809097764244591
2,0,5602,1789630481706729472,3809097764256313
2,0,5603,1789630481706740736,3809097764268003
2,0,5604,1789630481706753024,3809097764279786
2,0,5605,1789630481706764288,3809097764291495
2,0,5606,1789630481706776576,3809097764303218
2,0,5607,1789630481706787840,3809097764314924
2,0,5608,1789630481706799104,3809097764326648
2,0,5609,1789630481706811392,3809097764338341
2,0,5610,1789630481706822656,3809097764350071
2,0,5611,1789630481706834944,3809097764361771
2,0,5612,1789630481706846208,3809097764373504
2,0,5613,1789630481706858496,3809097764385213
2,0,5614,1789630481706869760,3809097764396908
2,0,5615,1789630481706881024,3809097764408623
2,0,5616,1789630481706893312,3809097764420353
2,0,5617,1789630481706904576,3809097764432073
2,0,5618,1789630481706916864,3809097764443808
2,0,5619,1789630481706928128,3809097764455483
2,0,5620,1789630481706940416,3809097764467250
2,0,5621,1789630481706951680,3809097764478983
2,0,5622,1789630481706963968,3809097764490658
2,0,5623,1789630481706975232,3809097764502358
2,0,5624,1789630481706986496,3809097764514088
2,0,5625,1789630481706998784,3809097764525803
2,0,5626,1789630481707010048,3809097764537518
2,0,5627,1789630481707022336,3809097764549232
2,0,5628,1789630481707033600,3809097764560948
2,0,5629,1789630481707045888,3809097764572803
2,0,5630,1789630481707057152,3809097764584514
2,0,5631,1789630481707069440,3809097764596221
2,0,5632,1789630481707080704,3809097764607935
2,0,5633,1789630481707092992,3809097764619650
2,0,5634,1789630481707104256,3809097764631365
2,0,5635,1789630481707115520,3809097764643088
2,0,5636,1789630481707127808,3809097764654803
2,0,5637,1789630481707139072,3809097764666510
2,0,5638,1789630481707151360,3809097764678238
2,0,5639,1789630481707162624,3809097764689932
2,0,5640,1789630481707174912,3809097764701648
2,0,5641,1789630481707186176,3809097764713363
2,0,5642,1789630481707197440,3809097764725071
2,0,5643,1789630481707209728,3809097764736798
2,0,5644,1789630481707220992,3809097764748513
2,0,5645,1789630481707233280,3809097764760208
2,0,5646,1789630481707244544,3809097764771922
2,0,5647,1789630481707256832,3809097764783623
2,0,5648,1789630481707268096,3809097764795338
2,0,5649,1789630481707280384,3809097764807038
2,0,5650,1789630481707291648,3809097764818753
2,0,5651,1789630481707302912,3809097764830468
2,0,5652,1789630481707315200,3809097764842268
2,0,5653,1789630481707326464,3809097764853975
2,0,5654,1789630481707338752,3809097764865625
2,0,5655,1789630481707350016,3809097764877350
2,0,5656,1789630481707362304,3809097764889038
2,0,5657,1789630481707373568,3809097764900721
2,0,5658,1789630481707384832,3809097764912443
2,0,5659,1789630481707397120,3809097764924142
2,0,5660,1789630481707408384,3809097764935850
2,0,5661,1789630481707420672,3809097764947572
2,0,5662,1789630481707431936,3809097764959298
2,0,5663,1789630481707444224,3809097764971051
2,0,5664,1789630481707455488,3809097764982723
2,0,5665,1789630481707467776,3809097764994411
2,0,5666,1789630481707479040,3809097765006141
2,0,5667,1789630481707490304,3809097765017833
2,0,5668,1789630481707502592,3809097765029553
2,0,5669,1789630481707513856,3809097765041240
2,0,5670,1789630481707526144,3809097765052971
2,0,5671,1789630481707537408,3809097765064678
2,0,5672,1789630481707549696,3809097765076392
2,0,5673,1789630481707560960,3809097765088115
2,0,5674,1789630481707572224,3809097765099809
2,0,5675,1789630481707584512,3809097765111512
2,0,5676,1789630481707595776,3809097765123215
2,0,5677,1789630481707608064,3809097765134952
2,0,5678,1789630481707619328,3809097765146660
2,0,5679,1789630481707631616,3809097765158398
2,0,5680,1789630481707642880,3809097765170098
2,0,5681,1789630481707655168,3809097765181808
2,0,5682,1789630481707666432,3809097765193576
2,0,5683,1789630481707677696,3809097765205242
2,0,5684,1789630481707689984,3809097765216950
2,0,5685,1789630481707701248,3809097765228650
2,0,5686,1789630481707713536,3809097765240363
2,0,5687,1789630481707724800,3809097765252083
2,0,5688,1789630481707737088,3809097765263795
2,0,5689,1789630481707748352,3809097765275510
2,0,5690,1789630481707759616,3809097765287323
2,0,5691,1789630481707771904,3809097765298986
2,0,5692,1789630481707783168,3809097765310700
2,0,5693,1789630481707795456,3809097765322423
2,0,5694,1789630481707806720,3809097765334133
2,0,5695,1789630481707819008,3809097765345863
2,0,5696,1789630481707830272,3809097765357560
2,0,5697,1789630481707842560,3809097765369284
2,0,5698,1789630481707853824,3809097765380998
2,0,5699,1789630481707865088,3809097765392711
2,0,5700,1789630481707877376,3809097765404403
2,0,5701,1789630481707888640,3809097765416128
2,0,5702,1789630481707900928,3809097765427821
2,0,5703,1789630481707912192,3809097765439542
2,0,5704,1789630481707924480,3809097765451251
2,0,5705,1789630481707935744,3809097765462958
2,0,5706,1789630481707948032,3809097765474693
2,0,5707,1789630481707959296,3809097765486395
2,0,5708,1789630481707970560,3809097765498103
2,0,5709,1789630481707982848,3809097765509841
2,0,5710,1789630481707994112,3809097765521538
2,0,5711,1789630481708006400,3809097765533248
2,0,5712,1789630481708017664,3809097765544993
2,0,5713,1789630481708029952,3809097765556700
2,0,5714,1789630481708041216,3809097765568413
2,0,5715,1789630481708052480,3809097765580138
2,0,5716,1789630481708064768,3809097765591838
2,0,5717,1789630481708076032,3809097765603535
2,0,5718,1789630481708088320,3809097765615275
2,0,5719,1789630481708099584,3809097765626982
2,0,5720,1789630481708111872,3809097765638691
2,0,5721,1789630481708123136,3809097765650438
2,0,5722,1789630481708135424,3809097765662120
2,0,5723,1789630481708146688,3809097765673847
2,0,5724,1789630481708157952,3809097765685551
2,0,5725,1789630481708170240,3809097765697258
2,0,5726,1789630481708181504,3809097765708988
2,0,5727,1789630481708193792,3809097765720651
2,0,5728,1789630481708205056,3809097765732351
2,0,5729,1789630481708217344,3809097765744035
2,0,5730,1789630481708228608,3809097765755750
2,0,5731,1789630481708239872,3809097765767448
2,0,5732,1789630481708252160,3809097765779165
2,0,5733,1789630481708263424,3809097765790893
2,0,5734,1789630481708275712,3809097765802588
2,0,5735,1789630481708286976,3809097765814310
2,0,5736,1789630481708299264,3809097765826033
2,0,5737,1789630481708310528,3809097765837748
2,0,5738,1789630481708321792,3809097765849463
2,0,5739,1789630481708334080,3809097765861175
2,0,5740,1789630481708345344,3809097765872875
2,0,5741,1789630481708357632,3809097765884593
2,0,5742,1789630481708368896,3809097765896298
2,0,5743,1789630481708381184,3809097765907987
2,0,5744,1789630481708392448,3809097765919791
2,0,5745,1789630481708404736,3809097765931498
2,0,5746,1789630481708416000,3809097765943218
2,0,5747,1789630481708427264,3809097765954925
2,0,5748,1789630481708439552,3809097765966651
2,0,5749,1789630481708450816,3809097765978363
2,0,5750,1789630481708463104,3809097765990083
2,0,5751,1789630481708474368,3809097766001803
2,0,5752,1789630481708486656,3809097766013555
2,0,5753,1789630481708497920,3809097766025241
2,0,5754,1789630481708510208,3809097766036988
2,0,5755,1789630481708521472,3809097766048642
2,0,5756,1789630481708532736,3809097766060378
2,0,5757,1789630481708545024,3809097766072078
2,0,5758,1789630481708556288,3809097766083801
2,0,5759,1789630481708568576,3809097766095501
2,0,5760,1789630481708579840,3809097766107298
2,0,5761,1789630481708592128,3809097766118975
2,0,5762,1789630481708603392,3809097766130683
2,0,5763,1789630481708615680,3809097766142391
2,0,5764,1789630481708626944,3809097766154085
2,0,5765,1789630481708638208,3809097766165791
2,0,5766,1789630481708650496,3809097766177491
2,0,5767,1789630481708661760,3809097766189291
2,0,5768,1789630481708674048,3809097766200985
2,0,5769,1789630481708685312,3809097766212718
2,0,5770,1789630481708697600,3809097766224395
2,0,5771,1789630481708708864,3809097766236085
2,0,5772,1789630481708720128,3809097766247800
2,0,5773,1789630481708732416,3809097766259516
2,0,5774,1789630481708743680,3809097766271235
2,0,5775,1789630481708755968,3809097766282953
2,0,5776,1789630481708767232,3809097766294658
2,0,5777,1789630481708779520,3809097766306373
2,0,5778,1789630481708790784,3809097766318093
2,0,5779,1789630481708803072,3809097766329920
2,0,5780,1789630481708814336,3809097766341643
2,0,5781,1789630481708826624,3809097766353351
2,0,5782,1789630481708837888,3809097766365072
2,0,5783,1789630481708849152,3809097766376811
2,0,5784,1789630481708861440,3809097766388581
2,0,5785,1789630481708872704,3809097766400265
2,0,5786,1789630481708884992,3809097766411995
2,0,5787,1789630481708896256,3809097766423688
2,0,5788,1789630481708908544,3809097766435370
2,0,5789,1789630481708919808,3809097766447085
2,0,5790,1789630481708932096,3809097766458795
2,0,5791,1789630481708943360,3809097766470513
2,0,5792,1789630481708954624,3809097766482223
2,0,5793,1789630481708966912,3809097766493943
2,0,5794,1789630481708978176,3809097766505665
2,0,5795,1789630481708990464,3809097766517361
2,0,5796,1789630481709001728,3809097766529067
2,0,5797,1789630481709014016,3809097766540772
2,0,5798,1789630481709025280,3809097766552513
2,0,5799,1789630481709037568,3809097766564221
2,0,5800,1789630481709048832,3809097766575943
2,0,5801,1789630481709060096,3809097766587705
2,0,5802,1789630481709072384,3809097766599418
2,0,5803,1789630481709083648,3809097766611135
2,0,5804,1789630481709095936,3809097766622802
2,0,5805,1789630481709107200,3809097766634563
2,0,5806,1789630481709119488,3809097766646210
2,0,5807,1789630481709130752,3809097766657917
2,0,5808,1789630481709142016,3809097766669625
2,0,5809,1789630481709154304,3809097766681342
2,0,5810,1789630481709165568,3809097766693060
2,0,5811,1789630481709177856,3809097766704770
2,0,5812,1789630481709189120,3809097766716473
2,0,5813,1789630481709201408,3809097766728185
2,0,5814,1789630481709212672,3809097766739893
2,0,5815,1789630481709223936,3809097766751615
2,0,5816,1789630481709236224,3809097766763337
2,0,5817,1789630481709247488,3809097766775043
2,0,5818,1789630481709259776,3809097766786760
2,0,5819,1789630481709271040,3809097766798482
2,0,5820,1789630481709283328,3809097766810204
2,0,5821,1789630481709294592,3809097766821921
2,0,5822,1789630481709306880,3809097766833643
2,0,5823,1789630481709318144,3809097766845350
2,0,5824,1789630481709329408,3809097766857090
2,0,5825,1789630481709341696,3809097766868765
2,0,5826,1789630481709352960,3809097766880483
2,0,5827,1789630481709365248,3809097766892183
2,0,5828,1789630481709376512,3809097766903907
2,0,5829,1789630481709388800,3809097766915622
2,0,5830,1789630481709400064,3809097766927273
2,0,5831,1789630481709411328,3809097766939001
2,0,5832,1789630481709423616,3809097766950705
2,0,5833,1789630481709434880,3809097766962395
2,0,5834,1789630481709447168,3809097766974283
2,0,5835,1789630481709458432,3809097766985991
2,0,5836,1789630481709470720,3809097766997703
2,0,5837,1789630481709481984,3809097767009421
2,0,5838,1789630481709494272,3809097767021143
2,0,5839,1789630481709505536,3809097767032850
2,0,5840,1789630481709517824,3809097767044625
2,0,5841,1789630481709529088,3809097767056333
2,0,5842,1789630481709541376,3809097767068107
2,0,5843,1789630481709552640,3809097767079802
2,0,5844,1789630481709563904,3809097767091501
2,0,5845,1789630481709576192,3809097767103203
2,0,5846,1789630481709587456,3809097767114925
2,0,5847,1789630481709599744,3809097767126560
2,0,5848,1789630481709611008,3809097767138253
2,0,5849,1789630481709622272,3809097767149887
2,0,5850,1789630481709634560,3809097767161620
2,0,5851,1789630481709645824,3809097767173263
2,0,5852,1789630481709658112,3809097767184965
2,0,5853,1789630481709669376,3809097767196665
2,0,5854,1789630481709681664,3809097767208350
2,0,5855,1789630481709692928,3809097767220051
2,0,5856,1789630481709704192,3809097767231773
2,0,5857,1789630481709716480,3809097767243487
2,0,5858,1789630481709727744,3809097767255211
2,0,5859,1789630481709740032,3809097767266925
2,0,5860,1789630481709751296,3809097767288684
2,0,5861,1789630481709763584,3809097767290373
2,0,5862,1789630481709774848,3809097767302057
2,0,5863,1789630481709786112,3809097767313800
2,0,5864,1789630481709798400,3809097767325493
2,0,5865,1789630481709809664,3809097767337252
2,0,5866,1789630481709821952,3809097767348967
2,0,5867,1789630481709833216,3809097767360667
2,0,5868,1789630481709845504,3809097767372363
2,0,5869,1789630481709856768,3809097767384073
2,0,5870,1789630481709869056,3809097767395767
2,0,5871,1789630481709880320,3809097767407461
2,0,5872,1789630481709891584,3809097767419161
2,0,5873,1789630481709903872,3809097767430875
2,0,5874,1789630481709915136,3809097767442763
2,0,5875,1789630481709927424,3809097767454650
2,0,5876,1789630481709939712,3809097767466690
2,0,5877,1789630481709950976,3809097767478483
2,0,5878,1789630481709963264,3809097767490239
2,0,5879,1789630481709974528,3809097767501942
2,0,5880,1789630481709986816,3809097767513633
2,0,5881,1789630481709998080,3809097767525413
2,0,5882,1789630481710010368,3809097767537121
2,0,5883,1789630481710021632,3809097767548835
2,0,5884,1789630481710032896,3809097767560543
2,0,5885,1789630481710045184,3809097767572270
2,0,5886,1789630481710056448,3809097767583993
2,0,5887,1789630481710068736,3809097767595703
2,0,5888,1789630481710080000,3809097767607417
2,0,5889,1789630481710092288,3809097767619181
2,0,5890,1789630481710103552,3809097767630888
2,0,5891,1789630481710115840,3809097767642557
2,0,5892,1789630481710127104,3809097767654270
2,0,5893,1789630481710138368,3809097767665993
2,0,5894,1789630481710150656,3809097767677692
2,0,5895,1789630481710161920,3809097767689440
2,0,5896,1789630481710174208,3809097767701117
2,0,5897,1789630481710185472,3809097767712900
2,0,5898,1789630481710197760,3809097767724583
2,0,5899,1789630481710209024,3809097767736285
2,0,5900,1789630481710221312,3809097767748011
2,0,5901,1789630481710232576,3809097767759870
2,0,5902,1789630481710244864,3809097767771585
2,0,5903,1789630481710256128,3809097767783322
2,0,5904,1789630481710267392,3809097767795023
2,0,5905,1789630481710279680,3809097767806753
2,0,5906,1789630481710290944,3809097767818452
2,0,5907,1789630481710303232,3809097767830167
2,0,5908,1789630481710314496,3809097767841907
2,0,5909,1789630481710326784,3809097767853612
2,0,5910,1789630481710338048,3809097767865327
2,0,5911,1789630481710350336,3809097767877025
2,0,5912,1789630481710361600,3809097767888735
2,0,5913,1789630481710372864,3809097767900453
2,0,5914,1789630481710385152,3809097767912162
2,0,5915,1789630481710396416,3809097767923873
2,0,5916,1789630481710408704,3809097767935602
2,0,5917,1789630481710419968,3809097767947297
2,0,5918,1789630481710432256,3809097767959010
2,0,5919,1789630481710443520,3809097767970732
2,0,5920,1789630481710454784,3809097767982453
2,0,5921,1789630481710467072,3809097767994170
2,0,5922,1789630481710478336,3809097768005885
2,0,5923,1789630481710490624,3809097768017613
2,0,5924,1789630481710501888,3809097768029332
2,0,5925,1789630481710514176,3809097768041043
2,0,5926,1789630481710525440,3809097768052753
2,0,5927,1789630481710537728,3809097768064470
2,0,5928,1789630481710548992,3809097768076183
2,0,5929,1789630481710560256,3809097768087913
2,0,5930,1789630481710572544,3809097768099613
2,0,5931,1789630481710583808,3809097768111343
2,0,5932,1789630481710596096,3809097768123043
2,0,5933,1789630481710607360,3809097768134762
2,0,5934,1789630481710619648,3809097768146465
2,0,5935,1789630481710630912,3809097768158185
2,0,5936,1789630481710643200,3809097768169918
2,0,5937,1789630481710654464,3809097768181625
2,0,5938,1789630481710665728,3809097768193340
2,0,5939,1789630481710678016,3809097768205062
2,0,5940,1789630481710689280,3809097768216807
2,0,5941,1789630481710701568,3809097768228485
2,0,5942,1789630481710712832,3809097768240197
2,0,5943,1789630481710725120,3809097768251933
2,0,5944,1789630481710736384,3809097768263635
2,0,5945,1789630481710747648,3809097768275487
2,0,5946,1789630481710759936,3809097768287270
2,0,5947,1789630481710772224,3809097768298985
2,0,5948,1789630481710783488,3809097768310682
2,0,5949,1789630481710794752,3809097768322437
2,0,5950,1789630481710807040,3809097768334112
2,0,5951,1789630481710818304,3809097768345835
2,0,5952,1789630481710830592,3809097768357545
2,0,5953,1789630481710841856,3809097768369297
2,0,5954,1789630481710854144,3809097768380960
2,0,5955,1789630481710865408,3809097768392668
2,0,5956,1789630481710877696,3809097768404390
2,0,5957,1789630481710888960,3809097768416091
2,0,5958,1789630481710900224,3809097768427820
2,0,5959,1789630481710912512,3809097768439527
2,0,5960,1789630481710923776,3809097768451291
2,0,5961,1789630481710936064,3809097768463005
2,0,5962,1789630481710947328,3809097768474693
2,0,5963,1789630481710959616,3809097768486405
2,0,5964,1789630481710970880,3809097768498103
2,0,5965,1789630481710982144,3809097768509842
2,0,5966,1789630481710994432,3809097768521560
2,0,5967,1789630481711005696,3809097768533253
2,0,5968,1789630481711017984,3809097768544992
2,0,5969,1789630481711029248,3809097768556695
2,0,5970,1789630481711041536,3809097768568400
2,0,5971,1789630481711052800,3809097768580113
2,0,5972,1789630481711065088,3809097768591815
2,0,5973,1789630481711076352,3809097768603543
2,0,5974,1789630481711087616,3809097768615270
2,0,5975,1789630481711099904,3809097768626960
2,0,5976,1789630481711111168,3809097768638673
2,0,5977,1789630481711123456,3809097768650407
2,0,5978,1789630481711134720,3809097768662140
2,0,5979,1789630481711147008,3809097768673847
2,0,5980,1789630481711158272,3809097768685558
2,0,5981,1789630481711170560,3809097768697263
2,0,5982,1789630481711181824,3809097768708985
2,0,5983,1789630481711193088,3809097768720718
2,0,5984,1789630481711205376,3809097768732417
2,0,5985,1789630481711216640,3809097768744133
2,0,5986,1789630481711228928,3809097768755845
2,0,5987,1789630481711240192,3809097768767554
2,0,5988,1789630481711252480,3809097768779285
2,0,5989,1789630481711263744,3809097768791007
2,0,5990,1789630481711275008,3809097768802713
2,0,5991,1789630481711287296,3809097768814437
2,0,5992,1789630481711298560,3809097768826145
2,0,5993,1789630481711310848,3809097768837860
2,0,5994,1789630481711322112,3809097768849583
2,0,5995,1789630481711334400,3809097768861284
2,0,5996,1789630481711345664,3809097768872997
2,0,5997,1789630481711357952,3809097768884685
2,0,5998,1789630481711369216,3809097768896413
2,0,5999,1789630481711380480,3809097768908098
2,0,6000,1789630481711392768,3809097768919803
2,0,6001,1789630481711404032,3809097768931560
2,0,6002,1789630481711416320,3809097768943243
2,0,6003,1789630481711427584,3809097768954943
2,0,6004,1789630481711439872,3809097768966675
2,0,6005,1789630481711451136,3809097768978357
2,0,6006,1789630481711462400,3809097768990058
2,0,6007,1789630481711474688,3809097769001783
2,0,6008,1789630481711485952,3809097769013511
2,0,6009,1789630481711498240,3809097769025195
2,0,6010,1789630481711509504,3809097769036910
2,0,6011,1789630481711521792,3809097769048611
2,0,6012,1789630481711533056,3809097769060326
2,0,6013,1789630481711544320,3809097769072032
2,0,6014,1789630481711556608,3809097769083740
2,0,6015,1789630481711567872,3809097769095447
2,0,6016,1789630481711580160,3809097769107267
2,0,6017,1789630481711591424,3809097769118977
2,0,6018,1789630481711603712,3809097769130675
2,0,6019,1789630481711614976,3809097769142424
2,0,6020,1789630481711627264,3809097769154100
2,0,6021,1789630481711638528,3809097769165830
2,0,6022,1789630481711650816,3809097769177528
2,0,6023,1789630481711662080,3809097769189251
2,0,6024,1789630481711673344,3809097769200967
2,0,6025,1789630481711685632,3809097769212687
2,0,6026,1789630481711696896,3809097769224375
2,0,6027,1789630481711709184,3809097769236065
2,0,6028,1789630481711720448,3809097769247795
2,0,6029,1789630481711732736,3809097769259493
2,0,6030,1789630481711744000,3809097769271223
2,0,6031,1789630481711755264,3809097769282925
2,0,6032,1789630481711767552,3809097769294653
2,0,6033,1789630481711778816,3809097769306371
2,0,6034,1789630481711791104,3809097769318100
2,0,6035,1789630481711802368,3809097769329800
2,0,6036,1789630481711814656,3809097769341523
2,0,6037,1789630481711825920,3809097769353245
2,0,6038,1789630481711838208,3809097769364953
2,0,6039,1789630481711849472,3809097769376660
2,0,6040,1789630481711860736,3809097769388382
2,0,6041,1789630481711873024,3809097769400102
2,0,6042,1789630481711884288,3809097769411807
2,0,6043,1789630481711896576,3809097769423573
2,0,6044,1789630481711907840,3809097769435228
2,0,6045,1789630481711920128,3809097769446960
2,0,6046,1789630481711931392,3809097769458657
2,0,6047,1789630481711942656,3809097769470372
2,0,6048,1789630481711954944,3809097769482103
2,0,6049,1789630481711966208,3809097769493823
2,0,6050,1789630481711978496,3809097769505596
2,0,6051,1789630481711989760,3809097769517325
2,0,6052,1789630481712002048,3809097769528993
2,0,6053,1789630481712013312,3809097769540700
2,0,6054,1789630481712025600,3809097769552423
2,0,6055,1789630481712036864,3809097769564133
2,0,6056,1789630481712048128,3809097769575893
2,0,6057,1789630481712060416,3809097769587553
2,0,6058,1789630481712071680,3809097769599268
2,0,6059,1789630481712083968,3809097769610975
2,0,6060,1789630481712095232,3809097769622709
2,0,6061,1789630481712107520,3809097769634405
2,0,6062,1789630481712118784,3809097769646125
2,0,6063,1789630481712131072,3809097769657785
2,0,6064,1789630481712142336,3809097769669520
2,0,6065,1789630481712153600,3809097769681227
2,0,6066,1789630481712165888,3809097769692950
2,0,6067,1789630481712177152,3809097769704670
2,0,6068,1789630481712189440,3809097769716397
2,0,6069,1789630481712200704,3809097769728115
2,0,6070,1789630481712212992,3809097769739838
2,0,6071,1789630481712224256,3809097769751553
2,0,6072,1789630481712236544,3809097769763383
2,0,6073,1789630481712247808,3809097769775085
2,0,6074,1789630481712259072,3809097769786815
2,0,6075,1789630481712271360,3809097769798529
2,0,6076,1789630481712282624,3809097769810247
2,0,6077,1789630481712294912,3809097769821977
2,0,6078,1789630481712306176,3809097769833697
2,0,6079,1789630481712318464,3809097769845411
2,0,6080,1789630481712329728,3809097769857140
2,0,6081,1789630481712342016,3809097769868863
2,0,6082,1789630481712353280,3809097769880625
2,0,6083,1789630481712365568,3809097769892277
2,0,6084,1789630481712376832,3809097769903993
2,0,6085,1789630481712388096,3809097769915707
2,0,6086,1789630481712400384,3809097769927415
2,0,6087,1789630481712411648,3809097769939135
2,0,6088,1789630481712423936,3809097769950841
2,0,6089,1789630481712435200,3809097769962560
2,0,6090,1789630481712447488,3809097769974290
2,0,6091,1789630481712458752,3809097769986000
2,0,6092,1789630481712470016,3809097769997745
2,0,6093,1789630481712482304,3809097770009435
2,0,6094,1789630481712493568,3809097770021197
2,0,6095,1789630481712505856,3809097770032873
2,0,6096,1789630481712517120,3809097770044550
2,0,6097,1789630481712529408,3809097770056270
2,0,6098,1789630481712540672,3809097770068003
2,0,6099,1789630481712552960,3809097770079771
2,0,6100,1789630481712564224,3809097770091493
2,0,6101,1789630481712575488,3809097770103177
2,0,6102,1789630481712587776,3809097770114877
2,0,6103,1789630481712599040,3809097770126607
2,0,6104,1789630481712611328,3809097770138385
2,0,6105,1789630481712622592,3809097770150057
2,0,6106,1789630481712634880,3809097770161767
2,0,6107,1789630481712646144,3809097770173490
2,0,6108,1789630481712658432,3809097770185348
2,0,6109,1789630481712669696,3809097770197141
2,0,6110,1789630481712681984,3809097770208785
2,0,6111,1789630481712693248,3809097770220510
2,0,6112,1789630481712704512,3809097770232237
2,0,6113,1789630481712716800,3809097770243927
2,0,6114,1789630481712728064,3809097770255657
2,0,6115,1789630481712740352,3809097770267363
2,0,6116,1789630481712751616,3809097770279073
2,0,6117,1789630481712763904,3809097770290790
2,0,6118,1789630481712775168,3809097770302498
2,0,6119,1789630481712787456,3809097770314225
2,0,6120,1789630481712798720,3809097770325950
2,0,6121,1789630481712809984,3809097770337672
2,0,6122,1789630481712822272,3809097770349400
2,0,6123,1789630481712833536,3809097770361093
2,0,6124,1789630481712845824,3809097770372813
2,0,6125,1789630481712857088,3809097770384537
2,0,6126,1789630481712869376,3809097770396240
2,0,6127,1789630481712880640,3809097770407971
2,0,6128,1789630481712892928,3809097770419683
2,0,6129,1789630481712904192,3809097770431413
2,0,6130,1789630481712915456,3809097770443138
2,0,6131,1789630481712927744,3809097770454860
2,0,6132,1789630481712939008,3809097770466595
2,0,6133,1789630481712951296,3809097770478320
2,0,6134,1789630481712962560,3809097770490033
2,0,6135,1789630481712974848,3809097770501765
2,0,6136,1789630481712986112,3809097770513495
2,0,6137,1789630481712998400,3809097770525211
2,0,6138,1789630481713009664,3809097770536925
2,0,6139,1789630481713020928,3809097770548648
2,0,6140,1789630481713033216,3809097770560370
2,0,6141,1789630481713044480,3809097770572088
2,0,6142,1789630481713056768,3809097770583812
2,0,6143,1789630481713068032,3809097770595540
2,0,6144,1789630481713080320,3809097770607275
2,0,6145,1789630481713091584,3809097770618970
2,0,6146,1789630481713103872,3809097770630692
2,0,6147,1789630481713115136,3809097770642383
2,0,6148,1789630481713126400,3809097770654135
2,0,6149,1789630481713138688,3809097770665851
2,0,6150,1789630481713149952,3809097770677550
2,0,6151,1789630481713162240,3809097770689273
2,0,6152,1789630481713173504,3809097770700990
2,0,6153,1789630481713185792,3809097770712710
2,0,6154,1789630481713197056,3809097770724463
2,0,6155,1789630481713209344,3809097770736230
2,0,6156,1789630481713220608,3809097770747928
2,0,6157,1789630481713231872,3809097770759607
2,0,6158,1789630481713244160,3809097770771323
2,0,6159,1789630481713255424,3809097770783033
2,0,6160,1789630481713267712,3809097770794737
2,0,6161,1789630481713278976,3809097770806460
2,0,6162,1789630481713291264,3809097770818183
2,0,6163,1789630481713302528,3809097770829912
2,0,6164,1789630481713314816,3809097770841613
2,0,6165,1789630481713326080,3809097770853353
2,0,6166,1789630481713337344,3809097770865075
2,0,6167,1789630481713349632,3809097770876813
2,0,6168,1789630481713360896,3809097770888525
2,0,6169,1789630481713373184,3809097770900269
2,0,6170,1789630481713384448,3809097770911997
2,0,6171,1789630481713396736,3809097770923707
2,0,6172,1789630481713408000,3809097770935452
2,0,6173,1789630481713420288,3809097770947138
2,0,6174,1789630481713431552,3809097770958845
2,0,6175,1789630481713442816,3809097770970552
2,0,6176,1789630481713455104,3809097770982273
2,0,6177,1789630481713466368,3809097770994008
2,0,6178,1789630481713478656,3809097771005726
2,0,6179,1789630481713489920,3809097771017445
2,0,6180,1789630481713502208,3809097771029165
2,0,6181,1789630481713513472,3809097771040905
2,0,6182,1789630481713525760,3809097771052609
2,0,6183,1789630481713537024,3809097771064333
2,0,6184,1789630481713548288,3809097771076040
2,0,6185,1789630481713560576,3809097771087757
2,0,6186,1789630481713571840,3809097771099470
2,0,6187,1789630481713584128,3809097771111183
2,0,6188,1789630481713595392,3809097771122900
2,0,6189,1789630481713607680,3809097771134620
2,0,6190,1789630481713618944,3809097771146343
2,0,6191,1789630481713631232,3809097771158015
2,0,6192,1789630481713642496,3809097771169795
2,0,6193,1789630481713653760,3809097771181653
2,0,6194,1789630481713666048,3809097771193411
2,0,6195,1789630481713678336,3809097771205063
2,0,6196,1789630481713689600,3809097771216800
2,0,6197,1789630481713700864,3809097771228507
2,0,6198,1789630481713713152,3809097771240270
2,0,6199,1789630481713724416,3809097771251935
2,0,6200,1789630481713736704,3809097771263698
2,0,6201,1789630481713747968,3809097771275383
2,0,6202,1789630481713760256,3809097771287103
2,0,6203,1789630481713771520,3809097771298842
2,0,6204,1789630481713782784,3809097771310567
2,0,6205,1789630481713795072,3809097771322247
2,0,6206,1789630481713806336,3809097771333957
2,0,6207,1789630481713818624,3809097771345687
2,0,6208,1789630481713829888,3809097771357403
2,0,6209,1789630481713842176,3809097771369117
2,0,6210,1789630481713853440,3809097771380823
2,0,6211,1789630481713865728,3809097771392563
2,0,6212,1789630481713876992,3809097771404282
2,0,6213,1789630481713888256,3809097771416000
2,0,6214,1789630481713900544,3809097771427740
2,0,6215,1789630481713911808,3809097771439460
2,0,6216,1789630481713924096,3809097771451182
2,0,6217,1789630481713935360,3809097771462903
2,0,6218,1789630481713947648,3809097771474623
2,0,6219,1789630481713958912,3809097771486348
2,0,6220,1789630481713971200,3809097771498043
2,0,6221,1789630481713982464,3809097771509848
2,0,6222,1789630481713994752,3809097771521510
2,0,6223,1789630481714006016,3809097771533209
2,0,6224,1789630481714017280,3809097771545075
2,0,6225,1789630481714029568,3809097771556797
2,0,6226,1789630481714040832,3809097771568500
2,0,6227,1789630481714053120,3809097771580211
2,0,6228,1789630481714064384,3809097771591920
2,0,6229,1789630481714076672,3809097771603625
2,0,6230,1789630481714087936,3809097771615339
2,0,6231,1789630481714100224,3809097771627043
2,0,6232,1789630481714111488,3809097771638753
2,0,6233,1789630481714122752,3809097771650473
2,0,6234,1789630481714135040,3809097771662219
2,0,6235,1789630481714146304,3809097771673903
2,0,6236,1789630481714158592,3809097771685603
2,0,6237,1789630481714169856,3809097771697332
2,0,6238,1789630481714182144,3809097771709033
2,0,6239,1789630481714193408,3809097771720793
2,0,6240,1789630481714205696,3809097771732477
2,0,6241,1789630481714216960,3809097771744208
2,0,6242,1789630481714228224,3809097771755959
2,0,6243,1789630481714240512,3809097771767637
2,0,6244,1789630481714251776,3809097771779399
2,0,6245,1789630481714264064,3809097771791059
2,0,6246,1789630481714275328,3809097771802767
2,0,6247,1789630481714287616,3809097771814507
2,0,6248,1789630481714298880,3809097771826211
2,0,6249,1789630481714310144,3809097771837920
2,0,6250,1789630481714322432,3809097771849619
2,0,6251,1789630481714333696,3809097771861349
2,0,6252,1789630481714345984,3809097771873043
2,0,6253,1789630481714357248,3809097771884787
2,0,6254,1789630481714369536,3809097771896485
2,0,6255,1789630481714380800,3809097771908193
2,0,6256,1789630481714393088,3809097771919917
2,0,6257,1789630481714404352,3809097771931640
2,0,6258,1789630481714415616,3809097771943365
2,0,6259,1789630481714427904,3809097771955053
2,0,6260,1789630481714439168,3809097771966771
2,0,6261,1789630481714451456,3809097771978495
2,0,6262,1789630481714462720,3809097771990199
2,0,6263,1789630481714475008,3809097772001915
2,0,6264,1789630481714486272,3809097772013615
2,0,6265,1789630481714498560,3809097772025332
2,0,6266,1789630481714509824,3809097772037053
2,0,6267,1789630481714521088,3809097772048767
2,0,6268,1789630481714533376,3809097772060453
2,0,6269,1789630481714544640,3809097772072160
2,0,6270,1789630481714556928,3809097772083872
2,0,6271,1789630481714568192,3809097772095552
2,0,6272,1789630481714580480,3809097772107267
2,0,6273,1789630481714591744,3809097772118983
2,0,6274,1789630481714603008,3809097772130683
2,0,6275,1789630481714615296,3809097772142382
2,0,6276,1789630481714626560,3809097772154103
2,0,6277,1789630481714638848,3809097772165813
2,0,6278,1789630481714650112,3809097772177535
2,0,6279,1789630481714662400,3809097772189249
2,0,6280,1789630481714673664,3809097772200977
2,0,6281,1789630481714684928,3809097772212685
2,0,6282,1789630481714697216,3809097772224409
2,0,6283,1789630481714708480,3809097772236135
2,0,6284,1789630481714720768,3809097772247825
2,0,6285,1789630481714732032,3809097772259557
2,0,6286,1789630481714744320,3809097772271280
2,0,6287,1789630481714755584,3809097772282983
2,0,6288,1789630481714767872,3809097772294709
2,0,6289,1789630481714779136,3809097772306399
2,0,6290,1789630481714790400,3809097772318108
2,0,6291,1789630481714802688,3809097772329845
2,0,6292,1789630481714813952,3809097772341500
2,0,6293,1789630481714826240,3809097772353252
2,0,6294,1789630481714837504,3809097772364967
2,0,6295,1789630481714849792,3809097772376689
2,0,6296,1789630481714861056,3809097772388413
2,0,6297,1789630481714873344,3809097772400123
2,0,6298,1789630481714884608,3809097772411848
2,0,6299,1789630481714895872,3809097772423547
2,0,6300,1789630481714908160,3809097772435257
2,0,6301,1789630481714919424,3809097772447019
2,0,6302,1789630481714931712,3809097772458683
2,0,6303,1789630481714942976,3809097772470409
2,0,6304,1789630481714955264,3809097772482109
2,0,6305,1789630481714966528,3809097772493825
2,0,6306,1789630481714977792,3809097772505532
2,0,6307,1789630481714990080,3809097772517285
2,0,6308,1789630481715001344,3809097772528969
2,0,6309,1789630481715013632,3809097772540700
2,0,6310,1789630481715024896,3809097772552399
2,0,6311,1789630481715037184,3809097772564115
2,0,6312,1789630481715048448,3809097772575867
2,0,6313,1789630481715060736,3809097772587543
2,0,6314,1789630481715072000,3809097772599275
2,0,6315,1789630481715083264,3809097772610995
2,0,6316,1789630481715095552,3809097772622720
2,0,6317,1789630481715106816,3809097772634419
2,0,6318,1789630481715119104,3809097772646133
2,0,6319,1789630481715130368,3809097772657860
2,0,6320,1789630481715142656,3809097772669583
2,0,6321,1789630481715153920,3809097772681289
2,0,6322,1789630481715166208,3809097772693003
2,0,6323,1789630481715177472,3809097772704710
2,0,6324,1789630481715188736,3809097772716427
2,0,6325,1789630481715201024,3809097772728115
2,0,6326,1789630481715212288,3809097772739845
2,0,6327,1789630481715224576,3809097772751533
2,0,6328,1789630481715235840,3809097772763233
2,0,6329,1789630481715248128,3809097772774939
2,0,6330,1789630481715259392,3809097772786639
2,0,6331,1789630481715270656,3809097772798417
2,0,6332,1789630481715282944,3809097772810069
2,0,6333,1789630481715294208,3809097772821777
2,0,6334,1789630481715306496,3809097772833510
2,0,6335,1789630481715317760,3809097772845215
2,0,6336,1789630481715330048,3809097772856942
2,0,6337,1789630481715341312,3809097772868705
2,0,6338,1789630481715352576,3809097772880335
2,0,6339,1789630481715364864,3809097772892045
2,0,6340,1789630481715376128,3809097772903745
2,0,6341,1789630481715388416,3809097772915460
2,0,6342,1789630481715399680,3809097772927262
2,0,6343,1789630481715411968,3809097772938965
2,0,6344,1789630481715423232,3809097772950687
2,0,6345,1789630481715435520,3809097772962392
2,0,6346,1789630481715446784,3809097772974110
2,0,6347,1789630481715458048,3809097772985811
2,0,6348,1789630481715470336,3809097772997532
2,0,6349,1789630481715481600,3809097773009251
2,0,6350,1789630481715493888,3809097773020907
2,0,6351,1789630481715505152,3809097773032625
2,0,6352,1789630481715517440,3809097773044332
2,0,6353,1789630481715528704,3809097773056055
2,0,6354,1789630481715540992,3809097773067772
2,0,6355,1789630481715552256,3809097773079502
2,0,6356,1789630481715563520,3809097773091192
2,0,6357,1789630481715575808,3809097773102967
2,0,6358,1789630481715587072,3809097773114645
2,0,6359,1789630481715599360,3809097773126367
2,0,6360,1789630481715610624,3809097773138075
2,0,6361,1789630481715622912,3809097773149790
2,0,6362,1789630481715634176,3809097773161485
2,0,6363,1789630481715645440,3809097773173214
2,0,6364,1789630481715657728,3809097773184935
2,0,6365,1789630481715668992,3809097773196649
2,0,6366,1789630481715681280,3809097773208372
2,0,6367,1789630481715692544,3809097773220065
2,0,6368,1789630481715704832,3809097773231772
2,0,6369,1789630481715716096,3809097773243492
2,0,6370,1789630481715728384,3809097773255209
