schema_version,trial,sample,gpu_ns,cpu_observed_ns
2,0,0,1789633754914826240,3812371032111760
2,0,1,1789633754914837504,3812371032122668
2,0,2,1789633754914848768,3812371032133625
2,0,3,1789633754914859008,3812371032144536
2,0,4,1789633754914870272,3812371032155400
2,0,5,1789633754914881536,3812371032166369
2,0,6,1789633754914891776,3812371032177276
2,0,7,1789633754914903040,3812371032188237
2,0,8,1789633754914914304,3812371032199196
2,0,9,1789633754914925568,3812371032210088
2,0,10,1789633754914935808,3812371032221065
2,0,11,1789633754914947072,3812371032232029
2,0,12,1789633754914958336,3812371032243005
2,0,13,1789633754914968576,3812371032253905
2,0,14,1789633754914979840,3812371032264805
2,0,15,1789633754914991104,3812371032275688
2,0,16,1789633754915001344,3812371032286620
2,0,17,1789633754915012608,3812371032297597
2,0,18,1789633754915023872,3812371032308553
2,0,19,1789633754915034112,3812371032319509
2,0,20,1789633754915045376,3812371032330357
2,0,21,1789633754915056640,3812371032341340
2,0,22,1789633754915066880,3812371032352213
2,0,23,1789633754915078144,3812371032363193
2,0,24,1789633754915089408,3812371032374193
2,0,25,1789633754915099648,3812371032385302
2,0,26,1789633754915110912,3812371032396189
2,0,27,1789633754915122176,3812371032407180
2,0,28,1789633754915133440,3812371032418149
2,0,29,1789633754915143680,3812371032429037
2,0,30,1789633754915154944,3812371032440029
2,0,31,1789633754915166208,3812371032451009
2,0,32,1789633754915176448,3812371032461980
2,0,33,1789633754915187712,3812371032472862
2,0,34,1789633754915198976,3812371032483822
2,0,35,1789633754915209216,3812371032494717
2,0,36,1789633754915220480,3812371032505693
2,0,37,1789633754915231744,3812371032516605
2,0,38,1789633754915241984,3812371032527502
2,0,39,1789633754915253248,3812371032538496
2,0,40,1789633754915264512,3812371032549480
2,0,41,1789633754915275776,3812371032560385
2,0,42,1789633754915286016,3812371032571362
2,0,43,1789633754915297280,3812371032582262
2,0,44,1789633754915308544,3812371032593233
2,0,45,1789633754915318784,3812371032604222
2,0,46,1789633754915330048,3812371032615136
2,0,47,1789633754915341312,3812371032626122
2,0,48,1789633754915351552,3812371032637113
2,0,49,1789633754915362816,3812371032648005
2,0,50,1789633754915374080,3812371032658968
2,0,51,1789633754915385344,3812371032669937
2,0,52,1789633754915395584,3812371032680829
2,0,53,1789633754915406848,3812371032691782
2,0,54,1789633754915418112,3812371032702649
2,0,55,1789633754915428352,3812371032713608
2,0,56,1789633754915439616,3812371032724477
2,0,57,1789633754915450880,3812371032735437
2,0,58,1789633754915461120,3812371032746316
2,0,59,1789633754915472384,3812371032757305
2,0,60,1789633754915483648,3812371032768282
2,0,61,1789633754915493888,3812371032779288
2,0,62,1789633754915505152,3812371032790316
2,0,63,1789633754915516416,3812371032801177
2,0,64,1789633754915526656,3812371032812160
2,0,65,1789633754915537920,3812371032823113
2,0,66,1789633754915549184,3812371032834082
2,0,67,1789633754915560448,3812371032845033
2,0,68,1789633754915570688,3812371032856008
2,0,69,1789633754915581952,3812371032866949
2,0,70,1789633754915593216,3812371032877822
2,0,71,1789633754915603456,3812371032888793
2,0,72,1789633754915614720,3812371032899700
2,0,73,1789633754915625984,3812371032910597
2,0,74,1789633754915636224,3812371032921577
2,0,75,1789633754915647488,3812371032932449
2,0,76,1789633754915658752,3812371032943405
2,0,77,1789633754915668992,3812371032954269
2,0,78,1789633754915680256,3812371032965229
2,0,79,1789633754915691520,3812371032976097
2,0,80,1789633754915701760,3812371032986928
2,0,81,1789633754915713024,3812371032997897
2,0,82,1789633754915724288,3812371033008748
2,0,83,1789633754915734528,3812371033019565
2,0,84,1789633754915745792,3812371033030385
2,0,85,1789633754915756032,3812371033041136
2,0,86,1789633754915767296,3812371033052085
2,0,87,1789633754915777536,3812371033062913
2,0,88,1789633754915788800,3812371033073888
2,0,89,1789633754915800064,3812371033084709
2,0,90,1789633754915810304,3812371033095536
2,0,91,1789633754915821568,3812371033106380
2,0,92,1789633754915831808,3812371033117208
2,0,93,1789633754915843072,3812371033128033
2,0,94,1789633754915854336,3812371033138857
2,0,95,1789633754915864576,3812371033149676
2,0,96,1789633754915875840,3812371033160505
2,0,97,1789633754915886080,3812371033171473
2,0,98,1789633754915897344,3812371033182309
2,0,99,1789633754915908608,3812371033193076
2,0,100,1789633754915918848,3812371033203905
2,0,101,1789633754915930112,3812371033214740
2,0,102,1789633754915940352,3812371033225505
2,0,103,1789633754915951616,3812371033236329
2,0,104,1789633754915961856,3812371033247145
2,0,105,1789633754915973120,3812371033257977
2,0,106,1789633754915983360,3812371033269000
2,0,107,1789633754915994624,3812371033279816
2,0,108,1789633754916005888,3812371033290640
2,0,109,1789633754916016128,3812371033301452
2,0,110,1789633754916027392,3812371033312280
2,0,111,1789633754916038656,3812371033323116
2,0,112,1789633754916048896,3812371033333937
2,0,113,1789633754916060160,3812371033344832
2,0,114,1789633754916070400,3812371033355680
2,0,115,1789633754916081664,3812371033366642
2,0,116,1789633754916092928,3812371033377476
2,0,117,1789633754916103168,3812371033388312
2,0,118,1789633754916114432,3812371033399140
2,0,119,1789633754916124672,3812371033409962
2,0,120,1789633754916135936,3812371033420789
2,0,121,1789633754916146176,3812371033431629
2,0,122,1789633754916157440,3812371033442602
2,0,123,1789633754916168704,3812371033453456
2,0,124,1789633754916178944,3812371033464296
2,0,125,1789633754916190208,3812371033475172
2,0,126,1789633754916201472,3812371033486049
2,0,127,1789633754916211712,3812371033496897
2,0,128,1789633754916222976,3812371033507756
2,0,129,1789633754916233216,3812371033518765
2,0,130,1789633754916244480,3812371033529656
2,0,131,1789633754916255744,3812371033540502
2,0,132,1789633754916265984,3812371033551342
2,0,133,1789633754916277248,3812371033562168
2,0,134,1789633754916288512,3812371033573036
2,0,135,1789633754916298752,3812371033583909
2,0,136,1789633754916310016,3812371033594877
2,0,137,1789633754916321280,3812371033605749
2,0,138,1789633754916331520,3812371033630777
2,0,139,1789633754916342784,3812371033630777
2,0,140,1789633754916353024,3812371033638265
2,0,141,1789633754916364288,3812371033649092
2,0,142,1789633754916374528,3812371033660037
2,0,143,1789633754916385792,3812371033671000
2,0,144,1789633754916397056,3812371033681949
2,0,145,1789633754916408320,3812371033692922
2,0,146,1789633754916418560,3812371033703782
2,0,147,1789633754916429824,3812371033714745
2,0,148,1789633754916441088,3812371033725636
2,0,149,1789633754916451328,3812371033736612
2,0,150,1789633754916462592,3812371033747496
2,0,151,1789633754916473856,3812371033758469
2,0,152,1789633754916484096,3812371033769360
2,0,153,1789633754916495360,3812371033780342
2,0,154,1789633754916506624,3812371033791220
2,0,155,1789633754916516864,3812371033802208
2,0,156,1789633754916528128,3812371033813149
2,0,157,1789633754916539392,3812371033824029
2,0,158,1789633754916549632,3812371033834997
2,0,159,1789633754916560896,3812371033845949
2,0,160,1789633754916572160,3812371033856829
2,0,161,1789633754916582400,3812371033867880
2,0,162,1789633754916593664,3812371033878780
2,0,163,1789633754916604928,3812371033889776
2,0,164,1789633754916615168,3812371033900665
2,0,165,1789633754916626432,3812371033911648
2,0,166,1789633754916637696,3812371033922656
2,0,167,1789633754916648960,3812371033933640
2,0,168,1789633754916659200,3812371033944540
2,0,169,1789633754916670464,3812371033955536
2,0,170,1789633754916681728,3812371033966449
2,0,171,1789633754916691968,3812371033977440
2,0,172,1789633754916703232,3812371033988329
2,0,173,1789633754916714496,3812371033999322
2,0,174,1789633754916724736,3812371034010316
2,0,175,1789633754916736000,3812371034021197
2,0,176,1789633754916747264,3812371034032189
2,0,177,1789633754916758528,3812371034043168
2,0,178,1789633754916768768,3812371034054049
2,0,179,1789633754916780032,3812371034065037
2,0,180,1789633754916791296,3812371034076022
2,0,181,1789633754916801536,3812371034086908
2,0,182,1789633754916812800,3812371034097888
2,0,183,1789633754916824064,3812371034108857
2,0,184,1789633754916834304,3812371034119836
2,0,185,1789633754916845568,3812371034130722
2,0,186,1789633754916856832,3812371034141696
2,0,187,1789633754916867072,3812371034152682
2,0,188,1789633754916878336,3812371034163652
2,0,189,1789633754916889600,3812371034174473
2,0,190,1789633754916900864,3812371034185407
2,0,191,1789633754916911104,3812371034196298
2,0,192,1789633754916922368,3812371034207236
2,0,193,1789633754916933632,3812371034218147
2,0,194,1789633754916943872,3812371034229091
2,0,195,1789633754916955136,3812371034240009
2,0,196,1789633754916966400,3812371034250922
2,0,197,1789633754916976640,3812371034261871
2,0,198,1789633754916987904,3812371034272819
2,0,199,1789633754916999168,3812371034283722
2,0,200,1789633754917009408,3812371034294709
2,0,201,1789633754917020672,3812371034305627
2,0,202,1789633754917031936,3812371034316642
2,0,203,1789633754917042176,3812371034327579
2,0,204,1789633754917053440,3812371034338538
2,0,205,1789633754917064704,3812371034349460
2,0,206,1789633754917074944,3812371034360411
2,0,207,1789633754917086208,3812371034371216
2,0,208,1789633754917097472,3812371034382069
2,0,209,1789633754917107712,3812371034392882
2,0,210,1789633754917118976,3812371034403764
2,0,211,1789633754917129216,3812371034414529
2,0,212,1789633754917140480,3812371034425336
2,0,213,1789633754917151744,3812371034436187
2,0,214,1789633754917161984,3812371034447238
2,0,215,1789633754917173248,3812371034458066
2,0,216,1789633754917184512,3812371034468878
2,0,217,1789633754917194752,3812371034479729
2,0,218,1789633754917206016,3812371034490529
2,0,219,1789633754917216256,3812371034501367
2,0,220,1789633754917227520,3812371034512169
2,0,221,1789633754917237760,3812371034523049
2,0,222,1789633754917249024,3812371034533882
2,0,223,1789633754917260288,3812371034544824
2,0,224,1789633754917270528,3812371034555649
2,0,225,1789633754917281792,3812371034566429
2,0,226,1789633754917292032,3812371034577291
2,0,227,1789633754917303296,3812371034588091
2,0,228,1789633754917313536,3812371034598895
2,0,229,1789633754917324800,3812371034609715
2,0,230,1789633754917336064,3812371034620515
2,0,231,1789633754917346304,3812371034631378
2,0,232,1789633754917357568,3812371034642295
2,0,233,1789633754917367808,3812371034653138
2,0,234,1789633754917379072,3812371034664015
2,0,235,1789633754917390336,3812371034674846
2,0,236,1789633754917400576,3812371034685629
2,0,237,1789633754917411840,3812371034696462
2,0,238,1789633754917422080,3812371034707278
2,0,239,1789633754917433344,3812371034718118
2,0,240,1789633754917443584,3812371034728995
2,0,241,1789633754917454848,3812371034739924
2,0,242,1789633754917466112,3812371034750767
2,0,243,1789633754917476352,3812371034761578
2,0,244,1789633754917487616,3812371034772420
2,0,245,1789633754917497856,3812371034783260
2,0,246,1789633754917509120,3812371034794142
2,0,247,1789633754917520384,3812371034804953
2,0,248,1789633754917530624,3812371034815927
2,0,249,1789633754917541888,3812371034826775
2,0,250,1789633754917553152,3812371034837565
2,0,251,1789633754917563392,3812371034848420
2,0,252,1789633754917574656,3812371034859233
2,0,253,1789633754917584896,3812371034870080
2,0,254,1789633754917596160,3812371034880869
2,0,255,1789633754917606400,3812371034891702
2,0,256,1789633754917617664,3812371034902540
2,0,257,1789633754917628928,3812371034913549
2,0,258,1789633754917639168,3812371034924378
2,0,259,1789633754917650432,3812371034935215
2,0,260,1789633754917660672,3812371034946065
2,0,261,1789633754917671936,3812371034956889
2,0,262,1789633754917683200,3812371034967678
2,0,263,1789633754917693440,3812371034978529
2,0,264,1789633754917704704,3812371034989540
2,0,265,1789633754917715968,3812371035000411
2,0,266,1789633754917726208,3812371035011213
2,0,267,1789633754917737472,3812371035022064
2,0,268,1789633754917747712,3812371035032880
2,0,269,1789633754917758976,3812371035043755
2,0,270,1789633754917769216,3812371035054593
2,0,271,1789633754917780480,3812371035065640
2,0,272,1789633754917791744,3812371035076516
2,0,273,1789633754917801984,3812371035087360
2,0,274,1789633754917813248,3812371035098235
2,0,275,1789633754917824512,3812371035109049
2,0,276,1789633754917834752,3812371035119929
2,0,277,1789633754917846016,3812371035130809
2,0,278,1789633754917856256,3812371035141798
2,0,279,1789633754917867520,3812371035152692
2,0,280,1789633754917878784,3812371035163489
2,0,281,1789633754917889024,3812371035174315
2,0,282,1789633754917900288,3812371035185166
2,0,283,1789633754917911552,3812371035195980
2,0,284,1789633754917921792,3812371035206885
2,0,285,1789633754917933056,3812371035217865
2,0,286,1789633754917944320,3812371035228739
2,0,287,1789633754917954560,3812371035239580
2,0,288,1789633754917965824,3812371035250429
2,0,289,1789633754917976064,3812371035261246
2,0,290,1789633754917987328,3812371035272093
2,0,291,1789633754917997568,3812371035282960
2,0,292,1789633754918008832,3812371035293871
2,0,293,1789633754918020096,3812371035304755
2,0,294,1789633754918030336,3812371035315578
2,0,295,1789633754918041600,3812371035326466
2,0,296,1789633754918052864,3812371035337278
2,0,297,1789633754918063104,3812371035348071
2,0,298,1789633754918074368,3812371035358878
2,0,299,1789633754918084608,3812371035369684
2,0,300,1789633754918095872,3812371035380509
2,0,301,1789633754918106112,3812371035391515
2,0,302,1789633754918117376,3812371035402324
2,0,303,1789633754918128640,3812371035413191
2,0,304,1789633754918138880,3812371035424018
2,0,305,1789633754918150144,3812371035434849
2,0,306,1789633754918160384,3812371035445704
2,0,307,1789633754918171648,3812371035456582
2,0,308,1789633754918182912,3812371035467489
2,0,309,1789633754918193152,3812371035478331
2,0,310,1789633754918204416,3812371035489129
2,0,311,1789633754918214656,3812371035499992
2,0,312,1789633754918225920,3812371035510805
2,0,313,1789633754918237184,3812371035521580
2,0,314,1789633754918247424,3812371035532374
2,0,315,1789633754918258688,3812371035543166
2,0,316,1789633754918268928,3812371035554049
2,0,317,1789633754918280192,3812371035565055
2,0,318,1789633754918291456,3812371035575872
2,0,319,1789633754918301696,3812371035586689
2,0,320,1789633754918312960,3812371035597549
2,0,321,1789633754918323200,3812371035608360
2,0,322,1789633754918334464,3812371035619171
2,0,323,1789633754918344704,3812371035630038
2,0,324,1789633754918355968,3812371035640873
2,0,325,1789633754918367232,3812371035651678
2,0,326,1789633754918377472,3812371035662679
2,0,327,1789633754918388736,3812371035673520
2,0,328,1789633754918398976,3812371035684353
2,0,329,1789633754918410240,3812371035695209
2,0,330,1789633754918421504,3812371035706013
2,0,331,1789633754918431744,3812371035716869
2,0,332,1789633754918443008,3812371035727749
2,0,333,1789633754918453248,3812371035738662
2,0,334,1789633754918464512,3812371035749527
2,0,335,1789633754918475776,3812371035760386
2,0,336,1789633754918486016,3812371035771242
2,0,337,1789633754918497280,3812371035782018
2,0,338,1789633754918507520,3812371035792886
2,0,339,1789633754918518784,3812371035803738
2,0,340,1789633754918530048,3812371035814739
2,0,341,1789633754918540288,3812371035825635
2,0,342,1789633754918551552,3812371035836489
2,0,343,1789633754918562816,3812371035847424
2,0,344,1789633754918573056,3812371035858368
2,0,345,1789633754918584320,3812371035869346
2,0,346,1789633754918595584,3812371035880295
2,0,347,1789633754918605824,3812371035891218
2,0,348,1789633754918617088,3812371035902167
2,0,349,1789633754918628352,3812371035913080
2,0,350,1789633754918638592,3812371035924164
2,0,351,1789633754918649856,3812371035935116
2,0,352,1789633754918661120,3812371035946035
2,0,353,1789633754918672384,3812371035956991
2,0,354,1789633754918682624,3812371035967980
2,0,355,1789633754918693888,3812371035978889
2,0,356,1789633754918705152,3812371035989838
2,0,357,1789633754918715392,3812371036000787
2,0,358,1789633754918726656,3812371036011789
2,0,359,1789633754918737920,3812371036022704
2,0,360,1789633754918748160,3812371036033648
2,0,361,1789633754918759424,3812371036044600
2,0,362,1789633754918770688,3812371036055518
2,0,363,1789633754918780928,3812371036066418
2,0,364,1789633754918792192,3812371036077328
2,0,365,1789633754918803456,3812371036088258
2,0,366,1789633754918813696,3812371036099171
2,0,367,1789633754918824960,3812371036110088
2,0,368,1789633754918836224,3812371036121018
2,0,369,1789633754918846464,3812371036132047
2,0,370,1789633754918857728,3812371036142978
2,0,371,1789633754918868992,3812371036153928
2,0,372,1789633754918880256,3812371036164838
2,0,373,1789633754918890496,3812371036175806
2,0,374,1789633754918901760,3812371036186731
2,0,375,1789633754918913024,3812371036197665
2,0,376,1789633754918923264,3812371036208622
2,0,377,1789633754918934528,3812371036219560
2,0,378,1789633754918945792,3812371036230473
2,0,379,1789633754918956032,3812371036241418
2,0,380,1789633754918967296,3812371036252342
2,0,381,1789633754918978560,3812371036263453
2,0,382,1789633754918989824,3812371036274382
2,0,383,1789633754919000064,3812371036285371
2,0,384,1789633754919663616,3812371036949432
2,0,385,1789633754919674880,3812371036960382
2,0,386,1789633754919686144,3812371036971252
2,0,387,1789633754919697408,3812371036982095
2,0,388,1789633754919707648,3812371036993038
2,0,389,1789633754919718912,3812371037003880
2,0,390,1789633754919730176,3812371037014728
2,0,391,1789633754919740416,3812371037025606
2,0,392,1789633754919751680,3812371037036406
2,0,393,1789633754919761920,3812371037047266
2,0,394,1789633754919773184,3812371037058147
2,0,395,1789633754919784448,3812371037069128
2,0,396,1789633754919794688,3812371037079985
2,0,397,1789633754919805952,3812371037090835
2,0,398,1789633754919817216,3812371037101665
2,0,399,1789633754919827456,3812371037112532
2,0,400,1789633754919838720,3812371037123353
2,0,401,1789633754919848960,3812371037134208
2,0,402,1789633754919860224,3812371037145211
2,0,403,1789633754919871488,3812371037156048
2,0,404,1789633754919881728,3812371037166915
2,0,405,1789633754919892992,3812371037177820
2,0,406,1789633754919903232,3812371037188584
2,0,407,1789633754919914496,3812371037199435
2,0,408,1789633754919925760,3812371037210265
2,0,409,1789633754919936000,3812371037221328
2,0,410,1789633754919947264,3812371037232187
2,0,411,1789633754919958528,3812371037243029
2,0,412,1789633754919968768,3812371037253901
2,0,413,1789633754919980032,3812371037264735
2,0,414,1789633754919990272,3812371037275560
2,0,415,1789633754920001536,3812371037286466
2,0,416,1789633754920012800,3812371037297487
2,0,417,1789633754920023040,3812371037308380
2,0,418,1789633754920034304,3812371037319144
2,0,419,1789633754920044544,3812371037329989
2,0,420,1789633754920055808,3812371037340793
2,0,421,1789633754920067072,3812371037351691
2,0,422,1789633754920077312,3812371037362545
2,0,423,1789633754920088576,3812371037373555
2,0,424,1789633754920099840,3812371037384391
2,0,425,1789633754920110080,3812371037395269
2,0,426,1789633754920121344,3812371037406093
2,0,427,1789633754920131584,3812371037416971
2,0,428,1789633754920142848,3812371037427773
2,0,429,1789633754920154112,3812371037438647
2,0,430,1789633754920164352,3812371037449629
2,0,431,1789633754920175616,3812371037460465
2,0,432,1789633754920185856,3812371037471285
2,0,433,1789633754920197120,3812371037482141
2,0,434,1789633754920208384,3812371037492958
2,0,435,1789633754920218624,3812371037503773
2,0,436,1789633754920229888,3812371037514540
2,0,437,1789633754920240128,3812371037525362
2,0,438,1789633754920251392,3812371037536198
2,0,439,1789633754920261632,3812371037547184
2,0,440,1789633754920272896,3812371037558029
2,0,441,1789633754920284160,3812371037568885
2,0,442,1789633754920294400,3812371037579706
2,0,443,1789633754920305664,3812371037590529
2,0,444,1789633754920315904,3812371037601375
2,0,445,1789633754920327168,3812371037612213
2,0,446,1789633754920338432,3812371037623171
2,0,447,1789633754920348672,3812371037634053
2,0,448,1789633754920359936,3812371037644865
2,0,449,1789633754920371200,3812371037655698
2,0,450,1789633754920381440,3812371037666626
2,0,451,1789633754920392704,3812371037677573
2,0,452,1789633754920402944,3812371037688521
2,0,453,1789633754920414208,3812371037699462
2,0,454,1789633754920425472,3812371037710429
2,0,455,1789633754920436736,3812371037721365
2,0,456,1789633754920446976,3812371037732402
2,0,457,1789633754920458240,3812371037743373
2,0,458,1789633754920469504,3812371037754306
2,0,459,1789633754920479744,3812371037765227
2,0,460,1789633754920491008,3812371037776081
2,0,461,1789633754920502272,3812371037787058
2,0,462,1789633754920512512,3812371037797873
2,0,463,1789633754920523776,3812371037808691
2,0,464,1789633754920535040,3812371037819582
2,0,465,1789633754920545280,3812371037830353
2,0,466,1789633754920556544,3812371037841184
2,0,467,1789633754920566784,3812371037852040
2,0,468,1789633754920578048,3812371037862853
2,0,469,1789633754920588288,3812371037873705
2,0,470,1789633754920599552,3812371037884695
2,0,471,1789633754920610816,3812371037895551
2,0,472,1789633754920621056,3812371037906347
2,0,473,1789633754920632320,3812371037917205
2,0,474,1789633754920642560,3812371037928004
2,0,475,1789633754920653824,3812371037938807
2,0,476,1789633754920665088,3812371037949664
2,0,477,1789633754920675328,3812371037960698
2,0,478,1789633754920686592,3812371037971578
2,0,479,1789633754920697856,3812371037982382
2,0,480,1789633754920708096,3812371037993253
2,0,481,1789633754920719360,3812371038004058
2,0,482,1789633754920729600,3812371038014889
2,0,483,1789633754920740864,3812371038025691
2,0,484,1789633754920751104,3812371038036504
2,0,485,1789633754920762368,3812371038047320
2,0,486,1789633754920773632,3812371038058320
2,0,487,1789633754920783872,3812371038069158
2,0,488,1789633754920795136,3812371038079935
2,0,489,1789633754920805376,3812371038090781
2,0,490,1789633754920816640,3812371038101616
2,0,491,1789633754920827904,3812371038112420
2,0,492,1789633754920838144,3812371038123302
2,0,493,1789633754920849408,3812371038134304
2,0,494,1789633754920860672,3812371038145128
2,0,495,1789633754920870912,3812371038155980
2,0,496,1789633754920882176,3812371038166802
2,0,497,1789633754920892416,3812371038177629
2,0,498,1789633754920903680,3812371038188498
2,0,499,1789633754920913920,3812371038199295
2,0,500,1789633754920925184,3812371038210128
2,0,501,1789633754920936448,3812371038220928
2,0,502,1789633754920946688,3812371038231829
2,0,503,1789633754920957952,3812371038242713
2,0,504,1789633754920968192,3812371038253504
2,0,505,1789633754920979456,3812371038264345
2,0,506,1789633754920990720,3812371038275160
2,0,507,1789633754921000960,3812371038286028
2,0,508,1789633754921012224,3812371038296829
2,0,509,1789633754921022464,3812371038307644
2,0,510,1789633754921033728,3812371038318509
2,0,511,1789633754921043968,3812371038329467
2,0,512,1789633754921055232,3812371038340280
2,0,513,1789633754921066496,3812371038351078
2,0,514,1789633754921076736,3812371038361895
2,0,515,1789633754921088000,3812371038372698
2,0,516,1789633754921098240,3812371038383528
2,0,517,1789633754921109504,3812371038394328
2,0,518,1789633754921119744,3812371038405189
2,0,519,1789633754921131008,3812371038416045
2,0,520,1789633754921142272,3812371038426991
2,0,521,1789633754921152512,3812371038437835
2,0,522,1789633754921163776,3812371038448664
2,0,523,1789633754921175040,3812371038459502
2,0,524,1789633754921185280,3812371038470335
2,0,525,1789633754921196544,3812371038481128
2,0,526,1789633754921206784,3812371038491978
2,0,527,1789633754921218048,3812371038503008
2,0,528,1789633754921229312,3812371038513840
2,0,529,1789633754921239552,3812371038524691
2,0,530,1789633754921250816,3812371038535587
2,0,531,1789633754921261056,3812371038546404
2,0,532,1789633754921272320,3812371038557227
2,0,533,1789633754921283584,3812371038568058
2,0,534,1789633754921293824,3812371038579071
2,0,535,1789633754921305088,3812371038589931
2,0,536,1789633754921315328,3812371038600787
2,0,537,1789633754921326592,3812371038611620
2,0,538,1789633754921337856,3812371038622509
2,0,539,1789633754921348096,3812371038633455
2,0,540,1789633754921359360,3812371038644398
2,0,541,1789633754921370624,3812371038655355
2,0,542,1789633754921380864,3812371038666298
2,0,543,1789633754921392128,3812371038677233
2,0,544,1789633754921403392,3812371038688179
2,0,545,1789633754921413632,3812371038699135
2,0,546,1789633754921424896,3812371038710098
2,0,547,1789633754921436160,3812371038721013
2,0,548,1789633754921446400,3812371038731835
2,0,549,1789633754921457664,3812371038742695
2,0,550,1789633754921468928,3812371038753528
2,0,551,1789633754921479168,3812371038764498
2,0,552,1789633754921490432,3812371038775387
2,0,553,1789633754921501696,3812371038786218
2,0,554,1789633754921511936,3812371038797033
2,0,555,1789633754921523200,3812371038807909
2,0,556,1789633754921533440,3812371038818771
2,0,557,1789633754921544704,3812371038829629
2,0,558,1789633754921555968,3812371038840578
2,0,559,1789633754921566208,3812371038851415
2,0,560,1789633754921577472,3812371038862222
2,0,561,1789633754921587712,3812371038873078
2,0,562,1789633754921598976,3812371038884027
2,0,563,1789633754921610240,3812371038894844
2,0,564,1789633754921620480,3812371038905728
2,0,565,1789633754921631744,3812371038916673
2,0,566,1789633754921643008,3812371038927538
2,0,567,1789633754921653248,3812371038938329
2,0,568,1789633754921664512,3812371038949168
2,0,569,1789633754921674752,3812371038959980
2,0,570,1789633754921686016,3812371038970869
2,0,571,1789633754921696256,3812371038981707
2,0,572,1789633754921707520,3812371038992666
2,0,573,1789633754921718784,3812371039003494
2,0,574,1789633754921729024,3812371039014340
2,0,575,1789633754921740288,3812371039025211
2,0,576,1789633754921751552,3812371039036029
2,0,577,1789633754921761792,3812371039046813
2,0,578,1789633754921773056,3812371039057647
2,0,579,1789633754921783296,3812371039068464
2,0,580,1789633754921794560,3812371039079295
2,0,581,1789633754921804800,3812371039090291
2,0,582,1789633754921816064,3812371039101115
2,0,583,1789633754921827328,3812371039111984
2,0,584,1789633754921837568,3812371039122827
2,0,585,1789633754921848832,3812371039133615
2,0,586,1789633754921859072,3812371039144482
2,0,587,1789633754921870336,3812371039155287
2,0,588,1789633754921881600,3812371039166280
2,0,589,1789633754921891840,3812371039177098
2,0,590,1789633754921903104,3812371039187933
2,0,591,1789633754921913344,3812371039198807
2,0,592,1789633754921924608,3812371039209598
2,0,593,1789633754921935872,3812371039220415
2,0,594,1789633754921946112,3812371039231264
2,0,595,1789633754921957376,3812371039242098
2,0,596,1789633754921967616,3812371039252928
2,0,597,1789633754921978880,3812371039263807
2,0,598,1789633754921990144,3812371039274647
2,0,599,1789633754922000384,3812371039285453
2,0,600,1789633754922011648,3812371039296335
2,0,601,1789633754922021888,3812371039307135
2,0,602,1789633754922033152,3812371039317960
2,0,603,1789633754922043392,3812371039328753
2,0,604,1789633754922054656,3812371039339561
2,0,605,1789633754922065920,3812371039350438
2,0,606,1789633754922076160,3812371039361358
2,0,607,1789633754922087424,3812371039372186
2,0,608,1789633754922097664,3812371039383046
2,0,609,1789633754922108928,3812371039393855
2,0,610,1789633754922119168,3812371039404678
2,0,611,1789633754922130432,3812371039415488
2,0,612,1789633754922141696,3812371039426328
2,0,613,1789633754922151936,3812371039437189
2,0,614,1789633754922163200,3812371039448033
2,0,615,1789633754922173440,3812371039458986
2,0,616,1789633754922184704,3812371039469806
2,0,617,1789633754922195968,3812371039480664
2,0,618,1789633754922206208,3812371039491522
2,0,619,1789633754922217472,3812371039502358
2,0,620,1789633754922227712,3812371039513178
2,0,621,1789633754922238976,3812371039524066
2,0,622,1789633754922250240,3812371039535062
2,0,623,1789633754922260480,3812371039545942
2,0,624,1789633754922271744,3812371039556735
2,0,625,1789633754922283008,3812371039567568
2,0,626,1789633754922293248,3812371039578411
2,0,627,1789633754922304512,3812371039589219
2,0,628,1789633754922314752,3812371039600042
2,0,629,1789633754922326016,3812371039611082
2,0,630,1789633754922337280,3812371039621995
2,0,631,1789633754922347520,3812371039632818
2,0,632,1789633754922358784,3812371039643693
2,0,633,1789633754922370048,3812371039654578
2,0,634,1789633754922380288,3812371039665355
2,0,635,1789633754922391552,3812371039676221
2,0,636,1789633754922401792,3812371039687147
2,0,637,1789633754922413056,3812371039698053
2,0,638,1789633754922424320,3812371039708815
2,0,639,1789633754922434560,3812371039719678
2,0,640,1789633754922445824,3812371039730497
2,0,641,1789633754922456064,3812371039741402
2,0,642,1789633754922467328,3812371039752162
2,0,643,1789633754922477568,3812371039763021
2,0,644,1789633754922488832,3812371039773833
2,0,645,1789633754922500096,3812371039784777
2,0,646,1789633754922510336,3812371039795611
2,0,647,1789633754922521600,3812371039806437
2,0,648,1789633754922531840,3812371039817264
2,0,649,1789633754922543104,3812371039828093
2,0,650,1789633754922554368,3812371039838940
2,0,651,1789633754922564608,3812371039849764
2,0,652,1789633754922575872,3812371039860784
2,0,653,1789633754922587136,3812371039871622
2,0,654,1789633754922597376,3812371039882429
2,0,655,1789633754922608640,3812371039893277
2,0,656,1789633754922618880,3812371039904086
2,0,657,1789633754922630144,3812371039914915
2,0,658,1789633754922640384,3812371039925778
2,0,659,1789633754922651648,3812371039936607
2,0,660,1789633754922662912,3812371039947460
2,0,661,1789633754922673152,3812371039958402
2,0,662,1789633754922684416,3812371039969204
2,0,663,1789633754922694656,3812371039980006
2,0,664,1789633754922705920,3812371039990829
2,0,665,1789633754922717184,3812371040001673
2,0,666,1789633754922727424,3812371040012477
2,0,667,1789633754922738688,3812371040023282
2,0,668,1789633754922748928,3812371040034067
2,0,669,1789633754922760192,3812371040044928
2,0,670,1789633754922770432,3812371040055848
2,0,671,1789633754922781696,3812371040066702
2,0,672,1789633754922792960,3812371040077493
2,0,673,1789633754922803200,3812371040088357
2,0,674,1789633754922814464,3812371040099177
2,0,675,1789633754922824704,3812371040109984
2,0,676,1789633754922835968,3812371040120840
2,0,677,1789633754922846208,3812371040131664
2,0,678,1789633754922857472,3812371040142549
2,0,679,1789633754922868736,3812371040153481
2,0,680,1789633754922878976,3812371040164328
2,0,681,1789633754922890240,3812371040175155
2,0,682,1789633754922901504,3812371040186017
2,0,683,1789633754922911744,3812371040196822
2,0,684,1789633754922923008,3812371040207693
2,0,685,1789633754922933248,3812371040218529
2,0,686,1789633754922944512,3812371040229491
2,0,687,1789633754922955776,3812371040240355
2,0,688,1789633754922966016,3812371040251140
2,0,689,1789633754922977280,3812371040261993
2,0,690,1789633754922987520,3812371040272853
2,0,691,1789633754922998784,3812371040283677
2,0,692,1789633754923010048,3812371040294542
2,0,693,1789633754923020288,3812371040305589
2,0,694,1789633754923031552,3812371040316477
2,0,695,1789633754923042816,3812371040327295
2,0,696,1789633754923053056,3812371040338147
2,0,697,1789633754923064320,3812371040348977
2,0,698,1789633754923074560,3812371040359860
2,0,699,1789633754923085824,3812371040370735
2,0,700,1789633754923096064,3812371040381768
2,0,701,1789633754923107328,3812371040392606
2,0,702,1789633754923118592,3812371040403447
2,0,703,1789633754923128832,3812371040414262
2,0,704,1789633754923140096,3812371040425088
2,0,705,1789633754923151360,3812371040435955
2,0,706,1789633754923161600,3812371040446829
2,0,707,1789633754923172864,3812371040457727
2,0,708,1789633754923183104,3812371040468586
2,0,709,1789633754923194368,3812371040479391
2,0,710,1789633754923205632,3812371040490257
2,0,711,1789633754923215872,3812371040501040
2,0,712,1789633754923227136,3812371040511902
2,0,713,1789633754923237376,3812371040522724
2,0,714,1789633754923248640,3812371040533553
2,0,715,1789633754923258880,3812371040544406
2,0,716,1789633754923270144,3812371040555362
2,0,717,1789633754923281408,3812371040566186
2,0,718,1789633754923291648,3812371040577037
2,0,719,1789633754923302912,3812371040587866
2,0,720,1789633754923314176,3812371040598682
2,0,721,1789633754923324416,3812371040609487
2,0,722,1789633754923335680,3812371040620282
2,0,723,1789633754923345920,3812371040631095
2,0,724,1789633754923357184,3812371040641995
2,0,725,1789633754923367424,3812371040652897
2,0,726,1789633754923378688,3812371040663722
2,0,727,1789633754923389952,3812371040674524
2,0,728,1789633754923400192,3812371040685349
2,0,729,1789633754923411456,3812371040696129
2,0,730,1789633754923421696,3812371040706935
2,0,731,1789633754923432960,3812371040717746
2,0,732,1789633754923443200,3812371040728577
2,0,733,1789633754923454464,3812371040739377
2,0,734,1789633754923464704,3812371040750355
2,0,735,1789633754923475968,3812371040761128
2,0,736,1789633754923487232,3812371040771968
2,0,737,1789633754923497472,3812371040782793
2,0,738,1789633754923508736,3812371040793587
2,0,739,1789633754923518976,3812371040804393
2,0,740,1789633754923530240,3812371040815208
2,0,741,1789633754923541504,3812371040826057
2,0,742,1789633754923551744,3812371040836904
2,0,743,1789633754923563008,3812371040847895
2,0,744,1789633754923573248,3812371040858722
2,0,745,1789633754923584512,3812371040869560
2,0,746,1789633754923595776,3812371040880368
2,0,747,1789633754923606016,3812371040891217
2,0,748,1789633754923617280,3812371040902035
2,0,749,1789633754923627520,3812371040912911
2,0,750,1789633754923638784,3812371040923742
2,0,751,1789633754923650048,3812371040934595
2,0,752,1789633754923660288,3812371040945506
2,0,753,1789633754923671552,3812371040956386
2,0,754,1789633754923681792,3812371040967208
2,0,755,1789633754923693056,3812371040978067
2,0,756,1789633754923704320,3812371040988893
2,0,757,1789633754923714560,3812371040999744
2,0,758,1789633754923725824,3812371041010613
2,0,759,1789633754923736064,3812371041021648
2,0,760,1789633754923747328,3812371041032521
2,0,761,1789633754923758592,3812371041043382
2,0,762,1789633754923768832,3812371041054189
2,0,763,1789633754923780096,3812371041065053
2,0,764,1789633754923791360,3812371041075888
2,0,765,1789633754923801600,3812371041086724
2,0,766,1789633754923812864,3812371041097690
2,0,767,1789633754923823104,3812371041108554
2,0,768,1789633754923834368,3812371041119370
2,0,769,1789633754923845632,3812371041130269
2,0,770,1789633754923855872,3812371041141060
2,0,771,1789633754923867136,3812371041151986
2,0,772,1789633754923877376,3812371041162817
2,0,773,1789633754923888640,3812371041173789
2,0,774,1789633754923899904,3812371041184629
2,0,775,1789633754923910144,3812371041195453
2,0,776,1789633754923921408,3812371041206281
2,0,777,1789633754923931648,3812371041217110
2,0,778,1789633754923942912,3812371041227968
2,0,779,1789633754923954176,3812371041238799
2,0,780,1789633754923964416,3812371041249777
2,0,781,1789633754923975680,3812371041260647
2,0,782,1789633754923986944,3812371041271448
2,0,783,1789633754923997184,3812371041282353
2,0,784,1789633754924008448,3812371041293162
2,0,785,1789633754924018688,3812371041304066
2,0,786,1789633754924029952,3812371041314856
2,0,787,1789633754924040192,3812371041325864
2,0,788,1789633754924051456,3812371041336691
2,0,789,1789633754924062720,3812371041347520
2,0,790,1789633754924072960,3812371041358362
2,0,791,1789633754924084224,3812371041369193
2,0,792,1789633754924095488,3812371041379993
2,0,793,1789633754924105728,3812371041390817
2,0,794,1789633754924116992,3812371041401670
2,0,795,1789633754924127232,3812371041412506
2,0,796,1789633754924138496,3812371041423477
2,0,797,1789633754924149760,3812371041434355
2,0,798,1789633754924160000,3812371041445184
2,0,799,1789633754924171264,3812371041455986
2,0,800,1789633754924181504,3812371041466813
2,0,801,1789633754924192768,3812371041477604
2,0,802,1789633754924203008,3812371041488427
2,0,803,1789633754924214272,3812371041499253
2,0,804,1789633754924225536,3812371041510079
2,0,805,1789633754924235776,3812371041521029
2,0,806,1789633754924247040,3812371041531884
2,0,807,1789633754924257280,3812371041542715
2,0,808,1789633754924268544,3812371041553553
2,0,809,1789633754924279808,3812371041564377
2,0,810,1789633754924290048,3812371041575210
2,0,811,1789633754924301312,3812371041586027
2,0,812,1789633754924311552,3812371041597035
2,0,813,1789633754924322816,3812371041607807
2,0,814,1789633754924334080,3812371041621186
2,0,815,1789633754924344320,3812371041629424
2,0,816,1789633754924355584,3812371041640253
2,0,817,1789633754924365824,3812371041651057
2,0,818,1789633754924377088,3812371041661977
2,0,819,1789633754924387328,3812371041672790
2,0,820,1789633754924398592,3812371041683640
2,0,821,1789633754924409856,3812371041694550
2,0,822,1789633754924420096,3812371041705420
2,0,823,1789633754924431360,3812371041716235
2,0,824,1789633754924441600,3812371041727064
2,0,825,1789633754924452864,3812371041737862
2,0,826,1789633754924464128,3812371041748682
2,0,827,1789633754924474368,3812371041759577
2,0,828,1789633754924485632,3812371041770629
2,0,829,1789633754924496896,3812371041781469
2,0,830,1789633754924507136,3812371041792293
2,0,831,1789633754924518400,3812371041803137
2,0,832,1789633754924528640,3812371041814020
2,0,833,1789633754924539904,3812371041824855
2,0,834,1789633754924551168,3812371041835730
2,0,835,1789633754924561408,3812371041846506
2,0,836,1789633754924572672,3812371041857344
2,0,837,1789633754924582912,3812371041868273
2,0,838,1789633754924594176,3812371041879173
2,0,839,1789633754924605440,3812371041889981
2,0,840,1789633754924615680,3812371041900808
2,0,841,1789633754924626944,3812371041911587
2,0,842,1789633754924637184,3812371041922424
2,0,843,1789633754924648448,3812371041933293
2,0,844,1789633754924658688,3812371041944260
2,0,845,1789633754924669952,3812371041955128
2,0,846,1789633754924681216,3812371041965955
2,0,847,1789633754924691456,3812371041976864
2,0,848,1789633754924702720,3812371041987704
2,0,849,1789633754924713984,3812371041998571
2,0,850,1789633754924724224,3812371042009437
2,0,851,1789633754924735488,3812371042020457
2,0,852,1789633754924746752,3812371042031330
2,0,853,1789633754924756992,3812371042042149
2,0,854,1789633754924768256,3812371042053020
2,0,855,1789633754924778496,3812371042063854
2,0,856,1789633754924789760,3812371042074709
2,0,857,1789633754924800000,3812371042085528
2,0,858,1789633754924811264,3812371042096537
2,0,859,1789633754924822528,3812371042107377
2,0,860,1789633754924832768,3812371042118222
2,0,861,1789633754924844032,3812371042129042
2,0,862,1789633754924855296,3812371042139829
2,0,863,1789633754924865536,3812371042150729
2,0,864,1789633754924876800,3812371042161608
2,0,865,1789633754924887040,3812371042172627
2,0,866,1789633754924898304,3812371042183490
2,0,867,1789633754924909568,3812371042194277
2,0,868,1789633754924919808,3812371042205130
2,0,869,1789633754924931072,3812371042215942
2,0,870,1789633754924941312,3812371042226804
2,0,871,1789633754924952576,3812371042237635
2,0,872,1789633754924963840,3812371042248591
2,0,873,1789633754924974080,3812371042259453
2,0,874,1789633754924985344,3812371042270277
2,0,875,1789633754924995584,3812371042281109
2,0,876,1789633754925006848,3812371042291989
2,0,877,1789633754925018112,3812371042302810
2,0,878,1789633754925028352,3812371042313655
2,0,879,1789633754925039616,3812371042324693
2,0,880,1789633754925050880,3812371042335548
2,0,881,1789633754925061120,3812371042346353
2,0,882,1789633754925072384,3812371042357190
2,0,883,1789633754925082624,3812371042367993
2,0,884,1789633754925093888,3812371042378807
2,0,885,1789633754925104128,3812371042389655
2,0,886,1789633754925115392,3812371042400448
2,0,887,1789633754925126656,3812371042411290
2,0,888,1789633754925136896,3812371042422343
2,0,889,1789633754925148160,3812371042433220
2,0,890,1789633754925159424,3812371042444029
2,0,891,1789633754925169664,3812371042454855
2,0,892,1789633754925180928,3812371042465680
2,0,893,1789633754925191168,3812371042476522
2,0,894,1789633754925202432,3812371042487377
2,0,895,1789633754925212672,3812371042498302
2,0,896,1789633754925223936,3812371042509127
2,0,897,1789633754925235200,3812371042519920
2,0,898,1789633754925245440,3812371042530784
2,0,899,1789633754925256704,3812371042541557
2,0,900,1789633754925266944,3812371042552390
2,0,901,1789633754925278208,3812371042563193
2,0,902,1789633754925289472,3812371042574055
2,0,903,1789633754925299712,3812371042584867
2,0,904,1789633754925310976,3812371042595873
2,0,905,1789633754925321216,3812371042606710
2,0,906,1789633754925332480,3812371042617488
2,0,907,1789633754925343744,3812371042628349
2,0,908,1789633754925353984,3812371042639186
2,0,909,1789633754925365248,3812371042650053
2,0,910,1789633754925375488,3812371042660878
2,0,911,1789633754925386752,3812371042671690
2,0,912,1789633754925396992,3812371042682528
2,0,913,1789633754925408256,3812371042693480
2,0,914,1789633754925419520,3812371042704328
2,0,915,1789633754925429760,3812371042715138
2,0,916,1789633754925441024,3812371042726020
2,0,917,1789633754925452288,3812371042736855
2,0,918,1789633754925462528,3812371042747673
2,0,919,1789633754925473792,3812371042758553
2,0,920,1789633754925484032,3812371042769577
2,0,921,1789633754925495296,3812371042780433
2,0,922,1789633754925506560,3812371042791277
2,0,923,1789633754925516800,3812371042802161
2,0,924,1789633754925528064,3812371042812937
2,0,925,1789633754925538304,3812371042823777
2,0,926,1789633754925549568,3812371042834643
2,0,927,1789633754925560832,3812371042845657
2,0,928,1789633754925571072,3812371042856490
2,0,929,1789633754925582336,3812371042867337
2,0,930,1789633754925593600,3812371042878222
2,0,931,1789633754925603840,3812371042889090
2,0,932,1789633754925615104,3812371042899910
2,0,933,1789633754925625344,3812371042910803
2,0,934,1789633754925636608,3812371042921710
2,0,935,1789633754925647872,3812371042932555
2,0,936,1789633754925658112,3812371042943369
2,0,937,1789633754925669376,3812371042954215
2,0,938,1789633754925679616,3812371042965029
2,0,939,1789633754925690880,3812371042975857
2,0,940,1789633754925701120,3812371042986669
2,0,941,1789633754925712384,3812371042997497
2,0,942,1789633754925723648,3812371043008375
2,0,943,1789633754925733888,3812371043019257
2,0,944,1789633754925745152,3812371043030090
2,0,945,1789633754925755392,3812371043040907
2,0,946,1789633754925766656,3812371043051704
2,0,947,1789633754925777920,3812371043062509
2,0,948,1789633754925788160,3812371043073355
2,0,949,1789633754925799424,3812371043084235
2,0,950,1789633754925809664,3812371043095277
2,0,951,1789633754925820928,3812371043106128
2,0,952,1789633754925832192,3812371043116966
2,0,953,1789633754925842432,3812371043127783
2,0,954,1789633754925853696,3812371043138610
2,0,955,1789633754925863936,3812371043149409
2,0,956,1789633754925875200,3812371043160266
2,0,957,1789633754925886464,3812371043171086
2,0,958,1789633754925896704,3812371043182007
2,0,959,1789633754925907968,3812371043192878
2,0,960,1789633754925918208,3812371043203733
2,0,961,1789633754925929472,3812371043214549
2,0,962,1789633754925940736,3812371043225340
2,0,963,1789633754925950976,3812371043236137
2,0,964,1789633754925962240,3812371043246940
2,0,965,1789633754925972480,3812371043257753
2,0,966,1789633754925983744,3812371043268568
2,0,967,1789633754925993984,3812371043279429
2,0,968,1789633754926005248,3812371043290335
2,0,969,1789633754926016512,3812371043301177
2,0,970,1789633754926026752,3812371043311989
2,0,971,1789633754926038016,3812371043322829
2,0,972,1789633754926048256,3812371043333640
2,0,973,1789633754926059520,3812371043344480
2,0,974,1789633754926069760,3812371043355307
2,0,975,1789633754926081024,3812371043366117
2,0,976,1789633754926092288,3812371043376990
2,0,977,1789633754926102528,3812371043388006
2,0,978,1789633754926113792,3812371043398877
2,0,979,1789633754926125056,3812371043409697
2,0,980,1789633754926135296,3812371043420573
2,0,981,1789633754926146560,3812371043431393
2,0,982,1789633754926156800,3812371043442240
2,0,983,1789633754926168064,3812371043453084
2,0,984,1789633754926179328,3812371043464048
2,0,985,1789633754926189568,3812371043474895
2,0,986,1789633754926200832,3812371043485762
2,0,987,1789633754926211072,3812371043496584
2,0,988,1789633754926222336,3812371043507453
2,0,989,1789633754926233600,3812371043518277
2,0,990,1789633754926243840,3812371043529177
2,0,991,1789633754926255104,3812371043540137
2,0,992,1789633754926266368,3812371043551004
2,0,993,1789633754926276608,3812371043561835
2,0,994,1789633754926287872,3812371043572737
2,0,995,1789633754926298112,3812371043583533
2,0,996,1789633754926309376,3812371043594357
2,0,997,1789633754926320640,3812371043605211
2,0,998,1789633754926330880,3812371043616120
2,0,999,1789633754926342144,3812371043626964
2,0,1000,1789633754926352384,3812371043637803
2,0,1001,1789633754926363648,3812371043648626
2,0,1002,1789633754926374912,3812371043659446
2,0,1003,1789633754926385152,3812371043670289
2,0,1004,1789633754926396416,3812371043681128
2,0,1005,1789633754926406656,3812371043691977
2,0,1006,1789633754926417920,3812371043702853
2,0,1007,1789633754926428160,3812371043713755
2,0,1008,1789633754926439424,3812371043724657
2,0,1009,1789633754926450688,3812371043735477
2,0,1010,1789633754926460928,3812371043746335
2,0,1011,1789633754926472192,3812371043757175
2,0,1012,1789633754926483456,3812371043768029
2,0,1013,1789633754926493696,3812371043778848
2,0,1014,1789633754926504960,3812371043789737
2,0,1015,1789633754926515200,3812371043800610
2,0,1016,1789633754926526464,3812371043811433
2,0,1017,1789633754926536704,3812371043822253
2,0,1018,1789633754926547968,3812371043833046
2,0,1019,1789633754926559232,3812371043843955
2,0,1020,1789633754926569472,3812371043854802
2,0,1021,1789633754926580736,3812371043865603
2,0,1022,1789633754926590976,3812371043876435
2,0,1023,1789633754926602240,3812371043887280
2,0,1024,1789633754926613504,3812371043898128
2,0,1025,1789633754926623744,3812371043908964
2,0,1026,1789633754926635008,3812371043919777
2,0,1027,1789633754926645248,3812371043930589
2,0,1028,1789633754926656512,3812371043941431
2,0,1029,1789633754926666752,3812371043952255
2,0,1030,1789633754926678016,3812371043963071
2,0,1031,1789633754926689280,3812371043973928
2,0,1032,1789633754926699520,3812371043984833
2,0,1033,1789633754926710784,3812371043995637
2,0,1034,1789633754926721024,3812371044006464
2,0,1035,1789633754926732288,3812371044017309
2,0,1036,1789633754926743552,3812371044028133
2,0,1037,1789633754926753792,3812371044038984
2,0,1038,1789633754926765056,3812371044049755
2,0,1039,1789633754926775296,3812371044060586
2,0,1040,1789633754926786560,3812371044071466
2,0,1041,1789633754926796800,3812371044082393
2,0,1042,1789633754926808064,3812371044093237
2,0,1043,1789633754926819328,3812371044104054
2,0,1044,1789633754926829568,3812371044114920
2,0,1045,1789633754926840832,3812371044125757
2,0,1046,1789633754926851072,3812371044136601
2,0,1047,1789633754926862336,3812371044147441
2,0,1048,1789633754926873600,3812371044158469
2,0,1049,1789633754926883840,3812371044169317
2,0,1050,1789633754926895104,3812371044180149
2,0,1051,1789633754926906368,3812371044190980
2,0,1052,1789633754926916608,3812371044201795
2,0,1053,1789633754926927872,3812371044212617
2,0,1054,1789633754926938112,3812371044223440
2,0,1055,1789633754926949376,3812371044234288
2,0,1056,1789633754926959616,3812371044245146
2,0,1057,1789633754926970880,3812371044256088
2,0,1058,1789633754926982144,3812371044266963
2,0,1059,1789633754926992384,3812371044277846
2,0,1060,1789633754927003648,3812371044288664
2,0,1061,1789633754927014912,3812371044299528
2,0,1062,1789633754927025152,3812371044310288
2,0,1063,1789633754927036416,3812371044321175
2,0,1064,1789633754927046656,3812371044332210
2,0,1065,1789633754927057920,3812371044343055
2,0,1066,1789633754927069184,3812371044353873
2,0,1067,1789633754927079424,3812371044364770
2,0,1068,1789633754927090688,3812371044375583
2,0,1069,1789633754927100928,3812371044386457
2,0,1070,1789633754927112192,3812371044397288
2,0,1071,1789633754927123456,3812371044408293
2,0,1072,1789633754927133696,3812371044419140
2,0,1073,1789633754927144960,3812371044430010
2,0,1074,1789633754927156224,3812371044440830
2,0,1075,1789633754927166464,3812371044451664
2,0,1076,1789633754927177728,3812371044462489
2,0,1077,1789633754927187968,3812371044473361
2,0,1078,1789633754927199232,3812371044484377
2,0,1079,1789633754927210496,3812371044495246
2,0,1080,1789633754927220736,3812371044506069
2,0,1081,1789633754927232000,3812371044516913
2,0,1082,1789633754927242240,3812371044527753
2,0,1083,1789633754927253504,3812371044538617
2,0,1084,1789633754927264768,3812371044549451
2,0,1085,1789633754927275008,3812371044560415
2,0,1086,1789633754927286272,3812371044571253
2,0,1087,1789633754927296512,3812371044582084
2,0,1088,1789633754927307776,3812371044592923
2,0,1089,1789633754927319040,3812371044603760
2,0,1090,1789633754927329280,3812371044614597
2,0,1091,1789633754927340544,3812371044625395
2,0,1092,1789633754927350784,3812371044636435
2,0,1093,1789633754927362048,3812371044647266
2,0,1094,1789633754927373312,3812371044658106
2,0,1095,1789633754927383552,3812371044668993
2,0,1096,1789633754927394816,3812371044679777
2,0,1097,1789633754927405056,3812371044690615
2,0,1098,1789633754927416320,3812371044701404
2,0,1099,1789633754927427584,3812371044712488
2,0,1100,1789633754927437824,3812371044723377
2,0,1101,1789633754927449088,3812371044734166
2,0,1102,1789633754927460352,3812371044745030
2,0,1103,1789633754927470592,3812371044755860
2,0,1104,1789633754927481856,3812371044766695
2,0,1105,1789633754927492096,3812371044777533
2,0,1106,1789633754927503360,3812371044788593
2,0,1107,1789633754927514624,3812371044799435
2,0,1108,1789633754927524864,3812371044810290
2,0,1109,1789633754927536128,3812371044821163
2,0,1110,1789633754927547392,3812371044831977
2,0,1111,1789633754927557632,3812371044842817
2,0,1112,1789633754927568896,3812371044853641
2,0,1113,1789633754927579136,3812371044864426
2,0,1114,1789633754927590400,3812371044875235
2,0,1115,1789633754927600640,3812371044886246
2,0,1116,1789633754927611904,3812371044897079
2,0,1117,1789633754927623168,3812371044907859
2,0,1118,1789633754927633408,3812371044918726
2,0,1119,1789633754927644672,3812371044929543
2,0,1120,1789633754927654912,3812371044940373
2,0,1121,1789633754927666176,3812371044951189
2,0,1122,1789633754927676416,3812371044962226
2,0,1123,1789633754927687680,3812371044973064
2,0,1124,1789633754927698944,3812371044983837
2,0,1125,1789633754927709184,3812371044994737
2,0,1126,1789633754927720448,3812371045005539
2,0,1127,1789633754927731712,3812371045016349
2,0,1128,1789633754927741952,3812371045027149
2,0,1129,1789633754927753216,3812371045037955
2,0,1130,1789633754927763456,3812371045048746
2,0,1131,1789633754927774720,3812371045059786
2,0,1132,1789633754927785984,3812371045070646
2,0,1133,1789633754927796224,3812371045081463
2,0,1134,1789633754927807488,3812371045092298
2,0,1135,1789633754927817728,3812371045103110
2,0,1136,1789633754927828992,3812371045113902
2,0,1137,1789633754927839232,3812371045124709
2,0,1138,1789633754927850496,3812371045135497
2,0,1139,1789633754927860736,3812371045146379
2,0,1140,1789633754927872000,3812371045157288
2,0,1141,1789633754927883264,3812371045168153
2,0,1142,1789633754927893504,3812371045178955
2,0,1143,1789633754927904768,3812371045189778
2,0,1144,1789633754927915008,3812371045200577
2,0,1145,1789633754927926272,3812371045211415
2,0,1146,1789633754927937536,3812371045222253
2,0,1147,1789633754927947776,3812371045233109
2,0,1148,1789633754927959040,3812371045244053
2,0,1149,1789633754927970304,3812371045254930
2,0,1150,1789633754927980544,3812371045265777
2,0,1151,1789633754927991808,3812371045276635
2,0,1152,1789633754928002048,3812371045287415
2,0,1153,1789633754928013312,3812371045298261
2,0,1154,1789633754928023552,3812371045309153
2,0,1155,1789633754928034816,3812371045319993
2,0,1156,1789633754928046080,3812371045331010
2,0,1157,1789633754928056320,3812371045341869
2,0,1158,1789633754928067584,3812371045352709
2,0,1159,1789633754928078848,3812371045363513
2,0,1160,1789633754928089088,3812371045374346
2,0,1161,1789633754928100352,3812371045385235
2,0,1162,1789633754928110592,3812371045396106
2,0,1163,1789633754928121856,3812371045407077
2,0,1164,1789633754928133120,3812371045417935
2,0,1165,1789633754928143360,3812371045428764
2,0,1166,1789633754928154624,3812371045439589
2,0,1167,1789633754928164864,3812371045450402
2,0,1168,1789633754928176128,3812371045461286
2,0,1169,1789633754928187392,3812371045472108
2,0,1170,1789633754928197632,3812371045483057
2,0,1171,1789633754928208896,3812371045493909
2,0,1172,1789633754928220160,3812371045504739
2,0,1173,1789633754928230400,3812371045515557
2,0,1174,1789633754928241664,3812371045526382
2,0,1175,1789633754928251904,3812371045537213
2,0,1176,1789633754928263168,3812371045548057
2,0,1177,1789633754928273408,3812371045558869
2,0,1178,1789633754928284672,3812371045569704
2,0,1179,1789633754928294912,3812371045580608
2,0,1180,1789633754928306176,3812371045591446
2,0,1181,1789633754928317440,3812371045602255
2,0,1182,1789633754928327680,3812371045613096
2,0,1183,1789633754928338944,3812371045623906
2,0,1184,1789633754928349184,3812371045634746
2,0,1185,1789633754928360448,3812371045645544
2,0,1186,1789633754928371712,3812371045656379
2,0,1187,1789633754928381952,3812371045667218
2,0,1188,1789633754928393216,3812371045678153
2,0,1189,1789633754928403456,3812371045689015
2,0,1190,1789633754928414720,3812371045699882
2,0,1191,1789633754928425984,3812371045710695
2,0,1192,1789633754928436224,3812371045721519
2,0,1193,1789633754928447488,3812371045732309
2,0,1194,1789633754928457728,3812371045743110
2,0,1195,1789633754928468992,3812371045754017
2,0,1196,1789633754928479232,3812371045764837
2,0,1197,1789633754928490496,3812371045775702
2,0,1198,1789633754928501760,3812371045786561
2,0,1199,1789633754928512000,3812371045797361
2,0,1200,1789633754928523264,3812371045808248
2,0,1201,1789633754928533504,3812371045819062
2,0,1202,1789633754928544768,3812371045829901
2,0,1203,1789633754928556032,3812371045840770
2,0,1204,1789633754928566272,3812371045851583
2,0,1205,1789633754928577536,3812371045862453
2,0,1206,1789633754928587776,3812371045873319
2,0,1207,1789633754928599040,3812371045884193
2,0,1208,1789633754928610304,3812371045894962
2,0,1209,1789633754928620544,3812371045905817
2,0,1210,1789633754928631808,3812371045916633
2,0,1211,1789633754928642048,3812371045927543
2,0,1212,1789633754928653312,3812371045938410
2,0,1213,1789633754928664576,3812371045949453
2,0,1214,1789633754928674816,3812371045960269
2,0,1215,1789633754928686080,3812371045971126
2,0,1216,1789633754928697344,3812371045982013
2,0,1217,1789633754928707584,3812371045992855
2,0,1218,1789633754928718848,3812371046003689
2,0,1219,1789633754928729088,3812371046014538
2,0,1220,1789633754928740352,3812371046025493
2,0,1221,1789633754928751616,3812371046036355
2,0,1222,1789633754928761856,3812371046047186
2,0,1223,1789633754928773120,3812371046058086
2,0,1224,1789633754928783360,3812371046068890
2,0,1225,1789633754928794624,3812371046079786
2,0,1226,1789633754928805888,3812371046090626
2,0,1227,1789633754928816128,3812371046101578
2,0,1228,1789633754928827392,3812371046112419
2,0,1229,1789633754928838656,3812371046123266
2,0,1230,1789633754928848896,3812371046134101
2,0,1231,1789633754928860160,3812371046144946
2,0,1232,1789633754928870400,3812371046155784
2,0,1233,1789633754928881664,3812371046167229
2,0,1234,1789633754928891904,3812371046177570
2,0,1235,1789633754928903168,3812371046188414
2,0,1236,1789633754928914432,3812371046199226
2,0,1237,1789633754928924672,3812371046210078
2,0,1238,1789633754928935936,3812371046220912
2,0,1239,1789633754928946176,3812371046231776
2,0,1240,1789633754928957440,3812371046242610
2,0,1241,1789633754928968704,3812371046253662
2,0,1242,1789633754928978944,3812371046264569
2,0,1243,1789633754928990208,3812371046275401
2,0,1244,1789633754929001472,3812371046286226
2,0,1245,1789633754929011712,3812371046297081
2,0,1246,1789633754929022976,3812371046307848
2,0,1247,1789633754929033216,3812371046318702
2,0,1248,1789633754929044480,3812371046329741
2,0,1249,1789633754929055744,3812371046340616
2,0,1250,1789633754929065984,3812371046351441
2,0,1251,1789633754929077248,3812371046362306
2,0,1252,1789633754929088512,3812371046373129
2,0,1253,1789633754929098752,3812371046384011
2,0,1254,1789633754929110016,3812371046394886
2,0,1255,1789633754929120256,3812371046405821
2,0,1256,1789633754929131520,3812371046416666
2,0,1257,1789633754929142784,3812371046427458
2,0,1258,1789633754929153024,3812371046438298
2,0,1259,1789633754929164288,3812371046449126
2,0,1260,1789633754929174528,3812371046459949
2,0,1261,1789633754929185792,3812371046470749
2,0,1262,1789633754929196032,3812371046481574
2,0,1263,1789633754929207296,3812371046492452
2,0,1264,1789633754929218560,3812371046503358
2,0,1265,1789633754929228800,3812371046514201
2,0,1266,1789633754929240064,3812371046525021
2,0,1267,1789633754929250304,3812371046535896
2,0,1268,1789633754929261568,3812371046546709
2,0,1269,1789633754929272832,3812371046557558
2,0,1270,1789633754929283072,3812371046568406
2,0,1271,1789633754929294336,3812371046579466
2,0,1272,1789633754929305600,3812371046590302
2,0,1273,1789633754929315840,3812371046601164
2,0,1274,1789633754929327104,3812371046611966
2,0,1275,1789633754929337344,3812371046622808
2,0,1276,1789633754929348608,3812371046633596
2,0,1277,1789633754929358848,3812371046644411
2,0,1278,1789633754929370112,3812371046655201
2,0,1279,1789633754929381376,3812371046665989
2,0,1280,1789633754929391616,3812371046677006
2,0,1281,1789633754929402880,3812371046687826
2,0,1282,1789633754929413120,3812371046698622
2,0,1283,1789633754929424384,3812371046709436
2,0,1284,1789633754929435648,3812371046720261
2,0,1285,1789633754929445888,3812371046731049
2,0,1286,1789633754929457152,3812371046741979
2,0,1287,1789633754929467392,3812371046752798
2,0,1288,1789633754929478656,3812371046763616
2,0,1289,1789633754929488896,3812371046774506
2,0,1290,1789633754929500160,3812371046785362
2,0,1291,1789633754929511424,3812371046796129
2,0,1292,1789633754929521664,3812371046806986
2,0,1293,1789633754929532928,3812371046817786
2,0,1294,1789633754929543168,3812371046828651
2,0,1295,1789633754929554432,3812371046839509
2,0,1296,1789633754929565696,3812371046850358
2,0,1297,1789633754929575936,3812371046861221
2,0,1298,1789633754929587200,3812371046872149
2,0,1299,1789633754929597440,3812371046883046
2,0,1300,1789633754929608704,3812371046893854
2,0,1301,1789633754929619968,3812371046904691
2,0,1302,1789633754929630208,3812371046915526
2,0,1303,1789633754929641472,3812371046926366
2,0,1304,1789633754929651712,3812371046937198
2,0,1305,1789633754929662976,3812371046948128
2,0,1306,1789633754929674240,3812371046959006
2,0,1307,1789633754929684480,3812371046969829
2,0,1308,1789633754929695744,3812371046980740
2,0,1309,1789633754929705984,3812371046991542
2,0,1310,1789633754929717248,3812371047002378
2,0,1311,1789633754929728512,3812371047013201
2,0,1312,1789633754929738752,3812371047024231
2,0,1313,1789633754929750016,3812371047035079
2,0,1314,1789633754929761280,3812371047045931
2,0,1315,1789633754929771520,3812371047056829
2,0,1316,1789633754929782784,3812371047067658
2,0,1317,1789633754929793024,3812371047078438
2,0,1318,1789633754929804288,3812371047089341
2,0,1319,1789633754929815552,3812371047100306
2,0,1320,1789633754929825792,3812371047111174
2,0,1321,1789633754929837056,3812371047121996
2,0,1322,1789633754929847296,3812371047132847
2,0,1323,1789633754929858560,3812371047143671
2,0,1324,1789633754929869824,3812371047154528
2,0,1325,1789633754929880064,3812371047165376
2,0,1326,1789633754929891328,3812371047176408
2,0,1327,1789633754929902592,3812371047187271
2,0,1328,1789633754929912832,3812371047198106
2,0,1329,1789633754929924096,3812371047208966
2,0,1330,1789633754929934336,3812371047219808
2,0,1331,1789633754929945600,3812371047230611
2,0,1332,1789633754929955840,3812371047241438
2,0,1333,1789633754929967104,3812371047252221
2,0,1334,1789633754929978368,3812371047263086
2,0,1335,1789633754929988608,3812371047274022
2,0,1336,1789633754929999872,3812371047284848
2,0,1337,1789633754930010112,3812371047295674
2,0,1338,1789633754930021376,3812371047306521
2,0,1339,1789633754930032640,3812371047317349
2,0,1340,1789633754930042880,3812371047328141
2,0,1341,1789633754930054144,3812371047338986
2,0,1342,1789633754930064384,3812371047349789
2,0,1343,1789633754930075648,3812371047360614
2,0,1344,1789633754930085888,3812371047371574
2,0,1345,1789633754930097152,3812371047382389
2,0,1346,1789633754930108416,3812371047393226
2,0,1347,1789633754930118656,3812371047404049
2,0,1348,1789633754930129920,3812371047414906
2,0,1349,1789633754930140160,3812371047425676
2,0,1350,1789633754930151424,3812371047436448
2,0,1351,1789633754930162688,3812371047447301
2,0,1352,1789633754930172928,3812371047458138
2,0,1353,1789633754930184192,3812371047469085
2,0,1354,1789633754930194432,3812371047479949
2,0,1355,1789633754930205696,3812371047490755
2,0,1356,1789633754930216960,3812371047501629
2,0,1357,1789633754930227200,3812371047512471
2,0,1358,1789633754930238464,3812371047523282
2,0,1359,1789633754930248704,3812371047534128
2,0,1360,1789633754930259968,3812371047545105
2,0,1361,1789633754930271232,3812371047555954
2,0,1362,1789633754930281472,3812371047566749
2,0,1363,1789633754930292736,3812371047577625
2,0,1364,1789633754930302976,3812371047588429
2,0,1365,1789633754930314240,3812371047599298
2,0,1366,1789633754930325504,3812371047610149
2,0,1367,1789633754930335744,3812371047621195
2,0,1368,1789633754930347008,3812371047632048
2,0,1369,1789633754930358272,3812371047642844
2,0,1370,1789633754930368512,3812371047653709
2,0,1371,1789633754930379776,3812371047664571
2,0,1372,1789633754930390016,3812371047675398
2,0,1373,1789633754930401280,3812371047686235
2,0,1374,1789633754930411520,3812371047697272
2,0,1375,1789633754930422784,3812371047708131
2,0,1376,1789633754930434048,3812371047718928
2,0,1377,1789633754930444288,3812371047729780
2,0,1378,1789633754930455552,3812371047740648
2,0,1379,1789633754930466816,3812371047751505
2,0,1380,1789633754930477056,3812371047762311
2,0,1381,1789633754930488320,3812371047773371
2,0,1382,1789633754930499584,3812371047784249
2,0,1383,1789633754930509824,3812371047795078
2,0,1384,1789633754930521088,3812371047805964
2,0,1385,1789633754930531328,3812371047816795
2,0,1386,1789633754930542592,3812371047827641
2,0,1387,1789633754930553856,3812371047838509
2,0,1388,1789633754930564096,3812371047849421
2,0,1389,1789633754930575360,3812371047860288
2,0,1390,1789633754930585600,3812371047871149
2,0,1391,1789633754930596864,3812371047882021
2,0,1392,1789633754930608128,3812371047892845
2,0,1393,1789633754930618368,3812371047903691
2,0,1394,1789633754930629632,3812371047914482
2,0,1395,1789633754930639872,3812371047925528
2,0,1396,1789633754930651136,3812371047936374
2,0,1397,1789633754930662400,3812371047947185
2,0,1398,1789633754930672640,3812371047958024
2,0,1399,1789633754930683904,3812371047968878
2,0,1400,1789633754930694144,3812371047979721
2,0,1401,1789633754930705408,3812371047990564
2,0,1402,1789633754930716672,3812371048001355
2,0,1403,1789633754930726912,3812371048012195
2,0,1404,1789633754930738176,3812371048023165
2,0,1405,1789633754930748416,3812371048034048
2,0,1406,1789633754930759680,3812371048044909
2,0,1407,1789633754930770944,3812371048055740
2,0,1408,1789633754930781184,3812371048066559
2,0,1409,1789633754930792448,3812371048077359
2,0,1410,1789633754930802688,3812371048088165
2,0,1411,1789633754930813952,3812371048099145
2,0,1412,1789633754930825216,3812371048109941
2,0,1413,1789633754930835456,3812371048120741
2,0,1414,1789633754930846720,3812371048131601
2,0,1415,1789633754930856960,3812371048142421
2,0,1416,1789633754930868224,3812371048153245
2,0,1417,1789633754930878464,3812371048164051
2,0,1418,1789633754930889728,3812371048174839
2,0,1419,1789633754930900992,3812371048185671
2,0,1420,1789633754930911232,3812371048196461
2,0,1421,1789633754930922496,3812371048207299
2,0,1422,1789633754930932736,3812371048218239
2,0,1423,1789633754930944000,3812371048229109
2,0,1424,1789633754930955264,3812371048239902
2,0,1425,1789633754930965504,3812371048250715
2,0,1426,1789633754930976768,3812371048261531
2,0,1427,1789633754930987008,3812371048272352
2,0,1428,1789633754930998272,3812371048283109
2,0,1429,1789633754931008512,3812371048293909
2,0,1430,1789633754931019776,3812371048304761
2,0,1431,1789633754931030016,3812371048315681
2,0,1432,1789633754931041280,3812371048326541
2,0,1433,1789633754931052544,3812371048337315
2,0,1434,1789633754931062784,3812371048348208
2,0,1435,1789633754931074048,3812371048359041
2,0,1436,1789633754931084288,3812371048369891
2,0,1437,1789633754931095552,3812371048380731
2,0,1438,1789633754931106816,3812371048391761
2,0,1439,1789633754931117056,3812371048402629
2,0,1440,1789633754931128320,3812371048413481
2,0,1441,1789633754931139584,3812371048424349
2,0,1442,1789633754931149824,3812371048435162
2,0,1443,1789633754931161088,3812371048445998
2,0,1444,1789633754931171328,3812371048456865
2,0,1445,1789633754931182592,3812371048467855
2,0,1446,1789633754931193856,3812371048478715
2,0,1447,1789633754931204096,3812371048489591
2,0,1448,1789633754931215360,3812371048500429
2,0,1449,1789633754931226624,3812371048511258
2,0,1450,1789633754931236864,3812371048522074
2,0,1451,1789633754931248128,3812371048532921
2,0,1452,1789633754931258368,3812371048543935
2,0,1453,1789633754931269632,3812371048554789
2,0,1454,1789633754931280896,3812371048565641
2,0,1455,1789633754931291136,3812371048576509
2,0,1456,1789633754931302400,3812371048587365
2,0,1457,1789633754931312640,3812371048598205
2,0,1458,1789633754931323904,3812371048609088
2,0,1459,1789633754931335168,3812371048620122
2,0,1460,1789633754931345408,3812371048630995
2,0,1461,1789633754931356672,3812371048641831
2,0,1462,1789633754931367936,3812371048652705
2,0,1463,1789633754931378176,3812371048663501
2,0,1464,1789633754931389440,3812371048674361
2,0,1465,1789633754931399680,3812371048685225
2,0,1466,1789633754931410944,3812371048696177
2,0,1467,1789633754931422208,3812371048707061
2,0,1468,1789633754931432448,3812371048717875
2,0,1469,1789633754931443712,3812371048728689
2,0,1470,1789633754931453952,3812371048739525
2,0,1471,1789633754931465216,3812371048750321
2,0,1472,1789633754931476480,3812371048761168
2,0,1473,1789633754931486720,3812371048771974
2,0,1474,1789633754931497984,3812371048782821
2,0,1475,1789633754931508224,3812371048793724
2,0,1476,1789633754931519488,3812371048804537
2,0,1477,1789633754931529728,3812371048815345
2,0,1478,1789633754931540992,3812371048826214
2,0,1479,1789633754931552256,3812371048837028
2,0,1480,1789633754931562496,3812371048847828
2,0,1481,1789633754931573760,3812371048858628
2,0,1482,1789633754931584000,3812371048869448
2,0,1483,1789633754931595264,3812371048880278
2,0,1484,1789633754931605504,3812371048891275
2,0,1485,1789633754931616768,3812371048902155
2,0,1486,1789633754931628032,3812371048912988
2,0,1487,1789633754931638272,3812371048923785
2,0,1488,1789633754931649536,3812371048934641
2,0,1489,1789633754931660800,3812371048945479
2,0,1490,1789633754931671040,3812371048956071
2,0,1491,1789633754931681280,3812371048966651
2,0,1492,1789633754931692544,3812371048977232
2,0,1493,1789633754931702784,3812371048987875
2,0,1494,1789633754931714048,3812371048998551
2,0,1495,1789633754931724288,3812371049009218
2,0,1496,1789633754931734528,3812371049019908
2,0,1497,1789633754931745792,3812371049030555
2,0,1498,1789633754931756032,3812371049041141
2,0,1499,1789633754931767296,3812371049051731
2,0,1500,1789633754931777536,3812371049062302
2,0,1501,1789633754931787776,3812371049072889
2,0,1502,1789633754931799040,3812371049083528
2,0,1503,1789633754931809280,3812371049094157
2,0,1504,1789633754931819520,3812371049104815
2,0,1505,1789633754931830784,3812371049115525
2,0,1506,1789633754931841024,3812371049126174
2,0,1507,1789633754931852288,3812371049136959
2,0,1508,1789633754931862528,3812371049147608
2,0,1509,1789633754931872768,3812371049158188
2,0,1510,1789633754931884032,3812371049168775
2,0,1511,1789633754931894272,3812371049179411
2,0,1512,1789633754931905536,3812371049189988
2,0,1513,1789633754931915776,3812371049200605
2,0,1514,1789633754931926016,3812371049211224
2,0,1515,1789633754931937280,3812371049221871
2,0,1516,1789633754931947520,3812371049232571
2,0,1517,1789633754931957760,3812371049243225
2,0,1518,1789633754931969024,3812371049254048
2,0,1519,1789633754931979264,3812371049264699
2,0,1520,1789633754931990528,3812371049275501
2,0,1521,1789633754932000768,3812371049286174
2,0,1522,1789633754932012032,3812371049296988
2,0,1523,1789633754932022272,3812371049307608
2,0,1524,1789633754932033536,3812371049318428
2,0,1525,1789633754932043776,3812371049329035
2,0,1526,1789633754932055040,3812371049339621
2,0,1527,1789633754932065280,3812371049350261
2,0,1528,1789633754932075520,3812371049360835
2,0,1529,1789633754932086784,3812371049371459
2,0,1530,1789633754932097024,3812371049382105
2,0,1531,1789633754932107264,3812371049392688
2,0,1532,1789633754932118528,3812371049403335
2,0,1533,1789633754932128768,3812371049414085
2,0,1534,1789633754932140032,3812371049424728
2,0,1535,1789633754932150272,3812371049435452
2,0,1536,1789633754932161536,3812371049446091
2,0,1537,1789633754932171776,3812371049456695
2,0,1538,1789633754932182016,3812371049467288
2,0,1539,1789633754932193280,3812371049477881
2,0,1540,1789633754932203520,3812371049488502
2,0,1541,1789633754932213760,3812371049499121
2,0,1542,1789633754932225024,3812371049509704
2,0,1543,1789633754932235264,3812371049520345
2,0,1544,1789633754932245504,3812371049531041
2,0,1545,1789633754932256768,3812371049541665
2,0,1546,1789633754932267008,3812371049552251
2,0,1547,1789633754932278272,3812371049562848
2,0,1548,1789633754932288512,3812371049573471
2,0,1549,1789633754932298752,3812371049584049
2,0,1550,1789633754932310016,3812371049594701
2,0,1551,1789633754932320256,3812371049605322
2,0,1552,1789633754932330496,3812371049619354
2,0,1553,1789633754932341760,3812371049626732
2,0,1554,1789633754932352000,3812371049637341
2,0,1555,1789633754932363264,3812371049648085
2,0,1556,1789633754932373504,3812371049658671
2,0,1557,1789633754932384768,3812371049669272
2,0,1558,1789633754932395008,3812371049679878
2,0,1559,1789633754932405248,3812371049690475
2,0,1560,1789633754932416512,3812371049701088
2,0,1561,1789633754932426752,3812371049711687
2,0,1562,1789633754932436992,3812371049722322
2,0,1563,1789633754932448256,3812371049732960
2,0,1564,1789633754932458496,3812371049743712
2,0,1565,1789633754932469760,3812371049754322
2,0,1566,1789633754932480000,3812371049764960
2,0,1567,1789633754932490240,3812371049775517
2,0,1568,1789633754932501504,3812371049786120
2,0,1569,1789633754932511744,3812371049796730
2,0,1570,1789633754932521984,3812371049807379
2,0,1571,1789633754932533248,3812371049817960
2,0,1572,1789633754932543488,3812371049828585
2,0,1573,1789633754932554752,3812371049839272
2,0,1574,1789633754932564992,3812371049849947
2,0,1575,1789633754932575232,3812371049860508
2,0,1576,1789633754932586496,3812371049871122
2,0,1577,1789633754932596736,3812371049881740
2,0,1578,1789633754932606976,3812371049892308
2,0,1579,1789633754932618240,3812371049902967
2,0,1580,1789633754932628480,3812371049913587
2,0,1581,1789633754932639744,3812371049924222
2,0,1582,1789633754932649984,3812371049934972
2,0,1583,1789633754932660224,3812371049945617
2,0,1584,1789633754932671488,3812371049956322
2,0,1585,1789633754932681728,3812371049966947
2,0,1586,1789633754932692992,3812371049977532
2,0,1587,1789633754932703232,3812371049988117
2,0,1588,1789633754932713472,3812371049998727
2,0,1589,1789633754932724736,3812371050009352
2,0,1590,1789633754932734976,3812371050019979
2,0,1591,1789633754932745216,3812371050030590
2,0,1592,1789633754932756480,3812371050041237
2,0,1593,1789633754932766720,3812371050051908
2,0,1594,1789633754932777984,3812371050062574
2,0,1595,1789633754932788224,3812371050073150
2,0,1596,1789633754932798464,3812371050083732
2,0,1597,1789633754932809728,3812371050094365
2,0,1598,1789633754932819968,3812371050104948
2,0,1599,1789633754932830208,3812371050115554
2,0,1600,1789633754932841472,3812371050126167
2,0,1601,1789633754932851712,3812371050136782
2,0,1602,1789633754932861952,3812371050147517
2,0,1603,1789633754932873216,3812371050158148
2,0,1604,1789633754932883456,3812371050168759
2,0,1605,1789633754932894720,3812371050179335
2,0,1606,1789633754932904960,3812371050189930
2,0,1607,1789633754932915200,3812371050200507
2,0,1608,1789633754932926464,3812371050211150
2,0,1609,1789633754932936704,3812371050221747
2,0,1610,1789633754932946944,3812371050232407
2,0,1611,1789633754932958208,3812371050243089
2,0,1612,1789633754932968448,3812371050253755
2,0,1613,1789633754932979712,3812371050264302
2,0,1614,1789633754932989952,3812371050274915
2,0,1615,1789633754933000192,3812371050285497
2,0,1616,1789633754933011456,3812371050296100
2,0,1617,1789633754933021696,3812371050306702
2,0,1618,1789633754933031936,3812371050317327
2,0,1619,1789633754933043200,3812371050327972
2,0,1620,1789633754933053440,3812371050338684
2,0,1621,1789633754933064704,3812371050349329
2,0,1622,1789633754933074944,3812371050359927
2,0,1623,1789633754933085184,3812371050370552
2,0,1624,1789633754933096448,3812371050381170
2,0,1625,1789633754933106688,3812371050391767
2,0,1626,1789633754933116928,3812371050402377
2,0,1627,1789633754933128192,3812371050412977
2,0,1628,1789633754933138432,3812371050423597
2,0,1629,1789633754933149696,3812371050434272
2,0,1630,1789633754933159936,3812371050444948
2,0,1631,1789633754933170176,3812371050455740
2,0,1632,1789633754933181440,3812371050466439
2,0,1633,1789633754933191680,3812371050477190
2,0,1634,1789633754933202944,3812371050487899
2,0,1635,1789633754933213184,3812371050498655
2,0,1636,1789633754933224448,3812371050509410
2,0,1637,1789633754933234688,3812371050520122
2,0,1638,1789633754933245952,3812371050530812
2,0,1639,1789633754933256192,3812371050541577
2,0,1640,1789633754933267456,3812371050552298
2,0,1641,1789633754933277696,3812371050563042
2,0,1642,1789633754933288960,3812371050573747
2,0,1643,1789633754933299200,3812371050584500
2,0,1644,1789633754933310464,3812371050595199
2,0,1645,1789633754933320704,3812371050605950
2,0,1646,1789633754933331968,3812371050616687
2,0,1647,1789633754933342208,3812371050627427
2,0,1648,1789633754933353472,3812371050638105
2,0,1649,1789633754933363712,3812371050648857
2,0,1650,1789633754933374976,3812371050659565
2,0,1651,1789633754933385216,3812371050670332
2,0,1652,1789633754933395456,3812371050681030
2,0,1653,1789633754933406720,3812371050691787
2,0,1654,1789633754933416960,3812371050702465
2,0,1655,1789633754933428224,3812371050713252
2,0,1656,1789633754933438464,3812371050723959
2,0,1657,1789633754933449728,3812371050734719
2,0,1658,1789633754933459968,3812371050745405
2,0,1659,1789633754933471232,3812371050756164
2,0,1660,1789633754933481472,3812371050766892
2,0,1661,1789633754933492736,3812371050777640
2,0,1662,1789633754933502976,3812371050788372
2,0,1663,1789633754933514240,3812371050799079
2,0,1664,1789633754933524480,3812371050809827
2,0,1665,1789633754933535744,3812371050820547
2,0,1666,1789633754933545984,3812371050831250
2,0,1667,1789633754933557248,3812371050842017
2,0,1668,1789633754933567488,3812371050852729
2,0,1669,1789633754933578752,3812371050863462
2,0,1670,1789633754933588992,3812371050874157
2,0,1671,1789633754933600256,3812371050884922
2,0,1672,1789633754933610496,3812371050895610
2,0,1673,1789633754933620736,3812371050906399
2,0,1674,1789633754933632000,3812371050917101
2,0,1675,1789633754933642240,3812371050927842
2,0,1676,1789633754933653504,3812371050938508
2,0,1677,1789633754933663744,3812371050949307
2,0,1678,1789633754933675008,3812371050960050
2,0,1679,1789633754933685248,3812371050970772
2,0,1680,1789633754933696512,3812371050981454
2,0,1681,1789633754933706752,3812371050992227
2,0,1682,1789633754933718016,3812371051002898
2,0,1683,1789633754933728256,3812371051013678
2,0,1684,1789633754933739520,3812371051024369
2,0,1685,1789633754933749760,3812371051035122
2,0,1686,1789633754933761024,3812371051045847
2,0,1687,1789633754933771264,3812371051056598
2,0,1688,1789633754933782528,3812371051067282
2,0,1689,1789633754933792768,3812371051078059
2,0,1690,1789633754933804032,3812371051088740
2,0,1691,1789633754933814272,3812371051099517
2,0,1692,1789633754933825536,3812371051110279
2,0,1693,1789633754933835776,3812371051120967
2,0,1694,1789633754933847040,3812371051131700
2,0,1695,1789633754933857280,3812371051142432
2,0,1696,1789633754933868544,3812371051153124
2,0,1697,1789633754933878784,3812371051163927
2,0,1698,1789633754933890048,3812371051174525
2,0,1699,1789633754933900288,3812371051185122
2,0,1700,1789633754933910528,3812371051195787
2,0,1701,1789633754933921792,3812371051206385
2,0,1702,1789633754933932032,3812371051216990
2,0,1703,1789633754933942272,3812371051227579
2,0,1704,1789633754933953536,3812371051238228
2,0,1705,1789633754933963776,3812371051248827
2,0,1706,1789633754933974016,3812371051259570
2,0,1707,1789633754933985280,3812371051270262
2,0,1708,1789633754933995520,3812371051280947
2,0,1709,1789633754934006784,3812371051291572
2,0,1710,1789633754934017024,3812371051302137
2,0,1711,1789633754934028288,3812371051312774
2,0,1712,1789633754934038528,3812371051323392
2,0,1713,1789633754934048768,3812371051334015
2,0,1714,1789633754934060032,3812371051344579
2,0,1715,1789633754934070272,3812371051355192
2,0,1716,1789633754934080512,3812371051365827
2,0,1717,1789633754934091776,3812371051376530
2,0,1718,1789633754934102016,3812371051387148
2,0,1719,1789633754934113280,3812371051397762
2,0,1720,1789633754934123520,3812371051408382
2,0,1721,1789633754934133760,3812371051419047
2,0,1722,1789633754934145024,3812371051429638
2,0,1723,1789633754934155264,3812371051440238
2,0,1724,1789633754934165504,3812371051450839
2,0,1725,1789633754934176768,3812371051461460
2,0,1726,1789633754934187008,3812371051472222
2,0,1727,1789633754934198272,3812371051482842
2,0,1728,1789633754934208512,3812371051493579
2,0,1729,1789633754934218752,3812371051504207
2,0,1730,1789633754934230016,3812371051514807
2,0,1731,1789633754934240256,3812371051525397
2,0,1732,1789633754934251520,3812371051536002
2,0,1733,1789633754934261760,3812371051546622
2,0,1734,1789633754934272000,3812371051557197
2,0,1735,1789633754934283264,3812371051567800
2,0,1736,1789633754934293504,3812371051578450
2,0,1737,1789633754934303744,3812371051589172
2,0,1738,1789633754934315008,3812371051599817
2,0,1739,1789633754934325248,3812371051610649
2,0,1740,1789633754934336512,3812371051621280
2,0,1741,1789633754934346752,3812371051632089
2,0,1742,1789633754934358016,3812371051642750
2,0,1743,1789633754934368256,3812371051653308
2,0,1744,1789633754934378496,3812371051663867
2,0,1745,1789633754934389760,3812371051674467
2,0,1746,1789633754934400000,3812371051685075
2,0,1747,1789633754934410240,3812371051695659
2,0,1748,1789633754934421504,3812371051706324
2,0,1749,1789633754934431744,3812371051716954
2,0,1750,1789633754934443008,3812371051727688
2,0,1751,1789633754934453248,3812371051738327
2,0,1752,1789633754934463488,3812371051748939
2,0,1753,1789633754934474752,3812371051759577
2,0,1754,1789633754934484992,3812371051770159
2,0,1755,1789633754934496256,3812371051780772
2,0,1756,1789633754934506496,3812371051791430
2,0,1757,1789633754934516736,3812371051802002
2,0,1758,1789633754934528000,3812371051812617
2,0,1759,1789633754934538240,3812371051823372
2,0,1760,1789633754934549504,3812371051834049
2,0,1761,1789633754934559744,3812371051844734
2,0,1762,1789633754934569984,3812371051855390
2,0,1763,1789633754934581248,3812371051865953
2,0,1764,1789633754934591488,3812371051876559
2,0,1765,1789633754934601728,3812371051887174
2,0,1766,1789633754934612992,3812371051897752
2,0,1767,1789633754934623232,3812371051908374
2,0,1768,1789633754934634496,3812371051918967
2,0,1769,1789633754934644736,3812371051929564
2,0,1770,1789633754934654976,3812371051940348
2,0,1771,1789633754934666240,3812371051950980
2,0,1772,1789633754934676480,3812371051961784
2,0,1773,1789633754934687744,3812371051972449
2,0,1774,1789633754934697984,3812371051983234
2,0,1775,1789633754934709248,3812371051993904
2,0,1776,1789633754934719488,3812371052004707
2,0,1777,1789633754934730752,3812371052015332
2,0,1778,1789633754934740992,3812371052025939
2,0,1779,1789633754934751232,3812371052036507
2,0,1780,1789633754934762496,3812371052047142
2,0,1781,1789633754934772736,3812371052057727
2,0,1782,1789633754934782976,3812371052068374
2,0,1783,1789633754934794240,3812371052078991
2,0,1784,1789633754934804480,3812371052089651
2,0,1785,1789633754934815744,3812371052100404
2,0,1786,1789633754934825984,3812371052111042
2,0,1787,1789633754934836224,3812371052121767
2,0,1788,1789633754934847488,3812371052132350
2,0,1789,1789633754934857728,3812371052142967
2,0,1790,1789633754934868992,3812371052153572
2,0,1791,1789633754934879232,3812371052164227
2,0,1792,1789633754934889472,3812371052174847
2,0,1793,1789633754934900736,3812371052185487
2,0,1794,1789633754934910976,3812371052196049
2,0,1795,1789633754934921216,3812371052206728
2,0,1796,1789633754934932480,3812371052217428
2,0,1797,1789633754934942720,3812371052228050
2,0,1798,1789633754934953984,3812371052238818
2,0,1799,1789633754934964224,3812371052249448
2,0,1800,1789633754934975488,3812371052260028
2,0,1801,1789633754934985728,3812371052270609
2,0,1802,1789633754934995968,3812371052281202
2,0,1803,1789633754935007232,3812371052291772
2,0,1804,1789633754935017472,3812371052302439
2,0,1805,1789633754935027712,3812371052313014
2,0,1806,1789633754935038976,3812371052323680
2,0,1807,1789633754935049216,3812371052334399
2,0,1808,1789633754935060480,3812371052345022
2,0,1809,1789633754935070720,3812371052355632
2,0,1810,1789633754935080960,3812371052366227
2,0,1811,1789633754935092224,3812371052376822
2,0,1812,1789633754935102464,3812371052387387
2,0,1813,1789633754935112704,3812371052398042
2,0,1814,1789633754935123968,3812371052408627
2,0,1815,1789633754935134208,3812371052419262
2,0,1816,1789633754935144448,3812371052429997
2,0,1817,1789633754935155712,3812371052440617
2,0,1818,1789633754935165952,3812371052451190
2,0,1819,1789633754935177216,3812371052461779
2,0,1820,1789633754935187456,3812371052472427
2,0,1821,1789633754935197696,3812371052483022
2,0,1822,1789633754935208960,3812371052493647
2,0,1823,1789633754935219200,3812371052504237
2,0,1824,1789633754935229440,3812371052514880
2,0,1825,1789633754935240704,3812371052525577
2,0,1826,1789633754935250944,3812371052536216
2,0,1827,1789633754935262208,3812371052546799
2,0,1828,1789633754935272448,3812371052557412
2,0,1829,1789633754935282688,3812371052568022
2,0,1830,1789633754935293952,3812371052578577
2,0,1831,1789633754935304192,3812371052589188
2,0,1832,1789633754935314432,3812371052599800
2,0,1833,1789633754935325696,3812371052610437
2,0,1834,1789633754935335936,3812371052621160
2,0,1835,1789633754935347200,3812371052631787
2,0,1836,1789633754935357440,3812371052642642
2,0,1837,1789633754935368704,3812371052653304
2,0,1838,1789633754935378944,3812371052664104
2,0,1839,1789633754935390208,3812371052674740
2,0,1840,1789633754935400448,3812371052685330
2,0,1841,1789633754935410688,3812371052695925
2,0,1842,1789633754935421952,3812371052706550
2,0,1843,1789633754935432192,3812371052717107
2,0,1844,1789633754935442432,3812371052727707
2,0,1845,1789633754935453696,3812371052738347
2,0,1846,1789633754935463936,3812371052748972
2,0,1847,1789633754935474176,3812371052759685
2,0,1848,1789633754935485440,3812371052770300
2,0,1849,1789633754935495680,3812371052780887
2,0,1850,1789633754935506944,3812371052791527
2,0,1851,1789633754935517184,3812371052802117
2,0,1852,1789633754935527424,3812371052812722
2,0,1853,1789633754935538688,3812371052823317
2,0,1854,1789633754935548928,3812371052834022
2,0,1855,1789633754935559168,3812371052844651
2,0,1856,1789633754935570432,3812371052855358
2,0,1857,1789633754935580672,3812371052866014
2,0,1858,1789633754935591936,3812371052876720
2,0,1859,1789633754935602176,3812371052887337
2,0,1860,1789633754935613440,3812371052897927
2,0,1861,1789633754935623680,3812371052908560
2,0,1862,1789633754935633920,3812371052919187
2,0,1863,1789633754935645184,3812371052929772
2,0,1864,1789633754935655424,3812371052940392
2,0,1865,1789633754935665664,3812371052950990
2,0,1866,1789633754935676928,3812371052961647
2,0,1867,1789633754935687168,3812371052972417
2,0,1868,1789633754935698432,3812371052983067
2,0,1869,1789633754935708672,3812371052993764
2,0,1870,1789633754935718912,3812371053004388
2,0,1871,1789633754935730176,3812371053015017
2,0,1872,1789633754935740416,3812371053025607
2,0,1873,1789633754935751680,3812371053036204
2,0,1874,1789633754935761920,3812371053046817
2,0,1875,1789633754935772160,3812371053057434
2,0,1876,1789633754935783424,3812371053068024
2,0,1877,1789633754935793664,3812371053078680
2,0,1878,1789633754935803904,3812371053089354
2,0,1879,1789633754935815168,3812371053100007
2,0,1880,1789633754935825408,3812371053110590
2,0,1881,1789633754935836672,3812371053121174
2,0,1882,1789633754935846912,3812371053131824
2,0,1883,1789633754935857152,3812371053142397
2,0,1884,1789633754935868416,3812371053152997
2,0,1885,1789633754935878656,3812371053163590
2,0,1886,1789633754935888896,3812371053174209
2,0,1887,1789633754935900160,3812371053184964
2,0,1888,1789633754935910400,3812371053195580
2,0,1889,1789633754935921664,3812371053206207
2,0,1890,1789633754935931904,3812371053216788
2,0,1891,1789633754935942144,3812371053227399
2,0,1892,1789633754935953408,3812371053238012
2,0,1893,1789633754935963648,3812371053248622
2,0,1894,1789633754935973888,3812371053259197
2,0,1895,1789633754935985152,3812371053269830
2,0,1896,1789633754935995392,3812371053280524
2,0,1897,1789633754936006656,3812371053291200
2,0,1898,1789633754936016896,3812371053302022
2,0,1899,1789633754936028160,3812371053312672
2,0,1900,1789633754936038400,3812371053323207
2,0,1901,1789633754936048640,3812371053333807
2,0,1902,1789633754936059904,3812371053344449
2,0,1903,1789633754936070144,3812371053355042
2,0,1904,1789633754936080384,3812371053365724
2,0,1905,1789633754936091648,3812371053376289
2,0,1906,1789633754936101888,3812371053386924
2,0,1907,1789633754936112128,3812371053397710
2,0,1908,1789633754936123392,3812371053408337
2,0,1909,1789633754936133632,3812371053419057
2,0,1910,1789633754936144896,3812371053429690
2,0,1911,1789633754936155136,3812371053440322
2,0,1912,1789633754936166400,3812371053450957
2,0,1913,1789633754936176640,3812371053461567
2,0,1914,1789633754936186880,3812371053472122
2,0,1915,1789633754936198144,3812371053482727
2,0,1916,1789633754936208384,3812371053493337
2,0,1917,1789633754936218624,3812371053504040
2,0,1918,1789633754936229888,3812371053514734
2,0,1919,1789633754936240128,3812371053525400
2,0,1920,1789633754936251392,3812371053536101
2,0,1921,1789633754936261632,3812371053546737
2,0,1922,1789633754936271872,3812371053557339
2,0,1923,1789633754936283136,3812371053567917
2,0,1924,1789633754936293376,3812371053578547
2,0,1925,1789633754936303616,3812371053589122
2,0,1926,1789633754936314880,3812371053599724
2,0,1927,1789633754936325120,3812371053610327
2,0,1928,1789633754936336384,3812371053621017
2,0,1929,1789633754936346624,3812371053631732
2,0,1930,1789633754936356864,3812371053642335
2,0,1931,1789633754936368128,3812371053652934
2,0,1932,1789633754936378368,3812371053663585
2,0,1933,1789633754936389632,3812371053674254
2,0,1934,1789633754936399872,3812371053684948
2,0,1935,1789633754936410112,3812371053695665
2,0,1936,1789633754936421376,3812371053706319
2,0,1937,1789633754936431616,3812371053716995
2,0,1938,1789633754936442880,3812371053727711
2,0,1939,1789633754936453120,3812371053738412
2,0,1940,1789633754936464384,3812371053749114
2,0,1941,1789633754936474624,3812371053759875
2,0,1942,1789633754936485888,3812371053770579
2,0,1943,1789633754936496128,3812371053781295
2,0,1944,1789633754936507392,3812371053792007
2,0,1945,1789633754936517632,3812371053802771
2,0,1946,1789633754936527872,3812371053813461
2,0,1947,1789633754936539136,3812371053824188
2,0,1948,1789633754936549376,3812371053834875
2,0,1949,1789633754936560640,3812371053845581
2,0,1950,1789633754936570880,3812371053856275
2,0,1951,1789633754936582144,3812371053866961
2,0,1952,1789633754936592384,3812371053877654
2,0,1953,1789633754936603648,3812371053888331
2,0,1954,1789633754936613888,3812371053899108
2,0,1955,1789633754936625152,3812371053909795
2,0,1956,1789633754936635392,3812371053920565
2,0,1957,1789633754936646656,3812371053931295
2,0,1958,1789633754936656896,3812371053942007
2,0,1959,1789633754936667136,3812371053952748
2,0,1960,1789633754936678400,3812371053963487
2,0,1961,1789633754936688640,3812371053974159
2,0,1962,1789633754936699904,3812371053984939
2,0,1963,1789633754936710144,3812371053995585
2,0,1964,1789633754936721408,3812371054006427
2,0,1965,1789633754936731648,3812371054017090
2,0,1966,1789633754936742912,3812371054027854
2,0,1967,1789633754936753152,3812371054038548
2,0,1968,1789633754936764416,3812371054049304
2,0,1969,1789633754936774656,3812371054060035
2,0,1970,1789633754936785920,3812371054070805
2,0,1971,1789633754936796160,3812371054081517
2,0,1972,1789633754936807424,3812371054092278
2,0,1973,1789633754936817664,3812371054102982
2,0,1974,1789633754936828928,3812371054113724
2,0,1975,1789633754936839168,3812371054124472
2,0,1976,1789633754936850432,3812371054135172
2,0,1977,1789633754936860672,3812371054145880
2,0,1978,1789633754936871936,3812371054156627
2,0,1979,1789633754936882176,3812371054167374
2,0,1980,1789633754936892416,3812371054178087
2,0,1981,1789633754936903680,3812371054188767
2,0,1982,1789633754936913920,3812371054199537
2,0,1983,1789633754936925184,3812371054210247
2,0,1984,1789633754936935424,3812371054220990
2,0,1985,1789633754936946688,3812371054231724
2,0,1986,1789633754936956928,3812371054242459
2,0,1987,1789633754936968192,3812371054253172
2,0,1988,1789633754936978432,3812371054263908
2,0,1989,1789633754936989696,3812371054274535
2,0,1990,1789633754936999936,3812371054285364
2,0,1991,1789633754937011200,3812371054295957
2,0,1992,1789633754937021440,3812371054306689
2,0,1993,1789633754937032704,3812371054317317
2,0,1994,1789633754937042944,3812371054327907
2,0,1995,1789633754937053184,3812371054338522
2,0,1996,1789633754937064448,3812371054349079
2,0,1997,1789633754937074688,3812371054359692
2,0,1998,1789633754937084928,3812371054370339
2,0,1999,1789633754937096192,3812371054380964
2,0,2000,1789633754937106432,3812371054391597
2,0,2001,1789633754937116672,3812371054402390
2,0,2002,1789633754937127936,3812371054413002
2,0,2003,1789633754937138176,3812371054423742
2,0,2004,1789633754937149440,3812371054434330
2,0,2005,1789633754937159680,3812371054444955
2,0,2006,1789633754937170944,3812371054455547
2,0,2007,1789633754937181184,3812371054466114
2,0,2008,1789633754937191424,3812371054476729
2,0,2009,1789633754937202688,3812371054487342
2,0,2010,1789633754937212928,3812371054497972
2,0,2011,1789633754937223168,3812371054508597
2,0,2012,1789633754937234432,3812371054519324
2,0,2013,1789633754937244672,3812371054529917
2,0,2014,1789633754937255936,3812371054540532
2,0,2015,1789633754937266176,3812371054551100
2,0,2016,1789633754937276416,3812371054561759
2,0,2017,1789633754937287680,3812371054572344
2,0,2018,1789633754937297920,3812371054582927
2,0,2019,1789633754937308160,3812371054593552
2,0,2020,1789633754937319424,3812371054604174
2,0,2021,1789633754937329664,3812371054614917
2,0,2022,1789633754937340928,3812371054625567
2,0,2023,1789633754937351168,3812371054636390
2,0,2024,1789633754937362432,3812371054646992
2,0,2025,1789633754937372672,3812371054657624
2,0,2026,1789633754937382912,3812371054668182
2,0,2027,1789633754937394176,3812371054678800
2,0,2028,1789633754937404416,3812371054689360
2,0,2029,1789633754937414656,3812371054699982
2,0,2030,1789633754937425920,3812371054710600
2,0,2031,1789633754937436160,3812371054721228
2,0,2032,1789633754937446400,3812371054731967
2,0,2033,1789633754937457664,3812371054742588
2,0,2034,1789633754937467904,3812371054753239
2,0,2035,1789633754937479168,3812371054763857
2,0,2036,1789633754937489408,3812371054774479
2,0,2037,1789633754937499648,3812371054785070
2,0,2038,1789633754937510912,3812371054795679
2,0,2039,1789633754937521152,3812371054806297
2,0,2040,1789633754937531392,3812371054816870
2,0,2041,1789633754937542656,3812371054827670
2,0,2042,1789633754937552896,3812371054838244
2,0,2043,1789633754937564160,3812371054849028
2,0,2044,1789633754937574400,3812371054859640
2,0,2045,1789633754937585664,3812371054870260
2,0,2046,1789633754937595904,3812371054880865
2,0,2047,1789633754937606144,3812371054891447
2,0,2048,1789633754937617408,3812371054902024
2,0,2049,1789633754937627648,3812371054912689
2,0,2050,1789633754937637888,3812371054923270
2,0,2051,1789633754937649152,3812371054933930
2,0,2052,1789633754937659392,3812371054944705
2,0,2053,1789633754937670656,3812371054955340
2,0,2054,1789633754937680896,3812371054966060
2,0,2055,1789633754937691136,3812371054976695
2,0,2056,1789633754937702400,3812371054987310
2,0,2057,1789633754937712640,3812371054997948
2,0,2058,1789633754937723904,3812371055008570
2,0,2059,1789633754937734144,3812371055019130
2,0,2060,1789633754937744384,3812371055029795
2,0,2061,1789633754937755648,3812371055040405
2,0,2062,1789633754937765888,3812371055050988
2,0,2063,1789633754937776128,3812371055061745
2,0,2064,1789633754937787392,3812371055072375
2,0,2065,1789633754937797632,3812371055083122
2,0,2066,1789633754937808896,3812371055093722
2,0,2067,1789633754937819136,3812371055104362
2,0,2068,1789633754937830400,3812371055115015
2,0,2069,1789633754937840640,3812371055125625
2,0,2070,1789633754937850880,3812371055136179
2,0,2071,1789633754937862144,3812371055146805
2,0,2072,1789633754937872384,3812371055157420
2,0,2073,1789633754937882624,3812371055168009
2,0,2074,1789633754937893888,3812371055178714
2,0,2075,1789633754937904128,3812371055189370
2,0,2076,1789633754937915392,3812371055199970
2,0,2077,1789633754937925632,3812371055210585
2,0,2078,1789633754937935872,3812371055221257
2,0,2079,1789633754937947136,3812371055231850
2,0,2080,1789633754937957376,3812371055242422
2,0,2081,1789633754937967616,3812371055252990
2,0,2082,1789633754937978880,3812371055263625
2,0,2083,1789633754937989120,3812371055274415
2,0,2084,1789633754938000384,3812371055285045
2,0,2085,1789633754938010624,3812371055295752
2,0,2086,1789633754938020864,3812371055306370
2,0,2087,1789633754938032128,3812371055316972
2,0,2088,1789633754938042368,3812371055327572
2,0,2089,1789633754938053632,3812371055338202
2,0,2090,1789633754938063872,3812371055348775
2,0,2091,1789633754938074112,3812371055359388
2,0,2092,1789633754938085376,3812371055369980
2,0,2093,1789633754938095616,3812371055380622
2,0,2094,1789633754938105856,3812371055391335
2,0,2095,1789633754938117120,3812371055401982
2,0,2096,1789633754938127360,3812371055412815
2,0,2097,1789633754938138624,3812371055423455
2,0,2098,1789633754938148864,3812371055434040
2,0,2099,1789633754938159104,3812371055444622
2,0,2100,1789633754938170368,3812371055455239
2,0,2101,1789633754938180608,3812371055465850
2,0,2102,1789633754938191872,3812371055476433
2,0,2103,1789633754938202112,3812371055487075
2,0,2104,1789633754938212352,3812371055497725
2,0,2105,1789633754938223616,3812371055508520
2,0,2106,1789633754938233856,3812371055519108
2,0,2107,1789633754938245120,3812371055529840
2,0,2108,1789633754938255360,3812371055540467
2,0,2109,1789633754938265600,3812371055551059
2,0,2110,1789633754938276864,3812371055561630
2,0,2111,1789633754938287104,3812371055572239
2,0,2112,1789633754938297344,3812371055582797
2,0,2113,1789633754938308608,3812371055593388
2,0,2114,1789633754938318848,3812371055604091
2,0,2115,1789633754938330112,3812371055614745
2,0,2116,1789633754938340352,3812371055625449
2,0,2117,1789633754938350592,3812371055636095
2,0,2118,1789633754938361856,3812371055646690
2,0,2119,1789633754938372096,3812371055657282
2,0,2120,1789633754938382336,3812371055667875
2,0,2121,1789633754938393600,3812371055678439
2,0,2122,1789633754938403840,3812371055689028
2,0,2123,1789633754938414080,3812371055699679
2,0,2124,1789633754938425344,3812371055710337
2,0,2125,1789633754938435584,3812371055721164
2,0,2126,1789633754938446848,3812371055731748
2,0,2127,1789633754938457088,3812371055742497
2,0,2128,1789633754938468352,3812371055753167
2,0,2129,1789633754938478592,3812371055763999
2,0,2130,1789633754938489856,3812371055774565
2,0,2131,1789633754938500096,3812371055785155
2,0,2132,1789633754938510336,3812371055795727
2,0,2133,1789633754938521600,3812371055806320
2,0,2134,1789633754938531840,3812371055816925
2,0,2135,1789633754938542080,3812371055827570
2,0,2136,1789633754938553344,3812371055838195
2,0,2137,1789633754938563584,3812371055848865
2,0,2138,1789633754938574848,3812371055859655
2,0,2139,1789633754938585088,3812371055870297
2,0,2140,1789633754938596352,3812371055881005
2,0,2141,1789633754938606592,3812371055891640
2,0,2142,1789633754938616832,3812371055902235
2,0,2143,1789633754938628096,3812371055912805
2,0,2144,1789633754938638336,3812371055923388
2,0,2145,1789633754938648576,3812371055934023
2,0,2146,1789633754938659840,3812371055944665
2,0,2147,1789633754938670080,3812371055955270
2,0,2148,1789633754938680320,3812371055965905
2,0,2149,1789633754938691584,3812371055976690
2,0,2150,1789633754938701824,3812371055987335
2,0,2151,1789633754938713088,3812371055998148
2,0,2152,1789633754938723328,3812371056008823
2,0,2153,1789633754938734592,3812371056019625
2,0,2154,1789633754938744832,3812371056030259
2,0,2155,1789633754938756096,3812371056040973
2,0,2156,1789633754938766336,3812371056051572
2,0,2157,1789633754938776576,3812371056062165
2,0,2158,1789633754938787840,3812371056072805
2,0,2159,1789633754938798080,3812371056083482
2,0,2160,1789633754938809344,3812371056094057
2,0,2161,1789633754938819584,3812371056104699
2,0,2162,1789633754938829824,3812371056115310
2,0,2163,1789633754938841088,3812371056125948
2,0,2164,1789633754938851328,3812371056136645
2,0,2165,1789633754938862592,3812371056147285
2,0,2166,1789633754938872832,3812371056158010
2,0,2167,1789633754938883072,3812371056168653
2,0,2168,1789633754938894336,3812371056179237
2,0,2169,1789633754938904576,3812371056189837
2,0,2170,1789633754938915840,3812371056200490
2,0,2171,1789633754938926080,3812371056211080
2,0,2172,1789633754938936320,3812371056221757
2,0,2173,1789633754938947584,3812371056232385
2,0,2174,1789633754938957824,3812371056243015
2,0,2175,1789633754938968064,3812371056253720
2,0,2176,1789633754938979328,3812371056264287
2,0,2177,1789633754938989568,3812371056275089
2,0,2178,1789633754939000832,3812371056285662
2,0,2179,1789633754939011072,3812371056296255
2,0,2180,1789633754939021312,3812371056306877
2,0,2181,1789633754939032576,3812371056317522
2,0,2182,1789633754939042816,3812371056328142
2,0,2183,1789633754939054080,3812371056338797
2,0,2184,1789633754939064320,3812371056349410
2,0,2185,1789633754939074560,3812371056360019
2,0,2186,1789633754939085824,3812371056370772
2,0,2187,1789633754939096064,3812371056381372
2,0,2188,1789633754939107328,3812371056392130
2,0,2189,1789633754939117568,3812371056402735
2,0,2190,1789633754939127808,3812371056413339
2,0,2191,1789633754939139072,3812371056424035
2,0,2192,1789633754939149312,3812371056434628
2,0,2193,1789633754939160576,3812371056445207
2,0,2194,1789633754939170816,3812371056455835
2,0,2195,1789633754939181056,3812371056466433
2,0,2196,1789633754939192320,3812371056477070
2,0,2197,1789633754939202560,3812371056487777
2,0,2198,1789633754939213824,3812371056500260
2,0,2199,1789633754939226112,3812371056510887
2,0,2200,1789633754939236352,3812371056521460
2,0,2201,1789633754939246592,3812371056532120
2,0,2202,1789633754939257856,3812371056542695
2,0,2203,1789633754939268096,3812371056553362
2,0,2204,1789633754939279360,3812371056564019
2,0,2205,1789633754939289600,3812371056574650
2,0,2206,1789633754939299840,3812371056585352
2,0,2207,1789633754939311104,3812371056595965
2,0,2208,1789633754939321344,3812371056606708
2,0,2209,1789633754939332608,3812371056617388
2,0,2210,1789633754939342848,3812371056628197
2,0,2211,1789633754939354112,3812371056638835
2,0,2212,1789633754939364352,3812371056649657
2,0,2213,1789633754939375616,3812371056660249
2,0,2214,1789633754939385856,3812371056670870
2,0,2215,1789633754939396096,3812371056681428
2,0,2216,1789633754939407360,3812371056692079
2,0,2217,1789633754939417600,3812371056702670
2,0,2218,1789633754939427840,3812371056713295
2,0,2219,1789633754939439104,3812371056723885
2,0,2220,1789633754939449344,3812371056734529
2,0,2221,1789633754939459584,3812371056745313
2,0,2222,1789633754939470848,3812371056755933
2,0,2223,1789633754939481088,3812371056766687
2,0,2224,1789633754939492352,3812371056777300
2,0,2225,1789633754939502592,3812371056787920
2,0,2226,1789633754939513856,3812371056798459
2,0,2227,1789633754939524096,3812371056809049
2,0,2228,1789633754939534336,3812371056819605
2,0,2229,1789633754939545600,3812371056830250
2,0,2230,1789633754939555840,3812371056840912
2,0,2231,1789633754939566080,3812371056851530
2,0,2232,1789633754939577344,3812371056862270
2,0,2233,1789633754939587584,3812371056872889
2,0,2234,1789633754939598848,3812371056883527
2,0,2235,1789633754939609088,3812371056894106
2,0,2236,1789633754939619328,3812371056904776
2,0,2237,1789633754939630592,3812371056915305
2,0,2238,1789633754939640832,3812371056925969
2,0,2239,1789633754939651072,3812371056936572
2,0,2240,1789633754939662336,3812371056947192
2,0,2241,1789633754939672576,3812371056958000
2,0,2242,1789633754939683840,3812371056968649
2,0,2243,1789633754939694080,3812371056979459
2,0,2244,1789633754939705344,3812371056990080
2,0,2245,1789633754939715584,3812371057000787
2,0,2246,1789633754939725824,3812371057011410
2,0,2247,1789633754939737088,3812371057021997
2,0,2248,1789633754939747328,3812371057032585
2,0,2249,1789633754939758592,3812371057043209
2,0,2250,1789633754939768832,3812371057053788
2,0,2251,1789633754939779072,3812371057064412
2,0,2252,1789633754939790336,3812371057075039
2,0,2253,1789633754939800576,3812371057085689
2,0,2254,1789633754939810816,3812371057096367
2,0,2255,1789633754939822080,3812371057106970
2,0,2256,1789633754939832320,3812371057117570
2,0,2257,1789633754939843584,3812371057128190
2,0,2258,1789633754939853824,3812371057138837
2,0,2259,1789633754939864064,3812371057149425
2,0,2260,1789633754939875328,3812371057160042
2,0,2261,1789633754939885568,3812371057170623
2,0,2262,1789633754939895808,3812371057181249
2,0,2263,1789633754939907072,3812371057191955
2,0,2264,1789633754939917312,3812371057202585
2,0,2265,1789633754939928576,3812371057213202
2,0,2266,1789633754939938816,3812371057223762
2,0,2267,1789633754939949056,3812371057234399
2,0,2268,1789633754939960320,3812371057245015
2,0,2269,1789633754939970560,3812371057255613
2,0,2270,1789633754939980800,3812371057266185
2,0,2271,1789633754939992064,3812371057276809
2,0,2272,1789633754940002304,3812371057287569
2,0,2273,1789633754940013568,3812371057298223
2,0,2274,1789633754940023808,3812371057308840
2,0,2275,1789633754940034048,3812371057319450
2,0,2276,1789633754940045312,3812371057330055
2,0,2277,1789633754940055552,3812371057340625
2,0,2278,1789633754940065792,3812371057351275
2,0,2279,1789633754940077056,3812371057361799
2,0,2280,1789633754940087296,3812371057372437
2,0,2281,1789633754940097536,3812371057383157
2,0,2282,1789633754940108800,3812371057393775
2,0,2283,1789633754940119040,3812371057404395
2,0,2284,1789633754940130304,3812371057414965
2,0,2285,1789633754940140544,3812371057425599
2,0,2286,1789633754940150784,3812371057436170
2,0,2287,1789633754940162048,3812371057446820
2,0,2288,1789633754940172288,3812371057457428
2,0,2289,1789633754940182528,3812371057468045
2,0,2290,1789633754940193792,3812371057478739
2,0,2291,1789633754940204032,3812371057489355
2,0,2292,1789633754940215296,3812371057499975
2,0,2293,1789633754940225536,3812371057510639
2,0,2294,1789633754940235776,3812371057521277
2,0,2295,1789633754940247040,3812371057531849
2,0,2296,1789633754940257280,3812371057542489
2,0,2297,1789633754940267520,3812371057553053
2,0,2298,1789633754940278784,3812371057563673
2,0,2299,1789633754940289024,3812371057574435
2,0,2300,1789633754940300288,3812371057585059
2,0,2301,1789633754940310528,3812371057595799
2,0,2302,1789633754940321792,3812371057606420
2,0,2303,1789633754940332032,3812371057622184
2,0,2304,1789633754940342272,3812371057627652
2,0,2305,1789633754940353536,3812371057638310
2,0,2306,1789633754940363776,3812371057648865
2,0,2307,1789633754940374016,3812371057659487
2,0,2308,1789633754940385280,3812371057670090
2,0,2309,1789633754940395520,3812371057680720
2,0,2310,1789633754940405760,3812371057691473
2,0,2311,1789633754940417024,3812371057702095
2,0,2312,1789633754940427264,3812371057712828
2,0,2313,1789633754940438528,3812371057723450
2,0,2314,1789633754940448768,3812371057734062
2,0,2315,1789633754940460032,3812371057744645
2,0,2316,1789633754940470272,3812371057755280
2,0,2317,1789633754940480512,3812371057765875
2,0,2318,1789633754940491776,3812371057776520
2,0,2319,1789633754940502016,3812371057787108
2,0,2320,1789633754940512256,3812371057797756
2,0,2321,1789633754940523520,3812371057808435
2,0,2322,1789633754940533760,3812371057819005
2,0,2323,1789633754940545024,3812371057829625
2,0,2324,1789633754940555264,3812371057840270
2,0,2325,1789633754940565504,3812371057850970
2,0,2326,1789633754940576768,3812371057861695
2,0,2327,1789633754940587008,3812371057872428
2,0,2328,1789633754940598272,3812371057883108
2,0,2329,1789633754940608512,3812371057893880
2,0,2330,1789633754940619776,3812371057904588
2,0,2331,1789633754940630016,3812371057915299
2,0,2332,1789633754940641280,3812371057925973
2,0,2333,1789633754940651520,3812371057936665
2,0,2334,1789633754940661760,3812371057947397
2,0,2335,1789633754940673024,3812371057958102
2,0,2336,1789633754940683264,3812371057968785
2,0,2337,1789633754940694528,3812371057979490
2,0,2338,1789633754940704768,3812371057990245
2,0,2339,1789633754940716032,3812371058000948
2,0,2340,1789633754940726272,3812371058011672
2,0,2341,1789633754940737536,3812371058022397
2,0,2342,1789633754940747776,3812371058033148
2,0,2343,1789633754940759040,3812371058043840
2,0,2344,1789633754940769280,3812371058054565
2,0,2345,1789633754940780544,3812371058065290
2,0,2346,1789633754940790784,3812371058076009
2,0,2347,1789633754940801024,3812371058086680
2,0,2348,1789633754940812288,3812371058097375
2,0,2349,1789633754940822528,3812371058108044
2,0,2350,1789633754940833792,3812371058118765
2,0,2351,1789633754940844032,3812371058129490
2,0,2352,1789633754940855296,3812371058140260
2,0,2353,1789633754940865536,3812371058150929
2,0,2354,1789633754940876800,3812371058162148
2,0,2355,1789633754940887040,3812371058172428
2,0,2356,1789633754940898304,3812371058183172
2,0,2357,1789633754940908544,3812371058193902
2,0,2358,1789633754940919808,3812371058204599
2,0,2359,1789633754940930048,3812371058215335
2,0,2360,1789633754940941312,3812371058226049
2,0,2361,1789633754940951552,3812371058236768
2,0,2362,1789633754940961792,3812371058247525
2,0,2363,1789633754940973056,3812371058258225
2,0,2364,1789633754940983296,3812371058268962
2,0,2365,1789633754940994560,3812371058279702
2,0,2366,1789633754941004800,3812371058290422
2,0,2367,1789633754941016064,3812371058301080
2,0,2368,1789633754941026304,3812371058311888
2,0,2369,1789633754941037568,3812371058322598
2,0,2370,1789633754941047808,3812371058333355
2,0,2371,1789633754941059072,3812371058344145
2,0,2372,1789633754941069312,3812371058354879
2,0,2373,1789633754941080576,3812371058365595
2,0,2374,1789633754941090816,3812371058376302
2,0,2375,1789633754941102080,3812371058386992
2,0,2376,1789633754941112320,3812371058397762
2,0,2377,1789633754941123584,3812371058408445
2,0,2378,1789633754941133824,3812371058419196
2,0,2379,1789633754941145088,3812371058429892
2,0,2380,1789633754941155328,3812371058440609
2,0,2381,1789633754941166592,3812371058451222
2,0,2382,1789633754941176832,3812371058461962
2,0,2383,1789633754941187072,3812371058472592
2,0,2384,1789633754941198336,3812371058483412
2,0,2385,1789633754941208576,3812371058494062
2,0,2386,1789633754941219840,3812371058504660
2,0,2387,1789633754941230080,3812371058515302
2,0,2388,1789633754941240320,3812371058525918
2,0,2389,1789633754941251584,3812371058536558
2,0,2390,1789633754941261824,3812371058547199
2,0,2391,1789633754941273088,3812371058557795
2,0,2392,1789633754941283328,3812371058568424
2,0,2393,1789633754941293568,3812371058579098
2,0,2394,1789633754941304832,3812371058589742
2,0,2395,1789633754941315072,3812371058600466
2,0,2396,1789633754941326336,3812371058611083
2,0,2397,1789633754941336576,3812371058621675
2,0,2398,1789633754941346816,3812371058632298
2,0,2399,1789633754941358080,3812371058642918
2,0,2400,1789633754941368320,3812371058653513
2,0,2401,1789633754941378560,3812371058664102
2,0,2402,1789633754941389824,3812371058674716
2,0,2403,1789633754941400064,3812371058685305
2,0,2404,1789633754941411328,3812371058696052
2,0,2405,1789633754941421568,3812371058706666
2,0,2406,1789633754941431808,3812371058717282
2,0,2407,1789633754941443072,3812371058727902
2,0,2408,1789633754941453312,3812371058738479
2,0,2409,1789633754941463552,3812371058749118
2,0,2410,1789633754941474816,3812371058759712
2,0,2411,1789633754941485056,3812371058770295
2,0,2412,1789633754941495296,3812371058780935
2,0,2413,1789633754941506560,3812371058791655
2,0,2414,1789633754941516800,3812371058802245
2,0,2415,1789633754941528064,3812371058813092
2,0,2416,1789633754941538304,3812371058823755
2,0,2417,1789633754941549568,3812371058834345
2,0,2418,1789633754941559808,3812371058844958
2,0,2419,1789633754941570048,3812371058855565
2,0,2420,1789633754941581312,3812371058866136
2,0,2421,1789633754941591552,3812371058876750
2,0,2422,1789633754941601792,3812371058887355
2,0,2423,1789633754941613056,3812371058897936
2,0,2424,1789633754941623296,3812371058908693
2,0,2425,1789633754941634560,3812371058919335
2,0,2426,1789633754941644800,3812371058929955
2,0,2427,1789633754941655040,3812371058940598
2,0,2428,1789633754941666304,3812371058951202
2,0,2429,1789633754941676544,3812371058961792
2,0,2430,1789633754941686784,3812371058972405
2,0,2431,1789633754941698048,3812371058982995
2,0,2432,1789633754941708288,3812371058993635
2,0,2433,1789633754941719552,3812371059004272
2,0,2434,1789633754941729792,3812371059014948
2,0,2435,1789633754941740032,3812371059025752
2,0,2436,1789633754941751296,3812371059036395
2,0,2437,1789633754941761536,3812371059046998
2,0,2438,1789633754941772800,3812371059057588
2,0,2439,1789633754941783040,3812371059068172
2,0,2440,1789633754941793280,3812371059078796
2,0,2441,1789633754941804544,3812371059089442
2,0,2442,1789633754941814784,3812371059100025
2,0,2443,1789633754941825024,3812371059110638
2,0,2444,1789633754941836288,3812371059121272
2,0,2445,1789633754941846528,3812371059131973
2,0,2446,1789633754941857792,3812371059142602
2,0,2447,1789633754941868032,3812371059153245
2,0,2448,1789633754941878272,3812371059163850
2,0,2449,1789633754941889536,3812371059174445
2,0,2450,1789633754941899776,3812371059185052
2,0,2451,1789633754941911040,3812371059195678
2,0,2452,1789633754941921280,3812371059206318
2,0,2453,1789633754941931520,3812371059217019
2,0,2454,1789633754941942784,3812371059227619
2,0,2455,1789633754941953024,3812371059238400
2,0,2456,1789633754941964288,3812371059249032
2,0,2457,1789633754941974528,3812371059259645
2,0,2458,1789633754941984768,3812371059270299
2,0,2459,1789633754941996032,3812371059280879
2,0,2460,1789633754942006272,3812371059291518
2,0,2461,1789633754942016512,3812371059302129
2,0,2462,1789633754942027776,3812371059312762
2,0,2463,1789633754942038016,3812371059323372
2,0,2464,1789633754942049280,3812371059334062
2,0,2465,1789633754942059520,3812371059344699
2,0,2466,1789633754942069760,3812371059355438
2,0,2467,1789633754942081024,3812371059366072
2,0,2468,1789633754942091264,3812371059376919
2,0,2469,1789633754942102528,3812371059387558
2,0,2470,1789633754942112768,3812371059398352
2,0,2471,1789633754942124032,3812371059408995
2,0,2472,1789633754942134272,3812371059419582
2,0,2473,1789633754942145536,3812371059430258
2,0,2474,1789633754942155776,3812371059440862
2,0,2475,1789633754942166016,3812371059451502
2,0,2476,1789633754942177280,3812371059462095
2,0,2477,1789633754942187520,3812371059472683
2,0,2478,1789633754942197760,3812371059483332
2,0,2479,1789633754942209024,3812371059494033
2,0,2480,1789633754942219264,3812371059504633
2,0,2481,1789633754942230528,3812371059515405
2,0,2482,1789633754942240768,3812371059526025
2,0,2483,1789633754942252032,3812371059536626
2,0,2484,1789633754942262272,3812371059547242
2,0,2485,1789633754942272512,3812371059557832
2,0,2486,1789633754942283776,3812371059568405
2,0,2487,1789633754942294016,3812371059579042
2,0,2488,1789633754942304256,3812371059589619
2,0,2489,1789633754942315520,3812371059600279
2,0,2490,1789633754942325760,3812371059610982
2,0,2491,1789633754942336000,3812371059621625
2,0,2492,1789633754942347264,3812371059632245
2,0,2493,1789633754942357504,3812371059642895
2,0,2494,1789633754942368768,3812371059653516
2,0,2495,1789633754942379008,3812371059664095
2,0,2496,1789633754942389248,3812371059674709
2,0,2497,1789633754942400512,3812371059685302
2,0,2498,1789633754942410752,3812371059695933
2,0,2499,1789633754942420992,3812371059706692
2,0,2500,1789633754942432256,3812371059717332
2,0,2501,1789633754942442496,3812371059728045
2,0,2502,1789633754942453760,3812371059738653
2,0,2503,1789633754942464000,3812371059749255
2,0,2504,1789633754942474240,3812371059759886
2,0,2505,1789633754942485504,3812371059770435
2,0,2506,1789633754942495744,3812371059781009
2,0,2507,1789633754942505984,3812371059791612
2,0,2508,1789633754942517248,3812371059802276
2,0,2509,1789633754942527488,3812371059812935
2,0,2510,1789633754942538752,3812371059823622
2,0,2511,1789633754942548992,3812371059834275
2,0,2512,1789633754942559232,3812371059844868
2,0,2513,1789633754942570496,3812371059855485
2,0,2514,1789633754942580736,3812371059866082
2,0,2515,1789633754942592000,3812371059876672
2,0,2516,1789633754942602240,3812371059887255
2,0,2517,1789633754942612480,3812371059897875
2,0,2518,1789633754942623744,3812371059908462
2,0,2519,1789633754942633984,3812371059919232
2,0,2520,1789633754942644224,3812371059929845
2,0,2521,1789633754942655488,3812371059940475
2,0,2522,1789633754942665728,3812371059951119
2,0,2523,1789633754942676992,3812371059961730
2,0,2524,1789633754942687232,3812371059972328
2,0,2525,1789633754942697472,3812371059982959
2,0,2526,1789633754942708736,3812371059993510
2,0,2527,1789633754942718976,3812371060004112
2,0,2528,1789633754942729216,3812371060014816
2,0,2529,1789633754942740480,3812371060025472
2,0,2530,1789633754942750720,3812371060036299
2,0,2531,1789633754942761984,3812371060046952
2,0,2532,1789633754942772224,3812371060057743
2,0,2533,1789633754942783488,3812371060068368
2,0,2534,1789633754942793728,3812371060078963
2,0,2535,1789633754942803968,3812371060089549
2,0,2536,1789633754942815232,3812371060100245
2,0,2537,1789633754942825472,3812371060110835
2,0,2538,1789633754942836736,3812371060121435
2,0,2539,1789633754942846976,3812371060132018
2,0,2540,1789633754942857216,3812371060142638
2,0,2541,1789633754942868480,3812371060153322
2,0,2542,1789633754942878720,3812371060164035
2,0,2543,1789633754942889984,3812371060174815
2,0,2544,1789633754942900224,3812371060185448
2,0,2545,1789633754942910464,3812371060196005
2,0,2546,1789633754942921728,3812371060206646
2,0,2547,1789633754942931968,3812371060217242
2,0,2548,1789633754942942208,3812371060227830
2,0,2549,1789633754942953472,3812371060238442
2,0,2550,1789633754942963712,3812371060249029
2,0,2551,1789633754942974976,3812371060259673
2,0,2552,1789633754942985216,3812371060270370
2,0,2553,1789633754942995456,3812371060281048
2,0,2554,1789633754943006720,3812371060291625
2,0,2555,1789633754943016960,3812371060302285
2,0,2556,1789633754943028224,3812371060312886
2,0,2557,1789633754943038464,3812371060323523
2,0,2558,1789633754943048704,3812371060334110
2,0,2559,1789633754943059968,3812371060344729
2,0,2560,1789633754943070208,3812371060355338
2,0,2561,1789633754943080448,3812371060366055
2,0,2562,1789633754943091712,3812371060376692
2,0,2563,1789633754943101952,3812371060387412
2,0,2564,1789633754943113216,3812371060398068
2,0,2565,1789633754943123456,3812371060408645
2,0,2566,1789633754943133696,3812371060419245
2,0,2567,1789633754943144960,3812371060429858
2,0,2568,1789633754943155200,3812371060440418
2,0,2569,1789633754943165440,3812371060451045
2,0,2570,1789633754943176704,3812371060461666
2,0,2571,1789633754943186944,3812371060472322
2,0,2572,1789633754943198208,3812371060483005
2,0,2573,1789633754943208448,3812371060493649
2,0,2574,1789633754943218688,3812371060504262
2,0,2575,1789633754943229952,3812371060514875
2,0,2576,1789633754943240192,3812371060525468
2,0,2577,1789633754943251456,3812371060536086
2,0,2578,1789633754943261696,3812371060546669
2,0,2579,1789633754943271936,3812371060557302
2,0,2580,1789633754943283200,3812371060567918
2,0,2581,1789633754943293440,3812371060578612
2,0,2582,1789633754943303680,3812371060589255
2,0,2583,1789633754943314944,3812371060600082
2,0,2584,1789633754943325184,3812371060610742
2,0,2585,1789633754943336448,3812371060621295
2,0,2586,1789633754943346688,3812371060631968
2,0,2587,1789633754943356928,3812371060642572
2,0,2588,1789633754943368192,3812371060653162
2,0,2589,1789633754943378432,3812371060663776
2,0,2590,1789633754943389696,3812371060674368
2,0,2591,1789633754943399936,3812371060684988
2,0,2592,1789633754943410176,3812371060695655
2,0,2593,1789633754943421440,3812371060706319
2,0,2594,1789633754943431680,3812371060716905
2,0,2595,1789633754943441920,3812371060727546
2,0,2596,1789633754943453184,3812371060738238
2,0,2597,1789633754943463424,3812371060748825
2,0,2598,1789633754943474688,3812371060759466
2,0,2599,1789633754943484928,3812371060770072
2,0,2600,1789633754943495168,3812371060780716
2,0,2601,1789633754943506432,3812371060791332
2,0,2602,1789633754943516672,3812371060801992
2,0,2603,1789633754943527936,3812371060812696
2,0,2604,1789633754943538176,3812371060823343
2,0,2605,1789633754943548416,3812371060834192
2,0,2606,1789633754943559680,3812371060844832
2,0,2607,1789633754943569920,3812371060855416
2,0,2608,1789633754943581184,3812371060866012
2,0,2609,1789633754943591424,3812371060876602
2,0,2610,1789633754943601664,3812371060887168
2,0,2611,1789633754943612928,3812371060897775
2,0,2612,1789633754943623168,3812371060908408
2,0,2613,1789633754943633408,3812371060919045
2,0,2614,1789633754943644672,3812371060929762
2,0,2615,1789633754943654912,3812371060940398
2,0,2616,1789633754943666176,3812371060951016
2,0,2617,1789633754943676416,3812371060961622
2,0,2618,1789633754943686656,3812371060972266
2,0,2619,1789633754943697920,3812371060982869
2,0,2620,1789633754943708160,3812371060993722
2,0,2621,1789633754943719424,3812371061004275
2,0,2622,1789633754943729664,3812371061014886
2,0,2623,1789633754943739904,3812371061025518
2,0,2624,1789633754943751168,3812371061036178
2,0,2625,1789633754943761408,3812371061046902
2,0,2626,1789633754943772672,3812371061057522
2,0,2627,1789633754943782912,3812371061068272
2,0,2628,1789633754943794176,3812371061078918
2,0,2629,1789633754943804416,3812371061089730
2,0,2630,1789633754943815680,3812371061100406
2,0,2631,1789633754943825920,3812371061111196
2,0,2632,1789633754943836160,3812371061121818
2,0,2633,1789633754943847424,3812371061132396
2,0,2634,1789633754943857664,3812371061142965
2,0,2635,1789633754943868928,3812371061153582
2,0,2636,1789633754943879168,3812371061164142
2,0,2637,1789633754943889408,3812371061174786
2,0,2638,1789633754943900672,3812371061185413
2,0,2639,1789633754943910912,3812371061196072
2,0,2640,1789633754943921152,3812371061206768
2,0,2641,1789633754943932416,3812371061217410
2,0,2642,1789633754943942656,3812371061227996
2,0,2643,1789633754943953920,3812371061238552
2,0,2644,1789633754943964160,3812371061249162
2,0,2645,1789633754943974400,3812371061259796
2,0,2646,1789633754943985664,3812371061270449
2,0,2647,1789633754943995904,3812371061281036
2,0,2648,1789633754944006144,3812371061291685
2,0,2649,1789633754944017408,3812371061302369
2,0,2650,1789633754944027648,3812371061313012
2,0,2651,1789633754944038912,3812371061323568
2,0,2652,1789633754944049152,3812371061334205
2,0,2653,1789633754944059392,3812371061344755
2,0,2654,1789633754944070656,3812371061355362
2,0,2655,1789633754944080896,3812371061365992
2,0,2656,1789633754944091136,3812371061376595
2,0,2657,1789633754944102400,3812371061387245
2,0,2658,1789633754944112640,3812371061397948
2,0,2659,1789633754944123904,3812371061408622
2,0,2660,1789633754944134144,3812371061419443
2,0,2661,1789633754944145408,3812371061430080
2,0,2662,1789633754944155648,3812371061440645
2,0,2663,1789633754944165888,3812371061451225
2,0,2664,1789633754944177152,3812371061461862
2,0,2665,1789633754944187392,3812371061472455
2,0,2666,1789633754944197632,3812371061483051
2,0,2667,1789633754944208896,3812371061493662
2,0,2668,1789633754944219136,3812371061504276
2,0,2669,1789633754944229376,3812371061515012
2,0,2670,1789633754944240640,3812371061525659
2,0,2671,1789633754944250880,3812371061536242
2,0,2672,1789633754944262144,3812371061546830
2,0,2673,1789633754944272384,3812371061557445
2,0,2674,1789633754944282624,3812371061568035
2,0,2675,1789633754944293888,3812371061578652
2,0,2676,1789633754944304128,3812371061589236
2,0,2677,1789633754944314368,3812371061599885
2,0,2678,1789633754944325632,3812371061610605
2,0,2679,1789633754944335872,3812371061622130
2,0,2680,1789633754944347136,3812371061631823
2,0,2681,1789633754944357376,3812371061642508
2,0,2682,1789633754944367616,3812371061653092
2,0,2683,1789633754944378880,3812371061663682
2,0,2684,1789633754944389120,3812371061674272
2,0,2685,1789633754944399360,3812371061684885
2,0,2686,1789633754944410624,3812371061695518
2,0,2687,1789633754944420864,3812371061706268
2,0,2688,1789633754944432128,3812371061716970
2,0,2689,1789633754944442368,3812371061727646
2,0,2690,1789633754944453632,3812371061738338
2,0,2691,1789633754944463872,3812371061749138
2,0,2692,1789633754944474112,3812371061759768
2,0,2693,1789633754944485376,3812371061770328
2,0,2694,1789633754944495616,3812371061780922
2,0,2695,1789633754944505856,3812371061791502
2,0,2696,1789633754944517120,3812371061802118
2,0,2697,1789633754944527360,3812371061812738
2,0,2698,1789633754944538624,3812371061823356
2,0,2699,1789633754944548864,3812371061834045
2,0,2700,1789633754944559104,3812371061844702
2,0,2701,1789633754944570368,3812371061855345
2,0,2702,1789633754944580608,3812371061866168
2,0,2703,1789633754944591872,3812371061876802
2,0,2704,1789633754944602112,3812371061887405
2,0,2705,1789633754944612352,3812371061897982
2,0,2706,1789633754944623616,3812371061908645
2,0,2707,1789633754944633856,3812371061919325
2,0,2708,1789633754944645120,3812371061930005
2,0,2709,1789633754944655360,3812371061940672
2,0,2710,1789633754944666624,3812371061951400
2,0,2711,1789633754944676864,3812371061962132
2,0,2712,1789633754944687104,3812371061972832
2,0,2713,1789633754944698368,3812371061983548
2,0,2714,1789633754944708608,3812371061994295
2,0,2715,1789633754944719872,3812371062004985
2,0,2716,1789633754944730112,3812371062015695
2,0,2717,1789633754944741376,3812371062026395
2,0,2718,1789633754944751616,3812371062037135
2,0,2719,1789633754944762880,3812371062047825
2,0,2720,1789633754944773120,3812371062058505
2,0,2721,1789633754944784384,3812371062069236
2,0,2722,1789633754944794624,3812371062079908
2,0,2723,1789633754944804864,3812371062090662
2,0,2724,1789633754944816128,3812371062101352
2,0,2725,1789633754944826368,3812371062112117
2,0,2726,1789633754944837632,3812371062122818
2,0,2727,1789633754944847872,3812371062133562
2,0,2728,1789633754944859136,3812371062144278
2,0,2729,1789633754944869376,3812371062155032
2,0,2730,1789633754944880640,3812371062165768
2,0,2731,1789633754944890880,3812371062176486
2,0,2732,1789633754944902144,3812371062187205
2,0,2733,1789633754944912384,3812371062197945
2,0,2734,1789633754944923648,3812371062208632
2,0,2735,1789633754944933888,3812371062219405
2,0,2736,1789633754944945152,3812371062230095
2,0,2737,1789633754944955392,3812371062240870
2,0,2738,1789633754944966656,3812371062251560
2,0,2739,1789633754944976896,3812371062262205
2,0,2740,1789633754944988160,3812371062272945
2,0,2741,1789633754944998400,3812371062283802
2,0,2742,1789633754945009664,3812371062294543
2,0,2743,1789633754945019904,3812371062305262
2,0,2744,1789633754945031168,3812371062316010
2,0,2745,1789633754945041408,3812371062326705
2,0,2746,1789633754945052672,3812371062337445
2,0,2747,1789633754945062912,3812371062348162
2,0,2748,1789633754945073152,3812371062358888
2,0,2749,1789633754945084416,3812371062369632
2,0,2750,1789633754945094656,3812371062380345
2,0,2751,1789633754945105920,3812371062391092
2,0,2752,1789633754945116160,3812371062401775
2,0,2753,1789633754945127424,3812371062412533
2,0,2754,1789633754945137664,3812371062423222
2,0,2755,1789633754945148928,3812371062434005
2,0,2756,1789633754945159168,3812371062444725
2,0,2757,1789633754945170432,3812371062455455
2,0,2758,1789633754945180672,3812371062466145
2,0,2759,1789633754945191936,3812371062476925
2,0,2760,1789633754945202176,3812371062487602
2,0,2761,1789633754945213440,3812371062498348
2,0,2762,1789633754945223680,3812371062509035
2,0,2763,1789633754945234944,3812371062519818
2,0,2764,1789633754945245184,3812371062530518
2,0,2765,1789633754945256448,3812371062541292
2,0,2766,1789633754945266688,3812371062552021
2,0,2767,1789633754945277952,3812371062562745
2,0,2768,1789633754945288192,3812371062573445
2,0,2769,1789633754945298432,3812371062584223
2,0,2770,1789633754945309696,3812371062594905
2,0,2771,1789633754945319936,3812371062605675
2,0,2772,1789633754945331200,3812371062616325
2,0,2773,1789633754945341440,3812371062627185
2,0,2774,1789633754945352704,3812371062637888
2,0,2775,1789633754945362944,3812371062648583
2,0,2776,1789633754945374208,3812371062659316
2,0,2777,1789633754945384448,3812371062669993
2,0,2778,1789633754945395712,3812371062680625
2,0,2779,1789633754945405952,3812371062691370
2,0,2780,1789633754945417216,3812371062701996
2,0,2781,1789633754945427456,3812371062712548
2,0,2782,1789633754945437696,3812371062723162
2,0,2783,1789633754945448960,3812371062733748
2,0,2784,1789633754945459200,3812371062744344
2,0,2785,1789633754945469440,3812371062754925
2,0,2786,1789633754945480704,3812371062765582
2,0,2787,1789633754945490944,3812371062776225
2,0,2788,1789633754945501184,3812371062786948
2,0,2789,1789633754945512448,3812371062797585
2,0,2790,1789633754945522688,3812371062808175
2,0,2791,1789633754945533952,3812371062818792
2,0,2792,1789633754945544192,3812371062829385
2,0,2793,1789633754945554432,3812371062839975
2,0,2794,1789633754945565696,3812371062850623
2,0,2795,1789633754945575936,3812371062861205
2,0,2796,1789633754945586176,3812371062871872
2,0,2797,1789633754945597440,3812371062882655
2,0,2798,1789633754945607680,3812371062893328
2,0,2799,1789633754945618944,3812371062904110
2,0,2800,1789633754945629184,3812371062914752
2,0,2801,1789633754945640448,3812371062925482
2,0,2802,1789633754945650688,3812371062936095
2,0,2803,1789633754945661952,3812371062946958
2,0,2804,1789633754945672192,3812371062957578
2,0,2805,1789633754945683456,3812371062968381
2,0,2806,1789633754945693696,3812371062978971
2,0,2807,1789633754945703936,3812371062989575
2,0,2808,1789633754945715200,3812371063000145
2,0,2809,1789633754945725440,3812371063010748
2,0,2810,1789633754945735680,3812371063021358
2,0,2811,1789633754945746944,3812371063032005
2,0,2812,1789633754945757184,3812371063042648
2,0,2813,1789633754945768448,3812371063053301
2,0,2814,1789633754945778688,3812371063064068
2,0,2815,1789633754945789952,3812371063074675
2,0,2816,1789633754945800192,3812371063085426
2,0,2817,1789633754945810432,3812371063096035
2,0,2818,1789633754945821696,3812371063106626
2,0,2819,1789633754945831936,3812371063117241
2,0,2820,1789633754945842176,3812371063127868
2,0,2821,1789633754945853440,3812371063138471
2,0,2822,1789633754945863680,3812371063149118
2,0,2823,1789633754945874944,3812371063159683
2,0,2824,1789633754945885184,3812371063170325
2,0,2825,1789633754945895424,3812371063181010
2,0,2826,1789633754945906688,3812371063191648
2,0,2827,1789633754945916928,3812371063202225
2,0,2828,1789633754945927168,3812371063212824
2,0,2829,1789633754945938432,3812371063223461
2,0,2830,1789633754945948672,3812371063234045
2,0,2831,1789633754945959936,3812371063244691
2,0,2832,1789633754945970176,3812371063255295
2,0,2833,1789633754945980416,3812371063265945
2,0,2834,1789633754945991680,3812371063276621
2,0,2835,1789633754946001920,3812371063287251
2,0,2836,1789633754946012160,3812371063297835
2,0,2837,1789633754946023424,3812371063308423
2,0,2838,1789633754946033664,3812371063318985
2,0,2839,1789633754946043904,3812371063329575
2,0,2840,1789633754946055168,3812371063340256
2,0,2841,1789633754946065408,3812371063350838
2,0,2842,1789633754946076672,3812371063361458
2,0,2843,1789633754946086912,3812371063372205
2,0,2844,1789633754946097152,3812371063382823
2,0,2845,1789633754946108416,3812371063393418
2,0,2846,1789633754946118656,3812371063404031
2,0,2847,1789633754946129920,3812371063414621
2,0,2848,1789633754946140160,3812371063425218
2,0,2849,1789633754946150400,3812371063435858
2,0,2850,1789633754946161664,3812371063446441
2,0,2851,1789633754946171904,3812371063457081
2,0,2852,1789633754946182144,3812371063467895
2,0,2853,1789633754946193408,3812371063478545
2,0,2854,1789633754946203648,3812371063489248
2,0,2855,1789633754946214912,3812371063499891
2,0,2856,1789633754946225152,3812371063510445
2,0,2857,1789633754946235392,3812371063521035
2,0,2858,1789633754946246656,3812371063531641
2,0,2859,1789633754946256896,3812371063542216
2,0,2860,1789633754946268160,3812371063552848
2,0,2861,1789633754946278400,3812371063563485
2,0,2862,1789633754946288640,3812371063574118
2,0,2863,1789633754946299904,3812371063584838
2,0,2864,1789633754946310144,3812371063595500
2,0,2865,1789633754946321408,3812371063606321
2,0,2866,1789633754946331648,3812371063616975
2,0,2867,1789633754946341888,3812371063627526
2,0,2868,1789633754946353152,3812371063638110
2,0,2869,1789633754946363392,3812371063648743
2,0,2870,1789633754946374656,3812371063659368
2,0,2871,1789633754946384896,3812371063670003
2,0,2872,1789633754946395136,3812371063680556
2,0,2873,1789633754946406400,3812371063691171
2,0,2874,1789633754946416640,3812371063701898
2,0,2875,1789633754946426880,3812371063712536
2,0,2876,1789633754946438144,3812371063723121
2,0,2877,1789633754946448384,3812371063733735
2,0,2878,1789633754946458624,3812371063744323
2,0,2879,1789633754946469888,3812371063754928
2,0,2880,1789633754946480128,3812371063765535
2,0,2881,1789633754946491392,3812371063776125
2,0,2882,1789633754946501632,3812371063786755
2,0,2883,1789633754946511872,3812371063797460
2,0,2884,1789633754946523136,3812371063808135
2,0,2885,1789633754946533376,3812371063818966
2,0,2886,1789633754946544640,3812371063829595
2,0,2887,1789633754946554880,3812371063840123
2,0,2888,1789633754946565120,3812371063850711
2,0,2889,1789633754946576384,3812371063861358
2,0,2890,1789633754946586624,3812371063871966
2,0,2891,1789633754946597888,3812371063882595
2,0,2892,1789633754946608128,3812371063893198
2,0,2893,1789633754946618368,3812371063903848
2,0,2894,1789633754946629632,3812371063914521
2,0,2895,1789633754946639872,3812371063925165
2,0,2896,1789633754946650112,3812371063935761
2,0,2897,1789633754946661376,3812371063946338
2,0,2898,1789633754946671616,3812371063956923
2,0,2899,1789633754946681856,3812371063967518
2,0,2900,1789633754946693120,3812371063978151
2,0,2901,1789633754946703360,3812371063988766
2,0,2902,1789633754946714624,3812371063999408
2,0,2903,1789633754946724864,3812371064010121
2,0,2904,1789633754946735104,3812371064020781
2,0,2905,1789633754946746368,3812371064031605
2,0,2906,1789633754946756608,3812371064042255
2,0,2907,1789633754946767872,3812371064053055
2,0,2908,1789633754946778112,3812371064063681
2,0,2909,1789633754946789376,3812371064074251
2,0,2910,1789633754946799616,3812371064084875
2,0,2911,1789633754946809856,3812371064095485
2,0,2912,1789633754946821120,3812371064106068
2,0,2913,1789633754946831360,3812371064116721
2,0,2914,1789633754946841600,3812371064127295
2,0,2915,1789633754946852864,3812371064137965
2,0,2916,1789633754946863104,3812371064148708
2,0,2917,1789633754946874368,3812371064159343
2,0,2918,1789633754946884608,3812371064170091
2,0,2919,1789633754946895872,3812371064180718
2,0,2920,1789633754946906112,3812371064191318
2,0,2921,1789633754946916352,3812371064201997
2,0,2922,1789633754946927616,3812371064212601
2,0,2923,1789633754946937856,3812371064223195
2,0,2924,1789633754946948096,3812371064233831
2,0,2925,1789633754946959360,3812371064244448
2,0,2926,1789633754946969600,3812371064255081
2,0,2927,1789633754946980864,3812371064265768
2,0,2928,1789633754946991104,3812371064276411
2,0,2929,1789633754947001344,3812371064287134
2,0,2930,1789633754947012608,3812371064297771
2,0,2931,1789633754947022848,3812371064308368
2,0,2932,1789633754947034112,3812371064318918
2,0,2933,1789633754947044352,3812371064329508
2,0,2934,1789633754947054592,3812371064340124
2,0,2935,1789633754947065856,3812371064350794
2,0,2936,1789633754947076096,3812371064361398
2,0,2937,1789633754947086336,3812371064372044
2,0,2938,1789633754947097600,3812371064382726
2,0,2939,1789633754947107840,3812371064393366
2,0,2940,1789633754947119104,3812371064404016
2,0,2941,1789633754947129344,3812371064414638
2,0,2942,1789633754947139584,3812371064425231
2,0,2943,1789633754947150848,3812371064435841
2,0,2944,1789633754947161088,3812371064446491
2,0,2945,1789633754947172352,3812371064457088
2,0,2946,1789633754947182592,3812371064467741
2,0,2947,1789633754947192832,3812371064478418
2,0,2948,1789633754947204096,3812371064489081
2,0,2949,1789633754947214336,3812371064499784
2,0,2950,1789633754947225600,3812371064510394
2,0,2951,1789633754947235840,3812371064520994
2,0,2952,1789633754947246080,3812371064531604
2,0,2953,1789633754947257344,3812371064542174
2,0,2954,1789633754947267584,3812371064552768
2,0,2955,1789633754947277824,3812371064563364
2,0,2956,1789633754947289088,3812371064574011
2,0,2957,1789633754947299328,3812371064584684
2,0,2958,1789633754947309568,3812371064595361
2,0,2959,1789633754947320832,3812371064606018
2,0,2960,1789633754947331072,3812371064616568
2,0,2961,1789633754947342336,3812371064627166
2,0,2962,1789633754947352576,3812371064637718
2,0,2963,1789633754947362816,3812371064648318
2,0,2964,1789633754947374080,3812371064658968
2,0,2965,1789633754947384320,3812371064669594
2,0,2966,1789633754947394560,3812371064680241
2,0,2967,1789633754947405824,3812371064690966
2,0,2968,1789633754947416064,3812371064701604
2,0,2969,1789633754947427328,3812371064712176
2,0,2970,1789633754947437568,3812371064722761
2,0,2971,1789633754947447808,3812371064733341
2,0,2972,1789633754947459072,3812371064743998
2,0,2973,1789633754947469312,3812371064754604
2,0,2974,1789633754947479552,3812371064765198
2,0,2975,1789633754947490816,3812371064775853
2,0,2976,1789633754947501056,3812371064786561
2,0,2977,1789633754947512320,3812371064797174
2,0,2978,1789633754947522560,3812371064807786
2,0,2979,1789633754947532800,3812371064818406
2,0,2980,1789633754947544064,3812371064828994
2,0,2981,1789633754947554304,3812371064839584
2,0,2982,1789633754947564544,3812371064850254
2,0,2983,1789633754947575808,3812371064860786
2,0,2984,1789633754947586048,3812371064871433
2,0,2985,1789633754947597312,3812371064882141
2,0,2986,1789633754947607552,3812371064892800
2,0,2987,1789633754947617792,3812371064903604
2,0,2988,1789633754947629056,3812371064914271
2,0,2989,1789633754947639296,3812371064924843
2,0,2990,1789633754947650560,3812371064935437
2,0,2991,1789633754947660800,3812371064946051
2,0,2992,1789633754947671040,3812371064956641
2,0,2993,1789633754947682304,3812371064967268
2,0,2994,1789633754947692544,3812371064977884
2,0,2995,1789633754947703808,3812371064988521
2,0,2996,1789633754947714048,3812371064999270
2,0,2997,1789633754947724288,3812371065009934
2,0,2998,1789633754947735552,3812371065020644
2,0,2999,1789633754947745792,3812371065031271
2,0,3000,1789633754947757056,3812371065042101
2,0,3001,1789633754947767296,3812371065052771
2,0,3002,1789633754947778560,3812371065063560
2,0,3003,1789633754947788800,3812371065074208
2,0,3004,1789633754947800064,3812371065084774
2,0,3005,1789633754947810304,3812371065095398
2,0,3006,1789633754947820544,3812371065106025
2,0,3007,1789633754947831808,3812371065116598
2,0,3008,1789633754947842048,3812371065127286
2,0,3009,1789633754947852288,3812371065137874
2,0,3010,1789633754947863552,3812371065148528
2,0,3011,1789633754947873792,3812371065159277
2,0,3012,1789633754947885056,3812371065169910
2,0,3013,1789633754947895296,3812371065180641
2,0,3014,1789633754947905536,3812371065191284
2,0,3015,1789633754947916800,3812371065201874
2,0,3016,1789633754947927040,3812371065212448
2,0,3017,1789633754947938304,3812371065223054
2,0,3018,1789633754947948544,3812371065233681
2,0,3019,1789633754947958784,3812371065244296
2,0,3020,1789633754947970048,3812371065254924
2,0,3021,1789633754947980288,3812371065265523
2,0,3022,1789633754947990528,3812371065276216
2,0,3023,1789633754948001792,3812371065286871
2,0,3024,1789633754948012032,3812371065297444
2,0,3025,1789633754948023296,3812371065308023
2,0,3026,1789633754948033536,3812371065318594
2,0,3027,1789633754948043776,3812371065329168
2,0,3028,1789633754948055040,3812371065339784
2,0,3029,1789633754948065280,3812371065350443
2,0,3030,1789633754948075520,3812371065361083
2,0,3031,1789633754948086784,3812371065371968
2,0,3032,1789633754948097024,3812371065382613
2,0,3033,1789633754948108288,3812371065393273
2,0,3034,1789633754948118528,3812371065403888
2,0,3035,1789633754948128768,3812371065414451
2,0,3036,1789633754948140032,3812371065425036
2,0,3037,1789633754948150272,3812371065435671
2,0,3038,1789633754948160512,3812371065446234
2,0,3039,1789633754948171776,3812371065456874
2,0,3040,1789633754948182016,3812371065467486
2,0,3041,1789633754948193280,3812371065478121
2,0,3042,1789633754948203520,3812371065488851
2,0,3043,1789633754948213760,3812371065499491
2,0,3044,1789633754948225024,3812371065510084
2,0,3045,1789633754948235264,3812371065520648
2,0,3046,1789633754948246528,3812371065531294
2,0,3047,1789633754948256768,3812371065541861
2,0,3048,1789633754948267008,3812371065552477
2,0,3049,1789633754948278272,3812371065563111
2,0,3050,1789633754948288512,3812371065573784
2,0,3051,1789633754948298752,3812371065584441
2,0,3052,1789633754948310016,3812371065595071
2,0,3053,1789633754948320256,3812371065605637
2,0,3054,1789633754948331520,3812371065619894
2,0,3055,1789633754948341760,3812371065626972
2,0,3056,1789633754948352000,3812371065637520
2,0,3057,1789633754948363264,3812371065648221
2,0,3058,1789633754948373504,3812371065658894
2,0,3059,1789633754948384768,3812371065669631
2,0,3060,1789633754948395008,3812371065680367
2,0,3061,1789633754948406272,3812371065691093
2,0,3062,1789633754948416512,3812371065701743
2,0,3063,1789633754948426752,3812371065712497
2,0,3064,1789633754948438016,3812371065723170
2,0,3065,1789633754948448256,3812371065733907
2,0,3066,1789633754948459520,3812371065744625
2,0,3067,1789633754948469760,3812371065755330
2,0,3068,1789633754948481024,3812371065766060
2,0,3069,1789633754948491264,3812371065776760
2,0,3070,1789633754948502528,3812371065787493
2,0,3071,1789633754948512768,3812371065798185
2,0,3072,1789633754948524032,3812371065808925
2,0,3073,1789633754948534272,3812371065819633
2,0,3074,1789633754948544512,3812371065830406
2,0,3075,1789633754948555776,3812371065841137
2,0,3076,1789633754948566016,3812371065851855
2,0,3077,1789633754948577280,3812371065862550
2,0,3078,1789633754948587520,3812371065873325
2,0,3079,1789633754948598784,3812371065884120
2,0,3080,1789633754948609024,3812371065894847
2,0,3081,1789633754948620288,3812371065905577
2,0,3082,1789633754948630528,3812371065916297
2,0,3083,1789633754948641792,3812371065926973
2,0,3084,1789633754948652032,3812371065937687
2,0,3085,1789633754948663296,3812371065948304
2,0,3086,1789633754948673536,3812371065959015
2,0,3087,1789633754948684800,3812371065969667
2,0,3088,1789633754948695040,3812371065980263
2,0,3089,1789633754948705280,3812371065990823
2,0,3090,1789633754948716544,3812371066001454
2,0,3091,1789633754948726784,3812371066012063
2,0,3092,1789633754948737024,3812371066022705
2,0,3093,1789633754948748288,3812371066033345
2,0,3094,1789633754948758528,3812371066044035
2,0,3095,1789633754948769792,3812371066054717
2,0,3096,1789633754948780032,3812371066065293
2,0,3097,1789633754948790272,3812371066076093
2,0,3098,1789633754948801536,3812371066086735
2,0,3099,1789633754948811776,3812371066097285
2,0,3100,1789633754948823040,3812371066107883
2,0,3101,1789633754948833280,3812371066118495
2,0,3102,1789633754948843520,3812371066129120
2,0,3103,1789633754948854784,3812371066139743
2,0,3104,1789633754948865024,3812371066150363
2,0,3105,1789633754948875264,3812371066160953
2,0,3106,1789633754948886528,3812371066171757
2,0,3107,1789633754948896768,3812371066182367
2,0,3108,1789633754948908032,3812371066193125
2,0,3109,1789633754948918272,3812371066203763
2,0,3110,1789633754948929536,3812371066214353
2,0,3111,1789633754948939776,3812371066224953
2,0,3112,1789633754948950016,3812371066235553
2,0,3113,1789633754948961280,3812371066246145
2,0,3114,1789633754948971520,3812371066256773
2,0,3115,1789633754948981760,3812371066267403
2,0,3116,1789633754948993024,3812371066278003
2,0,3117,1789633754949003264,3812371066288793
2,0,3118,1789633754949014528,3812371066299407
2,0,3119,1789633754949024768,3812371066310147
2,0,3120,1789633754949035008,3812371066320753
2,0,3121,1789633754949046272,3812371066331355
2,0,3122,1789633754949056512,3812371066341967
2,0,3123,1789633754949067776,3812371066352553
2,0,3124,1789633754949078016,3812371066363127
2,0,3125,1789633754949088256,3812371066373733
2,0,3126,1789633754949099520,3812371066384385
2,0,3127,1789633754949109760,3812371066394973
2,0,3128,1789633754949120000,3812371066405753
2,0,3129,1789633754949131264,3812371066416385
2,0,3130,1789633754949141504,3812371066426955
2,0,3131,1789633754949152768,3812371066437547
2,0,3132,1789633754949163008,3812371066448126
2,0,3133,1789633754949173248,3812371066458761
2,0,3134,1789633754949184512,3812371066469406
2,0,3135,1789633754949194752,3812371066480007
2,0,3136,1789633754949204992,3812371066490631
2,0,3137,1789633754949216256,3812371066501333
2,0,3138,1789633754949226496,3812371066512003
2,0,3139,1789633754949237760,3812371066522563
2,0,3140,1789633754949248000,3812371066533127
2,0,3141,1789633754949258240,3812371066543743
2,0,3142,1789633754949269504,3812371066554324
2,0,3143,1789633754949279744,3812371066564934
2,0,3144,1789633754949289984,3812371066575554
2,0,3145,1789633754949301248,3812371066586187
2,0,3146,1789633754949311488,3812371066596925
2,0,3147,1789633754949322752,3812371066607525
2,0,3148,1789633754949332992,3812371066618137
2,0,3149,1789633754949343232,3812371066628695
2,0,3150,1789633754949354496,3812371066639285
2,0,3151,1789633754949364736,3812371066649871
2,0,3152,1789633754949374976,3812371066660513
2,0,3153,1789633754949386240,3812371066671183
2,0,3154,1789633754949396480,3812371066681777
2,0,3155,1789633754949406720,3812371066692523
2,0,3156,1789633754949417984,3812371066703135
2,0,3157,1789633754949428224,3812371066713770
2,0,3158,1789633754949439488,3812371066724413
2,0,3159,1789633754949449728,3812371066735023
2,0,3160,1789633754949459968,3812371066745621
2,0,3161,1789633754949471232,3812371066756251
2,0,3162,1789633754949481472,3812371066766845
2,0,3163,1789633754949491712,3812371066777473
2,0,3164,1789633754949502976,3812371066788197
2,0,3165,1789633754949513216,3812371066798843
2,0,3166,1789633754949524480,3812371066809567
2,0,3167,1789633754949534720,3812371066820257
2,0,3168,1789633754949545984,3812371066830807
2,0,3169,1789633754949556224,3812371066841397
2,0,3170,1789633754949566464,3812371066851995
2,0,3171,1789633754949577728,3812371066862593
2,0,3172,1789633754949587968,3812371066873243
2,0,3173,1789633754949598208,3812371066883844
2,0,3174,1789633754949609472,3812371066894446
2,0,3175,1789633754949619712,3812371066905175
2,0,3176,1789633754949630976,3812371066915804
2,0,3177,1789633754949641216,3812371066926647
2,0,3178,1789633754949652480,3812371066937275
2,0,3179,1789633754949662720,3812371066948100
2,0,3180,1789633754949672960,3812371066958697
2,0,3181,1789633754949684224,3812371066969320
2,0,3182,1789633754949694464,3812371066979875
2,0,3183,1789633754949705728,3812371066990525
2,0,3184,1789633754949715968,3812371067001167
2,0,3185,1789633754949726208,3812371067011805
2,0,3186,1789633754949737472,3812371067022403
2,0,3187,1789633754949747712,3812371067033024
2,0,3188,1789633754949757952,3812371067043783
2,0,3189,1789633754949769216,3812371067054443
2,0,3190,1789633754949779456,3812371067065250
2,0,3191,1789633754949790720,3812371067075795
2,0,3192,1789633754949800960,3812371067086606
2,0,3193,1789633754949812224,3812371067097253
2,0,3194,1789633754949822464,3812371067107850
2,0,3195,1789633754949832704,3812371067118447
2,0,3196,1789633754949843968,3812371067129100
2,0,3197,1789633754949854208,3812371067139717
2,0,3198,1789633754949865472,3812371067150395
2,0,3199,1789633754949875712,3812371067161017
2,0,3200,1789633754949885952,3812371067171645
2,0,3201,1789633754949897216,3812371067182295
2,0,3202,1789633754949907456,3812371067192920
2,0,3203,1789633754949918720,3812371067203647
2,0,3204,1789633754949928960,3812371067214245
2,0,3205,1789633754949939200,3812371067224850
2,0,3206,1789633754949950464,3812371067235444
2,0,3207,1789633754949960704,3812371067246083
2,0,3208,1789633754949970944,3812371067256675
2,0,3209,1789633754949982208,3812371067267323
2,0,3210,1789633754949992448,3812371067277947
2,0,3211,1789633754950003712,3812371067288560
2,0,3212,1789633754950013952,3812371067299362
2,0,3213,1789633754950024192,3812371067309940
2,0,3214,1789633754950035456,3812371067320717
2,0,3215,1789633754950045696,3812371067331305
2,0,3216,1789633754950056960,3812371067341975
2,0,3217,1789633754950067200,3812371067352613
2,0,3218,1789633754950077440,3812371067363203
2,0,3219,1789633754950088704,3812371067373797
2,0,3220,1789633754950098944,3812371067384413
2,0,3221,1789633754950110208,3812371067395037
2,0,3222,1789633754950120448,3812371067405697
2,0,3223,1789633754950130688,3812371067416375
2,0,3224,1789633754950141952,3812371067426983
2,0,3225,1789633754950152192,3812371067437767
2,0,3226,1789633754950163456,3812371067448403
2,0,3227,1789633754950173696,3812371067459223
2,0,3228,1789633754950184960,3812371067469835
2,0,3229,1789633754950195200,3812371067480447
2,0,3230,1789633754950205440,3812371067491085
2,0,3231,1789633754950216704,3812371067501720
2,0,3232,1789633754950226944,3812371067512355
2,0,3233,1789633754950238208,3812371067523013
2,0,3234,1789633754950248448,3812371067533617
2,0,3235,1789633754950258688,3812371067544193
2,0,3236,1789633754950269952,3812371067554877
2,0,3237,1789633754950280192,3812371067565485
2,0,3238,1789633754950290432,3812371067576275
2,0,3239,1789633754950301696,3812371067586905
2,0,3240,1789633754950311936,3812371067597733
2,0,3241,1789633754950323200,3812371067608355
2,0,3242,1789633754950333440,3812371067619185
2,0,3243,1789633754950344704,3812371067629867
2,0,3244,1789633754950354944,3812371067640417
2,0,3245,1789633754950366208,3812371067651067
2,0,3246,1789633754950376448,3812371067661667
2,0,3247,1789633754950386688,3812371067672245
2,0,3248,1789633754950397952,3812371067682887
2,0,3249,1789633754950408192,3812371067693467
2,0,3250,1789633754950418432,3812371067704073
2,0,3251,1789633754950429696,3812371067714755
2,0,3252,1789633754950439936,3812371067725367
2,0,3253,1789633754950451200,3812371067735990
2,0,3254,1789633754950461440,3812371067746587
2,0,3255,1789633754950471680,3812371067757193
2,0,3256,1789633754950482944,3812371067767795
2,0,3257,1789633754950493184,3812371067778409
2,0,3258,1789633754950503424,3812371067789017
2,0,3259,1789633754950514688,3812371067799650
2,0,3260,1789633754950524928,3812371067810330
2,0,3261,1789633754950536192,3812371067820967
2,0,3262,1789633754950546432,3812371067831580
2,0,3263,1789633754950556672,3812371067842193
2,0,3264,1789633754950567936,3812371067852795
2,0,3265,1789633754950578176,3812371067863393
2,0,3266,1789633754950588416,3812371067874050
2,0,3267,1789633754950599680,3812371067884633
2,0,3268,1789633754950609920,3812371067895195
2,0,3269,1789633754950620160,3812371067905955
2,0,3270,1789633754950631424,3812371067916543
2,0,3271,1789633754950641664,3812371067927155
2,0,3272,1789633754950652928,3812371067937785
2,0,3273,1789633754950663168,3812371067948375
2,0,3274,1789633754950673408,3812371067959010
2,0,3275,1789633754950684672,3812371067969637
2,0,3276,1789633754950694912,3812371067980257
2,0,3277,1789633754950705152,3812371067990823
2,0,3278,1789633754950716416,3812371068001535
2,0,3279,1789633754950726656,3812371068012163
2,0,3280,1789633754950737920,3812371068022743
2,0,3281,1789633754950748160,3812371068033325
2,0,3282,1789633754950758400,3812371068044035
2,0,3283,1789633754950769664,3812371068054635
2,0,3284,1789633754950779904,3812371068065285
2,0,3285,1789633754950790144,3812371068075895
2,0,3286,1789633754950801408,3812371068086495
2,0,3287,1789633754950811648,3812371068097197
2,0,3288,1789633754950822912,3812371068107825
2,0,3289,1789633754950833152,3812371068118603
2,0,3290,1789633754950844416,3812371068129237
2,0,3291,1789633754950854656,3812371068140080
2,0,3292,1789633754950865920,3812371068150700
2,0,3293,1789633754950876160,3812371068161233
2,0,3294,1789633754950886400,3812371068171977
2,0,3295,1789633754950897664,3812371068182563
2,0,3296,1789633754950907904,3812371068193145
2,0,3297,1789633754950918144,3812371068203719
2,0,3298,1789633754950929408,3812371068214360
2,0,3299,1789633754950939648,3812371068224983
2,0,3300,1789633754950949888,3812371068235725
2,0,3301,1789633754950961152,3812371068246313
2,0,3302,1789633754950971392,3812371068257107
2,0,3303,1789633754950982656,3812371068267717
2,0,3304,1789633754950992896,3812371068278587
2,0,3305,1789633754951004160,3812371068289203
2,0,3306,1789633754951014400,3812371068299802
2,0,3307,1789633754951024640,3812371068310453
2,0,3308,1789633754951035904,3812371068321053
2,0,3309,1789633754951046144,3812371068331655
2,0,3310,1789633754951057408,3812371068342267
2,0,3311,1789633754951067648,3812371068352873
2,0,3312,1789633754951077888,3812371068363517
2,0,3313,1789633754951089152,3812371068374234
2,0,3314,1789633754951099392,3812371068384903
2,0,3315,1789633754951110656,3812371068395607
2,0,3316,1789633754951120896,3812371068406227
2,0,3317,1789633754951131136,3812371068416821
2,0,3318,1789633754951142400,3812371068427417
2,0,3319,1789633754951152640,3812371068438041
2,0,3320,1789633754951162880,3812371068448744
2,0,3321,1789633754951174144,3812371068459476
2,0,3322,1789633754951184384,3812371068470167
2,0,3323,1789633754951195648,3812371068480887
2,0,3324,1789633754951205888,3812371068491584
2,0,3325,1789633754951217152,3812371068502271
2,0,3326,1789633754951227392,3812371068512966
2,0,3327,1789633754951238656,3812371068523684
2,0,3328,1789633754951248896,3812371068534403
2,0,3329,1789633754951260160,3812371068545127
2,0,3330,1789633754951270400,3812371068555850
2,0,3331,1789633754951281664,3812371068566574
2,0,3332,1789633754951291904,3812371068577287
2,0,3333,1789633754951302144,3812371068588003
2,0,3334,1789633754951313408,3812371068598691
2,0,3335,1789633754951323648,3812371068609418
2,0,3336,1789633754951334912,3812371068620104
2,0,3337,1789633754951345152,3812371068630821
2,0,3338,1789633754951356416,3812371068641554
2,0,3339,1789633754951366656,3812371068652276
2,0,3340,1789633754951377920,3812371068663034
2,0,3341,1789633754951388160,3812371068673721
2,0,3342,1789633754951399424,3812371068684474
2,0,3343,1789633754951409664,3812371068695173
2,0,3344,1789633754951420928,3812371068705924
2,0,3345,1789633754951431168,3812371068716627
2,0,3346,1789633754951442432,3812371068727370
2,0,3347,1789633754951452672,3812371068738087
2,0,3348,1789633754951463936,3812371068748863
2,0,3349,1789633754951474176,3812371068759546
2,0,3350,1789633754951484416,3812371068770281
2,0,3351,1789633754951495680,3812371068781001
2,0,3352,1789633754951505920,3812371068791754
2,0,3353,1789633754951517184,3812371068802447
2,0,3354,1789633754951527424,3812371068813217
2,0,3355,1789633754951538688,3812371068823916
2,0,3356,1789633754951548928,3812371068834687
2,0,3357,1789633754951560192,3812371068845357
2,0,3358,1789633754951570432,3812371068856153
2,0,3359,1789633754951581696,3812371068866916
2,0,3360,1789633754951591936,3812371068877603
2,0,3361,1789633754951603200,3812371068888324
2,0,3362,1789633754951613440,3812371068899050
2,0,3363,1789633754951624704,3812371068909797
2,0,3364,1789633754951634944,3812371068920524
2,0,3365,1789633754951646208,3812371068931241
2,0,3366,1789633754951656448,3812371068942037
2,0,3367,1789633754951667712,3812371068952767
2,0,3368,1789633754951677952,3812371068963443
2,0,3369,1789633754951689216,3812371068974201
2,0,3370,1789633754951699456,3812371068984900
2,0,3371,1789633754951709696,3812371068995584
2,0,3372,1789633754951720960,3812371069006371
2,0,3373,1789633754951731200,3812371069017044
2,0,3374,1789633754951742464,3812371069027833
2,0,3375,1789633754951752704,3812371069038521
2,0,3376,1789633754951763968,3812371069049263
2,0,3377,1789633754951774208,3812371069059944
2,0,3378,1789633754951785472,3812371069070770
2,0,3379,1789633754951795712,3812371069081467
2,0,3380,1789633754951806976,3812371069092216
2,0,3381,1789633754951817216,3812371069102917
2,0,3382,1789633754951828480,3812371069113661
2,0,3383,1789633754951838720,3812371069124356
2,0,3384,1789633754951849984,3812371069135106
2,0,3385,1789633754951860224,3812371069145801
2,0,3386,1789633754951871488,3812371069156571
2,0,3387,1789633754951881728,3812371069167274
2,0,3388,1789633754951892992,3812371069178021
2,0,3389,1789633754951903232,3812371069188754
2,0,3390,1789633754951914496,3812371069199497
2,0,3391,1789633754951924736,3812371069210256
2,0,3392,1789633754951936000,3812371069220944
2,0,3393,1789633754951946240,3812371069231687
2,0,3394,1789633754951957504,3812371069242424
2,0,3395,1789633754951967744,3812371069253167
2,0,3396,1789633754951977984,3812371069263907
2,0,3397,1789633754951989248,3812371069274651
2,0,3398,1789633754951999488,3812371069285368
2,0,3399,1789633754952010752,3812371069296086
2,0,3400,1789633754952020992,3812371069306827
2,0,3401,1789633754952032256,3812371069317553
2,0,3402,1789633754952042496,3812371069328268
2,0,3403,1789633754952053760,3812371069338987
2,0,3404,1789633754952064000,3812371069349704
2,0,3405,1789633754952075264,3812371069360400
2,0,3406,1789633754952085504,3812371069371161
2,0,3407,1789633754952096768,3812371069381871
2,0,3408,1789633754952107008,3812371069392596
2,0,3409,1789633754952118272,3812371069403231
2,0,3410,1789633754952128512,3812371069414024
2,0,3411,1789633754952139776,3812371069424641
2,0,3412,1789633754952150016,3812371069435394
2,0,3413,1789633754952160256,3812371069445981
2,0,3414,1789633754952171520,3812371069456594
2,0,3415,1789633754952181760,3812371069467184
2,0,3416,1789633754952192000,3812371069477754
2,0,3417,1789633754952203264,3812371069488341
2,0,3418,1789633754952213504,3812371069498991
2,0,3419,1789633754952224768,3812371069509611
2,0,3420,1789633754952235008,3812371069520257
2,0,3421,1789633754952245248,3812371069530994
2,0,3422,1789633754952256512,3812371069541644
2,0,3423,1789633754952266752,3812371069552474
2,0,3424,1789633754952278016,3812371069563094
2,0,3425,1789633754952288256,3812371069573901
2,0,3426,1789633754952299520,3812371069584537
2,0,3427,1789633754952309760,3812371069595134
2,0,3428,1789633754952320000,3812371069605708
2,0,3429,1789633754952331264,3812371069620043
2,0,3430,1789633754952341504,3812371069626876
2,0,3431,1789633754952351744,3812371069637517
2,0,3432,1789633754952363008,3812371069648151
2,0,3433,1789633754952373248,3812371069658766
2,0,3434,1789633754952384512,3812371069669485
2,0,3435,1789633754952394752,3812371069680117
2,0,3436,1789633754952404992,3812371069690967
2,0,3437,1789633754952416256,3812371069701575
2,0,3438,1789633754952426496,3812371069712155
2,0,3439,1789633754952437760,3812371069722755
2,0,3440,1789633754952448000,3812371069733435
2,0,3441,1789633754952458240,3812371069744025
2,0,3442,1789633754952469504,3812371069754646
2,0,3443,1789633754952479744,3812371069765253
2,0,3444,1789633754952491008,3812371069775884
2,0,3445,1789633754952501248,3812371069786625
2,0,3446,1789633754952511488,3812371069797240
2,0,3447,1789633754952522752,3812371069807977
2,0,3448,1789633754952532992,3812371069818633
2,0,3449,1789633754952544256,3812371069829245
2,0,3450,1789633754952554496,3812371069839837
2,0,3451,1789633754952564736,3812371069850443
2,0,3452,1789633754952576000,3812371069861037
2,0,3453,1789633754952586240,3812371069871693
2,0,3454,1789633754952596480,3812371069882287
2,0,3455,1789633754952607744,3812371069892907
2,0,3456,1789633754952617984,3812371069903583
2,0,3457,1789633754952629248,3812371069914182
2,0,3458,1789633754952639488,3812371069924817
2,0,3459,1789633754952649728,3812371069935367
2,0,3460,1789633754952660992,3812371069945985
2,0,3461,1789633754952671232,3812371069956555
2,0,3462,1789633754952681472,3812371069967155
2,0,3463,1789633754952692736,3812371069977823
2,0,3464,1789633754952702976,3812371069988447
2,0,3465,1789633754952714240,3812371069999177
2,0,3466,1789633754952724480,3812371070009810
2,0,3467,1789633754952734720,3812371070020420
2,0,3468,1789633754952745984,3812371070031006
2,0,3469,1789633754952756224,3812371070041617
2,0,3470,1789633754952766464,3812371070052185
2,0,3471,1789633754952777728,3812371070062802
2,0,3472,1789633754952787968,3812371070073404
2,0,3473,1789633754952798208,3812371070084032
2,0,3474,1789633754952809472,3812371070094775
2,0,3475,1789633754952819712,3812371070105400
2,0,3476,1789633754952830976,3812371070116020
2,0,3477,1789633754952841216,3812371070126580
2,0,3478,1789633754952851456,3812371070137204
2,0,3479,1789633754952862720,3812371070147764
2,0,3480,1789633754952872960,3812371070158372
2,0,3481,1789633754952883200,3812371070168997
2,0,3482,1789633754952894464,3812371070179600
2,0,3483,1789633754952904704,3812371070190353
2,0,3484,1789633754952915968,3812371070201004
2,0,3485,1789633754952926208,3812371070211592
2,0,3486,1789633754952936448,3812371070222244
2,0,3487,1789633754952947712,3812371070232900
2,0,3488,1789633754952957952,3812371070243482
2,0,3489,1789633754952969216,3812371070254115
2,0,3490,1789633754952979456,3812371070264694
2,0,3491,1789633754952989696,3812371070275315
2,0,3492,1789633754953000960,3812371070286052
2,0,3493,1789633754953011200,3812371070296680
2,0,3494,1789633754953022464,3812371070307420
2,0,3495,1789633754953032704,3812371070318020
2,0,3496,1789633754953042944,3812371070328640
2,0,3497,1789633754953054208,3812371070339235
2,0,3498,1789633754953064448,3812371070349882
2,0,3499,1789633754953074688,3812371070360446
2,0,3500,1789633754953085952,3812371070371060
2,0,3501,1789633754953096192,3812371070381620
2,0,3502,1789633754953106432,3812371070392280
2,0,3503,1789633754953117696,3812371070403000
2,0,3504,1789633754953127936,3812371070413629
2,0,3505,1789633754953139200,3812371070424452
2,0,3506,1789633754953149440,3812371070435040
2,0,3507,1789633754953160704,3812371070445651
2,0,3508,1789633754953170944,3812371070456244
2,0,3509,1789633754953181184,3812371070466900
2,0,3510,1789633754953192448,3812371070477469
2,0,3511,1789633754953202688,3812371070488067
2,0,3512,1789633754953212928,3812371070498672
2,0,3513,1789633754953224192,3812371070509307
2,0,3514,1789633754953234432,3812371070520060
2,0,3515,1789633754953245696,3812371070530660
2,0,3516,1789633754953255936,3812371070541309
2,0,3517,1789633754953266176,3812371070551966
2,0,3518,1789633754953277440,3812371070562670
2,0,3519,1789633754953287680,3812371070573304
2,0,3520,1789633754953298944,3812371070583911
2,0,3521,1789633754953309184,3812371070594495
2,0,3522,1789633754953319424,3812371070605142
2,0,3523,1789633754953330688,3812371070615740
2,0,3524,1789633754953340928,3812371070626382
2,0,3525,1789633754953351168,3812371070637095
2,0,3526,1789633754953362432,3812371070647742
2,0,3527,1789633754953372672,3812371070658564
2,0,3528,1789633754953383936,3812371070669182
2,0,3529,1789633754953394176,3812371070679871
2,0,3530,1789633754953405440,3812371070690431
2,0,3531,1789633754953415680,3812371070701019
2,0,3532,1789633754953425920,3812371070711594
2,0,3533,1789633754953437184,3812371070722217
2,0,3534,1789633754953447424,3812371070732844
2,0,3535,1789633754953457664,3812371070743479
2,0,3536,1789633754953468928,3812371070754271
2,0,3537,1789633754953479168,3812371070764896
2,0,3538,1789633754953490432,3812371070775602
2,0,3539,1789633754953500672,3812371070786234
2,0,3540,1789633754953511936,3812371070796849
2,0,3541,1789633754953522176,3812371070807435
2,0,3542,1789633754953532416,3812371070818044
2,0,3543,1789633754953543680,3812371070828615
2,0,3544,1789633754953553920,3812371070839246
2,0,3545,1789633754953564160,3812371070849859
2,0,3546,1789633754953575424,3812371070860464
2,0,3547,1789633754953585664,3812371070871202
2,0,3548,1789633754953596928,3812371070881809
2,0,3549,1789633754953607168,3812371070892639
2,0,3550,1789633754953618432,3812371070903282
2,0,3551,1789633754953628672,3812371070913882
2,0,3552,1789633754953638912,3812371070924464
2,0,3553,1789633754953650176,3812371070935089
2,0,3554,1789633754953660416,3812371070945689
2,0,3555,1789633754953670656,3812371070956317
2,0,3556,1789633754953681920,3812371070966942
2,0,3557,1789633754953692160,3812371070977539
2,0,3558,1789633754953702400,3812371070988364
2,0,3559,1789633754953713664,3812371070998968
2,0,3560,1789633754953723904,3812371071009715
2,0,3561,1789633754953735168,3812371071020319
2,0,3562,1789633754953745408,3812371071030926
2,0,3563,1789633754953756672,3812371071041557
2,0,3564,1789633754953766912,3812371071052164
2,0,3565,1789633754953777152,3812371071062784
2,0,3566,1789633754953788416,3812371071073415
2,0,3567,1789633754953798656,3812371071084024
2,0,3568,1789633754953808896,3812371071094617
2,0,3569,1789633754953820160,3812371071105424
2,0,3570,1789633754953830400,3812371071115988
2,0,3571,1789633754953841664,3812371071126781
2,0,3572,1789633754953851904,3812371071137364
2,0,3573,1789633754953862144,3812371071147953
2,0,3574,1789633754953873408,3812371071158513
2,0,3575,1789633754953883648,3812371071169130
2,0,3576,1789633754953894912,3812371071179699
2,0,3577,1789633754953905152,3812371071190359
2,0,3578,1789633754953915392,3812371071200988
2,0,3579,1789633754953926656,3812371071211619
2,0,3580,1789633754953936896,3812371071222353
2,0,3581,1789633754953947136,3812371071232959
2,0,3582,1789633754953958400,3812371071243564
2,0,3583,1789633754953968640,3812371071254164
2,0,3584,1789633754953979904,3812371071264789
2,0,3585,1789633754953990144,3812371071275388
2,0,3586,1789633754954000384,3812371071286024
2,0,3587,1789633754954011648,3812371071296641
2,0,3588,1789633754954021888,3812371071307254
2,0,3589,1789633754954032128,3812371071318028
2,0,3590,1789633754954043392,3812371071328644
2,0,3591,1789633754954053632,3812371071339390
2,0,3592,1789633754954064896,3812371071350030
2,0,3593,1789633754954075136,3812371071360621
2,0,3594,1789633754954085376,3812371071371196
2,0,3595,1789633754954096640,3812371071381770
2,0,3596,1789633754954106880,3812371071392392
2,0,3597,1789633754954118144,3812371071403006
2,0,3598,1789633754954128384,3812371071413614
2,0,3599,1789633754954138624,3812371071424259
2,0,3600,1789633754954149888,3812371071434994
2,0,3601,1789633754954160128,3812371071445599
2,0,3602,1789633754954171392,3812371071456241
2,0,3603,1789633754954181632,3812371071466884
2,0,3604,1789633754954191872,3812371071477506
2,0,3605,1789633754954203136,3812371071488099
2,0,3606,1789633754954213376,3812371071498693
2,0,3607,1789633754954223616,3812371071509332
2,0,3608,1789633754954234880,3812371071519953
2,0,3609,1789633754954245120,3812371071530664
2,0,3610,1789633754954256384,3812371071541269
2,0,3611,1789633754954266624,3812371071552041
2,0,3612,1789633754954276864,3812371071562649
2,0,3613,1789633754954288128,3812371071573289
2,0,3614,1789633754954298368,3812371071583846
2,0,3615,1789633754954308608,3812371071594481
2,0,3616,1789633754954319872,3812371071605096
2,0,3617,1789633754954330112,3812371071615697
2,0,3618,1789633754954341376,3812371071626339
2,0,3619,1789633754954351616,3812371071636947
2,0,3620,1789633754954361856,3812371071647701
2,0,3621,1789633754954373120,3812371071658359
2,0,3622,1789633754954383360,3812371071669084
2,0,3623,1789633754954394624,3812371071679717
2,0,3624,1789633754954404864,3812371071690279
2,0,3625,1789633754954415104,3812371071700844
2,0,3626,1789633754954426368,3812371071711421
2,0,3627,1789633754954436608,3812371071722051
2,0,3628,1789633754954446848,3812371071732646
2,0,3629,1789633754954458112,3812371071743321
2,0,3630,1789633754954468352,3812371071754014
2,0,3631,1789633754954479616,3812371071764794
2,0,3632,1789633754954489856,3812371071775384
2,0,3633,1789633754954501120,3812371071786166
2,0,3634,1789633754954511360,3812371071796801
2,0,3635,1789633754954521600,3812371071807631
2,0,3636,1789633754954532864,3812371071818220
2,0,3637,1789633754954543104,3812371071828814
2,0,3638,1789633754954554368,3812371071839459
2,0,3639,1789633754954564608,3812371071850028
2,0,3640,1789633754954574848,3812371071860631
2,0,3641,1789633754954586112,3812371071871253
2,0,3642,1789633754954596352,3812371071881964
2,0,3643,1789633754954607616,3812371071892564
2,0,3644,1789633754954617856,3812371071903299
2,0,3645,1789633754954628096,3812371071913899
2,0,3646,1789633754954639360,3812371071924657
2,0,3647,1789633754954649600,3812371071935241
2,0,3648,1789633754954660864,3812371071945867
2,0,3649,1789633754954671104,3812371071956459
2,0,3650,1789633754954681344,3812371071967115
2,0,3651,1789633754954692608,3812371071977724
2,0,3652,1789633754954702848,3812371071988328
2,0,3653,1789633754954714112,3812371071998941
2,0,3654,1789633754954724352,3812371072009554
2,0,3655,1789633754954734592,3812371072020331
2,0,3656,1789633754954745856,3812371072030944
2,0,3657,1789633754954756096,3812371072041696
2,0,3658,1789633754954767360,3812371072052281
2,0,3659,1789633754954777600,3812371072062901
2,0,3660,1789633754954787840,3812371072073494
2,0,3661,1789633754954799104,3812371072084081
2,0,3662,1789633754954809344,3812371072094671
2,0,3663,1789633754954819584,3812371072105312
2,0,3664,1789633754954830848,3812371072115926
2,0,3665,1789633754954841088,3812371072126588
2,0,3666,1789633754954852352,3812371072137279
2,0,3667,1789633754954862592,3812371072147891
2,0,3668,1789633754954872832,3812371072158501
2,0,3669,1789633754954884096,3812371072169084
2,0,3670,1789633754954894336,3812371072179684
2,0,3671,1789633754954904576,3812371072190304
2,0,3672,1789633754954915840,3812371072200901
2,0,3673,1789633754954926080,3812371072211521
2,0,3674,1789633754954936320,3812371072222174
2,0,3675,1789633754954947584,3812371072232881
2,0,3676,1789633754954957824,3812371072243516
2,0,3677,1789633754954969088,3812371072254359
2,0,3678,1789633754954979328,3812371072264973
2,0,3679,1789633754954990592,3812371072275548
2,0,3680,1789633754955000832,3812371072286132
2,0,3681,1789633754955011072,3812371072296788
2,0,3682,1789633754955022336,3812371072307426
2,0,3683,1789633754955032576,3812371072318024
2,0,3684,1789633754955042816,3812371072328596
2,0,3685,1789633754955054080,3812371072339227
2,0,3686,1789633754955064320,3812371072349919
2,0,3687,1789633754955075584,3812371072360551
2,0,3688,1789633754955085824,3812371072371156
2,0,3689,1789633754955096064,3812371072381714
2,0,3690,1789633754955107328,3812371072392321
2,0,3691,1789633754955117568,3812371072402921
2,0,3692,1789633754955127808,3812371072413526
2,0,3693,1789633754955139072,3812371072424153
2,0,3694,1789633754955149312,3812371072434841
2,0,3695,1789633754955160576,3812371072445529
2,0,3696,1789633754955170816,3812371072456178
2,0,3697,1789633754955181056,3812371072467001
2,0,3698,1789633754955192320,3812371072477606
2,0,3699,1789633754955202560,3812371072488231
2,0,3700,1789633754955213824,3812371072498833
2,0,3701,1789633754955224064,3812371072509416
2,0,3702,1789633754955234304,3812371072520024
2,0,3703,1789633754955245568,3812371072530669
2,0,3704,1789633754955255808,3812371072541319
2,0,3705,1789633754955267072,3812371072551973
2,0,3706,1789633754955277312,3812371072562673
2,0,3707,1789633754955287552,3812371072573268
2,0,3708,1789633754955298816,3812371072584039
2,0,3709,1789633754955309056,3812371072594621
2,0,3710,1789633754955320320,3812371072605231
2,0,3711,1789633754955330560,3812371072615794
2,0,3712,1789633754955340800,3812371072626384
2,0,3713,1789633754955352064,3812371072636995
2,0,3714,1789633754955362304,3812371072647646
2,0,3715,1789633754955372544,3812371072658251
2,0,3716,1789633754955383808,3812371072668878
2,0,3717,1789633754955394048,3812371072679619
2,0,3718,1789633754955405312,3812371072690231
2,0,3719,1789633754955415552,3812371072700841
2,0,3720,1789633754955425792,3812371072711414
2,0,3721,1789633754955437056,3812371072722059
2,0,3722,1789633754955447296,3812371072732650
2,0,3723,1789633754955457536,3812371072743279
2,0,3724,1789633754955468800,3812371072753881
2,0,3725,1789633754955479040,3812371072764489
2,0,3726,1789633754955489280,3812371072775213
2,0,3727,1789633754955500544,3812371072785813
2,0,3728,1789633754955510784,3812371072796424
2,0,3729,1789633754955522048,3812371072807001
2,0,3730,1789633754955532288,3812371072817601
2,0,3731,1789633754955542528,3812371072828171
2,0,3732,1789633754955553792,3812371072838797
2,0,3733,1789633754955564032,3812371072849428
2,0,3734,1789633754955574272,3812371072860084
2,0,3735,1789633754955585536,3812371072870808
2,0,3736,1789633754955595776,3812371072881399
2,0,3737,1789633754955607040,3812371072892004
2,0,3738,1789633754955617280,3812371072902603
2,0,3739,1789633754955627520,3812371072913241
2,0,3740,1789633754955638784,3812371072923864
2,0,3741,1789633754955649024,3812371072934481
2,0,3742,1789633754955659264,3812371072945054
2,0,3743,1789633754955670528,3812371072955688
2,0,3744,1789633754955680768,3812371072966396
2,0,3745,1789633754955692032,3812371072977039
2,0,3746,1789633754955702272,3812371072987866
2,0,3747,1789633754955713536,3812371072998488
2,0,3748,1789633754955723776,3812371073009093
2,0,3749,1789633754955734016,3812371073019666
2,0,3750,1789633754955745280,3812371073030241
2,0,3751,1789633754955755520,3812371073040836
2,0,3752,1789633754955765760,3812371073051439
2,0,3753,1789633754955777024,3812371073062079
2,0,3754,1789633754955787264,3812371073072739
2,0,3755,1789633754955797504,3812371073083448
2,0,3756,1789633754955808768,3812371073094106
2,0,3757,1789633754955819008,3812371073104948
2,0,3758,1789633754955830272,3812371073115551
2,0,3759,1789633754955840512,3812371073126391
2,0,3760,1789633754955851776,3812371073136999
2,0,3761,1789633754955862016,3812371073147553
2,0,3762,1789633754955873280,3812371073158149
2,0,3763,1789633754955883520,3812371073168814
2,0,3764,1789633754955893760,3812371073179406
2,0,3765,1789633754955905024,3812371073190046
2,0,3766,1789633754955915264,3812371073200659
2,0,3767,1789633754955925504,3812371073211304
2,0,3768,1789633754955936768,3812371073222041
2,0,3769,1789633754955947008,3812371073232699
2,0,3770,1789633754955958272,3812371073243408
2,0,3771,1789633754955968512,3812371073254021
2,0,3772,1789633754955978752,3812371073264617
2,0,3773,1789633754955990016,3812371073275194
2,0,3774,1789633754956000256,3812371073285818
2,0,3775,1789633754956011520,3812371073296396
2,0,3776,1789633754956021760,3812371073307039
2,0,3777,1789633754956032000,3812371073317725
2,0,3778,1789633754956043264,3812371073328364
2,0,3779,1789633754956053504,3812371073339094
2,0,3780,1789633754956064768,3812371073349715
2,0,3781,1789633754956075008,3812371073360464
2,0,3782,1789633754956085248,3812371073371091
2,0,3783,1789633754956096512,3812371073381698
2,0,3784,1789633754956106752,3812371073392245
2,0,3785,1789633754956116992,3812371073402851
2,0,3786,1789633754956128256,3812371073413501
2,0,3787,1789633754956138496,3812371073424156
2,0,3788,1789633754956149760,3812371073434719
2,0,3789,1789633754956160000,3812371073445376
2,0,3790,1789633754956170240,3812371073456150
2,0,3791,1789633754956181504,3812371073466714
2,0,3792,1789633754956191744,3812371073477514
2,0,3793,1789633754956203008,3812371073488118
2,0,3794,1789633754956213248,3812371073498699
2,0,3795,1789633754956223488,3812371073509275
2,0,3796,1789633754956234752,3812371073519890
2,0,3797,1789633754956244992,3812371073530491
2,0,3798,1789633754956255232,3812371073541093
2,0,3799,1789633754956266496,3812371073551734
2,0,3800,1789633754956276736,3812371073562331
2,0,3801,1789633754956288000,3812371073573101
2,0,3802,1789633754956298240,3812371073583769
2,0,3803,1789633754956308480,3812371073594342
2,0,3804,1789633754956319744,3812371073604944
2,0,3805,1789633754956329984,3812371073615556
2,0,3806,1789633754956341248,3812371073626142
2,0,3807,1789633754956351488,3812371073636701
2,0,3808,1789633754956361728,3812371073647334
2,0,3809,1789633754956372992,3812371073657942
2,0,3810,1789633754956383232,3812371073668681
2,0,3811,1789633754956393472,3812371073679339
2,0,3812,1789633754956404736,3812371073689955
2,0,3813,1789633754956414976,3812371073700521
2,0,3814,1789633754956426240,3812371073711119
2,0,3815,1789633754956436480,3812371073721713
2,0,3816,1789633754956446720,3812371073732324
2,0,3817,1789633754956457984,3812371073742916
2,0,3818,1789633754956468224,3812371073753534
2,0,3819,1789633754956478464,3812371073764293
2,0,3820,1789633754956489728,3812371073774919
2,0,3821,1789633754956499968,3812371073785771
2,0,3822,1789633754956511232,3812371073796381
2,0,3823,1789633754956521472,3812371073806984
2,0,3824,1789633754956531712,3812371073817565
2,0,3825,1789633754956542976,3812371073828130
2,0,3826,1789633754956553216,3812371073838721
2,0,3827,1789633754956563456,3812371073849325
2,0,3828,1789633754956574720,3812371073859969
2,0,3829,1789633754956584960,3812371073870589
2,0,3830,1789633754956596224,3812371073881321
2,0,3831,1789633754956606464,3812371073891973
2,0,3832,1789633754956616704,3812371073902591
2,0,3833,1789633754956627968,3812371073913161
2,0,3834,1789633754956638208,3812371073923719
2,0,3835,1789633754956648448,3812371073934284
2,0,3836,1789633754956659712,3812371073944899
2,0,3837,1789633754956669952,3812371073955564
2,0,3838,1789633754956681216,3812371073966164
2,0,3839,1789633754956691456,3812371073976954
2,0,3840,1789633754956701696,3812371073987631
2,0,3841,1789633754956712960,3812371073998365
2,0,3842,1789633754956723200,3812371074009024
2,0,3843,1789633754956734464,3812371074019621
2,0,3844,1789633754956744704,3812371074030250
2,0,3845,1789633754956754944,3812371074040834
2,0,3846,1789633754956766208,3812371074051419
2,0,3847,1789633754956776448,3812371074062019
2,0,3848,1789633754956787712,3812371074072616
2,0,3849,1789633754956797952,3812371074083205
2,0,3850,1789633754956808192,3812371074093991
2,0,3851,1789633754956819456,3812371074104634
2,0,3852,1789633754956829696,3812371074115467
2,0,3853,1789633754956840960,3812371074126076
2,0,3854,1789633754956851200,3812371074136675
2,0,3855,1789633754956861440,3812371074147288
2,0,3856,1789633754956872704,3812371074157881
2,0,3857,1789633754956882944,3812371074168451
2,0,3858,1789633754956893184,3812371074179101
2,0,3859,1789633754956904448,3812371074189699
2,0,3860,1789633754956914688,3812371074200361
2,0,3861,1789633754956925952,3812371074211133
2,0,3862,1789633754956936192,3812371074221741
2,0,3863,1789633754956947456,3812371074232493
2,0,3864,1789633754956957696,3812371074243139
2,0,3865,1789633754956967936,3812371074253981
2,0,3866,1789633754956979200,3812371074264555
2,0,3867,1789633754956989440,3812371074275176
2,0,3868,1789633754957000704,3812371074285759
2,0,3869,1789633754957010944,3812371074296371
2,0,3870,1789633754957021184,3812371074306990
2,0,3871,1789633754957032448,3812371074317634
2,0,3872,1789633754957042688,3812371074328208
2,0,3873,1789633754957052928,3812371074338828
2,0,3874,1789633754957064192,3812371074349539
2,0,3875,1789633754957074432,3812371074360154
2,0,3876,1789633754957085696,3812371074370750
2,0,3877,1789633754957095936,3812371074381308
2,0,3878,1789633754957106176,3812371074391958
2,0,3879,1789633754957117440,3812371074402519
2,0,3880,1789633754957127680,3812371074413169
2,0,3881,1789633754957137920,3812371074423795
2,0,3882,1789633754957149184,3812371074434391
2,0,3883,1789633754957159424,3812371074445139
2,0,3884,1789633754957170688,3812371074455754
2,0,3885,1789633754957180928,3812371074466371
2,0,3886,1789633754957191168,3812371074476965
2,0,3887,1789633754957202432,3812371074487579
2,0,3888,1789633754957212672,3812371074498144
2,0,3889,1789633754957222912,3812371074508764
2,0,3890,1789633754957234176,3812371074519389
2,0,3891,1789633754957244416,3812371074529996
2,0,3892,1789633754957255680,3812371074540819
2,0,3893,1789633754957265920,3812371074551468
2,0,3894,1789633754957277184,3812371074562281
2,0,3895,1789633754957287424,3812371074572904
2,0,3896,1789633754957297664,3812371074583621
2,0,3897,1789633754957308928,3812371074594288
2,0,3898,1789633754957319168,3812371074604892
2,0,3899,1789633754957330432,3812371074615504
2,0,3900,1789633754957340672,3812371074626094
2,0,3901,1789633754957350912,3812371074636627
2,0,3902,1789633754957362176,3812371074647251
2,0,3903,1789633754957372416,3812371074657888
2,0,3904,1789633754957382656,3812371074668528
2,0,3905,1789633754957393920,3812371074679345
2,0,3906,1789633754957404160,3812371074689916
2,0,3907,1789633754957415424,3812371074700716
2,0,3908,1789633754957425664,3812371074711330
2,0,3909,1789633754957436928,3812371074721950
2,0,3910,1789633754957447168,3812371074732576
2,0,3911,1789633754957457408,3812371074743191
2,0,3912,1789633754957468672,3812371074753781
2,0,3913,1789633754957478912,3812371074764446
2,0,3914,1789633754957489152,3812371074775041
2,0,3915,1789633754957500416,3812371074785701
2,0,3916,1789633754957510656,3812371074796370
2,0,3917,1789633754957521920,3812371074806965
2,0,3918,1789633754957532160,3812371074817741
2,0,3919,1789633754957542400,3812371074828308
2,0,3920,1789633754957553664,3812371074838884
2,0,3921,1789633754957563904,3812371074849458
2,0,3922,1789633754957574144,3812371074860092
2,0,3923,1789633754957585408,3812371074870715
2,0,3924,1789633754957595648,3812371074881304
2,0,3925,1789633754957606912,3812371074891965
2,0,3926,1789633754957617152,3812371074902641
2,0,3927,1789633754957627392,3812371074913416
2,0,3928,1789633754957638656,3812371074924045
2,0,3929,1789633754957648896,3812371074934775
2,0,3930,1789633754957660160,3812371074945416
2,0,3931,1789633754957670400,3812371074955988
2,0,3932,1789633754957681664,3812371074966576
2,0,3933,1789633754957691904,3812371074977188
2,0,3934,1789633754957702144,3812371074987774
2,0,3935,1789633754957713408,3812371074998378
2,0,3936,1789633754957723648,3812371075009014
2,0,3937,1789633754957733888,3812371075019618
2,0,3938,1789633754957745152,3812371075030374
2,0,3939,1789633754957755392,3812371075040971
2,0,3940,1789633754957766656,3812371075051606
2,0,3941,1789633754957776896,3812371075062204
2,0,3942,1789633754957787136,3812371075072824
2,0,3943,1789633754957798400,3812371075083418
2,0,3944,1789633754957808640,3812371075094041
2,0,3945,1789633754957818880,3812371075104658
2,0,3946,1789633754957830144,3812371075115267
2,0,3947,1789633754957840384,3812371075126058
2,0,3948,1789633754957851648,3812371075136696
2,0,3949,1789633754957861888,3812371075147408
2,0,3950,1789633754957872128,3812371075158008
2,0,3951,1789633754957883392,3812371075168621
2,0,3952,1789633754957893632,3812371075179214
2,0,3953,1789633754957903872,3812371075189801
2,0,3954,1789633754957915136,3812371075200414
2,0,3955,1789633754957925376,3812371075211014
2,0,3956,1789633754957936640,3812371075221658
2,0,3957,1789633754957946880,3812371075232267
2,0,3958,1789633754957957120,3812371075243015
2,0,3959,1789633754957968384,3812371075253678
2,0,3960,1789633754957978624,3812371075264493
2,0,3961,1789633754957989888,3812371075275118
2,0,3962,1789633754958000128,3812371075285738
2,0,3963,1789633754958011392,3812371075296301
2,0,3964,1789633754958021632,3812371075306850
2,0,3965,1789633754958031872,3812371075317470
2,0,3966,1789633754958043136,3812371075328101
2,0,3967,1789633754958053376,3812371075338721
2,0,3968,1789633754958063616,3812371075349334
2,0,3969,1789633754958074880,3812371075360088
2,0,3970,1789633754958085120,3812371075370701
2,0,3971,1789633754958096384,3812371075381553
2,0,3972,1789633754958106624,3812371075392150
2,0,3973,1789633754958116864,3812371075402774
2,0,3974,1789633754958128128,3812371075413398
2,0,3975,1789633754958138368,3812371075424050
2,0,3976,1789633754958149632,3812371075434638
2,0,3977,1789633754958159872,3812371075445258
2,0,3978,1789633754958170112,3812371075455841
2,0,3979,1789633754958181376,3812371075466464
2,0,3980,1789633754958191616,3812371075477201
2,0,3981,1789633754958202880,3812371075487805
2,0,3982,1789633754958213120,3812371075498590
2,0,3983,1789633754958223360,3812371075509188
2,0,3984,1789633754958234624,3812371075519794
2,0,3985,1789633754958244864,3812371075530391
2,0,3986,1789633754958255104,3812371075541013
2,0,3987,1789633754958266368,3812371075551594
2,0,3988,1789633754958276608,3812371075562221
2,0,3989,1789633754958287872,3812371075572841
2,0,3990,1789633754958298112,3812371075583464
2,0,3991,1789633754958308352,3812371075594172
2,0,3992,1789633754958319616,3812371075604768
2,0,3993,1789633754958329856,3812371075615382
2,0,3994,1789633754958340096,3812371075625941
2,0,3995,1789633754958351360,3812371075636524
2,0,3996,1789633754958361600,3812371075647114
2,0,3997,1789633754958371840,3812371075657718
2,0,3998,1789633754958383104,3812371075668392
2,0,3999,1789633754958393344,3812371075678981
2,0,4000,1789633754958404608,3812371075689767
2,0,4001,1789633754958414848,3812371075700324
2,0,4002,1789633754958425088,3812371075710958
2,0,4003,1789633754958436352,3812371075721578
2,0,4004,1789633754958446592,3812371075732198
2,0,4005,1789633754958457856,3812371075742794
2,0,4006,1789633754958468096,3812371075753408
2,0,4007,1789633754958478336,3812371075764015
2,0,4008,1789633754958489600,3812371075774631
2,0,4009,1789633754958499840,3812371075785331
2,0,4010,1789633754958510080,3812371075795988
2,0,4011,1789633754958521344,3812371075806834
2,0,4012,1789633754958531584,3812371075817524
2,0,4013,1789633754958542848,3812371075828268
2,0,4014,1789633754958553088,3812371075838918
2,0,4015,1789633754958564352,3812371075849490
2,0,4016,1789633754958574592,3812371075860098
2,0,4017,1789633754958584832,3812371075870714
2,0,4018,1789633754958596096,3812371075881281
2,0,4019,1789633754958606336,3812371075891965
2,0,4020,1789633754958617600,3812371075902548
2,0,4021,1789633754958627840,3812371075913181
2,0,4022,1789633754958638080,3812371075923953
2,0,4023,1789633754958649344,3812371075934565
2,0,4024,1789633754958659584,3812371075945321
2,0,4025,1789633754958670848,3812371075955938
2,0,4026,1789633754958681088,3812371075966478
2,0,4027,1789633754958691328,3812371075977081
2,0,4028,1789633754958702592,3812371075987714
2,0,4029,1789633754958712832,3812371075998296
2,0,4030,1789633754958723072,3812371076008921
2,0,4031,1789633754958734336,3812371076019518
2,0,4032,1789633754958744576,3812371076030254
2,0,4033,1789633754958755840,3812371076040910
2,0,4034,1789633754958766080,3812371076051521
2,0,4035,1789633754958776320,3812371076062134
2,0,4036,1789633754958787584,3812371076072758
2,0,4037,1789633754958797824,3812371076083351
2,0,4038,1789633754958808064,3812371076093994
2,0,4039,1789633754958819328,3812371076104613
2,0,4040,1789633754958829568,3812371076115231
2,0,4041,1789633754958840832,3812371076125868
2,0,4042,1789633754958851072,3812371076136571
2,0,4043,1789633754958861312,3812371076147216
2,0,4044,1789633754958872576,3812371076157964
2,0,4045,1789633754958882816,3812371076168550
2,0,4046,1789633754958894080,3812371076179171
2,0,4047,1789633754958904320,3812371076189738
2,0,4048,1789633754958914560,3812371076200355
2,0,4049,1789633754958925824,3812371076210918
2,0,4050,1789633754958936064,3812371076221538
2,0,4051,1789633754958946304,3812371076232173
2,0,4052,1789633754958957568,3812371076242791
2,0,4053,1789633754958967808,3812371076253556
2,0,4054,1789633754958979072,3812371076264128
2,0,4055,1789633754958989312,3812371076274778
2,0,4056,1789633754958999552,3812371076285328
2,0,4057,1789633754959010816,3812371076295911
2,0,4058,1789633754959021056,3812371076306513
2,0,4059,1789633754959031296,3812371076317126
2,0,4060,1789633754959042560,3812371076327785
2,0,4061,1789633754959052800,3812371076338421
2,0,4062,1789633754959064064,3812371076349218
2,0,4063,1789633754959074304,3812371076359868
2,0,4064,1789633754959085568,3812371076370598
2,0,4065,1789633754959095808,3812371076381208
2,0,4066,1789633754959106048,3812371076391813
2,0,4067,1789633754959117312,3812371076402431
2,0,4068,1789633754959127552,3812371076413050
2,0,4069,1789633754959137792,3812371076423634
2,0,4070,1789633754959149056,3812371076434238
2,0,4071,1789633754959159296,3812371076444851
2,0,4072,1789633754959169536,3812371076455505
2,0,4073,1789633754959180800,3812371076466298
2,0,4074,1789633754959191040,3812371076476938
2,0,4075,1789633754959202304,3812371076487658
2,0,4076,1789633754959212544,3812371076498274
2,0,4077,1789633754959223808,3812371076509118
2,0,4078,1789633754959234048,3812371076519738
2,0,4079,1789633754959245312,3812371076530313
2,0,4080,1789633754959255552,3812371076540881
2,0,4081,1789633754959265792,3812371076551470
2,0,4082,1789633754959277056,3812371076562076
2,0,4083,1789633754959287296,3812371076572692
2,0,4084,1789633754959297536,3812371076583331
2,0,4085,1789633754959308800,3812371076593921
2,0,4086,1789633754959319040,3812371076604721
2,0,4087,1789633754959330304,3812371076615314
2,0,4088,1789633754959340544,3812371076625901
2,0,4089,1789633754959350784,3812371076636514
2,0,4090,1789633754959362048,3812371076647124
2,0,4091,1789633754959372288,3812371076657744
2,0,4092,1789633754959382528,3812371076668388
2,0,4093,1789633754959393792,3812371076679001
2,0,4094,1789633754959404032,3812371076689641
2,0,4095,1789633754959415296,3812371076700405
2,0,4096,1789633754959425536,3812371076711034
2,0,4097,1789633754959435776,3812371076721761
2,0,4098,1789633754959447040,3812371076732370
2,0,4099,1789633754959457280,3812371076743021
2,0,4100,1789633754959468544,3812371076753595
2,0,4101,1789633754959478784,3812371076764261
2,0,4102,1789633754959489024,3812371076774828
2,0,4103,1789633754959500288,3812371076785468
2,0,4104,1789633754959510528,3812371076796068
2,0,4105,1789633754959520768,3812371076806731
2,0,4106,1789633754959532032,3812371076817430
2,0,4107,1789633754959542272,3812371076828048
2,0,4108,1789633754959553536,3812371076838794
2,0,4109,1789633754959563776,3812371076849368
2,0,4110,1789633754959575040,3812371076859990
2,0,4111,1789633754959585280,3812371076870604
2,0,4112,1789633754959595520,3812371076881238
2,0,4113,1789633754959606784,3812371076891851
2,0,4114,1789633754959617024,3812371076902501
2,0,4115,1789633754959627264,3812371076913104
2,0,4116,1789633754959638528,3812371076923716
2,0,4117,1789633754959648768,3812371076934516
2,0,4118,1789633754959660032,3812371076945115
2,0,4119,1789633754959670272,3812371076955841
2,0,4120,1789633754959680512,3812371076966438
2,0,4121,1789633754959691776,3812371076977048
2,0,4122,1789633754959702016,3812371076987705
2,0,4123,1789633754959713280,3812371076998281
2,0,4124,1789633754959723520,3812371077008881
2,0,4125,1789633754959733760,3812371077019501
2,0,4126,1789633754959745024,3812371077030121
2,0,4127,1789633754959755264,3812371077040765
2,0,4128,1789633754959765504,3812371077051518
2,0,4129,1789633754959776768,3812371077062138
2,0,4130,1789633754959787008,3812371077072896
2,0,4131,1789633754959798272,3812371077083493
2,0,4132,1789633754959808512,3812371077094108
2,0,4133,1789633754959819776,3812371077104704
2,0,4134,1789633754959830016,3812371077115268
2,0,4135,1789633754959840256,3812371077125930
2,0,4136,1789633754959851520,3812371077136550
2,0,4137,1789633754959861760,3812371077147158
2,0,4138,1789633754959872000,3812371077157788
2,0,4139,1789633754959883264,3812371077168488
2,0,4140,1789633754959893504,3812371077179138
2,0,4141,1789633754959904768,3812371077189738
2,0,4142,1789633754959915008,3812371077200288
2,0,4143,1789633754959925248,3812371077210938
2,0,4144,1789633754959936512,3812371077221538
2,0,4145,1789633754959946752,3812371077232148
2,0,4146,1789633754959956992,3812371077242745
2,0,4147,1789633754959968256,3812371077253388
2,0,4148,1789633754959978496,3812371077264181
2,0,4149,1789633754959989760,3812371077274824
2,0,4150,1789633754960000000,3812371077285541
2,0,4151,1789633754960010240,3812371077296137
2,0,4152,1789633754960021504,3812371077306758
2,0,4153,1789633754960031744,3812371077317318
2,0,4154,1789633754960041984,3812371077327924
2,0,4155,1789633754960053248,3812371077338528
2,0,4156,1789633754960063488,3812371077349178
2,0,4157,1789633754960074752,3812371077359803
2,0,4158,1789633754960084992,3812371077370418
2,0,4159,1789633754960095232,3812371077381118
2,0,4160,1789633754960106496,3812371077391838
2,0,4161,1789633754960116736,3812371077402570
2,0,4162,1789633754960128000,3812371077413288
2,0,4163,1789633754960138240,3812371077424048
2,0,4164,1789633754960149504,3812371077434731
2,0,4165,1789633754960159744,3812371077445501
2,0,4166,1789633754960171008,3812371077456191
2,0,4167,1789633754960181248,3812371077466984
2,0,4168,1789633754960192512,3812371077477684
2,0,4169,1789633754960202752,3812371077488441
2,0,4170,1789633754960214016,3812371077499131
2,0,4171,1789633754960224256,3812371077509914
2,0,4172,1789633754960235520,3812371077520531
2,0,4173,1789633754960245760,3812371077531368
2,0,4174,1789633754960257024,3812371077542018
2,0,4175,1789633754960267264,3812371077552830
2,0,4176,1789633754960277504,3812371077563478
2,0,4177,1789633754960288768,3812371077574288
2,0,4178,1789633754960299008,3812371077584938
2,0,4179,1789633754960310272,3812371077595501
2,0,4180,1789633754960320512,3812371077606064
2,0,4181,1789633754960330752,3812371077619162
2,0,4182,1789633754960342016,3812371077627318
2,0,4183,1789633754960352256,3812371077637957
2,0,4184,1789633754960363520,3812371077648571
2,0,4185,1789633754960373760,3812371077659204
2,0,4186,1789633754960384000,3812371077669991
2,0,4187,1789633754960395264,3812371077680608
2,0,4188,1789633754960405504,3812371077691304
2,0,4189,1789633754960416768,3812371077701971
2,0,4190,1789633754960427008,3812371077712785
2,0,4191,1789633754960438272,3812371077723414
2,0,4192,1789633754960448512,3812371077733988
2,0,4193,1789633754960458752,3812371077744601
2,0,4194,1789633754960470016,3812371077755221
2,0,4195,1789633754960480256,3812371077765834
2,0,4196,1789633754960490496,3812371077776445
2,0,4197,1789633754960501760,3812371077787041
2,0,4198,1789633754960512000,3812371077797677
2,0,4199,1789633754960523264,3812371077808350
2,0,4200,1789633754960533504,3812371077818968
2,0,4201,1789633754960543744,3812371077829590
2,0,4202,1789633754960555008,3812371077840251
2,0,4203,1789633754960565248,3812371077850954
2,0,4204,1789633754960576512,3812371077861518
2,0,4205,1789633754960586752,3812371077872174
2,0,4206,1789633754960596992,3812371077882781
2,0,4207,1789633754960608256,3812371077893434
2,0,4208,1789633754960618496,3812371077904044
2,0,4209,1789633754960628736,3812371077914678
2,0,4210,1789633754960640000,3812371077925421
2,0,4211,1789633754960650240,3812371077936044
2,0,4212,1789633754960661504,3812371077946644
2,0,4213,1789633754960671744,3812371077957271
2,0,4214,1789633754960681984,3812371077967844
2,0,4215,1789633754960693248,3812371077978501
2,0,4216,1789633754960703488,3812371077989144
2,0,4217,1789633754960714752,3812371077999748
2,0,4218,1789633754960724992,3812371078010371
2,0,4219,1789633754960735232,3812371078021081
2,0,4220,1789633754960746496,3812371078031725
2,0,4221,1789633754960756736,3812371078042471
2,0,4222,1789633754960768000,3812371078053094
2,0,4223,1789633754960778240,3812371078063659
2,0,4224,1789633754960788480,3812371078074204
2,0,4225,1789633754960799744,3812371078084864
2,0,4226,1789633754960809984,3812371078095470
2,0,4227,1789633754960820224,3812371078106093
2,0,4228,1789633754960831488,3812371078116714
2,0,4229,1789633754960841728,3812371078127348
2,0,4230,1789633754960852992,3812371078138058
2,0,4231,1789633754960863232,3812371078148676
2,0,4232,1789633754960873472,3812371078159290
2,0,4233,1789633754960884736,3812371078169865
2,0,4234,1789633754960894976,3812371078180478
2,0,4235,1789633754960905216,3812371078191050
2,0,4236,1789633754960916480,3812371078201700
2,0,4237,1789633754960926720,3812371078212300
2,0,4238,1789633754960936960,3812371078222965
2,0,4239,1789633754960948224,3812371078233655
2,0,4240,1789633754960958464,3812371078244273
2,0,4241,1789633754960969728,3812371078254896
2,0,4242,1789633754960979968,3812371078265468
2,0,4243,1789633754960990208,3812371078276041
2,0,4244,1789633754961001472,3812371078286614
2,0,4245,1789633754961011712,3812371078297264
2,0,4246,1789633754961021952,3812371078307874
2,0,4247,1789633754961033216,3812371078318501
2,0,4248,1789633754961043456,3812371078329233
2,0,4249,1789633754961054720,3812371078339864
2,0,4250,1789633754961064960,3812371078350441
2,0,4251,1789633754961075200,3812371078361070
2,0,4252,1789633754961086464,3812371078371681
2,0,4253,1789633754961096704,3812371078382250
2,0,4254,1789633754961106944,3812371078392878
2,0,4255,1789633754961118208,3812371078403464
2,0,4256,1789633754961128448,3812371078414114
2,0,4257,1789633754961139712,3812371078424798
2,0,4258,1789633754961149952,3812371078435478
2,0,4259,1789633754961160192,3812371078446307
2,0,4260,1789633754961171456,3812371078456951
2,0,4261,1789633754961181696,3812371078467548
2,0,4262,1789633754961192960,3812371078478191
2,0,4263,1789633754961203200,3812371078488774
2,0,4264,1789633754961213440,3812371078499373
2,0,4265,1789633754961224704,3812371078509990
2,0,4266,1789633754961234944,3812371078520557
2,0,4267,1789633754961246208,3812371078531201
2,0,4268,1789633754961256448,3812371078541858
2,0,4269,1789633754961266688,3812371078552514
2,0,4270,1789633754961277952,3812371078563090
2,0,4271,1789633754961288192,3812371078573714
2,0,4272,1789633754961298432,3812371078584304
2,0,4273,1789633754961309696,3812371078594914
2,0,4274,1789633754961319936,3812371078605518
2,0,4275,1789633754961330176,3812371078616118
2,0,4276,1789633754961341440,3812371078626769
2,0,4277,1789633754961351680,3812371078637464
2,0,4278,1789633754961362944,3812371078648141
2,0,4279,1789633754961373184,3812371078658693
2,0,4280,1789633754961383424,3812371078669290
2,0,4281,1789633754961394688,3812371078679914
2,0,4282,1789633754961404928,3812371078690470
2,0,4283,1789633754961415168,3812371078701071
2,0,4284,1789633754961426432,3812371078711714
2,0,4285,1789633754961436672,3812371078722327
2,0,4286,1789633754961447936,3812371078733073
2,0,4287,1789633754961458176,3812371078743675
2,0,4288,1789633754961468416,3812371078754281
2,0,4289,1789633754961479680,3812371078764950
2,0,4290,1789633754961489920,3812371078775576
2,0,4291,1789633754961501184,3812371078786170
2,0,4292,1789633754961511424,3812371078796791
2,0,4293,1789633754961521664,3812371078807384
2,0,4294,1789633754961532928,3812371078817984
2,0,4295,1789633754961543168,3812371078828770
2,0,4296,1789633754961554432,3812371078839421
2,0,4297,1789633754961564672,3812371078850253
2,0,4298,1789633754961574912,3812371078860865
2,0,4299,1789633754961586176,3812371078871708
2,0,4300,1789633754961596416,3812371078882365
2,0,4301,1789633754961607680,3812371078893121
2,0,4302,1789633754961617920,3812371078903764
2,0,4303,1789633754961629184,3812371078914481
2,0,4304,1789633754961639424,3812371078925131
2,0,4305,1789633754961650688,3812371078935697
2,0,4306,1789633754961660928,3812371078946304
2,0,4307,1789633754961671168,3812371078956930
2,0,4308,1789633754961682432,3812371078967561
2,0,4309,1789633754961692672,3812371078978184
2,0,4310,1789633754961702912,3812371078988721
2,0,4311,1789633754961714176,3812371078999356
2,0,4312,1789633754961724416,3812371079009884
2,0,4313,1789633754961734656,3812371079020507
2,0,4314,1789633754961745920,3812371079031210
2,0,4315,1789633754961756160,3812371079042005
2,0,4316,1789633754961767424,3812371079052704
2,0,4317,1789633754961777664,3812371079063406
2,0,4318,1789633754961788928,3812371079074118
2,0,4319,1789633754961799168,3812371079084821
2,0,4320,1789633754961810432,3812371079095493
2,0,4321,1789633754961820672,3812371079106218
2,0,4322,1789633754961830912,3812371079116921
2,0,4323,1789633754961842176,3812371079127624
2,0,4324,1789633754961852416,3812371079138341
2,0,4325,1789633754961863680,3812371079149051
2,0,4326,1789633754961873920,3812371079159798
2,0,4327,1789633754961885184,3812371079170484
2,0,4328,1789633754961895424,3812371079181214
2,0,4329,1789633754961906688,3812371079191898
2,0,4330,1789633754961916928,3812371079202578
2,0,4331,1789633754961927168,3812371079213237
2,0,4332,1789633754961938432,3812371079223993
2,0,4333,1789633754961948672,3812371079234664
2,0,4334,1789633754961959936,3812371079245350
2,0,4335,1789633754961970176,3812371079256091
2,0,4336,1789633754961980416,3812371079266244
2,0,4337,1789633754961990656,3812371079276015
2,0,4338,1789633754961999872,3812371079285764
2,0,4339,1789633754962010112,3812371079295538
2,0,4340,1789633754962019328,3812371079305274
2,0,4341,1789633754962029568,3812371079315027
2,0,4342,1789633754962038784,3812371079324806
2,0,4343,1789633754962049024,3812371079334545
2,0,4344,1789633754962058240,3812371079344328
2,0,4345,1789633754962068480,3812371079354108
2,0,4346,1789633754962078720,3812371079363870
2,0,4347,1789633754962087936,3812371079373634
2,0,4348,1789633754962098176,3812371079383401
2,0,4349,1789633754962107392,3812371079393151
2,0,4350,1789633754962117632,3812371079402918
2,0,4351,1789633754962126848,3812371079412657
2,0,4352,1789633754962137088,3812371079422425
2,0,4353,1789633754962146304,3812371079432191
2,0,4354,1789633754962156544,3812371079442007
2,0,4355,1789633754962165760,3812371079451773
2,0,4356,1789633754962176000,3812371079461534
2,0,4357,1789633754962185216,3812371079471314
2,0,4358,1789633754962195456,3812371079481058
2,0,4359,1789633754962205696,3812371079490814
2,0,4360,1789633754962214912,3812371079500558
2,0,4361,1789633754962225152,3812371079510331
2,0,4362,1789633754962234368,3812371079520073
2,0,4363,1789633754962244608,3812371079529834
2,0,4364,1789633754962253824,3812371079539616
2,0,4365,1789633754962264064,3812371079549348
2,0,4366,1789633754962273280,3812371079559121
2,0,4367,1789633754962283520,3812371079568878
2,0,4368,1789633754962292736,3812371079578641
2,0,4369,1789633754962302976,3812371079588430
2,0,4370,1789633754962312192,3812371079598191
2,0,4371,1789633754962322432,3812371079607938
2,0,4372,1789633754962331648,3812371079617684
2,0,4373,1789633754962341888,3812371079627453
2,0,4374,1789633754962352128,3812371079637217
2,0,4375,1789633754962361344,3812371079646976
2,0,4376,1789633754962371584,3812371079656721
2,0,4377,1789633754962380800,3812371079666490
2,0,4378,1789633754962391040,3812371079676233
2,0,4379,1789633754962400256,3812371079686018
2,0,4380,1789633754962410496,3812371079695774
2,0,4381,1789633754962419712,3812371079705558
2,0,4382,1789633754962429952,3812371079715293
2,0,4383,1789633754962439168,3812371079725074
2,0,4384,1789633754962449408,3812371079734816
2,0,4385,1789633754962458624,3812371079744576
2,0,4386,1789633754962468864,3812371079754340
2,0,4387,1789633754962478080,3812371079764118
2,0,4388,1789633754962488320,3812371079773894
2,0,4389,1789633754962498560,3812371079783640
2,0,4390,1789633754962507776,3812371079793405
2,0,4391,1789633754962518016,3812371079803153
2,0,4392,1789633754962527232,3812371079812924
2,0,4393,1789633754962537472,3812371079822687
2,0,4394,1789633754962546688,3812371079832440
2,0,4395,1789633754962556928,3812371079842214
2,0,4396,1789633754962566144,3812371079852013
2,0,4397,1789633754962576384,3812371079861790
2,0,4398,1789633754962585600,3812371079871530
2,0,4399,1789633754962595840,3812371079881290
2,0,4400,1789633754962605056,3812371079891047
2,0,4401,1789633754962615296,3812371079900820
2,0,4402,1789633754962624512,3812371079910578
2,0,4403,1789633754962634752,3812371079920327
2,0,4404,1789633754962644992,3812371079930087
2,0,4405,1789633754962654208,3812371079939838
2,0,4406,1789633754962664448,3812371079949578
2,0,4407,1789633754962673664,3812371079959338
2,0,4408,1789633754962683904,3812371079969094
2,0,4409,1789633754962693120,3812371079978838
2,0,4410,1789633754962703360,3812371079988607
2,0,4411,1789633754962712576,3812371079998358
2,0,4412,1789633754962722816,3812371080008116
2,0,4413,1789633754962732032,3812371080017880
2,0,4414,1789633754962742272,3812371080027667
2,0,4415,1789633754962751488,3812371080037404
2,0,4416,1789633754962761728,3812371080047190
2,0,4417,1789633754962770944,3812371080056925
2,0,4418,1789633754962781184,3812371080066705
2,0,4419,1789633754962790400,3812371080076467
2,0,4420,1789633754962800640,3812371080086204
2,0,4421,1789633754962810880,3812371080095978
2,0,4422,1789633754962820096,3812371080105755
2,0,4423,1789633754962830336,3812371080115493
2,0,4424,1789633754962839552,3812371080125227
2,0,4425,1789633754962849792,3812371080135001
2,0,4426,1789633754962859008,3812371080144758
2,0,4427,1789633754962869248,3812371080154520
2,0,4428,1789633754962878464,3812371080164276
2,0,4429,1789633754962888704,3812371080174120
2,0,4430,1789633754962897920,3812371080183848
2,0,4431,1789633754962908160,3812371080193616
2,0,4432,1789633754962917376,3812371080203370
2,0,4433,1789633754962927616,3812371080213120
2,0,4434,1789633754962936832,3812371080222893
2,0,4435,1789633754962947072,3812371080232644
2,0,4436,1789633754962957312,3812371080242445
2,0,4437,1789633754962966528,3812371080252198
2,0,4438,1789633754962976768,3812371080262020
2,0,4439,1789633754962985984,3812371080271767
2,0,4440,1789633754962996224,3812371080281537
2,0,4441,1789633754963005440,3812371080291301
2,0,4442,1789633754963015680,3812371080301078
2,0,4443,1789633754963024896,3812371080310850
2,0,4444,1789633754963035136,3812371080320618
2,0,4445,1789633754963044352,3812371080330364
2,0,4446,1789633754963054592,3812371080340130
2,0,4447,1789633754963063808,3812371080349876
2,0,4448,1789633754963074048,3812371080359640
2,0,4449,1789633754963084288,3812371080369396
2,0,4450,1789633754963093504,3812371080379178
2,0,4451,1789633754963103744,3812371080388944
2,0,4452,1789633754963112960,3812371080398720
2,0,4453,1789633754963123200,3812371080408480
2,0,4454,1789633754963132416,3812371080418240
2,0,4455,1789633754963142656,3812371080427988
2,0,4456,1789633754963151872,3812371080437767
2,0,4457,1789633754963162112,3812371080447540
2,0,4458,1789633754963171328,3812371080457290
2,0,4459,1789633754963181568,3812371080467078
2,0,4460,1789633754963190784,3812371080476814
2,0,4461,1789633754963201024,3812371080486593
2,0,4462,1789633754963211264,3812371080496374
2,0,4463,1789633754963220480,3812371080506100
2,0,4464,1789633754963230720,3812371080515850
2,0,4465,1789633754963239936,3812371080525616
2,0,4466,1789633754963250176,3812371080535380
2,0,4467,1789633754963259392,3812371080545150
2,0,4468,1789633754963269632,3812371080554920
2,0,4469,1789633754963278848,3812371080564654
2,0,4470,1789633754963289088,3812371080574440
2,0,4471,1789633754963298304,3812371080584214
2,0,4472,1789633754963308544,3812371080593970
2,0,4473,1789633754963317760,3812371080603734
2,0,4474,1789633754963328000,3812371080613494
2,0,4475,1789633754963337216,3812371080623256
2,0,4476,1789633754963347456,3812371080633038
2,0,4477,1789633754963356672,3812371080642800
2,0,4478,1789633754963366912,3812371080652553
2,0,4479,1789633754963377152,3812371080662450
2,0,4480,1789633754963386368,3812371080672327
2,0,4481,1789633754963396608,3812371080682130
2,0,4482,1789633754963405824,3812371080691867
2,0,4483,1789633754963416064,3812371080701640
2,0,4484,1789633754963426304,3812371080711420
2,0,4485,1789633754963435520,3812371080721163
2,0,4486,1789633754963445760,3812371080730898
2,0,4487,1789633754963454976,3812371080740670
2,0,4488,1789633754963465216,3812371080750444
2,0,4489,1789633754963474432,3812371080760253
2,0,4490,1789633754963484672,3812371080769974
2,0,4491,1789633754963493888,3812371080779733
2,0,4492,1789633754963504128,3812371080789496
2,0,4493,1789633754963513344,3812371080799245
2,0,4494,1789633754963523584,3812371080809018
2,0,4495,1789633754963532800,3812371080818764
2,0,4496,1789633754963543040,3812371080828536
2,0,4497,1789633754963552256,3812371080838280
2,0,4498,1789633754963562496,3812371080848044
2,0,4499,1789633754963571712,3812371080857820
2,0,4500,1789633754963581952,3812371080867570
2,0,4501,1789633754963592192,3812371080877358
2,0,4502,1789633754963601408,3812371080887104
2,0,4503,1789633754963611648,3812371080896884
2,0,4504,1789633754963620864,3812371080906625
2,0,4505,1789633754963631104,3812371080916400
2,0,4506,1789633754963640320,3812371080926150
2,0,4507,1789633754963650560,3812371080935927
2,0,4508,1789633754963659776,3812371080945693
2,0,4509,1789633754963670016,3812371080955444
2,0,4510,1789633754963679232,3812371080965220
2,0,4511,1789633754963689472,3812371080974978
2,0,4512,1789633754963698688,3812371080984747
2,0,4513,1789633754963708928,3812371080994494
2,0,4514,1789633754963718144,3812371081004250
2,0,4515,1789633754963728384,3812371081014000
2,0,4516,1789633754963738624,3812371081023765
2,0,4517,1789633754963747840,3812371081033523
2,0,4518,1789633754963758080,3812371081043313
2,0,4519,1789633754963767296,3812371081053083
2,0,4520,1789633754963777536,3812371081062856
2,0,4521,1789633754963786752,3812371081072618
2,0,4522,1789633754963796992,3812371081082360
2,0,4523,1789633754963806208,3812371081092156
2,0,4524,1789633754963816448,3812371081101883
2,0,4525,1789633754963825664,3812371081111650
2,0,4526,1789633754963835904,3812371081121423
2,0,4527,1789633754963845120,3812371081131187
2,0,4528,1789633754963855360,3812371081140963
2,0,4529,1789633754963865600,3812371081150731
2,0,4530,1789633754963874816,3812371081160480
2,0,4531,1789633754963885056,3812371081170240
2,0,4532,1789633754963894272,3812371081180020
2,0,4533,1789633754963904512,3812371081189770
2,0,4534,1789633754963913728,3812371081199537
2,0,4535,1789633754963923968,3812371081209303
2,0,4536,1789633754963933184,3812371081219027
2,0,4537,1789633754963943424,3812371081228773
2,0,4538,1789633754963952640,3812371081238533
2,0,4539,1789633754963962880,3812371081248278
2,0,4540,1789633754963972096,3812371081258040
2,0,4541,1789633754963982336,3812371081267790
2,0,4542,1789633754963991552,3812371081277556
2,0,4543,1789633754964001792,3812371081287315
2,0,4544,1789633754964011008,3812371081297073
2,0,4545,1789633754964021248,3812371081306856
2,0,4546,1789633754964031488,3812371081316618
2,0,4547,1789633754964040704,3812371081326396
2,0,4548,1789633754964050944,3812371081336140
2,0,4549,1789633754964060160,3812371081345898
2,0,4550,1789633754964070400,3812371081355698
2,0,4551,1789633754964079616,3812371081365450
2,0,4552,1789633754964089856,3812371081375218
2,0,4553,1789633754964099072,3812371081384958
2,0,4554,1789633754964109312,3812371081394723
2,0,4555,1789633754964118528,3812371081404480
2,0,4556,1789633754964128768,3812371081414216
2,0,4557,1789633754964137984,3812371081423970
2,0,4558,1789633754964148224,3812371081433753
2,0,4559,1789633754964157440,3812371081443513
2,0,4560,1789633754964167680,3812371081453270
2,0,4561,1789633754964177920,3812371081463040
2,0,4562,1789633754964187136,3812371081472805
2,0,4563,1789633754964197376,3812371081482570
2,0,4564,1789633754964206592,3812371081492318
2,0,4565,1789633754964216832,3812371081502083
2,0,4566,1789633754964226048,3812371081511843
2,0,4567,1789633754964236288,3812371081521630
2,0,4568,1789633754964245504,3812371081531383
2,0,4569,1789633754964255744,3812371081541140
2,0,4570,1789633754964264960,3812371081550868
2,0,4571,1789633754964275200,3812371081560643
2,0,4572,1789633754964284416,3812371081570420
2,0,4573,1789633754964294656,3812371081580153
2,0,4574,1789633754964303872,3812371081589933
2,0,4575,1789633754964314112,3812371081599673
2,0,4576,1789633754964323328,3812371081609433
2,0,4577,1789633754964333568,3812371081621659
2,0,4578,1789633754964343808,3812371081628920
2,0,4579,1789633754964353024,3812371081638670
2,0,4580,1789633754964363264,3812371081648440
2,0,4581,1789633754964372480,3812371081658198
2,0,4582,1789633754964382720,3812371081667916
2,0,4583,1789633754964391936,3812371081677680
2,0,4584,1789633754964402176,3812371081687430
2,0,4585,1789633754964411392,3812371081697193
2,0,4586,1789633754964421632,3812371081706933
2,0,4587,1789633754964430848,3812371081716683
2,0,4588,1789633754964441088,3812371081726493
2,0,4589,1789633754964450304,3812371081736213
2,0,4590,1789633754964460544,3812371081745994
2,0,4591,1789633754964469760,3812371081755750
2,0,4592,1789633754964480000,3812371081765500
2,0,4593,1789633754964489216,3812371081775257
2,0,4594,1789633754964499456,3812371081784970
2,0,4595,1789633754964508672,3812371081794658
2,0,4596,1789633754964518912,3812371081804293
2,0,4597,1789633754964528128,3812371081813990
2,0,4598,1789633754964538368,3812371081823650
2,0,4599,1789633754964547584,3812371081833320
2,0,4600,1789633754964557824,3812371081843073
2,0,4601,1789633754964567040,3812371081852837
2,0,4602,1789633754964577280,3812371081862590
2,0,4603,1789633754964586496,3812371081872363
2,0,4604,1789633754964596736,3812371081882120
2,0,4605,1789633754964605952,3812371081891890
2,0,4606,1789633754964616192,3812371081901667
2,0,4607,1789633754964625408,3812371081911303
2,0,4608,1789633754964635648,3812371081920967
2,0,4609,1789633754964644864,3812371081930603
2,0,4610,1789633754964655104,3812371081940330
2,0,4611,1789633754964664320,3812371081950068
2,0,4612,1789633754964674560,3812371081959843
2,0,4613,1789633754964683776,3812371081969588
2,0,4614,1789633754964694016,3812371081979340
2,0,4615,1789633754964703232,3812371081989160
2,0,4616,1789633754964713472,3812371081998840
2,0,4617,1789633754964722688,3812371082008606
2,0,4618,1789633754964732928,3812371082018340
2,0,4619,1789633754964742144,3812371082028103
2,0,4620,1789633754964752384,3812371082037863
2,0,4621,1789633754964761600,3812371082047620
2,0,4622,1789633754964771840,3812371082057350
2,0,4623,1789633754964781056,3812371082067098
2,0,4624,1789633754964791296,3812371082076878
2,0,4625,1789633754964800512,3812371082086640
2,0,4626,1789633754964810752,3812371082096370
2,0,4627,1789633754964820992,3812371082106143
2,0,4628,1789633754964830208,3812371082115893
2,0,4629,1789633754964840448,3812371082125647
2,0,4630,1789633754964849664,3812371082135400
2,0,4631,1789633754964859904,3812371082145163
2,0,4632,1789633754964869120,3812371082154901
2,0,4633,1789633754964879360,3812371082164657
2,0,4634,1789633754964888576,3812371082174400
2,0,4635,1789633754964898816,3812371082184164
2,0,4636,1789633754964908032,3812371082193933
2,0,4637,1789633754964918272,3812371082203657
2,0,4638,1789633754964927488,3812371082213444
2,0,4639,1789633754964937728,3812371082223192
2,0,4640,1789633754964946944,3812371082232951
2,0,4641,1789633754964957184,3812371082242717
2,0,4642,1789633754964966400,3812371082252454
2,0,4643,1789633754964976640,3812371082262211
2,0,4644,1789633754964985856,3812371082271949
2,0,4645,1789633754964996096,3812371082281717
2,0,4646,1789633754965006336,3812371082291469
2,0,4647,1789633754965015552,3812371082301211
2,0,4648,1789633754965025792,3812371082310989
2,0,4649,1789633754965035008,3812371082320736
2,0,4650,1789633754965045248,3812371082330490
2,0,4651,1789633754965054464,3812371082340249
2,0,4652,1789633754965064704,3812371082350003
2,0,4653,1789633754965073920,3812371082359724
2,0,4654,1789633754965084160,3812371082369489
2,0,4655,1789633754965093376,3812371082379254
2,0,4656,1789633754965103616,3812371082389013
2,0,4657,1789633754965112832,3812371082398754
2,0,4658,1789633754965123072,3812371082408516
2,0,4659,1789633754965132288,3812371082418269
2,0,4660,1789633754965142528,3812371082428029
2,0,4661,1789633754965151744,3812371082437789
2,0,4662,1789633754965161984,3812371082447546
2,0,4663,1789633754965171200,3812371082457269
2,0,4664,1789633754965181440,3812371082467039
2,0,4665,1789633754965190656,3812371082476836
2,0,4666,1789633754965200896,3812371082486551
2,0,4667,1789633754965211136,3812371082496306
2,0,4668,1789633754965220352,3812371082506056
2,0,4669,1789633754965230592,3812371082515829
2,0,4670,1789633754965239808,3812371082525579
2,0,4671,1789633754965250048,3812371082535352
2,0,4672,1789633754965259264,3812371082545054
2,0,4673,1789633754965269504,3812371082554861
2,0,4674,1789633754965278720,3812371082564574
2,0,4675,1789633754965288960,3812371082574342
2,0,4676,1789633754965298176,3812371082584076
2,0,4677,1789633754965308416,3812371082593836
2,0,4678,1789633754965317632,3812371082603590
2,0,4679,1789633754965327872,3812371082613389
2,0,4680,1789633754965337088,3812371082623100
2,0,4681,1789633754965347328,3812371082632856
2,0,4682,1789633754965356544,3812371082642616
2,0,4683,1789633754965366784,3812371082652389
2,0,4684,1789633754965376000,3812371082662113
2,0,4685,1789633754965386240,3812371082671964
2,0,4686,1789633754965396480,3812371082681622
2,0,4687,1789633754965405696,3812371082691412
2,0,4688,1789633754965415936,3812371082701136
2,0,4689,1789633754965425152,3812371082710901
2,0,4690,1789633754965435392,3812371082720662
2,0,4691,1789633754965444608,3812371082730409
2,0,4692,1789633754965454848,3812371082740251
2,0,4693,1789633754965464064,3812371082749912
2,0,4694,1789633754965474304,3812371082759676
2,0,4695,1789633754965483520,3812371082769402
2,0,4696,1789633754965493760,3812371082779163
2,0,4697,1789633754965502976,3812371082788940
2,0,4698,1789633754965513216,3812371082798681
2,0,4699,1789633754965522432,3812371082808449
2,0,4700,1789633754965532672,3812371082818199
2,0,4701,1789633754965541888,3812371082827954
2,0,4702,1789633754965552128,3812371082837699
2,0,4703,1789633754965561344,3812371082847449
2,0,4704,1789633754965571584,3812371082857220
2,0,4705,1789633754965581824,3812371082866956
2,0,4706,1789633754965591040,3812371082876719
2,0,4707,1789633754965601280,3812371082886479
2,0,4708,1789633754965610496,3812371082896256
2,0,4709,1789633754965620736,3812371082905963
2,0,4710,1789633754965629952,3812371082915742
2,0,4711,1789633754965640192,3812371082925486
2,0,4712,1789633754965649408,3812371082935242
2,0,4713,1789633754965659648,3812371082944999
2,0,4714,1789633754965668864,3812371082954761
2,0,4715,1789633754965679104,3812371082964516
2,0,4716,1789633754965688320,3812371082974244
2,0,4717,1789633754965698560,3812371082984020
2,0,4718,1789633754965707776,3812371082993782
2,0,4719,1789633754965718016,3812371083003539
2,0,4720,1789633754965727232,3812371083013272
2,0,4721,1789633754965737472,3812371083023031
2,0,4722,1789633754965746688,3812371083032789
2,0,4723,1789633754965756928,3812371083042546
2,0,4724,1789633754965767168,3812371083052266
2,0,4725,1789633754965776384,3812371083062049
2,0,4726,1789633754965786624,3812371083071792
2,0,4727,1789633754965795840,3812371083081562
2,0,4728,1789633754965806080,3812371083091319
2,0,4729,1789633754965815296,3812371083101076
2,0,4730,1789633754965825536,3812371083110806
2,0,4731,1789633754965834752,3812371083120546
2,0,4732,1789633754965844992,3812371083130323
2,0,4733,1789633754965854208,3812371083140096
2,0,4734,1789633754965864448,3812371083149819
2,0,4735,1789633754965873664,3812371083159616
2,0,4736,1789633754965883904,3812371083169361
2,0,4737,1789633754965893120,3812371083179106
2,0,4738,1789633754965903360,3812371083188849
2,0,4739,1789633754965912576,3812371083198599
2,0,4740,1789633754965922816,3812371083208349
2,0,4741,1789633754965932032,3812371083218103
2,0,4742,1789633754965942272,3812371083227866
2,0,4743,1789633754965951488,3812371083237636
2,0,4744,1789633754965961728,3812371083247369
2,0,4745,1789633754965971968,3812371083257123
2,0,4746,1789633754965981184,3812371083266879
2,0,4747,1789633754965991424,3812371083276636
2,0,4748,1789633754966000640,3812371083286399
2,0,4749,1789633754966010880,3812371083296154
2,0,4750,1789633754966020096,3812371083305911
2,0,4751,1789633754966030336,3812371083315653
2,0,4752,1789633754966039552,3812371083325412
2,0,4753,1789633754966049792,3812371083335166
2,0,4754,1789633754966059008,3812371083344931
2,0,4755,1789633754966069248,3812371083354672
2,0,4756,1789633754966078464,3812371083364439
2,0,4757,1789633754966088704,3812371083374181
2,0,4758,1789633754966097920,3812371083383942
2,0,4759,1789633754966108160,3812371083393689
2,0,4760,1789633754966117376,3812371083403461
2,0,4761,1789633754966127616,3812371083413192
2,0,4762,1789633754966136832,3812371083422962
2,0,4763,1789633754966147072,3812371083432716
2,0,4764,1789633754966157312,3812371083442469
2,0,4765,1789633754966166528,3812371083452202
2,0,4766,1789633754966176768,3812371083461976
2,0,4767,1789633754966185984,3812371083471719
2,0,4768,1789633754966196224,3812371083481486
2,0,4769,1789633754966205440,3812371083491236
2,0,4770,1789633754966215680,3812371083500976
2,0,4771,1789633754966224896,3812371083510751
2,0,4772,1789633754966235136,3812371083520489
2,0,4773,1789633754966244352,3812371083530242
2,0,4774,1789633754966254592,3812371083539999
2,0,4775,1789633754966263808,3812371083549761
2,0,4776,1789633754966274048,3812371083559521
2,0,4777,1789633754966283264,3812371083569242
2,0,4778,1789633754966293504,3812371083579026
2,0,4779,1789633754966302720,3812371083588781
2,0,4780,1789633754966312960,3812371083598532
2,0,4781,1789633754966322176,3812371083608266
2,0,4782,1789633754966332416,3812371083618036
2,0,4783,1789633754966341632,3812371083627786
2,0,4784,1789633754966351872,3812371083637539
2,0,4785,1789633754966362112,3812371083647312
2,0,4786,1789633754966371328,3812371083657046
2,0,4787,1789633754966381568,3812371083666812
2,0,4788,1789633754966390784,3812371083676562
2,0,4789,1789633754966401024,3812371083686319
2,0,4790,1789633754966410240,3812371083696061
2,0,4791,1789633754966420480,3812371083705821
2,0,4792,1789633754966429696,3812371083715553
2,0,4793,1789633754966439936,3812371083725336
2,0,4794,1789633754966449152,3812371083735089
2,0,4795,1789633754966459392,3812371083744826
2,0,4796,1789633754966468608,3812371083754598
2,0,4797,1789633754966478848,3812371083764362
2,0,4798,1789633754966488064,3812371083774111
2,0,4799,1789633754966498304,3812371083783869
2,0,4800,1789633754966507520,3812371083793614
2,0,4801,1789633754966517760,3812371083803369
2,0,4802,1789633754966526976,3812371083813119
2,0,4803,1789633754966537216,3812371083822866
2,0,4804,1789633754966547456,3812371083832614
2,0,4805,1789633754966556672,3812371083842382
2,0,4806,1789633754966566912,3812371083852153
2,0,4807,1789633754966576128,3812371083861961
2,0,4808,1789633754966586368,3812371083871636
2,0,4809,1789633754966595584,3812371083881399
2,0,4810,1789633754966605824,3812371083891156
2,0,4811,1789633754966615040,3812371083900889
2,0,4812,1789633754966625280,3812371083910649
2,0,4813,1789633754966634496,3812371083920409
2,0,4814,1789633754966644736,3812371083930249
2,0,4815,1789633754966653952,3812371083939919
2,0,4816,1789633754966664192,3812371083949676
2,0,4817,1789633754966673408,3812371083959441
2,0,4818,1789633754966683648,3812371083969176
2,0,4819,1789633754966692864,3812371083978936
2,0,4820,1789633754966703104,3812371083988676
2,0,4821,1789633754966712320,3812371083998439
2,0,4822,1789633754966722560,3812371084008204
2,0,4823,1789633754966732800,3812371084017926
2,0,4824,1789633754966742016,3812371084027706
2,0,4825,1789633754966752256,3812371084037462
2,0,4826,1789633754966761472,3812371084047271
2,0,4827,1789633754966771712,3812371084056966
2,0,4828,1789633754966780928,3812371084066724
2,0,4829,1789633754966791168,3812371084076444
2,0,4830,1789633754966800384,3812371084086246
2,0,4831,1789633754966810624,3812371084096004
2,0,4832,1789633754966819840,3812371084105752
2,0,4833,1789633754966830080,3812371084115492
2,0,4834,1789633754966839296,3812371084125269
2,0,4835,1789633754966849536,3812371084135016
2,0,4836,1789633754966858752,3812371084144746
2,0,4837,1789633754966868992,3812371084154501
2,0,4838,1789633754966878208,3812371084164286
2,0,4839,1789633754966888448,3812371084173996
2,0,4840,1789633754966897664,3812371084183746
2,0,4841,1789633754966907904,3812371084193546
2,0,4842,1789633754966917120,3812371084203299
2,0,4843,1789633754966927360,3812371084213036
2,0,4844,1789633754966937600,3812371084222789
2,0,4845,1789633754966946816,3812371084232546
2,0,4846,1789633754966957056,3812371084242306
2,0,4847,1789633754966966272,3812371084252056
2,0,4848,1789633754966976512,3812371084261806
2,0,4849,1789633754966985728,3812371084271576
2,0,4850,1789633754966995968,3812371084281314
2,0,4851,1789633754967005184,3812371084291079
2,0,4852,1789633754967015424,3812371084300819
2,0,4853,1789633754967024640,3812371084310579
2,0,4854,1789633754967034880,3812371084320336
2,0,4855,1789633754967044096,3812371084330111
2,0,4856,1789633754967054336,3812371084339849
2,0,4857,1789633754967063552,3812371084349594
2,0,4858,1789633754967073792,3812371084359343
2,0,4859,1789633754967083008,3812371084369102
2,0,4860,1789633754967093248,3812371084378852
2,0,4861,1789633754967102464,3812371084388601
2,0,4862,1789633754967112704,3812371084398366
2,0,4863,1789633754967122944,3812371084408124
2,0,4864,1789633754967132160,3812371084417879
2,0,4865,1789633754967142400,3812371084427624
2,0,4866,1789633754967151616,3812371084437389
2,0,4867,1789633754967161856,3812371084447131
2,0,4868,1789633754967171072,3812371084456873
2,0,4869,1789633754967181312,3812371084466639
2,0,4870,1789633754967190528,3812371084476401
2,0,4871,1789633754967200768,3812371084486140
2,0,4872,1789633754967209984,3812371084495969
2,0,4873,1789633754967220224,3812371084505664
2,0,4874,1789633754967229440,3812371084515399
2,0,4875,1789633754967239680,3812371084525162
2,0,4876,1789633754967248896,3812371084534936
2,0,4877,1789633754967259136,3812371084544691
2,0,4878,1789633754967268352,3812371084554419
2,0,4879,1789633754967278592,3812371084564169
2,0,4880,1789633754967287808,3812371084573946
2,0,4881,1789633754967298048,3812371084583680
2,0,4882,1789633754967308288,3812371084593449
2,0,4883,1789633754967317504,3812371084603196
2,0,4884,1789633754967327744,3812371084612956
2,0,4885,1789633754967336960,3812371084622699
2,0,4886,1789633754967347200,3812371084632464
2,0,4887,1789633754967356416,3812371084642192
2,0,4888,1789633754967366656,3812371084651876
2,0,4889,1789633754967375872,3812371084661736
2,0,4890,1789633754967386112,3812371084671512
2,0,4891,1789633754967395328,3812371084681239
2,0,4892,1789633754967405568,3812371084690986
2,0,4893,1789633754967414784,3812371084700746
2,0,4894,1789633754967425024,3812371084710504
2,0,4895,1789633754967434240,3812371084720243
2,0,4896,1789633754967444480,3812371084730002
2,0,4897,1789633754967453696,3812371084739766
2,0,4898,1789633754967463936,3812371084749516
2,0,4899,1789633754967473152,3812371084759266
2,0,4900,1789633754967483392,3812371084769018
2,0,4901,1789633754967492608,3812371084778782
2,0,4902,1789633754967502848,3812371084788539
2,0,4903,1789633754967513088,3812371084798289
2,0,4904,1789633754967522304,3812371084808066
2,0,4905,1789633754967532544,3812371084817799
2,0,4906,1789633754967541760,3812371084827539
2,0,4907,1789633754967552000,3812371084837297
2,0,4908,1789633754967561216,3812371084847062
2,0,4909,1789633754967571456,3812371084856819
2,0,4910,1789633754967580672,3812371084866561
2,0,4911,1789633754967590912,3812371084876319
2,0,4912,1789633754967600128,3812371084886076
2,0,4913,1789633754967610368,3812371084895836
2,0,4914,1789633754967619584,3812371084905579
2,0,4915,1789633754967629824,3812371084915346
2,0,4916,1789633754967639040,3812371084925076
2,0,4917,1789633754967649280,3812371084934849
2,0,4918,1789633754967658496,3812371084944596
2,0,4919,1789633754967668736,3812371084954349
2,0,4920,1789633754967677952,3812371084964096
2,0,4921,1789633754967688192,3812371084973869
2,0,4922,1789633754967698432,3812371084983631
2,0,4923,1789633754967707648,3812371084993369
2,0,4924,1789633754967717888,3812371085003126
2,0,4925,1789633754967727104,3812371085012881
2,0,4926,1789633754967737344,3812371085022636
2,0,4927,1789633754967746560,3812371085032379
2,0,4928,1789633754967756800,3812371085042136
2,0,4929,1789633754967766016,3812371085051944
2,0,4930,1789633754967776256,3812371085061651
2,0,4931,1789633754967785472,3812371085071386
2,0,4932,1789633754967795712,3812371085081162
2,0,4933,1789633754967804928,3812371085090911
2,0,4934,1789633754967815168,3812371085100662
2,0,4935,1789633754967824384,3812371085110416
2,0,4936,1789633754967834624,3812371085120144
2,0,4937,1789633754967843840,3812371085129916
2,0,4938,1789633754967854080,3812371085139669
2,0,4939,1789633754967863296,3812371085149442
2,0,4940,1789633754967873536,3812371085159199
2,0,4941,1789633754967882752,3812371085168932
2,0,4942,1789633754967892992,3812371085178706
2,0,4943,1789633754967903232,3812371085188446
2,0,4944,1789633754967912448,3812371085198219
2,0,4945,1789633754967922688,3812371085207989
2,0,4946,1789633754967931904,3812371085217692
2,0,4947,1789633754967942144,3812371085227461
2,0,4948,1789633754967951360,3812371085237229
2,0,4949,1789633754967961600,3812371085246996
2,0,4950,1789633754967970816,3812371085256731
2,0,4951,1789633754967981056,3812371085266496
2,0,4952,1789633754967990272,3812371085276249
2,0,4953,1789633754968000512,3812371085285989
2,0,4954,1789633754968009728,3812371085295752
2,0,4955,1789633754968019968,3812371085305491
2,0,4956,1789633754968029184,3812371085315253
2,0,4957,1789633754968039424,3812371085324969
2,0,4958,1789633754968048640,3812371085334779
2,0,4959,1789633754968058880,3812371085344504
2,0,4960,1789633754968068096,3812371085354256
2,0,4961,1789633754968078336,3812371085364022
2,0,4962,1789633754968088576,3812371085373782
2,0,4963,1789633754968097792,3812371085383529
2,0,4964,1789633754968108032,3812371085393306
2,0,4965,1789633754968117248,3812371085403036
2,0,4966,1789633754968127488,3812371085412786
2,0,4967,1789633754968136704,3812371085422561
2,0,4968,1789633754968146944,3812371085432316
2,0,4969,1789633754968156160,3812371085442066
2,0,4970,1789633754968166400,3812371085451816
2,0,4971,1789633754968175616,3812371085461566
2,0,4972,1789633754968185856,3812371085471321
2,0,4973,1789633754968195072,3812371085481079
2,0,4974,1789633754968205312,3812371085490812
2,0,4975,1789633754968214528,3812371085500589
2,0,4976,1789633754968224768,3812371085510339
2,0,4977,1789633754968233984,3812371085520096
2,0,4978,1789633754968244224,3812371085529813
2,0,4979,1789633754968253440,3812371085539616
2,0,4980,1789633754968263680,3812371085549369
2,0,4981,1789633754968273920,3812371085559096
2,0,4982,1789633754968283136,3812371085568856
2,0,4983,1789633754968293376,3812371085578604
2,0,4984,1789633754968302592,3812371085588363
2,0,4985,1789633754968312832,3812371085598156
2,0,4986,1789633754968322048,3812371085607881
2,0,4987,1789633754968332288,3812371085620643
2,0,4988,1789633754968341504,3812371085627394
2,0,4989,1789633754968351744,3812371085637178
2,0,4990,1789633754968360960,3812371085646891
2,0,4991,1789633754968371200,3812371085656649
2,0,4992,1789633754968380416,3812371085666406
2,0,4993,1789633754968390656,3812371085676183
2,0,4994,1789633754968399872,3812371085685906
2,0,4995,1789633754968410112,3812371085695656
2,0,4996,1789633754968419328,3812371085705429
2,0,4997,1789633754968429568,3812371085715187
2,0,4998,1789633754968438784,3812371085724936
2,0,4999,1789633754968449024,3812371085734691
2,0,5000,1789633754968458240,3812371085744443
2,0,5001,1789633754968468480,3812371085754194
2,0,5002,1789633754968478720,3812371085763939
2,0,5003,1789633754968487936,3812371085773712
2,0,5004,1789633754968498176,3812371085783456
2,0,5005,1789633754968507392,3812371085793216
2,0,5006,1789633754968517632,3812371085803004
2,0,5007,1789633754968526848,3812371085812716
2,0,5008,1789633754968537088,3812371085822504
2,0,5009,1789633754968546304,3812371085832216
2,0,5010,1789633754968556544,3812371085842024
2,0,5011,1789633754968565760,3812371085851739
2,0,5012,1789633754968576000,3812371085861489
2,0,5013,1789633754968585216,3812371085871239
2,0,5014,1789633754968595456,3812371085881019
2,0,5015,1789633754968604672,3812371085890751
2,0,5016,1789633754968614912,3812371085900504
2,0,5017,1789633754968624128,3812371085910276
2,0,5018,1789633754968634368,3812371085919996
2,0,5019,1789633754968643584,3812371085929766
2,0,5020,1789633754968653824,3812371085939529
2,0,5021,1789633754968664064,3812371085949292
2,0,5022,1789633754968673280,3812371085959039
2,0,5023,1789633754968683520,3812371085968774
2,0,5024,1789633754968692736,3812371085978519
2,0,5025,1789633754968702976,3812371085988291
2,0,5026,1789633754968712192,3812371085998049
2,0,5027,1789633754968722432,3812371086007806
2,0,5028,1789633754968731648,3812371086017572
2,0,5029,1789633754968741888,3812371086027299
2,0,5030,1789633754968751104,3812371086037066
2,0,5031,1789633754968761344,3812371086046829
2,0,5032,1789633754968770560,3812371086056571
2,0,5033,1789633754968780800,3812371086066336
2,0,5034,1789633754968790016,3812371086076069
2,0,5035,1789633754968800256,3812371086085845
2,0,5036,1789633754968809472,3812371086095571
2,0,5037,1789633754968819712,3812371086105352
2,0,5038,1789633754968828928,3812371086115111
2,0,5039,1789633754968839168,3812371086124844
2,0,5040,1789633754968849408,3812371086134602
2,0,5041,1789633754968858624,3812371086144306
2,0,5042,1789633754968868864,3812371086154112
2,0,5043,1789633754968878080,3812371086163866
2,0,5044,1789633754968888320,3812371086173632
2,0,5045,1789633754968897536,3812371086183389
2,0,5046,1789633754968907776,3812371086193116
2,0,5047,1789633754968916992,3812371086202879
2,0,5048,1789633754968927232,3812371086212639
2,0,5049,1789633754968936448,3812371086222396
2,0,5050,1789633754968946688,3812371086232141
2,0,5051,1789633754968955904,3812371086241953
2,0,5052,1789633754968966144,3812371086251665
2,0,5053,1789633754968975360,3812371086261421
2,0,5054,1789633754968985600,3812371086271154
2,0,5055,1789633754968994816,3812371086280949
2,0,5056,1789633754969005056,3812371086290676
2,0,5057,1789633754969014272,3812371086300429
2,0,5058,1789633754969024512,3812371086310251
2,0,5059,1789633754969033728,3812371086319936
2,0,5060,1789633754969043968,3812371086329696
2,0,5061,1789633754969054208,3812371086339431
2,0,5062,1789633754969063424,3812371086349162
2,0,5063,1789633754969073664,3812371086358962
2,0,5064,1789633754969082880,3812371086368691
2,0,5065,1789633754969093120,3812371086378462
2,0,5066,1789633754969102336,3812371086388219
2,0,5067,1789633754969112576,3812371086397976
2,0,5068,1789633754969121792,3812371086407726
2,0,5069,1789633754969132032,3812371086417456
2,0,5070,1789633754969141248,3812371086427243
2,0,5071,1789633754969151488,3812371086436999
2,0,5072,1789633754969160704,3812371086446736
2,0,5073,1789633754969170944,3812371086456499
2,0,5074,1789633754969180160,3812371086466261
2,0,5075,1789633754969190400,3812371086476029
2,0,5076,1789633754969199616,3812371086485789
2,0,5077,1789633754969209856,3812371086495516
2,0,5078,1789633754969219072,3812371086505259
2,0,5079,1789633754969229312,3812371086515016
2,0,5080,1789633754969239552,3812371086524774
2,0,5081,1789633754969248768,3812371086534536
2,0,5082,1789633754969259008,3812371086544292
2,0,5083,1789633754969268224,3812371086554019
2,0,5084,1789633754969278464,3812371086563816
2,0,5085,1789633754969287680,3812371086573531
2,0,5086,1789633754969297920,3812371086583289
2,0,5087,1789633754969307136,3812371086593046
2,0,5088,1789633754969317376,3812371086602811
2,0,5089,1789633754969326592,3812371086612562
2,0,5090,1789633754969336832,3812371086622319
2,0,5091,1789633754969346048,3812371086632069
2,0,5092,1789633754969356288,3812371086641819
2,0,5093,1789633754969365504,3812371086651569
2,0,5094,1789633754969375744,3812371086661346
2,0,5095,1789633754969384960,3812371086671099
2,0,5096,1789633754969395200,3812371086680832
2,0,5097,1789633754969404416,3812371086690589
2,0,5098,1789633754969414656,3812371086700356
2,0,5099,1789633754969424896,3812371086710099
2,0,5100,1789633754969434112,3812371086719849
2,0,5101,1789633754969444352,3812371086729622
2,0,5102,1789633754969453568,3812371086739369
2,0,5103,1789633754969463808,3812371086749100
2,0,5104,1789633754969473024,3812371086758849
2,0,5105,1789633754969483264,3812371086768656
2,0,5106,1789633754969492480,3812371086778380
2,0,5107,1789633754969502720,3812371086788149
2,0,5108,1789633754969511936,3812371086797879
2,0,5109,1789633754969522176,3812371086807656
2,0,5110,1789633754969531392,3812371086817386
2,0,5111,1789633754969541632,3812371086827161
2,0,5112,1789633754969550848,3812371086836899
2,0,5113,1789633754969561088,3812371086846674
2,0,5114,1789633754969570304,3812371086856411
2,0,5115,1789633754969580544,3812371086866189
2,0,5116,1789633754969589760,3812371086875931
2,0,5117,1789633754969600000,3812371086885666
2,0,5118,1789633754969610240,3812371086895427
2,0,5119,1789633754969619456,3812371086905196
2,0,5120,1789633754969629696,3812371086914939
2,0,5121,1789633754969638912,3812371086924681
2,0,5122,1789633754969649152,3812371086934482
2,0,5123,1789633754969658368,3812371086944216
2,0,5124,1789633754969668608,3812371086953952
2,0,5125,1789633754969677824,3812371086963712
2,0,5126,1789633754969688064,3812371086973476
2,0,5127,1789633754969697280,3812371086983219
2,0,5128,1789633754969707520,3812371086992977
2,0,5129,1789633754969716736,3812371087002716
2,0,5130,1789633754969726976,3812371087012489
2,0,5131,1789633754969736192,3812371087022239
2,0,5132,1789633754969746432,3812371087032006
2,0,5133,1789633754969755648,3812371087041739
2,0,5134,1789633754969765888,3812371087051506
2,0,5135,1789633754969775104,3812371087061249
2,0,5136,1789633754969785344,3812371087071022
2,0,5137,1789633754969794560,3812371087080756
2,0,5138,1789633754969804800,3812371087090506
2,0,5139,1789633754969815040,3812371087100259
2,0,5140,1789633754969824256,3812371087110056
2,0,5141,1789633754969834496,3812371087119774
2,0,5142,1789633754969843712,3812371087129536
2,0,5143,1789633754969853952,3812371087139282
2,0,5144,1789633754969863168,3812371087149042
2,0,5145,1789633754969873408,3812371087158799
2,0,5146,1789633754969882624,3812371087168539
2,0,5147,1789633754969892864,3812371087178316
2,0,5148,1789633754969902080,3812371087188066
2,0,5149,1789633754969912320,3812371087197816
2,0,5150,1789633754969921536,3812371087207591
2,0,5151,1789633754969931776,3812371087217329
2,0,5152,1789633754969940992,3812371087227089
2,0,5153,1789633754969951232,3812371087236816
2,0,5154,1789633754969960448,3812371087246589
2,0,5155,1789633754969970688,3812371087256322
2,0,5156,1789633754969979904,3812371087266089
2,0,5157,1789633754969990144,3812371087275845
2,0,5158,1789633754970000384,3812371087285611
2,0,5159,1789633754970009600,3812371087295361
2,0,5160,1789633754970019840,3812371087305109
2,0,5161,1789633754970029056,3812371087314862
2,0,5162,1789633754970039296,3812371087324621
2,0,5163,1789633754970048512,3812371087334386
2,0,5164,1789633754970058752,3812371087344112
2,0,5165,1789633754970067968,3812371087353876
2,0,5166,1789633754970078208,3812371087363636
2,0,5167,1789633754970087424,3812371087373399
2,0,5168,1789633754970097664,3812371087383156
2,0,5169,1789633754970106880,3812371087392896
2,0,5170,1789633754970117120,3812371087402653
2,0,5171,1789633754970126336,3812371087412429
2,0,5172,1789633754970136576,3812371087422179
2,0,5173,1789633754970145792,3812371087431954
2,0,5174,1789633754970156032,3812371087441664
2,0,5175,1789633754970165248,3812371087451436
2,0,5176,1789633754970175488,3812371087461169
2,0,5177,1789633754970184704,3812371087470926
2,0,5178,1789633754970194944,3812371087480686
2,0,5179,1789633754970205184,3812371087490443
2,0,5180,1789633754970214400,3812371087500249
2,0,5181,1789633754970224640,3812371087509928
2,0,5182,1789633754970233856,3812371087519711
2,0,5183,1789633754970244096,3812371087529469
2,0,5184,1789633754970253312,3812371087539186
2,0,5185,1789633754970263552,3812371087548948
2,0,5186,1789633754970272768,3812371087558723
2,0,5187,1789633754970283008,3812371087568476
2,0,5188,1789633754970292224,3812371087578232
2,0,5189,1789633754970302464,3812371087587989
2,0,5190,1789633754970311680,3812371087597739
2,0,5191,1789633754970321920,3812371087607491
2,0,5192,1789633754970331136,3812371087617232
2,0,5193,1789633754970341376,3812371087626996
2,0,5194,1789633754970350592,3812371087636761
2,0,5195,1789633754970360832,3812371087646473
2,0,5196,1789633754970370048,3812371087656277
2,0,5197,1789633754970380288,3812371087666004
2,0,5198,1789633754970390528,3812371087675768
2,0,5199,1789633754970399744,3812371087685522
2,0,5200,1789633754970409984,3812371087695286
2,0,5201,1789633754970419200,3812371087705018
2,0,5202,1789633754970429440,3812371087714774
2,0,5203,1789633754970438656,3812371087724542
2,0,5204,1789633754970448896,3812371087734299
2,0,5205,1789633754970458112,3812371087744049
2,0,5206,1789633754970468352,3812371087753806
2,0,5207,1789633754970477568,3812371087763556
2,0,5208,1789633754970487808,3812371087773311
2,0,5209,1789633754970497024,3812371087783064
2,0,5210,1789633754970507264,3812371087792828
2,0,5211,1789633754970516480,3812371087802592
2,0,5212,1789633754970526720,3812371087812326
2,0,5213,1789633754970535936,3812371087822078
2,0,5214,1789633754970546176,3812371087831836
2,0,5215,1789633754970555392,3812371087841576
2,0,5216,1789633754970565632,3812371087851352
2,0,5217,1789633754970575872,3812371087861072
2,0,5218,1789633754970585088,3812371087870841
2,0,5219,1789633754970595328,3812371087880601
2,0,5220,1789633754970604544,3812371087890352
2,0,5221,1789633754970614784,3812371087900116
2,0,5222,1789633754970624000,3812371087909862
2,0,5223,1789633754970634240,3812371087919592
2,0,5224,1789633754970643456,3812371087929364
2,0,5225,1789633754970653696,3812371087939132
2,0,5226,1789633754970662912,3812371087948881
2,0,5227,1789633754970673152,3812371087958615
2,0,5228,1789633754970682368,3812371087968389
2,0,5229,1789633754970692608,3812371087978139
2,0,5230,1789633754970701824,3812371087987888
2,0,5231,1789633754970712064,3812371087997664
2,0,5232,1789633754970721280,3812371088007416
2,0,5233,1789633754970731520,3812371088017161
2,0,5234,1789633754970740736,3812371088026916
2,0,5235,1789633754970750976,3812371088036676
2,0,5236,1789633754970760192,3812371088046412
2,0,5237,1789633754970770432,3812371088056187
2,0,5238,1789633754970780672,3812371088065927
2,0,5239,1789633754970789888,3812371088075679
2,0,5240,1789633754970800128,3812371088085438
2,0,5241,1789633754970809344,3812371088095202
2,0,5242,1789633754970819584,3812371088104938
2,0,5243,1789633754970828800,3812371088114694
2,0,5244,1789633754970839040,3812371088124426
2,0,5245,1789633754970848256,3812371088134226
2,0,5246,1789633754970858496,3812371088143964
2,0,5247,1789633754970867712,3812371088153718
2,0,5248,1789633754970877952,3812371088163468
2,0,5249,1789633754970887168,3812371088173236
2,0,5250,1789633754970897408,3812371088182964
2,0,5251,1789633754970906624,3812371088192736
2,0,5252,1789633754970916864,3812371088202521
2,0,5253,1789633754970926080,3812371088212272
2,0,5254,1789633754970936320,3812371088221994
2,0,5255,1789633754970945536,3812371088231761
2,0,5256,1789633754970955776,3812371088241520
2,0,5257,1789633754970966016,3812371088251281
2,0,5258,1789633754970975232,3812371088261022
2,0,5259,1789633754970985472,3812371088270789
2,0,5260,1789633754970994688,3812371088280529
2,0,5261,1789633754971004928,3812371088290282
2,0,5262,1789633754971014144,3812371088300038
2,0,5263,1789633754971024384,3812371088309788
2,0,5264,1789633754971033600,3812371088319547
2,0,5265,1789633754971043840,3812371088329289
2,0,5266,1789633754971053056,3812371088339065
2,0,5267,1789633754971063296,3812371088348814
2,0,5268,1789633754971072512,3812371088358556
2,0,5269,1789633754971082752,3812371088368312
2,0,5270,1789633754971091968,3812371088378076
2,0,5271,1789633754971102208,3812371088387814
2,0,5272,1789633754971111424,3812371088397586
2,0,5273,1789633754971121664,3812371088407326
2,0,5274,1789633754971130880,3812371088417078
2,0,5275,1789633754971141120,3812371088426836
2,0,5276,1789633754971151360,3812371088436589
2,0,5277,1789633754971160576,3812371088446346
2,0,5278,1789633754971170816,3812371088456096
2,0,5279,1789633754971180032,3812371088465854
2,0,5280,1789633754971190272,3812371088475588
2,0,5281,1789633754971199488,3812371088485364
2,0,5282,1789633754971209728,3812371088495121
2,0,5283,1789633754971218944,3812371088504885
2,0,5284,1789633754971229184,3812371088514632
2,0,5285,1789633754971238400,3812371088524378
2,0,5286,1789633754971248640,3812371088534137
2,0,5287,1789633754971257856,3812371088543882
2,0,5288,1789633754971268096,3812371088553644
2,0,5289,1789633754971277312,3812371088563386
2,0,5290,1789633754971287552,3812371088573148
2,0,5291,1789633754971296768,3812371088582922
2,0,5292,1789633754971307008,3812371088592636
2,0,5293,1789633754971316224,3812371088602429
2,0,5294,1789633754971326464,3812371088612162
2,0,5295,1789633754971335680,3812371088621962
2,0,5296,1789633754971345920,3812371088631666
2,0,5297,1789633754971356160,3812371088641432
2,0,5298,1789633754971365376,3812371088651196
2,0,5299,1789633754971375616,3812371088660962
2,0,5300,1789633754971384832,3812371088670682
2,0,5301,1789633754971395072,3812371088680468
2,0,5302,1789633754971404288,3812371088690252
2,0,5303,1789633754971414528,3812371088699968
2,0,5304,1789633754971423744,3812371088709694
2,0,5305,1789633754971433984,3812371088719461
2,0,5306,1789633754971443200,3812371088729211
2,0,5307,1789633754971453440,3812371088738966
2,0,5308,1789633754971462656,3812371088748752
2,0,5309,1789633754971472896,3812371088758502
2,0,5310,1789633754971482112,3812371088768218
2,0,5311,1789633754971492352,3812371088778012
2,0,5312,1789633754971501568,3812371088787742
2,0,5313,1789633754971511808,3812371088797502
2,0,5314,1789633754971521024,3812371088807246
2,0,5315,1789633754971531264,3812371088816999
2,0,5316,1789633754971541504,3812371088826756
2,0,5317,1789633754971550720,3812371088836496
2,0,5318,1789633754971560960,3812371088846249
2,0,5319,1789633754971570176,3812371088856031
2,0,5320,1789633754971580416,3812371088865771
2,0,5321,1789633754971589632,3812371088875536
2,0,5322,1789633754971599872,3812371088885289
2,0,5323,1789633754971609088,3812371088895044
2,0,5324,1789633754971619328,3812371088904798
2,0,5325,1789633754971628544,3812371088914536
2,0,5326,1789633754971638784,3812371088924294
2,0,5327,1789633754971648000,3812371088934051
2,0,5328,1789633754971658240,3812371088943811
2,0,5329,1789633754971667456,3812371088953566
2,0,5330,1789633754971677696,3812371088963331
2,0,5331,1789633754971686912,3812371088973056
2,0,5332,1789633754971697152,3812371088982826
2,0,5333,1789633754971706368,3812371088992591
2,0,5334,1789633754971716608,3812371089002331
2,0,5335,1789633754971725824,3812371089012091
2,0,5336,1789633754971736064,3812371089021838
2,0,5337,1789633754971746304,3812371089031598
2,0,5338,1789633754971755520,3812371089041361
2,0,5339,1789633754971765760,3812371089051081
2,0,5340,1789633754971774976,3812371089060864
2,0,5341,1789633754971785216,3812371089070606
2,0,5342,1789633754971794432,3812371089080366
2,0,5343,1789633754971804672,3812371089090118
2,0,5344,1789633754971813888,3812371089099886
2,0,5345,1789633754971824128,3812371089109627
2,0,5346,1789633754971833344,3812371089119371
2,0,5347,1789633754971843584,3812371089129146
2,0,5348,1789633754971852800,3812371089138891
2,0,5349,1789633754971863040,3812371089148653
2,0,5350,1789633754971872256,3812371089158396
2,0,5351,1789633754971882496,3812371089168164
2,0,5352,1789633754971891712,3812371089177891
2,0,5353,1789633754971901952,3812371089187656
2,0,5354,1789633754971911168,3812371089197421
2,0,5355,1789633754971921408,3812371089207174
2,0,5356,1789633754971931648,3812371089216921
2,0,5357,1789633754971940864,3812371089226676
2,0,5358,1789633754971951104,3812371089236444
2,0,5359,1789633754971960320,3812371089246189
2,0,5360,1789633754971970560,3812371089255941
2,0,5361,1789633754971979776,3812371089265711
2,0,5362,1789633754971990016,3812371089275439
2,0,5363,1789633754971999232,3812371089285211
2,0,5364,1789633754972009472,3812371089294951
2,0,5365,1789633754972018688,3812371089304728
2,0,5366,1789633754972028928,3812371089314466
2,0,5367,1789633754972038144,3812371089324231
2,0,5368,1789633754972048384,3812371089333961
2,0,5369,1789633754972057600,3812371089343724
2,0,5370,1789633754972067840,3812371089353481
2,0,5371,1789633754972077056,3812371089363238
2,0,5372,1789633754972087296,3812371089372989
2,0,5373,1789633754972096512,3812371089382751
2,0,5374,1789633754972106752,3812371089392488
2,0,5375,1789633754972116992,3812371089402271
2,0,5376,1789633754972126208,3812371089412006
2,0,5377,1789633754972136448,3812371089421761
2,0,5378,1789633754972145664,3812371089431516
2,0,5379,1789633754972155904,3812371089441276
2,0,5380,1789633754972165120,3812371089451026
2,0,5381,1789633754972175360,3812371089460776
2,0,5382,1789633754972184576,3812371089470554
2,0,5383,1789633754972194816,3812371089480274
2,0,5384,1789633754972204032,3812371089490026
2,0,5385,1789633754972214272,3812371089499776
2,0,5386,1789633754972223488,3812371089509556
2,0,5387,1789633754972233728,3812371089519296
2,0,5388,1789633754972242944,3812371089529058
2,0,5389,1789633754972253184,3812371089538796
2,0,5390,1789633754972262400,3812371089548564
2,0,5391,1789633754972272640,3812371089558321
2,0,5392,1789633754972281856,3812371089568081
2,0,5393,1789633754972292096,3812371089577838
2,0,5394,1789633754972301312,3812371089587586
2,0,5395,1789633754972311552,3812371089597336
2,0,5396,1789633754972321792,3812371089607111
2,0,5397,1789633754972331008,3812371089623448
2,0,5398,1789633754972341248,3812371089626591
2,0,5399,1789633754972350464,3812371089636341
2,0,5400,1789633754972360704,3812371089646116
2,0,5401,1789633754972369920,3812371089655869
2,0,5402,1789633754972380160,3812371089665626
2,0,5403,1789633754972389376,3812371089675369
2,0,5404,1789633754972399616,3812371089685124
2,0,5405,1789633754972408832,3812371089694883
2,0,5406,1789633754972419072,3812371089704606
2,0,5407,1789633754972428288,3812371089714396
2,0,5408,1789633754972438528,3812371089724126
2,0,5409,1789633754972447744,3812371089733911
2,0,5410,1789633754972457984,3812371089743638
2,0,5411,1789633754972467200,3812371089753414
2,0,5412,1789633754972477440,3812371089763161
2,0,5413,1789633754972486656,3812371089772914
2,0,5414,1789633754972496896,3812371089782671
2,0,5415,1789633754972507136,3812371089792416
2,0,5416,1789633754972516352,3812371089802176
2,0,5417,1789633754972526592,3812371089811964
2,0,5418,1789633754972535808,3812371089821669
2,0,5419,1789633754972546048,3812371089831438
2,0,5420,1789633754972555264,3812371089841176
2,0,5421,1789633754972565504,3812371089850964
2,0,5422,1789633754972574720,3812371089860691
2,0,5423,1789633754972584960,3812371089870441
2,0,5424,1789633754972594176,3812371089880251
2,0,5425,1789633754972604416,3812371089889978
2,0,5426,1789633754972613632,3812371089899721
2,0,5427,1789633754972623872,3812371089909468
2,0,5428,1789633754972633088,3812371089919206
2,0,5429,1789633754972643328,3812371089928978
2,0,5430,1789633754972652544,3812371089938736
2,0,5431,1789633754972662784,3812371089948501
2,0,5432,1789633754972672000,3812371089958246
2,0,5433,1789633754972682240,3812371089967988
2,0,5434,1789633754972692480,3812371089977746
2,0,5435,1789633754972701696,3812371089987516
2,0,5436,1789633754972711936,3812371089997243
2,0,5437,1789633754972721152,3812371090007011
2,0,5438,1789633754972731392,3812371090016766
2,0,5439,1789633754972740608,3812371090026528
2,0,5440,1789633754972750848,3812371090036266
2,0,5441,1789633754972760064,3812371090046024
2,0,5442,1789633754972770304,3812371090055789
2,0,5443,1789633754972779520,3812371090065528
2,0,5444,1789633754972789760,3812371090075288
2,0,5445,1789633754972798976,3812371090085046
2,0,5446,1789633754972809216,3812371090094816
2,0,5447,1789633754972818432,3812371090104551
2,0,5448,1789633754972828672,3812371090114336
2,0,5449,1789633754972837888,3812371090124061
2,0,5450,1789633754972848128,3812371090133811
2,0,5451,1789633754972857344,3812371090143561
2,0,5452,1789633754972867584,3812371090153354
2,0,5453,1789633754972876800,3812371090163068
2,0,5454,1789633754972887040,3812371090172848
2,0,5455,1789633754972897280,3812371090182600
2,0,5456,1789633754972906496,3812371090192356
2,0,5457,1789633754972916736,3812371090202090
2,0,5458,1789633754972925952,3812371090211848
2,0,5459,1789633754972936192,3812371090221605
2,0,5460,1789633754972945408,3812371090231378
2,0,5461,1789633754972955648,3812371090241106
2,0,5462,1789633754972964864,3812371090250856
2,0,5463,1789633754972975104,3812371090260606
2,0,5464,1789633754972984320,3812371090270388
2,0,5465,1789633754972994560,3812371090280128
2,0,5466,1789633754973003776,3812371090289876
2,0,5467,1789633754973014016,3812371090299636
2,0,5468,1789633754973023232,3812371090309386
2,0,5469,1789633754973033472,3812371090319131
2,0,5470,1789633754973042688,3812371090328911
2,0,5471,1789633754973052928,3812371090338661
2,0,5472,1789633754973062144,3812371090348412
2,0,5473,1789633754973072384,3812371090358156
2,0,5474,1789633754973082624,3812371090367924
2,0,5475,1789633754973091840,3812371090377668
2,0,5476,1789633754973102080,3812371090387431
2,0,5477,1789633754973111296,3812371090397196
2,0,5478,1789633754973121536,3812371090406929
2,0,5479,1789633754973130752,3812371090416681
2,0,5480,1789633754973140992,3812371090426438
2,0,5481,1789633754973150208,3812371090436214
2,0,5482,1789633754973160448,3812371090445934
2,0,5483,1789633754973169664,3812371090455688
2,0,5484,1789633754973179904,3812371090465411
2,0,5485,1789633754973189120,3812371090475218
2,0,5486,1789633754973199360,3812371090484966
2,0,5487,1789633754973208576,3812371090494711
2,0,5488,1789633754973218816,3812371090504476
2,0,5489,1789633754973228032,3812371090514246
2,0,5490,1789633754973238272,3812371090523968
2,0,5491,1789633754973247488,3812371090533751
2,0,5492,1789633754973257728,3812371090543491
2,0,5493,1789633754973267968,3812371090553248
2,0,5494,1789633754973277184,3812371090562999
2,0,5495,1789633754973287424,3812371090572756
2,0,5496,1789633754973296640,3812371090582496
2,0,5497,1789633754973306880,3812371090592249
2,0,5498,1789633754973316096,3812371090602013
2,0,5499,1789633754973326336,3812371090611778
2,0,5500,1789633754973335552,3812371090621526
2,0,5501,1789633754973345792,3812371090631268
2,0,5502,1789633754973355008,3812371090641036
2,0,5503,1789633754973365248,3812371090650782
2,0,5504,1789633754973374464,3812371090660588
2,0,5505,1789633754973384704,3812371090670246
2,0,5506,1789633754973393920,3812371090680056
2,0,5507,1789633754973404160,3812371090689791
2,0,5508,1789633754973413376,3812371090699542
2,0,5509,1789633754973423616,3812371090709311
2,0,5510,1789633754973432832,3812371090719066
2,0,5511,1789633754973443072,3812371090728823
2,0,5512,1789633754973452288,3812371090738589
2,0,5513,1789633754973462528,3812371090748323
2,0,5514,1789633754973472768,3812371090758082
2,0,5515,1789633754973481984,3812371090767838
2,0,5516,1789633754973492224,3812371090777614
2,0,5517,1789633754973501440,3812371090787347
2,0,5518,1789633754973511680,3812371090797111
2,0,5519,1789633754973520896,3812371090806838
2,0,5520,1789633754973531136,3812371090816611
2,0,5521,1789633754973540352,3812371090826346
2,0,5522,1789633754973550592,3812371090836114
2,0,5523,1789633754973559808,3812371090845861
2,0,5524,1789633754973570048,3812371090855619
2,0,5525,1789633754973579264,3812371090865376
2,0,5526,1789633754973589504,3812371090875104
2,0,5527,1789633754973598720,3812371090884898
2,0,5528,1789633754973608960,3812371090894631
2,0,5529,1789633754973618176,3812371090904391
2,0,5530,1789633754973628416,3812371090914149
2,0,5531,1789633754973637632,3812371090923904
2,0,5532,1789633754973647872,3812371090933656
2,0,5533,1789633754973658112,3812371090943429
2,0,5534,1789633754973667328,3812371090953180
2,0,5535,1789633754973677568,3812371090962898
2,0,5536,1789633754973686784,3812371090972678
2,0,5537,1789633754973697024,3812371090982456
2,0,5538,1789633754973706240,3812371090992179
2,0,5539,1789633754973716480,3812371091001948
2,0,5540,1789633754973725696,3812371091011681
2,0,5541,1789633754973735936,3812371091021457
2,0,5542,1789633754973745152,3812371091031238
2,0,5543,1789633754973755392,3812371091040936
2,0,5544,1789633754973764608,3812371091050711
2,0,5545,1789633754973774848,3812371091060451
2,0,5546,1789633754973784064,3812371091070248
2,0,5547,1789633754973794304,3812371091079975
2,0,5548,1789633754973803520,3812371091089736
2,0,5549,1789633754973813760,3812371091099478
2,0,5550,1789633754973822976,3812371091109231
2,0,5551,1789633754973833216,3812371091118996
2,0,5552,1789633754973843456,3812371091128716
2,0,5553,1789633754973852672,3812371091138516
2,0,5554,1789633754973862912,3812371091148268
2,0,5555,1789633754973872128,3812371091158011
2,0,5556,1789633754973882368,3812371091167764
2,0,5557,1789633754973891584,3812371091177503
2,0,5558,1789633754973901824,3812371091187276
2,0,5559,1789633754973911040,3812371091197016
2,0,5560,1789633754973921280,3812371091206768
2,0,5561,1789633754973930496,3812371091216554
2,0,5562,1789633754973940736,3812371091226281
2,0,5563,1789633754973949952,3812371091236026
2,0,5564,1789633754973960192,3812371091245798
2,0,5565,1789633754973969408,3812371091255555
2,0,5566,1789633754973979648,3812371091265288
2,0,5567,1789633754973988864,3812371091275026
2,0,5568,1789633754973999104,3812371091284800
2,0,5569,1789633754974008320,3812371091294554
2,0,5570,1789633754974018560,3812371091304306
2,0,5571,1789633754974027776,3812371091314056
2,0,5572,1789633754974038016,3812371091323828
2,0,5573,1789633754974048256,3812371091333578
2,0,5574,1789633754974057472,3812371091343336
2,0,5575,1789633754974067712,3812371091353086
2,0,5576,1789633754974076928,3812371091362838
2,0,5577,1789633754974087168,3812371091372581
2,0,5578,1789633754974096384,3812371091382346
2,0,5579,1789633754974106624,3812371091392116
2,0,5580,1789633754974115840,3812371091401861
2,0,5581,1789633754974126080,3812371091411618
2,0,5582,1789633754974135296,3812371091421388
2,0,5583,1789633754974145536,3812371091431121
2,0,5584,1789633754974154752,3812371091440869
2,0,5585,1789633754974164992,3812371091450611
2,0,5586,1789633754974174208,3812371091460388
2,0,5587,1789633754974184448,3812371091470124
2,0,5588,1789633754974193664,3812371091479886
2,0,5589,1789633754974203904,3812371091489606
2,0,5590,1789633754974213120,3812371091499416
2,0,5591,1789633754974223360,3812371091509166
2,0,5592,1789633754974233600,3812371091518899
2,0,5593,1789633754974242816,3812371091528668
2,0,5594,1789633754974253056,3812371091538396
2,0,5595,1789633754974262272,3812371091548176
2,0,5596,1789633754974272512,3812371091557926
2,0,5597,1789633754974281728,3812371091567681
2,0,5598,1789633754974291968,3812371091577426
2,0,5599,1789633754974301184,3812371091587178
2,0,5600,1789633754974311424,3812371091596954
2,0,5601,1789633754974320640,3812371091606691
2,0,5602,1789633754974330880,3812371091616424
2,0,5603,1789633754974340096,3812371091626236
2,0,5604,1789633754974350336,3812371091635963
2,0,5605,1789633754974359552,3812371091645729
2,0,5606,1789633754974369792,3812371091655451
2,0,5607,1789633754974379008,3812371091665218
2,0,5608,1789633754974389248,3812371091674981
2,0,5609,1789633754974398464,3812371091684736
2,0,5610,1789633754974408704,3812371091694448
2,0,5611,1789633754974417920,3812371091704261
2,0,5612,1789633754974428160,3812371091713976
2,0,5613,1789633754974438400,3812371091723736
2,0,5614,1789633754974447616,3812371091733500
2,0,5615,1789633754974457856,3812371091743278
2,0,5616,1789633754974467072,3812371091752991
2,0,5617,1789633754974477312,3812371091762766
2,0,5618,1789633754974486528,3812371091772521
2,0,5619,1789633754974496768,3812371091782278
2,0,5620,1789633754974505984,3812371091792028
2,0,5621,1789633754974516224,3812371091801781
2,0,5622,1789633754974525440,3812371091811536
2,0,5623,1789633754974535680,3812371091821269
2,0,5624,1789633754974544896,3812371091831106
2,0,5625,1789633754974555136,3812371091840811
2,0,5626,1789633754974564352,3812371091850548
2,0,5627,1789633754974574592,3812371091860311
2,0,5628,1789633754974583808,3812371091870069
2,0,5629,1789633754974594048,3812371091879793
2,0,5630,1789633754974603264,3812371091889546
2,0,5631,1789633754974613504,3812371091899291
2,0,5632,1789633754974623744,3812371091909096
2,0,5633,1789633754974632960,3812371091918819
2,0,5634,1789633754974643200,3812371091928588
2,0,5635,1789633754974652416,3812371091938354
2,0,5636,1789633754974662656,3812371091948076
2,0,5637,1789633754974671872,3812371091957841
2,0,5638,1789633754974682112,3812371091967606
2,0,5639,1789633754974691328,3812371091977349
2,0,5640,1789633754974701568,3812371091987096
2,0,5641,1789633754974710784,3812371091996856
2,0,5642,1789633754974721024,3812371092006606
2,0,5643,1789633754974730240,3812371092016363
2,0,5644,1789633754974740480,3812371092026121
2,0,5645,1789633754974749696,3812371092035871
2,0,5646,1789633754974759936,3812371092045660
2,0,5647,1789633754974769152,3812371092055386
2,0,5648,1789633754974779392,3812371092065136
2,0,5649,1789633754974788608,3812371092074886
2,0,5650,1789633754974798848,3812371092084651
2,0,5651,1789633754974809088,3812371092094411
2,0,5652,1789633754974818304,3812371092104136
2,0,5653,1789633754974828544,3812371092113901
2,0,5654,1789633754974837760,3812371092123661
2,0,5655,1789633754974848000,3812371092133431
2,0,5656,1789633754974857216,3812371092143188
2,0,5657,1789633754974867456,3812371092152931
2,0,5658,1789633754974876672,3812371092162681
2,0,5659,1789633754974886912,3812371092172431
2,0,5660,1789633754974896128,3812371092182198
2,0,5661,1789633754974906368,3812371092191961
2,0,5662,1789633754974915584,3812371092201691
2,0,5663,1789633754974925824,3812371092211464
2,0,5664,1789633754974935040,3812371092221214
2,0,5665,1789633754974945280,3812371092230965
2,0,5666,1789633754974954496,3812371092240718
2,0,5667,1789633754974964736,3812371092250476
2,0,5668,1789633754974973952,3812371092260243
2,0,5669,1789633754974984192,3812371092269978
2,0,5670,1789633754974993408,3812371092279721
2,0,5671,1789633754975003648,3812371092289488
2,0,5672,1789633754975013888,3812371092299236
2,0,5673,1789633754975023104,3812371092308991
2,0,5674,1789633754975033344,3812371092318748
2,0,5675,1789633754975042560,3812371092328506
2,0,5676,1789633754975052800,3812371092338238
2,0,5677,1789633754975062016,3812371092348014
2,0,5678,1789633754975072256,3812371092357756
2,0,5679,1789633754975081472,3812371092367506
2,0,5680,1789633754975091712,3812371092377256
2,0,5681,1789633754975100928,3812371092387036
2,0,5682,1789633754975111168,3812371092396788
2,0,5683,1789633754975120384,3812371092406544
2,0,5684,1789633754975130624,3812371092416276
2,0,5685,1789633754975139840,3812371092426056
2,0,5686,1789633754975150080,3812371092435793
2,0,5687,1789633754975159296,3812371092445548
2,0,5688,1789633754975169536,3812371092455316
2,0,5689,1789633754975178752,3812371092465061
2,0,5690,1789633754975188992,3812371092474811
2,0,5691,1789633754975199232,3812371092484566
2,0,5692,1789633754975208448,3812371092494331
2,0,5693,1789633754975218688,3812371092504081
2,0,5694,1789633754975227904,3812371092513831
2,0,5695,1789633754975238144,3812371092523574
2,0,5696,1789633754975247360,3812371092533323
2,0,5697,1789633754975257600,3812371092543081
2,0,5698,1789633754975266816,3812371092552861
2,0,5699,1789633754975277056,3812371092562626
2,0,5700,1789633754975286272,3812371092572346
2,0,5701,1789633754975296512,3812371092582111
2,0,5702,1789633754975305728,3812371092591961
2,0,5703,1789633754975315968,3812371092601611
2,0,5704,1789633754975325184,3812371092611382
2,0,5705,1789633754975335424,3812371092621136
2,0,5706,1789633754975344640,3812371092630891
2,0,5707,1789633754975354880,3812371092640616
2,0,5708,1789633754975364096,3812371092650398
2,0,5709,1789633754975374336,3812371092660248
2,0,5710,1789633754975384576,3812371092669876
2,0,5711,1789633754975393792,3812371092679646
2,0,5712,1789633754975404032,3812371092689424
2,0,5713,1789633754975413248,3812371092699166
2,0,5714,1789633754975423488,3812371092708904
2,0,5715,1789633754975432704,3812371092718669
2,0,5716,1789633754975442944,3812371092728436
2,0,5717,1789633754975452160,3812371092738168
2,0,5718,1789633754975462400,3812371092747936
2,0,5719,1789633754975471616,3812371092757690
2,0,5720,1789633754975481856,3812371092767444
2,0,5721,1789633754975491072,3812371092777199
2,0,5722,1789633754975501312,3812371092786936
2,0,5723,1789633754975510528,3812371092796716
2,0,5724,1789633754975520768,3812371092806456
2,0,5725,1789633754975529984,3812371092816228
2,0,5726,1789633754975540224,3812371092825960
2,0,5727,1789633754975549440,3812371092835738
2,0,5728,1789633754975559680,3812371092845470
2,0,5729,1789633754975568896,3812371092855238
2,0,5730,1789633754975579136,3812371092864989
2,0,5731,1789633754975589376,3812371092874738
2,0,5732,1789633754975598592,3812371092884490
2,0,5733,1789633754975608832,3812371092894263
2,0,5734,1789633754975618048,3812371092904001
2,0,5735,1789633754975628288,3812371092913761
2,0,5736,1789633754975637504,3812371092923510
2,0,5737,1789633754975647744,3812371092933276
2,0,5738,1789633754975656960,3812371092943004
2,0,5739,1789633754975667200,3812371092952766
2,0,5740,1789633754975676416,3812371092962514
2,0,5741,1789633754975686656,3812371092972298
2,0,5742,1789633754975695872,3812371092982018
2,0,5743,1789633754975706112,3812371092991798
2,0,5744,1789633754975715328,3812371093001548
2,0,5745,1789633754975725568,3812371093011290
2,0,5746,1789633754975734784,3812371093021048
2,0,5747,1789633754975745024,3812371093030806
2,0,5748,1789633754975754240,3812371093040564
2,0,5749,1789633754975764480,3812371093050301
2,0,5750,1789633754975774720,3812371093060068
2,0,5751,1789633754975783936,3812371093069828
2,0,5752,1789633754975794176,3812371093079569
2,0,5753,1789633754975803392,3812371093089328
2,0,5754,1789633754975813632,3812371093099086
2,0,5755,1789633754975822848,3812371093108836
2,0,5756,1789633754975833088,3812371093118594
2,0,5757,1789633754975842304,3812371093128326
2,0,5758,1789633754975852544,3812371093138128
2,0,5759,1789633754975861760,3812371093147841
2,0,5760,1789633754975872000,3812371093157616
2,0,5761,1789633754975881216,3812371093167365
2,0,5762,1789633754975891456,3812371093177138
2,0,5763,1789633754975900672,3812371093186854
2,0,5764,1789633754975910912,3812371093196638
2,0,5765,1789633754975920128,3812371093206389
2,0,5766,1789633754975930368,3812371093216138
2,0,5767,1789633754975939584,3812371093225891
2,0,5768,1789633754975949824,3812371093235638
2,0,5769,1789633754975960064,3812371093245389
2,0,5770,1789633754975969280,3812371093255160
2,0,5771,1789633754975979520,3812371093264886
2,0,5772,1789633754975988736,3812371093274676
2,0,5773,1789633754975998976,3812371093284396
2,0,5774,1789633754976008192,3812371093294186
2,0,5775,1789633754976018432,3812371093303918
2,0,5776,1789633754976027648,3812371093313691
2,0,5777,1789633754976037888,3812371093323418
2,0,5778,1789633754976047104,3812371093333173
2,0,5779,1789633754976057344,3812371093342940
2,0,5780,1789633754976066560,3812371093352696
2,0,5781,1789633754976076800,3812371093362448
2,0,5782,1789633754976086016,3812371093372196
2,0,5783,1789633754976096256,3812371093381943
2,0,5784,1789633754976105472,3812371093391696
2,0,5785,1789633754976115712,3812371093401448
2,0,5786,1789633754976124928,3812371093411236
2,0,5787,1789633754976135168,3812371093420978
2,0,5788,1789633754976144384,3812371093430720
2,0,5789,1789633754976154624,3812371093440466
2,0,5790,1789633754976164864,3812371093450236
2,0,5791,1789633754976174080,3812371093460000
2,0,5792,1789633754976184320,3812371093469740
2,0,5793,1789633754976193536,3812371093479510
2,0,5794,1789633754976203776,3812371093489260
2,0,5795,1789633754976212992,3812371093499010
2,0,5796,1789633754976223232,3812371093508760
2,0,5797,1789633754976232448,3812371093518538
2,0,5798,1789633754976242688,3812371093528271
2,0,5799,1789633754976251904,3812371093538016
2,0,5800,1789633754976262144,3812371093547774
2,0,5801,1789633754976271360,3812371093557524
2,0,5802,1789633754976281600,3812371093567266
2,0,5803,1789633754976290816,3812371093577036
2,0,5804,1789633754976301056,3812371093586804
2,0,5805,1789633754976310272,3812371093596538
2,0,5806,1789633754976320512,3812371093606295
2,0,5807,1789633754976329728,3812371093620570
2,0,5808,1789633754976339968,3812371093625820
2,0,5809,1789633754976350208,3812371093635569
2,0,5810,1789633754976359424,3812371093645318
2,0,5811,1789633754976369664,3812371093655068
2,0,5812,1789633754976378880,3812371093664826
2,0,5813,1789633754976389120,3812371093674580
2,0,5814,1789633754976398336,3812371093684341
2,0,5815,1789633754976408576,3812371093694076
2,0,5816,1789633754976417792,3812371093703846
2,0,5817,1789633754976428032,3812371093713600
2,0,5818,1789633754976437248,3812371093723349
2,0,5819,1789633754976447488,3812371093733099
2,0,5820,1789633754976456704,3812371093742848
2,0,5821,1789633754976466944,3812371093752623
2,0,5822,1789633754976476160,3812371093762389
2,0,5823,1789633754976486400,3812371093772104
2,0,5824,1789633754976495616,3812371093781946
2,0,5825,1789633754976505856,3812371093791614
2,0,5826,1789633754976515072,3812371093801378
2,0,5827,1789633754976525312,3812371093811140
2,0,5828,1789633754976535552,3812371093820898
2,0,5829,1789633754976544768,3812371093830656
2,0,5830,1789633754976555008,3812371093840393
2,0,5831,1789633754976564224,3812371093850161
2,0,5832,1789633754976574464,3812371093859916
2,0,5833,1789633754976583680,3812371093869658
2,0,5834,1789633754976593920,3812371093879416
2,0,5835,1789633754976603136,3812371093889158
2,0,5836,1789633754976613376,3812371093898921
2,0,5837,1789633754976622592,3812371093908679
2,0,5838,1789633754976632832,3812371093918436
2,0,5839,1789633754976642048,3812371093928196
2,0,5840,1789633754976652288,3812371093937936
2,0,5841,1789633754976661504,3812371093947696
2,0,5842,1789633754976671744,3812371093957466
2,0,5843,1789633754976680960,3812371093967226
2,0,5844,1789633754976691200,3812371093976971
2,0,5845,1789633754976700416,3812371093986691
2,0,5846,1789633754976710656,3812371093996468
2,0,5847,1789633754976719872,3812371094006218
2,0,5848,1789633754976730112,3812371094015976
2,0,5849,1789633754976740352,3812371094025728
2,0,5850,1789633754976749568,3812371094035486
2,0,5851,1789633754976759808,3812371094045248
2,0,5852,1789633754976769024,3812371094054996
2,0,5853,1789633754976779264,3812371094064746
2,0,5854,1789633754976788480,3812371094074498
2,0,5855,1789633754976798720,3812371094084263
2,0,5856,1789633754976807936,3812371094093990
2,0,5857,1789633754976818176,3812371094103756
2,0,5858,1789633754976827392,3812371094113518
2,0,5859,1789633754976837632,3812371094123271
2,0,5860,1789633754976846848,3812371094133036
2,0,5861,1789633754976857088,3812371094142776
2,0,5862,1789633754976866304,3812371094152513
2,0,5863,1789633754976876544,3812371094162300
2,0,5864,1789633754976885760,3812371094172040
2,0,5865,1789633754976896000,3812371094181793
2,0,5866,1789633754976905216,3812371094191548
2,0,5867,1789633754976915456,3812371094201301
2,0,5868,1789633754976925696,3812371094211055
2,0,5869,1789633754976934912,3812371094220810
2,0,5870,1789633754976945152,3812371094230568
2,0,5871,1789633754976954368,3812371094240323
2,0,5872,1789633754976964608,3812371094250079
2,0,5873,1789633754976973824,3812371094259826
2,0,5874,1789633754976984064,3812371094269589
2,0,5875,1789633754976993280,3812371094279310
2,0,5876,1789633754977003520,3812371094289090
2,0,5877,1789633754977012736,3812371094298847
2,0,5878,1789633754977022976,3812371094308617
2,0,5879,1789633754977032192,3812371094318349
2,0,5880,1789633754977042432,3812371094328117
2,0,5881,1789633754977051648,3812371094337856
2,0,5882,1789633754977061888,3812371094347619
2,0,5883,1789633754977071104,3812371094357366
2,0,5884,1789633754977081344,3812371094367126
2,0,5885,1789633754977090560,3812371094376877
2,0,5886,1789633754977100800,3812371094386637
2,0,5887,1789633754977111040,3812371094396376
2,0,5888,1789633754977120256,3812371094406149
2,0,5889,1789633754977130496,3812371094415893
2,0,5890,1789633754977139712,3812371094425643
2,0,5891,1789633754977149952,3812371094435411
2,0,5892,1789633754977159168,3812371094445178
2,0,5893,1789633754977169408,3812371094454899
2,0,5894,1789633754977178624,3812371094464663
2,0,5895,1789633754977188864,3812371094474451
2,0,5896,1789633754977198080,3812371094484178
2,0,5897,1789633754977208320,3812371094493921
2,0,5898,1789633754977217536,3812371094503707
2,0,5899,1789633754977227776,3812371094513436
2,0,5900,1789633754977236992,3812371094523189
2,0,5901,1789633754977247232,3812371094532929
2,0,5902,1789633754977256448,3812371094542694
2,0,5903,1789633754977266688,3812371094552481
2,0,5904,1789633754977275904,3812371094562207
2,0,5905,1789633754977286144,3812371094571966
2,0,5906,1789633754977296384,3812371094581771
2,0,5907,1789633754977305600,3812371094591491
2,0,5908,1789633754977315840,3812371094601214
2,0,5909,1789633754977325056,3812371094610973
2,0,5910,1789633754977335296,3812371094620738
2,0,5911,1789633754977344512,3812371094630512
2,0,5912,1789633754977354752,3812371094640239
2,0,5913,1789633754977363968,3812371094650011
2,0,5914,1789633754977374208,3812371094659746
2,0,5915,1789633754977383424,3812371094669496
2,0,5916,1789633754977393664,3812371094679254
2,0,5917,1789633754977402880,3812371094689032
2,0,5918,1789633754977413120,3812371094698763
2,0,5919,1789633754977422336,3812371094708518
2,0,5920,1789633754977432576,3812371094718276
2,0,5921,1789633754977441792,3812371094728027
2,0,5922,1789633754977452032,3812371094737777
2,0,5923,1789633754977461248,3812371094747549
2,0,5924,1789633754977471488,3812371094757299
2,0,5925,1789633754977480704,3812371094767048
2,0,5926,1789633754977490944,3812371094776799
2,0,5927,1789633754977501184,3812371094786571
2,0,5928,1789633754977510400,3812371094796298
2,0,5929,1789633754977520640,3812371094806071
2,0,5930,1789633754977529856,3812371094815831
2,0,5931,1789633754977540096,3812371094825573
2,0,5932,1789633754977549312,3812371094835331
2,0,5933,1789633754977559552,3812371094845076
2,0,5934,1789633754977568768,3812371094854857
2,0,5935,1789633754977579008,3812371094864564
2,0,5936,1789633754977588224,3812371094874329
2,0,5937,1789633754977598464,3812371094884116
2,0,5938,1789633754977607680,3812371094893846
2,0,5939,1789633754977617920,3812371094903611
2,0,5940,1789633754977627136,3812371094913360
2,0,5941,1789633754977637376,3812371094923117
2,0,5942,1789633754977646592,3812371094932866
2,0,5943,1789633754977656832,3812371094942616
2,0,5944,1789633754977666048,3812371094952388
2,0,5945,1789633754977676288,3812371094962121
2,0,5946,1789633754977686528,3812371094971956
2,0,5947,1789633754977695744,3812371094981616
2,0,5948,1789633754977705984,3812371094991411
2,0,5949,1789633754977715200,3812371095001117
2,0,5950,1789633754977725440,3812371095010888
2,0,5951,1789633754977734656,3812371095020669
2,0,5952,1789633754977744896,3812371095030401
2,0,5953,1789633754977754112,3812371095040153
2,0,5954,1789633754977764352,3812371095049903
2,0,5955,1789633754977773568,3812371095059671
2,0,5956,1789633754977783808,3812371095069419
2,0,5957,1789633754977793024,3812371095079171
2,0,5958,1789633754977803264,3812371095088947
2,0,5959,1789633754977812480,3812371095098686
2,0,5960,1789633754977822720,3812371095108426
2,0,5961,1789633754977831936,3812371095118196
2,0,5962,1789633754977842176,3812371095127957
2,0,5963,1789633754977851392,3812371095137707
2,0,5964,1789633754977861632,3812371095147471
2,0,5965,1789633754977870848,3812371095157199
2,0,5966,1789633754977881088,3812371095166979
2,0,5967,1789633754977891328,3812371095176706
2,0,5968,1789633754977900544,3812371095186473
2,0,5969,1789633754977910784,3812371095196236
2,0,5970,1789633754977920000,3812371095205987
2,0,5971,1789633754977930240,3812371095215741
2,0,5972,1789633754977939456,3812371095225486
2,0,5973,1789633754977949696,3812371095235256
2,0,5974,1789633754977958912,3812371095244978
2,0,5975,1789633754977969152,3812371095254751
2,0,5976,1789633754977978368,3812371095264498
2,0,5977,1789633754977988608,3812371095274266
2,0,5978,1789633754977997824,3812371095284019
2,0,5979,1789633754978008064,3812371095293781
2,0,5980,1789633754978017280,3812371095303539
2,0,5981,1789633754978027520,3812371095313281
2,0,5982,1789633754978036736,3812371095323039
2,0,5983,1789633754978046976,3812371095332796
2,0,5984,1789633754978056192,3812371095342546
2,0,5985,1789633754978066432,3812371095352313
2,0,5986,1789633754978076672,3812371095362069
2,0,5987,1789633754978085888,3812371095371813
2,0,5988,1789633754978096128,3812371095381546
2,0,5989,1789633754978105344,3812371095391329
2,0,5990,1789633754978115584,3812371095401063
2,0,5991,1789633754978124800,3812371095410818
2,0,5992,1789633754978135040,3812371095420576
2,0,5993,1789633754978144256,3812371095430351
2,0,5994,1789633754978154496,3812371095440096
2,0,5995,1789633754978163712,3812371095449839
2,0,5996,1789633754978173952,3812371095459578
2,0,5997,1789633754978183168,3812371095469336
2,0,5998,1789633754978193408,3812371095479096
2,0,5999,1789633754978202624,3812371095488856
2,0,6000,1789633754978212864,3812371095498661
2,0,6001,1789633754978222080,3812371095508359
2,0,6002,1789633754978232320,3812371095518141
2,0,6003,1789633754978241536,3812371095527866
2,0,6004,1789633754978251776,3812371095537628
2,0,6005,1789633754978260992,3812371095547378
2,0,6006,1789633754978271232,3812371095557126
2,0,6007,1789633754978281472,3812371095566896
2,0,6008,1789633754978290688,3812371095576656
2,0,6009,1789633754978300928,3812371095586411
2,0,6010,1789633754978310144,3812371095596143
2,0,6011,1789633754978320384,3812371095605894
2,0,6012,1789633754978329600,3812371095615661
2,0,6013,1789633754978339840,3812371095625411
2,0,6014,1789633754978349056,3812371095635173
2,0,6015,1789633754978359296,3812371095644931
2,0,6016,1789633754978368512,3812371095654666
2,0,6017,1789633754978378752,3812371095664416
2,0,6018,1789633754978387968,3812371095674189
2,0,6019,1789633754978398208,3812371095683941
2,0,6020,1789633754978407424,3812371095693711
2,0,6021,1789633754978417664,3812371095703439
2,0,6022,1789633754978426880,3812371095713204
2,0,6023,1789633754978437120,3812371095722939
2,0,6024,1789633754978446336,3812371095732713
2,0,6025,1789633754978456576,3812371095742469
2,0,6026,1789633754978466816,3812371095752211
2,0,6027,1789633754978476032,3812371095761971
2,0,6028,1789633754978486272,3812371095771726
2,0,6029,1789633754978495488,3812371095781486
2,0,6030,1789633754978505728,3812371095791226
2,0,6031,1789633754978514944,3812371095800996
2,0,6032,1789633754978525184,3812371095810719
2,0,6033,1789633754978534400,3812371095820489
2,0,6034,1789633754978544640,3812371095830249
2,0,6035,1789633754978553856,3812371095840006
2,0,6036,1789633754978564096,3812371095849756
2,0,6037,1789633754978573312,3812371095859514
2,0,6038,1789633754978583552,3812371095869246
2,0,6039,1789633754978592768,3812371095879026
2,0,6040,1789633754978603008,3812371095888779
2,0,6041,1789633754978612224,3812371095898529
2,0,6042,1789633754978622464,3812371095908270
2,0,6043,1789633754978631680,3812371095918043
2,0,6044,1789633754978641920,3812371095927771
2,0,6045,1789633754978652160,3812371095937541
2,0,6046,1789633754978661376,3812371095947314
2,0,6047,1789633754978671616,3812371095957051
2,0,6048,1789633754978680832,3812371095966796
2,0,6049,1789633754978691072,3812371095976548
2,0,6050,1789633754978700288,3812371095986314
2,0,6051,1789633754978710528,3812371095996096
2,0,6052,1789633754978719744,3812371096005821
2,0,6053,1789633754978729984,3812371096015536
2,0,6054,1789633754978739200,3812371096025339
2,0,6055,1789633754978749440,3812371096035076
2,0,6056,1789633754978758656,3812371096044846
2,0,6057,1789633754978768896,3812371096054588
2,0,6058,1789633754978778112,3812371096064338
2,0,6059,1789633754978788352,3812371096074096
2,0,6060,1789633754978797568,3812371096083876
2,0,6061,1789633754978807808,3812371096093606
2,0,6062,1789633754978817024,3812371096103361
2,0,6063,1789633754978827264,3812371096113116
2,0,6064,1789633754978837504,3812371096122873
2,0,6065,1789633754978846720,3812371096132629
2,0,6066,1789633754978856960,3812371096142376
2,0,6067,1789633754978866176,3812371096152153
2,0,6068,1789633754978876416,3812371096161943
2,0,6069,1789633754978885632,3812371096171656
2,0,6070,1789633754978895872,3812371096181406
2,0,6071,1789633754978905088,3812371096191156
2,0,6072,1789633754978915328,3812371096200903
2,0,6073,1789633754978924544,3812371096210656
2,0,6074,1789633754978934784,3812371096220400
2,0,6075,1789633754978944000,3812371096230248
2,0,6076,1789633754978954240,3812371096239936
2,0,6077,1789633754978963456,3812371096249679
2,0,6078,1789633754978973696,3812371096259460
2,0,6079,1789633754978982912,3812371096269176
2,0,6080,1789633754978993152,3812371096278928
2,0,6081,1789633754979002368,3812371096288686
2,0,6082,1789633754979012608,3812371096298461
2,0,6083,1789633754979021824,3812371096308199
2,0,6084,1789633754979032064,3812371096317966
2,0,6085,1789633754979042304,3812371096327711
2,0,6086,1789633754979051520,3812371096337466
2,0,6087,1789633754979061760,3812371096347218
2,0,6088,1789633754979070976,3812371096356988
2,0,6089,1789633754979081216,3812371096366746
2,0,6090,1789633754979090432,3812371096376486
2,0,6091,1789633754979100672,3812371096386236
2,0,6092,1789633754979109888,3812371096395993
2,0,6093,1789633754979120128,3812371096405739
2,0,6094,1789633754979129344,3812371096415491
2,0,6095,1789633754979139584,3812371096425260
2,0,6096,1789633754979148800,3812371096435011
2,0,6097,1789633754979159040,3812371096444761
2,0,6098,1789633754979168256,3812371096454516
2,0,6099,1789633754979178496,3812371096464276
2,0,6100,1789633754979187712,3812371096474036
2,0,6101,1789633754979197952,3812371096483781
2,0,6102,1789633754979207168,3812371096493580
2,0,6103,1789633754979217408,3812371096503286
2,0,6104,1789633754979227648,3812371096513036
2,0,6105,1789633754979236864,3812371096522793
2,0,6106,1789633754979247104,3812371096532556
2,0,6107,1789633754979256320,3812371096542319
2,0,6108,1789633754979266560,3812371096552056
2,0,6109,1789633754979275776,3812371096561821
2,0,6110,1789633754979286016,3812371096571581
2,0,6111,1789633754979295232,3812371096581329
2,0,6112,1789633754979305472,3812371096591069
2,0,6113,1789633754979314688,3812371096600836
2,0,6114,1789633754979324928,3812371096610596
2,0,6115,1789633754979334144,3812371096620333
2,0,6116,1789633754979344384,3812371096630093
2,0,6117,1789633754979353600,3812371096639851
2,0,6118,1789633754979363840,3812371096649603
2,0,6119,1789633754979373056,3812371096659361
2,0,6120,1789633754979383296,3812371096669116
2,0,6121,1789633754979392512,3812371096678861
2,0,6122,1789633754979402752,3812371096688621
2,0,6123,1789633754979411968,3812371096698373
2,0,6124,1789633754979422208,3812371096708131
2,0,6125,1789633754979432448,3812371096717874
2,0,6126,1789633754979441664,3812371096727639
2,0,6127,1789633754979451904,3812371096737379
2,0,6128,1789633754979461120,3812371096747139
2,0,6129,1789633754979471360,3812371096756876
2,0,6130,1789633754979480576,3812371096766670
2,0,6131,1789633754979490816,3812371096776396
2,0,6132,1789633754979500032,3812371096786153
2,0,6133,1789633754979510272,3812371096795911
2,0,6134,1789633754979519488,3812371096805661
2,0,6135,1789633754979529728,3812371096815411
2,0,6136,1789633754979538944,3812371096825161
2,0,6137,1789633754979549184,3812371096834888
2,0,6138,1789633754979558400,3812371096844688
2,0,6139,1789633754979568640,3812371096854416
2,0,6140,1789633754979577856,3812371096864198
2,0,6141,1789633754979588096,3812371096873956
2,0,6142,1789633754979597312,3812371096883689
2,0,6143,1789633754979607552,3812371096893448
2,0,6144,1789633754979617792,3812371096903223
2,0,6145,1789633754979627008,3812371096912961
2,0,6146,1789633754979637248,3812371096922720
2,0,6147,1789633754979646464,3812371096932466
2,0,6148,1789633754979656704,3812371096942228
2,0,6149,1789633754979665920,3812371096951971
2,0,6150,1789633754979676160,3812371096961736
2,0,6151,1789633754979685376,3812371096971481
2,0,6152,1789633754979695616,3812371096981243
2,0,6153,1789633754979704832,3812371096990978
2,0,6154,1789633754979715072,3812371097000736
2,0,6155,1789633754979724288,3812371097010511
2,0,6156,1789633754979734528,3812371097020250
2,0,6157,1789633754979743744,3812371097030010
2,0,6158,1789633754979753984,3812371097039728
2,0,6159,1789633754979763200,3812371097049532
2,0,6160,1789633754979773440,3812371097059261
2,0,6161,1789633754979782656,3812371097069016
2,0,6162,1789633754979792896,3812371097078770
2,0,6163,1789633754979802112,3812371097088546
2,0,6164,1789633754979812352,3812371097098289
2,0,6165,1789633754979822592,3812371097108068
2,0,6166,1789633754979831808,3812371097117806
2,0,6167,1789633754979842048,3812371097127538
2,0,6168,1789633754979851264,3812371097137296
2,0,6169,1789633754979861504,3812371097147076
2,0,6170,1789633754979870720,3812371097156820
2,0,6171,1789633754979880960,3812371097166560
2,0,6172,1789633754979890176,3812371097176358
2,0,6173,1789633754979900416,3812371097186093
2,0,6174,1789633754979909632,3812371097195826
2,0,6175,1789633754979919872,3812371097205576
2,0,6176,1789633754979929088,3812371097215353
2,0,6177,1789633754979939328,3812371097225080
2,0,6178,1789633754979948544,3812371097234836
2,0,6179,1789633754979958784,3812371097244546
2,0,6180,1789633754979968000,3812371097254348
2,0,6181,1789633754979978240,3812371097264106
2,0,6182,1789633754979987456,3812371097273868
2,0,6183,1789633754979997696,3812371097283626
2,0,6184,1789633754980007936,3812371097293378
2,0,6185,1789633754980017152,3812371097303136
2,0,6186,1789633754980027392,3812371097312885
2,0,6187,1789633754980036608,3812371097322636
2,0,6188,1789633754980046848,3812371097332400
2,0,6189,1789633754980056064,3812371097342148
2,0,6190,1789633754980066304,3812371097351961
2,0,6191,1789633754980075520,3812371097361644
2,0,6192,1789633754980085760,3812371097371410
2,0,6193,1789633754980094976,3812371097381153
2,0,6194,1789633754980105216,3812371097390920
2,0,6195,1789633754980114432,3812371097400636
2,0,6196,1789633754980124672,3812371097410420
2,0,6197,1789633754980133888,3812371097420250
2,0,6198,1789633754980144128,3812371097429946
2,0,6199,1789633754980153344,3812371097439666
2,0,6200,1789633754980163584,3812371097449433
2,0,6201,1789633754980172800,3812371097459203
2,0,6202,1789633754980183040,3812371097468953
2,0,6203,1789633754980193280,3812371097478703
2,0,6204,1789633754980202496,3812371097488461
2,0,6205,1789633754980212736,3812371097498211
2,0,6206,1789633754980221952,3812371097507968
2,0,6207,1789633754980232192,3812371097517718
2,0,6208,1789633754980241408,3812371097527473
2,0,6209,1789633754980251648,3812371097537216
2,0,6210,1789633754980260864,3812371097546986
2,0,6211,1789633754980271104,3812371097556729
2,0,6212,1789633754980280320,3812371097566496
2,0,6213,1789633754980290560,3812371097576249
2,0,6214,1789633754980299776,3812371097585980
2,0,6215,1789633754980310016,3812371097595763
2,0,6216,1789633754980319232,3812371097605513
2,0,6217,1789633754980329472,3812371097615260
2,0,6218,1789633754980338688,3812371097625022
2,0,6219,1789633754980348928,3812371097634793
2,0,6220,1789633754980358144,3812371097644521
2,0,6221,1789633754980368384,3812371097654278
2,0,6222,1789633754980378624,3812371097664043
2,0,6223,1789633754980387840,3812371097673778
2,0,6224,1789633754980398080,3812371097683533
2,0,6225,1789633754980407296,3812371097693300
2,0,6226,1789633754980417536,3812371097703030
2,0,6227,1789633754980426752,3812371097712810
2,0,6228,1789633754980436992,3812371097722540
2,0,6229,1789633754980446208,3812371097732330
2,0,6230,1789633754980456448,3812371097742056
2,0,6231,1789633754980465664,3812371097751821
2,0,6232,1789633754980475904,3812371097761591
2,0,6233,1789633754980485120,3812371097771331
2,0,6234,1789633754980495360,3812371097781091
2,0,6235,1789633754980504576,3812371097790823
2,0,6236,1789633754980514816,3812371097800588
2,0,6237,1789633754980524032,3812371097810346
2,0,6238,1789633754980534272,3812371097820111
2,0,6239,1789633754980543488,3812371097829873
2,0,6240,1789633754980553728,3812371097839616
2,0,6241,1789633754980562944,3812371097849369
2,0,6242,1789633754980573184,3812371097859118
2,0,6243,1789633754980583424,3812371097868879
2,0,6244,1789633754980592640,3812371097878611
2,0,6245,1789633754980602880,3812371097888378
2,0,6246,1789633754980612096,3812371097898126
2,0,6247,1789633754980622336,3812371097907890
2,0,6248,1789633754980631552,3812371097917623
2,0,6249,1789633754980641792,3812371097927389
2,0,6250,1789633754980651008,3812371097937156
2,0,6251,1789633754980661248,3812371097946906
2,0,6252,1789633754980670464,3812371097956648
2,0,6253,1789633754980680704,3812371097966406
2,0,6254,1789633754980689920,3812371097976178
2,0,6255,1789633754980700160,3812371097985919
2,0,6256,1789633754980709376,3812371097995686
2,0,6257,1789633754980719616,3812371098005431
2,0,6258,1789633754980728832,3812371098015199
2,0,6259,1789633754980739072,3812371098024943
2,0,6260,1789633754980748288,3812371098034693
2,0,6261,1789633754980758528,3812371098044461
2,0,6262,1789633754980768768,3812371098054228
2,0,6263,1789633754980777984,3812371098063961
2,0,6264,1789633754980788224,3812371098073716
2,0,6265,1789633754980797440,3812371098083456
2,0,6266,1789633754980807680,3812371098093211
2,0,6267,1789633754980816896,3812371098102978
2,0,6268,1789633754980827136,3812371098112736
2,0,6269,1789633754980836352,3812371098122473
2,0,6270,1789633754980846592,3812371098132238
2,0,6271,1789633754980855808,3812371098141993
2,0,6272,1789633754980866048,3812371098151756
2,0,6273,1789633754980875264,3812371098161489
2,0,6274,1789633754980885504,3812371098171262
2,0,6275,1789633754980894720,3812371098180989
2,0,6276,1789633754980904960,3812371098190761
2,0,6277,1789633754980914176,3812371098200496
2,0,6278,1789633754980924416,3812371098210269
2,0,6279,1789633754980933632,3812371098220019
2,0,6280,1789633754980943872,3812371098229766
2,0,6281,1789633754980954112,3812371098239538
2,0,6282,1789633754980963328,3812371098249276
2,0,6283,1789633754980973568,3812371098259038
2,0,6284,1789633754980982784,3812371098268786
2,0,6285,1789633754980993024,3812371098278576
2,0,6286,1789633754981002240,3812371098288298
2,0,6287,1789633754981012480,3812371098298068
2,0,6288,1789633754981021696,3812371098307799
2,0,6289,1789633754981031936,3812371098317570
2,0,6290,1789633754981041152,3812371098327306
2,0,6291,1789633754981051392,3812371098337071
2,0,6292,1789633754981060608,3812371098346831
2,0,6293,1789633754981070848,3812371098356570
2,0,6294,1789633754981080064,3812371098366306
2,0,6295,1789633754981090304,3812371098376088
2,0,6296,1789633754981099520,3812371098385861
2,0,6297,1789633754981109760,3812371098395600
2,0,6298,1789633754981118976,3812371098405336
2,0,6299,1789633754981129216,3812371098415118
2,0,6300,1789633754981138432,3812371098424860
2,0,6301,1789633754981148672,3812371098434646
2,0,6302,1789633754981158912,3812371098444349
2,0,6303,1789633754981168128,3812371098454128
2,0,6304,1789633754981178368,3812371098463861
2,0,6305,1789633754981187584,3812371098473623
2,0,6306,1789633754981197824,3812371098483380
2,0,6307,1789633754981207040,3812371098493137
2,0,6308,1789633754981217280,3812371098502873
2,0,6309,1789633754981226496,3812371098512628
2,0,6310,1789633754981236736,3812371098522411
2,0,6311,1789633754981245952,3812371098532138
2,0,6312,1789633754981256192,3812371098541963
2,0,6313,1789633754981265408,3812371098551661
2,0,6314,1789633754981275648,3812371098561410
2,0,6315,1789633754981284864,3812371098571161
2,0,6316,1789633754981295104,3812371098580926
2,0,6317,1789633754981304320,3812371098590686
2,0,6318,1789633754981314560,3812371098600419
2,0,6319,1789633754981323776,3812371098610250
2,0,6320,1789633754981334016,3812371098619949
2,0,6321,1789633754981344256,3812371098629690
2,0,6322,1789633754981353472,3812371098639448
2,0,6323,1789633754981363712,3812371098649208
2,0,6324,1789633754981372928,3812371098658956
2,0,6325,1789633754981383168,3812371098668696
2,0,6326,1789633754981392384,3812371098678456
2,0,6327,1789633754981402624,3812371098688213
2,0,6328,1789633754981411840,3812371098697978
2,0,6329,1789633754981422080,3812371098707719
2,0,6330,1789633754981431296,3812371098717536
2,0,6331,1789633754981441536,3812371098727322
2,0,6332,1789633754981450752,3812371098737086
2,0,6333,1789633754981460992,3812371098746810
2,0,6334,1789633754981470208,3812371098756581
2,0,6335,1789633754981480448,3812371098766348
2,0,6336,1789633754981490688,3812371098776096
2,0,6337,1789633754981499904,3812371098785873
2,0,6338,1789633754981510144,3812371098795643
2,0,6339,1789633754981519360,3812371098805411
2,0,6340,1789633754981529600,3812371098815161
2,0,6341,1789633754981538816,3812371098824936
2,0,6342,1789633754981549056,3812371098834666
2,0,6343,1789633754981558272,3812371098844398
2,0,6344,1789633754981568512,3812371098854180
2,0,6345,1789633754981577728,3812371098863938
2,0,6346,1789633754981587968,3812371098873696
2,0,6347,1789633754981597184,3812371098883460
2,0,6348,1789633754981607424,3812371098893219
2,0,6349,1789633754981616640,3812371098902963
2,0,6350,1789633754981626880,3812371098912716
2,0,6351,1789633754981636096,3812371098922486
2,0,6352,1789633754981646336,3812371098932236
2,0,6353,1789633754981655552,3812371098942032
2,0,6354,1789633754981665792,3812371098951786
2,0,6355,1789633754981676032,3812371098961526
2,0,6356,1789633754981685248,3812371098971310
2,0,6357,1789633754981695488,3812371098981061
2,0,6358,1789633754981704704,3812371098990816
2,0,6359,1789633754981714944,3812371099000549
2,0,6360,1789633754981724160,3812371099010323
2,0,6361,1789633754981734400,3812371099020064
2,0,6362,1789633754981743616,3812371099029838
2,0,6363,1789633754981753856,3812371099039603
2,0,6364,1789633754981763072,3812371099049316
2,0,6365,1789633754981773312,3812371099059081
2,0,6366,1789633754981782528,3812371099068846
2,0,6367,1789633754981792768,3812371099078611
2,0,6368,1789633754981801984,3812371099088369
2,0,6369,1789633754981812224,3812371099098135
2,0,6370,1789633754981821440,3812371099107905
