schema_version,trial,sample,gpu_ns,cpu_observed_ns
2,0,0,1789633759136056320,3812375253420550
2,0,1,1789633759136067584,3812375253431276
2,0,2,1789633759136078848,3812375253441981
2,0,3,1789633759136089088,3812375253452684
2,0,4,1789633759136100352,3812375253463410
2,0,5,1789633759136110592,3812375253474109
2,0,6,1789633759136121856,3812375253484956
2,0,7,1789633759136132096,3812375253495589
2,0,8,1789633759136143360,3812375253506330
2,0,9,1789633759136153600,3812375253517041
2,0,10,1789633759136164864,3812375253527786
2,0,11,1789633759136175104,3812375253538504
2,0,12,1789633759136185344,3812375253549261
2,0,13,1789633759136196608,3812375253559966
2,0,14,1789633759136206848,3812375253570678
2,0,15,1789633759136218112,3812375253581390
2,0,16,1789633759136228352,3812375253592253
2,0,17,1789633759136239616,3812375253602893
2,0,18,1789633759136249856,3812375253613669
2,0,19,1789633759136261120,3812375253661618
2,0,20,1789633759136271360,3812375253661618
2,0,21,1789633759136282624,3812375253661618
2,0,22,1789633759136292864,3812375253661618
2,0,23,1789633759136304128,3812375253667333
2,0,24,1789633759136314368,3812375253678053
2,0,25,1789633759136325632,3812375253688778
2,0,26,1789633759136335872,3812375253699504
2,0,27,1789633759136347136,3812375253710210
2,0,28,1789633759136357376,3812375253720941
2,0,29,1789633759136368640,3812375253731664
2,0,30,1789633759136378880,3812375253742401
2,0,31,1789633759136390144,3812375253753124
2,0,32,1789633759136400384,3812375253763864
2,0,33,1789633759136411648,3812375253774586
2,0,34,1789633759136421888,3812375253785301
2,0,35,1789633759136432128,3812375253796018
2,0,36,1789633759136443392,3812375253806753
2,0,37,1789633759136453632,3812375253817478
2,0,38,1789633759136464896,3812375253828209
2,0,39,1789633759136475136,3812375253838946
2,0,40,1789633759136486400,3812375253849693
2,0,41,1789633759136496640,3812375253860413
2,0,42,1789633759136507904,3812375253871138
2,0,43,1789633759136518144,3812375253881864
2,0,44,1789633759136529408,3812375253892593
2,0,45,1789633759136539648,3812375253903298
2,0,46,1789633759136550912,3812375253914061
2,0,47,1789633759136561152,3812375253924786
2,0,48,1789633759136572416,3812375253935506
2,0,49,1789633759136582656,3812375253946236
2,0,50,1789633759136593920,3812375253957037
2,0,51,1789633759136604160,3812375253967642
2,0,52,1789633759136615424,3812375253978376
2,0,53,1789633759136625664,3812375253989077
2,0,54,1789633759136636928,3812375253999846
2,0,55,1789633759136647168,3812375254010569
2,0,56,1789633759136658432,3812375254021295
2,0,57,1789633759136668672,3812375254032012
2,0,58,1789633759136678912,3812375254042699
2,0,59,1789633759136690176,3812375254053332
2,0,60,1789633759136700416,3812375254064096
2,0,61,1789633759136711680,3812375254074738
2,0,62,1789633759136721920,3812375254085553
2,0,63,1789633759136733184,3812375254096258
2,0,64,1789633759136743424,3812375254106990
2,0,65,1789633759136754688,3812375254117670
2,0,66,1789633759136764928,3812375254128449
2,0,67,1789633759136776192,3812375254139182
2,0,68,1789633759136786432,3812375254149906
2,0,69,1789633759136797696,3812375254160625
2,0,70,1789633759136807936,3812375254171362
2,0,71,1789633759136819200,3812375254182091
2,0,72,1789633759136829440,3812375254192802
2,0,73,1789633759136839680,3812375254203611
2,0,74,1789633759136850944,3812375254214435
2,0,75,1789633759136862208,3812375254225144
2,0,76,1789633759136872448,3812375254235892
2,0,77,1789633759136883712,3812375254246595
2,0,78,1789633759136893952,3812375254257352
2,0,79,1789633759136904192,3812375254268031
2,0,80,1789633759136915456,3812375254278824
2,0,81,1789633759136925696,3812375254289517
2,0,82,1789633759136936960,3812375254300264
2,0,83,1789633759136947200,3812375254310862
2,0,84,1789633759136958464,3812375254321582
2,0,85,1789633759136968704,3812375254332199
2,0,86,1789633759136979968,3812375254342786
2,0,87,1789633759136990208,3812375254353382
2,0,88,1789633759137000448,3812375254364022
2,0,89,1789633759137011712,3812375254374622
2,0,90,1789633759137021952,3812375254385253
2,0,91,1789633759137032192,3812375254395846
2,0,92,1789633759137043456,3812375254406471
2,0,93,1789633759137053696,3812375254417176
2,0,94,1789633759137064960,3812375254427762
2,0,95,1789633759137075200,3812375254438371
2,0,96,1789633759137085440,3812375254448975
2,0,97,1789633759137096704,3812375254459603
2,0,98,1789633759137106944,3812375254470215
2,0,99,1789633759137117184,3812375254480849
2,0,100,1789633759137128448,3812375254491460
2,0,101,1789633759137138688,3812375254502111
2,0,102,1789633759137149952,3812375254512857
2,0,103,1789633759137160192,3812375254523547
2,0,104,1789633759137170432,3812375254534219
2,0,105,1789633759137181696,3812375254544824
2,0,106,1789633759137191936,3812375254555437
2,0,107,1789633759137203200,3812375254566064
2,0,108,1789633759137213440,3812375254576730
2,0,109,1789633759137223680,3812375254587338
2,0,110,1789633759137234944,3812375254597933
2,0,111,1789633759137245184,3812375254608517
2,0,112,1789633759137255424,3812375254619142
2,0,113,1789633759137266688,3812375254629906
2,0,114,1789633759137276928,3812375254640495
2,0,115,1789633759137288192,3812375254651287
2,0,116,1789633759137298432,3812375254661884
2,0,117,1789633759137309696,3812375254672482
2,0,118,1789633759137319936,3812375254683084
2,0,119,1789633759137330176,3812375254693702
2,0,120,1789633759137341440,3812375254704306
2,0,121,1789633759137351680,3812375254714939
2,0,122,1789633759137361920,3812375254725546
2,0,123,1789633759137373184,3812375254736129
2,0,124,1789633759137383424,3812375254746853
2,0,125,1789633759137394688,3812375254757471
2,0,126,1789633759137404928,3812375254768062
2,0,127,1789633759137415168,3812375254778624
2,0,128,1789633759137426432,3812375254789219
2,0,129,1789633759137436672,3812375254799835
2,0,130,1789633759137446912,3812375254810446
2,0,131,1789633759137458176,3812375254821090
2,0,132,1789633759137468416,3812375254831699
2,0,133,1789633759137478656,3812375254842484
2,0,134,1789633759137489920,3812375254853089
2,0,135,1789633759137500160,3812375254863650
2,0,136,1789633759137511424,3812375254874203
2,0,137,1789633759137521664,3812375254884825
2,0,138,1789633759137531904,3812375254895433
2,0,139,1789633759137543168,3812375254906058
2,0,140,1789633759137553408,3812375254916684
2,0,141,1789633759137563648,3812375254927295
2,0,142,1789633759137574912,3812375254938059
2,0,143,1789633759137585152,3812375254948677
2,0,144,1789633759137596416,3812375254959259
2,0,145,1789633759137606656,3812375254969822
2,0,146,1789633759137616896,3812375254980424
2,0,147,1789633759137628160,3812375254991018
2,0,148,1789633759137638400,3812375255001633
2,0,149,1789633759137648640,3812375255012272
2,0,150,1789633759137659904,3812375255022907
2,0,151,1789633759137670144,3812375255033624
2,0,152,1789633759137681408,3812375255044252
2,0,153,1789633759137691648,3812375255055105
2,0,154,1789633759137702912,3812375255065773
2,0,155,1789633759137713152,3812375255076585
2,0,156,1789633759137723392,3812375255087178
2,0,157,1789633759137734656,3812375255097778
2,0,158,1789633759137744896,3812375255108351
2,0,159,1789633759137756160,3812375255118973
2,0,160,1789633759137766400,3812375255129575
2,0,161,1789633759137776640,3812375255140206
2,0,162,1789633759137787904,3812375255150779
2,0,163,1789633759137798144,3812375255161372
2,0,164,1789633759137808384,3812375255172155
2,0,165,1789633759137819648,3812375255182778
2,0,166,1789633759137829888,3812375255193344
2,0,167,1789633759137841152,3812375255203912
2,0,168,1789633759137851392,3812375255214493
2,0,169,1789633759137861632,3812375255225123
2,0,170,1789633759137872896,3812375255235717
2,0,171,1789633759137883136,3812375255246359
2,0,172,1789633759137893376,3812375255257010
2,0,173,1789633759137904640,3812375255267735
2,0,174,1789633759137914880,3812375255278324
2,0,175,1789633759137926144,3812375255288944
2,0,176,1789633759137936384,3812375255299533
2,0,177,1789633759137946624,3812375255310206
2,0,178,1789633759137957888,3812375255320902
2,0,179,1789633759137968128,3812375255331602
2,0,180,1789633759137979392,3812375255342322
2,0,181,1789633759137989632,3812375255353032
2,0,182,1789633759137999872,3812375255363735
2,0,183,1789633759138011136,3812375255374477
2,0,184,1789633759138021376,3812375255385218
2,0,185,1789633759138032640,3812375255395927
2,0,186,1789633759138042880,3812375255406684
2,0,187,1789633759138054144,3812375255418545
2,0,188,1789633759138065408,3812375255429195
2,0,189,1789633759138076672,3812375255439919
2,0,190,1789633759138086912,3812375255450624
2,0,191,1789633759138098176,3812375255461292
2,0,192,1789633759138108416,3812375255472044
2,0,193,1789633759138119680,3812375255482692
2,0,194,1789633759138129920,3812375255493372
2,0,195,1789633759138793472,3812375256157839
2,0,196,1789633759138804736,3812375256168522
2,0,197,1789633759138816000,3812375256179164
2,0,198,1789633759138826240,3812375256189750
2,0,199,1789633759138837504,3812375256200446
2,0,200,1789633759138847744,3812375256211182
2,0,201,1789633759138857984,3812375256221815
2,0,202,1789633759138869248,3812375256232298
2,0,203,1789633759138879488,3812375256242908
2,0,204,1789633759138889728,3812375256253511
2,0,205,1789633759138900992,3812375256264155
2,0,206,1789633759138911232,3812375256274744
2,0,207,1789633759138922496,3812375256285342
2,0,208,1789633759138932736,3812375256295939
2,0,209,1789633759138942976,3812375256306562
2,0,210,1789633759138954240,3812375256317287
2,0,211,1789633759138964480,3812375256327911
2,0,212,1789633759138975744,3812375256338525
2,0,213,1789633759138985984,3812375256349106
2,0,214,1789633759138996224,3812375256359719
2,0,215,1789633759139007488,3812375256370282
2,0,216,1789633759139017728,3812375256380922
2,0,217,1789633759139027968,3812375256391512
2,0,218,1789633759139039232,3812375256402162
2,0,219,1789633759139049472,3812375256412886
2,0,220,1789633759139060736,3812375256423562
2,0,221,1789633759139070976,3812375256434344
2,0,222,1789633759139081216,3812375256444935
2,0,223,1789633759139092480,3812375256455587
2,0,224,1789633759139102720,3812375256466162
2,0,225,1789633759139113984,3812375256476788
2,0,226,1789633759139124224,3812375256487370
2,0,227,1789633759139134464,3812375256497990
2,0,228,1789633759139145728,3812375256508608
2,0,229,1789633759139155968,3812375256519255
2,0,230,1789633759139166208,3812375256530044
2,0,231,1789633759139177472,3812375256540673
2,0,232,1789633759139187712,3812375256551390
2,0,233,1789633759139198976,3812375256562026
2,0,234,1789633759139209216,3812375256572868
2,0,235,1789633759139220480,3812375256583532
2,0,236,1789633759139230720,3812375256594307
2,0,237,1789633759139241984,3812375256604998
2,0,238,1789633759139252224,3812375256615764
2,0,239,1789633759139263488,3812375256626419
2,0,240,1789633759139273728,3812375256637242
2,0,241,1789633759139284992,3812375256647848
2,0,242,1789633759139295232,3812375256658431
2,0,243,1789633759139305472,3812375256668975
2,0,244,1789633759139316736,3812375256679588
2,0,245,1789633759139326976,3812375256690237
2,0,246,1789633759139337216,3812375256700882
2,0,247,1789633759139348480,3812375256711472
2,0,248,1789633759139358720,3812375256722112
2,0,249,1789633759139368960,3812375256732822
2,0,250,1789633759139380224,3812375256743422
2,0,251,1789633759139390464,3812375256754022
2,0,252,1789633759139401728,3812375256764624
2,0,253,1789633759139411968,3812375256775253
2,0,254,1789633759139422208,3812375256785855
2,0,255,1789633759139433472,3812375256796444
2,0,256,1789633759139443712,3812375256807050
2,0,257,1789633759139453952,3812375256817670
2,0,258,1789633759139465216,3812375256828404
2,0,259,1789633759139475456,3812375256839002
2,0,260,1789633759139486720,3812375256849612
2,0,261,1789633759139496960,3812375256860195
2,0,262,1789633759139507200,3812375256870791
2,0,263,1789633759139518464,3812375256881464
2,0,264,1789633759139528704,3812375256892064
2,0,265,1789633759139538944,3812375256902686
2,0,266,1789633759139550208,3812375256913333
2,0,267,1789633759139560448,3812375256924093
2,0,268,1789633759139571712,3812375256934730
2,0,269,1789633759139581952,3812375256945555
2,0,270,1789633759139593216,3812375256956222
2,0,271,1789633759139603456,3812375256966904
2,0,272,1789633759139613696,3812375256977506
2,0,273,1789633759139624960,3812375256988112
2,0,274,1789633759139635200,3812375256998699
2,0,275,1789633759139646464,3812375257009306
2,0,276,1789633759139656704,3812375257019913
2,0,277,1789633759139666944,3812375257030511
2,0,278,1789633759139678208,3812375257041157
2,0,279,1789633759139688448,3812375257051750
2,0,280,1789633759139698688,3812375257062499
2,0,281,1789633759139709952,3812375257073119
2,0,282,1789633759139720192,3812375257083717
2,0,283,1789633759139731456,3812375257094267
2,0,284,1789633759139741696,3812375257104882
2,0,285,1789633759139751936,3812375257115480
2,0,286,1789633759139763200,3812375257126122
2,0,287,1789633759139773440,3812375257136770
2,0,288,1789633759139783680,3812375257147399
2,0,289,1789633759139794944,3812375257158095
2,0,290,1789633759139805184,3812375257168731
2,0,291,1789633759139816448,3812375257179327
2,0,292,1789633759139826688,3812375257189924
2,0,293,1789633759139836928,3812375257200533
2,0,294,1789633759139848192,3812375257211115
2,0,295,1789633759139858432,3812375257221746
2,0,296,1789633759139868672,3812375257232382
2,0,297,1789633759139879936,3812375257243012
2,0,298,1789633759139890176,3812375257253779
2,0,299,1789633759139901440,3812375257264332
2,0,300,1789633759139911680,3812375257275164
2,0,301,1789633759139922944,3812375257285811
2,0,302,1789633759139933184,3812375257296432
2,0,303,1789633759139943424,3812375257307053
2,0,304,1789633759139954688,3812375257317686
2,0,305,1789633759139964928,3812375257328271
2,0,306,1789633759139975168,3812375257338904
2,0,307,1789633759139986432,3812375257349511
2,0,308,1789633759139996672,3812375257360099
2,0,309,1789633759140006912,3812375257370831
2,0,310,1789633759140018176,3812375257381484
2,0,311,1789633759140028416,3812375257392199
2,0,312,1789633759140039680,3812375257402815
2,0,313,1789633759140049920,3812375257413665
2,0,314,1789633759140061184,3812375257424266
2,0,315,1789633759140071424,3812375257434859
2,0,316,1789633759140081664,3812375257445419
2,0,317,1789633759140092928,3812375257456032
2,0,318,1789633759140103168,3812375257466628
2,0,319,1789633759140114432,3812375257477258
2,0,320,1789633759140124672,3812375257487884
2,0,321,1789633759140134912,3812375257498519
2,0,322,1789633759140146176,3812375257509255
2,0,323,1789633759140156416,3812375257519866
2,0,324,1789633759140167680,3812375257530475
2,0,325,1789633759140177920,3812375257541075
2,0,326,1789633759140188160,3812375257551681
2,0,327,1789633759140199424,3812375257562270
2,0,328,1789633759140209664,3812375257572898
2,0,329,1789633759140219904,3812375257583501
2,0,330,1789633759140231168,3812375257594099
2,0,331,1789633759140241408,3812375257604835
2,0,332,1789633759140251648,3812375257615452
2,0,333,1789633759140262912,3812375257627731
2,0,334,1789633759140273152,3812375257636641
2,0,335,1789633759140284416,3812375257647232
2,0,336,1789633759140294656,3812375257657781
2,0,337,1789633759140304896,3812375257668375
2,0,338,1789633759140316160,3812375257679120
2,0,339,1789633759140326400,3812375257689837
2,0,340,1789633759140336640,3812375257700575
2,0,341,1789633759140347904,3812375257711298
2,0,342,1789633759140358144,3812375257722072
2,0,343,1789633759140369408,3812375257732740
2,0,344,1789633759140379648,3812375257743510
2,0,345,1789633759140390912,3812375257754233
2,0,346,1789633759140401152,3812375257764965
2,0,347,1789633759140412416,3812375257775633
2,0,348,1789633759140422656,3812375257786426
2,0,349,1789633759140433920,3812375257797105
2,0,350,1789633759140444160,3812375257807875
2,0,351,1789633759140455424,3812375257818555
2,0,352,1789633759140465664,3812375257829331
2,0,353,1789633759140476928,3812375257840062
2,0,354,1789633759140487168,3812375257850802
2,0,355,1789633759140498432,3812375257861522
2,0,356,1789633759140508672,3812375257872262
2,0,357,1789633759140519936,3812375257882978
2,0,358,1789633759140530176,3812375257893711
2,0,359,1789633759140541440,3812375257904435
2,0,360,1789633759140551680,3812375257915170
2,0,361,1789633759140562944,3812375257925926
2,0,362,1789633759140573184,3812375257936627
2,0,363,1789633759140583424,3812375257947351
2,0,364,1789633759140594688,3812375257958088
2,0,365,1789633759140604928,3812375257968808
2,0,366,1789633759140616192,3812375257979545
2,0,367,1789633759140626432,3812375257990235
2,0,368,1789633759140637696,3812375258001013
2,0,369,1789633759140647936,3812375258011722
2,0,370,1789633759140659200,3812375258022458
2,0,371,1789633759140669440,3812375258033202
2,0,372,1789633759140680704,3812375258043920
2,0,373,1789633759140690944,3812375258054645
2,0,374,1789633759140702208,3812375258065385
2,0,375,1789633759140712448,3812375258076115
2,0,376,1789633759140723712,3812375258086845
2,0,377,1789633759140733952,3812375258097605
2,0,378,1789633759140745216,3812375258108332
2,0,379,1789633759140755456,3812375258119033
2,0,380,1789633759140766720,3812375258129773
2,0,381,1789633759140776960,3812375258140482
2,0,382,1789633759140788224,3812375258151222
2,0,383,1789633759140798464,3812375258161902
2,0,384,1789633759140808704,3812375258172675
2,0,385,1789633759140819968,3812375258183353
2,0,386,1789633759140830208,3812375258194160
2,0,387,1789633759140841472,3812375258204885
2,0,388,1789633759140851712,3812375258215605
2,0,389,1789633759140862976,3812375258226314
2,0,390,1789633759140873216,3812375258237058
2,0,391,1789633759140884480,3812375258247800
2,0,392,1789633759140894720,3812375258258527
2,0,393,1789633759140905984,3812375258269268
2,0,394,1789633759140916224,3812375258280040
2,0,395,1789633759140927488,3812375258290702
2,0,396,1789633759140937728,3812375258301515
2,0,397,1789633759140948992,3812375258312235
2,0,398,1789633759140959232,3812375258322931
2,0,399,1789633759140970496,3812375258333645
2,0,400,1789633759140980736,3812375258344366
2,0,401,1789633759140992000,3812375258355035
2,0,402,1789633759141002240,3812375258365820
2,0,403,1789633759141013504,3812375258376545
2,0,404,1789633759141023744,3812375258387292
2,0,405,1789633759141035008,3812375258397995
2,0,406,1789633759141045248,3812375258408727
2,0,407,1789633759141055488,3812375258419432
2,0,408,1789633759141066752,3812375258430192
2,0,409,1789633759141076992,3812375258440902
2,0,410,1789633759141088256,3812375258451651
2,0,411,1789633759141098496,3812375258462366
2,0,412,1789633759141109760,3812375258473100
2,0,413,1789633759141120000,3812375258483835
2,0,414,1789633759141131264,3812375258494565
2,0,415,1789633759141141504,3812375258505291
2,0,416,1789633759141152768,3812375258516025
2,0,417,1789633759141163008,3812375258526740
2,0,418,1789633759141174272,3812375258537478
2,0,419,1789633759141184512,3812375258548238
2,0,420,1789633759141195776,3812375258558962
2,0,421,1789633759141206016,3812375258569692
2,0,422,1789633759141217280,3812375258580413
2,0,423,1789633759141227520,3812375258591142
2,0,424,1789633759141238784,3812375258601875
2,0,425,1789633759141249024,3812375258612554
2,0,426,1789633759141260288,3812375258623252
2,0,427,1789633759141270528,3812375258633916
2,0,428,1789633759141280768,3812375258644632
2,0,429,1789633759141292032,3812375258655255
2,0,430,1789633759141302272,3812375258665838
2,0,431,1789633759141313536,3812375258676440
2,0,432,1789633759141323776,3812375258687075
2,0,433,1789633759141334016,3812375258697668
2,0,434,1789633759141345280,3812375258708352
2,0,435,1789633759141355520,3812375258718995
2,0,436,1789633759141366784,3812375258729660
2,0,437,1789633759141377024,3812375258740317
2,0,438,1789633759141387264,3812375258750966
2,0,439,1789633759141398528,3812375258761687
2,0,440,1789633759141408768,3812375258772280
2,0,441,1789633759141420032,3812375258782880
2,0,442,1789633759141430272,3812375258793500
2,0,443,1789633759141440512,3812375258804144
2,0,444,1789633759141451776,3812375258814735
2,0,445,1789633759141462016,3812375258825382
2,0,446,1789633759141472256,3812375258835975
2,0,447,1789633759141483520,3812375258846624
2,0,448,1789633759141493760,3812375258857378
2,0,449,1789633759141505024,3812375258868011
2,0,450,1789633759141515264,3812375258878762
2,0,451,1789633759141525504,3812375258889351
2,0,452,1789633759141536768,3812375258900042
2,0,453,1789633759141547008,3812375258910635
2,0,454,1789633759141558272,3812375258921224
2,0,455,1789633759141568512,3812375258931814
2,0,456,1789633759141578752,3812375258942473
2,0,457,1789633759141590016,3812375258953058
2,0,458,1789633759141600256,3812375258963755
2,0,459,1789633759141610496,3812375258974422
2,0,460,1789633759141621760,3812375258985073
2,0,461,1789633759141632000,3812375258995782
2,0,462,1789633759141643264,3812375259006391
2,0,463,1789633759141653504,3812375259017000
2,0,464,1789633759141664768,3812375259027638
2,0,465,1789633759141675008,3812375259038235
2,0,466,1789633759141685248,3812375259048833
2,0,467,1789633759141696512,3812375259059504
2,0,468,1789633759141706752,3812375259070093
2,0,469,1789633759141716992,3812375259080722
2,0,470,1789633759141728256,3812375259091460
2,0,471,1789633759141738496,3812375259102082
2,0,472,1789633759141749760,3812375259112833
2,0,473,1789633759141760000,3812375259123414
2,0,474,1789633759141770240,3812375259133988
2,0,475,1789633759141781504,3812375259144560
2,0,476,1789633759141791744,3812375259155202
2,0,477,1789633759141801984,3812375259165792
2,0,478,1789633759141813248,3812375259176434
2,0,479,1789633759141823488,3812375259187070
2,0,480,1789633759141834752,3812375259197753
2,0,481,1789633759141844992,3812375259208428
2,0,482,1789633759141855232,3812375259219051
2,0,483,1789633759141866496,3812375259229642
2,0,484,1789633759141876736,3812375259240255
2,0,485,1789633759141888000,3812375259250851
2,0,486,1789633759141898240,3812375259261458
2,0,487,1789633759141908480,3812375259272104
2,0,488,1789633759141919744,3812375259282702
2,0,489,1789633759141929984,3812375259293338
2,0,490,1789633759141940224,3812375259304011
2,0,491,1789633759141951488,3812375259314620
2,0,492,1789633759141961728,3812375259325222
2,0,493,1789633759141971968,3812375259335811
2,0,494,1789633759141983232,3812375259346452
2,0,495,1789633759141993472,3812375259357042
2,0,496,1789633759142004736,3812375259367695
2,0,497,1789633759142014976,3812375259378282
2,0,498,1789633759142025216,3812375259388942
2,0,499,1789633759142036480,3812375259399614
2,0,500,1789633759142046720,3812375259410271
2,0,501,1789633759142057984,3812375259421087
2,0,502,1789633759142068224,3812375259431715
2,0,503,1789633759142078464,3812375259442313
2,0,504,1789633759142089728,3812375259452894
2,0,505,1789633759142099968,3812375259463507
2,0,506,1789633759142111232,3812375259474108
2,0,507,1789633759142121472,3812375259484754
2,0,508,1789633759142131712,3812375259495380
2,0,509,1789633759142142976,3812375259506006
2,0,510,1789633759142153216,3812375259516650
2,0,511,1789633759142163456,3812375259527300
2,0,512,1789633759142174720,3812375259537864
2,0,513,1789633759142184960,3812375259548464
2,0,514,1789633759142195200,3812375259559093
2,0,515,1789633759142206464,3812375259569707
2,0,516,1789633759142216704,3812375259580340
2,0,517,1789633759142227968,3812375259590922
2,0,518,1789633759142238208,3812375259601544
2,0,519,1789633759142248448,3812375259612244
2,0,520,1789633759142259712,3812375259622912
2,0,521,1789633759142269952,3812375259633724
2,0,522,1789633759142281216,3812375259644360
2,0,523,1789633759142291456,3812375259655167
2,0,524,1789633759142302720,3812375259665780
2,0,525,1789633759142312960,3812375259676362
2,0,526,1789633759142323200,3812375259686947
2,0,527,1789633759142334464,3812375259697547
2,0,528,1789633759142344704,3812375259708170
2,0,529,1789633759142355968,3812375259718824
2,0,530,1789633759142366208,3812375259729412
2,0,531,1789633759142376448,3812375259740060
2,0,532,1789633759142387712,3812375259750762
2,0,533,1789633759142397952,3812375259761473
2,0,534,1789633759142409216,3812375259772207
2,0,535,1789633759142419456,3812375259782773
2,0,536,1789633759142429696,3812375259793422
2,0,537,1789633759142440960,3812375259804014
2,0,538,1789633759142451200,3812375259814680
2,0,539,1789633759142461440,3812375259825231
2,0,540,1789633759142472704,3812375259835904
2,0,541,1789633759142482944,3812375259846513
2,0,542,1789633759142494208,3812375259857201
2,0,543,1789633759142504448,3812375259867882
2,0,544,1789633759142514688,3812375259878495
2,0,545,1789633759142525952,3812375259889282
2,0,546,1789633759142536192,3812375259899930
2,0,547,1789633759142547456,3812375259910477
2,0,548,1789633759142557696,3812375259921074
2,0,549,1789633759142567936,3812375259931715
2,0,550,1789633759142579200,3812375259942315
2,0,551,1789633759142589440,3812375259952977
2,0,552,1789633759142600704,3812375259963553
2,0,553,1789633759142610944,3812375259974187
2,0,554,1789633759142621184,3812375259984953
2,0,555,1789633759142632448,3812375259995557
2,0,556,1789633759142642688,3812375260006348
2,0,557,1789633759142653952,3812375260016955
2,0,558,1789633759142664192,3812375260027512
2,0,559,1789633759142674432,3812375260038106
2,0,560,1789633759142685696,3812375260048702
2,0,561,1789633759142695936,3812375260059308
2,0,562,1789633759142706176,3812375260069940
2,0,563,1789633759142717440,3812375260080533
2,0,564,1789633759142727680,3812375260091173
2,0,565,1789633759142737920,3812375260101937
2,0,566,1789633759142749184,3812375260112555
2,0,567,1789633759142759424,3812375260123122
2,0,568,1789633759142770688,3812375260133716
2,0,569,1789633759142780928,3812375260144340
2,0,570,1789633759142791168,3812375260154966
2,0,571,1789633759142802432,3812375260165594
2,0,572,1789633759142812672,3812375260176162
2,0,573,1789633759142822912,3812375260186791
2,0,574,1789633759142834176,3812375260197494
2,0,575,1789633759142844416,3812375260208112
2,0,576,1789633759142855680,3812375260218694
2,0,577,1789633759142865920,3812375260229269
2,0,578,1789633759142876160,3812375260239867
2,0,579,1789633759142887424,3812375260250504
2,0,580,1789633759142897664,3812375260261133
2,0,581,1789633759142907904,3812375260271735
2,0,582,1789633759142919168,3812375260282395
2,0,583,1789633759142929408,3812375260293080
2,0,584,1789633759142940672,3812375260303715
2,0,585,1789633759142950912,3812375260314308
2,0,586,1789633759142961152,3812375260324924
2,0,587,1789633759142972416,3812375260335522
2,0,588,1789633759142982656,3812375260346120
2,0,589,1789633759142992896,3812375260356770
2,0,590,1789633759143004160,3812375260367372
2,0,591,1789633759143014400,3812375260378008
2,0,592,1789633759143025664,3812375260388764
2,0,593,1789633759143035904,3812375260399400
2,0,594,1789633759143046144,3812375260410135
2,0,595,1789633759143057408,3812375260420804
2,0,596,1789633759143067648,3812375260431357
2,0,597,1789633759143078912,3812375260441955
2,0,598,1789633759143089152,3812375260452582
2,0,599,1789633759143099392,3812375260463160
2,0,600,1789633759143110656,3812375260473773
2,0,601,1789633759143120896,3812375260484360
2,0,602,1789633759143131136,3812375260495004
2,0,603,1789633759143142400,3812375260505749
2,0,604,1789633759143152640,3812375260516393
2,0,605,1789633759143163904,3812375260526955
2,0,606,1789633759143174144,3812375260537515
2,0,607,1789633759143184384,3812375260548111
2,0,608,1789633759143195648,3812375260558662
2,0,609,1789633759143205888,3812375260569286
2,0,610,1789633759143216128,3812375260580044
2,0,611,1789633759143227392,3812375260590586
2,0,612,1789633759143237632,3812375260601315
2,0,613,1789633759143248896,3812375260611922
2,0,614,1789633759143259136,3812375260622520
2,0,615,1789633759143269376,3812375260633122
2,0,616,1789633759143280640,3812375260643704
2,0,617,1789633759143290880,3812375260654282
2,0,618,1789633759143301120,3812375260664871
2,0,619,1789633759143312384,3812375260675535
2,0,620,1789633759143322624,3812375260686192
2,0,621,1789633759143333888,3812375260696913
2,0,622,1789633759143344128,3812375260707553
2,0,623,1789633759143354368,3812375260718164
2,0,624,1789633759143365632,3812375260728762
2,0,625,1789633759143375872,3812375260739346
2,0,626,1789633759143386112,3812375260749928
2,0,627,1789633759143397376,3812375260760510
2,0,628,1789633759143407616,3812375260771144
2,0,629,1789633759143418880,3812375260781772
2,0,630,1789633759143429120,3812375260792507
2,0,631,1789633759143439360,3812375260803111
2,0,632,1789633759143450624,3812375260813702
2,0,633,1789633759143460864,3812375260824304
2,0,634,1789633759143471104,3812375260834894
2,0,635,1789633759143482368,3812375260845493
2,0,636,1789633759143492608,3812375260856100
2,0,637,1789633759143502848,3812375260866733
2,0,638,1789633759143514112,3812375260877382
2,0,639,1789633759143524352,3812375260888092
2,0,640,1789633759143535616,3812375260898708
2,0,641,1789633759143545856,3812375260909297
2,0,642,1789633759143556096,3812375260919944
2,0,643,1789633759143567360,3812375260930520
2,0,644,1789633759143577600,3812375260941095
2,0,645,1789633759143587840,3812375260951702
2,0,646,1789633759143599104,3812375260962322
2,0,647,1789633759143609344,3812375260972931
2,0,648,1789633759143620608,3812375260983713
2,0,649,1789633759143630848,3812375260994355
2,0,650,1789633759143641088,3812375261004937
2,0,651,1789633759143652352,3812375261015524
2,0,652,1789633759143662592,3812375261026191
2,0,653,1789633759143673856,3812375261036782
2,0,654,1789633759143684096,3812375261047380
2,0,655,1789633759143694336,3812375261057952
2,0,656,1789633759143705600,3812375261068546
2,0,657,1789633759143715840,3812375261079275
2,0,658,1789633759143726080,3812375261089904
2,0,659,1789633759143737344,3812375261100471
2,0,660,1789633759143747584,3812375261111104
2,0,661,1789633759143757824,3812375261121708
2,0,662,1789633759143769088,3812375261132315
2,0,663,1789633759143779328,3812375261142933
2,0,664,1789633759143790592,3812375261153524
2,0,665,1789633759143800832,3812375261164140
2,0,666,1789633759143811072,3812375261174840
2,0,667,1789633759143822336,3812375261185482
2,0,668,1789633759143832576,3812375261196064
2,0,669,1789633759143842816,3812375261206700
2,0,670,1789633759143854080,3812375261217292
2,0,671,1789633759143864320,3812375261227894
2,0,672,1789633759143875584,3812375261238492
2,0,673,1789633759143885824,3812375261249092
2,0,674,1789633759143896064,3812375261259673
2,0,675,1789633759143907328,3812375261270478
2,0,676,1789633759143917568,3812375261281033
2,0,677,1789633759143927808,3812375261291592
2,0,678,1789633759143939072,3812375261302182
2,0,679,1789633759143949312,3812375261312810
2,0,680,1789633759143959552,3812375261323393
2,0,681,1789633759143970816,3812375261333990
2,0,682,1789633759143981056,3812375261344680
2,0,683,1789633759143992320,3812375261355292
2,0,684,1789633759144002560,3812375261366060
2,0,685,1789633759144012800,3812375261376671
2,0,686,1789633759144024064,3812375261387248
2,0,687,1789633759144034304,3812375261397798
2,0,688,1789633759144045568,3812375261408430
2,0,689,1789633759144055808,3812375261419042
2,0,690,1789633759144066048,3812375261429646
2,0,691,1789633759144077312,3812375261440273
2,0,692,1789633759144087552,3812375261450902
2,0,693,1789633759144097792,3812375261461642
2,0,694,1789633759144109056,3812375261472230
2,0,695,1789633759144119296,3812375261482820
2,0,696,1789633759144130560,3812375261493533
2,0,697,1789633759144140800,3812375261504135
2,0,698,1789633759144151040,3812375261514770
2,0,699,1789633759144162304,3812375261525370
2,0,700,1789633759144172544,3812375261536002
2,0,701,1789633759144182784,3812375261546624
2,0,702,1789633759144194048,3812375261557317
2,0,703,1789633759144204288,3812375261567937
2,0,704,1789633759144215552,3812375261578677
2,0,705,1789633759144225792,3812375261589332
2,0,706,1789633759144237056,3812375261599924
2,0,707,1789633759144247296,3812375261610467
2,0,708,1789633759144257536,3812375261621124
2,0,709,1789633759144268800,3812375261631706
2,0,710,1789633759144279040,3812375261642377
2,0,711,1789633759144289280,3812375261652968
2,0,712,1789633759144300544,3812375261663561
2,0,713,1789633759144310784,3812375261674270
2,0,714,1789633759144321024,3812375261684899
2,0,715,1789633759144332288,3812375261695481
2,0,716,1789633759144342528,3812375261706064
2,0,717,1789633759144352768,3812375261716659
2,0,718,1789633759144364032,3812375261727250
2,0,719,1789633759144374272,3812375261737893
2,0,720,1789633759144385536,3812375261748515
2,0,721,1789633759144395776,3812375261759114
2,0,722,1789633759144406016,3812375261769857
2,0,723,1789633759144417280,3812375261780479
2,0,724,1789633759144427520,3812375261791087
2,0,725,1789633759144438784,3812375261801690
2,0,726,1789633759144449024,3812375261812310
2,0,727,1789633759144459264,3812375261822917
2,0,728,1789633759144470528,3812375261833530
2,0,729,1789633759144480768,3812375261844177
2,0,730,1789633759144491008,3812375261854790
2,0,731,1789633759144502272,3812375261865561
2,0,732,1789633759144512512,3812375261876201
2,0,733,1789633759144523776,3812375261886921
2,0,734,1789633759144534016,3812375261897524
2,0,735,1789633759144544256,3812375261908121
2,0,736,1789633759144555520,3812375261918706
2,0,737,1789633759144565760,3812375261929294
2,0,738,1789633759144576000,3812375261939854
2,0,739,1789633759144587264,3812375261950437
2,0,740,1789633759144597504,3812375261961132
2,0,741,1789633759144608768,3812375261971759
2,0,742,1789633759144619008,3812375261982521
2,0,743,1789633759144629248,3812375261993112
2,0,744,1789633759144640512,3812375262003741
2,0,745,1789633759144650752,3812375262014339
2,0,746,1789633759144662016,3812375262024941
2,0,747,1789633759144672256,3812375262035539
2,0,748,1789633759144682496,3812375262046132
2,0,749,1789633759144693760,3812375262056734
2,0,750,1789633759144704000,3812375262067368
2,0,751,1789633759144714240,3812375262078099
2,0,752,1789633759144725504,3812375262088721
2,0,753,1789633759144735744,3812375262099324
2,0,754,1789633759144747008,3812375262109908
2,0,755,1789633759144757248,3812375262120546
2,0,756,1789633759144767488,3812375262131113
2,0,757,1789633759144778752,3812375262141701
2,0,758,1789633759144788992,3812375262152324
2,0,759,1789633759144799232,3812375262162934
2,0,760,1789633759144810496,3812375262173684
2,0,761,1789633759144820736,3812375262184312
2,0,762,1789633759144832000,3812375262194910
2,0,763,1789633759144842240,3812375262205507
2,0,764,1789633759144852480,3812375262216126
2,0,765,1789633759144863744,3812375262226684
2,0,766,1789633759144873984,3812375262237292
2,0,767,1789633759144884224,3812375262247908
2,0,768,1789633759144895488,3812375262258501
2,0,769,1789633759144905728,3812375262269283
2,0,770,1789633759144915968,3812375262279881
2,0,771,1789633759144927232,3812375262290481
2,0,772,1789633759144937472,3812375262301087
2,0,773,1789633759144948736,3812375262311726
2,0,774,1789633759144958976,3812375262322310
2,0,775,1789633759144969216,3812375262332937
2,0,776,1789633759144980480,3812375262343519
2,0,777,1789633759144990720,3812375262354130
2,0,778,1789633759145000960,3812375262364866
2,0,779,1789633759145012224,3812375262375477
2,0,780,1789633759145022464,3812375262386074
2,0,781,1789633759145033728,3812375262396710
2,0,782,1789633759145043968,3812375262407299
2,0,783,1789633759145054208,3812375262417892
2,0,784,1789633759145065472,3812375262428530
2,0,785,1789633759145075712,3812375262439099
2,0,786,1789633759145085952,3812375262449659
2,0,787,1789633759145097216,3812375262460227
2,0,788,1789633759145107456,3812375262470810
2,0,789,1789633759145117696,3812375262481503
2,0,790,1789633759145128960,3812375262492101
2,0,791,1789633759145139200,3812375262502750
2,0,792,1789633759145149440,3812375262513310
2,0,793,1789633759145160704,3812375262523947
2,0,794,1789633759145170944,3812375262534603
2,0,795,1789633759145182208,3812375262545270
2,0,796,1789633759145192448,3812375262556057
2,0,797,1789633759145203712,3812375262566643
2,0,798,1789633759145213952,3812375262577252
2,0,799,1789633759145224192,3812375262587834
2,0,800,1789633759145235456,3812375262598437
2,0,801,1789633759145245696,3812375262608999
2,0,802,1789633759145255936,3812375262619647
2,0,803,1789633759145267200,3812375262630277
2,0,804,1789633759145277440,3812375262640879
2,0,805,1789633759145287680,3812375262651666
2,0,806,1789633759145298944,3812375262662270
2,0,807,1789633759145309184,3812375262672846
2,0,808,1789633759145320448,3812375262683541
2,0,809,1789633759145330688,3812375262694144
2,0,810,1789633759145340928,3812375262704766
2,0,811,1789633759145352192,3812375262715383
2,0,812,1789633759145362432,3812375262725981
2,0,813,1789633759145373696,3812375262736647
2,0,814,1789633759145383936,3812375262747337
2,0,815,1789633759145394176,3812375262757961
2,0,816,1789633759145405440,3812375262768694
2,0,817,1789633759145415680,3812375262779314
2,0,818,1789633759145426944,3812375262789897
2,0,819,1789633759145437184,3812375262800463
2,0,820,1789633759145447424,3812375262811072
2,0,821,1789633759145458688,3812375262821643
2,0,822,1789633759145468928,3812375262832252
2,0,823,1789633759145479168,3812375262842921
2,0,824,1789633759145490432,3812375262853574
2,0,825,1789633759145500672,3812375262864290
2,0,826,1789633759145511936,3812375262874939
2,0,827,1789633759145522176,3812375262885517
2,0,828,1789633759145532416,3812375262896083
2,0,829,1789633759145543680,3812375262906666
2,0,830,1789633759145553920,3812375262917239
2,0,831,1789633759145564160,3812375262927897
2,0,832,1789633759145575424,3812375262938510
2,0,833,1789633759145585664,3812375262949123
2,0,834,1789633759145595904,3812375262959868
2,0,835,1789633759145607168,3812375262970486
2,0,836,1789633759145617408,3812375262981073
2,0,837,1789633759145628672,3812375262991643
2,0,838,1789633759145638912,3812375263002252
2,0,839,1789633759145649152,3812375263012834
2,0,840,1789633759145660416,3812375263023532
2,0,841,1789633759145670656,3812375263034088
2,0,842,1789633759145680896,3812375263044703
2,0,843,1789633759145692160,3812375263055493
2,0,844,1789633759145702400,3812375263066123
2,0,845,1789633759145713664,3812375263076953
2,0,846,1789633759145723904,3812375263087610
2,0,847,1789633759145735168,3812375263098406
2,0,848,1789633759145745408,3812375263109032
2,0,849,1789633759145756672,3812375263119606
2,0,850,1789633759145766912,3812375263130208
2,0,851,1789633759145777152,3812375263140814
2,0,852,1789633759145788416,3812375263151466
2,0,853,1789633759145798656,3812375263162099
2,0,854,1789633759145808896,3812375263172692
2,0,855,1789633759145820160,3812375263183341
2,0,856,1789633759145830400,3812375263194070
2,0,857,1789633759145841664,3812375263204694
2,0,858,1789633759145851904,3812375263215432
2,0,859,1789633759145862144,3812375263226043
2,0,860,1789633759145873408,3812375263236641
2,0,861,1789633759145883648,3812375263247239
2,0,862,1789633759145894912,3812375263257877
2,0,863,1789633759145905152,3812375263268481
2,0,864,1789633759145915392,3812375263279128
2,0,865,1789633759145926656,3812375263289726
2,0,866,1789633759145936896,3812375263300387
2,0,867,1789633759145947136,3812375263311115
2,0,868,1789633759145958400,3812375263321781
2,0,869,1789633759145968640,3812375263332483
2,0,870,1789633759145979904,3812375263343163
2,0,871,1789633759145990144,3812375263353941
2,0,872,1789633759146001408,3812375263364594
2,0,873,1789633759146011648,3812375263375177
2,0,874,1789633759146021888,3812375263385772
2,0,875,1789633759146033152,3812375263396407
2,0,876,1789633759146043392,3812375263406997
2,0,877,1789633759146054656,3812375263417639
2,0,878,1789633759146064896,3812375263428272
2,0,879,1789633759146075136,3812375263438933
2,0,880,1789633759146086400,3812375263449637
2,0,881,1789633759146096640,3812375263460232
2,0,882,1789633759146107904,3812375263471001
2,0,883,1789633759146118144,3812375263481593
2,0,884,1789633759146128384,3812375263492150
2,0,885,1789633759146139648,3812375263502743
2,0,886,1789633759146149888,3812375263513387
2,0,887,1789633759146160128,3812375263523981
2,0,888,1789633759146171392,3812375263534648
2,0,889,1789633759146181632,3812375263545246
2,0,890,1789633759146192896,3812375263555879
2,0,891,1789633759146203136,3812375263566581
2,0,892,1789633759146213376,3812375263577203
2,0,893,1789633759146224640,3812375263587792
2,0,894,1789633759146234880,3812375263598388
2,0,895,1789633759146245120,3812375263609001
2,0,896,1789633759146256384,3812375263619612
2,0,897,1789633759146266624,3812375263630248
2,0,898,1789633759146277888,3812375263640841
2,0,899,1789633759146288128,3812375263651521
2,0,900,1789633759146298368,3812375263662261
2,0,901,1789633759146309632,3812375263672901
2,0,902,1789633759146319872,3812375263683634
2,0,903,1789633759146331136,3812375263694241
2,0,904,1789633759146341376,3812375263704854
2,0,905,1789633759146351616,3812375263715447
2,0,906,1789633759146362880,3812375263726063
2,0,907,1789633759146373120,3812375263736716
2,0,908,1789633759146384384,3812375263747362
2,0,909,1789633759146394624,3812375263758003
2,0,910,1789633759146404864,3812375263768612
2,0,911,1789633759146416128,3812375263779321
2,0,912,1789633759146426368,3812375263790041
2,0,913,1789633759146437632,3812375263800683
2,0,914,1789633759146447872,3812375263811288
2,0,915,1789633759146458112,3812375263821881
2,0,916,1789633759146469376,3812375263832510
2,0,917,1789633759146479616,3812375263843130
2,0,918,1789633759146489856,3812375263853732
2,0,919,1789633759146501120,3812375263864374
2,0,920,1789633759146511360,3812375263875010
2,0,921,1789633759146522624,3812375263885641
2,0,922,1789633759146532864,3812375263896403
2,0,923,1789633759146543104,3812375263907021
2,0,924,1789633759146554368,3812375263917730
2,0,925,1789633759146564608,3812375263928359
2,0,926,1789633759146575872,3812375263938981
2,0,927,1789633759146586112,3812375263949570
2,0,928,1789633759146596352,3812375263960188
2,0,929,1789633759146607616,3812375263970781
2,0,930,1789633759146617856,3812375263981481
2,0,931,1789633759146629120,3812375263992064
2,0,932,1789633759146639360,3812375264002650
2,0,933,1789633759146649600,3812375264013441
2,0,934,1789633759146660864,3812375264024081
2,0,935,1789633759146671104,3812375264034790
2,0,936,1789633759146682368,3812375264045414
2,0,937,1789633759146692608,3812375264056010
2,0,938,1789633759146702848,3812375264066599
2,0,939,1789633759146714112,3812375264077219
2,0,940,1789633759146724352,3812375264087801
2,0,941,1789633759146734592,3812375264098454
2,0,942,1789633759146745856,3812375264109066
2,0,943,1789633759146756096,3812375264119737
2,0,944,1789633759146767360,3812375264130467
2,0,945,1789633759146777600,3812375264141110
2,0,946,1789633759146787840,3812375264151830
2,0,947,1789633759146799104,3812375264162443
2,0,948,1789633759146809344,3812375264173032
2,0,949,1789633759146820608,3812375264183737
2,0,950,1789633759146830848,3812375264194339
2,0,951,1789633759146841088,3812375264204932
2,0,952,1789633759146852352,3812375264215581
2,0,953,1789633759146862592,3812375264226177
2,0,954,1789633759146873856,3812375264236834
2,0,955,1789633759146884096,3812375264247521
2,0,956,1789633759146894336,3812375264258148
2,0,957,1789633759146905600,3812375264268876
2,0,958,1789633759146915840,3812375264279503
2,0,959,1789633759146927104,3812375264290094
2,0,960,1789633759146937344,3812375264300712
2,0,961,1789633759146947584,3812375264311353
2,0,962,1789633759146958848,3812375264321950
2,0,963,1789633759146969088,3812375264332626
2,0,964,1789633759146979328,3812375264343199
2,0,965,1789633759146990592,3812375264353841
2,0,966,1789633759147000832,3812375264364561
2,0,967,1789633759147012096,3812375264375194
2,0,968,1789633759147022336,3812375264385930
2,0,969,1789633759147032576,3812375264396539
2,0,970,1789633759147043840,3812375264407150
2,0,971,1789633759147054080,3812375264417770
2,0,972,1789633759147065344,3812375264428383
2,0,973,1789633759147075584,3812375264438961
2,0,974,1789633759147085824,3812375264449619
2,0,975,1789633759147097088,3812375264460201
2,0,976,1789633759147107328,3812375264470817
2,0,977,1789633759147117568,3812375264481521
2,0,978,1789633759147128832,3812375264492134
2,0,979,1789633759147139072,3812375264502761
2,0,980,1789633759147150336,3812375264513356
2,0,981,1789633759147160576,3812375264523950
2,0,982,1789633759147170816,3812375264534556
2,0,983,1789633759147182080,3812375264545203
2,0,984,1789633759147192320,3812375264555752
2,0,985,1789633759147202560,3812375264566428
2,0,986,1789633759147213824,3812375264577217
2,0,987,1789633759147224064,3812375264587841
2,0,988,1789633759147235328,3812375264598574
2,0,989,1789633759147245568,3812375264609194
2,0,990,1789633759147256832,3812375264619777
2,0,991,1789633759147267072,3812375264630374
2,0,992,1789633759147277312,3812375264641023
2,0,993,1789633759147288576,3812375264651661
2,0,994,1789633759147298816,3812375264662294
2,0,995,1789633759147309056,3812375264672899
2,0,996,1789633759147320320,3812375264683541
2,0,997,1789633759147330560,3812375264694246
2,0,998,1789633759147341824,3812375264704850
2,0,999,1789633759147352064,3812375264715619
2,0,1000,1789633759147362304,3812375264726264
2,0,1001,1789633759147373568,3812375264737101
2,0,1002,1789633759147383808,3812375264747719
2,0,1003,1789633759147395072,3812375264758563
2,0,1004,1789633759147405312,3812375264769206
2,0,1005,1789633759147416576,3812375264780041
2,0,1006,1789633759147426816,3812375264790643
2,0,1007,1789633759147438080,3812375264801239
2,0,1008,1789633759147448320,3812375264811821
2,0,1009,1789633759147458560,3812375264822441
2,0,1010,1789633759147469824,3812375264833036
2,0,1011,1789633759147480064,3812375264843653
2,0,1012,1789633759147490304,3812375264854233
2,0,1013,1789633759147501568,3812375264864826
2,0,1014,1789633759147511808,3812375264875621
2,0,1015,1789633759147523072,3812375264886306
2,0,1016,1789633759147533312,3812375264897050
2,0,1017,1789633759147544576,3812375264907681
2,0,1018,1789633759147554816,3812375264918534
2,0,1019,1789633759147566080,3812375264929166
2,0,1020,1789633759147576320,3812375264940039
2,0,1021,1789633759147587584,3812375264950586
2,0,1022,1789633759147597824,3812375264961217
2,0,1023,1789633759147608064,3812375264971806
2,0,1024,1789633759147619328,3812375264982406
2,0,1025,1789633759147629568,3812375264992999
2,0,1026,1789633759147639808,3812375265003581
2,0,1027,1789633759147651072,3812375265014223
2,0,1028,1789633759147661312,3812375265024864
2,0,1029,1789633759147671552,3812375265035563
2,0,1030,1789633759147682816,3812375265046177
2,0,1031,1789633759147693056,3812375265056794
2,0,1032,1789633759147704320,3812375265067459
2,0,1033,1789633759147714560,3812375265078063
2,0,1034,1789633759147724800,3812375265088639
2,0,1035,1789633759147736064,3812375265099259
2,0,1036,1789633759147746304,3812375265109849
2,0,1037,1789633759147756544,3812375265120499
2,0,1038,1789633759147767808,3812375265131253
2,0,1039,1789633759147778048,3812375265141852
2,0,1040,1789633759147789312,3812375265152614
2,0,1041,1789633759147799552,3812375265163192
2,0,1042,1789633759147810816,3812375265173839
2,0,1043,1789633759147821056,3812375265184428
2,0,1044,1789633759147831296,3812375265195057
2,0,1045,1789633759147842560,3812375265205623
2,0,1046,1789633759147852800,3812375265216222
2,0,1047,1789633759147863040,3812375265226864
2,0,1048,1789633759147874304,3812375265237523
2,0,1049,1789633759147884544,3812375265248205
2,0,1050,1789633759147895808,3812375265258821
2,0,1051,1789633759147906048,3812375265269433
2,0,1052,1789633759147916288,3812375265280039
2,0,1053,1789633759147927552,3812375265290594
2,0,1054,1789633759147937792,3812375265301182
2,0,1055,1789633759147948032,3812375265311826
2,0,1056,1789633759147959296,3812375265322414
2,0,1057,1789633759147969536,3812375265333036
2,0,1058,1789633759147979776,3812375265343788
2,0,1059,1789633759147991040,3812375265354442
2,0,1060,1789633759148001280,3812375265365268
2,0,1061,1789633759148012544,3812375265375892
2,0,1062,1789633759148022784,3812375265386734
2,0,1063,1789633759148034048,3812375265397381
2,0,1064,1789633759148044288,3812375265408183
2,0,1065,1789633759148055552,3812375265418819
2,0,1066,1789633759148065792,3812375265429432
2,0,1067,1789633759148077056,3812375265440059
2,0,1068,1789633759148087296,3812375265450693
2,0,1069,1789633759148097536,3812375265461306
2,0,1070,1789633759148108800,3812375265471903
2,0,1071,1789633759148119040,3812375265482523
2,0,1072,1789633759148129280,3812375265493181
2,0,1073,1789633759148140544,3812375265503841
2,0,1074,1789633759148150784,3812375265514503
2,0,1075,1789633759148162048,3812375265525214
2,0,1076,1789633759148172288,3812375265535812
2,0,1077,1789633759148182528,3812375265546426
2,0,1078,1789633759148193792,3812375265557009
2,0,1079,1789633759148204032,3812375265567666
2,0,1080,1789633759148215296,3812375265578261
2,0,1081,1789633759148225536,3812375265588874
2,0,1082,1789633759148235776,3812375265599486
2,0,1083,1789633759148247040,3812375265610099
2,0,1084,1789633759148257280,3812375265620808
2,0,1085,1789633759148267520,3812375265631493
2,0,1086,1789633759148278784,3812375265642274
2,0,1087,1789633759148289024,3812375265652913
2,0,1088,1789633759148300288,3812375265663543
2,0,1089,1789633759148310528,3812375265674073
2,0,1090,1789633759148320768,3812375265684657
2,0,1091,1789633759148332032,3812375265695321
2,0,1092,1789633759148342272,3812375265705912
2,0,1093,1789633759148353536,3812375265716561
2,0,1094,1789633759148363776,3812375265727174
2,0,1095,1789633759148374016,3812375265737950
2,0,1096,1789633759148385280,3812375265748602
2,0,1097,1789633759148395520,3812375265759326
2,0,1098,1789633759148406784,3812375265769934
2,0,1099,1789633759148417024,3812375265780521
2,0,1100,1789633759148427264,3812375265791099
2,0,1101,1789633759148438528,3812375265801697
2,0,1102,1789633759148448768,3812375265812309
2,0,1103,1789633759148459008,3812375265822974
2,0,1104,1789633759148470272,3812375265833577
2,0,1105,1789633759148480512,3812375265844159
2,0,1106,1789633759148491776,3812375265854908
2,0,1107,1789633759148502016,3812375265865490
2,0,1108,1789633759148512256,3812375265876073
2,0,1109,1789633759148523520,3812375265886612
2,0,1110,1789633759148533760,3812375265897199
2,0,1111,1789633759148544000,3812375265907750
2,0,1112,1789633759148555264,3812375265918363
2,0,1113,1789633759148565504,3812375265929163
2,0,1114,1789633759148576768,3812375265939799
2,0,1115,1789633759148587008,3812375265950503
2,0,1116,1789633759148597248,3812375265961143
2,0,1117,1789633759148608512,3812375265971733
2,0,1118,1789633759148618752,3812375265982337
2,0,1119,1789633759148628992,3812375265992937
2,0,1120,1789633759148640256,3812375266003506
2,0,1121,1789633759148650496,3812375266014116
2,0,1122,1789633759148661760,3812375266024734
2,0,1123,1789633759148672000,3812375266035356
2,0,1124,1789633759148682240,3812375266046086
2,0,1125,1789633759148693504,3812375266056712
2,0,1126,1789633759148703744,3812375266067299
2,0,1127,1789633759148713984,3812375266077897
2,0,1128,1789633759148725248,3812375266088481
2,0,1129,1789633759148735488,3812375266099099
2,0,1130,1789633759148745728,3812375266109708
2,0,1131,1789633759148756992,3812375266120319
2,0,1132,1789633759148767232,3812375266130921
2,0,1133,1789633759148778496,3812375266141679
2,0,1134,1789633759148788736,3812375266152273
2,0,1135,1789633759148798976,3812375266162908
2,0,1136,1789633759148810240,3812375266173506
2,0,1137,1789633759148820480,3812375266184114
2,0,1138,1789633759148830720,3812375266194652
2,0,1139,1789633759148841984,3812375266205259
2,0,1140,1789633759148852224,3812375266215899
2,0,1141,1789633759148863488,3812375266226537
2,0,1142,1789633759148873728,3812375266237276
2,0,1143,1789633759148883968,3812375266247888
2,0,1144,1789633759148895232,3812375266258483
2,0,1145,1789633759148905472,3812375266269059
2,0,1146,1789633759148916736,3812375266279709
2,0,1147,1789633759148926976,3812375266290286
2,0,1148,1789633759148937216,3812375266300894
2,0,1149,1789633759148948480,3812375266311482
2,0,1150,1789633759148958720,3812375266322106
2,0,1151,1789633759148968960,3812375266332862
2,0,1152,1789633759148980224,3812375266343527
2,0,1153,1789633759148990464,3812375266354349
2,0,1154,1789633759149001728,3812375266364992
2,0,1155,1789633759149011968,3812375266375792
2,0,1156,1789633759149023232,3812375266386412
2,0,1157,1789633759149033472,3812375266396994
2,0,1158,1789633759149043712,3812375266407577
2,0,1159,1789633759149054976,3812375266418214
2,0,1160,1789633759149065216,3812375266428772
2,0,1161,1789633759149075456,3812375266439369
2,0,1162,1789633759149086720,3812375266450033
2,0,1163,1789633759149096960,3812375266460587
2,0,1164,1789633759149108224,3812375266471367
2,0,1165,1789633759149118464,3812375266481977
2,0,1166,1789633759149128704,3812375266492598
2,0,1167,1789633759149139968,3812375266503156
2,0,1168,1789633759149150208,3812375266513754
2,0,1169,1789633759149160448,3812375266524314
2,0,1170,1789633759149171712,3812375266534959
2,0,1171,1789633759149181952,3812375266545599
2,0,1172,1789633759149193216,3812375266556212
2,0,1173,1789633759149203456,3812375266566952
2,0,1174,1789633759149213696,3812375266577559
2,0,1175,1789633759149224960,3812375266588168
2,0,1176,1789633759149235200,3812375266598743
2,0,1177,1789633759149245440,3812375266609352
2,0,1178,1789633759149256704,3812375266619909
2,0,1179,1789633759149266944,3812375266630472
2,0,1180,1789633759149277184,3812375266641182
2,0,1181,1789633759149288448,3812375266651796
2,0,1182,1789633759149298688,3812375266662537
2,0,1183,1789633759149309952,3812375266673169
2,0,1184,1789633759149320192,3812375266683767
2,0,1185,1789633759149330432,3812375266694392
2,0,1186,1789633759149341696,3812375266704996
2,0,1187,1789633759149351936,3812375266715565
2,0,1188,1789633759149362176,3812375266726147
2,0,1189,1789633759149373440,3812375266736756
2,0,1190,1789633759149383680,3812375266747334
2,0,1191,1789633759149394944,3812375266757927
2,0,1192,1789633759149405184,3812375266768499
2,0,1193,1789633759149415424,3812375266779116
2,0,1194,1789633759149426688,3812375266789694
2,0,1195,1789633759149436928,3812375266800339
2,0,1196,1789633759149447168,3812375266810934
2,0,1197,1789633759149458432,3812375266821549
2,0,1198,1789633759149468672,3812375266832274
2,0,1199,1789633759149478912,3812375266842846
2,0,1200,1789633759149490176,3812375266853499
2,0,1201,1789633759149500416,3812375266864089
2,0,1202,1789633759149511680,3812375266874716
2,0,1203,1789633759149521920,3812375266885334
2,0,1204,1789633759149532160,3812375266895976
2,0,1205,1789633759149543424,3812375266906526
2,0,1206,1789633759149553664,3812375266917146
2,0,1207,1789633759149563904,3812375266927857
2,0,1208,1789633759149575168,3812375266938454
2,0,1209,1789633759149585408,3812375266949068
2,0,1210,1789633759149596672,3812375266959674
2,0,1211,1789633759149606912,3812375266970232
2,0,1212,1789633759149617152,3812375266980824
2,0,1213,1789633759149628416,3812375266991464
2,0,1214,1789633759149638656,3812375267002094
2,0,1215,1789633759149648896,3812375267012736
2,0,1216,1789633759149660160,3812375267023454
2,0,1217,1789633759149670400,3812375267034109
2,0,1218,1789633759149681664,3812375267044676
2,0,1219,1789633759149691904,3812375267055276
2,0,1220,1789633759149702144,3812375267065886
2,0,1221,1789633759149713408,3812375267076441
2,0,1222,1789633759149723648,3812375267087082
2,0,1223,1789633759149733888,3812375267097671
2,0,1224,1789633759149745152,3812375267108311
2,0,1225,1789633759149755392,3812375267119051
2,0,1226,1789633759149766656,3812375267129668
2,0,1227,1789633759149776896,3812375267140524
2,0,1228,1789633759149787136,3812375267151129
2,0,1229,1789633759149798400,3812375267161708
2,0,1230,1789633759149808640,3812375267172264
2,0,1231,1789633759149818880,3812375267182864
2,0,1232,1789633759149830144,3812375267193494
2,0,1233,1789633759149840384,3812375267204169
2,0,1234,1789633759149851648,3812375267214748
2,0,1235,1789633759149861888,3812375267225371
2,0,1236,1789633759149872128,3812375267236094
2,0,1237,1789633759149883392,3812375267246728
2,0,1238,1789633759149893632,3812375267257318
2,0,1239,1789633759149904896,3812375267267872
2,0,1240,1789633759149915136,3812375267278454
2,0,1241,1789633759149925376,3812375267289064
2,0,1242,1789633759149936640,3812375267299708
2,0,1243,1789633759149946880,3812375267310337
2,0,1244,1789633759149957120,3812375267320969
2,0,1245,1789633759149968384,3812375267331689
2,0,1246,1789633759149978624,3812375267342308
2,0,1247,1789633759149989888,3812375267352884
2,0,1248,1789633759150000128,3812375267363502
2,0,1249,1789633759150010368,3812375267374066
2,0,1250,1789633759150021632,3812375267384652
2,0,1251,1789633759150031872,3812375267395312
2,0,1252,1789633759150042112,3812375267405911
2,0,1253,1789633759150053376,3812375267416572
2,0,1254,1789633759150063616,3812375267427274
2,0,1255,1789633759150074880,3812375267437949
2,0,1256,1789633759150085120,3812375267448524
2,0,1257,1789633759150095360,3812375267459174
2,0,1258,1789633759150106624,3812375267469777
2,0,1259,1789633759150116864,3812375267480359
2,0,1260,1789633759150127104,3812375267490974
2,0,1261,1789633759150138368,3812375267501566
2,0,1262,1789633759150148608,3812375267512204
2,0,1263,1789633759150158848,3812375267522944
2,0,1264,1789633759150170112,3812375267533624
2,0,1265,1789633759150180352,3812375267544297
2,0,1266,1789633759150191616,3812375267554977
2,0,1267,1789633759150201856,3812375267565544
2,0,1268,1789633759150213120,3812375267576224
2,0,1269,1789633759150223360,3812375267586821
2,0,1270,1789633759150233600,3812375267597431
2,0,1271,1789633759150244864,3812375267608051
2,0,1272,1789633759150255104,3812375267618644
2,0,1273,1789633759150265344,3812375267629294
2,0,1274,1789633759150276608,3812375267640012
2,0,1275,1789633759150286848,3812375267650632
2,0,1276,1789633759150298112,3812375267661369
2,0,1277,1789633759150308352,3812375267672024
2,0,1278,1789633759150319616,3812375267682592
2,0,1279,1789633759150329856,3812375267693274
2,0,1280,1789633759150340096,3812375267703822
2,0,1281,1789633759150351360,3812375267714368
2,0,1282,1789633759150361600,3812375267725001
2,0,1283,1789633759150371840,3812375267735609
2,0,1284,1789633759150383104,3812375267746241
2,0,1285,1789633759150393344,3812375267756974
2,0,1286,1789633759150403584,3812375267767611
2,0,1287,1789633759150414848,3812375267778162
2,0,1288,1789633759150425088,3812375267788782
2,0,1289,1789633759150436352,3812375267799404
2,0,1290,1789633759150446592,3812375267810035
2,0,1291,1789633759150456832,3812375267820584
2,0,1292,1789633759150468096,3812375267831194
2,0,1293,1789633759150478336,3812375267841822
2,0,1294,1789633759150488576,3812375267852558
2,0,1295,1789633759150499840,3812375267863204
2,0,1296,1789633759150510080,3812375267874026
2,0,1297,1789633759150521344,3812375267884662
2,0,1298,1789633759150531584,3812375267895231
2,0,1299,1789633759150542848,3812375267905852
2,0,1300,1789633759150553088,3812375267916465
2,0,1301,1789633759150563328,3812375267927038
2,0,1302,1789633759150574592,3812375267937608
2,0,1303,1789633759150584832,3812375267948252
2,0,1304,1789633759150595072,3812375267958862
2,0,1305,1789633759150606336,3812375267969602
2,0,1306,1789633759150616576,3812375267980242
2,0,1307,1789633759150627840,3812375267990809
2,0,1308,1789633759150638080,3812375268001452
2,0,1309,1789633759150648320,3812375268012045
2,0,1310,1789633759150659584,3812375268022657
2,0,1311,1789633759150669824,3812375268033224
2,0,1312,1789633759150680064,3812375268043828
2,0,1313,1789633759150691328,3812375268054426
2,0,1314,1789633759150701568,3812375268065202
2,0,1315,1789633759150711808,3812375268075814
2,0,1316,1789633759150723072,3812375268086435
2,0,1317,1789633759150733312,3812375268097045
2,0,1318,1789633759150744576,3812375268107639
2,0,1319,1789633759150754816,3812375268118268
2,0,1320,1789633759150765056,3812375268128888
2,0,1321,1789633759150776320,3812375268139474
2,0,1322,1789633759150786560,3812375268150088
2,0,1323,1789633759150796800,3812375268160782
2,0,1324,1789633759150808064,3812375268171464
2,0,1325,1789633759150818304,3812375268182278
2,0,1326,1789633759150829568,3812375268192952
2,0,1327,1789633759150839808,3812375268203708
2,0,1328,1789633759150851072,3812375268214358
2,0,1329,1789633759150861312,3812375268224915
2,0,1330,1789633759150871552,3812375268235568
2,0,1331,1789633759150882816,3812375268246164
2,0,1332,1789633759150893056,3812375268256774
2,0,1333,1789633759150904320,3812375268267372
2,0,1334,1789633759150914560,3812375268277955
2,0,1335,1789633759150924800,3812375268288577
2,0,1336,1789633759150936064,3812375268299292
2,0,1337,1789633759150946304,3812375268309914
2,0,1338,1789633759150956544,3812375268320502
2,0,1339,1789633759150967808,3812375268331125
2,0,1340,1789633759150978048,3812375268341729
2,0,1341,1789633759150989312,3812375268352332
2,0,1342,1789633759150999552,3812375268362955
2,0,1343,1789633759151009792,3812375268373521
2,0,1344,1789633759151021056,3812375268384162
2,0,1345,1789633759151031296,3812375268394888
2,0,1346,1789633759151041536,3812375268405514
2,0,1347,1789633759151052800,3812375268416112
2,0,1348,1789633759151063040,3812375268426728
2,0,1349,1789633759151074304,3812375268437337
2,0,1350,1789633759151084544,3812375268447928
2,0,1351,1789633759151094784,3812375268458525
2,0,1352,1789633759151106048,3812375268469121
2,0,1353,1789633759151116288,3812375268479734
2,0,1354,1789633759151126528,3812375268490479
2,0,1355,1789633759151137792,3812375268501094
2,0,1356,1789633759151148032,3812375268511701
2,0,1357,1789633759151159296,3812375268522314
2,0,1358,1789633759151169536,3812375268532902
2,0,1359,1789633759151179776,3812375268543529
2,0,1360,1789633759151191040,3812375268554111
2,0,1361,1789633759151201280,3812375268564737
2,0,1362,1789633759151211520,3812375268575369
2,0,1363,1789633759151222784,3812375268586072
2,0,1364,1789633759151233024,3812375268596682
2,0,1365,1789633759151243264,3812375268607275
2,0,1366,1789633759151254528,3812375268617894
2,0,1367,1789633759151264768,3812375268628497
2,0,1368,1789633759151276032,3812375268639094
2,0,1369,1789633759151286272,3812375268649716
2,0,1370,1789633759151296512,3812375268660328
2,0,1371,1789633759151307776,3812375268670924
2,0,1372,1789633759151318016,3812375268681655
2,0,1373,1789633759151328256,3812375268692257
2,0,1374,1789633759151339520,3812375268702871
2,0,1375,1789633759151349760,3812375268713488
2,0,1376,1789633759151361024,3812375268724108
2,0,1377,1789633759151371264,3812375268734722
2,0,1378,1789633759151381504,3812375268745394
2,0,1379,1789633759151392768,3812375268755992
2,0,1380,1789633759151403008,3812375268766559
2,0,1381,1789633759151413248,3812375268777252
2,0,1382,1789633759151424512,3812375268787871
2,0,1383,1789633759151434752,3812375268798449
2,0,1384,1789633759151446016,3812375268809046
2,0,1385,1789633759151456256,3812375268819629
2,0,1386,1789633759151466496,3812375268830249
2,0,1387,1789633759151477760,3812375268840848
2,0,1388,1789633759151488000,3812375268851474
2,0,1389,1789633759151498240,3812375268862088
2,0,1390,1789633759151509504,3812375268872832
2,0,1391,1789633759151519744,3812375268883537
2,0,1392,1789633759151531008,3812375268894329
2,0,1393,1789633759151541248,3812375268904928
2,0,1394,1789633759151552512,3812375268915509
2,0,1395,1789633759151562752,3812375268926092
2,0,1396,1789633759151572992,3812375268936665
2,0,1397,1789633759151584256,3812375268947292
2,0,1398,1789633759151594496,3812375268957912
2,0,1399,1789633759151604736,3812375268968539
2,0,1400,1789633759151616000,3812375268979148
2,0,1401,1789633759151626240,3812375268989892
2,0,1402,1789633759151636480,3812375269000504
2,0,1403,1789633759151647744,3812375269011094
2,0,1404,1789633759151657984,3812375269021676
2,0,1405,1789633759151669248,3812375269032274
2,0,1406,1789633759151679488,3812375269042841
2,0,1407,1789633759151689728,3812375269053521
2,0,1408,1789633759151700992,3812375269064144
2,0,1409,1789633759151711232,3812375269074758
2,0,1410,1789633759151721472,3812375269085488
2,0,1411,1789633759151732736,3812375269096049
2,0,1412,1789633759151742976,3812375269106631
2,0,1413,1789633759151753216,3812375269117185
2,0,1414,1789633759151764480,3812375269127822
2,0,1415,1789633759151774720,3812375269138411
2,0,1416,1789633759151784960,3812375269148998
2,0,1417,1789633759151796224,3812375269159692
2,0,1418,1789633759151806464,3812375269170312
2,0,1419,1789633759151817728,3812375269181101
2,0,1420,1789633759151827968,3812375269191691
2,0,1421,1789633759151839232,3812375269202314
2,0,1422,1789633759151849472,3812375269212895
2,0,1423,1789633759151859712,3812375269223521
2,0,1424,1789633759151870976,3812375269234084
2,0,1425,1789633759151881216,3812375269244714
2,0,1426,1789633759151891456,3812375269255302
2,0,1427,1789633759151902720,3812375269265895
2,0,1428,1789633759151912960,3812375269276688
2,0,1429,1789633759151924224,3812375269287305
2,0,1430,1789633759151934464,3812375269297902
2,0,1431,1789633759151944704,3812375269308464
2,0,1432,1789633759151955968,3812375269319048
2,0,1433,1789633759151966208,3812375269329611
2,0,1434,1789633759151976448,3812375269340181
2,0,1435,1789633759151987712,3812375269350881
2,0,1436,1789633759151997952,3812375269361495
2,0,1437,1789633759152008192,3812375269372259
2,0,1438,1789633759152019456,3812375269382876
2,0,1439,1789633759152029696,3812375269393492
2,0,1440,1789633759152040960,3812375269404089
2,0,1441,1789633759152051200,3812375269414718
2,0,1442,1789633759152061440,3812375269425284
2,0,1443,1789633759152072704,3812375269435924
2,0,1444,1789633759152082944,3812375269446486
2,0,1445,1789633759152093184,3812375269457101
2,0,1446,1789633759152104448,3812375269467844
2,0,1447,1789633759152114688,3812375269478466
2,0,1448,1789633759152125952,3812375269489078
2,0,1449,1789633759152136192,3812375269499668
2,0,1450,1789633759152146432,3812375269510282
2,0,1451,1789633759152157696,3812375269520839
2,0,1452,1789633759152167936,3812375269531468
2,0,1453,1789633759152178176,3812375269542069
2,0,1454,1789633759152189440,3812375269552676
2,0,1455,1789633759152199680,3812375269563459
2,0,1456,1789633759152210944,3812375269574078
2,0,1457,1789633759152221184,3812375269584914
2,0,1458,1789633759152232448,3812375269595525
2,0,1459,1789633759152242688,3812375269606122
2,0,1460,1789633759152252928,3812375269616729
2,0,1461,1789633759152264192,3812375269627711
2,0,1462,1789633759152274432,3812375269637875
2,0,1463,1789633759152284672,3812375269648445
2,0,1464,1789633759152295936,3812375269659163
2,0,1465,1789633759152306176,3812375269669716
2,0,1466,1789633759152316416,3812375269680484
2,0,1467,1789633759152327680,3812375269691088
2,0,1468,1789633759152337920,3812375269701729
2,0,1469,1789633759152349184,3812375269712358
2,0,1470,1789633759152359424,3812375269722937
2,0,1471,1789633759152369664,3812375269733501
2,0,1472,1789633759152380928,3812375269744139
2,0,1473,1789633759152391168,3812375269754705
2,0,1474,1789633759152401408,3812375269765332
2,0,1475,1789633759152412672,3812375269776105
2,0,1476,1789633759152422912,3812375269786702
2,0,1477,1789633759152434176,3812375269797289
2,0,1478,1789633759152444416,3812375269807857
2,0,1479,1789633759152454656,3812375269818464
2,0,1480,1789633759152465920,3812375269829050
2,0,1481,1789633759152476160,3812375269839694
2,0,1482,1789633759152486400,3812375269850309
2,0,1483,1789633759152497664,3812375269860881
2,0,1484,1789633759152507904,3812375269871678
2,0,1485,1789633759152519168,3812375269882295
2,0,1486,1789633759152529408,3812375269892878
2,0,1487,1789633759152539648,3812375269903499
2,0,1488,1789633759152550912,3812375269914105
2,0,1489,1789633759152561152,3812375269924678
2,0,1490,1789633759152571392,3812375269935299
2,0,1491,1789633759152582656,3812375269945902
2,0,1492,1789633759152592896,3812375269956522
2,0,1493,1789633759152603136,3812375269967288
2,0,1494,1789633759152614400,3812375269977884
2,0,1495,1789633759152624640,3812375269988488
2,0,1496,1789633759152635904,3812375269999078
2,0,1497,1789633759152646144,3812375270009684
2,0,1498,1789633759152656384,3812375270020288
2,0,1499,1789633759152667648,3812375270030894
2,0,1500,1789633759152677888,3812375270041497
2,0,1501,1789633759152688128,3812375270052114
2,0,1502,1789633759152699392,3812375270062888
2,0,1503,1789633759152709632,3812375270073509
2,0,1504,1789633759152720896,3812375270084078
2,0,1505,1789633759152731136,3812375270094688
2,0,1506,1789633759152741376,3812375270105305
2,0,1507,1789633759152752640,3812375270115912
2,0,1508,1789633759152762880,3812375270126549
2,0,1509,1789633759152773120,3812375270137118
2,0,1510,1789633759152784384,3812375270147735
2,0,1511,1789633759152794624,3812375270158438
2,0,1512,1789633759152805888,3812375270169089
2,0,1513,1789633759152816128,3812375270179657
2,0,1514,1789633759152826368,3812375270190215
2,0,1515,1789633759152837632,3812375270200822
2,0,1516,1789633759152847872,3812375270211444
2,0,1517,1789633759152858112,3812375270222074
2,0,1518,1789633759152869376,3812375270232692
2,0,1519,1789633759152879616,3812375270243302
2,0,1520,1789633759152889856,3812375270254029
2,0,1521,1789633759152901120,3812375270264668
2,0,1522,1789633759152911360,3812375270275257
2,0,1523,1789633759152922624,3812375270285829
2,0,1524,1789633759152932864,3812375270296414
2,0,1525,1789633759152943104,3812375270306974
2,0,1526,1789633759152954368,3812375270317602
2,0,1527,1789633759152964608,3812375270328268
2,0,1528,1789633759152974848,3812375270338884
2,0,1529,1789633759152986112,3812375270349621
2,0,1530,1789633759152996352,3812375270360257
2,0,1531,1789633759153007616,3812375270370852
2,0,1532,1789633759153017856,3812375270381457
2,0,1533,1789633759153028096,3812375270392072
2,0,1534,1789633759153039360,3812375270402639
2,0,1535,1789633759153049600,3812375270413259
2,0,1536,1789633759153059840,3812375270423855
2,0,1537,1789633759153071104,3812375270434485
2,0,1538,1789633759153081344,3812375270445216
2,0,1539,1789633759153092608,3812375270455836
2,0,1540,1789633759153102848,3812375270466414
2,0,1541,1789633759153113088,3812375270476992
2,0,1542,1789633759153124352,3812375270487584
2,0,1543,1789633759153134592,3812375270498158
2,0,1544,1789633759153144832,3812375270508765
2,0,1545,1789633759153156096,3812375270519449
2,0,1546,1789633759153166336,3812375270530062
2,0,1547,1789633759153177600,3812375270540817
2,0,1548,1789633759153187840,3812375270551468
2,0,1549,1789633759153198080,3812375270562259
2,0,1550,1789633759153209344,3812375270572872
2,0,1551,1789633759153219584,3812375270583494
2,0,1552,1789633759153230848,3812375270594068
2,0,1553,1789633759153241088,3812375270604659
2,0,1554,1789633759153251328,3812375270615251
2,0,1555,1789633759153262592,3812375270625852
2,0,1556,1789633759153272832,3812375270636491
2,0,1557,1789633759153283072,3812375270647112
2,0,1558,1789633759153294336,3812375270657884
2,0,1559,1789633759153304576,3812375270668528
2,0,1560,1789633759153315840,3812375270679097
2,0,1561,1789633759153326080,3812375270689752
2,0,1562,1789633759153336320,3812375270700358
2,0,1563,1789633759153347584,3812375270710971
2,0,1564,1789633759153357824,3812375270721577
2,0,1565,1789633759153369088,3812375270732159
2,0,1566,1789633759153379328,3812375270742791
2,0,1567,1789633759153389568,3812375270753564
2,0,1568,1789633759153400832,3812375270764204
2,0,1569,1789633759153411072,3812375270774908
2,0,1570,1789633759153422336,3812375270785524
2,0,1571,1789633759153432576,3812375270796134
2,0,1572,1789633759153442816,3812375270806724
2,0,1573,1789633759153454080,3812375270817283
2,0,1574,1789633759153464320,3812375270827854
2,0,1575,1789633759153474560,3812375270838461
2,0,1576,1789633759153485824,3812375270849126
2,0,1577,1789633759153496064,3812375270859788
2,0,1578,1789633759153507328,3812375270870497
2,0,1579,1789633759153517568,3812375270881146
2,0,1580,1789633759153527808,3812375270891719
2,0,1581,1789633759153539072,3812375270902346
2,0,1582,1789633759153549312,3812375270912914
2,0,1583,1789633759153559552,3812375270923501
2,0,1584,1789633759153570816,3812375270934105
2,0,1585,1789633759153581056,3812375270944721
2,0,1586,1789633759153591296,3812375270955341
2,0,1587,1789633759153602560,3812375270966076
2,0,1588,1789633759153612800,3812375270976728
2,0,1589,1789633759153624064,3812375270987286
2,0,1590,1789633759153634304,3812375270997883
2,0,1591,1789633759153644544,3812375271008472
2,0,1592,1789633759153655808,3812375271019078
2,0,1593,1789633759153666048,3812375271029685
2,0,1594,1789633759153676288,3812375271040318
2,0,1595,1789633759153687552,3812375271050924
2,0,1596,1789633759153697792,3812375271061697
2,0,1597,1789633759153709056,3812375271072334
2,0,1598,1789633759153719296,3812375271082932
2,0,1599,1789633759153729536,3812375271093545
2,0,1600,1789633759153740800,3812375271104134
2,0,1601,1789633759153751040,3812375271114772
2,0,1602,1789633759153762304,3812375271125374
2,0,1603,1789633759153772544,3812375271135956
2,0,1604,1789633759153782784,3812375271146574
2,0,1605,1789633759153794048,3812375271157259
2,0,1606,1789633759153804288,3812375271167884
2,0,1607,1789633759153814528,3812375271178468
2,0,1608,1789633759153825792,3812375271189074
2,0,1609,1789633759153836032,3812375271199662
2,0,1610,1789633759153846272,3812375271210269
2,0,1611,1789633759153857536,3812375271220872
2,0,1612,1789633759153867776,3812375271231492
2,0,1613,1789633759153878016,3812375271242099
2,0,1614,1789633759153889280,3812375271252894
2,0,1615,1789633759153899520,3812375271263524
2,0,1616,1789633759153910784,3812375271274108
2,0,1617,1789633759153921024,3812375271284674
2,0,1618,1789633759153931264,3812375271295242
2,0,1619,1789633759153942528,3812375271305849
2,0,1620,1789633759153952768,3812375271316451
2,0,1621,1789633759153963008,3812375271327101
2,0,1622,1789633759153974272,3812375271337725
2,0,1623,1789633759153984512,3812375271348449
2,0,1624,1789633759153995776,3812375271359048
2,0,1625,1789633759154006016,3812375271369604
2,0,1626,1789633759154016256,3812375271380175
2,0,1627,1789633759154027520,3812375271390794
2,0,1628,1789633759154037760,3812375271401457
2,0,1629,1789633759154048000,3812375271412057
2,0,1630,1789633759154059264,3812375271422674
2,0,1631,1789633759154069504,3812375271433242
2,0,1632,1789633759154080768,3812375271443809
2,0,1633,1789633759154091008,3812375271454374
2,0,1634,1789633759154101248,3812375271464937
2,0,1635,1789633759154111488,3812375271475508
2,0,1636,1789633759154122752,3812375271486134
2,0,1637,1789633759154132992,3812375271496804
2,0,1638,1789633759154144256,3812375271507402
2,0,1639,1789633759154154496,3812375271518192
2,0,1640,1789633759154165760,3812375271528836
2,0,1641,1789633759154176000,3812375271539638
2,0,1642,1789633759154186240,3812375271550288
2,0,1643,1789633759154197504,3812375271561104
2,0,1644,1789633759154207744,3812375271571723
2,0,1645,1789633759154219008,3812375271582314
2,0,1646,1789633759154229248,3812375271592874
2,0,1647,1789633759154239488,3812375271603524
2,0,1648,1789633759154250752,3812375271614112
2,0,1649,1789633759154260992,3812375271624728
2,0,1650,1789633759154272256,3812375271635329
2,0,1651,1789633759154282496,3812375271645944
2,0,1652,1789633759154292736,3812375271656682
2,0,1653,1789633759154304000,3812375271667346
2,0,1654,1789633759154314240,3812375271677924
2,0,1655,1789633759154324480,3812375271688449
2,0,1656,1789633759154335744,3812375271699028
2,0,1657,1789633759154345984,3812375271709648
2,0,1658,1789633759154356224,3812375271720264
2,0,1659,1789633759154367488,3812375271730902
2,0,1660,1789633759154377728,3812375271741508
2,0,1661,1789633759154388992,3812375271752278
2,0,1662,1789633759154399232,3812375271762874
2,0,1663,1789633759154409472,3812375271773494
2,0,1664,1789633759154420736,3812375271784069
2,0,1665,1789633759154430976,3812375271794651
2,0,1666,1789633759154441216,3812375271805234
2,0,1667,1789633759154452480,3812375271815854
2,0,1668,1789633759154462720,3812375271826484
2,0,1669,1789633759154473984,3812375271837109
2,0,1670,1789633759154484224,3812375271847888
2,0,1671,1789633759154494464,3812375271858509
2,0,1672,1789633759154505728,3812375271869352
2,0,1673,1789633759154515968,3812375271880031
2,0,1674,1789633759154527232,3812375271890784
2,0,1675,1789633759154537472,3812375271901358
2,0,1676,1789633759154548736,3812375271911936
2,0,1677,1789633759154558976,3812375271922484
2,0,1678,1789633759154569216,3812375271933074
2,0,1679,1789633759154580480,3812375271943664
2,0,1680,1789633759154590720,3812375271954274
2,0,1681,1789633759154600960,3812375271965014
2,0,1682,1789633759154612224,3812375271975628
2,0,1683,1789633759154622464,3812375271986362
2,0,1684,1789633759154633728,3812375271996981
2,0,1685,1789633759154643968,3812375272007591
2,0,1686,1789633759154654208,3812375272018141
2,0,1687,1789633759154665472,3812375272028728
2,0,1688,1789633759154675712,3812375272039324
2,0,1689,1789633759154685952,3812375272049924
2,0,1690,1789633759154697216,3812375272060602
2,0,1691,1789633759154707456,3812375272071199
2,0,1692,1789633759154718720,3812375272081962
2,0,1693,1789633759154728960,3812375272092575
2,0,1694,1789633759154739200,3812375272103172
2,0,1695,1789633759154750464,3812375272113742
2,0,1696,1789633759154760704,3812375272124337
2,0,1697,1789633759154770944,3812375272134869
2,0,1698,1789633759154782208,3812375272145488
2,0,1699,1789633759154792448,3812375272156182
2,0,1700,1789633759154803712,3812375272166802
2,0,1701,1789633759154813952,3812375272177558
2,0,1702,1789633759154824192,3812375272188184
2,0,1703,1789633759154835456,3812375272199036
2,0,1704,1789633759154845696,3812375272209634
2,0,1705,1789633759154856960,3812375272220254
2,0,1706,1789633759154867200,3812375272230836
2,0,1707,1789633759154877440,3812375272241451
2,0,1708,1789633759154888704,3812375272252028
2,0,1709,1789633759154898944,3812375272262611
2,0,1710,1789633759154909184,3812375272273242
2,0,1711,1789633759154920448,3812375272283857
2,0,1712,1789633759154930688,3812375272294601
2,0,1713,1789633759154941952,3812375272305194
2,0,1714,1789633759154952192,3812375272315812
2,0,1715,1789633759154962432,3812375272326389
2,0,1716,1789633759154973696,3812375272337038
2,0,1717,1789633759154983936,3812375272347574
2,0,1718,1789633759154994176,3812375272358137
2,0,1719,1789633759155005440,3812375272368836
2,0,1720,1789633759155015680,3812375272379404
2,0,1721,1789633759155026944,3812375272390228
2,0,1722,1789633759155037184,3812375272400881
2,0,1723,1789633759155047424,3812375272411668
2,0,1724,1789633759155058688,3812375272422328
2,0,1725,1789633759155068928,3812375272433142
2,0,1726,1789633759155080192,3812375272443754
2,0,1727,1789633759155090432,3812375272454352
2,0,1728,1789633759155101696,3812375272464942
2,0,1729,1789633759155111936,3812375272475549
2,0,1730,1789633759155122176,3812375272486137
2,0,1731,1789633759155133440,3812375272496761
2,0,1732,1789633759155143680,3812375272507384
2,0,1733,1789633759155153920,3812375272517946
2,0,1734,1789633759155165184,3812375272528708
2,0,1735,1789633759155175424,3812375272539274
2,0,1736,1789633759155186688,3812375272549902
2,0,1737,1789633759155196928,3812375272560469
2,0,1738,1789633759155207168,3812375272571050
2,0,1739,1789633759155218432,3812375272581611
2,0,1740,1789633759155228672,3812375272592212
2,0,1741,1789633759155238912,3812375272602928
2,0,1742,1789633759155250176,3812375272613525
2,0,1743,1789633759155260416,3812375272624315
2,0,1744,1789633759155271680,3812375272634954
2,0,1745,1789633759155281920,3812375272645777
2,0,1746,1789633759155293184,3812375272656364
2,0,1747,1789633759155303424,3812375272666992
2,0,1748,1789633759155313664,3812375272677577
2,0,1749,1789633759155324928,3812375272688195
2,0,1750,1789633759155335168,3812375272698754
2,0,1751,1789633759155345408,3812375272709391
2,0,1752,1789633759155356672,3812375272720031
2,0,1753,1789633759155366912,3812375272730609
2,0,1754,1789633759155377152,3812375272741348
2,0,1755,1789633759155388416,3812375272751999
2,0,1756,1789633759155398656,3812375272762822
2,0,1757,1789633759155409920,3812375272773517
2,0,1758,1789633759155420160,3812375272784264
2,0,1759,1789633759155431424,3812375272794882
2,0,1760,1789633759155441664,3812375272805504
2,0,1761,1789633759155452928,3812375272816077
2,0,1762,1789633759155463168,3812375272826645
2,0,1763,1789633759155473408,3812375272837257
2,0,1764,1789633759155484672,3812375272847839
2,0,1765,1789633759155494912,3812375272858476
2,0,1766,1789633759155505152,3812375272869074
2,0,1767,1789633759155516416,3812375272879857
2,0,1768,1789633759155526656,3812375272890395
2,0,1769,1789633759155537920,3812375272901051
2,0,1770,1789633759155548160,3812375272911659
2,0,1771,1789633759155558400,3812375272922404
2,0,1772,1789633759155569664,3812375272932964
2,0,1773,1789633759155579904,3812375272943577
2,0,1774,1789633759155590144,3812375272954169
2,0,1775,1789633759155601408,3812375272964797
2,0,1776,1789633759155611648,3812375272975542
2,0,1777,1789633759155622912,3812375272986132
2,0,1778,1789633759155633152,3812375272996917
2,0,1779,1789633759155644416,3812375273007514
2,0,1780,1789633759155654656,3812375273018127
2,0,1781,1789633759155664896,3812375273028674
2,0,1782,1789633759155676160,3812375273039242
2,0,1783,1789633759155686400,3812375273049847
2,0,1784,1789633759155696640,3812375273060441
2,0,1785,1789633759155707904,3812375273071122
2,0,1786,1789633759155718144,3812375273081744
2,0,1787,1789633759155728384,3812375273092489
2,0,1788,1789633759155739648,3812375273103154
2,0,1789,1789633759155749888,3812375273113977
2,0,1790,1789633759155761152,3812375273124597
2,0,1791,1789633759155771392,3812375273135427
2,0,1792,1789633759155782656,3812375273146072
2,0,1793,1789633759155792896,3812375273156894
2,0,1794,1789633759155804160,3812375273167492
2,0,1795,1789633759155814400,3812375273178091
2,0,1796,1789633759155824640,3812375273188692
2,0,1797,1789633759155835904,3812375273199311
2,0,1798,1789633759155846144,3812375273209924
2,0,1799,1789633759155857408,3812375273220552
2,0,1800,1789633759155867648,3812375273231159
2,0,1801,1789633759155877888,3812375273241757
2,0,1802,1789633759155889152,3812375273252467
2,0,1803,1789633759155899392,3812375273263049
2,0,1804,1789633759155909632,3812375273273664
2,0,1805,1789633759155920896,3812375273284226
2,0,1806,1789633759155931136,3812375273294829
2,0,1807,1789633759155941376,3812375273305467
2,0,1808,1789633759155952640,3812375273316086
2,0,1809,1789633759155962880,3812375273326692
2,0,1810,1789633759155974144,3812375273337314
2,0,1811,1789633759155984384,3812375273348051
2,0,1812,1789633759155994624,3812375273358644
2,0,1813,1789633759156005888,3812375273369257
2,0,1814,1789633759156016128,3812375273379834
2,0,1815,1789633759156026368,3812375273390442
2,0,1816,1789633759156037632,3812375273401049
2,0,1817,1789633759156047872,3812375273411685
2,0,1818,1789633759156059136,3812375273422272
2,0,1819,1789633759156069376,3812375273432887
2,0,1820,1789633759156079616,3812375273443661
2,0,1821,1789633759156090880,3812375273454224
2,0,1822,1789633759156101120,3812375273464789
2,0,1823,1789633759156111360,3812375273475389
2,0,1824,1789633759156122624,3812375273485992
2,0,1825,1789633759156132864,3812375273496561
2,0,1826,1789633759156143104,3812375273507181
2,0,1827,1789633759156154368,3812375273517866
2,0,1828,1789633759156164608,3812375273528459
2,0,1829,1789633759156175872,3812375273539255
2,0,1830,1789633759156186112,3812375273549879
2,0,1831,1789633759156197376,3812375273560716
2,0,1832,1789633759156207616,3812375273571334
2,0,1833,1789633759156217856,3812375273581927
2,0,1834,1789633759156229120,3812375273592464
2,0,1835,1789633759156239360,3812375273603052
2,0,1836,1789633759156249600,3812375273613659
2,0,1837,1789633759156260864,3812375273626468
2,0,1838,1789633759156271104,3812375273634946
2,0,1839,1789633759156282368,3812375273645525
2,0,1840,1789633759156292608,3812375273656287
2,0,1841,1789633759156302848,3812375273666924
2,0,1842,1789633759156314112,3812375273677497
2,0,1843,1789633759156324352,3812375273688105
2,0,1844,1789633759156334592,3812375273698761
2,0,1845,1789633759156345856,3812375273709312
2,0,1846,1789633759156356096,3812375273719926
2,0,1847,1789633759156367360,3812375273730537
2,0,1848,1789633759156377600,3812375273741134
2,0,1849,1789633759156387840,3812375273751869
2,0,1850,1789633759156399104,3812375273762521
2,0,1851,1789633759156409344,3812375273773372
2,0,1852,1789633759156420608,3812375273783914
2,0,1853,1789633759156430848,3812375273794542
2,0,1854,1789633759156441088,3812375273805104
2,0,1855,1789633759156452352,3812375273815706
2,0,1856,1789633759156462592,3812375273826304
2,0,1857,1789633759156472832,3812375273836904
2,0,1858,1789633759156484096,3812375273847552
2,0,1859,1789633759156494336,3812375273858159
2,0,1860,1789633759156505600,3812375273868929
2,0,1861,1789633759156515840,3812375273879525
2,0,1862,1789633759156526080,3812375273890129
2,0,1863,1789633759156537344,3812375273900711
2,0,1864,1789633759156547584,3812375273911301
2,0,1865,1789633759156557824,3812375273921859
2,0,1866,1789633759156569088,3812375273932452
2,0,1867,1789633759156579328,3812375273943155
2,0,1868,1789633759156590592,3812375273953804
2,0,1869,1789633759156600832,3812375273964515
2,0,1870,1789633759156611072,3812375273975127
2,0,1871,1789633759156622336,3812375273985747
2,0,1872,1789633759156632576,3812375273996354
2,0,1873,1789633759156643840,3812375274006957
2,0,1874,1789633759156654080,3812375274017494
2,0,1875,1789633759156664320,3812375274028092
2,0,1876,1789633759156675584,3812375274038744
2,0,1877,1789633759156685824,3812375274049374
2,0,1878,1789633759156696064,3812375274060115
2,0,1879,1789633759156707328,3812375274070724
2,0,1880,1789633759156717568,3812375274081328
2,0,1881,1789633759156727808,3812375274091902
2,0,1882,1789633759156739072,3812375274102537
2,0,1883,1789633759156749312,3812375274113134
2,0,1884,1789633759156760576,3812375274123715
2,0,1885,1789633759156770816,3812375274134329
2,0,1886,1789633759156781056,3812375274144912
2,0,1887,1789633759156792320,3812375274155712
2,0,1888,1789633759156802560,3812375274166317
2,0,1889,1789633759156812800,3812375274176910
2,0,1890,1789633759156824064,3812375274187507
2,0,1891,1789633759156834304,3812375274198132
2,0,1892,1789633759156845568,3812375274208722
2,0,1893,1789633759156855808,3812375274219284
2,0,1894,1789633759156866048,3812375274229924
2,0,1895,1789633759156877312,3812375274240552
2,0,1896,1789633759156887552,3812375274251277
2,0,1897,1789633759156897792,3812375274261874
2,0,1898,1789633759156909056,3812375274272500
2,0,1899,1789633759156919296,3812375274283012
2,0,1900,1789633759156930560,3812375274293674
2,0,1901,1789633759156940800,3812375274304250
2,0,1902,1789633759156951040,3812375274314874
2,0,1903,1789633759156962304,3812375274325534
2,0,1904,1789633759156972544,3812375274336149
2,0,1905,1789633759156982784,3812375274346892
2,0,1906,1789633759156994048,3812375274357494
2,0,1907,1789633759157004288,3812375274368082
2,0,1908,1789633759157015552,3812375274378659
2,0,1909,1789633759157025792,3812375274389247
2,0,1910,1789633759157036032,3812375274399852
2,0,1911,1789633759157047296,3812375274410524
2,0,1912,1789633759157057536,3812375274421107
2,0,1913,1789633759157067776,3812375274431722
2,0,1914,1789633759157079040,3812375274442493
2,0,1915,1789633759157089280,3812375274453123
2,0,1916,1789633759157100544,3812375274463947
2,0,1917,1789633759157110784,3812375274474600
2,0,1918,1789633759157122048,3812375274485404
2,0,1919,1789633759157132288,3812375274496014
2,0,1920,1789633759157142528,3812375274506884
2,0,1921,1789633759157153792,3812375274517492
2,0,1922,1789633759157164032,3812375274528094
2,0,1923,1789633759157175296,3812375274538744
2,0,1924,1789633759157185536,3812375274549357
2,0,1925,1789633759157196800,3812375274559920
2,0,1926,1789633759157207040,3812375274570517
2,0,1927,1789633759157217280,3812375274581090
2,0,1928,1789633759157228544,3812375274591672
2,0,1929,1789633759157238784,3812375274602437
2,0,1930,1789633759157249024,3812375274613064
2,0,1931,1789633759157260288,3812375274623675
2,0,1932,1789633759157270528,3812375274634257
2,0,1933,1789633759157280768,3812375274644874
2,0,1934,1789633759157292032,3812375274655452
2,0,1935,1789633759157302272,3812375274666075
2,0,1936,1789633759157313536,3812375274676662
2,0,1937,1789633759157323776,3812375274687284
2,0,1938,1789633759157334016,3812375274698037
2,0,1939,1789633759157345280,3812375274708657
2,0,1940,1789633759157355520,3812375274719497
2,0,1941,1789633759157366784,3812375274730147
2,0,1942,1789633759157377024,3812375274740744
2,0,1943,1789633759157387264,3812375274751332
2,0,1944,1789633759157398528,3812375274761947
2,0,1945,1789633759157408768,3812375274772540
2,0,1946,1789633759157419008,3812375274783123
2,0,1947,1789633759157430272,3812375274793722
2,0,1948,1789633759157440512,3812375274804337
2,0,1949,1789633759157451776,3812375274815076
2,0,1950,1789633759157462016,3812375274825697
2,0,1951,1789633759157472256,3812375274836314
2,0,1952,1789633759157483520,3812375274846874
2,0,1953,1789633759157493760,3812375274857519
2,0,1954,1789633759157504000,3812375274868107
2,0,1955,1789633759157515264,3812375274878742
2,0,1956,1789633759157525504,3812375274889297
2,0,1957,1789633759157535744,3812375274899844
2,0,1958,1789633759157547008,3812375274910420
2,0,1959,1789633759157557248,3812375274921016
2,0,1960,1789633759157567488,3812375274931647
2,0,1961,1789633759157578752,3812375274942224
2,0,1962,1789633759157588992,3812375274952889
2,0,1963,1789633759157600256,3812375274963492
2,0,1964,1789633759157610496,3812375274974110
2,0,1965,1789633759157620736,3812375274984809
2,0,1966,1789633759157632000,3812375274995360
2,0,1967,1789633759157642240,3812375275005994
2,0,1968,1789633759157652480,3812375275016557
2,0,1969,1789633759157663744,3812375275027182
2,0,1970,1789633759157673984,3812375275037764
2,0,1971,1789633759157685248,3812375275048392
2,0,1972,1789633759157695488,3812375275059027
2,0,1973,1789633759157705728,3812375275069649
2,0,1974,1789633759157716992,3812375275080394
2,0,1975,1789633759157727232,3812375275091017
2,0,1976,1789633759157737472,3812375275101599
2,0,1977,1789633759157748736,3812375275112167
2,0,1978,1789633759157758976,3812375275122784
2,0,1979,1789633759157770240,3812375275133500
2,0,1980,1789633759157780480,3812375275144114
2,0,1981,1789633759157790720,3812375275154712
2,0,1982,1789633759157801984,3812375275165350
2,0,1983,1789633759157812224,3812375275176075
2,0,1984,1789633759157823488,3812375275186714
2,0,1985,1789633759157833728,3812375275197465
2,0,1986,1789633759157843968,3812375275208074
2,0,1987,1789633759157855232,3812375275218640
2,0,1988,1789633759157865472,3812375275229255
2,0,1989,1789633759157876736,3812375275239877
2,0,1990,1789633759157886976,3812375275250459
2,0,1991,1789633759157897216,3812375275261115
2,0,1992,1789633759157908480,3812375275271712
2,0,1993,1789633759157918720,3812375275282355
2,0,1994,1789633759157928960,3812375275293050
2,0,1995,1789633759157940224,3812375275303686
2,0,1996,1789633759157950464,3812375275314514
2,0,1997,1789633759157961728,3812375275325107
2,0,1998,1789633759157971968,3812375275335697
2,0,1999,1789633759157982208,3812375275346290
2,0,2000,1789633759157993472,3812375275356927
2,0,2001,1789633759158003712,3812375275367509
2,0,2002,1789633759158014976,3812375275378116
2,0,2003,1789633759158025216,3812375275388713
2,0,2004,1789633759158035456,3812375275399329
2,0,2005,1789633759158046720,3812375275410089
2,0,2006,1789633759158056960,3812375275420745
2,0,2007,1789633759158067200,3812375275431305
2,0,2008,1789633759158078464,3812375275441897
2,0,2009,1789633759158088704,3812375275452525
2,0,2010,1789633759158099968,3812375275463113
2,0,2011,1789633759158110208,3812375275473762
2,0,2012,1789633759158120448,3812375275484353
2,0,2013,1789633759158131712,3812375275495019
2,0,2014,1789633759158141952,3812375275505787
2,0,2015,1789633759158153216,3812375275516413
2,0,2016,1789633759158163456,3812375275527139
2,0,2017,1789633759158173696,3812375275537739
2,0,2018,1789633759158184960,3812375275548335
2,0,2019,1789633759158195200,3812375275558943
2,0,2020,1789633759158205440,3812375275569567
2,0,2021,1789633759158216704,3812375275580173
2,0,2022,1789633759158226944,3812375275590807
2,0,2023,1789633759158238208,3812375275601457
2,0,2024,1789633759158248448,3812375275612086
2,0,2025,1789633759158258688,3812375275622817
2,0,2026,1789633759158269952,3812375275633529
2,0,2027,1789633759158280192,3812375275644273
2,0,2028,1789633759158291456,3812375275654897
2,0,2029,1789633759158301696,3812375275665659
2,0,2030,1789633759158312960,3812375275676253
2,0,2031,1789633759158323200,3812375275686843
2,0,2032,1789633759158333440,3812375275697427
2,0,2033,1789633759158344704,3812375275708032
2,0,2034,1789633759158354944,3812375275718606
2,0,2035,1789633759158365184,3812375275729257
2,0,2036,1789633759158376448,3812375275739863
2,0,2037,1789633759158386688,3812375275750559
2,0,2038,1789633759158397952,3812375275761235
2,0,2039,1789633759158408192,3812375275771857
2,0,2040,1789633759158418432,3812375275782460
2,0,2041,1789633759158429696,3812375275793052
2,0,2042,1789633759158439936,3812375275803687
2,0,2043,1789633759158450176,3812375275814270
2,0,2044,1789633759158461440,3812375275824880
2,0,2045,1789633759158471680,3812375275835463
2,0,2046,1789633759158482944,3812375275846113
2,0,2047,1789633759158493184,3812375275856823
2,0,2048,1789633759158503424,3812375275867466
2,0,2049,1789633759158514688,3812375275878045
2,0,2050,1789633759158524928,3812375275888630
2,0,2051,1789633759158535168,3812375275899273
2,0,2052,1789633759158546432,3812375275909840
2,0,2053,1789633759158556672,3812375275920472
2,0,2054,1789633759158566912,3812375275931059
2,0,2055,1789633759158578176,3812375275941697
2,0,2056,1789633759158588416,3812375275952425
2,0,2057,1789633759158599680,3812375275963046
2,0,2058,1789633759158609920,3812375275973653
2,0,2059,1789633759158620160,3812375275984227
2,0,2060,1789633759158631424,3812375275994809
2,0,2061,1789633759158641664,3812375276005360
2,0,2062,1789633759158651904,3812375276016003
2,0,2063,1789633759158663168,3812375276026632
2,0,2064,1789633759158673408,3812375276037267
2,0,2065,1789633759158684672,3812375276048007
2,0,2066,1789633759158694912,3812375276058640
2,0,2067,1789633759158705152,3812375276069232
2,0,2068,1789633759158716416,3812375276079807
2,0,2069,1789633759158726656,3812375276090380
2,0,2070,1789633759158736896,3812375276100963
2,0,2071,1789633759158748160,3812375276111599
2,0,2072,1789633759158758400,3812375276122220
2,0,2073,1789633759158769664,3812375276132853
2,0,2074,1789633759158779904,3812375276143595
2,0,2075,1789633759158790144,3812375276154213
2,0,2076,1789633759158801408,3812375276164835
2,0,2077,1789633759158811648,3812375276175457
2,0,2078,1789633759158821888,3812375276186039
2,0,2079,1789633759158833152,3812375276196609
2,0,2080,1789633759158843392,3812375276207233
2,0,2081,1789633759158854656,3812375276217822
2,0,2082,1789633759158864896,3812375276228463
2,0,2083,1789633759158875136,3812375276239199
2,0,2084,1789633759158886400,3812375276249827
2,0,2085,1789633759158896640,3812375276260437
2,0,2086,1789633759158907904,3812375276271087
2,0,2087,1789633759158918144,3812375276281693
2,0,2088,1789633759158928384,3812375276292246
2,0,2089,1789633759158939648,3812375276302859
2,0,2090,1789633759158949888,3812375276313507
2,0,2091,1789633759158960128,3812375276324142
2,0,2092,1789633759158971392,3812375276334877
2,0,2093,1789633759158981632,3812375276345497
2,0,2094,1789633759158992896,3812375276356227
2,0,2095,1789633759159003136,3812375276366886
2,0,2096,1789633759159013376,3812375276377480
2,0,2097,1789633759159024640,3812375276388137
2,0,2098,1789633759159034880,3812375276398769
2,0,2099,1789633759159046144,3812375276409326
2,0,2100,1789633759159056384,3812375276419926
2,0,2101,1789633759159066624,3812375276430523
2,0,2102,1789633759159077888,3812375276441197
2,0,2103,1789633759159088128,3812375276451927
2,0,2104,1789633759159099392,3812375276462569
2,0,2105,1789633759159109632,3812375276473287
2,0,2106,1789633759159119872,3812375276483910
2,0,2107,1789633759159131136,3812375276494507
2,0,2108,1789633759159141376,3812375276505105
2,0,2109,1789633759159151616,3812375276515722
2,0,2110,1789633759159162880,3812375276526327
2,0,2111,1789633759159173120,3812375276536949
2,0,2112,1789633759159183360,3812375276547523
2,0,2113,1789633759159194624,3812375276558168
2,0,2114,1789633759159204864,3812375276568987
2,0,2115,1789633759159216128,3812375276579587
2,0,2116,1789633759159226368,3812375276590329
2,0,2117,1789633759159237632,3812375276600969
2,0,2118,1789633759159247872,3812375276611557
2,0,2119,1789633759159258112,3812375276622153
2,0,2120,1789633759159269376,3812375276632747
2,0,2121,1789633759159279616,3812375276643319
2,0,2122,1789633759159289856,3812375276653923
2,0,2123,1789633759159301120,3812375276664567
2,0,2124,1789633759159311360,3812375276675203
2,0,2125,1789633759159322624,3812375276685927
2,0,2126,1789633759159332864,3812375276696555
2,0,2127,1789633759159343104,3812375276707120
2,0,2128,1789633759159354368,3812375276717715
2,0,2129,1789633759159364608,3812375276728362
2,0,2130,1789633759159374848,3812375276738960
2,0,2131,1789633759159386112,3812375276749563
2,0,2132,1789633759159396352,3812375276760160
2,0,2133,1789633759159406592,3812375276770769
2,0,2134,1789633759159417856,3812375276781525
2,0,2135,1789633759159428096,3812375276792173
2,0,2136,1789633759159439360,3812375276802757
2,0,2137,1789633759159449600,3812375276813359
2,0,2138,1789633759159459840,3812375276823957
2,0,2139,1789633759159471104,3812375276834555
2,0,2140,1789633759159481344,3812375276845167
2,0,2141,1789633759159491584,3812375276855745
2,0,2142,1789633759159502848,3812375276866353
2,0,2143,1789633759159513088,3812375276877123
2,0,2144,1789633759159524352,3812375276887747
2,0,2145,1789633759159534592,3812375276898357
2,0,2146,1789633759159544832,3812375276908973
2,0,2147,1789633759159556096,3812375276919562
2,0,2148,1789633759159566336,3812375276930169
2,0,2149,1789633759159576576,3812375276940762
2,0,2150,1789633759159587840,3812375276951323
2,0,2151,1789633759159598080,3812375276961936
2,0,2152,1789633759159609344,3812375276972722
2,0,2153,1789633759159619584,3812375276983332
2,0,2154,1789633759159629824,3812375276993925
2,0,2155,1789633759159641088,3812375277004595
2,0,2156,1789633759159651328,3812375277015223
2,0,2157,1789633759159662592,3812375277025837
2,0,2158,1789633759159672832,3812375277036447
2,0,2159,1789633759159683072,3812375277047052
2,0,2160,1789633759159694336,3812375277057693
2,0,2161,1789633759159704576,3812375277068383
2,0,2162,1789633759159714816,3812375277078996
2,0,2163,1789633759159726080,3812375277089742
2,0,2164,1789633759159736320,3812375277100362
2,0,2165,1789633759159747584,3812375277110973
2,0,2166,1789633759159757824,3812375277121572
2,0,2167,1789633759159768064,3812375277132123
2,0,2168,1789633759159779328,3812375277142736
2,0,2169,1789633759159789568,3812375277153342
2,0,2170,1789633759159799808,3812375277163979
2,0,2171,1789633759159811072,3812375277174576
2,0,2172,1789633759159821312,3812375277185352
2,0,2173,1789633759159832576,3812375277195986
2,0,2174,1789633759159842816,3812375277206539
2,0,2175,1789633759159853056,3812375277217182
2,0,2176,1789633759159864320,3812375277227789
2,0,2177,1789633759159874560,3812375277238376
2,0,2178,1789633759159885824,3812375277249037
2,0,2179,1789633759159896064,3812375277259633
2,0,2180,1789633759159906304,3812375277270216
2,0,2181,1789633759159917568,3812375277280932
2,0,2182,1789633759159927808,3812375277291547
2,0,2183,1789633759159938048,3812375277302142
2,0,2184,1789633759159949312,3812375277312732
2,0,2185,1789633759159959552,3812375277323322
2,0,2186,1789633759159969792,3812375277333927
2,0,2187,1789633759159981056,3812375277344505
2,0,2188,1789633759159991296,3812375277355152
2,0,2189,1789633759160002560,3812375277365705
2,0,2190,1789633759160012800,3812375277376265
2,0,2191,1789633759160023040,3812375277386879
2,0,2192,1789633759160033280,3812375277397450
2,0,2193,1789633759160044544,3812375277408059
2,0,2194,1789633759160054784,3812375277418665
2,0,2195,1789633759160066048,3812375277429283
2,0,2196,1789633759160076288,3812375277439873
2,0,2197,1789633759160086528,3812375277450673
2,0,2198,1789633759160097792,3812375277461242
2,0,2199,1789633759160108032,3812375277471859
2,0,2200,1789633759160119296,3812375277482463
2,0,2201,1789633759160129536,3812375277493029
2,0,2202,1789633759160139776,3812375277503643
2,0,2203,1789633759160151040,3812375277514287
2,0,2204,1789633759160161280,3812375277524892
2,0,2205,1789633759160171520,3812375277535503
2,0,2206,1789633759160182784,3812375277546232
2,0,2207,1789633759160193024,3812375277556867
2,0,2208,1789633759160204288,3812375277567449
2,0,2209,1789633759160214528,3812375277578016
2,0,2210,1789633759160224768,3812375277588599
2,0,2211,1789633759160236032,3812375277599197
2,0,2212,1789633759160246272,3812375277609825
2,0,2213,1789633759160256512,3812375277620452
2,0,2214,1789633759160267776,3812375277631080
2,0,2215,1789633759160278016,3812375277641863
2,0,2216,1789633759160288256,3812375277652447
2,0,2217,1789633759160299520,3812375277663063
2,0,2218,1789633759160309760,3812375277673632
2,0,2219,1789633759160321024,3812375277684225
2,0,2220,1789633759160331264,3812375277694792
2,0,2221,1789633759160341504,3812375277705449
2,0,2222,1789633759160352768,3812375277716069
2,0,2223,1789633759160363008,3812375277726686
2,0,2224,1789633759160373248,3812375277737427
2,0,2225,1789633759160384512,3812375277748003
2,0,2226,1789633759160394752,3812375277758639
2,0,2227,1789633759160406016,3812375277769207
2,0,2228,1789633759160416256,3812375277779780
2,0,2229,1789633759160426496,3812375277790376
2,0,2230,1789633759160437760,3812375277801013
2,0,2231,1789633759160448000,3812375277811650
2,0,2232,1789633759160458240,3812375277822237
2,0,2233,1789633759160469504,3812375277833036
2,0,2234,1789633759160479744,3812375277843677
2,0,2235,1789633759160491008,3812375277854279
2,0,2236,1789633759160501248,3812375277864925
2,0,2237,1789633759160511488,3812375277875509
2,0,2238,1789633759160522752,3812375277886092
2,0,2239,1789633759160532992,3812375277896682
2,0,2240,1789633759160543232,3812375277907269
2,0,2241,1789633759160554496,3812375277917936
2,0,2242,1789633759160564736,3812375277928675
2,0,2243,1789633759160576000,3812375277939302
2,0,2244,1789633759160586240,3812375277950077
2,0,2245,1789633759160597504,3812375277960699
2,0,2246,1789633759160607744,3812375277971313
2,0,2247,1789633759160617984,3812375277981893
2,0,2248,1789633759160629248,3812375277992503
2,0,2249,1789633759160639488,3812375278003107
2,0,2250,1789633759160649728,3812375278013727
2,0,2251,1789633759160660992,3812375278024305
2,0,2252,1789633759160671232,3812375278034942
2,0,2253,1789633759160681472,3812375278045677
2,0,2254,1789633759160692736,3812375278056305
2,0,2255,1789633759160702976,3812375278067133
2,0,2256,1789633759160714240,3812375278077723
2,0,2257,1789633759160724480,3812375278088336
2,0,2258,1789633759160735744,3812375278098920
2,0,2259,1789633759160745984,3812375278109520
2,0,2260,1789633759160756224,3812375278120074
2,0,2261,1789633759160767488,3812375278130702
2,0,2262,1789633759160777728,3812375278141346
2,0,2263,1789633759160787968,3812375278151966
2,0,2264,1789633759160799232,3812375278162699
2,0,2265,1789633759160809472,3812375278173353
2,0,2266,1789633759160820736,3812375278183939
2,0,2267,1789633759160830976,3812375278194603
2,0,2268,1789633759160841216,3812375278205214
2,0,2269,1789633759160852480,3812375278215823
2,0,2270,1789633759160862720,3812375278226449
2,0,2271,1789633759160872960,3812375278237050
2,0,2272,1789633759160884224,3812375278247637
2,0,2273,1789633759160894464,3812375278258389
2,0,2274,1789633759160905728,3812375278268986
2,0,2275,1789633759160915968,3812375278279773
2,0,2276,1789633759160926208,3812375278290390
2,0,2277,1789633759160937472,3812375278300980
2,0,2278,1789633759160947712,3812375278311690
2,0,2279,1789633759160958976,3812375278322377
2,0,2280,1789633759160969216,3812375278333047
2,0,2281,1789633759160979456,3812375278343717
2,0,2282,1789633759160990720,3812375278354403
2,0,2283,1789633759161000960,3812375278365072
2,0,2284,1789633759161012224,3812375278375762
2,0,2285,1789633759161022464,3812375278386422
2,0,2286,1789633759161033728,3812375278397106
2,0,2287,1789633759161043968,3812375278407840
2,0,2288,1789633759161055232,3812375278418580
2,0,2289,1789633759161065472,3812375278429292
2,0,2290,1789633759161076736,3812375278440010
2,0,2291,1789633759161086976,3812375278450719
2,0,2292,1789633759161097216,3812375278461503
2,0,2293,1789633759161108480,3812375278472222
2,0,2294,1789633759161118720,3812375278482909
2,0,2295,1789633759161129984,3812375278493606
2,0,2296,1789633759161140224,3812375278504296
2,0,2297,1789633759161151488,3812375278514981
2,0,2298,1789633759161161728,3812375278525712
2,0,2299,1789633759161172992,3812375278536422
2,0,2300,1789633759161183232,3812375278547172
2,0,2301,1789633759161194496,3812375278557892
2,0,2302,1789633759161204736,3812375278568616
2,0,2303,1789633759161216000,3812375278579306
2,0,2304,1789633759161226240,3812375278590086
2,0,2305,1789633759161237504,3812375278600793
2,0,2306,1789633759161247744,3812375278611532
2,0,2307,1789633759161257984,3812375278622270
2,0,2308,1789633759161269248,3812375278633012
2,0,2309,1789633759161279488,3812375278643725
2,0,2310,1789633759161290752,3812375278654456
2,0,2311,1789633759161300992,3812375278665170
2,0,2312,1789633759161312256,3812375278675930
2,0,2313,1789633759161322496,3812375278686615
2,0,2314,1789633759161333760,3812375278697379
2,0,2315,1789633759161344000,3812375278708046
2,0,2316,1789633759161355264,3812375278718843
2,0,2317,1789633759161365504,3812375278729579
2,0,2318,1789633759161376768,3812375278740303
2,0,2319,1789633759161387008,3812375278750999
2,0,2320,1789633759161398272,3812375278761759
2,0,2321,1789633759161408512,3812375278772470
2,0,2322,1789633759161419776,3812375278783232
2,0,2323,1789633759161430016,3812375278793965
2,0,2324,1789633759161441280,3812375278804675
2,0,2325,1789633759161451520,3812375278815380
2,0,2326,1789633759161462784,3812375278826139
2,0,2327,1789633759161473024,3812375278836849
2,0,2328,1789633759161483264,3812375278847589
2,0,2329,1789633759161494528,3812375278858257
2,0,2330,1789633759161504768,3812375278869063
2,0,2331,1789633759161516032,3812375278879749
2,0,2332,1789633759161526272,3812375278890499
2,0,2333,1789633759161537536,3812375278901224
2,0,2334,1789633759161547776,3812375278911976
2,0,2335,1789633759161559040,3812375278922672
2,0,2336,1789633759161569280,3812375278933426
2,0,2337,1789633759161580544,3812375278944160
2,0,2338,1789633759161590784,3812375278954902
2,0,2339,1789633759161602048,3812375278965612
2,0,2340,1789633759161612288,3812375278976342
2,0,2341,1789633759161623552,3812375278987037
2,0,2342,1789633759161633792,3812375278997813
2,0,2343,1789633759161645056,3812375279008492
2,0,2344,1789633759161655296,3812375279019263
2,0,2345,1789633759161666560,3812375279029937
2,0,2346,1789633759161676800,3812375279040600
2,0,2347,1789633759161687040,3812375279051333
2,0,2348,1789633759161698304,3812375279062026
2,0,2349,1789633759161708544,3812375279072739
2,0,2350,1789633759161719808,3812375279083489
2,0,2351,1789633759161730048,3812375279094197
2,0,2352,1789633759161741312,3812375279104959
2,0,2353,1789633759161751552,3812375279115639
2,0,2354,1789633759161762816,3812375279126423
2,0,2355,1789633759161773056,3812375279137112
2,0,2356,1789633759161784320,3812375279147876
2,0,2357,1789633759161794560,3812375279158562
2,0,2358,1789633759161805824,3812375279169329
2,0,2359,1789633759161816064,3812375279180040
2,0,2360,1789633759161827328,3812375279190783
2,0,2361,1789633759161837568,3812375279201499
2,0,2362,1789633759161848832,3812375279212250
2,0,2363,1789633759161859072,3812375279222949
2,0,2364,1789633759161869312,3812375279233709
2,0,2365,1789633759161880576,3812375279244446
2,0,2366,1789633759161890816,3812375279255167
2,0,2367,1789633759161902080,3812375279265893
2,0,2368,1789633759161912320,3812375279276630
2,0,2369,1789633759161923584,3812375279287367
2,0,2370,1789633759161933824,3812375279298100
2,0,2371,1789633759161945088,3812375279308810
2,0,2372,1789633759161955328,3812375279319547
2,0,2373,1789633759161966592,3812375279330289
2,0,2374,1789633759161976832,3812375279341010
2,0,2375,1789633759161988096,3812375279351707
2,0,2376,1789633759161998336,3812375279362473
2,0,2377,1789633759162009600,3812375279373146
2,0,2378,1789633759162019840,3812375279383929
2,0,2379,1789633759162031104,3812375279394589
2,0,2380,1789633759162041344,3812375279405372
2,0,2381,1789633759162052608,3812375279416080
2,0,2382,1789633759162062848,3812375279426850
2,0,2383,1789633759162074112,3812375279437502
2,0,2384,1789633759162084352,3812375279448300
2,0,2385,1789633759162095616,3812375279459036
2,0,2386,1789633759162105856,3812375279469766
2,0,2387,1789633759162117120,3812375279480440
2,0,2388,1789633759162127360,3812375279491239
2,0,2389,1789633759162137600,3812375279501887
2,0,2390,1789633759162148864,3812375279512673
2,0,2391,1789633759162159104,3812375279523399
2,0,2392,1789633759162170368,3812375279536066
2,0,2393,1789633759162182656,3812375279546797
2,0,2394,1789633759162193920,3812375279557559
2,0,2395,1789633759162204160,3812375279568243
2,0,2396,1789633759162215424,3812375279579013
2,0,2397,1789633759162225664,3812375279589686
2,0,2398,1789633759162236928,3812375279600474
2,0,2399,1789633759162247168,3812375279611190
2,0,2400,1789633759162258432,3812375279621922
2,0,2401,1789633759162268672,3812375279632597
2,0,2402,1789633759162279936,3812375279643392
2,0,2403,1789633759162290176,3812375279654082
2,0,2404,1789633759162301440,3812375279664849
2,0,2405,1789633759162311680,3812375279675530
2,0,2406,1789633759162321920,3812375279686314
2,0,2407,1789633759162333184,3812375279697013
2,0,2408,1789633759162343424,3812375279707763
2,0,2409,1789633759162354688,3812375279718483
2,0,2410,1789633759162364928,3812375279729212
2,0,2411,1789633759162376192,3812375279739939
2,0,2412,1789633759162386432,3812375279750682
2,0,2413,1789633759162397696,3812375279761412
2,0,2414,1789633759162407936,3812375279772140
2,0,2415,1789633759162419200,3812375279782870
2,0,2416,1789633759162429440,3812375279793596
2,0,2417,1789633759162440704,3812375279804326
2,0,2418,1789633759162450944,3812375279815059
2,0,2419,1789633759162462208,3812375279825755
2,0,2420,1789633759162472448,3812375279836523
2,0,2421,1789633759162483712,3812375279847233
2,0,2422,1789633759162493952,3812375279857967
2,0,2423,1789633759162505216,3812375279868683
2,0,2424,1789633759162515456,3812375279879439
2,0,2425,1789633759162526720,3812375279890149
2,0,2426,1789633759162536960,3812375279900896
2,0,2427,1789633759162548224,3812375279911622
2,0,2428,1789633759162558464,3812375279922362
2,0,2429,1789633759162568704,3812375279933043
2,0,2430,1789633759162579968,3812375279943817
2,0,2431,1789633759162590208,3812375279954542
2,0,2432,1789633759162601472,3812375279965283
2,0,2433,1789633759162611712,3812375279975973
2,0,2434,1789633759162622976,3812375279986733
2,0,2435,1789633759162633216,3812375279997409
2,0,2436,1789633759162644480,3812375280008197
2,0,2437,1789633759162654720,3812375280018879
2,0,2438,1789633759162665984,3812375280029650
2,0,2439,1789633759162676224,3812375280040362
2,0,2440,1789633759162687488,3812375280051123
2,0,2441,1789633759162697728,3812375280061812
2,0,2442,1789633759162708992,3812375280072573
2,0,2443,1789633759162719232,3812375280083287
2,0,2444,1789633759162730496,3812375280094022
2,0,2445,1789633759162740736,3812375280104754
2,0,2446,1789633759162752000,3812375280115477
2,0,2447,1789633759162762240,3812375280126233
2,0,2448,1789633759162773504,3812375280136966
2,0,2449,1789633759162783744,3812375280147680
2,0,2450,1789633759162795008,3812375280158407
2,0,2451,1789633759162805248,3812375280169123
2,0,2452,1789633759162816512,3812375280179870
2,0,2453,1789633759162826752,3812375280190495
2,0,2454,1789633759162836992,3812375280201070
2,0,2455,1789633759162848256,3812375280211653
2,0,2456,1789633759162858496,3812375280222317
2,0,2457,1789633759162868736,3812375280232922
2,0,2458,1789633759162880000,3812375280243543
2,0,2459,1789633759162890240,3812375280254153
2,0,2460,1789633759162901504,3812375280264782
2,0,2461,1789633759162911744,3812375280275453
2,0,2462,1789633759162921984,3812375280286083
2,0,2463,1789633759162933248,3812375280296680
2,0,2464,1789633759162943488,3812375280307263
2,0,2465,1789633759162953728,3812375280317836
2,0,2466,1789633759162964992,3812375280328443
2,0,2467,1789633759162975232,3812375280339070
2,0,2468,1789633759162985472,3812375280349696
2,0,2469,1789633759162996736,3812375280360323
2,0,2470,1789633759163006976,3812375280371049
2,0,2471,1789633759163018240,3812375280381719
2,0,2472,1789633759163028480,3812375280392512
2,0,2473,1789633759163039744,3812375280403139
2,0,2474,1789633759163049984,3812375280413756
2,0,2475,1789633759163060224,3812375280424343
2,0,2476,1789633759163071488,3812375280434947
2,0,2477,1789633759163081728,3812375280445530
2,0,2478,1789633759163091968,3812375280456173
2,0,2479,1789633759163103232,3812375280466793
2,0,2480,1789633759163113472,3812375280477460
2,0,2481,1789633759163124736,3812375280488196
2,0,2482,1789633759163134976,3812375280498832
2,0,2483,1789633759163145216,3812375280509562
2,0,2484,1789633759163156480,3812375280520173
2,0,2485,1789633759163166720,3812375280530756
2,0,2486,1789633759163177984,3812375280541466
2,0,2487,1789633759163188224,3812375280552056
2,0,2488,1789633759163198464,3812375280562660
2,0,2489,1789633759163209728,3812375280573300
2,0,2490,1789633759163219968,3812375280583870
2,0,2491,1789633759163231232,3812375280594506
2,0,2492,1789633759163241472,3812375280605242
2,0,2493,1789633759163251712,3812375280615872
2,0,2494,1789633759163262976,3812375280626612
2,0,2495,1789633759163273216,3812375280637223
2,0,2496,1789633759163284480,3812375280647830
2,0,2497,1789633759163294720,3812375280658432
2,0,2498,1789633759163304960,3812375280669050
2,0,2499,1789633759163316224,3812375280679629
2,0,2500,1789633759163326464,3812375280690303
2,0,2501,1789633759163336704,3812375280700870
2,0,2502,1789633759163347968,3812375280711510
2,0,2503,1789633759163358208,3812375280722196
2,0,2504,1789633759163369472,3812375280732839
2,0,2505,1789633759163379712,3812375280743676
2,0,2506,1789633759163390976,3812375280754307
2,0,2507,1789633759163401216,3812375280764903
2,0,2508,1789633759163411456,3812375280775479
2,0,2509,1789633759163422720,3812375280786099
2,0,2510,1789633759163432960,3812375280796679
2,0,2511,1789633759163443200,3812375280807339
2,0,2512,1789633759163454464,3812375280817910
2,0,2513,1789633759163464704,3812375280828541
2,0,2514,1789633759163474944,3812375280839250
2,0,2515,1789633759163486208,3812375280849843
2,0,2516,1789633759163496448,3812375280860377
2,0,2517,1789633759163507712,3812375280870983
2,0,2518,1789633759163517952,3812375280881606
2,0,2519,1789633759163528192,3812375280892193
2,0,2520,1789633759163539456,3812375280902853
2,0,2521,1789633759163549696,3812375280913486
2,0,2522,1789633759163559936,3812375280924107
2,0,2523,1789633759163571200,3812375280934839
2,0,2524,1789633759163581440,3812375280945509
2,0,2525,1789633759163592704,3812375280956073
2,0,2526,1789633759163602944,3812375280966669
2,0,2527,1789633759163613184,3812375280977270
2,0,2528,1789633759163624448,3812375280987863
2,0,2529,1789633759163634688,3812375280998486
2,0,2530,1789633759163644928,3812375281009089
2,0,2531,1789633759163656192,3812375281019737
2,0,2532,1789633759163666432,3812375281030433
2,0,2533,1789633759163677696,3812375281041083
2,0,2534,1789633759163687936,3812375281051649
2,0,2535,1789633759163698176,3812375281062240
2,0,2536,1789633759163709440,3812375281072860
2,0,2537,1789633759163719680,3812375281083503
2,0,2538,1789633759163729920,3812375281094109
2,0,2539,1789633759163741184,3812375281104692
2,0,2540,1789633759163751424,3812375281115337
2,0,2541,1789633759163762688,3812375281126014
2,0,2542,1789633759163772928,3812375281136642
2,0,2543,1789633759163783168,3812375281147228
2,0,2544,1789633759163794432,3812375281157830
2,0,2545,1789633759163804672,3812375281168399
2,0,2546,1789633759163814912,3812375281178976
2,0,2547,1789633759163826176,3812375281189612
2,0,2548,1789633759163836416,3812375281200249
2,0,2549,1789633759163846656,3812375281210856
2,0,2550,1789633759163857920,3812375281221630
2,0,2551,1789633759163868160,3812375281232250
2,0,2552,1789633759163879424,3812375281242847
2,0,2553,1789633759163889664,3812375281253513
2,0,2554,1789633759163899904,3812375281264112
2,0,2555,1789633759163911168,3812375281274709
2,0,2556,1789633759163921408,3812375281285286
2,0,2557,1789633759163931648,3812375281295889
2,0,2558,1789633759163942912,3812375281306512
2,0,2559,1789633759163953152,3812375281317196
2,0,2560,1789633759163964416,3812375281327823
2,0,2561,1789633759163974656,3812375281338429
2,0,2562,1789633759163984896,3812375281349003
2,0,2563,1789633759163996160,3812375281359605
2,0,2564,1789633759164006400,3812375281370173
2,0,2565,1789633759164016640,3812375281380750
2,0,2566,1789633759164027904,3812375281391453
2,0,2567,1789633759164038144,3812375281402080
2,0,2568,1789633759164049408,3812375281412800
2,0,2569,1789633759164059648,3812375281423526
2,0,2570,1789633759164069888,3812375281434273
2,0,2571,1789633759164081152,3812375281444892
2,0,2572,1789633759164091392,3812375281455472
2,0,2573,1789633759164102656,3812375281466056
2,0,2574,1789633759164112896,3812375281476630
2,0,2575,1789633759164123136,3812375281487222
2,0,2576,1789633759164134400,3812375281497849
2,0,2577,1789633759164144640,3812375281508470
2,0,2578,1789633759164154880,3812375281519059
2,0,2579,1789633759164166144,3812375281529636
2,0,2580,1789633759164176384,3812375281540223
2,0,2581,1789633759164186624,3812375281550829
2,0,2582,1789633759164197888,3812375281561456
2,0,2583,1789633759164208128,3812375281572059
2,0,2584,1789633759164219392,3812375281582661
2,0,2585,1789633759164229632,3812375281593243
2,0,2586,1789633759164239872,3812375281603973
2,0,2587,1789633759164251136,3812375281614605
2,0,2588,1789633759164261376,3812375281626366
2,0,2589,1789633759164271616,3812375281635773
2,0,2590,1789633759164282880,3812375281646426
2,0,2591,1789633759164293120,3812375281657007
2,0,2592,1789633759164303360,3812375281667634
2,0,2593,1789633759164314624,3812375281678261
2,0,2594,1789633759164324864,3812375281688839
2,0,2595,1789633759164336128,3812375281699569
2,0,2596,1789633759164346368,3812375281710153
2,0,2597,1789633759164356608,3812375281720770
2,0,2598,1789633759164367872,3812375281731340
2,0,2599,1789633759164378112,3812375281741940
2,0,2600,1789633759164388352,3812375281752547
2,0,2601,1789633759164399616,3812375281763176
2,0,2602,1789633759164409856,3812375281773817
2,0,2603,1789633759164421120,3812375281784408
2,0,2604,1789633759164431360,3812375281795158
2,0,2605,1789633759164441600,3812375281805762
2,0,2606,1789633759164452864,3812375281816383
2,0,2607,1789633759164463104,3812375281826996
2,0,2608,1789633759164474368,3812375281837616
2,0,2609,1789633759164484608,3812375281848207
2,0,2610,1789633759164494848,3812375281858830
2,0,2611,1789633759164506112,3812375281869446
2,0,2612,1789633759164516352,3812375281880060
2,0,2613,1789633759164526592,3812375281890862
2,0,2614,1789633759164537856,3812375281901483
2,0,2615,1789633759164548096,3812375281912207
2,0,2616,1789633759164559360,3812375281922820
2,0,2617,1789633759164569600,3812375281933688
2,0,2618,1789633759164580864,3812375281944278
2,0,2619,1789633759164591104,3812375281954882
2,0,2620,1789633759164601344,3812375281965454
2,0,2621,1789633759164612608,3812375281976048
2,0,2622,1789633759164622848,3812375281986653
2,0,2623,1789633759164633088,3812375281997246
2,0,2624,1789633759164644352,3812375282007890
2,0,2625,1789633759164654592,3812375282018492
2,0,2626,1789633759164664832,3812375282029278
2,0,2627,1789633759164676096,3812375282039876
2,0,2628,1789633759164686336,3812375282050496
2,0,2629,1789633759164697600,3812375282061187
2,0,2630,1789633759164707840,3812375282071870
2,0,2631,1789633759164719104,3812375282082572
2,0,2632,1789633759164729344,3812375282093260
2,0,2633,1789633759164740608,3812375282103998
2,0,2634,1789633759164750848,3812375282114677
2,0,2635,1789633759164761088,3812375282125388
2,0,2636,1789633759164772352,3812375282136066
2,0,2637,1789633759164782592,3812375282146787
2,0,2638,1789633759164793856,3812375282157503
2,0,2639,1789633759164804096,3812375282168222
2,0,2640,1789633759164815360,3812375282178908
2,0,2641,1789633759164825600,3812375282189618
2,0,2642,1789633759164836864,3812375282200293
2,0,2643,1789633759164847104,3812375282210998
2,0,2644,1789633759164858368,3812375282221734
2,0,2645,1789633759164868608,3812375282232473
2,0,2646,1789633759164878848,3812375282243193
2,0,2647,1789633759164890112,3812375282253924
2,0,2648,1789633759164900352,3812375282264673
2,0,2649,1789633759164911616,3812375282275386
2,0,2650,1789633759164921856,3812375282286098
2,0,2651,1789633759164933120,3812375282296788
2,0,2652,1789633759164943360,3812375282307513
2,0,2653,1789633759164954624,3812375282318198
2,0,2654,1789633759164964864,3812375282328933
2,0,2655,1789633759164976128,3812375282339607
2,0,2656,1789633759164986368,3812375282350323
2,0,2657,1789633759164997632,3812375282361037
2,0,2658,1789633759165007872,3812375282371738
2,0,2659,1789633759165018112,3812375282382512
2,0,2660,1789633759165029376,3812375282393236
2,0,2661,1789633759165039616,3812375282403985
2,0,2662,1789633759165050880,3812375282414656
2,0,2663,1789633759165061120,3812375282425420
2,0,2664,1789633759165072384,3812375282436116
2,0,2665,1789633759165082624,3812375282446890
2,0,2666,1789633759165093888,3812375282457648
2,0,2667,1789633759165104128,3812375282468317
2,0,2668,1789633759165115392,3812375282478946
2,0,2669,1789633759165125632,3812375282489657
2,0,2670,1789633759165136896,3812375282500260
2,0,2671,1789633759165147136,3812375282510872
2,0,2672,1789633759165157376,3812375282521476
2,0,2673,1789633759165168640,3812375282532158
2,0,2674,1789633759165178880,3812375282542792
2,0,2675,1789633759165189120,3812375282553390
2,0,2676,1789633759165200384,3812375282563988
2,0,2677,1789633759165210624,3812375282574606
2,0,2678,1789633759165221888,3812375282585333
2,0,2679,1789633759165232128,3812375282595950
2,0,2680,1789633759165242368,3812375282606712
2,0,2681,1789633759165253632,3812375282617328
2,0,2682,1789633759165263872,3812375282627940
2,0,2683,1789633759165275136,3812375282638530
2,0,2684,1789633759165285376,3812375282649140
2,0,2685,1789633759165295616,3812375282659716
2,0,2686,1789633759165306880,3812375282670348
2,0,2687,1789633759165317120,3812375282680972
2,0,2688,1789633759165327360,3812375282691612
2,0,2689,1789633759165338624,3812375282702380
2,0,2690,1789633759165348864,3812375282712963
2,0,2691,1789633759165360128,3812375282723582
2,0,2692,1789633759165370368,3812375282734205
2,0,2693,1789633759165380608,3812375282744798
2,0,2694,1789633759165391872,3812375282755390
2,0,2695,1789633759165402112,3812375282766056
2,0,2696,1789633759165413376,3812375282776657
2,0,2697,1789633759165423616,3812375282787282
2,0,2698,1789633759165433856,3812375282797976
2,0,2699,1789633759165445120,3812375282808587
2,0,2700,1789633759165455360,3812375282819350
2,0,2701,1789633759165466624,3812375282830027
2,0,2702,1789633759165476864,3812375282840562
2,0,2703,1789633759165487104,3812375282851148
2,0,2704,1789633759165498368,3812375282861740
2,0,2705,1789633759165508608,3812375282872366
2,0,2706,1789633759165518848,3812375282882988
2,0,2707,1789633759165530112,3812375282893616
2,0,2708,1789633759165540352,3812375282904218
2,0,2709,1789633759165550592,3812375282914943
2,0,2710,1789633759165561856,3812375282925578
2,0,2711,1789633759165572096,3812375282936396
2,0,2712,1789633759165583360,3812375282947016
2,0,2713,1789633759165593600,3812375282957596
2,0,2714,1789633759165604864,3812375282968163
2,0,2715,1789633759165615104,3812375282978736
2,0,2716,1789633759165625344,3812375282989327
2,0,2717,1789633759165636608,3812375283000027
2,0,2718,1789633759165646848,3812375283010620
2,0,2719,1789633759165657088,3812375283021238
2,0,2720,1789633759165668352,3812375283031988
2,0,2721,1789633759165678592,3812375283042605
2,0,2722,1789633759165689856,3812375283053246
2,0,2723,1789633759165700096,3812375283063817
2,0,2724,1789633759165710336,3812375283074438
2,0,2725,1789633759165721600,3812375283085028
2,0,2726,1789633759165731840,3812375283095647
2,0,2727,1789633759165742080,3812375283106271
2,0,2728,1789633759165753344,3812375283116900
2,0,2729,1789633759165763584,3812375283127666
2,0,2730,1789633759165774848,3812375283138273
2,0,2731,1789633759165785088,3812375283149030
2,0,2732,1789633759165796352,3812375283159638
2,0,2733,1789633759165806592,3812375283170220
2,0,2734,1789633759165816832,3812375283180853
2,0,2735,1789633759165828096,3812375283191490
2,0,2736,1789633759165838336,3812375283202071
2,0,2737,1789633759165848576,3812375283212708
2,0,2738,1789633759165859840,3812375283223301
2,0,2739,1789633759165870080,3812375283233920
2,0,2740,1789633759165880320,3812375283244710
2,0,2741,1789633759165891584,3812375283255353
2,0,2742,1789633759165901824,3812375283266086
2,0,2743,1789633759165913088,3812375283276714
2,0,2744,1789633759165923328,3812375283287319
2,0,2745,1789633759165934592,3812375283297923
2,0,2746,1789633759165944832,3812375283308527
2,0,2747,1789633759165955072,3812375283319110
2,0,2748,1789633759165966336,3812375283329758
2,0,2749,1789633759165976576,3812375283340375
2,0,2750,1789633759165986816,3812375283350978
2,0,2751,1789633759165998080,3812375283361790
2,0,2752,1789633759166008320,3812375283372440
2,0,2753,1789633759166019584,3812375283383221
2,0,2754,1789633759166029824,3812375283393871
2,0,2755,1789633759166041088,3812375283404591
2,0,2756,1789633759166051328,3812375283415197
2,0,2757,1789633759166061568,3812375283425800
2,0,2758,1789633759166072832,3812375283436373
2,0,2759,1789633759166083072,3812375283446951
2,0,2760,1789633759166093312,3812375283457581
2,0,2761,1789633759166104576,3812375283468248
2,0,2762,1789633759166114816,3812375283478881
2,0,2763,1789633759166126080,3812375283489521
2,0,2764,1789633759166136320,3812375283500260
2,0,2765,1789633759166146560,3812375283510870
2,0,2766,1789633759166157824,3812375283521639
2,0,2767,1789633759166168064,3812375283532238
2,0,2768,1789633759166179328,3812375283542850
2,0,2769,1789633759166189568,3812375283553510
2,0,2770,1789633759166199808,3812375283564083
2,0,2771,1789633759166211072,3812375283574680
2,0,2772,1789633759166221312,3812375283585296
2,0,2773,1789633759166232576,3812375283595880
2,0,2774,1789633759166242816,3812375283606556
2,0,2775,1789633759166253056,3812375283617348
2,0,2776,1789633759166264320,3812375283627960
2,0,2777,1789633759166274560,3812375283638686
2,0,2778,1789633759166285824,3812375283649346
2,0,2779,1789633759166296064,3812375283659921
2,0,2780,1789633759166306304,3812375283670536
2,0,2781,1789633759166317568,3812375283681201
2,0,2782,1789633759166327808,3812375283691848
2,0,2783,1789633759166339072,3812375283702503
2,0,2784,1789633759166349312,3812375283713126
2,0,2785,1789633759166359552,3812375283723738
2,0,2786,1789633759166370816,3812375283734377
2,0,2787,1789633759166381056,3812375283744990
2,0,2788,1789633759166391296,3812375283755755
2,0,2789,1789633759166402560,3812375283766357
2,0,2790,1789633759166412800,3812375283776996
2,0,2791,1789633759166424064,3812375283787560
2,0,2792,1789633759166434304,3812375283798187
2,0,2793,1789633759166444544,3812375283808781
2,0,2794,1789633759166455808,3812375283819440
2,0,2795,1789633759166466048,3812375283830064
2,0,2796,1789633759166477312,3812375283840692
2,0,2797,1789633759166487552,3812375283851453
2,0,2798,1789633759166497792,3812375283862033
2,0,2799,1789633759166509056,3812375283872800
2,0,2800,1789633759166519296,3812375283883423
2,0,2801,1789633759166530560,3812375283893996
2,0,2802,1789633759166540800,3812375283904591
2,0,2803,1789633759166551040,3812375283915180
2,0,2804,1789633759166562304,3812375283925800
2,0,2805,1789633759166572544,3812375283936453
2,0,2806,1789633759166582784,3812375283947070
2,0,2807,1789633759166594048,3812375283957720
2,0,2808,1789633759166604288,3812375283968483
2,0,2809,1789633759166615552,3812375283979091
2,0,2810,1789633759166625792,3812375283989841
2,0,2811,1789633759166637056,3812375284000470
2,0,2812,1789633759166647296,3812375284011068
2,0,2813,1789633759166657536,3812375284021706
2,0,2814,1789633759166668800,3812375284032337
2,0,2815,1789633759166679040,3812375284042983
2,0,2816,1789633759166690304,3812375284053637
2,0,2817,1789633759166700544,3812375284064260
2,0,2818,1789633759166710784,3812375284074868
2,0,2819,1789633759166722048,3812375284085527
2,0,2820,1789633759166732288,3812375284096140
2,0,2821,1789633759166742528,3812375284106910
2,0,2822,1789633759166753792,3812375284117503
2,0,2823,1789633759166764032,3812375284128098
2,0,2824,1789633759166775296,3812375284138720
2,0,2825,1789633759166785536,3812375284149323
2,0,2826,1789633759166795776,3812375284160030
2,0,2827,1789633759166807040,3812375284170600
2,0,2828,1789633759166817280,3812375284181213
2,0,2829,1789633759166827520,3812375284191838
2,0,2830,1789633759166838784,3812375284202573
2,0,2831,1789633759166849024,3812375284213202
2,0,2832,1789633759166860288,3812375284223950
2,0,2833,1789633759166870528,3812375284234553
2,0,2834,1789633759166881792,3812375284245150
2,0,2835,1789633759166892032,3812375284255740
2,0,2836,1789633759166902272,3812375284266387
2,0,2837,1789633759166913536,3812375284277007
2,0,2838,1789633759166923776,3812375284287671
2,0,2839,1789633759166934016,3812375284298277
2,0,2840,1789633759166945280,3812375284308871
2,0,2841,1789633759166955520,3812375284319650
2,0,2842,1789633759166966784,3812375284330271
2,0,2843,1789633759166977024,3812375284340996
2,0,2844,1789633759166988288,3812375284351598
2,0,2845,1789633759166998528,3812375284362203
2,0,2846,1789633759167008768,3812375284372826
2,0,2847,1789633759167020032,3812375284383488
2,0,2848,1789633759167030272,3812375284394118
2,0,2849,1789633759167040512,3812375284404730
2,0,2850,1789633759167051776,3812375284415343
2,0,2851,1789633759167062016,3812375284425923
2,0,2852,1789633759167072256,3812375284436678
2,0,2853,1789633759167083520,3812375284447301
2,0,2854,1789633759167093760,3812375284458056
2,0,2855,1789633759167105024,3812375284468690
2,0,2856,1789633759167115264,3812375284479530
2,0,2857,1789633759167126528,3812375284490163
2,0,2858,1789633759167136768,3812375284500737
2,0,2859,1789633759167148032,3812375284511463
2,0,2860,1789633759167158272,3812375284522060
2,0,2861,1789633759167168512,3812375284532671
2,0,2862,1789633759167179776,3812375284543260
2,0,2863,1789633759167190016,3812375284553881
2,0,2864,1789633759167200256,3812375284564493
2,0,2865,1789633759167211520,3812375284575188
2,0,2866,1789633759167221760,3812375284585790
2,0,2867,1789633759167233024,3812375284596573
2,0,2868,1789633759167243264,3812375284607196
2,0,2869,1789633759167253504,3812375284618028
2,0,2870,1789633759167264768,3812375284628678
2,0,2871,1789633759167275008,3812375284639493
2,0,2872,1789633759167286272,3812375284650137
2,0,2873,1789633759167296512,3812375284660950
2,0,2874,1789633759167307776,3812375284671573
2,0,2875,1789633759167318016,3812375284682180
2,0,2876,1789633759167329280,3812375284692768
2,0,2877,1789633759167339520,3812375284703360
2,0,2878,1789633759167349760,3812375284713923
2,0,2879,1789633759167361024,3812375284724531
2,0,2880,1789633759167371264,3812375284735147
2,0,2881,1789633759167381504,3812375284745783
2,0,2882,1789633759167392768,3812375284756534
2,0,2883,1789633759167403008,3812375284767157
2,0,2884,1789633759167414272,3812375284777740
2,0,2885,1789633759167424512,3812375284788372
2,0,2886,1789633759167434752,3812375284798956
2,0,2887,1789633759167446016,3812375284809534
2,0,2888,1789633759167456256,3812375284820129
2,0,2889,1789633759167466496,3812375284830740
2,0,2890,1789633759167477760,3812375284841461
2,0,2891,1789633759167488000,3812375284852210
2,0,2892,1789633759167499264,3812375284862847
2,0,2893,1789633759167509504,3812375284873690
2,0,2894,1789633759167520768,3812375284884330
2,0,2895,1789633759167531008,3812375284895025
2,0,2896,1789633759167542272,3812375284905698
2,0,2897,1789633759167552512,3812375284916261
2,0,2898,1789633759167562752,3812375284926848
2,0,2899,1789633759167574016,3812375284937465
2,0,2900,1789633759167584256,3812375284948057
2,0,2901,1789633759167594496,3812375284958673
2,0,2902,1789633759167605760,3812375284969252
2,0,2903,1789633759167616000,3812375284979873
2,0,2904,1789633759167626240,3812375284990623
2,0,2905,1789633759167637504,3812375285001241
2,0,2906,1789633759167647744,3812375285011816
2,0,2907,1789633759167659008,3812375285022438
2,0,2908,1789633759167669248,3812375285033006
2,0,2909,1789633759167679488,3812375285043571
2,0,2910,1789633759167690752,3812375285054186
2,0,2911,1789633759167700992,3812375285064848
2,0,2912,1789633759167711232,3812375285075467
2,0,2913,1789633759167722496,3812375285086233
2,0,2914,1789633759167732736,3812375285096851
2,0,2915,1789633759167744000,3812375285107448
2,0,2916,1789633759167754240,3812375285118053
2,0,2917,1789633759167764480,3812375285128656
2,0,2918,1789633759167775744,3812375285139273
2,0,2919,1789633759167785984,3812375285149861
2,0,2920,1789633759167796224,3812375285160433
2,0,2921,1789633759167807488,3812375285171043
2,0,2922,1789633759167817728,3812375285181637
2,0,2923,1789633759167827968,3812375285192268
2,0,2924,1789633759167839232,3812375285202856
2,0,2925,1789633759167849472,3812375285213493
2,0,2926,1789633759167860736,3812375285224088
2,0,2927,1789633759167870976,3812375285234678
2,0,2928,1789633759167881216,3812375285245268
2,0,2929,1789633759167892480,3812375285256038
2,0,2930,1789633759167902720,3812375285266650
2,0,2931,1789633759167912960,3812375285277413
2,0,2932,1789633759167924224,3812375285288050
2,0,2933,1789633759167934464,3812375285298627
2,0,2934,1789633759167945728,3812375285309303
2,0,2935,1789633759167955968,3812375285319901
2,0,2936,1789633759167966208,3812375285330513
2,0,2937,1789633759167977472,3812375285341134
2,0,2938,1789633759167987712,3812375285351703
2,0,2939,1789633759167998976,3812375285362310
2,0,2940,1789633759168009216,3812375285373083
2,0,2941,1789633759168019456,3812375285383680
2,0,2942,1789633759168030720,3812375285394443
2,0,2943,1789633759168040960,3812375285405066
2,0,2944,1789633759168052224,3812375285415686
2,0,2945,1789633759168062464,3812375285426281
2,0,2946,1789633759168072704,3812375285436890
2,0,2947,1789633759168083968,3812375285447497
2,0,2948,1789633759168094208,3812375285458050
2,0,2949,1789633759168104448,3812375285468673
2,0,2950,1789633759168115712,3812375285479254
2,0,2951,1789633759168125952,3812375285490048
2,0,2952,1789633759168137216,3812375285500706
2,0,2953,1789633759168147456,3812375285511283
2,0,2954,1789633759168157696,3812375285521951
2,0,2955,1789633759168168960,3812375285532566
2,0,2956,1789633759168179200,3812375285543194
2,0,2957,1789633759168190464,3812375285553780
2,0,2958,1789633759168200704,3812375285564348
2,0,2959,1789633759168210944,3812375285574963
2,0,2960,1789633759168222208,3812375285585707
2,0,2961,1789633759168232448,3812375285596320
2,0,2962,1789633759168242688,3812375285607110
2,0,2963,1789633759168253952,3812375285617736
2,0,2964,1789633759168264192,3812375285628393
2,0,2965,1789633759168275456,3812375285638933
2,0,2966,1789633759168285696,3812375285649508
2,0,2967,1789633759168295936,3812375285660111
2,0,2968,1789633759168307200,3812375285670686
2,0,2969,1789633759168317440,3812375285681310
2,0,2970,1789633759168327680,3812375285691893
2,0,2971,1789633759168338944,3812375285702440
2,0,2972,1789633759168349184,3812375285713028
2,0,2973,1789633759168359424,3812375285723663
2,0,2974,1789633759168370688,3812375285734256
2,0,2975,1789633759168380928,3812375285744826
2,0,2976,1789633759168391168,3812375285755431
2,0,2977,1789633759168402432,3812375285766033
2,0,2978,1789633759168412672,3812375285776821
2,0,2979,1789633759168423936,3812375285787423
2,0,2980,1789633759168434176,3812375285798133
2,0,2981,1789633759168444416,3812375285808833
2,0,2982,1789633759168455680,3812375285819527
2,0,2983,1789633759168465920,3812375285830237
2,0,2984,1789633759168477184,3812375285840918
2,0,2985,1789633759168487424,3812375285851643
2,0,2986,1789633759168498688,3812375285862353
2,0,2987,1789633759168508928,3812375285873063
2,0,2988,1789633759168520192,3812375285883759
2,0,2989,1789633759168530432,3812375285894481
2,0,2990,1789633759168541696,3812375285905141
2,0,2991,1789633759168551936,3812375285915836
2,0,2992,1789633759168562176,3812375285926556
2,0,2993,1789633759168573440,3812375285937240
2,0,2994,1789633759168583680,3812375285947878
2,0,2995,1789633759168594944,3812375285958594
2,0,2996,1789633759168605184,3812375285969273
2,0,2997,1789633759168616448,3812375285980028
2,0,2998,1789633759168626688,3812375285990677
2,0,2999,1789633759168636928,3812375286001388
2,0,3000,1789633759168648192,3812375286012098
2,0,3001,1789633759168658432,3812375286022777
2,0,3002,1789633759168669696,3812375286033480
2,0,3003,1789633759168679936,3812375286044243
2,0,3004,1789633759168691200,3812375286054963
2,0,3005,1789633759168701440,3812375286065618
2,0,3006,1789633759168712704,3812375286076240
2,0,3007,1789633759168722944,3812375286087007
2,0,3008,1789633759168734208,3812375286097661
2,0,3009,1789633759168744448,3812375286108470
2,0,3010,1789633759168755712,3812375286119061
2,0,3011,1789633759168765952,3812375286129671
2,0,3012,1789633759168776192,3812375286140261
2,0,3013,1789633759168787456,3812375286150900
2,0,3014,1789633759168797696,3812375286161514
2,0,3015,1789633759168807936,3812375286172141
2,0,3016,1789633759168819200,3812375286182687
2,0,3017,1789633759168829440,3812375286193310
2,0,3018,1789633759168839680,3812375286204041
2,0,3019,1789633759168850944,3812375286214660
2,0,3020,1789633759168861184,3812375286225258
2,0,3021,1789633759168872448,3812375286235881
2,0,3022,1789633759168882688,3812375286246526
2,0,3023,1789633759168892928,3812375286257117
2,0,3024,1789633759168904192,3812375286267731
2,0,3025,1789633759168914432,3812375286278308
2,0,3026,1789633759168924672,3812375286288932
2,0,3027,1789633759168935936,3812375286299636
2,0,3028,1789633759168946176,3812375286310203
2,0,3029,1789633759168957440,3812375286320760
2,0,3030,1789633759168967680,3812375286331431
2,0,3031,1789633759168977920,3812375286342070
2,0,3032,1789633759168989184,3812375286352655
2,0,3033,1789633759168999424,3812375286363301
2,0,3034,1789633759169009664,3812375286373860
2,0,3035,1789633759169020928,3812375286384506
2,0,3036,1789633759169031168,3812375286395246
2,0,3037,1789633759169042432,3812375286405901
2,0,3038,1789633759169052672,3812375286416700
2,0,3039,1789633759169063936,3812375286427297
2,0,3040,1789633759169074176,3812375286437878
2,0,3041,1789633759169084416,3812375286448436
2,0,3042,1789633759169095680,3812375286459047
2,0,3043,1789633759169105920,3812375286469658
2,0,3044,1789633759169116160,3812375286480308
2,0,3045,1789633759169127424,3812375286490913
2,0,3046,1789633759169137664,3812375286501546
2,0,3047,1789633759169147904,3812375286512266
2,0,3048,1789633759169159168,3812375286522897
2,0,3049,1789633759169169408,3812375286533500
2,0,3050,1789633759169180672,3812375286544111
2,0,3051,1789633759169190912,3812375286554673
2,0,3052,1789633759169201152,3812375286565301
2,0,3053,1789633759169212416,3812375286575948
2,0,3054,1789633759169222656,3812375286586571
2,0,3055,1789633759169232896,3812375286597196
2,0,3056,1789633759169244160,3812375286607873
2,0,3057,1789633759169254400,3812375286618483
2,0,3058,1789633759169265664,3812375286629081
2,0,3059,1789633759169275904,3812375286639648
2,0,3060,1789633759169286144,3812375286650211
2,0,3061,1789633759169297408,3812375286660781
2,0,3062,1789633759169307648,3812375286671464
2,0,3063,1789633759169317888,3812375286682080
2,0,3064,1789633759169329152,3812375286692733
2,0,3065,1789633759169339392,3812375286703463
2,0,3066,1789633759169350656,3812375286714113
2,0,3067,1789633759169360896,3812375286724920
2,0,3068,1789633759169372160,3812375286735670
2,0,3069,1789633759169382400,3812375286746371
2,0,3070,1789633759169392640,3812375286757040
2,0,3071,1789633759169403904,3812375286767844
2,0,3072,1789633759169414144,3812375286778516
2,0,3073,1789633759169425408,3812375286789290
2,0,3074,1789633759169435648,3812375286800030
2,0,3075,1789633759169446912,3812375286810758
2,0,3076,1789633759169457152,3812375286821513
2,0,3077,1789633759169468416,3812375286832188
2,0,3078,1789633759169478656,3812375286842903
2,0,3079,1789633759169489920,3812375286853671
2,0,3080,1789633759169500160,3812375286864383
2,0,3081,1789633759169511424,3812375286875116
2,0,3082,1789633759169521664,3812375286885818
2,0,3083,1789633759169532928,3812375286896591
2,0,3084,1789633759169543168,3812375286907276
2,0,3085,1789633759169554432,3812375286918040
2,0,3086,1789633759169564672,3812375286928705
2,0,3087,1789633759169575936,3812375286939513
2,0,3088,1789633759169586176,3812375286950171
2,0,3089,1789633759169596416,3812375286960770
2,0,3090,1789633759169607680,3812375286971467
2,0,3091,1789633759169617920,3812375286982036
2,0,3092,1789633759169629184,3812375286992656
2,0,3093,1789633759169639424,3812375287003313
2,0,3094,1789633759169649664,3812375287013910
2,0,3095,1789633759169660928,3812375287024504
2,0,3096,1789633759169671168,3812375287035183
2,0,3097,1789633759169682432,3812375287045830
2,0,3098,1789633759169692672,3812375287056563
2,0,3099,1789633759169702912,3812375287067156
2,0,3100,1789633759169714176,3812375287077758
2,0,3101,1789633759169724416,3812375287088366
2,0,3102,1789633759169734656,3812375287098983
2,0,3103,1789633759169745920,3812375287109570
2,0,3104,1789633759169756160,3812375287120156
2,0,3105,1789633759169766400,3812375287130784
2,0,3106,1789633759169777664,3812375287141346
2,0,3107,1789633759169787904,3812375287151910
2,0,3108,1789633759169798144,3812375287162478
2,0,3109,1789633759169809408,3812375287173083
2,0,3110,1789633759169819648,3812375287183680
2,0,3111,1789633759169830912,3812375287194303
2,0,3112,1789633759169841152,3812375287204913
2,0,3113,1789633759169851392,3812375287215517
2,0,3114,1789633759169862656,3812375287226304
2,0,3115,1789633759169872896,3812375287236907
2,0,3116,1789633759169884160,3812375287247528
2,0,3117,1789633759169894400,3812375287258103
2,0,3118,1789633759169904640,3812375287268708
2,0,3119,1789633759169915904,3812375287279267
2,0,3120,1789633759169926144,3812375287289898
2,0,3121,1789633759169936384,3812375287300481
2,0,3122,1789633759169947648,3812375287311128
2,0,3123,1789633759169957888,3812375287321860
2,0,3124,1789633759169969152,3812375287332518
2,0,3125,1789633759169979392,3812375287343336
2,0,3126,1789633759169989632,3812375287353927
2,0,3127,1789633759170000896,3812375287364530
2,0,3128,1789633759170011136,3812375287375103
2,0,3129,1789633759170021376,3812375287385710
2,0,3130,1789633759170032640,3812375287396293
2,0,3131,1789633759170042880,3812375287406887
2,0,3132,1789633759170054144,3812375287417560
2,0,3133,1789633759170064384,3812375287428138
2,0,3134,1789633759170074624,3812375287438946
2,0,3135,1789633759170085888,3812375287449533
2,0,3136,1789633759170096128,3812375287460141
2,0,3137,1789633759170106368,3812375287470697
2,0,3138,1789633759170117632,3812375287481280
2,0,3139,1789633759170127872,3812375287491877
2,0,3140,1789633759170138112,3812375287502471
2,0,3141,1789633759170149376,3812375287513141
2,0,3142,1789633759170159616,3812375287523758
2,0,3143,1789633759170170880,3812375287534531
2,0,3144,1789633759170181120,3812375287545097
2,0,3145,1789633759170191360,3812375287555720
2,0,3146,1789633759170202624,3812375287566318
2,0,3147,1789633759170212864,3812375287576906
2,0,3148,1789633759170223104,3812375287587451
2,0,3149,1789633759170234368,3812375287598051
2,0,3150,1789633759170244608,3812375287608727
2,0,3151,1789633759170255872,3812375287619348
2,0,3152,1789633759170266112,3812375287630108
2,0,3153,1789633759170276352,3812375287640700
2,0,3154,1789633759170287616,3812375287651297
2,0,3155,1789633759170297856,3812375287661874
2,0,3156,1789633759170309120,3812375287672478
2,0,3157,1789633759170319360,3812375287683036
2,0,3158,1789633759170329600,3812375287693623
2,0,3159,1789633759170339840,3812375287704324
2,0,3160,1789633759170351104,3812375287714913
2,0,3161,1789633759170361344,3812375287725717
2,0,3162,1789633759170372608,3812375287736311
2,0,3163,1789633759170382848,3812375287746927
2,0,3164,1789633759170394112,3812375287757510
2,0,3165,1789633759170404352,3812375287768130
2,0,3166,1789633759170414592,3812375287778700
2,0,3167,1789633759170425856,3812375287789310
2,0,3168,1789633759170436096,3812375287799913
2,0,3169,1789633759170446336,3812375287810470
2,0,3170,1789633759170457600,3812375287821303
2,0,3171,1789633759170467840,3812375287831924
2,0,3172,1789633759170479104,3812375287842503
2,0,3173,1789633759170489344,3812375287853086
2,0,3174,1789633759170499584,3812375287863713
2,0,3175,1789633759170510848,3812375287874310
2,0,3176,1789633759170521088,3812375287884891
2,0,3177,1789633759170531328,3812375287895497
2,0,3178,1789633759170542592,3812375287906140
2,0,3179,1789633759170552832,3812375287916866
2,0,3180,1789633759170564096,3812375287927501
2,0,3181,1789633759170574336,3812375287938108
2,0,3182,1789633759170584576,3812375287948670
2,0,3183,1789633759170595840,3812375287959297
2,0,3184,1789633759170606080,3812375287969860
2,0,3185,1789633759170616320,3812375287980488
2,0,3186,1789633759170627584,3812375287991108
2,0,3187,1789633759170637824,3812375288001697
2,0,3188,1789633759170648064,3812375288012476
2,0,3189,1789633759170659328,3812375288023088
2,0,3190,1789633759170669568,3812375288033693
2,0,3191,1789633759170680832,3812375288044260
2,0,3192,1789633759170691072,3812375288054903
2,0,3193,1789633759170701312,3812375288065473
2,0,3194,1789633759170712576,3812375288076128
2,0,3195,1789633759170722816,3812375288086691
2,0,3196,1789633759170733056,3812375288097273
2,0,3197,1789633759170744320,3812375288108051
2,0,3198,1789633759170754560,3812375288118651
2,0,3199,1789633759170765824,3812375288129261
2,0,3200,1789633759170776064,3812375288139817
2,0,3201,1789633759170786304,3812375288150441
2,0,3202,1789633759170797568,3812375288161013
2,0,3203,1789633759170807808,3812375288171641
2,0,3204,1789633759170818048,3812375288182286
2,0,3205,1789633759170829312,3812375288192913
2,0,3206,1789633759170839552,3812375288203641
2,0,3207,1789633759170850816,3812375288214241
2,0,3208,1789633759170861056,3812375288224856
2,0,3209,1789633759170871296,3812375288235428
2,0,3210,1789633759170882560,3812375288246031
2,0,3211,1789633759170892800,3812375288256578
2,0,3212,1789633759170903040,3812375288267221
2,0,3213,1789633759170914304,3812375288277860
2,0,3214,1789633759170924544,3812375288288463
2,0,3215,1789633759170934784,3812375288299268
2,0,3216,1789633759170946048,3812375288309883
2,0,3217,1789633759170956288,3812375288320481
2,0,3218,1789633759170967552,3812375288331063
2,0,3219,1789633759170977792,3812375288341631
2,0,3220,1789633759170988032,3812375288352211
2,0,3221,1789633759170999296,3812375288362848
2,0,3222,1789633759171009536,3812375288373480
2,0,3223,1789633759171019776,3812375288384108
2,0,3224,1789633759171031040,3812375288394833
2,0,3225,1789633759171041280,3812375288405456
2,0,3226,1789633759171052544,3812375288416028
2,0,3227,1789633759171062784,3812375288426630
2,0,3228,1789633759171073024,3812375288437203
2,0,3229,1789633759171084288,3812375288447770
2,0,3230,1789633759171094528,3812375288458387
2,0,3231,1789633759171104768,3812375288469060
2,0,3232,1789633759171116032,3812375288479681
2,0,3233,1789633759171126272,3812375288490437
2,0,3234,1789633759171137536,3812375288501051
2,0,3235,1789633759171147776,3812375288511623
2,0,3236,1789633759171158016,3812375288522201
2,0,3237,1789633759171169280,3812375288532767
2,0,3238,1789633759171179520,3812375288543336
2,0,3239,1789633759171189760,3812375288553933
2,0,3240,1789633759171201024,3812375288564647
2,0,3241,1789633759171211264,3812375288575261
2,0,3242,1789633759171222528,3812375288586003
2,0,3243,1789633759171232768,3812375288596650
2,0,3244,1789633759171243008,3812375288607233
2,0,3245,1789633759171254272,3812375288617855
2,0,3246,1789633759171264512,3812375288628453
2,0,3247,1789633759171274752,3812375288639048
2,0,3248,1789633759171286016,3812375288649638
2,0,3249,1789633759171296256,3812375288660221
2,0,3250,1789633759171306496,3812375288670850
2,0,3251,1789633759171317760,3812375288681606
2,0,3252,1789633759171328000,3812375288692260
2,0,3253,1789633759171339264,3812375288702837
2,0,3254,1789633759171349504,3812375288713498
2,0,3255,1789633759171359744,3812375288724110
2,0,3256,1789633759171371008,3812375288734703
2,0,3257,1789633759171381248,3812375288745310
2,0,3258,1789633759171392512,3812375288755888
2,0,3259,1789633759171402752,3812375288766480
2,0,3260,1789633759171412992,3812375288777190
2,0,3261,1789633759171424256,3812375288787803
2,0,3262,1789633759171434496,3812375288798410
2,0,3263,1789633759171444736,3812375288809027
2,0,3264,1789633759171456000,3812375288819573
2,0,3265,1789633759171466240,3812375288830170
2,0,3266,1789633759171476480,3812375288840813
2,0,3267,1789633759171487744,3812375288851451
2,0,3268,1789633759171497984,3812375288862053
2,0,3269,1789633759171509248,3812375288872778
2,0,3270,1789633759171519488,3812375288883368
2,0,3271,1789633759171529728,3812375288893980
2,0,3272,1789633759171540992,3812375288904578
2,0,3273,1789633759171551232,3812375288915171
2,0,3274,1789633759171561472,3812375288925763
2,0,3275,1789633759171572736,3812375288936407
2,0,3276,1789633759171582976,3812375288947016
2,0,3277,1789633759171593216,3812375288957613
2,0,3278,1789633759171604480,3812375288968401
2,0,3279,1789633759171614720,3812375288979003
2,0,3280,1789633759171625984,3812375288989581
2,0,3281,1789633759171636224,3812375289000156
2,0,3282,1789633759171646464,3812375289010726
2,0,3283,1789633759171657728,3812375289021348
2,0,3284,1789633759171667968,3812375289031923
2,0,3285,1789633759171678208,3812375289042606
2,0,3286,1789633759171689472,3812375289053213
2,0,3287,1789633759171699712,3812375289063963
2,0,3288,1789633759171710976,3812375289074560
2,0,3289,1789633759171721216,3812375289085118
2,0,3290,1789633759171731456,3812375289095681
2,0,3291,1789633759171742720,3812375289106313
2,0,3292,1789633759171752960,3812375289116880
2,0,3293,1789633759171763200,3812375289127498
2,0,3294,1789633759171774464,3812375289138188
2,0,3295,1789633759171784704,3812375289148746
2,0,3296,1789633759171794944,3812375289159338
2,0,3297,1789633759171806208,3812375289169930
2,0,3298,1789633759171816448,3812375289180520
2,0,3299,1789633759171827712,3812375289191120
2,0,3300,1789633759171837952,3812375289201727
2,0,3301,1789633759171848192,3812375289212343
2,0,3302,1789633759171859456,3812375289222986
2,0,3303,1789633759171869696,3812375289233681
2,0,3304,1789633759171879936,3812375289244346
2,0,3305,1789633759171891200,3812375289255170
2,0,3306,1789633759171901440,3812375289265771
2,0,3307,1789633759171912704,3812375289276387
2,0,3308,1789633759171922944,3812375289286941
2,0,3309,1789633759171933184,3812375289297573
2,0,3310,1789633759171944448,3812375289308163
2,0,3311,1789633759171954688,3812375289318790
2,0,3312,1789633759171965952,3812375289329398
2,0,3313,1789633759171976192,3812375289340028
2,0,3314,1789633759171986432,3812375289350741
2,0,3315,1789633759171997696,3812375289361463
2,0,3316,1789633759172007936,3812375289372196
2,0,3317,1789633759172019200,3812375289382800
2,0,3318,1789633759172029440,3812375289393683
2,0,3319,1789633759172040704,3812375289404260
2,0,3320,1789633759172050944,3812375289414843
2,0,3321,1789633759172061184,3812375289425411
2,0,3322,1789633759172072448,3812375289435998
2,0,3323,1789633759172082688,3812375289446620
2,0,3324,1789633759172092928,3812375289457250
2,0,3325,1789633759172104192,3812375289467888
2,0,3326,1789633759172114432,3812375289478498
2,0,3327,1789633759172125696,3812375289489263
2,0,3328,1789633759172135936,3812375289499831
2,0,3329,1789633759172146176,3812375289510446
2,0,3330,1789633759172157440,3812375289521010
2,0,3331,1789633759172167680,3812375289531623
2,0,3332,1789633759172177920,3812375289542220
2,0,3333,1789633759172189184,3812375289552816
2,0,3334,1789633759172199424,3812375289563488
2,0,3335,1789633759172210688,3812375289574111
2,0,3336,1789633759172220928,3812375289584838
2,0,3337,1789633759172231168,3812375289595413
2,0,3338,1789633759172242432,3812375289606036
2,0,3339,1789633759172252672,3812375289616631
2,0,3340,1789633759172262912,3812375289628254
2,0,3341,1789633759172274176,3812375289637775
2,0,3342,1789633759172284416,3812375289648381
2,0,3343,1789633759172294656,3812375289659133
2,0,3344,1789633759172305920,3812375289669690
2,0,3345,1789633759172316160,3812375289680416
2,0,3346,1789633759172327424,3812375289691030
2,0,3347,1789633759172337664,3812375289701621
2,0,3348,1789633759172347904,3812375289712236
2,0,3349,1789633759172359168,3812375289722853
2,0,3350,1789633759172369408,3812375289733530
2,0,3351,1789633759172380672,3812375289744220
2,0,3352,1789633759172390912,3812375289754936
2,0,3353,1789633759172401152,3812375289765601
2,0,3354,1789633759172412416,3812375289776311
2,0,3355,1789633759172422656,3812375289787020
2,0,3356,1789633759172433920,3812375289797740
2,0,3357,1789633759172444160,3812375289808431
2,0,3358,1789633759172455424,3812375289819173
2,0,3359,1789633759172465664,3812375289829856
2,0,3360,1789633759172476928,3812375289840581
2,0,3361,1789633759172487168,3812375289851256
2,0,3362,1789633759172497408,3812375289862001
2,0,3363,1789633759172508672,3812375289872626
2,0,3364,1789633759172518912,3812375289883311
2,0,3365,1789633759172530176,3812375289894023
2,0,3366,1789633759172540416,3812375289904781
2,0,3367,1789633759172551680,3812375289915492
2,0,3368,1789633759172561920,3812375289926220
2,0,3369,1789633759172573184,3812375289936956
2,0,3370,1789633759172583424,3812375289947693
2,0,3371,1789633759172594688,3812375289958420
2,0,3372,1789633759172604928,3812375289969141
2,0,3373,1789633759172616192,3812375289979853
2,0,3374,1789633759172626432,3812375289990608
2,0,3375,1789633759172637696,3812375290001333
2,0,3376,1789633759172647936,3812375290012053
2,0,3377,1789633759172659200,3812375290022753
2,0,3378,1789633759172669440,3812375290033523
2,0,3379,1789633759172679680,3812375290044186
2,0,3380,1789633759172690944,3812375290054996
2,0,3381,1789633759172701184,3812375290065681
2,0,3382,1789633759172712448,3812375290076456
2,0,3383,1789633759172722688,3812375290087130
2,0,3384,1789633759172733952,3812375290097903
2,0,3385,1789633759172744192,3812375290108606
2,0,3386,1789633759172755456,3812375290119350
2,0,3387,1789633759172765696,3812375290130041
2,0,3388,1789633759172776960,3812375290140816
2,0,3389,1789633759172787200,3812375290151513
2,0,3390,1789633759172798464,3812375290162281
2,0,3391,1789633759172808704,3812375290172929
2,0,3392,1789633759172819968,3812375290183731
2,0,3393,1789633759172830208,3812375290194428
2,0,3394,1789633759172841472,3812375290205200
2,0,3395,1789633759172851712,3812375290215881
2,0,3396,1789633759172862976,3812375290226666
2,0,3397,1789633759172873216,3812375290237351
2,0,3398,1789633759172884480,3812375290248120
2,0,3399,1789633759172894720,3812375290258798
2,0,3400,1789633759172905984,3812375290269578
2,0,3401,1789633759172916224,3812375290280303
2,0,3402,1789633759172927488,3812375290291028
2,0,3403,1789633759172937728,3812375290301763
2,0,3404,1789633759172948992,3812375290312501
2,0,3405,1789633759172959232,3812375290323203
2,0,3406,1789633759172969472,3812375290333950
2,0,3407,1789633759172980736,3812375290344661
2,0,3408,1789633759172990976,3812375290355400
2,0,3409,1789633759173002240,3812375290366117
2,0,3410,1789633759173012480,3812375290376867
2,0,3411,1789633759173023744,3812375290387587
2,0,3412,1789633759173033984,3812375290398317
2,0,3413,1789633759173045248,3812375290408997
2,0,3414,1789633759173055488,3812375290419800
2,0,3415,1789633759173066752,3812375290430515
2,0,3416,1789633759173076992,3812375290441237
2,0,3417,1789633759173088256,3812375290451955
2,0,3418,1789633759173098496,3812375290462707
2,0,3419,1789633759173109760,3812375290473350
2,0,3420,1789633759173120000,3812375290483943
2,0,3421,1789633759173130240,3812375290494530
2,0,3422,1789633759173141504,3812375290505150
2,0,3423,1789633759173151744,3812375290515736
2,0,3424,1789633759173161984,3812375290526307
2,0,3425,1789633759173173248,3812375290536936
2,0,3426,1789633759173183488,3812375290547520
2,0,3427,1789633759173193728,3812375290558296
2,0,3428,1789633759173204992,3812375290568887
2,0,3429,1789633759173215232,3812375290579507
2,0,3430,1789633759173226496,3812375290590100
2,0,3431,1789633759173236736,3812375290600733
2,0,3432,1789633759173246976,3812375290611320
2,0,3433,1789633759173258240,3812375290621965
2,0,3434,1789633759173268480,3812375290632537
2,0,3435,1789633759173278720,3812375290643155
2,0,3436,1789633759173289984,3812375290653879
2,0,3437,1789633759173300224,3812375290664496
2,0,3438,1789633759173311488,3812375290675085
2,0,3439,1789633759173321728,3812375290685705
2,0,3440,1789633759173331968,3812375290696333
2,0,3441,1789633759173343232,3812375290706925
2,0,3442,1789633759173353472,3812375290717557
2,0,3443,1789633759173364736,3812375290728136
2,0,3444,1789633759173374976,3812375290738774
2,0,3445,1789633759173385216,3812375290749480
2,0,3446,1789633759173396480,3812375290760073
2,0,3447,1789633759173406720,3812375290770679
2,0,3448,1789633759173416960,3812375290781257
2,0,3449,1789633759173428224,3812375290791856
2,0,3450,1789633759173438464,3812375290802460
2,0,3451,1789633759173448704,3812375290813107
2,0,3452,1789633759173459968,3812375290823705
2,0,3453,1789633759173470208,3812375290834303
2,0,3454,1789633759173481472,3812375290845083
2,0,3455,1789633759173491712,3812375290855676
2,0,3456,1789633759173501952,3812375290866269
2,0,3457,1789633759173513216,3812375290876856
2,0,3458,1789633759173523456,3812375290887434
2,0,3459,1789633759173533696,3812375290898007
2,0,3460,1789633759173544960,3812375290908625
2,0,3461,1789633759173555200,3812375290919299
2,0,3462,1789633759173566464,3812375290929927
2,0,3463,1789633759173576704,3812375290940687
2,0,3464,1789633759173586944,3812375290951296
2,0,3465,1789633759173598208,3812375290961899
2,0,3466,1789633759173608448,3812375290972487
2,0,3467,1789633759173618688,3812375290983049
2,0,3468,1789633759173629952,3812375290993689
2,0,3469,1789633759173640192,3812375291004317
2,0,3470,1789633759173651456,3812375291014894
2,0,3471,1789633759173661696,3812375291025533
2,0,3472,1789633759173671936,3812375291036247
2,0,3473,1789633759173683200,3812375291046874
2,0,3474,1789633759173693440,3812375291057456
2,0,3475,1789633759173703680,3812375291068055
2,0,3476,1789633759173714944,3812375291078607
2,0,3477,1789633759173725184,3812375291089205
2,0,3478,1789633759173735424,3812375291099823
2,0,3479,1789633759173746688,3812375291110467
2,0,3480,1789633759173756928,3812375291121088
2,0,3481,1789633759173768192,3812375291131853
2,0,3482,1789633759173778432,3812375291142439
2,0,3483,1789633759173788672,3812375291153037
2,0,3484,1789633759173799936,3812375291163629
2,0,3485,1789633759173810176,3812375291174197
2,0,3486,1789633759173820416,3812375291184765
2,0,3487,1789633759173831680,3812375291195377
2,0,3488,1789633759173841920,3812375291206064
2,0,3489,1789633759173853184,3812375291216699
2,0,3490,1789633759173863424,3812375291227457
2,0,3491,1789633759173873664,3812375291238066
2,0,3492,1789633759173884928,3812375291248677
2,0,3493,1789633759173895168,3812375291259275
2,0,3494,1789633759173906432,3812375291269857
2,0,3495,1789633759173916672,3812375291280414
2,0,3496,1789633759173926912,3812375291291009
2,0,3497,1789633759173938176,3812375291301657
2,0,3498,1789633759173948416,3812375291312299
2,0,3499,1789633759173958656,3812375291323025
2,0,3500,1789633759173969920,3812375291333637
2,0,3501,1789633759173980160,3812375291344267
2,0,3502,1789633759173991424,3812375291354915
2,0,3503,1789633759174001664,3812375291365463
2,0,3504,1789633759174011904,3812375291376094
2,0,3505,1789633759174023168,3812375291386685
2,0,3506,1789633759174033408,3812375291397267
2,0,3507,1789633759174043648,3812375291407857
2,0,3508,1789633759174054912,3812375291418649
2,0,3509,1789633759174065152,3812375291429268
2,0,3510,1789633759174076416,3812375291440099
2,0,3511,1789633759174086656,3812375291450737
2,0,3512,1789633759174096896,3812375291461318
2,0,3513,1789633759174108160,3812375291471899
2,0,3514,1789633759174118400,3812375291482467
2,0,3515,1789633759174128640,3812375291493049
2,0,3516,1789633759174139904,3812375291503673
2,0,3517,1789633759174150144,3812375291514305
2,0,3518,1789633759174161408,3812375291524945
2,0,3519,1789633759174171648,3812375291535659
2,0,3520,1789633759174181888,3812375291546267
2,0,3521,1789633759174193152,3812375291556870
2,0,3522,1789633759174203392,3812375291567459
2,0,3523,1789633759174213632,3812375291578068
2,0,3524,1789633759174224896,3812375291588690
2,0,3525,1789633759174235136,3812375291599267
2,0,3526,1789633759174246400,3812375291609885
2,0,3527,1789633759174256640,3812375291620439
2,0,3528,1789633759174266880,3812375291630983
2,0,3529,1789633759174278144,3812375291641607
2,0,3530,1789633759174288384,3812375291652186
2,0,3531,1789633759174298624,3812375291662777
2,0,3532,1789633759174309888,3812375291673379
2,0,3533,1789633759174320128,3812375291684014
2,0,3534,1789633759174330368,3812375291694611
2,0,3535,1789633759174341632,3812375291705417
2,0,3536,1789633759174351872,3812375291716007
2,0,3537,1789633759174363136,3812375291726599
2,0,3538,1789633759174373376,3812375291737207
2,0,3539,1789633759174383616,3812375291747813
2,0,3540,1789633759174394880,3812375291758457
2,0,3541,1789633759174405120,3812375291769103
2,0,3542,1789633759174415360,3812375291779714
2,0,3543,1789633759174426624,3812375291790317
2,0,3544,1789633759174436864,3812375291801063
2,0,3545,1789633759174448128,3812375291811687
2,0,3546,1789633759174458368,3812375291822436
2,0,3547,1789633759174468608,3812375291833067
2,0,3548,1789633759174479872,3812375291843645
2,0,3549,1789633759174490112,3812375291854253
2,0,3550,1789633759174501376,3812375291864998
2,0,3551,1789633759174511616,3812375291875716
2,0,3552,1789633759174522880,3812375291886402
2,0,3553,1789633759174533120,3812375291897187
2,0,3554,1789633759174543360,3812375291907857
2,0,3555,1789633759174554624,3812375291918566
2,0,3556,1789633759174564864,3812375291929287
2,0,3557,1789633759174576128,3812375291940007
2,0,3558,1789633759174586368,3812375291950707
2,0,3559,1789633759174597632,3812375291961377
2,0,3560,1789633759174607872,3812375291972076
2,0,3561,1789633759174619136,3812375291982754
2,0,3562,1789633759174629376,3812375291993470
2,0,3563,1789633759174639616,3812375292004145
2,0,3564,1789633759174650880,3812375292014867
2,0,3565,1789633759174661120,3812375292025559
2,0,3566,1789633759174672384,3812375292036287
2,0,3567,1789633759174682624,3812375292047003
2,0,3568,1789633759174693888,3812375292057717
2,0,3569,1789633759174704128,3812375292068389
2,0,3570,1789633759174715392,3812375292079137
2,0,3571,1789633759174725632,3812375292089847
2,0,3572,1789633759174736896,3812375292100566
2,0,3573,1789633759174747136,3812375292111297
2,0,3574,1789633759174758400,3812375292121952
2,0,3575,1789633759174768640,3812375292132625
2,0,3576,1789633759174778880,3812375292143319
2,0,3577,1789633759174790144,3812375292154079
2,0,3578,1789633759174800384,3812375292164765
2,0,3579,1789633759174811648,3812375292175536
2,0,3580,1789633759174821888,3812375292186245
2,0,3581,1789633759174833152,3812375292197002
2,0,3582,1789633759174843392,3812375292207708
2,0,3583,1789633759174854656,3812375292218445
2,0,3584,1789633759174864896,3812375292229205
2,0,3585,1789633759174876160,3812375292240057
2,0,3586,1789633759174886400,3812375292250737
2,0,3587,1789633759174897664,3812375292261517
2,0,3588,1789633759174907904,3812375292272217
2,0,3589,1789633759174919168,3812375292282985
2,0,3590,1789633759174929408,3812375292293694
2,0,3591,1789633759174940672,3812375292304437
2,0,3592,1789633759174950912,3812375292315154
2,0,3593,1789633759174962176,3812375292325874
2,0,3594,1789633759174972416,3812375292336588
2,0,3595,1789633759174983680,3812375292347359
2,0,3596,1789633759174993920,3812375292358085
2,0,3597,1789633759175005184,3812375292368825
2,0,3598,1789633759175015424,3812375292379547
2,0,3599,1789633759175026688,3812375292390277
2,0,3600,1789633759175036928,3812375292401007
2,0,3601,1789633759175047168,3812375292411737
2,0,3602,1789633759175058432,3812375292422477
2,0,3603,1789633759175068672,3812375292433199
2,0,3604,1789633759175079936,3812375292443887
2,0,3605,1789633759175090176,3812375292454659
2,0,3606,1789633759175101440,3812375292465348
2,0,3607,1789633759175111680,3812375292476105
2,0,3608,1789633759175122944,3812375292486832
2,0,3609,1789633759175133184,3812375292497564
2,0,3610,1789633759175144448,3812375292508287
2,0,3611,1789633759175154688,3812375292519036
2,0,3612,1789633759175165952,3812375292529772
2,0,3613,1789633759175176192,3812375292540497
2,0,3614,1789633759175187456,3812375292551216
2,0,3615,1789633759175197696,3812375292561949
2,0,3616,1789633759175208960,3812375292572637
2,0,3617,1789633759175219200,3812375292583407
2,0,3618,1789633759175230464,3812375292594116
2,0,3619,1789633759175240704,3812375292604885
2,0,3620,1789633759175251968,3812375292615569
2,0,3621,1789633759175262208,3812375292626329
2,0,3622,1789633759175273472,3812375292637107
2,0,3623,1789633759175283712,3812375292647827
2,0,3624,1789633759175293952,3812375292658505
2,0,3625,1789633759175305216,3812375292669239
2,0,3626,1789633759175315456,3812375292680027
2,0,3627,1789633759175326720,3812375292690702
2,0,3628,1789633759175336960,3812375292701505
2,0,3629,1789633759175348224,3812375292712219
2,0,3630,1789633759175358464,3812375292722945
2,0,3631,1789633759175369728,3812375292733670
2,0,3632,1789633759175379968,3812375292744426
2,0,3633,1789633759175391232,3812375292755147
2,0,3634,1789633759175401472,3812375292765857
2,0,3635,1789633759175412736,3812375292776547
2,0,3636,1789633759175422976,3812375292787265
2,0,3637,1789633759175434240,3812375292797999
2,0,3638,1789633759175444480,3812375292808696
2,0,3639,1789633759175455744,3812375292819477
2,0,3640,1789633759175465984,3812375292830188
2,0,3641,1789633759175477248,3812375292840919
2,0,3642,1789633759175487488,3812375292851617
2,0,3643,1789633759175498752,3812375292862377
2,0,3644,1789633759175508992,3812375292873056
2,0,3645,1789633759175519232,3812375292883856
2,0,3646,1789633759175530496,3812375292894539
2,0,3647,1789633759175540736,3812375292905265
2,0,3648,1789633759175552000,3812375292915989
2,0,3649,1789633759175562240,3812375292926705
2,0,3650,1789633759175573504,3812375292937302
2,0,3651,1789633759175583744,3812375292948079
2,0,3652,1789633759175595008,3812375292958692
2,0,3653,1789633759175605248,3812375292969274
2,0,3654,1789633759175615488,3812375292979872
2,0,3655,1789633759175626752,3812375292990454
2,0,3656,1789633759175636992,3812375293001065
2,0,3657,1789633759175647232,3812375293011665
2,0,3658,1789633759175658496,3812375293022299
2,0,3659,1789633759175668736,3812375293032927
2,0,3660,1789633759175680000,3812375293043467
2,0,3661,1789633759175690240,3812375293054016
2,0,3662,1789633759175700480,3812375293064635
2,0,3663,1789633759175711744,3812375293075252
2,0,3664,1789633759175721984,3812375293085885
2,0,3665,1789633759175732224,3812375293096505
2,0,3666,1789633759175743488,3812375293107127
2,0,3667,1789633759175753728,3812375293117887
2,0,3668,1789633759175764992,3812375293128487
2,0,3669,1789633759175775232,3812375293139246
2,0,3670,1789633759175785472,3812375293149867
2,0,3671,1789633759175796736,3812375293160467
2,0,3672,1789633759175806976,3812375293171067
2,0,3673,1789633759175817216,3812375293181689
2,0,3674,1789633759175828480,3812375293192268
2,0,3675,1789633759175838720,3812375293202856
2,0,3676,1789633759175849984,3812375293213462
2,0,3677,1789633759175860224,3812375293224116
2,0,3678,1789633759175870464,3812375293234852
2,0,3679,1789633759175881728,3812375293245479
2,0,3680,1789633759175891968,3812375293256076
2,0,3681,1789633759175903232,3812375293266677
2,0,3682,1789633759175913472,3812375293277279
2,0,3683,1789633759175923712,3812375293287882
2,0,3684,1789633759175934976,3812375293298465
2,0,3685,1789633759175945216,3812375293309057
2,0,3686,1789633759175955456,3812375293319675
2,0,3687,1789633759175966720,3812375293330416
2,0,3688,1789633759175976960,3812375293341017
2,0,3689,1789633759175987200,3812375293351617
2,0,3690,1789633759175998464,3812375293362209
2,0,3691,1789633759176008704,3812375293372817
2,0,3692,1789633759176018944,3812375293383496
2,0,3693,1789633759176030208,3812375293394130
2,0,3694,1789633759176040448,3812375293404697
2,0,3695,1789633759176051712,3812375293415327
2,0,3696,1789633759176061952,3812375293426025
2,0,3697,1789633759176072192,3812375293436665
2,0,3698,1789633759176083456,3812375293447497
2,0,3699,1789633759176093696,3812375293458139
2,0,3700,1789633759176104960,3812375293468956
2,0,3701,1789633759176115200,3812375293479570
2,0,3702,1789633759176126464,3812375293490187
2,0,3703,1789633759176136704,3812375293500832
2,0,3704,1789633759176147968,3812375293511457
2,0,3705,1789633759176158208,3812375293522047
2,0,3706,1789633759176168448,3812375293532636
2,0,3707,1789633759176179712,3812375293543217
2,0,3708,1789633759176189952,3812375293553794
2,0,3709,1789633759176200192,3812375293564532
2,0,3710,1789633759176211456,3812375293575179
2,0,3711,1789633759176221696,3812375293586007
2,0,3712,1789633759176232960,3812375293596594
2,0,3713,1789633759176243200,3812375293607225
2,0,3714,1789633759176253440,3812375293617827
2,0,3715,1789633759176264704,3812375293628424
2,0,3716,1789633759176274944,3812375293639109
2,0,3717,1789633759176285184,3812375293649756
2,0,3718,1789633759176296448,3812375293660448
2,0,3719,1789633759176306688,3812375293671192
2,0,3720,1789633759176317952,3812375293681887
2,0,3721,1789633759176328192,3812375293692554
2,0,3722,1789633759176339456,3812375293703272
2,0,3723,1789633759176349696,3812375293713947
2,0,3724,1789633759176360960,3812375293724649
2,0,3725,1789633759176371200,3812375293735387
2,0,3726,1789633759176382464,3812375293746118
2,0,3727,1789633759176392704,3812375293756822
2,0,3728,1789633759176403968,3812375293767593
2,0,3729,1789633759176414208,3812375293778288
2,0,3730,1789633759176424448,3812375293789015
2,0,3731,1789633759176435712,3812375293799719
2,0,3732,1789633759176445952,3812375293810475
2,0,3733,1789633759176457216,3812375293821185
2,0,3734,1789633759176467456,3812375293831945
2,0,3735,1789633759176478720,3812375293842669
2,0,3736,1789633759176488960,3812375293853399
2,0,3737,1789633759176500224,3812375293864127
2,0,3738,1789633759176510464,3812375293874853
2,0,3739,1789633759176521728,3812375293885569
2,0,3740,1789633759176531968,3812375293896328
2,0,3741,1789633759176543232,3812375293907027
2,0,3742,1789633759176553472,3812375293917767
2,0,3743,1789633759176564736,3812375293928477
2,0,3744,1789633759176574976,3812375293939247
2,0,3745,1789633759176586240,3812375293950025
2,0,3746,1789633759176596480,3812375293960695
2,0,3747,1789633759176607744,3812375293971349
2,0,3748,1789633759176617984,3812375293982164
2,0,3749,1789633759176629248,3812375293992917
2,0,3750,1789633759176639488,3812375294003637
2,0,3751,1789633759176650752,3812375294014347
2,0,3752,1789633759176660992,3812375294025096
2,0,3753,1789633759176671232,3812375294035772
2,0,3754,1789633759176682496,3812375294046536
2,0,3755,1789633759176692736,3812375294057227
2,0,3756,1789633759176704000,3812375294067952
2,0,3757,1789633759176714240,3812375294078639
2,0,3758,1789633759176725504,3812375294089459
2,0,3759,1789633759176735744,3812375294100185
2,0,3760,1789633759176747008,3812375294110915
2,0,3761,1789633759176757248,3812375294121587
2,0,3762,1789633759176768512,3812375294132369
2,0,3763,1789633759176778752,3812375294143069
2,0,3764,1789633759176790016,3812375294153825
2,0,3765,1789633759176800256,3812375294164517
2,0,3766,1789633759176811520,3812375294175292
2,0,3767,1789633759176821760,3812375294186002
2,0,3768,1789633759176833024,3812375294196696
2,0,3769,1789633759176843264,3812375294207314
2,0,3770,1789633759176853504,3812375294218050
2,0,3771,1789633759176864768,3812375294228686
2,0,3772,1789633759176875008,3812375294239307
2,0,3773,1789633759176886272,3812375294250025
2,0,3774,1789633759176896512,3812375294260516
2,0,3775,1789633759176906752,3812375294271089
2,0,3776,1789633759176918016,3812375294281727
2,0,3777,1789633759176928256,3812375294292328
2,0,3778,1789633759176938496,3812375294302955
2,0,3779,1789633759176949760,3812375294313637
2,0,3780,1789633759176960000,3812375294324309
2,0,3781,1789633759176971264,3812375294334886
2,0,3782,1789633759176981504,3812375294345550
2,0,3783,1789633759176991744,3812375294356087
2,0,3784,1789633759177003008,3812375294366705
2,0,3785,1789633759177013248,3812375294377325
2,0,3786,1789633759177023488,3812375294387920
2,0,3787,1789633759177034752,3812375294398565
2,0,3788,1789633759177044992,3812375294409245
2,0,3789,1789633759177056256,3812375294419916
2,0,3790,1789633759177066496,3812375294430725
2,0,3791,1789633759177077760,3812375294441342
2,0,3792,1789633759177088000,3812375294452182
2,0,3793,1789633759177099264,3812375294462814
2,0,3794,1789633759177109504,3812375294473607
2,0,3795,1789633759177120768,3812375294484259
2,0,3796,1789633759177131008,3812375294494812
2,0,3797,1789633759177141248,3812375294505365
2,0,3798,1789633759177151488,3812375294515962
2,0,3799,1789633759177162752,3812375294526559
2,0,3800,1789633759177172992,3812375294537185
2,0,3801,1789633759177184256,3812375294547837
2,0,3802,1789633759177194496,3812375294558508
2,0,3803,1789633759177204736,3812375294569205
2,0,3804,1789633759177216000,3812375294579834
2,0,3805,1789633759177226240,3812375294590407
2,0,3806,1789633759177237504,3812375294600974
2,0,3807,1789633759177247744,3812375294611570
2,0,3808,1789633759177257984,3812375294622169
2,0,3809,1789633759177269248,3812375294632777
2,0,3810,1789633759177279488,3812375294643436
2,0,3811,1789633759177289728,3812375294654089
2,0,3812,1789633759177300992,3812375294664809
2,0,3813,1789633759177311232,3812375294675450
2,0,3814,1789633759177322496,3812375294686037
2,0,3815,1789633759177332736,3812375294696619
2,0,3816,1789633759177342976,3812375294707247
2,0,3817,1789633759177354240,3812375294717825
2,0,3818,1789633759177364480,3812375294728432
2,0,3819,1789633759177374720,3812375294739047
2,0,3820,1789633759177385984,3812375294749649
2,0,3821,1789633759177396224,3812375294760395
2,0,3822,1789633759177407488,3812375294771027
2,0,3823,1789633759177417728,3812375294781605
2,0,3824,1789633759177427968,3812375294792208
2,0,3825,1789633759177439232,3812375294802836
2,0,3826,1789633759177449472,3812375294813487
2,0,3827,1789633759177459712,3812375294824102
2,0,3828,1789633759177470976,3812375294834736
2,0,3829,1789633759177481216,3812375294845325
2,0,3830,1789633759177491456,3812375294856077
2,0,3831,1789633759177502720,3812375294866735
2,0,3832,1789633759177512960,3812375294877552
2,0,3833,1789633759177524224,3812375294888189
2,0,3834,1789633759177534464,3812375294898898
2,0,3835,1789633759177545728,3812375294909524
2,0,3836,1789633759177555968,3812375294920105
2,0,3837,1789633759177567232,3812375294930719
2,0,3838,1789633759177577472,3812375294941302
2,0,3839,1789633759177587712,3812375294951847
2,0,3840,1789633759177597952,3812375294962467
2,0,3841,1789633759177609216,3812375294973125
2,0,3842,1789633759177619456,3812375294983769
2,0,3843,1789633759177630720,3812375294994509
2,0,3844,1789633759177640960,3812375295005137
2,0,3845,1789633759177652224,3812375295015949
2,0,3846,1789633759177662464,3812375295026567
2,0,3847,1789633759177672704,3812375295037158
2,0,3848,1789633759177683968,3812375295047779
2,0,3849,1789633759177694208,3812375295058377
2,0,3850,1789633759177705472,3812375295068965
2,0,3851,1789633759177715712,3812375295079567
2,0,3852,1789633759177725952,3812375295090167
2,0,3853,1789633759177737216,3812375295100799
2,0,3854,1789633759177747456,3812375295111545
2,0,3855,1789633759177757696,3812375295122142
2,0,3856,1789633759177768960,3812375295132747
2,0,3857,1789633759177779200,3812375295143385
2,0,3858,1789633759177790464,3812375295153997
2,0,3859,1789633759177800704,3812375295164555
2,0,3860,1789633759177810944,3812375295175167
2,0,3861,1789633759177822208,3812375295185768
2,0,3862,1789633759177832448,3812375295196374
2,0,3863,1789633759177842688,3812375295207138
2,0,3864,1789633759177853952,3812375295217767
2,0,3865,1789633759177864192,3812375295228334
2,0,3866,1789633759177875456,3812375295238927
2,0,3867,1789633759177885696,3812375295249516
2,0,3868,1789633759177895936,3812375295260108
2,0,3869,1789633759177906176,3812375295270690
2,0,3870,1789633759177917440,3812375295281422
2,0,3871,1789633759177927680,3812375295292058
2,0,3872,1789633759177938944,3812375295302717
2,0,3873,1789633759177949184,3812375295313357
2,0,3874,1789633759177960448,3812375295323969
2,0,3875,1789633759177970688,3812375295334557
2,0,3876,1789633759177980928,3812375295345154
2,0,3877,1789633759177992192,3812375295355757
2,0,3878,1789633759178002432,3812375295366347
2,0,3879,1789633759178012672,3812375295376965
2,0,3880,1789633759178023936,3812375295387527
2,0,3881,1789633759178034176,3812375295398337
2,0,3882,1789633759178044416,3812375295408967
2,0,3883,1789633759178055680,3812375295419776
2,0,3884,1789633759178065920,3812375295430377
2,0,3885,1789633759178077184,3812375295440989
2,0,3886,1789633759178087424,3812375295451609
2,0,3887,1789633759178097664,3812375295462138
2,0,3888,1789633759178108928,3812375295472757
2,0,3889,1789633759178119168,3812375295483365
2,0,3890,1789633759178130432,3812375295493995
2,0,3891,1789633759178140672,3812375295504577
2,0,3892,1789633759178150912,3812375295515158
2,0,3893,1789633759178162176,3812375295525749
2,0,3894,1789633759178172416,3812375295536345
2,0,3895,1789633759178182656,3812375295546957
2,0,3896,1789633759178193920,3812375295557538
2,0,3897,1789633759178204160,3812375295568147
2,0,3898,1789633759178214400,3812375295578762
2,0,3899,1789633759178225664,3812375295589492
2,0,3900,1789633759178235904,3812375295600115
2,0,3901,1789633759178247168,3812375295610702
2,0,3902,1789633759178257408,3812375295621265
2,0,3903,1789633759178267648,3812375295631856
2,0,3904,1789633759178278912,3812375295642456
2,0,3905,1789633759178289152,3812375295653130
2,0,3906,1789633759178299392,3812375295663696
2,0,3907,1789633759178310656,3812375295674335
2,0,3908,1789633759178320896,3812375295685074
2,0,3909,1789633759178332160,3812375295695667
2,0,3910,1789633759178342400,3812375295706219
2,0,3911,1789633759178352640,3812375295716809
2,0,3912,1789633759178362880,3812375295727416
2,0,3913,1789633759178374144,3812375295738045
2,0,3914,1789633759178384384,3812375295748632
2,0,3915,1789633759178395648,3812375295759305
2,0,3916,1789633759178405888,3812375295769919
2,0,3917,1789633759178416128,3812375295780707
2,0,3918,1789633759178427392,3812375295791296
2,0,3919,1789633759178437632,3812375295801882
2,0,3920,1789633759178448896,3812375295812417
2,0,3921,1789633759178459136,3812375295823022
2,0,3922,1789633759178469376,3812375295833642
2,0,3923,1789633759178480640,3812375295844291
2,0,3924,1789633759178490880,3812375295854895
2,0,3925,1789633759178501120,3812375295865496
2,0,3926,1789633759178512384,3812375295876270
2,0,3927,1789633759178522624,3812375295886886
2,0,3928,1789633759178533888,3812375295897515
2,0,3929,1789633759178544128,3812375295908069
2,0,3930,1789633759178554368,3812375295918667
2,0,3931,1789633759178565632,3812375295929267
2,0,3932,1789633759178575872,3812375295939868
2,0,3933,1789633759178586112,3812375295950495
2,0,3934,1789633759178597376,3812375295961114
2,0,3935,1789633759178607616,3812375295971687
2,0,3936,1789633759178617856,3812375295982287
2,0,3937,1789633759178629120,3812375295992890
2,0,3938,1789633759178639360,3812375296003492
2,0,3939,1789633759178649600,3812375296014116
2,0,3940,1789633759178660864,3812375296024699
2,0,3941,1789633759178671104,3812375296035310
2,0,3942,1789633759178682368,3812375296046085
2,0,3943,1789633759178692608,3812375296056716
2,0,3944,1789633759178702848,3812375296067450
2,0,3945,1789633759178714112,3812375296078067
2,0,3946,1789633759178724352,3812375296088654
2,0,3947,1789633759178735616,3812375296099202
2,0,3948,1789633759178745856,3812375296109788
2,0,3949,1789633759178756096,3812375296120376
2,0,3950,1789633759178767360,3812375296131014
2,0,3951,1789633759178777600,3812375296141679
2,0,3952,1789633759178787840,3812375296152297
2,0,3953,1789633759178799104,3812375296163027
2,0,3954,1789633759178809344,3812375296173697
2,0,3955,1789633759178820608,3812375296184517
2,0,3956,1789633759178830848,3812375296195147
2,0,3957,1789633759178842112,3812375296205969
2,0,3958,1789633759178852352,3812375296216587
2,0,3959,1789633759178863616,3812375296227450
2,0,3960,1789633759178873856,3812375296238039
2,0,3961,1789633759178884096,3812375296248617
2,0,3962,1789633759178895360,3812375296259212
2,0,3963,1789633759178905600,3812375296269798
2,0,3964,1789633759178916864,3812375296280429
2,0,3965,1789633759178927104,3812375296291047
2,0,3966,1789633759178937344,3812375296301674
2,0,3967,1789633759178948608,3812375296312289
2,0,3968,1789633759178958848,3812375296323019
2,0,3969,1789633759178969088,3812375296333637
2,0,3970,1789633759178980352,3812375296344230
2,0,3971,1789633759178990592,3812375296354808
2,0,3972,1789633759179001856,3812375296365457
2,0,3973,1789633759179012096,3812375296376049
2,0,3974,1789633759179022336,3812375296386648
2,0,3975,1789633759179033600,3812375296397269
2,0,3976,1789633759179043840,3812375296407905
2,0,3977,1789633759179054080,3812375296418716
2,0,3978,1789633759179065344,3812375296429349
2,0,3979,1789633759179075584,3812375296440058
2,0,3980,1789633759179086848,3812375296450608
2,0,3981,1789633759179097088,3812375296461197
2,0,3982,1789633759179107328,3812375296471807
2,0,3983,1789633759179118592,3812375296482438
2,0,3984,1789633759179128832,3812375296493073
2,0,3985,1789633759179140096,3812375296503687
2,0,3986,1789633759179150336,3812375296514285
2,0,3987,1789633759179160576,3812375296524908
2,0,3988,1789633759179171840,3812375296535657
2,0,3989,1789633759179182080,3812375296546254
2,0,3990,1789633759179192320,3812375296556849
2,0,3991,1789633759179203584,3812375296567456
2,0,3992,1789633759179213824,3812375296578035
2,0,3993,1789633759179225088,3812375296588616
2,0,3994,1789633759179235328,3812375296599238
2,0,3995,1789633759179245568,3812375296609885
2,0,3996,1789633759179256832,3812375296620518
2,0,3997,1789633759179267072,3812375296631239
2,0,3998,1789633759179278336,3812375296641896
2,0,3999,1789633759179288576,3812375296652717
2,0,4000,1789633759179298816,3812375296663374
2,0,4001,1789633759179310080,3812375296674169
2,0,4002,1789633759179320320,3812375296684747
2,0,4003,1789633759179331584,3812375296695355
2,0,4004,1789633759179341824,3812375296705932
2,0,4005,1789633759179352064,3812375296716517
2,0,4006,1789633759179363328,3812375296727120
2,0,4007,1789633759179373568,3812375296737752
2,0,4008,1789633759179384832,3812375296748378
2,0,4009,1789633759179395072,3812375296758987
2,0,4010,1789633759179405312,3812375296769775
2,0,4011,1789633759179416576,3812375296780377
2,0,4012,1789633759179426816,3812375296790907
2,0,4013,1789633759179437056,3812375296801496
2,0,4014,1789633759179448320,3812375296812109
2,0,4015,1789633759179458560,3812375296822717
2,0,4016,1789633759179468800,3812375296833334
2,0,4017,1789633759179480064,3812375296843964
2,0,4018,1789633759179490304,3812375296854562
2,0,4019,1789633759179501568,3812375296865356
2,0,4020,1789633759179511808,3812375296875987
2,0,4021,1789633759179523072,3812375296886838
2,0,4022,1789633759179533312,3812375296897437
2,0,4023,1789633759179543552,3812375296908034
2,0,4024,1789633759179554816,3812375296918587
2,0,4025,1789633759179565056,3812375296929199
2,0,4026,1789633759179575296,3812375296939827
2,0,4027,1789633759179586560,3812375296950447
2,0,4028,1789633759179596800,3812375296961069
2,0,4029,1789633759179608064,3812375296971652
2,0,4030,1789633759179618304,3812375296982377
2,0,4031,1789633759179628544,3812375296993007
2,0,4032,1789633759179639808,3812375297003597
2,0,4033,1789633759179650048,3812375297014145
2,0,4034,1789633759179660288,3812375297024749
2,0,4035,1789633759179671552,3812375297035337
2,0,4036,1789633759179681792,3812375297045945
2,0,4037,1789633759179692032,3812375297056617
2,0,4038,1789633759179703296,3812375297067247
2,0,4039,1789633759179713536,3812375297077972
2,0,4040,1789633759179724800,3812375297088597
2,0,4041,1789633759179735040,3812375297099227
2,0,4042,1789633759179746304,3812375297109890
2,0,4043,1789633759179756544,3812375297120477
2,0,4044,1789633759179766784,3812375297131028
2,0,4045,1789633759179778048,3812375297141656
2,0,4046,1789633759179788288,3812375297152247
2,0,4047,1789633759179798528,3812375297162877
2,0,4048,1789633759179809792,3812375297173567
2,0,4049,1789633759179820032,3812375297184202
2,0,4050,1789633759179830272,3812375297194777
2,0,4051,1789633759179841536,3812375297205325
2,0,4052,1789633759179851776,3812375297215922
2,0,4053,1789633759179862016,3812375297226499
2,0,4054,1789633759179873280,3812375297237096
2,0,4055,1789633759179883520,3812375297247792
2,0,4056,1789633759179894784,3812375297258385
2,0,4057,1789633759179905024,3812375297269187
2,0,4058,1789633759179915264,3812375297279759
2,0,4059,1789633759179926528,3812375297290362
2,0,4060,1789633759179936768,3812375297300907
2,0,4061,1789633759179947008,3812375297311497
2,0,4062,1789633759179958272,3812375297322090
2,0,4063,1789633759179968512,3812375297332687
2,0,4064,1789633759179978752,3812375297343372
2,0,4065,1789633759179990016,3812375297353967
2,0,4066,1789633759180000256,3812375297364547
2,0,4067,1789633759180011520,3812375297375137
2,0,4068,1789633759180021760,3812375297385727
2,0,4069,1789633759180032000,3812375297396317
2,0,4070,1789633759180043264,3812375297406914
2,0,4071,1789633759180053504,3812375297417509
2,0,4072,1789633759180063744,3812375297428097
2,0,4073,1789633759180075008,3812375297438634
2,0,4074,1789633759180085248,3812375297449182
2,0,4075,1789633759180095488,3812375297459810
2,0,4076,1789633759180106752,3812375297470407
2,0,4077,1789633759180116992,3812375297481034
2,0,4078,1789633759180127232,3812375297491655
2,0,4079,1789633759180138496,3812375297502277
2,0,4080,1789633759180148736,3812375297513007
2,0,4081,1789633759180160000,3812375297523627
2,0,4082,1789633759180170240,3812375297534222
2,0,4083,1789633759180180480,3812375297544819
2,0,4084,1789633759180191744,3812375297555457
2,0,4085,1789633759180201984,3812375297565997
2,0,4086,1789633759180212224,3812375297576602
2,0,4087,1789633759180223488,3812375297587249
2,0,4088,1789633759180233728,3812375297597887
2,0,4089,1789633759180243968,3812375297608608
2,0,4090,1789633759180255232,3812375297619239
2,0,4091,1789633759180265472,3812375297629838
2,0,4092,1789633759180276736,3812375297640432
2,0,4093,1789633759180286976,3812375297651022
2,0,4094,1789633759180297216,3812375297661569
2,0,4095,1789633759180308480,3812375297672208
2,0,4096,1789633759180318720,3812375297682837
2,0,4097,1789633759180328960,3812375297693557
2,0,4098,1789633759180340224,3812375297704242
2,0,4099,1789633759180350464,3812375297714810
2,0,4100,1789633759180361728,3812375297725439
2,0,4101,1789633759180371968,3812375297736000
2,0,4102,1789633759180382208,3812375297746556
2,0,4103,1789633759180393472,3812375297757164
2,0,4104,1789633759180403712,3812375297767796
2,0,4105,1789633759180413952,3812375297778467
2,0,4106,1789633759180425216,3812375297789072
2,0,4107,1789633759180435456,3812375297799772
2,0,4108,1789633759180446720,3812375297810424
2,0,4109,1789633759180456960,3812375297820997
2,0,4110,1789633759180467200,3812375297831599
2,0,4111,1789633759180478464,3812375297842196
2,0,4112,1789633759180488704,3812375297852797
2,0,4113,1789633759180498944,3812375297863387
2,0,4114,1789633759180510208,3812375297874012
2,0,4115,1789633759180520448,3812375297884634
2,0,4116,1789633759180530688,3812375297895384
2,0,4117,1789633759180541952,3812375297906017
2,0,4118,1789633759180552192,3812375297916662
2,0,4119,1789633759180563456,3812375297927376
2,0,4120,1789633759180573696,3812375297938047
2,0,4121,1789633759180584960,3812375297948727
2,0,4122,1789633759180595200,3812375297959418
2,0,4123,1789633759180605440,3812375297970074
2,0,4124,1789633759180616704,3812375297980744
2,0,4125,1789633759180626944,3812375297991499
2,0,4126,1789633759180638208,3812375298002224
2,0,4127,1789633759180648448,3812375298012910
2,0,4128,1789633759180659712,3812375298023610
2,0,4129,1789633759180669952,3812375298034324
2,0,4130,1789633759180681216,3812375298044927
2,0,4131,1789633759180691456,3812375298055504
2,0,4132,1789633759180701696,3812375298066167
2,0,4133,1789633759180712960,3812375298076939
2,0,4134,1789633759180723200,3812375298087537
2,0,4135,1789633759180734464,3812375298098268
2,0,4136,1789633759180744704,3812375298108844
2,0,4137,1789633759180754944,3812375298119477
2,0,4138,1789633759180766208,3812375298130057
2,0,4139,1789633759180776448,3812375298140692
2,0,4140,1789633759180787712,3812375298151287
2,0,4141,1789633759180797952,3812375298161917
2,0,4142,1789633759180808192,3812375298172534
2,0,4143,1789633759180819456,3812375298183117
2,0,4144,1789633759180829696,3812375298193878
2,0,4145,1789633759180839936,3812375298204499
2,0,4146,1789633759180851200,3812375298215074
2,0,4147,1789633759180861440,3812375298225687
2,0,4148,1789633759180872704,3812375298236284
2,0,4149,1789633759180882944,3812375298246887
2,0,4150,1789633759180893184,3812375298257557
2,0,4151,1789633759180904448,3812375298268142
2,0,4152,1789633759180914688,3812375298278787
2,0,4153,1789633759180924928,3812375298289456
2,0,4154,1789633759180936192,3812375298300117
2,0,4155,1789633759180946432,3812375298310699
2,0,4156,1789633759180957696,3812375298321267
2,0,4157,1789633759180967936,3812375298331898
2,0,4158,1789633759180978176,3812375298342487
2,0,4159,1789633759180989440,3812375298353119
2,0,4160,1789633759180999680,3812375298363707
2,0,4161,1789633759181009920,3812375298374342
2,0,4162,1789633759181021184,3812375298385036
2,0,4163,1789633759181031424,3812375298395669
2,0,4164,1789633759181042688,3812375298406252
2,0,4165,1789633759181052928,3812375298416839
2,0,4166,1789633759181063168,3812375298427392
2,0,4167,1789633759181074432,3812375298437984
2,0,4168,1789633759181084672,3812375298448617
2,0,4169,1789633759181094912,3812375298459257
2,0,4170,1789633759181106176,3812375298469895
2,0,4171,1789633759181116416,3812375298480615
2,0,4172,1789633759181127680,3812375298491278
2,0,4173,1789633759181137920,3812375298501870
2,0,4174,1789633759181148160,3812375298512484
2,0,4175,1789633759181159424,3812375298523067
2,0,4176,1789633759181169664,3812375298533644
2,0,4177,1789633759181179904,3812375298544319
2,0,4178,1789633759181191168,3812375298554917
2,0,4179,1789633759181201408,3812375298565556
2,0,4180,1789633759181211648,3812375298576322
2,0,4181,1789633759181222912,3812375298586944
2,0,4182,1789633759181233152,3812375298597674
2,0,4183,1789633759181244416,3812375298608335
2,0,4184,1789633759181254656,3812375298618916
2,0,4185,1789633759181265920,3812375298629524
2,0,4186,1789633759181276160,3812375298640132
2,0,4187,1789633759181286400,3812375298650727
2,0,4188,1789633759181297664,3812375298661332
2,0,4189,1789633759181307904,3812375298671952
2,0,4190,1789633759181318144,3812375298682624
2,0,4191,1789633759181329408,3812375298693367
2,0,4192,1789633759181339648,3812375298704015
2,0,4193,1789633759181350912,3812375298714827
2,0,4194,1789633759181361152,3812375298725464
2,0,4195,1789633759181372416,3812375298736197
2,0,4196,1789633759181382656,3812375298746849
2,0,4197,1789633759181392896,3812375298757444
2,0,4198,1789633759181404160,3812375298768047
2,0,4199,1789633759181414400,3812375298778623
2,0,4200,1789633759181424640,3812375298789222
2,0,4201,1789633759181435904,3812375298799834
2,0,4202,1789633759181446144,3812375298810412
2,0,4203,1789633759181457408,3812375298821034
2,0,4204,1789633759181467648,3812375298831799
2,0,4205,1789633759181477888,3812375298842434
2,0,4206,1789633759181489152,3812375298853007
2,0,4207,1789633759181499392,3812375298863614
2,0,4208,1789633759181509632,3812375298874196
2,0,4209,1789633759181520896,3812375298884824
2,0,4210,1789633759181531136,3812375298895464
2,0,4211,1789633759181542400,3812375298906047
2,0,4212,1789633759181552640,3812375298916672
2,0,4213,1789633759181562880,3812375298927467
2,0,4214,1789633759181574144,3812375298938134
2,0,4215,1789633759181584384,3812375298948814
2,0,4216,1789633759181595648,3812375298959452
2,0,4217,1789633759181605888,3812375298970027
2,0,4218,1789633759181616128,3812375298980587
2,0,4219,1789633759181627392,3812375298991187
2,0,4220,1789633759181637632,3812375299001747
2,0,4221,1789633759181647872,3812375299012417
2,0,4222,1789633759181659136,3812375299023050
2,0,4223,1789633759181669376,3812375299033684
2,0,4224,1789633759181680640,3812375299044425
2,0,4225,1789633759181690880,3812375299055069
2,0,4226,1789633759181701120,3812375299065652
2,0,4227,1789633759181712384,3812375299076256
2,0,4228,1789633759181722624,3812375299086857
2,0,4229,1789633759181733888,3812375299097507
2,0,4230,1789633759181744128,3812375299108109
2,0,4231,1789633759181754368,3812375299118752
2,0,4232,1789633759181765632,3812375299129402
2,0,4233,1789633759181775872,3812375299140107
2,0,4234,1789633759181787136,3812375299150759
2,0,4235,1789633759181797376,3812375299161479
2,0,4236,1789633759181807616,3812375299172104
2,0,4237,1789633759181818880,3812375299182676
2,0,4238,1789633759181829120,3812375299193299
2,0,4239,1789633759181839360,3812375299203927
2,0,4240,1789633759181850624,3812375299214519
2,0,4241,1789633759181860864,3812375299225144
2,0,4242,1789633759181872128,3812375299235717
2,0,4243,1789633759181882368,3812375299246384
2,0,4244,1789633759181892608,3812375299257157
2,0,4245,1789633759181903872,3812375299267834
2,0,4246,1789633759181914112,3812375299278516
2,0,4247,1789633759181925376,3812375299289184
2,0,4248,1789633759181935616,3812375299300006
2,0,4249,1789633759181946880,3812375299310624
2,0,4250,1789633759181957120,3812375299321199
2,0,4251,1789633759181967360,3812375299331778
2,0,4252,1789633759181978624,3812375299342427
2,0,4253,1789633759181988864,3812375299352969
2,0,4254,1789633759181999104,3812375299363634
2,0,4255,1789633759182010368,3812375299374216
2,0,4256,1789633759182020608,3812375299384849
2,0,4257,1789633759182031872,3812375299395572
2,0,4258,1789633759182042112,3812375299406224
2,0,4259,1789633759182052352,3812375299416775
2,0,4260,1789633759182063616,3812375299427384
2,0,4261,1789633759182073856,3812375299437996
2,0,4262,1789633759182084096,3812375299448614
2,0,4263,1789633759182095360,3812375299459264
2,0,4264,1789633759182105600,3812375299469842
2,0,4265,1789633759182116864,3812375299480474
2,0,4266,1789633759182127104,3812375299491287
2,0,4267,1789633759182137344,3812375299501932
2,0,4268,1789633759182148608,3812375299512712
2,0,4269,1789633759182158848,3812375299523337
2,0,4270,1789633759182170112,3812375299534076
2,0,4271,1789633759182180352,3812375299544704
2,0,4272,1789633759182191616,3812375299555287
2,0,4273,1789633759182201856,3812375299565857
2,0,4274,1789633759182212096,3812375299576517
2,0,4275,1789633759182223360,3812375299587127
2,0,4276,1789633759182233600,3812375299597759
2,0,4277,1789633759182243840,3812375299608368
2,0,4278,1789633759182255104,3812375299619007
2,0,4279,1789633759182265344,3812375299629767
2,0,4280,1789633759182276608,3812375299640427
2,0,4281,1789633759182286848,3812375299651137
2,0,4282,1789633759182298112,3812375299661764
2,0,4283,1789633759182308352,3812375299672592
2,0,4284,1789633759182318592,3812375299683209
2,0,4285,1789633759182329856,3812375299693817
2,0,4286,1789633759182340096,3812375299704446
2,0,4287,1789633759182351360,3812375299715104
2,0,4288,1789633759182361600,3812375299725707
2,0,4289,1789633759182371840,3812375299736337
2,0,4290,1789633759182383104,3812375299746904
2,0,4291,1789633759182393344,3812375299757577
2,0,4292,1789633759182403584,3812375299768276
2,0,4293,1789633759182414848,3812375299778862
2,0,4294,1789633759182425088,3812375299789470
2,0,4295,1789633759182436352,3812375299800087
2,0,4296,1789633759182446592,3812375299810698
2,0,4297,1789633759182456832,3812375299821317
2,0,4298,1789633759182468096,3812375299831987
2,0,4299,1789633759182478336,3812375299842569
2,0,4300,1789633759182488576,3812375299853194
2,0,4301,1789633759182499840,3812375299863857
2,0,4302,1789633759182510080,3812375299874502
2,0,4303,1789633759182521344,3812375299885227
2,0,4304,1789633759182531584,3812375299895844
2,0,4305,1789633759182542848,3812375299906447
2,0,4306,1789633759182553088,3812375299917087
2,0,4307,1789633759182563328,3812375299927729
2,0,4308,1789633759182574592,3812375299938344
2,0,4309,1789633759182584832,3812375299948987
2,0,4310,1789633759182595072,3812375299959590
2,0,4311,1789633759182606336,3812375299970214
2,0,4312,1789633759182616576,3812375299980907
2,0,4313,1789633759182627840,3812375299991537
2,0,4314,1789633759182638080,3812375300002282
2,0,4315,1789633759182648320,3812375300012884
2,0,4316,1789633759182659584,3812375300023492
2,0,4317,1789633759182669824,3812375300034107
2,0,4318,1789633759182681088,3812375300044789
2,0,4319,1789633759182691328,3812375300055394
2,0,4320,1789633759182701568,3812375300066088
2,0,4321,1789633759182712832,3812375300076692
2,0,4322,1789633759182723072,3812375300087312
2,0,4323,1789633759182733312,3812375300097987
2,0,4324,1789633759182744576,3812375300108607
2,0,4325,1789633759182754816,3812375300119337
2,0,4326,1789633759182766080,3812375300129929
2,0,4327,1789633759182776320,3812375300140529
2,0,4328,1789633759182786560,3812375300151109
2,0,4329,1789633759182797824,3812375300161707
2,0,4330,1789633759182808064,3812375300172290
2,0,4331,1789633759182819328,3812375300182940
2,0,4332,1789633759182829568,3812375300193547
2,0,4333,1789633759182839808,3812375300204187
2,0,4334,1789633759182851072,3812375300214952
2,0,4335,1789633759182861312,3812375300225584
2,0,4336,1789633759182872576,3812375300236176
2,0,4337,1789633759182882816,3812375300246750
2,0,4338,1789633759182893056,3812375300257356
2,0,4339,1789633759182904320,3812375300267944
2,0,4340,1789633759182914560,3812375300278579
2,0,4341,1789633759182924800,3812375300289156
2,0,4342,1789633759182936064,3812375300299799
2,0,4343,1789633759182946304,3812375300310519
2,0,4344,1789633759182956544,3812375300321159
2,0,4345,1789633759182967808,3812375300331742
2,0,4346,1789633759182978048,3812375300342339
2,0,4347,1789633759182989312,3812375300352947
2,0,4348,1789633759182999552,3812375300363555
2,0,4349,1789633759183009792,3812375300374192
2,0,4350,1789633759183021056,3812375300384767
2,0,4351,1789633759183031296,3812375300395372
2,0,4352,1789633759183041536,3812375300406095
2,0,4353,1789633759183052800,3812375300416737
2,0,4354,1789633759183063040,3812375300427317
2,0,4355,1789633759183074304,3812375300437902
2,0,4356,1789633759183084544,3812375300448547
2,0,4357,1789633759183094784,3812375300459129
2,0,4358,1789633759183106048,3812375300469784
2,0,4359,1789633759183116288,3812375300480367
2,0,4360,1789633759183126528,3812375300491038
2,0,4361,1789633759183137792,3812375300501794
2,0,4362,1789633759183148032,3812375300512439
2,0,4363,1789633759183159296,3812375300523154
2,0,4364,1789633759183169536,3812375300533797
2,0,4365,1789633759183180800,3812375300544412
2,0,4366,1789633759183191040,3812375300554961
2,0,4367,1789633759183201280,3812375300565587
2,0,4368,1789633759183212544,3812375300576179
2,0,4369,1789633759183222784,3812375300586802
2,0,4370,1789633759183233024,3812375300597374
2,0,4371,1789633759183244288,3812375300608019
2,0,4372,1789633759183254528,3812375300618749
2,0,4373,1789633759183264768,3812375300629384
2,0,4374,1789633759183276032,3812375300640024
2,0,4375,1789633759183286272,3812375300650577
2,0,4376,1789633759183297536,3812375300661177
2,0,4377,1789633759183307776,3812375300671770
2,0,4378,1789633759183318016,3812375300682412
2,0,4379,1789633759183329280,3812375300692999
2,0,4380,1789633759183338496,3812375300702716
2,0,4381,1789633759183348736,3812375300712477
2,0,4382,1789633759183357952,3812375300722234
2,0,4383,1789633759183368192,3812375300731984
2,0,4384,1789633759183377408,3812375300741735
2,0,4385,1789633759183387648,3812375300751487
2,0,4386,1789633759183396864,3812375300761237
2,0,4387,1789633759183407104,3812375300770994
2,0,4388,1789633759183416320,3812375300780747
2,0,4389,1789633759183426560,3812375300790497
2,0,4390,1789633759183435776,3812375300800252
2,0,4391,1789633759183446016,3812375300810009
2,0,4392,1789633759183455232,3812375300819759
2,0,4393,1789633759183465472,3812375300829512
2,0,4394,1789633759183474688,3812375300839272
2,0,4395,1789633759183484928,3812375300849029
2,0,4396,1789633759183494144,3812375300858787
2,0,4397,1789633759183504384,3812375300868547
2,0,4398,1789633759183513600,3812375300878294
2,0,4399,1789633759183523840,3812375300888044
2,0,4400,1789633759183534080,3812375300897794
2,0,4401,1789633759183543296,3812375300907587
2,0,4402,1789633759183553536,3812375300917307
2,0,4403,1789633759183562752,3812375300927059
2,0,4404,1789633759183572992,3812375300936807
2,0,4405,1789633759183582208,3812375300946577
2,0,4406,1789633759183592448,3812375300956316
2,0,4407,1789633759183601664,3812375300966089
2,0,4408,1789633759183611904,3812375300975836
2,0,4409,1789633759183621120,3812375300985577
2,0,4410,1789633759183631360,3812375300995332
2,0,4411,1789633759183640576,3812375301005089
2,0,4412,1789633759183650816,3812375301014758
2,0,4413,1789633759183660032,3812375301024519
2,0,4414,1789633759183670272,3812375301034267
2,0,4415,1789633759183679488,3812375301044024
2,0,4416,1789633759183689728,3812375301053779
2,0,4417,1789633759183698944,3812375301063617
2,0,4418,1789633759183709184,3812375301073367
2,0,4419,1789633759183719424,3812375301083130
2,0,4420,1789633759183728640,3812375301092884
2,0,4421,1789633759183738880,3812375301102637
2,0,4422,1789633759183748096,3812375301112384
2,0,4423,1789633759183758336,3812375301122137
2,0,4424,1789633759183767552,3812375301131897
2,0,4425,1789633759183777792,3812375301141652
2,0,4426,1789633759183787008,3812375301151440
2,0,4427,1789633759183797248,3812375301161164
2,0,4428,1789633759183806464,3812375301170913
2,0,4429,1789633759183816704,3812375301180657
2,0,4430,1789633759183825920,3812375301190407
2,0,4431,1789633759183836160,3812375301200167
2,0,4432,1789633759183845376,3812375301209927
2,0,4433,1789633759183855616,3812375301219687
2,0,4434,1789633759183864832,3812375301229437
2,0,4435,1789633759183875072,3812375301239194
2,0,4436,1789633759183884288,3812375301248944
2,0,4437,1789633759183894528,3812375301258707
2,0,4438,1789633759183903744,3812375301268457
2,0,4439,1789633759183913984,3812375301278219
2,0,4440,1789633759183924224,3812375301287952
2,0,4441,1789633759183933440,3812375301297727
2,0,4442,1789633759183943680,3812375301307474
2,0,4443,1789633759183952896,3812375301317209
2,0,4444,1789633759183963136,3812375301326975
2,0,4445,1789633759183972352,3812375301336747
2,0,4446,1789633759183982592,3812375301346514
2,0,4447,1789633759183991808,3812375301356250
2,0,4448,1789633759184002048,3812375301366007
2,0,4449,1789633759184011264,3812375301375756
2,0,4450,1789633759184021504,3812375301385504
2,0,4451,1789633759184030720,3812375301395255
2,0,4452,1789633759184040960,3812375301405016
2,0,4453,1789633759184050176,3812375301414767
2,0,4454,1789633759184060416,3812375301424517
2,0,4455,1789633759184069632,3812375301434280
2,0,4456,1789633759184079872,3812375301444037
2,0,4457,1789633759184089088,3812375301453802
2,0,4458,1789633759184099328,3812375301463522
2,0,4459,1789633759184109568,3812375301473284
2,0,4460,1789633759184118784,3812375301483047
2,0,4461,1789633759184129024,3812375301492808
2,0,4462,1789633759184138240,3812375301502575
2,0,4463,1789633759184148480,3812375301512299
2,0,4464,1789633759184157696,3812375301522049
2,0,4465,1789633759184167936,3812375301531812
2,0,4466,1789633759184177152,3812375301541589
2,0,4467,1789633759184187392,3812375301551329
2,0,4468,1789633759184196608,3812375301561076
2,0,4469,1789633759184206848,3812375301570824
2,0,4470,1789633759184216064,3812375301580604
2,0,4471,1789633759184226304,3812375301590344
2,0,4472,1789633759184235520,3812375301600104
2,0,4473,1789633759184245760,3812375301609859
2,0,4474,1789633759184254976,3812375301619613
2,0,4475,1789633759184265216,3812375301629400
2,0,4476,1789633759184274432,3812375301639033
2,0,4477,1789633759184284672,3812375301648782
2,0,4478,1789633759184293888,3812375301658537
2,0,4479,1789633759184304128,3812375301668299
2,0,4480,1789633759184313344,3812375301678049
2,0,4481,1789633759184323584,3812375301687798
2,0,4482,1789633759184333824,3812375301697557
2,0,4483,1789633759184343040,3812375301707302
2,0,4484,1789633759184353280,3812375301717067
2,0,4485,1789633759184362496,3812375301726807
2,0,4486,1789633759184372736,3812375301736567
2,0,4487,1789633759184381952,3812375301746317
2,0,4488,1789633759184392192,3812375301756084
2,0,4489,1789633759184401408,3812375301765837
2,0,4490,1789633759184411648,3812375301775587
2,0,4491,1789633759184420864,3812375301785343
2,0,4492,1789633759184431104,3812375301795093
2,0,4493,1789633759184440320,3812375301804857
2,0,4494,1789633759184450560,3812375301814607
2,0,4495,1789633759184459776,3812375301824390
2,0,4496,1789633759184470016,3812375301834097
2,0,4497,1789633759184479232,3812375301843857
2,0,4498,1789633759184489472,3812375301853622
2,0,4499,1789633759184498688,3812375301863373
2,0,4500,1789633759184508928,3812375301873124
2,0,4501,1789633759184519168,3812375301882887
2,0,4502,1789633759184528384,3812375301892636
2,0,4503,1789633759184538624,3812375301902387
2,0,4504,1789633759184547840,3812375301912144
2,0,4505,1789633759184558080,3812375301921896
2,0,4506,1789633759184567296,3812375301931657
2,0,4507,1789633759184577536,3812375301941405
2,0,4508,1789633759184586752,3812375301951154
2,0,4509,1789633759184596992,3812375301960916
2,0,4510,1789633759184606208,3812375301970667
2,0,4511,1789633759184616448,3812375301980429
2,0,4512,1789633759184625664,3812375301990175
2,0,4513,1789633759184635904,3812375301999937
2,0,4514,1789633759184645120,3812375302009687
2,0,4515,1789633759184655360,3812375302019434
2,0,4516,1789633759184664576,3812375302029198
2,0,4517,1789633759184674816,3812375302038952
2,0,4518,1789633759184684032,3812375302048702
2,0,4519,1789633759184694272,3812375302058459
2,0,4520,1789633759184703488,3812375302068213
2,0,4521,1789633759184713728,3812375302077966
2,0,4522,1789633759184723968,3812375302087717
2,0,4523,1789633759184733184,3812375302097477
2,0,4524,1789633759184743424,3812375302107229
2,0,4525,1789633759184752640,3812375302116982
2,0,4526,1789633759184762880,3812375302126736
2,0,4527,1789633759184772096,3812375302136495
2,0,4528,1789633759184782336,3812375302146244
2,0,4529,1789633759184791552,3812375302156012
2,0,4530,1789633759184801792,3812375302165758
2,0,4531,1789633759184811008,3812375302175507
2,0,4532,1789633759184821248,3812375302185259
2,0,4533,1789633759184830464,3812375302195016
2,0,4534,1789633759184840704,3812375302204777
2,0,4535,1789633759184849920,3812375302214519
2,0,4536,1789633759184860160,3812375302224273
2,0,4537,1789633759184869376,3812375302234027
2,0,4538,1789633759184879616,3812375302243787
2,0,4539,1789633759184888832,3812375302253626
2,0,4540,1789633759184899072,3812375302263287
2,0,4541,1789633759184909312,3812375302273030
2,0,4542,1789633759184918528,3812375302282805
2,0,4543,1789633759184928768,3812375302292555
2,0,4544,1789633759184937984,3812375302302303
2,0,4545,1789633759184948224,3812375302312070
2,0,4546,1789633759184957440,3812375302321817
2,0,4547,1789633759184967680,3812375302331567
2,0,4548,1789633759184976896,3812375302341317
2,0,4549,1789633759184987136,3812375302351067
2,0,4550,1789633759184996352,3812375302360835
2,0,4551,1789633759185006592,3812375302370587
2,0,4552,1789633759185015808,3812375302380345
2,0,4553,1789633759185026048,3812375302390100
2,0,4554,1789633759185035264,3812375302399853
2,0,4555,1789633759185045504,3812375302409607
2,0,4556,1789633759185054720,3812375302419363
2,0,4557,1789633759185064960,3812375302429115
2,0,4558,1789633759185074176,3812375302438873
2,0,4559,1789633759185084416,3812375302448623
2,0,4560,1789633759185093632,3812375302458385
2,0,4561,1789633759185103872,3812375302468135
2,0,4562,1789633759185114112,3812375302477883
2,0,4563,1789633759185123328,3812375302487637
2,0,4564,1789633759185133568,3812375302497393
2,0,4565,1789633759185142784,3812375302507151
2,0,4566,1789633759185153024,3812375302516905
2,0,4567,1789633759185162240,3812375302526657
2,0,4568,1789633759185172480,3812375302536405
2,0,4569,1789633759185181696,3812375302546165
2,0,4570,1789633759185191936,3812375302555923
2,0,4571,1789633759185201152,3812375302565673
2,0,4572,1789633759185211392,3812375302575420
2,0,4573,1789633759185220608,3812375302585180
2,0,4574,1789633759185230848,3812375302594933
2,0,4575,1789633759185240064,3812375302604686
2,0,4576,1789633759185250304,3812375302614433
2,0,4577,1789633759185259520,3812375302624190
2,0,4578,1789633759185269760,3812375302633940
2,0,4579,1789633759185278976,3812375302643698
2,0,4580,1789633759185289216,3812375302653447
2,0,4581,1789633759185299456,3812375302663226
2,0,4582,1789633759185308672,3812375302672965
2,0,4583,1789633759185318912,3812375302682718
2,0,4584,1789633759185328128,3812375302692465
2,0,4585,1789633759185338368,3812375302702235
2,0,4586,1789633759185347584,3812375302711983
2,0,4587,1789633759185357824,3812375302721743
2,0,4588,1789633759185367040,3812375302731498
2,0,4589,1789633759185377280,3812375302741250
2,0,4590,1789633759185386496,3812375302751005
2,0,4591,1789633759185396736,3812375302760753
2,0,4592,1789633759185405952,3812375302770505
2,0,4593,1789633759185416192,3812375302780266
2,0,4594,1789633759185425408,3812375302790009
2,0,4595,1789633759185435648,3812375302799765
2,0,4596,1789633759185444864,3812375302809517
2,0,4597,1789633759185455104,3812375302819273
2,0,4598,1789633759185464320,3812375302829023
2,0,4599,1789633759185474560,3812375302838783
2,0,4600,1789633759185484800,3812375302848536
2,0,4601,1789633759185494016,3812375302858290
2,0,4602,1789633759185504256,3812375302868043
2,0,4603,1789633759185513472,3812375302877798
2,0,4604,1789633759185523712,3812375302887547
2,0,4605,1789633759185532928,3812375302897305
2,0,4606,1789633759185543168,3812375302907065
2,0,4607,1789633759185552384,3812375302916823
2,0,4608,1789633759185562624,3812375302926573
2,0,4609,1789633759185571840,3812375302936330
2,0,4610,1789633759185582080,3812375302946085
2,0,4611,1789633759185591296,3812375302955838
2,0,4612,1789633759185601536,3812375302965585
2,0,4613,1789633759185610752,3812375302975335
2,0,4614,1789633759185620992,3812375302985100
2,0,4615,1789633759185630208,3812375302994853
2,0,4616,1789633759185640448,3812375303004610
2,0,4617,1789633759185649664,3812375303014360
2,0,4618,1789633759185659904,3812375303024125
2,0,4619,1789633759185669120,3812375303033873
2,0,4620,1789633759185679360,3812375303043590
2,0,4621,1789633759185689600,3812375303053385
2,0,4622,1789633759185698816,3812375303063133
2,0,4623,1789633759185709056,3812375303072883
2,0,4624,1789633759185718272,3812375303082647
2,0,4625,1789633759185728512,3812375303092498
2,0,4626,1789633759185737728,3812375303102237
2,0,4627,1789633759185747968,3812375303111985
2,0,4628,1789633759185757184,3812375303121755
2,0,4629,1789633759185767424,3812375303131503
2,0,4630,1789633759185776640,3812375303141253
2,0,4631,1789633759185786880,3812375303151010
2,0,4632,1789633759185796096,3812375303160760
2,0,4633,1789633759185806336,3812375303170526
2,0,4634,1789633759185815552,3812375303180283
2,0,4635,1789633759185825792,3812375303190036
2,0,4636,1789633759185836032,3812375303199785
2,0,4637,1789633759185845248,3812375303209543
2,0,4638,1789633759185855488,3812375303219283
2,0,4639,1789633759185864704,3812375303229046
2,0,4640,1789633759185874944,3812375303238800
2,0,4641,1789633759185884160,3812375303248547
2,0,4642,1789633759185894400,3812375303258310
2,0,4643,1789633759185903616,3812375303268065
2,0,4644,1789633759185913856,3812375303277816
2,0,4645,1789633759185923072,3812375303287573
2,0,4646,1789633759185933312,3812375303297333
2,0,4647,1789633759185942528,3812375303307090
2,0,4648,1789633759185952768,3812375303316843
2,0,4649,1789633759185961984,3812375303326575
2,0,4650,1789633759185972224,3812375303336360
2,0,4651,1789633759185981440,3812375303346100
2,0,4652,1789633759185991680,3812375303355845
2,0,4653,1789633759186000896,3812375303365598
2,0,4654,1789633759186011136,3812375303375373
2,0,4655,1789633759186021376,3812375303385110
2,0,4656,1789633759186030592,3812375303394870
2,0,4657,1789633759186040832,3812375303404623
2,0,4658,1789633759186050048,3812375303414385
2,0,4659,1789633759186060288,3812375303424125
2,0,4660,1789633759186069504,3812375303433887
2,0,4661,1789633759186079744,3812375303443643
2,0,4662,1789633759186088960,3812375303453395
2,0,4663,1789633759186099200,3812375303463136
2,0,4664,1789633759186108416,3812375303472903
2,0,4665,1789633759186118656,3812375303482655
2,0,4666,1789633759186127872,3812375303492415
2,0,4667,1789633759186138112,3812375303502156
2,0,4668,1789633759186147328,3812375303511826
2,0,4669,1789633759186157568,3812375303521585
2,0,4670,1789633759186166784,3812375303531337
2,0,4671,1789633759186177024,3812375303541093
2,0,4672,1789633759186186240,3812375303550845
2,0,4673,1789633759186196480,3812375303560595
2,0,4674,1789633759186205696,3812375303570356
2,0,4675,1789633759186215936,3812375303580108
2,0,4676,1789633759186225152,3812375303589866
2,0,4677,1789633759186235392,3812375303599603
2,0,4678,1789633759186244608,3812375303609375
2,0,4679,1789633759186254848,3812375303619110
2,0,4680,1789633759186265088,3812375303628880
2,0,4681,1789633759186274304,3812375303638637
2,0,4682,1789633759186284544,3812375303648373
2,0,4683,1789633759186293760,3812375303658137
2,0,4684,1789633759186304000,3812375303667895
2,0,4685,1789633759186313216,3812375303677645
2,0,4686,1789633759186323456,3812375303687413
2,0,4687,1789633759186332672,3812375303697153
2,0,4688,1789633759186342912,3812375303706906
2,0,4689,1789633759186352128,3812375303716667
2,0,4690,1789633759186362368,3812375303726415
2,0,4691,1789633759186371584,3812375303736168
2,0,4692,1789633759186381824,3812375303745920
2,0,4693,1789633759186391040,3812375303755680
2,0,4694,1789633759186401280,3812375303765443
2,0,4695,1789633759186410496,3812375303775183
2,0,4696,1789633759186420736,3812375303784949
2,0,4697,1789633759186429952,3812375303794698
2,0,4698,1789633759186440192,3812375303804448
2,0,4699,1789633759186450432,3812375303814208
2,0,4700,1789633759186459648,3812375303823956
2,0,4701,1789633759186469888,3812375303833715
2,0,4702,1789633759186479104,3812375303843467
2,0,4703,1789633759186489344,3812375303853215
2,0,4704,1789633759186498560,3812375303862970
2,0,4705,1789633759186508800,3812375303872733
2,0,4706,1789633759186518016,3812375303882475
2,0,4707,1789633759186528256,3812375303892240
2,0,4708,1789633759186537472,3812375303901995
2,0,4709,1789633759186547712,3812375303911755
2,0,4710,1789633759186556928,3812375303921508
2,0,4711,1789633759186567168,3812375303931266
2,0,4712,1789633759186576384,3812375303941009
2,0,4713,1789633759186586624,3812375303950767
2,0,4714,1789633759186595840,3812375303960509
2,0,4715,1789633759186606080,3812375303970267
2,0,4716,1789633759186615296,3812375303980025
2,0,4717,1789633759186625536,3812375303989775
2,0,4718,1789633759186635776,3812375303999527
2,0,4719,1789633759186644992,3812375304009285
2,0,4720,1789633759186655232,3812375304019046
2,0,4721,1789633759186664448,3812375304028793
2,0,4722,1789633759186674688,3812375304038543
2,0,4723,1789633759186683904,3812375304048300
2,0,4724,1789633759186694144,3812375304058055
2,0,4725,1789633759186703360,3812375304067815
2,0,4726,1789633759186713600,3812375304077569
2,0,4727,1789633759186722816,3812375304087326
2,0,4728,1789633759186733056,3812375304097075
2,0,4729,1789633759186742272,3812375304106823
2,0,4730,1789633759186752512,3812375304116578
2,0,4731,1789633759186761728,3812375304126333
2,0,4732,1789633759186771968,3812375304136099
2,0,4733,1789633759186781184,3812375304145848
2,0,4734,1789633759186791424,3812375304155599
2,0,4735,1789633759186800640,3812375304165358
2,0,4736,1789633759186810880,3812375304175115
2,0,4737,1789633759186820096,3812375304184859
2,0,4738,1789633759186830336,3812375304194615
2,0,4739,1789633759186840576,3812375304204363
2,0,4740,1789633759186849792,3812375304214126
2,0,4741,1789633759186860032,3812375304223885
2,0,4742,1789633759186869248,3812375304233633
2,0,4743,1789633759186879488,3812375304243393
2,0,4744,1789633759186888704,3812375304253145
2,0,4745,1789633759186898944,3812375304262893
2,0,4746,1789633759186908160,3812375304272645
2,0,4747,1789633759186918400,3812375304282405
2,0,4748,1789633759186927616,3812375304292156
2,0,4749,1789633759186937856,3812375304301915
2,0,4750,1789633759186947072,3812375304311658
2,0,4751,1789633759186957312,3812375304321406
2,0,4752,1789633759186966528,3812375304331175
2,0,4753,1789633759186976768,3812375304340923
2,0,4754,1789633759186985984,3812375304350687
2,0,4755,1789633759186996224,3812375304360435
2,0,4756,1789633759187005440,3812375304370200
2,0,4757,1789633759187015680,3812375304380025
2,0,4758,1789633759187025920,3812375304389703
2,0,4759,1789633759187035136,3812375304399455
2,0,4760,1789633759187045376,3812375304409205
2,0,4761,1789633759187054592,3812375304418966
2,0,4762,1789633759187064832,3812375304428717
2,0,4763,1789633759187074048,3812375304438466
2,0,4764,1789633759187084288,3812375304448216
2,0,4765,1789633759187093504,3812375304458087
2,0,4766,1789633759187103744,3812375304467826
2,0,4767,1789633759187112960,3812375304477575
2,0,4768,1789633759187123200,3812375304487333
2,0,4769,1789633759187132416,3812375304497078
2,0,4770,1789633759187142656,3812375304506830
2,0,4771,1789633759187151872,3812375304516580
2,0,4772,1789633759187162112,3812375304526363
2,0,4773,1789633759187171328,3812375304536093
2,0,4774,1789633759187181568,3812375304545869
2,0,4775,1789633759187191808,3812375304555605
2,0,4776,1789633759187201024,3812375304565377
2,0,4777,1789633759187211264,3812375304575117
2,0,4778,1789633759187220480,3812375304584878
2,0,4779,1789633759187230720,3812375304594625
2,0,4780,1789633759187239936,3812375304604377
2,0,4781,1789633759187250176,3812375304614133
2,0,4782,1789633759187259392,3812375304623900
2,0,4783,1789633759187269632,3812375304633650
2,0,4784,1789633759187278848,3812375304643397
2,0,4785,1789633759187289088,3812375304653149
2,0,4786,1789633759187298304,3812375304662905
2,0,4787,1789633759187308544,3812375304672656
2,0,4788,1789633759187317760,3812375304682418
2,0,4789,1789633759187328000,3812375304692163
2,0,4790,1789633759187337216,3812375304701925
2,0,4791,1789633759187347456,3812375304711677
2,0,4792,1789633759187356672,3812375304721433
2,0,4793,1789633759187366912,3812375304731189
2,0,4794,1789633759187377152,3812375304740936
2,0,4795,1789633759187386368,3812375304750695
2,0,4796,1789633759187396608,3812375304760355
2,0,4797,1789633759187405824,3812375304770115
2,0,4798,1789633759187416064,3812375304779868
2,0,4799,1789633759187425280,3812375304789625
2,0,4800,1789633759187435520,3812375304799376
2,0,4801,1789633759187444736,3812375304809126
2,0,4802,1789633759187454976,3812375304818883
2,0,4803,1789633759187464192,3812375304828629
2,0,4804,1789633759187474432,3812375304838405
2,0,4805,1789633759187483648,3812375304848145
2,0,4806,1789633759187493888,3812375304857903
2,0,4807,1789633759187503104,3812375304867655
2,0,4808,1789633759187513344,3812375304877415
2,0,4809,1789633759187522560,3812375304887166
2,0,4810,1789633759187532800,3812375304896927
2,0,4811,1789633759187542016,3812375304906660
2,0,4812,1789633759187552256,3812375304916425
2,0,4813,1789633759187561472,3812375304926187
2,0,4814,1789633759187571712,3812375304935932
2,0,4815,1789633759187580928,3812375304945700
2,0,4816,1789633759187591168,3812375304955438
2,0,4817,1789633759187601408,3812375304965193
2,0,4818,1789633759187610624,3812375304974943
2,0,4819,1789633759187620864,3812375304984705
2,0,4820,1789633759187630080,3812375304994456
2,0,4821,1789633759187640320,3812375305004210
2,0,4822,1789633759187649536,3812375305013963
2,0,4823,1789633759187659776,3812375305023716
2,0,4824,1789633759187668992,3812375305033475
2,0,4825,1789633759187679232,3812375305043222
2,0,4826,1789633759187688448,3812375305052972
2,0,4827,1789633759187698688,3812375305062730
2,0,4828,1789633759187707904,3812375305072495
2,0,4829,1789633759187718144,3812375305082247
2,0,4830,1789633759187727360,3812375305091990
2,0,4831,1789633759187737600,3812375305101770
2,0,4832,1789633759187746816,3812375305111506
2,0,4833,1789633759187757056,3812375305121266
2,0,4834,1789633759187766272,3812375305131007
2,0,4835,1789633759187776512,3812375305140775
2,0,4836,1789633759187786752,3812375305150520
2,0,4837,1789633759187795968,3812375305160298
2,0,4838,1789633759187806208,3812375305170032
2,0,4839,1789633759187815424,3812375305179795
2,0,4840,1789633759187825664,3812375305189549
2,0,4841,1789633759187834880,3812375305199247
2,0,4842,1789633759187845120,3812375305209042
2,0,4843,1789633759187854336,3812375305218790
2,0,4844,1789633759187864576,3812375305228546
2,0,4845,1789633759187873792,3812375305238322
2,0,4846,1789633759187884032,3812375305248042
2,0,4847,1789633759187893248,3812375305257815
2,0,4848,1789633759187903488,3812375305267578
2,0,4849,1789633759187912704,3812375305277327
2,0,4850,1789633759187922944,3812375305287087
2,0,4851,1789633759187932160,3812375305296835
2,0,4852,1789633759187942400,3812375305306592
2,0,4853,1789633759187951616,3812375305316348
2,0,4854,1789633759187961856,3812375305326092
2,0,4855,1789633759187971072,3812375305335852
2,0,4856,1789633759187981312,3812375305345607
2,0,4857,1789633759187991552,3812375305355362
2,0,4858,1789633759188000768,3812375305365118
2,0,4859,1789633759188011008,3812375305374855
2,0,4860,1789633759188020224,3812375305384622
2,0,4861,1789633759188030464,3812375305394376
2,0,4862,1789633759188039680,3812375305404132
2,0,4863,1789633759188049920,3812375305413880
2,0,4864,1789633759188059136,3812375305423652
2,0,4865,1789633759188069376,3812375305433397
2,0,4866,1789633759188078592,3812375305443147
2,0,4867,1789633759188088832,3812375305452905
2,0,4868,1789633759188098048,3812375305462662
2,0,4869,1789633759188108288,3812375305472417
2,0,4870,1789633759188117504,3812375305482166
2,0,4871,1789633759188127744,3812375305491912
2,0,4872,1789633759188136960,3812375305501682
2,0,4873,1789633759188147200,3812375305511432
2,0,4874,1789633759188156416,3812375305521182
2,0,4875,1789633759188166656,3812375305530985
2,0,4876,1789633759188176896,3812375305540772
2,0,4877,1789633759188186112,3812375305550530
2,0,4878,1789633759188196352,3812375305560285
2,0,4879,1789633759188205568,3812375305570046
2,0,4880,1789633759188215808,3812375305579792
2,0,4881,1789633759188225024,3812375305589549
2,0,4882,1789633759188235264,3812375305599305
2,0,4883,1789633759188244480,3812375305609055
2,0,4884,1789633759188254720,3812375305618817
2,0,4885,1789633759188263936,3812375305628558
2,0,4886,1789633759188274176,3812375305638316
2,0,4887,1789633759188283392,3812375305648065
2,0,4888,1789633759188293632,3812375305657827
2,0,4889,1789633759188302848,3812375305667575
2,0,4890,1789633759188313088,3812375305677368
2,0,4891,1789633759188322304,3812375305687112
2,0,4892,1789633759188332544,3812375305696852
2,0,4893,1789633759188342784,3812375305706598
2,0,4894,1789633759188352000,3812375305716355
2,0,4895,1789633759188362240,3812375305726105
2,0,4896,1789633759188371456,3812375305735868
2,0,4897,1789633759188381696,3812375305745618
2,0,4898,1789633759188390912,3812375305755372
2,0,4899,1789633759188401152,3812375305765125
2,0,4900,1789633759188410368,3812375305774882
2,0,4901,1789633759188420608,3812375305784635
2,0,4902,1789633759188429824,3812375305794385
2,0,4903,1789633759188440064,3812375305804135
2,0,4904,1789633759188449280,3812375305813892
2,0,4905,1789633759188459520,3812375305823636
2,0,4906,1789633759188468736,3812375305833389
2,0,4907,1789633759188478976,3812375305843155
2,0,4908,1789633759188488192,3812375305852907
2,0,4909,1789633759188498432,3812375305862655
2,0,4910,1789633759188507648,3812375305872425
2,0,4911,1789633759188517888,3812375305882172
2,0,4912,1789633759188528128,3812375305891918
2,0,4913,1789633759188537344,3812375305901677
2,0,4914,1789633759188547584,3812375305911445
2,0,4915,1789633759188556800,3812375305921185
2,0,4916,1789633759188567040,3812375305930932
2,0,4917,1789633759188576256,3812375305940706
2,0,4918,1789633759188586496,3812375305950410
2,0,4919,1789633759188595712,3812375305960072
2,0,4920,1789633759188605952,3812375305969862
2,0,4921,1789633759188615168,3812375305979632
2,0,4922,1789633759188625408,3812375305989385
2,0,4923,1789633759188634624,3812375305999136
2,0,4924,1789633759188644864,3812375306008885
2,0,4925,1789633759188654080,3812375306018637
2,0,4926,1789633759188664320,3812375306028396
2,0,4927,1789633759188673536,3812375306038149
2,0,4928,1789633759188683776,3812375306047906
2,0,4929,1789633759188692992,3812375306057652
2,0,4930,1789633759188703232,3812375306067422
2,0,4931,1789633759188712448,3812375306077176
2,0,4932,1789633759188722688,3812375306086935
2,0,4933,1789633759188731904,3812375306096672
2,0,4934,1789633759188742144,3812375306106430
2,0,4935,1789633759188752384,3812375306116185
2,0,4936,1789633759188761600,3812375306125940
2,0,4937,1789633759188771840,3812375306135690
2,0,4938,1789633759188781056,3812375306145440
2,0,4939,1789633759188791296,3812375306155195
2,0,4940,1789633759188800512,3812375306164940
2,0,4941,1789633759188810752,3812375306174718
2,0,4942,1789633759188819968,3812375306184465
2,0,4943,1789633759188830208,3812375306194215
2,0,4944,1789633759188839424,3812375306203965
2,0,4945,1789633759188849664,3812375306213717
2,0,4946,1789633759188858880,3812375306223483
2,0,4947,1789633759188869120,3812375306233225
2,0,4948,1789633759188878336,3812375306242997
2,0,4949,1789633759188888576,3812375306252742
2,0,4950,1789633759188897792,3812375306262506
2,0,4951,1789633759188908032,3812375306272245
2,0,4952,1789633759188917248,3812375306282012
2,0,4953,1789633759188927488,3812375306291762
2,0,4954,1789633759188936704,3812375306301512
2,0,4955,1789633759188946944,3812375306311265
2,0,4956,1789633759188957184,3812375306321025
2,0,4957,1789633759188966400,3812375306330772
2,0,4958,1789633759188976640,3812375306340520
2,0,4959,1789633759188985856,3812375306350285
2,0,4960,1789633759188996096,3812375306360042
2,0,4961,1789633759189005312,3812375306369802
2,0,4962,1789633759189015552,3812375306379548
2,0,4963,1789633759189024768,3812375306389305
2,0,4964,1789633759189035008,3812375306399067
2,0,4965,1789633759189044224,3812375306408810
2,0,4966,1789633759189054464,3812375306418555
2,0,4967,1789633759189063680,3812375306428325
2,0,4968,1789633759189073920,3812375306438070
2,0,4969,1789633759189083136,3812375306447817
2,0,4970,1789633759189093376,3812375306457585
2,0,4971,1789633759189102592,3812375306467335
2,0,4972,1789633759189112832,3812375306477097
2,0,4973,1789633759189122048,3812375306486844
2,0,4974,1789633759189132288,3812375306496605
2,0,4975,1789633759189142528,3812375306506345
2,0,4976,1789633759189151744,3812375306516102
2,0,4977,1789633759189161984,3812375306525868
2,0,4978,1789633759189171200,3812375306535615
2,0,4979,1789633759189181440,3812375306545362
2,0,4980,1789633759189190656,3812375306555115
2,0,4981,1789633759189200896,3812375306564862
2,0,4982,1789633759189210112,3812375306574635
2,0,4983,1789633759189220352,3812375306584375
2,0,4984,1789633759189229568,3812375306594148
2,0,4985,1789633759189239808,3812375306603892
2,0,4986,1789633759189249024,3812375306613645
2,0,4987,1789633759189259264,3812375306623390
2,0,4988,1789633759189268480,3812375306633172
2,0,4989,1789633759189278720,3812375306642902
2,0,4990,1789633759189287936,3812375306652679
2,0,4991,1789633759189298176,3812375306662427
2,0,4992,1789633759189307392,3812375306672175
2,0,4993,1789633759189317632,3812375306681938
2,0,4994,1789633759189327872,3812375306691685
2,0,4995,1789633759189337088,3812375306701435
2,0,4996,1789633759189347328,3812375306711192
2,0,4997,1789633759189356544,3812375306720942
2,0,4998,1789633759189366784,3812375306730695
2,0,4999,1789633759189376000,3812375306740450
2,0,5000,1789633759189386240,3812375306750205
2,0,5001,1789633759189395456,3812375306760022
2,0,5002,1789633759189405696,3812375306769715
2,0,5003,1789633759189414912,3812375306779455
2,0,5004,1789633759189425152,3812375306789232
2,0,5005,1789633759189434368,3812375306798972
2,0,5006,1789633759189444608,3812375306808740
2,0,5007,1789633759189453824,3812375306818475
2,0,5008,1789633759189464064,3812375306828248
2,0,5009,1789633759189473280,3812375306837998
2,0,5010,1789633759189483520,3812375306847745
2,0,5011,1789633759189492736,3812375306857505
2,0,5012,1789633759189502976,3812375306867262
2,0,5013,1789633759189512192,3812375306877012
2,0,5014,1789633759189522432,3812375306886765
2,0,5015,1789633759189532672,3812375306896518
2,0,5016,1789633759189541888,3812375306906277
2,0,5017,1789633759189552128,3812375306916027
2,0,5018,1789633759189561344,3812375306925775
2,0,5019,1789633759189571584,3812375306935542
2,0,5020,1789633759189580800,3812375306945297
2,0,5021,1789633759189591040,3812375306955048
2,0,5022,1789633759189600256,3812375306964805
2,0,5023,1789633759189610496,3812375306974565
2,0,5024,1789633759189619712,3812375306984308
2,0,5025,1789633759189629952,3812375306994060
2,0,5026,1789633759189639168,3812375307003810
2,0,5027,1789633759189649408,3812375307013565
2,0,5028,1789633759189658624,3812375307023322
2,0,5029,1789633759189668864,3812375307033072
2,0,5030,1789633759189678080,3812375307042823
2,0,5031,1789633759189688320,3812375307052575
2,0,5032,1789633759189697536,3812375307062342
2,0,5033,1789633759189707776,3812375307072087
2,0,5034,1789633759189718016,3812375307081838
2,0,5035,1789633759189727232,3812375307091598
2,0,5036,1789633759189737472,3812375307101358
2,0,5037,1789633759189746688,3812375307111112
2,0,5038,1789633759189756928,3812375307120869
2,0,5039,1789633759189766144,3812375307130622
2,0,5040,1789633759189776384,3812375307140372
2,0,5041,1789633759189785600,3812375307150122
2,0,5042,1789633759189795840,3812375307159875
2,0,5043,1789633759189805056,3812375307169625
2,0,5044,1789633759189815296,3812375307179392
2,0,5045,1789633759189824512,3812375307189145
2,0,5046,1789633759189834752,3812375307198898
2,0,5047,1789633759189843968,3812375307208653
2,0,5048,1789633759189854208,3812375307218402
2,0,5049,1789633759189863424,3812375307228158
2,0,5050,1789633759189873664,3812375307237925
2,0,5051,1789633759189882880,3812375307247675
2,0,5052,1789633759189893120,3812375307257422
2,0,5053,1789633759189903360,3812375307267180
2,0,5054,1789633759189912576,3812375307276925
2,0,5055,1789633759189922816,3812375307286678
2,0,5056,1789633759189932032,3812375307296450
2,0,5057,1789633759189942272,3812375307306197
2,0,5058,1789633759189951488,3812375307315955
2,0,5059,1789633759189961728,3812375307325705
2,0,5060,1789633759189970944,3812375307335449
2,0,5061,1789633759189981184,3812375307345205
2,0,5062,1789633759189990400,3812375307354955
2,0,5063,1789633759190000640,3812375307364700
2,0,5064,1789633759190009856,3812375307374477
2,0,5065,1789633759190020096,3812375307384225
2,0,5066,1789633759190029312,3812375307393985
2,0,5067,1789633759190039552,3812375307403740
2,0,5068,1789633759190048768,3812375307413492
2,0,5069,1789633759190059008,3812375307423242
2,0,5070,1789633759190068224,3812375307432995
2,0,5071,1789633759190078464,3812375307442742
2,0,5072,1789633759190087680,3812375307452497
2,0,5073,1789633759190097920,3812375307462255
2,0,5074,1789633759190108160,3812375307472005
2,0,5075,1789633759190117376,3812375307481752
2,0,5076,1789633759190127616,3812375307491522
2,0,5077,1789633759190136832,3812375307501270
2,0,5078,1789633759190147072,3812375307511035
2,0,5079,1789633759190156288,3812375307520785
2,0,5080,1789633759190166528,3812375307530526
2,0,5081,1789633759190175744,3812375307540295
2,0,5082,1789633759190185984,3812375307550045
2,0,5083,1789633759190195200,3812375307559810
2,0,5084,1789633759190205440,3812375307569552
2,0,5085,1789633759190214656,3812375307579310
2,0,5086,1789633759190224896,3812375307589065
2,0,5087,1789633759190234112,3812375307598820
2,0,5088,1789633759190244352,3812375307608570
2,0,5089,1789633759190253568,3812375307618319
2,0,5090,1789633759190263808,3812375307628070
2,0,5091,1789633759190273024,3812375307637848
2,0,5092,1789633759190283264,3812375307647598
2,0,5093,1789633759190293504,3812375307657347
2,0,5094,1789633759190302720,3812375307667105
2,0,5095,1789633759190312960,3812375307676855
2,0,5096,1789633759190322176,3812375307686602
2,0,5097,1789633759190332416,3812375307696364
2,0,5098,1789633759190341632,3812375307706105
2,0,5099,1789633759190351872,3812375307715850
2,0,5100,1789633759190361088,3812375307725627
2,0,5101,1789633759190371328,3812375307735370
2,0,5102,1789633759190380544,3812375307745135
2,0,5103,1789633759190390784,3812375307754880
2,0,5104,1789633759190400000,3812375307764642
2,0,5105,1789633759190410240,3812375307774390
2,0,5106,1789633759190419456,3812375307784145
2,0,5107,1789633759190429696,3812375307793905
2,0,5108,1789633759190438912,3812375307803658
2,0,5109,1789633759190449152,3812375307813415
2,0,5110,1789633759190458368,3812375307823165
2,0,5111,1789633759190468608,3812375307832910
2,0,5112,1789633759190478848,3812375307842672
2,0,5113,1789633759190488064,3812375307852419
2,0,5114,1789633759190498304,3812375307862185
2,0,5115,1789633759190507520,3812375307871935
2,0,5116,1789633759190517760,3812375307881692
2,0,5117,1789633759190526976,3812375307891445
2,0,5118,1789633759190537216,3812375307901205
2,0,5119,1789633759190546432,3812375307910952
2,0,5120,1789633759190556672,3812375307920717
2,0,5121,1789633759190565888,3812375307930465
2,0,5122,1789633759190576128,3812375307940225
2,0,5123,1789633759190585344,3812375307950025
2,0,5124,1789633759190595584,3812375307959722
2,0,5125,1789633759190604800,3812375307969487
2,0,5126,1789633759190615040,3812375307979236
2,0,5127,1789633759190624256,3812375307988982
2,0,5128,1789633759190634496,3812375307998742
2,0,5129,1789633759190643712,3812375308008500
2,0,5130,1789633759190653952,3812375308018255
2,0,5131,1789633759190663168,3812375308028007
2,0,5132,1789633759190673408,3812375308037752
2,0,5133,1789633759190683648,3812375308047505
2,0,5134,1789633759190692864,3812375308057259
2,0,5135,1789633759190703104,3812375308067010
2,0,5136,1789633759190712320,3812375308076762
2,0,5137,1789633759190722560,3812375308086535
2,0,5138,1789633759190731776,3812375308096285
2,0,5139,1789633759190742016,3812375308106037
2,0,5140,1789633759190751232,3812375308115792
2,0,5141,1789633759190761472,3812375308125539
2,0,5142,1789633759190770688,3812375308135285
2,0,5143,1789633759190780928,3812375308145055
2,0,5144,1789633759190790144,3812375308154798
2,0,5145,1789633759190800384,3812375308164565
2,0,5146,1789633759190809600,3812375308174305
2,0,5147,1789633759190819840,3812375308184077
2,0,5148,1789633759190829056,3812375308193810
2,0,5149,1789633759190839296,3812375308203590
2,0,5150,1789633759190848512,3812375308213330
2,0,5151,1789633759190858752,3812375308223098
2,0,5152,1789633759190868992,3812375308232837
2,0,5153,1789633759190878208,3812375308242596
2,0,5154,1789633759190888448,3812375308252335
2,0,5155,1789633759190897664,3812375308262112
2,0,5156,1789633759190907904,3812375308271852
2,0,5157,1789633759190917120,3812375308281620
2,0,5158,1789633759190927360,3812375308291368
2,0,5159,1789633759190936576,3812375308301118
2,0,5160,1789633759190946816,3812375308310862
2,0,5161,1789633759190956032,3812375308320635
2,0,5162,1789633759190966272,3812375308330382
2,0,5163,1789633759190975488,3812375308340129
2,0,5164,1789633759190985728,3812375308349895
2,0,5165,1789633759190994944,3812375308359645
2,0,5166,1789633759191005184,3812375308369395
2,0,5167,1789633759191014400,3812375308379147
2,0,5168,1789633759191024640,3812375308388892
2,0,5169,1789633759191033856,3812375308398665
2,0,5170,1789633759191044096,3812375308408415
2,0,5171,1789633759191054336,3812375308418168
2,0,5172,1789633759191063552,3812375308427922
2,0,5173,1789633759191073792,3812375308437670
2,0,5174,1789633759191083008,3812375308447427
2,0,5175,1789633759191093248,3812375308457187
2,0,5176,1789633759191102464,3812375308466939
2,0,5177,1789633759191112704,3812375308476695
2,0,5178,1789633759191121920,3812375308486453
2,0,5179,1789633759191132160,3812375308496207
2,0,5180,1789633759191141376,3812375308505952
2,0,5181,1789633759191151616,3812375308515710
2,0,5182,1789633759191160832,3812375308525460
2,0,5183,1789633759191171072,3812375308535208
2,0,5184,1789633759191180288,3812375308544972
2,0,5185,1789633759191190528,3812375308554735
2,0,5186,1789633759191199744,3812375308564482
2,0,5187,1789633759191209984,3812375308574237
2,0,5188,1789633759191219200,3812375308583992
2,0,5189,1789633759191229440,3812375308593740
2,0,5190,1789633759191238656,3812375308603582
2,0,5191,1789633759191248896,3812375308613330
2,0,5192,1789633759191259136,3812375308623085
2,0,5193,1789633759191268352,3812375308632843
2,0,5194,1789633759191278592,3812375308642608
2,0,5195,1789633759191287808,3812375308652355
2,0,5196,1789633759191298048,3812375308662100
2,0,5197,1789633759191307264,3812375308671865
2,0,5198,1789633759191317504,3812375308681637
2,0,5199,1789633759191326720,3812375308691435
2,0,5200,1789633759191336960,3812375308701130
2,0,5201,1789633759191346176,3812375308710875
2,0,5202,1789633759191356416,3812375308720637
2,0,5203,1789633759191365632,3812375308730385
2,0,5204,1789633759191375872,3812375308740145
2,0,5205,1789633759191385088,3812375308749895
2,0,5206,1789633759191395328,3812375308759662
2,0,5207,1789633759191405568,3812375308769402
2,0,5208,1789633759191414784,3812375308779160
2,0,5209,1789633759191425024,3812375308788915
2,0,5210,1789633759191434240,3812375308798662
2,0,5211,1789633759191444480,3812375308808415
2,0,5212,1789633759191453696,3812375308818185
2,0,5213,1789633759191463936,3812375308827932
2,0,5214,1789633759191473152,3812375308837698
2,0,5215,1789633759191483392,3812375308847432
2,0,5216,1789633759191492608,3812375308857200
2,0,5217,1789633759191502848,3812375308866948
2,0,5218,1789633759191512064,3812375308876692
2,0,5219,1789633759191522304,3812375308886455
2,0,5220,1789633759191531520,3812375308896205
2,0,5221,1789633759191541760,3812375308905967
2,0,5222,1789633759191550976,3812375308915727
2,0,5223,1789633759191561216,3812375308925469
2,0,5224,1789633759191570432,3812375308935220
2,0,5225,1789633759191580672,3812375308944980
2,0,5226,1789633759191589888,3812375308954730
2,0,5227,1789633759191600128,3812375308964489
2,0,5228,1789633759191610368,3812375308974240
2,0,5229,1789633759191619584,3812375308984002
2,0,5230,1789633759191629824,3812375308993747
2,0,5231,1789633759191639040,3812375309003505
2,0,5232,1789633759191649280,3812375309013260
2,0,5233,1789633759191658496,3812375309023032
2,0,5234,1789633759191668736,3812375309032772
2,0,5235,1789633759191677952,3812375309042525
2,0,5236,1789633759191688192,3812375309052270
2,0,5237,1789633759191697408,3812375309062035
2,0,5238,1789633759191707648,3812375309071787
2,0,5239,1789633759191716864,3812375309081545
2,0,5240,1789633759191727104,3812375309091295
2,0,5241,1789633759191736320,3812375309101062
2,0,5242,1789633759191746560,3812375309110802
2,0,5243,1789633759191755776,3812375309120565
2,0,5244,1789633759191766016,3812375309130252
2,0,5245,1789633759191775232,3812375309140069
2,0,5246,1789633759191785472,3812375309149817
2,0,5247,1789633759191795712,3812375309159575
2,0,5248,1789633759191804928,3812375309169315
2,0,5249,1789633759191815168,3812375309179088
2,0,5250,1789633759191824384,3812375309188832
2,0,5251,1789633759191834624,3812375309198585
2,0,5252,1789633759191843840,3812375309208345
2,0,5253,1789633759191854080,3812375309218097
2,0,5254,1789633759191863296,3812375309227858
2,0,5255,1789633759191873536,3812375309237605
2,0,5256,1789633759191882752,3812375309247375
2,0,5257,1789633759191892992,3812375309257122
2,0,5258,1789633759191902208,3812375309266875
2,0,5259,1789633759191912448,3812375309276630
2,0,5260,1789633759191921664,3812375309286382
2,0,5261,1789633759191931904,3812375309296142
2,0,5262,1789633759191941120,3812375309305892
2,0,5263,1789633759191951360,3812375309315645
2,0,5264,1789633759191960576,3812375309325405
2,0,5265,1789633759191970816,3812375309335157
2,0,5266,1789633759191981056,3812375309344922
2,0,5267,1789633759191990272,3812375309354665
2,0,5268,1789633759192000512,3812375309364407
2,0,5269,1789633759192009728,3812375309374157
2,0,5270,1789633759192019968,3812375309383922
2,0,5271,1789633759192029184,3812375309393665
2,0,5272,1789633759192039424,3812375309403435
2,0,5273,1789633759192048640,3812375309413172
2,0,5274,1789633759192058880,3812375309422945
2,0,5275,1789633759192068096,3812375309432688
2,0,5276,1789633759192078336,3812375309442465
2,0,5277,1789633759192087552,3812375309452186
2,0,5278,1789633759192097792,3812375309461965
2,0,5279,1789633759192107008,3812375309471695
2,0,5280,1789633759192117248,3812375309481475
2,0,5281,1789633759192126464,3812375309491218
2,0,5282,1789633759192136704,3812375309500965
2,0,5283,1789633759192145920,3812375309510720
2,0,5284,1789633759192156160,3812375309520468
2,0,5285,1789633759192165376,3812375309530220
2,0,5286,1789633759192175616,3812375309540000
2,0,5287,1789633759192185856,3812375309549745
2,0,5288,1789633759192195072,3812375309559495
2,0,5289,1789633759192205312,3812375309569242
2,0,5290,1789633759192214528,3812375309578993
2,0,5291,1789633759192224768,3812375309588765
2,0,5292,1789633759192233984,3812375309598515
2,0,5293,1789633759192244224,3812375309608265
2,0,5294,1789633759192253440,3812375309618012
2,0,5295,1789633759192263680,3812375309628401
2,0,5296,1789633759192272896,3812375309637527
2,0,5297,1789633759192283136,3812375309647302
2,0,5298,1789633759192292352,3812375309657042
2,0,5299,1789633759192302592,3812375309666780
2,0,5300,1789633759192311808,3812375309676565
2,0,5301,1789633759192322048,3812375309686312
2,0,5302,1789633759192331264,3812375309696055
2,0,5303,1789633759192341504,3812375309705815
2,0,5304,1789633759192350720,3812375309715555
2,0,5305,1789633759192360960,3812375309725302
2,0,5306,1789633759192371200,3812375309735052
2,0,5307,1789633759192380416,3812375309744825
2,0,5308,1789633759192390656,3812375309754495
2,0,5309,1789633759192399872,3812375309764249
2,0,5310,1789633759192410112,3812375309774002
2,0,5311,1789633759192419328,3812375309783757
2,0,5312,1789633759192429568,3812375309793595
2,0,5313,1789633759192438784,3812375309803342
2,0,5314,1789633759192449024,3812375309813092
2,0,5315,1789633759192458240,3812375309822855
2,0,5316,1789633759192468480,3812375309832590
2,0,5317,1789633759192477696,3812375309842370
2,0,5318,1789633759192487936,3812375309852125
2,0,5319,1789633759192497152,3812375309861878
2,0,5320,1789633759192507392,3812375309871625
2,0,5321,1789633759192516608,3812375309881435
2,0,5322,1789633759192526848,3812375309891145
2,0,5323,1789633759192536064,3812375309900890
2,0,5324,1789633759192546304,3812375309910640
2,0,5325,1789633759192555520,3812375309920392
2,0,5326,1789633759192565760,3812375309930145
2,0,5327,1789633759192576000,3812375309939890
2,0,5328,1789633759192585216,3812375309949675
2,0,5329,1789633759192595456,3812375309959412
2,0,5330,1789633759192604672,3812375309969175
2,0,5331,1789633759192614912,3812375309978922
2,0,5332,1789633759192624128,3812375309988676
2,0,5333,1789633759192634368,3812375309998422
2,0,5334,1789633759192643584,3812375310008192
2,0,5335,1789633759192653824,3812375310017937
2,0,5336,1789633759192663040,3812375310027705
2,0,5337,1789633759192673280,3812375310037458
2,0,5338,1789633759192682496,3812375310047205
2,0,5339,1789633759192692736,3812375310056955
2,0,5340,1789633759192701952,3812375310066709
2,0,5341,1789633759192712192,3812375310076458
2,0,5342,1789633759192721408,3812375310086215
2,0,5343,1789633759192731648,3812375310095969
2,0,5344,1789633759192740864,3812375310105722
2,0,5345,1789633759192751104,3812375310115482
2,0,5346,1789633759192761344,3812375310125235
2,0,5347,1789633759192770560,3812375310134985
2,0,5348,1789633759192780800,3812375310144739
2,0,5349,1789633759192790016,3812375310154498
2,0,5350,1789633759192800256,3812375310164245
2,0,5351,1789633759192809472,3812375310174008
2,0,5352,1789633759192819712,3812375310183764
2,0,5353,1789633759192828928,3812375310193517
2,0,5354,1789633759192839168,3812375310203274
2,0,5355,1789633759192848384,3812375310213024
2,0,5356,1789633759192858624,3812375310222782
2,0,5357,1789633759192867840,3812375310232543
2,0,5358,1789633759192878080,3812375310242282
2,0,5359,1789633759192887296,3812375310252039
2,0,5360,1789633759192897536,3812375310261795
2,0,5361,1789633759192906752,3812375310271552
2,0,5362,1789633759192916992,3812375310281302
2,0,5363,1789633759192926208,3812375310291054
2,0,5364,1789633759192936448,3812375310300800
2,0,5365,1789633759192946688,3812375310310558
2,0,5366,1789633759192955904,3812375310320312
2,0,5367,1789633759192966144,3812375310330075
2,0,5368,1789633759192975360,3812375310339824
2,0,5369,1789633759192985600,3812375310349572
2,0,5370,1789633759192994816,3812375310359320
2,0,5371,1789633759193005056,3812375310369050
2,0,5372,1789633759193014272,3812375310378764
2,0,5373,1789633759193024512,3812375310388515
2,0,5374,1789633759193033728,3812375310398268
2,0,5375,1789633759193043968,3812375310408025
2,0,5376,1789633759193053184,3812375310417774
2,0,5377,1789633759193063424,3812375310427525
2,0,5378,1789633759193072640,3812375310437282
2,0,5379,1789633759193082880,3812375310447029
2,0,5380,1789633759193092096,3812375310456800
2,0,5381,1789633759193102336,3812375310466544
2,0,5382,1789633759193111552,3812375310476292
2,0,5383,1789633759193121792,3812375310486044
2,0,5384,1789633759193131008,3812375310495792
2,0,5385,1789633759193141248,3812375310505542
2,0,5386,1789633759193150464,3812375310515312
2,0,5387,1789633759193160704,3812375310525054
2,0,5388,1789633759193170944,3812375310534824
2,0,5389,1789633759193180160,3812375310544574
2,0,5390,1789633759193190400,3812375310554322
2,0,5391,1789633759193199616,3812375310564092
2,0,5392,1789633759193209856,3812375310573830
2,0,5393,1789633759193219072,3812375310583604
2,0,5394,1789633759193229312,3812375310593348
2,0,5395,1789633759193238528,3812375310603094
2,0,5396,1789633759193248768,3812375310612854
2,0,5397,1789633759193257984,3812375310622599
2,0,5398,1789633759193268224,3812375310632362
2,0,5399,1789633759193277440,3812375310642122
2,0,5400,1789633759193287680,3812375310651864
2,0,5401,1789633759193296896,3812375310661634
2,0,5402,1789633759193307136,3812375310671387
2,0,5403,1789633759193316352,3812375310681144
2,0,5404,1789633759193326592,3812375310690880
2,0,5405,1789633759193335808,3812375310700644
2,0,5406,1789633759193346048,3812375310710402
2,0,5407,1789633759193355264,3812375310720144
2,0,5408,1789633759193365504,3812375310729905
2,0,5409,1789633759193375744,3812375310739665
2,0,5410,1789633759193384960,3812375310749408
2,0,5411,1789633759193395200,3812375310759174
2,0,5412,1789633759193404416,3812375310768915
2,0,5413,1789633759193414656,3812375310778682
2,0,5414,1789633759193423872,3812375310788428
2,0,5415,1789633759193434112,3812375310798182
2,0,5416,1789633759193443328,3812375310807949
2,0,5417,1789633759193453568,3812375310817690
2,0,5418,1789633759193462784,3812375310827442
2,0,5419,1789633759193473024,3812375310837190
2,0,5420,1789633759193482240,3812375310846940
2,0,5421,1789633759193492480,3812375310856710
2,0,5422,1789633759193501696,3812375310866457
2,0,5423,1789633759193511936,3812375310876212
2,0,5424,1789633759193521152,3812375310885964
2,0,5425,1789633759193531392,3812375310895724
2,0,5426,1789633759193540608,3812375310905480
2,0,5427,1789633759193550848,3812375310915235
2,0,5428,1789633759193561088,3812375310924994
2,0,5429,1789633759193570304,3812375310934742
2,0,5430,1789633759193580544,3812375310944492
2,0,5431,1789633759193589760,3812375310954247
2,0,5432,1789633759193600000,3812375310964002
2,0,5433,1789633759193609216,3812375310973750
2,0,5434,1789633759193619456,3812375310983584
2,0,5435,1789633759193628672,3812375310993362
2,0,5436,1789633759193638912,3812375311003014
2,0,5437,1789633759193648128,3812375311012759
2,0,5438,1789633759193658368,3812375311022538
2,0,5439,1789633759193667584,3812375311032280
2,0,5440,1789633759193677824,3812375311042044
2,0,5441,1789633759193687040,3812375311051786
2,0,5442,1789633759193697280,3812375311061552
2,0,5443,1789633759193706496,3812375311071294
2,0,5444,1789633759193716736,3812375311081044
2,0,5445,1789633759193725952,3812375311090814
2,0,5446,1789633759193736192,3812375311100568
2,0,5447,1789633759193746432,3812375311110315
2,0,5448,1789633759193755648,3812375311120062
2,0,5449,1789633759193765888,3812375311129828
2,0,5450,1789633759193775104,3812375311139582
2,0,5451,1789633759193785344,3812375311149335
2,0,5452,1789633759193794560,3812375311159094
2,0,5453,1789633759193804800,3812375311168842
2,0,5454,1789633759193814016,3812375311178598
2,0,5455,1789633759193824256,3812375311188344
2,0,5456,1789633759193833472,3812375311198090
2,0,5457,1789633759193843712,3812375311207872
2,0,5458,1789633759193852928,3812375311217612
2,0,5459,1789633759193863168,3812375311227370
2,0,5460,1789633759193872384,3812375311237128
2,0,5461,1789633759193882624,3812375311246887
2,0,5462,1789633759193891840,3812375311256638
2,0,5463,1789633759193902080,3812375311266389
2,0,5464,1789633759193911296,3812375311276145
2,0,5465,1789633759193921536,3812375311285898
2,0,5466,1789633759193930752,3812375311295644
2,0,5467,1789633759193940992,3812375311305410
2,0,5468,1789633759193951232,3812375311315158
2,0,5469,1789633759193960448,3812375311324917
2,0,5470,1789633759193970688,3812375311334668
2,0,5471,1789633759193979904,3812375311344414
2,0,5472,1789633759193990144,3812375311354160
2,0,5473,1789633759193999360,3812375311363932
2,0,5474,1789633759194009600,3812375311373682
2,0,5475,1789633759194018816,3812375311383440
2,0,5476,1789633759194029056,3812375311393192
2,0,5477,1789633759194038272,3812375311402947
2,0,5478,1789633759194048512,3812375311412698
2,0,5479,1789633759194057728,3812375311422455
2,0,5480,1789633759194067968,3812375311432204
2,0,5481,1789633759194077184,3812375311441962
2,0,5482,1789633759194087424,3812375311451714
2,0,5483,1789633759194096640,3812375311461474
2,0,5484,1789633759194106880,3812375311471222
2,0,5485,1789633759194116096,3812375311480977
2,0,5486,1789633759194126336,3812375311490760
2,0,5487,1789633759194136576,3812375311500475
2,0,5488,1789633759194145792,3812375311510247
2,0,5489,1789633759194156032,3812375311520000
2,0,5490,1789633759194165248,3812375311529755
2,0,5491,1789633759194175488,3812375311539504
2,0,5492,1789633759194184704,3812375311549260
2,0,5493,1789633759194194944,3812375311559014
2,0,5494,1789633759194204160,3812375311568770
2,0,5495,1789633759194214400,3812375311578515
2,0,5496,1789633759194223616,3812375311588264
2,0,5497,1789633759194233856,3812375311598022
2,0,5498,1789633759194243072,3812375311607772
2,0,5499,1789633759194253312,3812375311617530
2,0,5500,1789633759194262528,3812375311627287
2,0,5501,1789633759194272768,3812375311637042
2,0,5502,1789633759194281984,3812375311646792
2,0,5503,1789633759194292224,3812375311656544
2,0,5504,1789633759194301440,3812375311666294
2,0,5505,1789633759194311680,3812375311676060
2,0,5506,1789633759194321920,3812375311685812
2,0,5507,1789633759194331136,3812375311695561
2,0,5508,1789633759194341376,3812375311705322
2,0,5509,1789633759194350592,3812375311715067
2,0,5510,1789633759194360832,3812375311724834
2,0,5511,1789633759194370048,3812375311734605
2,0,5512,1789633759194380288,3812375311744442
2,0,5513,1789633759194389504,3812375311754174
2,0,5514,1789633759194399744,3812375311763935
2,0,5515,1789633759194408960,3812375311773684
2,0,5516,1789633759194419200,3812375311783437
2,0,5517,1789633759194428416,3812375311793204
2,0,5518,1789633759194438656,3812375311802950
2,0,5519,1789633759194447872,3812375311812704
2,0,5520,1789633759194458112,3812375311822472
2,0,5521,1789633759194467328,3812375311832214
2,0,5522,1789633759194477568,3812375311841974
2,0,5523,1789633759194487808,3812375311851710
2,0,5524,1789633759194497024,3812375311861487
2,0,5525,1789633759194507264,3812375311871220
2,0,5526,1789633759194516480,3812375311880995
2,0,5527,1789633759194526720,3812375311890729
2,0,5528,1789633759194535936,3812375311900492
2,0,5529,1789633759194546176,3812375311910222
2,0,5530,1789633759194555392,3812375311920004
2,0,5531,1789633759194565632,3812375311929744
2,0,5532,1789633759194574848,3812375311939517
2,0,5533,1789633759194585088,3812375311949264
2,0,5534,1789633759194594304,3812375311959010
2,0,5535,1789633759194604544,3812375311968792
2,0,5536,1789633759194613760,3812375311978532
2,0,5537,1789633759194624000,3812375311988272
2,0,5538,1789633759194633216,3812375311998020
2,0,5539,1789633759194643456,3812375312007764
2,0,5540,1789633759194652672,3812375312017547
2,0,5541,1789633759194662912,3812375312027304
2,0,5542,1789633759194673152,3812375312037049
2,0,5543,1789633759194682368,3812375312046807
2,0,5544,1789633759194692608,3812375312056552
2,0,5545,1789633759194701824,3812375312066314
2,0,5546,1789633759194712064,3812375312076077
2,0,5547,1789633759194721280,3812375312085824
2,0,5548,1789633759194731520,3812375312095572
2,0,5549,1789633759194740736,3812375312105334
2,0,5550,1789633759194750976,3812375312115074
2,0,5551,1789633759194760192,3812375312124852
2,0,5552,1789633759194770432,3812375312134582
2,0,5553,1789633759194779648,3812375312144360
2,0,5554,1789633759194789888,3812375312154100
2,0,5555,1789633759194799104,3812375312163867
2,0,5556,1789633759194809344,3812375312173607
2,0,5557,1789633759194818560,3812375312183375
2,0,5558,1789633759194828800,3812375312193115
2,0,5559,1789633759194838016,3812375312202882
2,0,5560,1789633759194848256,3812375312212579
2,0,5561,1789633759194857472,3812375312222395
2,0,5562,1789633759194867712,3812375312232142
2,0,5563,1789633759194877952,3812375312241892
2,0,5564,1789633759194887168,3812375312251552
2,0,5565,1789633759194897408,3812375312261300
2,0,5566,1789633759194906624,3812375312271054
2,0,5567,1789633759194916864,3812375312280826
2,0,5568,1789633759194926080,3812375312290574
2,0,5569,1789633759194936320,3812375312300332
2,0,5570,1789633759194945536,3812375312310082
2,0,5571,1789633759194955776,3812375312319830
2,0,5572,1789633759194964992,3812375312329590
2,0,5573,1789633759194975232,3812375312339337
2,0,5574,1789633759194984448,3812375312349106
2,0,5575,1789633759194994688,3812375312358850
2,0,5576,1789633759195003904,3812375312368604
2,0,5577,1789633759195014144,3812375312378352
2,0,5578,1789633759195023360,3812375312388114
2,0,5579,1789633759195033600,3812375312397855
2,0,5580,1789633759195042816,3812375312407622
2,0,5581,1789633759195053056,3812375312417387
2,0,5582,1789633759195062272,3812375312427130
2,0,5583,1789633759195072512,3812375312436895
2,0,5584,1789633759195081728,3812375312446634
2,0,5585,1789633759195091968,3812375312456402
2,0,5586,1789633759195102208,3812375312466155
2,0,5587,1789633759195111424,3812375312475909
2,0,5588,1789633759195121664,3812375312485652
2,0,5589,1789633759195130880,3812375312495427
2,0,5590,1789633759195141120,3812375312505164
2,0,5591,1789633759195150336,3812375312514912
2,0,5592,1789633759195160576,3812375312524664
2,0,5593,1789633759195169792,3812375312534432
2,0,5594,1789633759195180032,3812375312544174
2,0,5595,1789633759195189248,3812375312553935
2,0,5596,1789633759195199488,3812375312563697
2,0,5597,1789633759195208704,3812375312573435
2,0,5598,1789633759195218944,3812375312583205
2,0,5599,1789633759195228160,3812375312592944
2,0,5600,1789633759195238400,3812375312602707
2,0,5601,1789633759195247616,3812375312612449
2,0,5602,1789633759195257856,3812375312622214
2,0,5603,1789633759195267072,3812375312631961
2,0,5604,1789633759195277312,3812375312641725
2,0,5605,1789633759195287552,3812375312651477
2,0,5606,1789633759195296768,3812375312661224
2,0,5607,1789633759195307008,3812375312670974
2,0,5608,1789633759195316224,3812375312680725
2,0,5609,1789633759195326464,3812375312690493
2,0,5610,1789633759195335680,3812375312700244
2,0,5611,1789633759195345920,3812375312710023
2,0,5612,1789633759195355136,3812375312719767
2,0,5613,1789633759195365376,3812375312729517
2,0,5614,1789633759195374592,3812375312739274
2,0,5615,1789633759195384832,3812375312749022
2,0,5616,1789633759195394048,3812375312758787
2,0,5617,1789633759195404288,3812375312768522
2,0,5618,1789633759195413504,3812375312778280
2,0,5619,1789633759195423744,3812375312788037
2,0,5620,1789633759195432960,3812375312797792
2,0,5621,1789633759195443200,3812375312807548
2,0,5622,1789633759195452416,3812375312817295
2,0,5623,1789633759195462656,3812375312827054
2,0,5624,1789633759195472896,3812375312836807
2,0,5625,1789633759195482112,3812375312846562
2,0,5626,1789633759195492352,3812375312856312
2,0,5627,1789633759195501568,3812375312866073
2,0,5628,1789633759195511808,3812375312875823
2,0,5629,1789633759195521024,3812375312885577
2,0,5630,1789633759195531264,3812375312895325
2,0,5631,1789633759195540480,3812375312905080
2,0,5632,1789633759195550720,3812375312914834
2,0,5633,1789633759195559936,3812375312924585
2,0,5634,1789633759195570176,3812375312934342
2,0,5635,1789633759195579392,3812375312944097
2,0,5636,1789633759195589632,3812375312953854
2,0,5637,1789633759195598848,3812375312963607
2,0,5638,1789633759195609088,3812375312973360
2,0,5639,1789633759195618304,3812375312983124
2,0,5640,1789633759195628544,3812375312992877
2,0,5641,1789633759195637760,3812375313002624
2,0,5642,1789633759195648000,3812375313012370
2,0,5643,1789633759195657216,3812375313022143
2,0,5644,1789633759195667456,3812375313031887
2,0,5645,1789633759195677696,3812375313041637
2,0,5646,1789633759195686912,3812375313051388
2,0,5647,1789633759195697152,3812375313061155
2,0,5648,1789633759195706368,3812375313070907
2,0,5649,1789633759195716608,3812375313080652
2,0,5650,1789633759195725824,3812375313090402
2,0,5651,1789633759195736064,3812375313100185
2,0,5652,1789633759195745280,3812375313109921
2,0,5653,1789633759195755520,3812375313119670
2,0,5654,1789633759195764736,3812375313129435
2,0,5655,1789633759195774976,3812375313139177
2,0,5656,1789633759195784192,3812375313148942
2,0,5657,1789633759195794432,3812375313158687
2,0,5658,1789633759195803648,3812375313168444
2,0,5659,1789633759195813888,3812375313178202
2,0,5660,1789633759195823104,3812375313187952
2,0,5661,1789633759195833344,3812375313197710
2,0,5662,1789633759195842560,3812375313207464
2,0,5663,1789633759195852800,3812375313217214
2,0,5664,1789633759195863040,3812375313226967
2,0,5665,1789633759195872256,3812375313236725
2,0,5666,1789633759195882496,3812375313246474
2,0,5667,1789633759195891712,3812375313256232
2,0,5668,1789633759195901952,3812375313265984
2,0,5669,1789633759195911168,3812375313275740
2,0,5670,1789633759195921408,3812375313285494
2,0,5671,1789633759195930624,3812375313295244
2,0,5672,1789633759195940864,3812375313305000
2,0,5673,1789633759195950080,3812375313314754
2,0,5674,1789633759195960320,3812375313324499
2,0,5675,1789633759195969536,3812375313334260
2,0,5676,1789633759195979776,3812375313344027
2,0,5677,1789633759195988992,3812375313353770
2,0,5678,1789633759195999232,3812375313363627
2,0,5679,1789633759196008448,3812375313373382
2,0,5680,1789633759196018688,3812375313383124
2,0,5681,1789633759196028928,3812375313392884
2,0,5682,1789633759196038144,3812375313402632
2,0,5683,1789633759196048384,3812375313412397
2,0,5684,1789633759196057600,3812375313422130
2,0,5685,1789633759196067840,3812375313431894
2,0,5686,1789633759196077056,3812375313441657
2,0,5687,1789633759196087296,3812375313451440
2,0,5688,1789633759196096512,3812375313461165
2,0,5689,1789633759196106752,3812375313470915
2,0,5690,1789633759196115968,3812375313480674
2,0,5691,1789633759196126208,3812375313490437
2,0,5692,1789633759196135424,3812375313500091
2,0,5693,1789633759196145664,3812375313509844
2,0,5694,1789633759196154880,3812375313519604
2,0,5695,1789633759196165120,3812375313529352
2,0,5696,1789633759196174336,3812375313539102
2,0,5697,1789633759196184576,3812375313548864
2,0,5698,1789633759196193792,3812375313558614
2,0,5699,1789633759196204032,3812375313568374
2,0,5700,1789633759196213248,3812375313578121
2,0,5701,1789633759196223488,3812375313587875
2,0,5702,1789633759196232704,3812375313597624
2,0,5703,1789633759196242944,3812375313607382
2,0,5704,1789633759196253184,3812375313617134
2,0,5705,1789633759196262400,3812375313627037
2,0,5706,1789633759196272640,3812375313636654
2,0,5707,1789633759196281856,3812375313646404
2,0,5708,1789633759196292096,3812375313656152
2,0,5709,1789633759196301312,3812375313665904
2,0,5710,1789633759196311552,3812375313675660
2,0,5711,1789633759196320768,3812375313685452
2,0,5712,1789633759196331008,3812375313695177
2,0,5713,1789633759196340224,3812375313704934
2,0,5714,1789633759196350464,3812375313714674
2,0,5715,1789633759196359680,3812375313724434
2,0,5716,1789633759196369920,3812375313734192
2,0,5717,1789633759196379136,3812375313743934
2,0,5718,1789633759196389376,3812375313753689
2,0,5719,1789633759196398592,3812375313763454
2,0,5720,1789633759196408832,3812375313773202
2,0,5721,1789633759196418048,3812375313782964
2,0,5722,1789633759196428288,3812375313792714
2,0,5723,1789633759196438528,3812375313802464
2,0,5724,1789633759196447744,3812375313812217
2,0,5725,1789633759196457984,3812375313821970
2,0,5726,1789633759196467200,3812375313831732
2,0,5727,1789633759196477440,3812375313841484
2,0,5728,1789633759196486656,3812375313851232
2,0,5729,1789633759196496896,3812375313860985
2,0,5730,1789633759196506112,3812375313870734
2,0,5731,1789633759196516352,3812375313880502
2,0,5732,1789633759196525568,3812375313890252
2,0,5733,1789633759196535808,3812375313900014
2,0,5734,1789633759196545024,3812375313909767
2,0,5735,1789633759196555264,3812375313919514
2,0,5736,1789633759196564480,3812375313929267
2,0,5737,1789633759196574720,3812375313939014
2,0,5738,1789633759196583936,3812375313948785
2,0,5739,1789633759196594176,3812375313958547
2,0,5740,1789633759196603392,3812375313968292
2,0,5741,1789633759196613632,3812375313978044
2,0,5742,1789633759196622848,3812375313987790
2,0,5743,1789633759196633088,3812375313997544
2,0,5744,1789633759196643328,3812375314007313
2,0,5745,1789633759196652544,3812375314017054
2,0,5746,1789633759196662784,3812375314026827
2,0,5747,1789633759196672000,3812375314036564
2,0,5748,1789633759196682240,3812375314046314
2,0,5749,1789633759196691456,3812375314056084
2,0,5750,1789633759196701696,3812375314065824
2,0,5751,1789633759196710912,3812375314075570
2,0,5752,1789633759196721152,3812375314085342
2,0,5753,1789633759196730368,3812375314095094
2,0,5754,1789633759196740608,3812375314104850
2,0,5755,1789633759196749824,3812375314114604
2,0,5756,1789633759196760064,3812375314124357
2,0,5757,1789633759196769280,3812375314134115
2,0,5758,1789633759196779520,3812375314143875
2,0,5759,1789633759196788736,3812375314153617
2,0,5760,1789633759196798976,3812375314163367
2,0,5761,1789633759196808192,3812375314173134
2,0,5762,1789633759196818432,3812375314182880
2,0,5763,1789633759196828672,3812375314192632
2,0,5764,1789633759196837888,3812375314202397
2,0,5765,1789633759196848128,3812375314212144
2,0,5766,1789633759196857344,3812375314221890
2,0,5767,1789633759196867584,3812375314231667
2,0,5768,1789633759196876800,3812375314241402
2,0,5769,1789633759196887040,3812375314251168
2,0,5770,1789633759196896256,3812375314260917
2,0,5771,1789633759196906496,3812375314270667
2,0,5772,1789633759196915712,3812375314280417
2,0,5773,1789633759196925952,3812375314290184
2,0,5774,1789633759196935168,3812375314299934
2,0,5775,1789633759196945408,3812375314309692
2,0,5776,1789633759196954624,3812375314319445
2,0,5777,1789633759196964864,3812375314329193
2,0,5778,1789633759196974080,3812375314338944
2,0,5779,1789633759196984320,3812375314348702
2,0,5780,1789633759196993536,3812375314358457
2,0,5781,1789633759197003776,3812375314368210
2,0,5782,1789633759197014016,3812375314377965
2,0,5783,1789633759197023232,3812375314387722
2,0,5784,1789633759197033472,3812375314397472
2,0,5785,1789633759197042688,3812375314407222
2,0,5786,1789633759197052928,3812375314416977
2,0,5787,1789633759197062144,3812375314426727
2,0,5788,1789633759197072384,3812375314436491
2,0,5789,1789633759197081600,3812375314446237
2,0,5790,1789633759197091840,3812375314456004
2,0,5791,1789633759197101056,3812375314465747
2,0,5792,1789633759197111296,3812375314475503
2,0,5793,1789633759197120512,3812375314485252
2,0,5794,1789633759197130752,3812375314495012
2,0,5795,1789633759197139968,3812375314504767
2,0,5796,1789633759197150208,3812375314514520
2,0,5797,1789633759197159424,3812375314524267
2,0,5798,1789633759197169664,3812375314534034
2,0,5799,1789633759197178880,3812375314543777
2,0,5800,1789633759197189120,3812375314553634
2,0,5801,1789633759197199360,3812375314563380
2,0,5802,1789633759197208576,3812375314573137
2,0,5803,1789633759197218816,3812375314582890
2,0,5804,1789633759197228032,3812375314592640
2,0,5805,1789633759197238272,3812375314602404
2,0,5806,1789633759197247488,3812375314612157
2,0,5807,1789633759197257728,3812375314621915
2,0,5808,1789633759197266944,3812375314631654
2,0,5809,1789633759197277184,3812375314641447
2,0,5810,1789633759197286400,3812375314651157
2,0,5811,1789633759197296640,3812375314660922
2,0,5812,1789633759197305856,3812375314670674
2,0,5813,1789633759197316096,3812375314680422
2,0,5814,1789633759197325312,3812375314690187
2,0,5815,1789633759197335552,3812375314699934
2,0,5816,1789633759197344768,3812375314709694
2,0,5817,1789633759197355008,3812375314719454
2,0,5818,1789633759197365248,3812375314729217
2,0,5819,1789633759197374464,3812375314738965
2,0,5820,1789633759197384704,3812375314748624
2,0,5821,1789633759197393920,3812375314758384
2,0,5822,1789633759197404160,3812375314768134
2,0,5823,1789633759197413376,3812375314777882
2,0,5824,1789633759197423616,3812375314787642
2,0,5825,1789633759197432832,3812375314797394
2,0,5826,1789633759197443072,3812375314807142
2,0,5827,1789633759197452288,3812375314816892
2,0,5828,1789633759197462528,3812375314826650
2,0,5829,1789633759197471744,3812375314836407
2,0,5830,1789633759197481984,3812375314846152
2,0,5831,1789633759197491200,3812375314855922
2,0,5832,1789633759197501440,3812375314865670
2,0,5833,1789633759197510656,3812375314875424
2,0,5834,1789633759197520896,3812375314885186
2,0,5835,1789633759197530112,3812375314894942
2,0,5836,1789633759197540352,3812375314904694
2,0,5837,1789633759197549568,3812375314914444
2,0,5838,1789633759197559808,3812375314924194
2,0,5839,1789633759197569024,3812375314933967
2,0,5840,1789633759197579264,3812375314943702
2,0,5841,1789633759197589504,3812375314953460
2,0,5842,1789633759197598720,3812375314963210
2,0,5843,1789633759197608960,3812375314972972
2,0,5844,1789633759197618176,3812375314982720
2,0,5845,1789633759197628416,3812375314992484
2,0,5846,1789633759197637632,3812375315002232
2,0,5847,1789633759197647872,3812375315011977
2,0,5848,1789633759197657088,3812375315021760
2,0,5849,1789633759197667328,3812375315031500
2,0,5850,1789633759197676544,3812375315041244
2,0,5851,1789633759197686784,3812375315051002
2,0,5852,1789633759197696000,3812375315060755
2,0,5853,1789633759197706240,3812375315070515
2,0,5854,1789633759197715456,3812375315080250
2,0,5855,1789633759197725696,3812375315090012
2,0,5856,1789633759197734912,3812375315099774
2,0,5857,1789633759197745152,3812375315109534
2,0,5858,1789633759197754368,3812375315119274
2,0,5859,1789633759197764608,3812375315129022
2,0,5860,1789633759197773824,3812375315138792
2,0,5861,1789633759197784064,3812375315148537
2,0,5862,1789633759197794304,3812375315158304
2,0,5863,1789633759197803520,3812375315168047
2,0,5864,1789633759197813760,3812375315177814
2,0,5865,1789633759197822976,3812375315187585
2,0,5866,1789633759197833216,3812375315197322
2,0,5867,1789633759197842432,3812375315207072
2,0,5868,1789633759197852672,3812375315216822
2,0,5869,1789633759197861888,3812375315226575
2,0,5870,1789633759197872128,3812375315236330
2,0,5871,1789633759197881344,3812375315246087
2,0,5872,1789633759197891584,3812375315255834
2,0,5873,1789633759197900800,3812375315265580
2,0,5874,1789633759197911040,3812375315275334
2,0,5875,1789633759197920256,3812375315285102
2,0,5876,1789633759197930496,3812375315294852
2,0,5877,1789633759197939712,3812375315304610
2,0,5878,1789633759197949952,3812375315314364
2,0,5879,1789633759197959168,3812375315324117
2,0,5880,1789633759197969408,3812375315333872
2,0,5881,1789633759197979648,3812375315343620
2,0,5882,1789633759197988864,3812375315353382
2,0,5883,1789633759197999104,3812375315363132
2,0,5884,1789633759198008320,3812375315372899
2,0,5885,1789633759198018560,3812375315382640
2,0,5886,1789633759198027776,3812375315392406
2,0,5887,1789633759198038016,3812375315402147
2,0,5888,1789633759198047232,3812375315411894
2,0,5889,1789633759198057472,3812375315421664
2,0,5890,1789633759198066688,3812375315431405
2,0,5891,1789633759198076928,3812375315441150
2,0,5892,1789633759198086144,3812375315450904
2,0,5893,1789633759198096384,3812375315460684
2,0,5894,1789633759198105600,3812375315470424
2,0,5895,1789633759198115840,3812375315480192
2,0,5896,1789633759198125056,3812375315489935
2,0,5897,1789633759198135296,3812375315499706
2,0,5898,1789633759198144512,3812375315509455
2,0,5899,1789633759198154752,3812375315519197
2,0,5900,1789633759198164992,3812375315528954
2,0,5901,1789633759198174208,3812375315538700
2,0,5902,1789633759198184448,3812375315548450
2,0,5903,1789633759198193664,3812375315558222
2,0,5904,1789633759198203904,3812375315567975
2,0,5905,1789633759198213120,3812375315577724
2,0,5906,1789633759198223360,3812375315587483
2,0,5907,1789633759198232576,3812375315597226
2,0,5908,1789633759198242816,3812375315606980
2,0,5909,1789633759198252032,3812375315616739
2,0,5910,1789633759198262272,3812375315626484
2,0,5911,1789633759198271488,3812375315636254
2,0,5912,1789633759198281728,3812375315646004
2,0,5913,1789633759198290944,3812375315655754
2,0,5914,1789633759198301184,3812375315665512
2,0,5915,1789633759198310400,3812375315675266
2,0,5916,1789633759198320640,3812375315685024
2,0,5917,1789633759198329856,3812375315694775
2,0,5918,1789633759198340096,3812375315704535
2,0,5919,1789633759198349312,3812375315714282
2,0,5920,1789633759198359552,3812375315724039
2,0,5921,1789633759198369792,3812375315733797
2,0,5922,1789633759198379008,3812375315743664
2,0,5923,1789633759198389248,3812375315753380
2,0,5924,1789633759198398464,3812375315763134
2,0,5925,1789633759198408704,3812375315772896
2,0,5926,1789633759198417920,3812375315782645
2,0,5927,1789633759198428160,3812375315792410
2,0,5928,1789633759198437376,3812375315802164
2,0,5929,1789633759198447616,3812375315811917
2,0,5930,1789633759198456832,3812375315821677
2,0,5931,1789633759198467072,3812375315831450
2,0,5932,1789633759198476288,3812375315841164
2,0,5933,1789633759198486528,3812375315850926
2,0,5934,1789633759198495744,3812375315860674
2,0,5935,1789633759198505984,3812375315870450
2,0,5936,1789633759198516224,3812375315880197
2,0,5937,1789633759198525440,3812375315890022
2,0,5938,1789633759198535680,3812375315899704
2,0,5939,1789633759198544896,3812375315909444
2,0,5940,1789633759198555136,3812375315919174
2,0,5941,1789633759198564352,3812375315928964
2,0,5942,1789633759198574592,3812375315938715
2,0,5943,1789633759198583808,3812375315948464
2,0,5944,1789633759198594048,3812375315958234
2,0,5945,1789633759198603264,3812375315967982
2,0,5946,1789633759198613504,3812375315977734
2,0,5947,1789633759198622720,3812375315987484
2,0,5948,1789633759198632960,3812375315997154
2,0,5949,1789633759198642176,3812375316006907
2,0,5950,1789633759198652416,3812375316016666
2,0,5951,1789633759198661632,3812375316026424
2,0,5952,1789633759198671872,3812375316036174
2,0,5953,1789633759198681088,3812375316045922
2,0,5954,1789633759198691328,3812375316055667
2,0,5955,1789633759198700544,3812375316065427
2,0,5956,1789633759198710784,3812375316075199
2,0,5957,1789633759198720000,3812375316084944
2,0,5958,1789633759198730240,3812375316094692
2,0,5959,1789633759198740480,3812375316104444
2,0,5960,1789633759198749696,3812375316114192
2,0,5961,1789633759198759936,3812375316123963
2,0,5962,1789633759198769152,3812375316133727
2,0,5963,1789633759198779392,3812375316143470
2,0,5964,1789633759198788608,3812375316153215
2,0,5965,1789633759198798848,3812375316162985
2,0,5966,1789633759198808064,3812375316172727
2,0,5967,1789633759198818304,3812375316182472
2,0,5968,1789633759198827520,3812375316192245
2,0,5969,1789633759198837760,3812375316202014
2,0,5970,1789633759198846976,3812375316211742
2,0,5971,1789633759198857216,3812375316221504
2,0,5972,1789633759198866432,3812375316231254
2,0,5973,1789633759198876672,3812375316241014
2,0,5974,1789633759198885888,3812375316250772
2,0,5975,1789633759198896128,3812375316260504
2,0,5976,1789633759198905344,3812375316270276
2,0,5977,1789633759198915584,3812375316280017
2,0,5978,1789633759198924800,3812375316289786
2,0,5979,1789633759198935040,3812375316299530
2,0,5980,1789633759198945280,3812375316309294
2,0,5981,1789633759198954496,3812375316319040
2,0,5982,1789633759198964736,3812375316328802
2,0,5983,1789633759198973952,3812375316338544
2,0,5984,1789633759198984192,3812375316348305
2,0,5985,1789633759198993408,3812375316358064
2,0,5986,1789633759199003648,3812375316367822
2,0,5987,1789633759199012864,3812375316377564
2,0,5988,1789633759199023104,3812375316387324
2,0,5989,1789633759199032320,3812375316397080
2,0,5990,1789633759199042560,3812375316406832
2,0,5991,1789633759199051776,3812375316416582
2,0,5992,1789633759199062016,3812375316426340
2,0,5993,1789633759199071232,3812375316436095
2,0,5994,1789633759199081472,3812375316445854
2,0,5995,1789633759199090688,3812375316455594
2,0,5996,1789633759199100928,3812375316465364
2,0,5997,1789633759199110144,3812375316475105
2,0,5998,1789633759199120384,3812375316484850
2,0,5999,1789633759199130624,3812375316494613
2,0,6000,1789633759199139840,3812375316504375
2,0,6001,1789633759199150080,3812375316514120
2,0,6002,1789633759199159296,3812375316523882
2,0,6003,1789633759199169536,3812375316533624
2,0,6004,1789633759199178752,3812375316543395
2,0,6005,1789633759199188992,3812375316553135
2,0,6006,1789633759199198208,3812375316562887
2,0,6007,1789633759199208448,3812375316572654
2,0,6008,1789633759199217664,3812375316582399
2,0,6009,1789633759199227904,3812375316592154
2,0,6010,1789633759199237120,3812375316601922
2,0,6011,1789633759199247360,3812375316611664
2,0,6012,1789633759199256576,3812375316621414
2,0,6013,1789633759199266816,3812375316631164
2,0,6014,1789633759199276032,3812375316640926
2,0,6015,1789633759199286272,3812375316650672
2,0,6016,1789633759199295488,3812375316660429
2,0,6017,1789633759199305728,3812375316670184
2,0,6018,1789633759199314944,3812375316679932
2,0,6019,1789633759199325184,3812375316689714
2,0,6020,1789633759199335424,3812375316699462
2,0,6021,1789633759199344640,3812375316709214
2,0,6022,1789633759199354880,3812375316718957
2,0,6023,1789633759199364096,3812375316728714
2,0,6024,1789633759199374336,3812375316738463
2,0,6025,1789633759199383552,3812375316748232
2,0,6026,1789633759199393792,3812375316757977
2,0,6027,1789633759199403008,3812375316767749
2,0,6028,1789633759199413248,3812375316777494
2,0,6029,1789633759199422464,3812375316787244
2,0,6030,1789633759199432704,3812375316796992
2,0,6031,1789633759199441920,3812375316806752
2,0,6032,1789633759199452160,3812375316816494
2,0,6033,1789633759199461376,3812375316826262
2,0,6034,1789633759199471616,3812375316836014
2,0,6035,1789633759199480832,3812375316845767
2,0,6036,1789633759199491072,3812375316855522
2,0,6037,1789633759199500288,3812375316865274
2,0,6038,1789633759199510528,3812375316875032
2,0,6039,1789633759199520768,3812375316884784
2,0,6040,1789633759199529984,3812375316894545
2,0,6041,1789633759199540224,3812375316904291
2,0,6042,1789633759199549440,3812375316914042
2,0,6043,1789633759199559680,3812375316923804
2,0,6044,1789633759199568896,3812375316933649
2,0,6045,1789633759199579136,3812375316943414
2,0,6046,1789633759199588352,3812375316953184
2,0,6047,1789633759199598592,3812375316962902
2,0,6048,1789633759199607808,3812375316972649
2,0,6049,1789633759199618048,3812375316982407
2,0,6050,1789633759199627264,3812375316992164
2,0,6051,1789633759199637504,3812375317001916
2,0,6052,1789633759199646720,3812375317011676
2,0,6053,1789633759199656960,3812375317021434
2,0,6054,1789633759199666176,3812375317031184
2,0,6055,1789633759199676416,3812375317040942
2,0,6056,1789633759199686656,3812375317050692
2,0,6057,1789633759199695872,3812375317060449
2,0,6058,1789633759199706112,3812375317070199
2,0,6059,1789633759199715328,3812375317080022
2,0,6060,1789633759199725568,3812375317089712
2,0,6061,1789633759199734784,3812375317099469
2,0,6062,1789633759199745024,3812375317109214
2,0,6063,1789633759199754240,3812375317118972
2,0,6064,1789633759199764480,3812375317128722
2,0,6065,1789633759199773696,3812375317138484
2,0,6066,1789633759199783936,3812375317148234
2,0,6067,1789633759199793152,3812375317157989
2,0,6068,1789633759199803392,3812375317167748
2,0,6069,1789633759199812608,3812375317177499
2,0,6070,1789633759199822848,3812375317187262
2,0,6071,1789633759199832064,3812375317197002
2,0,6072,1789633759199842304,3812375317206757
2,0,6073,1789633759199851520,3812375317216515
2,0,6074,1789633759199861760,3812375317226259
2,0,6075,1789633759199872000,3812375317236012
2,0,6076,1789633759199881216,3812375317245694
2,0,6077,1789633759199890432,3812375317255442
2,0,6078,1789633759199900672,3812375317265186
2,0,6079,1789633759199910912,3812375317274959
2,0,6080,1789633759199920128,3812375317284706
2,0,6081,1789633759199930368,3812375317294466
2,0,6082,1789633759199939584,3812375317304208
2,0,6083,1789633759199949824,3812375317313974
2,0,6084,1789633759199959040,3812375317323722
2,0,6085,1789633759199969280,3812375317333486
2,0,6086,1789633759199978496,3812375317343232
2,0,6087,1789633759199988736,3812375317352994
2,0,6088,1789633759199997952,3812375317362737
2,0,6089,1789633759200008192,3812375317372492
2,0,6090,1789633759200017408,3812375317382237
2,0,6091,1789633759200027648,3812375317392004
2,0,6092,1789633759200036864,3812375317401754
2,0,6093,1789633759200047104,3812375317411506
2,0,6094,1789633759200056320,3812375317421262
2,0,6095,1789633759200066560,3812375317431019
2,0,6096,1789633759200075776,3812375317440769
2,0,6097,1789633759200086016,3812375317450526
2,0,6098,1789633759200096256,3812375317460279
2,0,6099,1789633759200105472,3812375317470034
2,0,6100,1789633759200115712,3812375317479796
2,0,6101,1789633759200124928,3812375317489542
2,0,6102,1789633759200135168,3812375317499304
2,0,6103,1789633759200144384,3812375317509049
2,0,6104,1789633759200154624,3812375317518789
2,0,6105,1789633759200163840,3812375317528563
2,0,6106,1789633759200174080,3812375317538316
2,0,6107,1789633759200183296,3812375317548064
2,0,6108,1789633759200193536,3812375317557816
2,0,6109,1789633759200202752,3812375317567572
2,0,6110,1789633759200212992,3812375317577334
2,0,6111,1789633759200222208,3812375317587085
2,0,6112,1789633759200232448,3812375317596837
2,0,6113,1789633759200241664,3812375317606592
2,0,6114,1789633759200251904,3812375317616354
2,0,6115,1789633759200261120,3812375317626815
2,0,6116,1789633759200271360,3812375317635864
2,0,6117,1789633759200281600,3812375317645612
2,0,6118,1789633759200290816,3812375317655369
2,0,6119,1789633759200301056,3812375317665114
2,0,6120,1789633759200310272,3812375317674912
2,0,6121,1789633759200320512,3812375317684617
2,0,6122,1789633759200329728,3812375317694384
2,0,6123,1789633759200339968,3812375317704126
2,0,6124,1789633759200349184,3812375317713895
2,0,6125,1789633759200359424,3812375317723642
2,0,6126,1789633759200368640,3812375317733385
2,0,6127,1789633759200378880,3812375317743154
2,0,6128,1789633759200388096,3812375317752902
2,0,6129,1789633759200398336,3812375317762654
2,0,6130,1789633759200407552,3812375317772414
2,0,6131,1789633759200417792,3812375317782159
2,0,6132,1789633759200427008,3812375317791912
2,0,6133,1789633759200437248,3812375317801666
2,0,6134,1789633759200446464,3812375317811422
2,0,6135,1789633759200456704,3812375317821174
2,0,6136,1789633759200465920,3812375317830934
2,0,6137,1789633759200476160,3812375317840692
2,0,6138,1789633759200486400,3812375317850455
2,0,6139,1789633759200495616,3812375317860189
2,0,6140,1789633759200505856,3812375317870022
2,0,6141,1789633759200515072,3812375317879712
2,0,6142,1789633759200525312,3812375317889464
2,0,6143,1789633759200534528,3812375317899222
2,0,6144,1789633759200544768,3812375317908974
2,0,6145,1789633759200553984,3812375317918732
2,0,6146,1789633759200564224,3812375317928484
2,0,6147,1789633759200573440,3812375317938234
2,0,6148,1789633759200583680,3812375317947992
2,0,6149,1789633759200592896,3812375317957757
2,0,6150,1789633759200603136,3812375317967488
2,0,6151,1789633759200612352,3812375317977252
2,0,6152,1789633759200622592,3812375317987004
2,0,6153,1789633759200631808,3812375317996766
2,0,6154,1789633759200642048,3812375318006515
2,0,6155,1789633759200651264,3812375318016264
2,0,6156,1789633759200661504,3812375318026022
2,0,6157,1789633759200671744,3812375318035772
2,0,6158,1789633759200680960,3812375318045534
2,0,6159,1789633759200691200,3812375318055284
2,0,6160,1789633759200700416,3812375318065044
2,0,6161,1789633759200710656,3812375318074792
2,0,6162,1789633759200719872,3812375318084539
2,0,6163,1789633759200730112,3812375318094289
2,0,6164,1789633759200739328,3812375318104040
2,0,6165,1789633759200749568,3812375318113816
2,0,6166,1789633759200758784,3812375318123564
2,0,6167,1789633759200769024,3812375318133314
2,0,6168,1789633759200778240,3812375318143064
2,0,6169,1789633759200788480,3812375318152819
2,0,6170,1789633759200797696,3812375318162582
2,0,6171,1789633759200807936,3812375318172327
2,0,6172,1789633759200817152,3812375318182096
2,0,6173,1789633759200827392,3812375318191842
2,0,6174,1789633759200836608,3812375318201594
2,0,6175,1789633759200846848,3812375318211345
2,0,6176,1789633759200857088,3812375318221109
2,0,6177,1789633759200866304,3812375318230862
2,0,6178,1789633759200876544,3812375318240605
2,0,6179,1789633759200885760,3812375318250374
2,0,6180,1789633759200896000,3812375318260125
2,0,6181,1789633759200905216,3812375318269882
2,0,6182,1789633759200915456,3812375318279624
2,0,6183,1789633759200924672,3812375318289384
2,0,6184,1789633759200934912,3812375318299139
2,0,6185,1789633759200944128,3812375318308892
2,0,6186,1789633759200954368,3812375318318639
2,0,6187,1789633759200963584,3812375318328405
2,0,6188,1789633759200973824,3812375318338149
2,0,6189,1789633759200983040,3812375318347907
2,0,6190,1789633759200993280,3812375318357654
2,0,6191,1789633759201002496,3812375318367419
2,0,6192,1789633759201012736,3812375318377169
2,0,6193,1789633759201021952,3812375318386917
2,0,6194,1789633759201032192,3812375318396684
2,0,6195,1789633759201041408,3812375318406429
2,0,6196,1789633759201051648,3812375318416197
2,0,6197,1789633759201061888,3812375318425939
2,0,6198,1789633759201071104,3812375318435685
2,0,6199,1789633759201081344,3812375318445455
2,0,6200,1789633759201090560,3812375318455199
2,0,6201,1789633759201100800,3812375318464967
2,0,6202,1789633759201110016,3812375318474714
2,0,6203,1789633759201120256,3812375318484459
2,0,6204,1789633759201129472,3812375318494209
2,0,6205,1789633759201139712,3812375318503982
2,0,6206,1789633759201148928,3812375318513734
2,0,6207,1789633759201159168,3812375318523494
2,0,6208,1789633759201168384,3812375318533244
2,0,6209,1789633759201178624,3812375318542992
2,0,6210,1789633759201187840,3812375318552744
2,0,6211,1789633759201198080,3812375318562489
2,0,6212,1789633759201207296,3812375318572249
2,0,6213,1789633759201217536,3812375318582014
2,0,6214,1789633759201226752,3812375318591764
2,0,6215,1789633759201236992,3812375318601514
2,0,6216,1789633759201247232,3812375318611272
2,0,6217,1789633759201256448,3812375318621022
2,0,6218,1789633759201266688,3812375318630769
2,0,6219,1789633759201275904,3812375318640525
2,0,6220,1789633759201286144,3812375318650290
2,0,6221,1789633759201295360,3812375318660042
2,0,6222,1789633759201305600,3812375318669803
2,0,6223,1789633759201314816,3812375318679559
2,0,6224,1789633759201325056,3812375318689304
2,0,6225,1789633759201334272,3812375318699056
2,0,6226,1789633759201344512,3812375318708804
2,0,6227,1789633759201353728,3812375318718560
2,0,6228,1789633759201363968,3812375318728319
2,0,6229,1789633759201373184,3812375318738082
2,0,6230,1789633759201383424,3812375318747834
2,0,6231,1789633759201392640,3812375318757587
2,0,6232,1789633759201402880,3812375318767342
2,0,6233,1789633759201412096,3812375318777096
2,0,6234,1789633759201422336,3812375318786829
2,0,6235,1789633759201432576,3812375318796604
2,0,6236,1789633759201441792,3812375318806362
2,0,6237,1789633759201452032,3812375318816114
2,0,6238,1789633759201461248,3812375318825874
2,0,6239,1789633759201471488,3812375318835617
2,0,6240,1789633759201480704,3812375318845367
2,0,6241,1789633759201490944,3812375318855112
2,0,6242,1789633759201500160,3812375318864886
2,0,6243,1789633759201510400,3812375318874634
2,0,6244,1789633759201519616,3812375318884397
2,0,6245,1789633759201529856,3812375318894145
2,0,6246,1789633759201539072,3812375318903892
2,0,6247,1789633759201549312,3812375318913647
2,0,6248,1789633759201558528,3812375318923412
2,0,6249,1789633759201568768,3812375318933184
2,0,6250,1789633759201577984,3812375318942924
2,0,6251,1789633759201588224,3812375318952664
2,0,6252,1789633759201597440,3812375318962426
2,0,6253,1789633759201607680,3812375318972184
2,0,6254,1789633759201616896,3812375318981934
2,0,6255,1789633759201627136,3812375318991682
2,0,6256,1789633759201637376,3812375319001442
2,0,6257,1789633759201646592,3812375319011192
2,0,6258,1789633759201656832,3812375319020945
2,0,6259,1789633759201666048,3812375319030704
2,0,6260,1789633759201676288,3812375319040456
2,0,6261,1789633759201685504,3812375319050212
2,0,6262,1789633759201695744,3812375319060022
2,0,6263,1789633759201704960,3812375319069722
2,0,6264,1789633759201715200,3812375319079473
2,0,6265,1789633759201724416,3812375319089222
2,0,6266,1789633759201734656,3812375319098974
2,0,6267,1789633759201743872,3812375319108744
2,0,6268,1789633759201754112,3812375319118492
2,0,6269,1789633759201763328,3812375319128245
2,0,6270,1789633759201773568,3812375319137994
2,0,6271,1789633759201782784,3812375319147764
2,0,6272,1789633759201793024,3812375319157502
2,0,6273,1789633759201802240,3812375319167259
2,0,6274,1789633759201812480,3812375319177014
2,0,6275,1789633759201822720,3812375319186774
2,0,6276,1789633759201831936,3812375319196522
2,0,6277,1789633759201842176,3812375319206282
2,0,6278,1789633759201851392,3812375319216034
2,0,6279,1789633759201861632,3812375319225782
2,0,6280,1789633759201870848,3812375319235546
2,0,6281,1789633759201881088,3812375319245294
2,0,6282,1789633759201890304,3812375319255055
2,0,6283,1789633759201900544,3812375319264804
2,0,6284,1789633759201909760,3812375319274552
2,0,6285,1789633759201920000,3812375319284315
2,0,6286,1789633759201929216,3812375319294065
2,0,6287,1789633759201939456,3812375319303812
2,0,6288,1789633759201948672,3812375319313576
2,0,6289,1789633759201958912,3812375319323334
2,0,6290,1789633759201968128,3812375319333074
2,0,6291,1789633759201978368,3812375319342825
2,0,6292,1789633759201987584,3812375319352592
2,0,6293,1789633759201997824,3812375319362339
2,0,6294,1789633759202007040,3812375319372088
2,0,6295,1789633759202017280,3812375319381854
2,0,6296,1789633759202027520,3812375319391596
2,0,6297,1789633759202036736,3812375319401354
2,0,6298,1789633759202046976,3812375319411124
2,0,6299,1789633759202056192,3812375319420864
2,0,6300,1789633759202066432,3812375319430637
2,0,6301,1789633759202075648,3812375319440384
2,0,6302,1789633759202085888,3812375319450132
2,0,6303,1789633759202095104,3812375319459884
2,0,6304,1789633759202105344,3812375319469636
2,0,6305,1789633759202114560,3812375319479379
2,0,6306,1789633759202124800,3812375319489154
2,0,6307,1789633759202134016,3812375319498902
2,0,6308,1789633759202144256,3812375319508657
2,0,6309,1789633759202153472,3812375319518405
2,0,6310,1789633759202163712,3812375319528159
2,0,6311,1789633759202172928,3812375319537910
2,0,6312,1789633759202183168,3812375319547666
2,0,6313,1789633759202192384,3812375319557415
2,0,6314,1789633759202202624,3812375319567185
2,0,6315,1789633759202212864,3812375319576919
2,0,6316,1789633759202222080,3812375319586696
2,0,6317,1789633759202232320,3812375319596444
2,0,6318,1789633759202241536,3812375319606205
2,0,6319,1789633759202251776,3812375319615945
2,0,6320,1789633759202260992,3812375319625702
2,0,6321,1789633759202271232,3812375319635462
2,0,6322,1789633759202280448,3812375319645209
2,0,6323,1789633759202290688,3812375319654957
2,0,6324,1789633759202299904,3812375319664714
2,0,6325,1789633759202310144,3812375319674474
2,0,6326,1789633759202319360,3812375319684229
2,0,6327,1789633759202329600,3812375319693984
2,0,6328,1789633759202338816,3812375319703732
2,0,6329,1789633759202349056,3812375319713599
2,0,6330,1789633759202359296,3812375319723346
2,0,6331,1789633759202368512,3812375319733092
2,0,6332,1789633759202378752,3812375319742742
2,0,6333,1789633759202387968,3812375319752514
2,0,6334,1789633759202398208,3812375319762254
2,0,6335,1789633759202407424,3812375319772022
2,0,6336,1789633759202417664,3812375319781772
2,0,6337,1789633759202426880,3812375319791534
2,0,6338,1789633759202437120,3812375319801285
2,0,6339,1789633759202446336,3812375319811039
2,0,6340,1789633759202456576,3812375319820792
2,0,6341,1789633759202465792,3812375319830544
2,0,6342,1789633759202476032,3812375319840305
2,0,6343,1789633759202485248,3812375319850052
2,0,6344,1789633759202495488,3812375319859802
2,0,6345,1789633759202504704,3812375319869564
2,0,6346,1789633759202514944,3812375319879315
2,0,6347,1789633759202524160,3812375319889059
2,0,6348,1789633759202534400,3812375319898812
2,0,6349,1789633759202543616,3812375319908564
2,0,6350,1789633759202553856,3812375319918334
2,0,6351,1789633759202563072,3812375319928082
2,0,6352,1789633759202573312,3812375319937834
2,0,6353,1789633759202582528,3812375319947586
2,0,6354,1789633759202592768,3812375319957345
2,0,6355,1789633759202603008,3812375319967099
2,0,6356,1789633759202612224,3812375319976852
2,0,6357,1789633759202622464,3812375319986615
2,0,6358,1789633759202631680,3812375319996365
2,0,6359,1789633759202641920,3812375320006114
2,0,6360,1789633759202651136,3812375320015867
2,0,6361,1789633759202661376,3812375320025624
2,0,6362,1789633759202670592,3812375320035384
2,0,6363,1789633759202680832,3812375320045142
2,0,6364,1789633759202690048,3812375320054892
2,0,6365,1789633759202700288,3812375320064644
2,0,6366,1789633759202709504,3812375320074404
2,0,6367,1789633759202719744,3812375320084154
2,0,6368,1789633759202728960,3812375320093916
2,0,6369,1789633759202739200,3812375320103665
2,0,6370,1789633759202748416,3812375320113414
