schema_version,trial,sample,gpu_ns,cpu_observed_ns
2,0,0,1789633732829467648,3812348946343994
2,0,1,1789633732829478912,3812348946354794
2,0,2,1789633732829490176,3812348946365674
2,0,3,1789633732829500416,3812348946376438
2,0,4,1789633732829511680,3812348946387281
2,0,5,1789633732829522944,3812348946398126
2,0,6,1789633732829533184,3812348946408932
2,0,7,1789633732829544448,3812348946419801
2,0,8,1789633732829554688,3812348946430838
2,0,9,1789633732829565952,3812348946441609
2,0,10,1789633732829577216,3812348946452454
2,0,11,1789633732829587456,3812348946463306
2,0,12,1789633732829598720,3812348946474178
2,0,13,1789633732829608960,3812348946485057
2,0,14,1789633732829620224,3812348946495866
2,0,15,1789633732829631488,3812348946506737
2,0,16,1789633732829641728,3812348946517612
2,0,17,1789633732829652992,3812348946528354
2,0,18,1789633732829663232,3812348946539186
2,0,19,1789633732829674496,3812348946549946
2,0,20,1789633732829685760,3812348946560794
2,0,21,1789633732829696000,3812348946571586
2,0,22,1789633732829707264,3812348946582394
2,0,23,1789633732829717504,3812348946593169
2,0,24,1789633732829728768,3812348946604029
2,0,25,1789633732829739008,3812348946614884
2,0,26,1789633732829750272,3812348946625772
2,0,27,1789633732829760512,3812348946636526
2,0,28,1789633732829771776,3812348946647301
2,0,29,1789633732829783040,3812348946658118
2,0,30,1789633732829793280,3812348946668889
2,0,31,1789633732829804544,3812348946679734
2,0,32,1789633732829814784,3812348946690492
2,0,33,1789633732829826048,3812348946701238
2,0,34,1789633732829836288,3812348946712092
2,0,35,1789633732829847552,3812348946722869
2,0,36,1789633732829857792,3812348946733626
2,0,37,1789633732829869056,3812348946744494
2,0,38,1789633732829879296,3812348946755346
2,0,39,1789633732829890560,3812348946766232
2,0,40,1789633732829901824,3812348946777012
2,0,41,1789633732829912064,3812348946787854
2,0,42,1789633732829923328,3812348946798661
2,0,43,1789633732829933568,3812348946809517
2,0,44,1789633732829944832,3812348946820301
2,0,45,1789633732829956096,3812348946831074
2,0,46,1789633732829966336,3812348946841889
2,0,47,1789633732829977600,3812348946852749
2,0,48,1789633732829987840,3812348946863564
2,0,49,1789633732829999104,3812348946874377
2,0,50,1789633732830009344,3812348946885381
2,0,51,1789633732830020608,3812348946896255
2,0,52,1789633732830031872,3812348946907001
2,0,53,1789633732830042112,3812348946917844
2,0,54,1789633732830053376,3812348946928598
2,0,55,1789633732830063616,3812348946939412
2,0,56,1789633732830074880,3812348946950170
2,0,57,1789633732830085120,3812348946961029
2,0,58,1789633732830096384,3812348946971794
2,0,59,1789633732830106624,3812348946982721
2,0,60,1789633732830117888,3812348946993554
2,0,61,1789633732830129152,3812348947004318
2,0,62,1789633732830139392,3812348947015158
2,0,63,1789633732830150656,3812348947025906
2,0,64,1789633732830160896,3812348947036706
2,0,65,1789633732830172160,3812348947047461
2,0,66,1789633732830182400,3812348947058221
2,0,67,1789633732830193664,3812348947069077
2,0,68,1789633732830203904,3812348947079866
2,0,69,1789633732830215168,3812348947090621
2,0,70,1789633732830225408,3812348947101494
2,0,71,1789633732830236672,3812348947112272
2,0,72,1789633732830247936,3812348947123181
2,0,73,1789633732830258176,3812348947134032
2,0,74,1789633732830269440,3812348947144798
2,0,75,1789633732830279680,3812348947155549
2,0,76,1789633732830290944,3812348947166358
2,0,77,1789633732830301184,3812348947177237
2,0,78,1789633732830312448,3812348947188021
2,0,79,1789633732830323712,3812348947198877
2,0,80,1789633732830333952,3812348947209637
2,0,81,1789633732830345216,3812348947220489
2,0,82,1789633732830355456,3812348947231309
2,0,83,1789633732830366720,3812348947242204
2,0,84,1789633732830377984,3812348947253052
2,0,85,1789633732830388224,3812348947263829
2,0,86,1789633732830399488,3812348947274681
2,0,87,1789633732830409728,3812348947285452
2,0,88,1789633732830420992,3812348947296266
2,0,89,1789633732830431232,3812348947307077
2,0,90,1789633732830442496,3812348947317852
2,0,91,1789633732830452736,3812348947328601
2,0,92,1789633732830464000,3812348947339381
2,0,93,1789633732830474240,3812348947350198
2,0,94,1789633732830485504,3812348947360957
2,0,95,1789633732830495744,3812348947371735
2,0,96,1789633732830507008,3812348947382641
2,0,97,1789633732830518272,3812348947393492
2,0,98,1789633732830528512,3812348947404254
2,0,99,1789633732830539776,3812348947415021
2,0,100,1789633732830550016,3812348947425781
2,0,101,1789633732830561280,3812348947436609
2,0,102,1789633732830571520,3812348947447374
2,0,103,1789633732830582784,3812348947458157
2,0,104,1789633732830593024,3812348947468906
2,0,105,1789633732830604288,3812348947479798
2,0,106,1789633732830615552,3812348947490674
2,0,107,1789633732830625792,3812348947501446
2,0,108,1789633732830637056,3812348947512232
2,0,109,1789633732830647296,3812348947523124
2,0,110,1789633732830658560,3812348947533992
2,0,111,1789633732830668800,3812348947544770
2,0,112,1789633732830680064,3812348947555617
2,0,113,1789633732830691328,3812348947566426
2,0,114,1789633732830701568,3812348947577194
2,0,115,1789633732830712832,3812348947587997
2,0,116,1789633732830723072,3812348947598886
2,0,117,1789633732830734336,3812348947609726
2,0,118,1789633732830744576,3812348947620649
2,0,119,1789633732830755840,3812348947631492
2,0,120,1789633732830767104,3812348947642244
2,0,121,1789633732830777344,3812348947653089
2,0,122,1789633732830788608,3812348947663849
2,0,123,1789633732830798848,3812348947674652
2,0,124,1789633732830810112,3812348947685398
2,0,125,1789633732830820352,3812348947696237
2,0,126,1789633732830831616,3812348947707014
2,0,127,1789633732830841856,3812348947717774
2,0,128,1789633732830853120,3812348947728524
2,0,129,1789633732830863360,3812348947739269
2,0,130,1789633732830874624,3812348947750121
2,0,131,1789633732830884864,3812348947760877
2,0,132,1789633732830896128,3812348947771724
2,0,133,1789633732830907392,3812348947782604
2,0,134,1789633732830917632,3812348947793367
2,0,135,1789633732830928896,3812348947804146
2,0,136,1789633732830939136,3812348947815004
2,0,137,1789633732830950400,3812348947825806
2,0,138,1789633732830960640,3812348947836572
2,0,139,1789633732830971904,3812348947847334
2,0,140,1789633732830983168,3812348947858229
2,0,141,1789633732830993408,3812348947869066
2,0,142,1789633732831004672,3812348947879858
2,0,143,1789633732831014912,3812348947890706
2,0,144,1789633732831026176,3812348947901597
2,0,145,1789633732831036416,3812348947912457
2,0,146,1789633732831047680,3812348947923261
2,0,147,1789633732831058944,3812348947934114
2,0,148,1789633732831069184,3812348947944881
2,0,149,1789633732831080448,3812348947955649
2,0,150,1789633732831090688,3812348947966466
2,0,151,1789633732831101952,3812348947977238
2,0,152,1789633732831112192,3812348947988092
2,0,153,1789633732831123456,3812348947998866
2,0,154,1789633732831133696,3812348948009638
2,0,155,1789633732831144960,3812348948020593
2,0,156,1789633732831156224,3812348948031437
2,0,157,1789633732831166464,3812348948042186
2,0,158,1789633732831177728,3812348948053037
2,0,159,1789633732831187968,3812348948063786
2,0,160,1789633732831199232,3812348948074561
2,0,161,1789633732831209472,3812348948085413
2,0,162,1789633732831220736,3812348948096172
2,0,163,1789633732831230976,3812348948106918
2,0,164,1789633732831242240,3812348948117684
2,0,165,1789633732831252480,3812348948128433
2,0,166,1789633732831263744,3812348948139192
2,0,167,1789633732831273984,3812348948149946
2,0,168,1789633732831285248,3812348948160801
2,0,169,1789633732831296512,3812348948171577
2,0,170,1789633732831306752,3812348948182484
2,0,171,1789633732831318016,3812348948193338
2,0,172,1789633732831328256,3812348948204092
2,0,173,1789633732831339520,3812348948214946
2,0,174,1789633732831349760,3812348948225726
2,0,175,1789633732831361024,3812348948236577
2,0,176,1789633732831372288,3812348948247358
2,0,177,1789633732831382528,3812348948258186
2,0,178,1789633732831393792,3812348948268949
2,0,179,1789633732831404032,3812348948279801
2,0,180,1789633732831415296,3812348948290558
2,0,181,1789633732831425536,3812348948301509
2,0,182,1789633732831436800,3812348948312352
2,0,183,1789633732831448064,3812348948323218
2,0,184,1789633732831458304,3812348948333975
2,0,185,1789633732831469568,3812348948344826
2,0,186,1789633732831479808,3812348948355577
2,0,187,1789633732831491072,3812348948366338
2,0,188,1789633732831501312,3812348948377186
2,0,189,1789633732831512576,3812348948387938
2,0,190,1789633732831522816,3812348948398686
2,0,191,1789633732831534080,3812348948409493
2,0,192,1789633732831544320,3812348948420266
2,0,193,1789633732831555584,3812348948431112
2,0,194,1789633732831565824,3812348948441993
2,0,195,1789633732831577088,3812348948452804
2,0,196,1789633732831588352,3812348948463553
2,0,197,1789633732831598592,3812348948474313
2,0,198,1789633732831609856,3812348948485129
2,0,199,1789633732831620096,3812348948495932
2,0,200,1789633732831631360,3812348948506693
2,0,201,1789633732831641600,3812348948517533
2,0,202,1789633732831652864,3812348948528318
2,0,203,1789633732831663104,3812348948539093
2,0,204,1789633732831674368,3812348948549964
2,0,205,1789633732831685632,3812348948560733
2,0,206,1789633732831695872,3812348948571621
2,0,207,1789633732831707136,3812348948582433
2,0,208,1789633732831717376,3812348948593286
2,0,209,1789633732831728640,3812348948604077
2,0,210,1789633732831738880,3812348948614917
2,0,211,1789633732831750144,3812348948625653
2,0,212,1789633732831761408,3812348948636458
2,0,213,1789633732831771648,3812348948647221
2,0,214,1789633732831782912,3812348948658109
2,0,215,1789633732831793152,3812348948668849
2,0,216,1789633732831804416,3812348948679726
2,0,217,1789633732831814656,3812348948690478
2,0,218,1789633732831825920,3812348948701461
2,0,219,1789633732831837184,3812348948712272
2,0,220,1789633732831847424,3812348948723172
2,0,221,1789633732831858688,3812348948734029
2,0,222,1789633732831868928,3812348948744786
2,0,223,1789633732831880192,3812348948755641
2,0,224,1789633732831890432,3812348948766413
2,0,225,1789633732831901696,3812348948777258
2,0,226,1789633732831912960,3812348948788098
2,0,227,1789633732831923200,3812348948798993
2,0,228,1789633732831934464,3812348948809753
2,0,229,1789633732831944704,3812348948820617
2,0,230,1789633732831955968,3812348948831418
2,0,231,1789633732831966208,3812348948842232
2,0,232,1789633732831977472,3812348948853041
2,0,233,1789633732831988736,3812348948863857
2,0,234,1789633732831998976,3812348948874607
2,0,235,1789633732832010240,3812348948885441
2,0,236,1789633732832020480,3812348948896249
2,0,237,1789633732832031744,3812348948907093
2,0,238,1789633732832041984,3812348948917989
2,0,239,1789633732832053248,3812348948928797
2,0,240,1789633732832064512,3812348948939658
2,0,241,1789633732832074752,3812348948950426
2,0,242,1789633732832086016,3812348948961284
2,0,243,1789633732832096256,3812348948972072
2,0,244,1789633732832107520,3812348948982918
2,0,245,1789633732832117760,3812348948993793
2,0,246,1789633732832129024,3812348949004586
2,0,247,1789633732832140288,3812348949015492
2,0,248,1789633732832150528,3812348949026329
2,0,249,1789633732832161792,3812348949037201
2,0,250,1789633732832172032,3812348949047986
2,0,251,1789633732832183296,3812348949058793
2,0,252,1789633732832193536,3812348949069546
2,0,253,1789633732832204800,3812348949080404
2,0,254,1789633732832216064,3812348949091221
2,0,255,1789633732832226304,3812348949102033
2,0,256,1789633732832237568,3812348949112846
2,0,257,1789633732832247808,3812348949123718
2,0,258,1789633732832259072,3812348949134666
2,0,259,1789633732832270336,3812348949145506
2,0,260,1789633732832280576,3812348949156329
2,0,261,1789633732832291840,3812348949167173
2,0,262,1789633732832302080,3812348949177929
2,0,263,1789633732832313344,3812348949188781
2,0,264,1789633732832323584,3812348949199572
2,0,265,1789633732832334848,3812348949210397
2,0,266,1789633732832345088,3812348949221158
2,0,267,1789633732832356352,3812348949232057
2,0,268,1789633732832367616,3812348949242906
2,0,269,1789633732832377856,3812348949253681
2,0,270,1789633732832389120,3812348949264452
2,0,271,1789633732832399360,3812348949275309
2,0,272,1789633732832410624,3812348949286101
2,0,273,1789633732832420864,3812348949296918
2,0,274,1789633732832432128,3812348949307692
2,0,275,1789633732832443392,3812348949318533
2,0,276,1789633732832453632,3812348949329381
2,0,277,1789633732832464896,3812348949340164
2,0,278,1789633732832475136,3812348949351056
2,0,279,1789633732832486400,3812348949361909
2,0,280,1789633732832496640,3812348949372689
2,0,281,1789633732832507904,3812348949383564
2,0,282,1789633732832519168,3812348949394413
2,0,283,1789633732832529408,3812348949405181
2,0,284,1789633732832540672,3812348949416041
2,0,285,1789633732832550912,3812348949426838
2,0,286,1789633732832562176,3812348949437676
2,0,287,1789633732832572416,3812348949448593
2,0,288,1789633732832583680,3812348949459436
2,0,289,1789633732832594944,3812348949470189
2,0,290,1789633732832605184,3812348949481029
2,0,291,1789633732832616448,3812348949491798
2,0,292,1789633732832626688,3812348949502658
2,0,293,1789633732832637952,3812348949513416
2,0,294,1789633732832648192,3812348949524266
2,0,295,1789633732832659456,3812348949535046
2,0,296,1789633732832670720,3812348949545816
2,0,297,1789633732832680960,3812348949556692
2,0,298,1789633732832692224,3812348949567596
2,0,299,1789633732832702464,3812348949578438
2,0,300,1789633732832713728,3812348949597076
2,0,301,1789633732832724992,3812348949600066
2,0,302,1789633732832735232,3812348949610906
2,0,303,1789633732832746496,3812348949621758
2,0,304,1789633732832756736,3812348949632533
2,0,305,1789633732832768000,3812348949643341
2,0,306,1789633732832778240,3812348949654178
2,0,307,1789633732832789504,3812348949664946
2,0,308,1789633732832799744,3812348949675721
2,0,309,1789633732832811008,3812348949686596
2,0,310,1789633732832822272,3812348949697396
2,0,311,1789633732832832512,3812348949708253
2,0,312,1789633732832843776,3812348949719046
2,0,313,1789633732832854016,3812348949729835
2,0,314,1789633732832865280,3812348949740633
2,0,315,1789633732832875520,3812348949751489
2,0,316,1789633732832886784,3812348949762284
2,0,317,1789633732832897024,3812348949773196
2,0,318,1789633732832908288,3812348949784118
2,0,319,1789633732832919552,3812348949794896
2,0,320,1789633732832929792,3812348949805772
2,0,321,1789633732832941056,3812348949816533
2,0,322,1789633732832951296,3812348949827378
2,0,323,1789633732832962560,3812348949838209
2,0,324,1789633732832973824,3812348949848972
2,0,325,1789633732832984064,3812348949859833
2,0,326,1789633732832995328,3812348949870604
2,0,327,1789633732833005568,3812348949881446
2,0,328,1789633732833016832,3812348949892301
2,0,329,1789633732833027072,3812348949903167
2,0,330,1789633732833038336,3812348949913946
2,0,331,1789633732833049600,3812348949924818
2,0,332,1789633732833059840,3812348949935581
2,0,333,1789633732833071104,3812348949946441
2,0,334,1789633732833081344,3812348949957272
2,0,335,1789633732833092608,3812348949968038
2,0,336,1789633732833102848,3812348949978813
2,0,337,1789633732833114112,3812348949989666
2,0,338,1789633732833125376,3812348950000444
2,0,339,1789633732833135616,3812348950011266
2,0,340,1789633732833146880,3812348950022149
2,0,341,1789633732833157120,3812348950033004
2,0,342,1789633732833168384,3812348950043756
2,0,343,1789633732833178624,3812348950054618
2,0,344,1789633732833189888,3812348950065372
2,0,345,1789633732833200128,3812348950076136
2,0,346,1789633732833211392,3812348950086893
2,0,347,1789633732833221632,3812348950097718
2,0,348,1789633732833232896,3812348950108466
2,0,349,1789633732833244160,3812348950119249
2,0,350,1789633732833254400,3812348950130013
2,0,351,1789633732833265664,3812348950140708
2,0,352,1789633732833275904,3812348950151536
2,0,353,1789633732833287168,3812348950162306
2,0,354,1789633732833297408,3812348950173132
2,0,355,1789633732833308672,3812348950183979
2,0,356,1789633732833318912,3812348950194767
2,0,357,1789633732833330176,3812348950205590
2,0,358,1789633732833340416,3812348950216410
2,0,359,1789633732833351680,3812348950227166
2,0,360,1789633732833362944,3812348950237983
2,0,361,1789633732833373184,3812348950248810
2,0,362,1789633732833384448,3812348950259646
2,0,363,1789633732833394688,3812348950270426
2,0,364,1789633732833405952,3812348950281272
2,0,365,1789633732833416192,3812348950292096
2,0,366,1789633732833427456,3812348950302981
2,0,367,1789633732833438720,3812348950313775
2,0,368,1789633732833448960,3812348950324566
2,0,369,1789633732833460224,3812348950335386
2,0,370,1789633732833470464,3812348950346166
2,0,371,1789633732833481728,3812348950356955
2,0,372,1789633732833491968,3812348950367775
2,0,373,1789633732833503232,3812348950378635
2,0,374,1789633732833513472,3812348950389455
2,0,375,1789633732833524736,3812348950400279
2,0,376,1789633732833536000,3812348950411043
2,0,377,1789633732833546240,3812348950421803
2,0,378,1789633732833557504,3812348950432603
2,0,379,1789633732833567744,3812348950443446
2,0,380,1789633732833579008,3812348950454234
2,0,381,1789633732833589248,3812348950465068
2,0,382,1789633732833600512,3812348950475827
2,0,383,1789633732833610752,3812348950486610
2,0,384,1789633732833622016,3812348950497399
2,0,385,1789633732833632256,3812348950508232
2,0,386,1789633732833643520,3812348950519060
2,0,387,1789633732833654784,3812348950529856
2,0,388,1789633732833665024,3812348950540686
2,0,389,1789633732833676288,3812348950551536
2,0,390,1789633732833686528,3812348950562441
2,0,391,1789633732833697792,3812348950573275
2,0,392,1789633732833709056,3812348950584107
2,0,393,1789633732833719296,3812348950594929
2,0,394,1789633732833730560,3812348950605768
2,0,395,1789633732833740800,3812348950616563
2,0,396,1789633732833752064,3812348950627352
2,0,397,1789633732833762304,3812348950638203
2,0,398,1789633732833773568,3812348950649006
2,0,399,1789633732833783808,3812348950659840
2,0,400,1789633732833795072,3812348950670668
2,0,401,1789633732833806336,3812348950681603
2,0,402,1789633732833816576,3812348950692419
2,0,403,1789633732833827840,3812348950703234
2,0,404,1789633732833838080,3812348950714047
2,0,405,1789633732833849344,3812348950724859
2,0,406,1789633732833860608,3812348950735646
2,0,407,1789633732833870848,3812348950746499
2,0,408,1789633732833882112,3812348950757320
2,0,409,1789633732833892352,3812348950768150
2,0,410,1789633732833903616,3812348950778978
2,0,411,1789633732833913856,3812348950789795
2,0,412,1789633732833925120,3812348950800619
2,0,413,1789633732833936384,3812348950811436
2,0,414,1789633732833946624,3812348950822232
2,0,415,1789633732833957888,3812348950833119
2,0,416,1789633732833968128,3812348950843935
2,0,417,1789633732833979392,3812348950854729
2,0,418,1789633732833989632,3812348950865512
2,0,419,1789633732834000896,3812348950876350
2,0,420,1789633732834012160,3812348950887183
2,0,421,1789633732834022400,3812348950898143
2,0,422,1789633732834033664,3812348950908923
2,0,423,1789633732834043904,3812348950919748
2,0,424,1789633732834055168,3812348950930573
2,0,425,1789633732834065408,3812348950941367
2,0,426,1789633732834076672,3812348950952194
2,0,427,1789633732834087936,3812348950963003
2,0,428,1789633732834098176,3812348950973855
2,0,429,1789633732834109440,3812348950984678
2,0,430,1789633732834119680,3812348950995707
2,0,431,1789633732834130944,3812348951006526
2,0,432,1789633732834142208,3812348951017352
2,0,433,1789633732834152448,3812348951028172
2,0,434,1789633732834163712,3812348951039010
2,0,435,1789633732834173952,3812348951049840
2,0,436,1789633732834185216,3812348951060641
2,0,437,1789633732834195456,3812348951071614
2,0,438,1789633732834206720,3812348951082455
2,0,439,1789633732834217984,3812348951093245
2,0,440,1789633732834228224,3812348951104095
2,0,441,1789633732834239488,3812348951114930
2,0,442,1789633732834250752,3812348951125775
2,0,443,1789633732834260992,3812348951136613
2,0,444,1789633732834272256,3812348951147456
2,0,445,1789633732834282496,3812348951158287
2,0,446,1789633732834293760,3812348951169150
2,0,447,1789633732834304000,3812348951179952
2,0,448,1789633732834315264,3812348951190792
2,0,449,1789633732834326528,3812348951201581
2,0,450,1789633732834336768,3812348951212426
2,0,451,1789633732834348032,3812348951223195
2,0,452,1789633732834358272,3812348951234023
2,0,453,1789633732834369536,3812348951244840
2,0,454,1789633732834379776,3812348951255659
2,0,455,1789633732834391040,3812348951266434
2,0,456,1789633732834401280,3812348951277288
2,0,457,1789633732834412544,3812348951288140
2,0,458,1789633732834423808,3812348951298979
2,0,459,1789633732834434048,3812348951309803
2,0,460,1789633732834445312,3812348951320595
2,0,461,1789633732834455552,3812348951331434
2,0,462,1789633732834466816,3812348951342338
2,0,463,1789633732834478080,3812348951353134
2,0,464,1789633732834488320,3812348951363912
2,0,465,1789633732834499584,3812348951374754
2,0,466,1789633732834509824,3812348951385529
2,0,467,1789633732834521088,3812348951396365
2,0,468,1789633732834531328,3812348951407323
2,0,469,1789633732834542592,3812348951418109
2,0,470,1789633732834553856,3812348951428923
2,0,471,1789633732834564096,3812348951439694
2,0,472,1789633732834575360,3812348951450508
2,0,473,1789633732834585600,3812348951461396
2,0,474,1789633732834596864,3812348951472163
2,0,475,1789633732834607104,3812348951482994
2,0,476,1789633732834618368,3812348951493818
2,0,477,1789633732834628608,3812348951504707
2,0,478,1789633732834639872,3812348951515528
2,0,479,1789633732834651136,3812348951526303
2,0,480,1789633732834661376,3812348951537125
2,0,481,1789633732834672640,3812348951547949
2,0,482,1789633732834682880,3812348951558732
2,0,483,1789633732834694144,3812348951569547
2,0,484,1789633732834704384,3812348951580369
2,0,485,1789633732834715648,3812348951591155
2,0,486,1789633732834726912,3812348951601979
2,0,487,1789633732834737152,3812348951612826
2,0,488,1789633732834748416,3812348951623684
2,0,489,1789633732834758656,3812348951634541
2,0,490,1789633732834769920,3812348951645298
2,0,491,1789633732834780160,3812348951656112
2,0,492,1789633732834791424,3812348951666932
2,0,493,1789633732834802688,3812348951677752
2,0,494,1789633732834812928,3812348951688532
2,0,495,1789633732834824192,3812348951699355
2,0,496,1789633732834834432,3812348951710133
2,0,497,1789633732834845696,3812348951720967
2,0,498,1789633732834855936,3812348951731753
2,0,499,1789633732834867200,3812348951742487
2,0,500,1789633732834877440,3812348951753275
2,0,501,1789633732834888704,3812348951764186
2,0,502,1789633732834898944,3812348951774955
2,0,503,1789633732834910208,3812348951785743
2,0,504,1789633732834921472,3812348951796586
2,0,505,1789633732834931712,3812348951807347
2,0,506,1789633732834942976,3812348951818140
2,0,507,1789633732834953216,3812348951828900
2,0,508,1789633732834964480,3812348951839686
2,0,509,1789633732834974720,3812348951850453
2,0,510,1789633732834985984,3812348951861294
2,0,511,1789633732834996224,3812348951872066
2,0,512,1789633732835007488,3812348951882912
2,0,513,1789633732835017728,3812348951893756
2,0,514,1789633732835028992,3812348951904607
2,0,515,1789633732835040256,3812348951915446
2,0,516,1789633732835050496,3812348951926279
2,0,517,1789633732835061760,3812348951937059
2,0,518,1789633732835072000,3812348951947887
2,0,519,1789633732835083264,3812348951958712
2,0,520,1789633732835093504,3812348951969506
2,0,521,1789633732835104768,3812348951980330
2,0,522,1789633732835116032,3812348951991122
2,0,523,1789633732835126272,3812348952001972
2,0,524,1789633732835137536,3812348952012806
2,0,525,1789633732835147776,3812348952023603
2,0,526,1789633732835159040,3812348952034446
2,0,527,1789633732835169280,3812348952045215
2,0,528,1789633732835180544,3812348952056049
2,0,529,1789633732835190784,3812348952066803
2,0,530,1789633732835202048,3812348952077626
2,0,531,1789633732835213312,3812348952088381
2,0,532,1789633732835223552,3812348952099159
2,0,533,1789633732835234816,3812348952109935
2,0,534,1789633732835245056,3812348952120755
2,0,535,1789633732835256320,3812348952131538
2,0,536,1789633732835266560,3812348952142283
2,0,537,1789633732835277824,3812348952153115
2,0,538,1789633732835288064,3812348952163896
2,0,539,1789633732835299328,3812348952174735
2,0,540,1789633732835309568,3812348952185656
2,0,541,1789633732835320832,3812348952196486
2,0,542,1789633732835332096,3812348952207238
2,0,543,1789633732835342336,3812348952218072
2,0,544,1789633732835353600,3812348952228827
2,0,545,1789633732835363840,3812348952239645
2,0,546,1789633732835375104,3812348952250403
2,0,547,1789633732835385344,3812348952261221
2,0,548,1789633732835396608,3812348952272055
2,0,549,1789633732835406848,3812348952282868
2,0,550,1789633732835418112,3812348952293656
2,0,551,1789633732835429376,3812348952304567
2,0,552,1789633732835439616,3812348952315392
2,0,553,1789633732835450880,3812348952326175
2,0,554,1789633732835461120,3812348952337003
2,0,555,1789633732835472384,3812348952347776
2,0,556,1789633732835482624,3812348952358599
2,0,557,1789633732835493888,3812348952369418
2,0,558,1789633732835505152,3812348952380201
2,0,559,1789633732835515392,3812348952390966
2,0,560,1789633732835526656,3812348952401723
2,0,561,1789633732835536896,3812348952412547
2,0,562,1789633732835548160,3812348952423310
2,0,563,1789633732835558400,3812348952434136
2,0,564,1789633732835569664,3812348952445003
2,0,565,1789633732835579904,3812348952455826
2,0,566,1789633732835591168,3812348952466590
2,0,567,1789633732835601408,3812348952477374
2,0,568,1789633732835612672,3812348952488156
2,0,569,1789633732835622912,3812348952498988
2,0,570,1789633732835634176,3812348952509742
2,0,571,1789633732835645440,3812348952520535
2,0,572,1789633732835655680,3812348952531370
2,0,573,1789633732835666944,3812348952542214
2,0,574,1789633732835677184,3812348952553129
2,0,575,1789633732835688448,3812348952563995
2,0,576,1789633732835699712,3812348952574826
2,0,577,1789633732835709952,3812348952585655
2,0,578,1789633732835721216,3812348952596483
2,0,579,1789633732835731456,3812348952607312
2,0,580,1789633732835742720,3812348952618086
2,0,581,1789633732836399104,3812348953275899
2,0,582,1789633732836411392,3812348953286755
2,0,583,1789633732836421632,3812348953297630
2,0,584,1789633732836432896,3812348953308443
2,0,585,1789633732836444160,3812348953319232
2,0,586,1789633732836454400,3812348953330019
2,0,587,1789633732836465664,3812348953340805
2,0,588,1789633732836475904,3812348953351629
2,0,589,1789633732836487168,3812348953362420
2,0,590,1789633732836497408,3812348953373214
2,0,591,1789633732836508672,3812348953383945
2,0,592,1789633732836518912,3812348953394799
2,0,593,1789633732836530176,3812348953405585
2,0,594,1789633732836540416,3812348953416512
2,0,595,1789633732836551680,3812348953427352
2,0,596,1789633732836562944,3812348953438141
2,0,597,1789633732836573184,3812348953448954
2,0,598,1789633732836584448,3812348953459792
2,0,599,1789633732836594688,3812348953470579
2,0,600,1789633732836605952,3812348953481415
2,0,601,1789633732836616192,3812348953492205
2,0,602,1789633732836627456,3812348953503129
2,0,603,1789633732836638720,3812348953514054
2,0,604,1789633732836648960,3812348953524856
2,0,605,1789633732836660224,3812348953535635
2,0,606,1789633732836670464,3812348953546469
2,0,607,1789633732836681728,3812348953557243
2,0,608,1789633732836691968,3812348953568045
2,0,609,1789633732836703232,3812348953578819
2,0,610,1789633732836714496,3812348953589570
2,0,611,1789633732836724736,3812348953600408
2,0,612,1789633732836736000,3812348953611203
2,0,613,1789633732836746240,3812348953622002
2,0,614,1789633732836757504,3812348953632832
2,0,615,1789633732836767744,3812348953643665
2,0,616,1789633732836779008,3812348953654522
2,0,617,1789633732836789248,3812348953665308
2,0,618,1789633732836800512,3812348953676116
2,0,619,1789633732836811776,3812348953686910
2,0,620,1789633732836822016,3812348953697755
2,0,621,1789633732836833280,3812348953708595
2,0,622,1789633732836843520,3812348953719405
2,0,623,1789633732836854784,3812348953730243
2,0,624,1789633732836865024,3812348953741056
2,0,625,1789633732836876288,3812348953752098
2,0,626,1789633732836887552,3812348953762883
2,0,627,1789633732836897792,3812348953773695
2,0,628,1789633732836909056,3812348953784549
2,0,629,1789633732836919296,3812348953795396
2,0,630,1789633732836930560,3812348953806205
2,0,631,1789633732836941824,3812348953817061
2,0,632,1789633732836952064,3812348953827916
2,0,633,1789633732836963328,3812348953838725
2,0,634,1789633732836973568,3812348953849602
2,0,635,1789633732836984832,3812348953860422
2,0,636,1789633732836996096,3812348953871232
2,0,637,1789633732837006336,3812348953882032
2,0,638,1789633732837017600,3812348953892821
2,0,639,1789633732837027840,3812348953903670
2,0,640,1789633732837039104,3812348953914485
2,0,641,1789633732837049344,3812348953925312
2,0,642,1789633732837060608,3812348953936121
2,0,643,1789633732837070848,3812348953946932
2,0,644,1789633732837082112,3812348953957722
2,0,645,1789633732837093376,3812348953968595
2,0,646,1789633732837103616,3812348953979395
2,0,647,1789633732837114880,3812348953990195
2,0,648,1789633732837125120,3812348954001015
2,0,649,1789633732837136384,3812348954011815
2,0,650,1789633732837146624,3812348954022659
2,0,651,1789633732837157888,3812348954033432
2,0,652,1789633732837168128,3812348954044175
2,0,653,1789633732837179392,3812348954054939
2,0,654,1789633732837190656,3812348954065721
2,0,655,1789633732837200896,3812348954076510
2,0,656,1789633732837212160,3812348954087352
2,0,657,1789633732837222400,3812348954098135
2,0,658,1789633732837233664,3812348954109062
2,0,659,1789633732837243904,3812348954119862
2,0,660,1789633732837255168,3812348954130695
2,0,661,1789633732837265408,3812348954141536
2,0,662,1789633732837276672,3812348954152272
2,0,663,1789633732837287936,3812348954163105
2,0,664,1789633732837298176,3812348954173885
2,0,665,1789633732837309440,3812348954184721
2,0,666,1789633732837319680,3812348954195556
2,0,667,1789633732837330944,3812348954206352
2,0,668,1789633732837341184,3812348954217190
2,0,669,1789633732837352448,3812348954228055
2,0,670,1789633732837363712,3812348954238914
2,0,671,1789633732837373952,3812348954249695
2,0,672,1789633732837385216,3812348954260539
2,0,673,1789633732837395456,3812348954271307
2,0,674,1789633732837406720,3812348954282145
2,0,675,1789633732837416960,3812348954292883
2,0,676,1789633732837428224,3812348954303725
2,0,677,1789633732837438464,3812348954314495
2,0,678,1789633732837449728,3812348954325340
2,0,679,1789633732837460992,3812348954336125
2,0,680,1789633732837471232,3812348954347052
2,0,681,1789633732837482496,3812348954357834
2,0,682,1789633732837492736,3812348954368672
2,0,683,1789633732837504000,3812348954379448
2,0,684,1789633732837514240,3812348954390256
2,0,685,1789633732837525504,3812348954401045
2,0,686,1789633732837535744,3812348954411754
2,0,687,1789633732837547008,3812348954422595
2,0,688,1789633732837558272,3812348954433321
2,0,689,1789633732837568512,3812348954444110
2,0,690,1789633732837579776,3812348954454855
2,0,691,1789633732837590016,3812348954465725
2,0,692,1789633732837601280,3812348954476518
2,0,693,1789633732837611520,3812348954487530
2,0,694,1789633732837622784,3812348954498375
2,0,695,1789633732837634048,3812348954509175
2,0,696,1789633732837644288,3812348954519976
2,0,697,1789633732837655552,3812348954530838
2,0,698,1789633732837665792,3812348954541652
2,0,699,1789633732837677056,3812348954552430
2,0,700,1789633732837687296,3812348954563227
2,0,701,1789633732837698560,3812348954574065
2,0,702,1789633732837708800,3812348954584842
2,0,703,1789633732837720064,3812348954595678
2,0,704,1789633732837731328,3812348954606522
2,0,705,1789633732837741568,3812348954617363
2,0,706,1789633732837752832,3812348954628140
2,0,707,1789633732837763072,3812348954638925
2,0,708,1789633732837774336,3812348954649675
2,0,709,1789633732837784576,3812348954660478
2,0,710,1789633732837795840,3812348954671261
2,0,711,1789633732837806080,3812348954682038
2,0,712,1789633732837817344,3812348954692816
2,0,713,1789633732837827584,3812348954703665
2,0,714,1789633732837838848,3812348954714438
2,0,715,1789633732837850112,3812348954725281
2,0,716,1789633732837860352,3812348954736123
2,0,717,1789633732837871616,3812348954746982
2,0,718,1789633732837881856,3812348954757752
2,0,719,1789633732837893120,3812348954768570
2,0,720,1789633732837903360,3812348954779352
2,0,721,1789633732837914624,3812348954790134
2,0,722,1789633732837924864,3812348954800909
2,0,723,1789633732837936128,3812348954811698
2,0,724,1789633732837947392,3812348954822475
2,0,725,1789633732837957632,3812348954833255
2,0,726,1789633732837968896,3812348954844102
2,0,727,1789633732837979136,3812348954854888
2,0,728,1789633732837990400,3812348954865740
2,0,729,1789633732838000640,3812348954876550
2,0,730,1789633732838011904,3812348954887456
2,0,731,1789633732838022144,3812348954898245
2,0,732,1789633732838033408,3812348954909025
2,0,733,1789633732838044672,3812348954919815
2,0,734,1789633732838054912,3812348954930615
2,0,735,1789633732838066176,3812348954941405
2,0,736,1789633732838076416,3812348954952182
2,0,737,1789633732838087680,3812348954962955
2,0,738,1789633732838097920,3812348954973735
2,0,739,1789633732838109184,3812348954984578
2,0,740,1789633732838119424,3812348954995350
2,0,741,1789633732838130688,3812348955006200
2,0,742,1789633732838140928,3812348955016981
2,0,743,1789633732838152192,3812348955027895
2,0,744,1789633732838163456,3812348955038712
2,0,745,1789633732838173696,3812348955049555
2,0,746,1789633732838184960,3812348955060335
2,0,747,1789633732838195200,3812348955071109
2,0,748,1789633732838206464,3812348955081901
2,0,749,1789633732838216704,3812348955092635
2,0,750,1789633732838227968,3812348955103478
2,0,751,1789633732838238208,3812348955114197
2,0,752,1789633732838249472,3812348955125040
2,0,753,1789633732838260736,3812348955135815
2,0,754,1789633732838270976,3812348955146550
2,0,755,1789633732838282240,3812348955157335
2,0,756,1789633732838292480,3812348955168101
2,0,757,1789633732838303744,3812348955178935
2,0,758,1789633732838313984,3812348955189815
2,0,759,1789633732838325248,3812348955200670
2,0,760,1789633732838335488,3812348955211435
2,0,761,1789633732838346752,3812348955222272
2,0,762,1789633732838356992,3812348955233110
2,0,763,1789633732838368256,3812348955243898
2,0,764,1789633732838379520,3812348955254738
2,0,765,1789633732838389760,3812348955265515
2,0,766,1789633732838401024,3812348955276292
2,0,767,1789633732838411264,3812348955287134
2,0,768,1789633732838422528,3812348955297932
2,0,769,1789633732838432768,3812348955308836
2,0,770,1789633732838444032,3812348955319575
2,0,771,1789633732838455296,3812348955330422
2,0,772,1789633732838465536,3812348955341192
2,0,773,1789633732838476800,3812348955352040
2,0,774,1789633732838487040,3812348955362812
2,0,775,1789633732838498304,3812348955373585
2,0,776,1789633732838508544,3812348955384350
2,0,777,1789633732838519808,3812348955395189
2,0,778,1789633732838530048,3812348955405965
2,0,779,1789633732838541312,3812348955416807
2,0,780,1789633732838551552,3812348955427590
2,0,781,1789633732838562816,3812348955438428
2,0,782,1789633732838574080,3812348955449275
2,0,783,1789633732838584320,3812348955460045
2,0,784,1789633732838595584,3812348955470883
2,0,785,1789633732838605824,3812348955481648
2,0,786,1789633732838617088,3812348955492422
2,0,787,1789633732838627328,3812348955503222
2,0,788,1789633732838638592,3812348955514022
2,0,789,1789633732838648832,3812348955524812
2,0,790,1789633732838660096,3812348955535621
2,0,791,1789633732838670336,3812348955546432
2,0,792,1789633732838681600,3812348955557275
2,0,793,1789633732838692864,3812348955568045
2,0,794,1789633732838703104,3812348955578890
2,0,795,1789633732838714368,3812348955589742
2,0,796,1789633732838724608,3812348955600588
2,0,797,1789633732838735872,3812348955611368
2,0,798,1789633732838746112,3812348955622212
2,0,799,1789633732838757376,3812348955632981
2,0,800,1789633732838768640,3812348955643783
2,0,801,1789633732838778880,3812348955654568
2,0,802,1789633732838790144,3812348955665412
2,0,803,1789633732838800384,3812348955676200
2,0,804,1789633732838811648,3812348955687015
2,0,805,1789633732838821888,3812348955697805
2,0,806,1789633732838833152,3812348955708738
2,0,807,1789633732838844416,3812348955719520
2,0,808,1789633732838854656,3812348955730315
2,0,809,1789633732838865920,3812348955741098
2,0,810,1789633732838876160,3812348955751885
2,0,811,1789633732838887424,3812348955762653
2,0,812,1789633732838897664,3812348955773441
2,0,813,1789633732838908928,3812348955784185
2,0,814,1789633732838919168,3812348955794961
2,0,815,1789633732838930432,3812348955805745
2,0,816,1789633732838940672,3812348955816518
2,0,817,1789633732838951936,3812348955827330
2,0,818,1789633732838962176,3812348955838105
2,0,819,1789633732838973440,3812348955848945
2,0,820,1789633732838983680,3812348955859721
2,0,821,1789633732838994944,3812348955870662
2,0,822,1789633732839006208,3812348955881536
2,0,823,1789633732839016448,3812348955892300
2,0,824,1789633732839027712,3812348955903096
2,0,825,1789633732839037952,3812348955913933
2,0,826,1789633732839049216,3812348955924705
2,0,827,1789633732839059456,3812348955935485
2,0,828,1789633732839070720,3812348955946325
2,0,829,1789633732839081984,3812348955957183
2,0,830,1789633732839092224,3812348955967952
2,0,831,1789633732839103488,3812348955978785
2,0,832,1789633732839113728,3812348955989654
2,0,833,1789633732839124992,3812348956000492
2,0,834,1789633732839135232,3812348956011255
2,0,835,1789633732839146496,3812348956022096
2,0,836,1789633732839156736,3812348956032823
2,0,837,1789633732839168000,3812348956043654
2,0,838,1789633732839179264,3812348956054427
2,0,839,1789633732839189504,3812348956065260
2,0,840,1789633732839200768,3812348956076098
2,0,841,1789633732839211008,3812348956086901
2,0,842,1789633732839222272,3812348956097713
2,0,843,1789633732839232512,3812348956108687
2,0,844,1789633732839243776,3812348956119465
2,0,845,1789633732839255040,3812348956130245
2,0,846,1789633732839265280,3812348956141083
2,0,847,1789633732839276544,3812348956151822
2,0,848,1789633732839286784,3812348956162618
2,0,849,1789633732839298048,3812348956173403
2,0,850,1789633732839308288,3812348956184175
2,0,851,1789633732839319552,3812348956194938
2,0,852,1789633732839329792,3812348956205716
2,0,853,1789633732839341056,3812348956216445
2,0,854,1789633732839351296,3812348956227255
2,0,855,1789633732839362560,3812348956238056
2,0,856,1789633732839372800,3812348956248892
2,0,857,1789633732839384064,3812348956259665
2,0,858,1789633732839395328,3812348956270590
2,0,859,1789633732839405568,3812348956281391
2,0,860,1789633732839416832,3812348956292192
2,0,861,1789633732839427072,3812348956303000
2,0,862,1789633732839438336,3812348956313810
2,0,863,1789633732839448576,3812348956324655
2,0,864,1789633732839459840,3812348956335453
2,0,865,1789633732839471104,3812348956346247
2,0,866,1789633732839481344,3812348956357021
2,0,867,1789633732839492608,3812348956367802
2,0,868,1789633732839502848,3812348956378656
2,0,869,1789633732839514112,3812348956389575
2,0,870,1789633732839524352,3812348956400380
2,0,871,1789633732839535616,3812348956411185
2,0,872,1789633732839546880,3812348956421990
2,0,873,1789633732839557120,3812348956432808
2,0,874,1789633732839568384,3812348956443588
2,0,875,1789633732839578624,3812348956454365
2,0,876,1789633732839589888,3812348956465241
2,0,877,1789633732839600128,3812348956476016
2,0,878,1789633732839611392,3812348956486874
2,0,879,1789633732839621632,3812348956497604
2,0,880,1789633732839632896,3812348956508360
2,0,881,1789633732839643136,3812348956519164
2,0,882,1789633732839654400,3812348956530072
2,0,883,1789633732839665664,3812348956540871
2,0,884,1789633732839675904,3812348956551707
2,0,885,1789633732839687168,3812348956562485
2,0,886,1789633732839697408,3812348956573270
2,0,887,1789633732839708672,3812348956584116
2,0,888,1789633732839718912,3812348956594915
2,0,889,1789633732839730176,3812348956605751
2,0,890,1789633732839741440,3812348956616587
2,0,891,1789633732839751680,3812348956627371
2,0,892,1789633732839762944,3812348956638171
2,0,893,1789633732839773184,3812348956649038
2,0,894,1789633732839784448,3812348956659870
2,0,895,1789633732839794688,3812348956670658
2,0,896,1789633732839805952,3812348956681427
2,0,897,1789633732839816192,3812348956692255
2,0,898,1789633732839827456,3812348956703103
2,0,899,1789633732839838720,3812348956713891
2,0,900,1789633732839848960,3812348956724735
2,0,901,1789633732839860224,3812348956735511
2,0,902,1789633732839870464,3812348956746311
2,0,903,1789633732839881728,3812348956757147
2,0,904,1789633732839891968,3812348956768056
2,0,905,1789633732839903232,3812348956778855
2,0,906,1789633732839914496,3812348956789627
2,0,907,1789633732839924736,3812348956800403
2,0,908,1789633732839936000,3812348956811190
2,0,909,1789633732839946240,3812348956821975
2,0,910,1789633732839957504,3812348956832776
2,0,911,1789633732839967744,3812348956843548
2,0,912,1789633732839979008,3812348956854290
2,0,913,1789633732839989248,3812348956865090
2,0,914,1789633732840000512,3812348956875883
2,0,915,1789633732840010752,3812348956886670
2,0,916,1789633732840022016,3812348956897481
2,0,917,1789633732840032256,3812348956908272
2,0,918,1789633732840043520,3812348956919114
2,0,919,1789633732840053760,3812348956929965
2,0,920,1789633732840065024,3812348956940776
2,0,921,1789633732840076288,3812348956951550
2,0,922,1789633732840086528,3812348956962387
2,0,923,1789633732840097792,3812348956973160
2,0,924,1789633732840108032,3812348956983945
2,0,925,1789633732840119296,3812348956994735
2,0,926,1789633732840129536,3812348957005534
2,0,927,1789633732840140800,3812348957016330
2,0,928,1789633732840151040,3812348957027167
2,0,929,1789633732840162304,3812348957037940
2,0,930,1789633732840173568,3812348957048725
2,0,931,1789633732840183808,3812348957059525
2,0,932,1789633732840195072,3812348957070434
2,0,933,1789633732840205312,3812348957081163
2,0,934,1789633732840216576,3812348957092002
2,0,935,1789633732840226816,3812348957102844
2,0,936,1789633732840238080,3812348957113643
2,0,937,1789633732840248320,3812348957124488
2,0,938,1789633732840259584,3812348957135274
2,0,939,1789633732840270848,3812348957146074
2,0,940,1789633732840281088,3812348957156856
2,0,941,1789633732840292352,3812348957167601
2,0,942,1789633732840302592,3812348957178411
2,0,943,1789633732840313856,3812348957189203
2,0,944,1789633732840324096,3812348957200005
2,0,945,1789633732840335360,3812348957210874
2,0,946,1789633732840345600,3812348957221665
2,0,947,1789633732840356864,3812348957232454
2,0,948,1789633732840367104,3812348957243245
2,0,949,1789633732840378368,3812348957254078
2,0,950,1789633732840389632,3812348957264885
2,0,951,1789633732840399872,3812348957275668
2,0,952,1789633732840411136,3812348957286467
2,0,953,1789633732840421376,3812348957297278
2,0,954,1789633732840432640,3812348957308044
2,0,955,1789633732840442880,3812348957318881
2,0,956,1789633732840454144,3812348957329654
2,0,957,1789633732840464384,3812348957340462
2,0,958,1789633732840475648,3812348957351369
2,0,959,1789633732840486912,3812348957362163
2,0,960,1789633732840497152,3812348957372943
2,0,961,1789633732840508416,3812348957383780
2,0,962,1789633732840518656,3812348957394574
2,0,963,1789633732840529920,3812348957405385
2,0,964,1789633732840540160,3812348957416176
2,0,965,1789633732840551424,3812348957427014
2,0,966,1789633732840561664,3812348957437780
2,0,967,1789633732840572928,3812348957448550
2,0,968,1789633732840584192,3812348957459351
2,0,969,1789633732840594432,3812348957470142
2,0,970,1789633732840605696,3812348957480942
2,0,971,1789633732840615936,3812348957491794
2,0,972,1789633732840627200,3812348957502564
2,0,973,1789633732840637440,3812348957513404
2,0,974,1789633732840648704,3812348957524185
2,0,975,1789633732840658944,3812348957535020
2,0,976,1789633732840670208,3812348957545791
2,0,977,1789633732840681472,3812348957556576
2,0,978,1789633732840691712,3812348957567378
2,0,979,1789633732840702976,3812348957578185
2,0,980,1789633732840713216,3812348957588968
2,0,981,1789633732840724480,3812348957599774
2,0,982,1789633732840734720,3812348957610571
2,0,983,1789633732840745984,3812348957621374
2,0,984,1789633732840756224,3812348957632262
2,0,985,1789633732840767488,3812348957643127
2,0,986,1789633732840778752,3812348957653938
2,0,987,1789633732840788992,3812348957664764
2,0,988,1789633732840800256,3812348957675556
2,0,989,1789633732840810496,3812348957686351
2,0,990,1789633732840821760,3812348957697158
2,0,991,1789633732840832000,3812348957707925
2,0,992,1789633732840843264,3812348957718750
2,0,993,1789633732840853504,3812348957729556
2,0,994,1789633732840864768,3812348957740409
2,0,995,1789633732840876032,3812348957751427
2,0,996,1789633732840886272,3812348957762280
2,0,997,1789633732840897536,3812348957773131
2,0,998,1789633732840908800,3812348957784007
2,0,999,1789633732840919040,3812348957794768
2,0,1000,1789633732840930304,3812348957805632
2,0,1001,1789633732840940544,3812348957816451
2,0,1002,1789633732840951808,3812348957827338
2,0,1003,1789633732840962048,3812348957838154
2,0,1004,1789633732840973312,3812348957848967
2,0,1005,1789633732840984576,3812348957859763
2,0,1006,1789633732840994816,3812348957870552
2,0,1007,1789633732841006080,3812348957881338
2,0,1008,1789633732841016320,3812348957892121
2,0,1009,1789633732841027584,3812348957902907
2,0,1010,1789633732841037824,3812348957913687
2,0,1011,1789633732841049088,3812348957924484
2,0,1012,1789633732841059328,3812348957935262
2,0,1013,1789633732841070592,3812348957946108
2,0,1014,1789633732841080832,3812348957956888
2,0,1015,1789633732841092096,3812348957967616
2,0,1016,1789633732841102336,3812348957978461
2,0,1017,1789633732841113600,3812348957989444
2,0,1018,1789633732841124864,3812348958000240
2,0,1019,1789633732841135104,3812348958011012
2,0,1020,1789633732841146368,3812348958021788
2,0,1021,1789633732841156608,3812348958032627
2,0,1022,1789633732841167872,3812348958043471
2,0,1023,1789633732841179136,3812348958054254
2,0,1024,1789633732841189376,3812348958065100
2,0,1025,1789633732841200640,3812348958075940
2,0,1026,1789633732841210880,3812348958086812
2,0,1027,1789633732841222144,3812348958097656
2,0,1028,1789633732841232384,3812348958108391
2,0,1029,1789633732841243648,3812348958119229
2,0,1030,1789633732841253888,3812348958130023
2,0,1031,1789633732841265152,3812348958140865
2,0,1032,1789633732841276416,3812348958151707
2,0,1033,1789633732841286656,3812348958162549
2,0,1034,1789633732841297920,3812348958173331
2,0,1035,1789633732841308160,3812348958184121
2,0,1036,1789633732841319424,3812348958194970
2,0,1037,1789633732841329664,3812348958205809
2,0,1038,1789633732841340928,3812348958216607
2,0,1039,1789633732841352192,3812348958227398
2,0,1040,1789633732841362432,3812348958238187
2,0,1041,1789633732841373696,3812348958249000
2,0,1042,1789633732841383936,3812348958259792
2,0,1043,1789633732841395200,3812348958270580
2,0,1044,1789633732841405440,3812348958281372
2,0,1045,1789633732841416704,3812348958292132
2,0,1046,1789633732841426944,3812348958302934
2,0,1047,1789633732841438208,3812348958313724
2,0,1048,1789633732841448448,3812348958324468
2,0,1049,1789633732841459712,3812348958335256
2,0,1050,1789633732841469952,3812348958346032
2,0,1051,1789633732841481216,3812348958356817
2,0,1052,1789633732841492480,3812348958367742
2,0,1053,1789633732841502720,3812348958378532
2,0,1054,1789633732841513984,3812348958389380
2,0,1055,1789633732841524224,3812348958400131
2,0,1056,1789633732841535488,3812348958410941
2,0,1057,1789633732841545728,3812348958421787
2,0,1058,1789633732841556992,3812348958432572
2,0,1059,1789633732841567232,3812348958443396
2,0,1060,1789633732841578496,3812348958454187
2,0,1061,1789633732841589760,3812348958465007
2,0,1062,1789633732841600000,3812348958475862
2,0,1063,1789633732841611264,3812348958486727
2,0,1064,1789633732841621504,3812348958497550
2,0,1065,1789633732841632768,3812348958508341
2,0,1066,1789633732841643008,3812348958519162
2,0,1067,1789633732841654272,3812348958530014
2,0,1068,1789633732841665536,3812348958540817
2,0,1069,1789633732841675776,3812348958551607
2,0,1070,1789633732841687040,3812348958562460
2,0,1071,1789633732841697280,3812348958573204
2,0,1072,1789633732841708544,3812348958584007
2,0,1073,1789633732841718784,3812348958594794
2,0,1074,1789633732841730048,3812348958605569
2,0,1075,1789633732841740288,3812348958616345
2,0,1076,1789633732841751552,3812348958627194
2,0,1077,1789633732841762816,3812348958637991
2,0,1078,1789633732841773056,3812348958648840
2,0,1079,1789633732841784320,3812348958659641
2,0,1080,1789633732841794560,3812348958670457
2,0,1081,1789633732841805824,3812348958681297
2,0,1082,1789633732841816064,3812348958692034
2,0,1083,1789633732841827328,3812348958702856
2,0,1084,1789633732841837568,3812348958713636
2,0,1085,1789633732841848832,3812348958724487
2,0,1086,1789633732841860096,3812348958735267
2,0,1087,1789633732841870336,3812348958746192
2,0,1088,1789633732841881600,3812348958756992
2,0,1089,1789633732841891840,3812348958767794
2,0,1090,1789633732841903104,3812348958778637
2,0,1091,1789633732841913344,3812348958789431
2,0,1092,1789633732841924608,3812348958800207
2,0,1093,1789633732841934848,3812348958811003
2,0,1094,1789633732841946112,3812348958821847
2,0,1095,1789633732841957376,3812348958832654
2,0,1096,1789633732841967616,3812348958843467
2,0,1097,1789633732841978880,3812348958854311
2,0,1098,1789633732841989120,3812348958865307
2,0,1099,1789633732842000384,3812348958876092
2,0,1100,1789633732842011648,3812348958886896
2,0,1101,1789633732842021888,3812348958897696
2,0,1102,1789633732842033152,3812348958908477
2,0,1103,1789633732842043392,3812348958919276
2,0,1104,1789633732842054656,3812348958930054
2,0,1105,1789633732842064896,3812348958940862
2,0,1106,1789633732842076160,3812348958951657
2,0,1107,1789633732842086400,3812348958962473
2,0,1108,1789633732842097664,3812348958973217
2,0,1109,1789633732842107904,3812348958984009
2,0,1110,1789633732842119168,3812348958994800
2,0,1111,1789633732842129408,3812348959005660
2,0,1112,1789633732842140672,3812348959016454
2,0,1113,1789633732842151936,3812348959027245
2,0,1114,1789633732842162176,3812348959038007
2,0,1115,1789633732842173440,3812348959048767
2,0,1116,1789633732842183680,3812348959059576
2,0,1117,1789633732842194944,3812348959070367
2,0,1118,1789633732842205184,3812348959081161
2,0,1119,1789633732842216448,3812348959091957
2,0,1120,1789633732842226688,3812348959102776
2,0,1121,1789633732842237952,3812348959113587
2,0,1122,1789633732842249216,3812348959124394
2,0,1123,1789633732842259456,3812348959135272
2,0,1124,1789633732842270720,3812348959146256
2,0,1125,1789633732842280960,3812348959157107
2,0,1126,1789633732842292224,3812348959167967
2,0,1127,1789633732842303488,3812348959178777
2,0,1128,1789633732842313728,3812348959189632
2,0,1129,1789633732842324992,3812348959200485
2,0,1130,1789633732842335232,3812348959211341
2,0,1131,1789633732842346496,3812348959222201
2,0,1132,1789633732842357760,3812348959233016
2,0,1133,1789633732842368000,3812348959243764
2,0,1134,1789633732842379264,3812348959254627
2,0,1135,1789633732842389504,3812348959265367
2,0,1136,1789633732842400768,3812348959276183
2,0,1137,1789633732842411008,3812348959286967
2,0,1138,1789633732842422272,3812348959297763
2,0,1139,1789633732842432512,3812348959308551
2,0,1140,1789633732842443776,3812348959319343
2,0,1141,1789633732842454016,3812348959330123
2,0,1142,1789633732842465280,3812348959340931
2,0,1143,1789633732842476544,3812348959351724
2,0,1144,1789633732842486784,3812348959362654
2,0,1145,1789633732842498048,3812348959373464
2,0,1146,1789633732842508288,3812348959384240
2,0,1147,1789633732842519552,3812348959395017
2,0,1148,1789633732842529792,3812348959405807
2,0,1149,1789633732842541056,3812348959416598
2,0,1150,1789633732842551296,3812348959427342
2,0,1151,1789633732842562560,3812348959438182
2,0,1152,1789633732842572800,3812348959448960
2,0,1153,1789633732842584064,3812348959459876
2,0,1154,1789633732842595328,3812348959470683
2,0,1155,1789633732842605568,3812348959481537
2,0,1156,1789633732842616832,3812348959492274
2,0,1157,1789633732842627072,3812348959503227
2,0,1158,1789633732842638336,3812348959514072
2,0,1159,1789633732842649600,3812348959524847
2,0,1160,1789633732842659840,3812348959535647
2,0,1161,1789633732842671104,3812348959546438
2,0,1162,1789633732842681344,3812348959557349
2,0,1163,1789633732842692608,3812348959568127
2,0,1164,1789633732842702848,3812348959578927
2,0,1165,1789633732842714112,3812348959589777
2,0,1166,1789633732842724352,3812348959600647
2,0,1167,1789633732842735616,3812348959611537
2,0,1168,1789633732842746880,3812348959622274
2,0,1169,1789633732842757120,3812348959633143
2,0,1170,1789633732842768384,3812348959643933
2,0,1171,1789633732842778624,3812348959654711
2,0,1172,1789633732842789888,3812348959665522
2,0,1173,1789633732842801152,3812348959676327
2,0,1174,1789633732842811392,3812348959687127
2,0,1175,1789633732842822656,3812348959697982
2,0,1176,1789633732842832896,3812348959708769
2,0,1177,1789633732842844160,3812348959719652
2,0,1178,1789633732842854400,3812348959730440
2,0,1179,1789633732842865664,3812348959741244
2,0,1180,1789633732842875904,3812348959752063
2,0,1181,1789633732842887168,3812348959762880
2,0,1182,1789633732842898432,3812348959773687
2,0,1183,1789633732842908672,3812348959784487
2,0,1184,1789633732842919936,3812348959795284
2,0,1185,1789633732842930176,3812348959806085
2,0,1186,1789633732842941440,3812348959816884
2,0,1187,1789633732842951680,3812348959827730
2,0,1188,1789633732842962944,3812348959838651
2,0,1189,1789633732842974208,3812348959849507
2,0,1190,1789633732842984448,3812348959860296
2,0,1191,1789633732842995712,3812348959871111
2,0,1192,1789633732843005952,3812348959881965
2,0,1193,1789633732843017216,3812348959892749
2,0,1194,1789633732843027456,3812348959903545
2,0,1195,1789633732843038720,3812348959914404
2,0,1196,1789633732843049984,3812348959925223
2,0,1197,1789633732843060224,3812348959936216
2,0,1198,1789633732843071488,3812348959947084
2,0,1199,1789633732843081728,3812348959957884
2,0,1200,1789633732843092992,3812348959968742
2,0,1201,1789633732843104256,3812348959979540
2,0,1202,1789633732843114496,3812348959990362
2,0,1203,1789633732843125760,3812348960001183
2,0,1204,1789633732843136000,3812348960012047
2,0,1205,1789633732843147264,3812348960022894
2,0,1206,1789633732843157504,3812348960033740
2,0,1207,1789633732843168768,3812348960044536
2,0,1208,1789633732843180032,3812348960055392
2,0,1209,1789633732843190272,3812348960066167
2,0,1210,1789633732843201536,3812348960076956
2,0,1211,1789633732843211776,3812348960087740
2,0,1212,1789633732843223040,3812348960098520
2,0,1213,1789633732843233280,3812348960109297
2,0,1214,1789633732843244544,3812348960120100
2,0,1215,1789633732843254784,3812348960130880
2,0,1216,1789633732843266048,3812348960141660
2,0,1217,1789633732843276288,3812348960152394
2,0,1218,1789633732843287552,3812348960163177
2,0,1219,1789633732843297792,3812348960173962
2,0,1220,1789633732843309056,3812348960184703
2,0,1221,1789633732843319296,3812348960195487
2,0,1222,1789633732843330560,3812348960206267
2,0,1223,1789633732843341824,3812348960217120
2,0,1224,1789633732843352064,3812348960227900
2,0,1225,1789633732843363328,3812348960238716
2,0,1226,1789633732843373568,3812348960249556
2,0,1227,1789633732843384832,3812348960260354
2,0,1228,1789633732843395072,3812348960271107
2,0,1229,1789633732843406336,3812348960281927
2,0,1230,1789633732843416576,3812348960292782
2,0,1231,1789633732843427840,3812348960303636
2,0,1232,1789633732843439104,3812348960314416
2,0,1233,1789633732843449344,3812348960325227
2,0,1234,1789633732843460608,3812348960336147
2,0,1235,1789633732843470848,3812348960346927
2,0,1236,1789633732843482112,3812348960357716
2,0,1237,1789633732843492352,3812348960368516
2,0,1238,1789633732843503616,3812348960379318
2,0,1239,1789633732843514880,3812348960390160
2,0,1240,1789633732843525120,3812348960400940
2,0,1241,1789633732843536384,3812348960411716
2,0,1242,1789633732843546624,3812348960422497
2,0,1243,1789633732843557888,3812348960433267
2,0,1244,1789633732843568128,3812348960444003
2,0,1245,1789633732843579392,3812348960454807
2,0,1246,1789633732843589632,3812348960465594
2,0,1247,1789633732843600896,3812348960476382
2,0,1248,1789633732843611136,3812348960487190
2,0,1249,1789633732843622400,3812348960498045
2,0,1250,1789633732843632640,3812348960508836
2,0,1251,1789633732843643904,3812348960519625
2,0,1252,1789633732843655168,3812348960530436
2,0,1253,1789633732843665408,3812348960541227
2,0,1254,1789633732843676672,3812348960552027
2,0,1255,1789633732843686912,3812348960562818
2,0,1256,1789633732843698176,3812348960573600
2,0,1257,1789633732843708416,3812348960584414
2,0,1258,1789633732843719680,3812348960595227
2,0,1259,1789633732843729920,3812348960606027
2,0,1260,1789633732843741184,3812348960616849
2,0,1261,1789633732843752448,3812348960627656
2,0,1262,1789633732843762688,3812348960638640
2,0,1263,1789633732843773952,3812348960649432
2,0,1264,1789633732843784192,3812348960660234
2,0,1265,1789633732843795456,3812348960671023
2,0,1266,1789633732843805696,3812348960681812
2,0,1267,1789633732843816960,3812348960692660
2,0,1268,1789633732843828224,3812348960703402
2,0,1269,1789633732843838464,3812348960714189
2,0,1270,1789633732843849728,3812348960725037
2,0,1271,1789633732843859968,3812348960735822
2,0,1272,1789633732843871232,3812348960746670
2,0,1273,1789633732843881472,3812348960757487
2,0,1274,1789633732843892736,3812348960768312
2,0,1275,1789633732843902976,3812348960779100
2,0,1276,1789633732843914240,3812348960789884
2,0,1277,1789633732843924480,3812348960800622
2,0,1278,1789633732843935744,3812348960811425
2,0,1279,1789633732843947008,3812348960822220
2,0,1280,1789633732843957248,3812348960833142
2,0,1281,1789633732843968512,3812348960843942
2,0,1282,1789633732843978752,3812348960854727
2,0,1283,1789633732843990016,3812348960865583
2,0,1284,1789633732844000256,3812348960876510
2,0,1285,1789633732844011520,3812348960887316
2,0,1286,1789633732844022784,3812348960898127
2,0,1287,1789633732844033024,3812348960908980
2,0,1288,1789633732844044288,3812348960919773
2,0,1289,1789633732844054528,3812348960930593
2,0,1290,1789633732844065792,3812348960941537
2,0,1291,1789633732844077056,3812348960952324
2,0,1292,1789633732844087296,3812348960963176
2,0,1293,1789633732844098560,3812348960974042
2,0,1294,1789633732844108800,3812348960984847
2,0,1295,1789633732844120064,3812348960995667
2,0,1296,1789633732844130304,3812348961006487
2,0,1297,1789633732844141568,3812348961017342
2,0,1298,1789633732844152832,3812348961028152
2,0,1299,1789633732844163072,3812348961039007
2,0,1300,1789633732844174336,3812348961049872
2,0,1301,1789633732844184576,3812348961060707
2,0,1302,1789633732844195840,3812348961071758
2,0,1303,1789633732844207104,3812348961082565
2,0,1304,1789633732844217344,3812348961093409
2,0,1305,1789633732844228608,3812348961104247
2,0,1306,1789633732844238848,3812348961115048
2,0,1307,1789633732844250112,3812348961125897
2,0,1308,1789633732844261376,3812348961136698
2,0,1309,1789633732844271616,3812348961147680
2,0,1310,1789633732844282880,3812348961158465
2,0,1311,1789633732844293120,3812348961169313
2,0,1312,1789633732844304384,3812348961180087
2,0,1313,1789633732844315648,3812348961190880
2,0,1314,1789633732844325888,3812348961201707
2,0,1315,1789633732844337152,3812348961212564
2,0,1316,1789633732844347392,3812348961223385
2,0,1317,1789633732844358656,3812348961234192
2,0,1318,1789633732844368896,3812348961244983
2,0,1319,1789633732844380160,3812348961255827
2,0,1320,1789633732844390400,3812348961266667
2,0,1321,1789633732844401664,3812348961277458
2,0,1322,1789633732844412928,3812348961288247
2,0,1323,1789633732844423168,3812348961299036
2,0,1324,1789633732844434432,3812348961309810
2,0,1325,1789633732844444672,3812348961320550
2,0,1326,1789633732844455936,3812348961331325
2,0,1327,1789633732844466176,3812348961342107
2,0,1328,1789633732844477440,3812348961352882
2,0,1329,1789633732844487680,3812348961363656
2,0,1330,1789633732844498944,3812348961374442
2,0,1331,1789633732844509184,3812348961385251
2,0,1332,1789633732844520448,3812348961396031
2,0,1333,1789633732844530688,3812348961406884
2,0,1334,1789633732844541952,3812348961417696
2,0,1335,1789633732844553216,3812348961428617
2,0,1336,1789633732844563456,3812348961439407
2,0,1337,1789633732844574720,3812348961450204
2,0,1338,1789633732844584960,3812348961461016
2,0,1339,1789633732844596224,3812348961471805
2,0,1340,1789633732844606464,3812348961482627
2,0,1341,1789633732844617728,3812348961493439
2,0,1342,1789633732844628992,3812348961504240
2,0,1343,1789633732844639232,3812348961515036
2,0,1344,1789633732844650496,3812348961525880
2,0,1345,1789633732844660736,3812348961536620
2,0,1346,1789633732844672000,3812348961547607
2,0,1347,1789633732844682240,3812348961558358
2,0,1348,1789633732844693504,3812348961569167
2,0,1349,1789633732844703744,3812348961579967
2,0,1350,1789633732844715008,3812348961590740
2,0,1351,1789633732844726272,3812348961601536
2,0,1352,1789633732844736512,3812348961612305
2,0,1353,1789633732844747776,3812348961623100
2,0,1354,1789633732844758016,3812348961633884
2,0,1355,1789633732844769280,3812348961644616
2,0,1356,1789633732844779520,3812348961655403
2,0,1357,1789633732844790784,3812348961666176
2,0,1358,1789633732844801024,3812348961676960
2,0,1359,1789633732844812288,3812348961687749
2,0,1360,1789633732844822528,3812348961698596
2,0,1361,1789633732844833792,3812348961709513
2,0,1362,1789633732844845056,3812348961720347
2,0,1363,1789633732844855296,3812348961731124
2,0,1364,1789633732844866560,3812348961741921
2,0,1365,1789633732844876800,3812348961752751
2,0,1366,1789633732844888064,3812348961763620
2,0,1367,1789633732844898304,3812348961774427
2,0,1368,1789633732844909568,3812348961785240
2,0,1369,1789633732844920832,3812348961796043
2,0,1370,1789633732844931072,3812348961806811
2,0,1371,1789633732844942336,3812348961817642
2,0,1372,1789633732844952576,3812348961828515
2,0,1373,1789633732844963840,3812348961839327
2,0,1374,1789633732844974080,3812348961850140
2,0,1375,1789633732844985344,3812348961860905
2,0,1376,1789633732844995584,3812348961871654
2,0,1377,1789633732845006848,3812348961882477
2,0,1378,1789633732845017088,3812348961893237
2,0,1379,1789633732845028352,3812348961904033
2,0,1380,1789633732845038592,3812348961914787
2,0,1381,1789633732845049856,3812348961925647
2,0,1382,1789633732845061120,3812348961936413
2,0,1383,1789633732845071360,3812348961947229
2,0,1384,1789633732845082624,3812348961958037
2,0,1385,1789633732845092864,3812348961968957
2,0,1386,1789633732845104128,3812348961979733
2,0,1387,1789633732845114368,3812348961990557
2,0,1388,1789633732845125632,3812348962001357
2,0,1389,1789633732845136896,3812348962012105
2,0,1390,1789633732845147136,3812348962022889
2,0,1391,1789633732845158400,3812348962033669
2,0,1392,1789633732845168640,3812348962044470
2,0,1393,1789633732845179904,3812348962055273
2,0,1394,1789633732845190144,3812348962066077
2,0,1395,1789633732845201408,3812348962076881
2,0,1396,1789633732845211648,3812348962087690
2,0,1397,1789633732845222912,3812348962098505
2,0,1398,1789633732845233152,3812348962109427
2,0,1399,1789633732845244416,3812348962120237
2,0,1400,1789633732845255680,3812348962131046
2,0,1401,1789633732845265920,3812348962141851
2,0,1402,1789633732845277184,3812348962152653
2,0,1403,1789633732845287424,3812348962163409
2,0,1404,1789633732845298688,3812348962174213
2,0,1405,1789633732845308928,3812348962185018
2,0,1406,1789633732845320192,3812348962195787
2,0,1407,1789633732845330432,3812348962206543
2,0,1408,1789633732845341696,3812348962217356
2,0,1409,1789633732845351936,3812348962228157
2,0,1410,1789633732845363200,3812348962238961
2,0,1411,1789633732845374464,3812348962249865
2,0,1412,1789633732845384704,3812348962260697
2,0,1413,1789633732845395968,3812348962271532
2,0,1414,1789633732845406208,3812348962282299
2,0,1415,1789633732845417472,3812348962293162
2,0,1416,1789633732845428736,3812348962303983
2,0,1417,1789633732845438976,3812348962314766
2,0,1418,1789633732845450240,3812348962325531
2,0,1419,1789633732845460480,3812348962336356
2,0,1420,1789633732845471744,3812348962347166
2,0,1421,1789633732845481984,3812348962357976
2,0,1422,1789633732845493248,3812348962368877
2,0,1423,1789633732845503488,3812348962379649
2,0,1424,1789633732845514752,3812348962390453
2,0,1425,1789633732845526016,3812348962401229
2,0,1426,1789633732845536256,3812348962412026
2,0,1427,1789633732845547520,3812348962422796
2,0,1428,1789633732845557760,3812348962433599
2,0,1429,1789633732845569024,3812348962444396
2,0,1430,1789633732845579264,3812348962455197
2,0,1431,1789633732845590528,3812348962465997
2,0,1432,1789633732845600768,3812348962476809
2,0,1433,1789633732845612032,3812348962487627
2,0,1434,1789633732845622272,3812348962498437
2,0,1435,1789633732845633536,3812348962509350
2,0,1436,1789633732845644800,3812348962520183
2,0,1437,1789633732845655040,3812348962530996
2,0,1438,1789633732845666304,3812348962541803
2,0,1439,1789633732845676544,3812348962552613
2,0,1440,1789633732845687808,3812348962563423
2,0,1441,1789633732845698048,3812348962574217
2,0,1442,1789633732845709312,3812348962584953
2,0,1443,1789633732845720576,3812348962595757
2,0,1444,1789633732845730816,3812348962606552
2,0,1445,1789633732845742080,3812348962617357
2,0,1446,1789633732845752320,3812348962628154
2,0,1447,1789633732845763584,3812348962638959
2,0,1448,1789633732845773824,3812348962649813
2,0,1449,1789633732845785088,3812348962660609
2,0,1450,1789633732845795328,3812348962671367
2,0,1451,1789633732845806592,3812348962682196
2,0,1452,1789633732845816832,3812348962692966
2,0,1453,1789633732845828096,3812348962703749
2,0,1454,1789633732845838336,3812348962714509
2,0,1455,1789633732845849600,3812348962725319
2,0,1456,1789633732845860864,3812348962736065
2,0,1457,1789633732845871104,3812348962746829
2,0,1458,1789633732845882368,3812348962757611
2,0,1459,1789633732845892608,3812348962768406
2,0,1460,1789633732845903872,3812348962779229
2,0,1461,1789633732845914112,3812348962790065
2,0,1462,1789633732845925376,3812348962800905
2,0,1463,1789633732845935616,3812348962811857
2,0,1464,1789633732845946880,3812348962822713
2,0,1465,1789633732845958144,3812348962833517
2,0,1466,1789633732845968384,3812348962844323
2,0,1467,1789633732845979648,3812348962855179
2,0,1468,1789633732845989888,3812348962865987
2,0,1469,1789633732846001152,3812348962876819
2,0,1470,1789633732846011392,3812348962887596
2,0,1471,1789633732846022656,3812348962898393
2,0,1472,1789633732846033920,3812348962909259
2,0,1473,1789633732846044160,3812348962920060
2,0,1474,1789633732846055424,3812348962930867
2,0,1475,1789633732846065664,3812348962941642
2,0,1476,1789633732846076928,3812348962952436
2,0,1477,1789633732846087168,3812348962963249
2,0,1478,1789633732846098432,3812348962974009
2,0,1479,1789633732846108672,3812348962984761
2,0,1480,1789633732846119936,3812348962995536
2,0,1481,1789633732846130176,3812348963006402
2,0,1482,1789633732846141440,3812348963017146
2,0,1483,1789633732846152704,3812348963027917
2,0,1484,1789633732846162944,3812348963038703
2,0,1485,1789633732846174208,3812348963049499
2,0,1486,1789633732846184448,3812348963060299
2,0,1487,1789633732846195712,3812348963071176
2,0,1488,1789633732846205952,3812348963081979
2,0,1489,1789633732846217216,3812348963092781
2,0,1490,1789633732846227456,3812348963103385
2,0,1491,1789633732846238720,3812348963114116
2,0,1492,1789633732846248960,3812348963124705
2,0,1493,1789633732846260224,3812348963135286
2,0,1494,1789633732846270464,3812348963145913
2,0,1495,1789633732846280704,3812348963156486
2,0,1496,1789633732846291968,3812348963167025
2,0,1497,1789633732846302208,3812348963177572
2,0,1498,1789633732846312448,3812348963188219
2,0,1499,1789633732846323712,3812348963198786
2,0,1500,1789633732846333952,3812348963209427
2,0,1501,1789633732846344192,3812348963219962
2,0,1502,1789633732846355456,3812348963230569
2,0,1503,1789633732846365696,3812348963241116
2,0,1504,1789633732846375936,3812348963251702
2,0,1505,1789633732846387200,3812348963262349
2,0,1506,1789633732846397440,3812348963272940
2,0,1507,1789633732846407680,3812348963283472
2,0,1508,1789633732846418944,3812348963294016
2,0,1509,1789633732846429184,3812348963304652
2,0,1510,1789633732846439424,3812348963315242
2,0,1511,1789633732846450688,3812348963325883
2,0,1512,1789633732846460928,3812348963336505
2,0,1513,1789633732846471168,3812348963347126
2,0,1514,1789633732846482432,3812348963357691
2,0,1515,1789633732846492672,3812348963368252
2,0,1516,1789633732846502912,3812348963378829
2,0,1517,1789633732846514176,3812348963389374
2,0,1518,1789633732846524416,3812348963399999
2,0,1519,1789633732846534656,3812348963410757
2,0,1520,1789633732846545920,3812348963421382
2,0,1521,1789633732846556160,3812348963432083
2,0,1522,1789633732846567424,3812348963442676
2,0,1523,1789633732846577664,3812348963453276
2,0,1524,1789633732846587904,3812348963463827
2,0,1525,1789633732846599168,3812348963474434
2,0,1526,1789633732846609408,3812348963484967
2,0,1527,1789633732846619648,3812348963495556
2,0,1528,1789633732846630912,3812348963506207
2,0,1529,1789633732846641152,3812348963516806
2,0,1530,1789633732846651392,3812348963527433
2,0,1531,1789633732846662656,3812348963537970
2,0,1532,1789633732846672896,3812348963548556
2,0,1533,1789633732846684160,3812348963559152
2,0,1534,1789633732846694400,3812348963569726
2,0,1535,1789633732846704640,3812348963580350
2,0,1536,1789633732846715904,3812348963590919
2,0,1537,1789633732846726144,3812348963601556
2,0,1538,1789633732846736384,3812348963612121
2,0,1539,1789633732846747648,3812348963622692
2,0,1540,1789633732846757888,3812348963633265
2,0,1541,1789633732846768128,3812348963643836
2,0,1542,1789633732846779392,3812348963654466
2,0,1543,1789633732846789632,3812348963665077
2,0,1544,1789633732846799872,3812348963675705
2,0,1545,1789633732846811136,3812348963686236
2,0,1546,1789633732846821376,3812348963696825
2,0,1547,1789633732846831616,3812348963707402
2,0,1548,1789633732846842880,3812348963717940
2,0,1549,1789633732846853120,3812348963728600
2,0,1550,1789633732846863360,3812348963739185
2,0,1551,1789633732846874624,3812348963749799
2,0,1552,1789633732846884864,3812348963760383
2,0,1553,1789633732846895104,3812348963770961
2,0,1554,1789633732846906368,3812348963781526
2,0,1555,1789633732846916608,3812348963792116
2,0,1556,1789633732846926848,3812348963802745
2,0,1557,1789633732846938112,3812348963813309
2,0,1558,1789633732846948352,3812348963823883
2,0,1559,1789633732846958592,3812348963834449
2,0,1560,1789633732846969856,3812348963845036
2,0,1561,1789633732846980096,3812348963855607
2,0,1562,1789633732846990336,3812348963866147
2,0,1563,1789633732847001600,3812348963876886
2,0,1564,1789633732847011840,3812348963887463
2,0,1565,1789633732847022080,3812348963898065
2,0,1566,1789633732847033344,3812348963908647
2,0,1567,1789633732847043584,3812348963919229
2,0,1568,1789633732847053824,3812348963929769
2,0,1569,1789633732847065088,3812348963940356
2,0,1570,1789633732847075328,3812348963950996
2,0,1571,1789633732847085568,3812348963961596
2,0,1572,1789633732847096832,3812348963972222
2,0,1573,1789633732847107072,3812348963982729
2,0,1574,1789633732847117312,3812348963993354
2,0,1575,1789633732847128576,3812348964003900
2,0,1576,1789633732847138816,3812348964014486
2,0,1577,1789633732847149056,3812348964025132
2,0,1578,1789633732847160320,3812348964035729
2,0,1579,1789633732847170560,3812348964046262
2,0,1580,1789633732847181824,3812348964056836
2,0,1581,1789633732847192064,3812348964067425
2,0,1582,1789633732847202304,3812348964077992
2,0,1583,1789633732847212544,3812348964088570
2,0,1584,1789633732847223808,3812348964099263
2,0,1585,1789633732847234048,3812348964109892
2,0,1586,1789633732847245312,3812348964120466
2,0,1587,1789633732847255552,3812348964131006
2,0,1588,1789633732847265792,3812348964141572
2,0,1589,1789633732847277056,3812348964152094
2,0,1590,1789633732847287296,3812348964162676
2,0,1591,1789633732847297536,3812348964173396
2,0,1592,1789633732847308800,3812348964184020
2,0,1593,1789633732847319040,3812348964194596
2,0,1594,1789633732847329280,3812348964205176
2,0,1595,1789633732847340544,3812348964215736
2,0,1596,1789633732847350784,3812348964226285
2,0,1597,1789633732847361024,3812348964236867
2,0,1598,1789633732847372288,3812348964247529
2,0,1599,1789633732847382528,3812348964258163
2,0,1600,1789633732847392768,3812348964268740
2,0,1601,1789633732847404032,3812348964279337
2,0,1602,1789633732847414272,3812348964289917
2,0,1603,1789633732847424512,3812348964300505
2,0,1604,1789633732847435776,3812348964311084
2,0,1605,1789633732847446016,3812348964321783
2,0,1606,1789633732847457280,3812348964332329
2,0,1607,1789633732847467520,3812348964342905
2,0,1608,1789633732847477760,3812348964353496
2,0,1609,1789633732847489024,3812348964364116
2,0,1610,1789633732847499264,3812348964374727
2,0,1611,1789633732847509504,3812348964385356
2,0,1612,1789633732847520768,3812348964395933
2,0,1613,1789633732847531008,3812348964406516
2,0,1614,1789633732847541248,3812348964417062
2,0,1615,1789633732847552512,3812348964427576
2,0,1616,1789633732847562752,3812348964438126
2,0,1617,1789633732847572992,3812348964448732
2,0,1618,1789633732847584256,3812348964459323
2,0,1619,1789633732847594496,3812348964470061
2,0,1620,1789633732847604736,3812348964480654
2,0,1621,1789633732847616000,3812348964491396
2,0,1622,1789633732847626240,3812348964501964
2,0,1623,1789633732847637504,3812348964512596
2,0,1624,1789633732847647744,3812348964523129
2,0,1625,1789633732847657984,3812348964533694
2,0,1626,1789633732847668224,3812348964544263
2,0,1627,1789633732847679488,3812348964554836
2,0,1628,1789633732847689728,3812348964565519
2,0,1629,1789633732847700992,3812348964576086
2,0,1630,1789633732847711232,3812348964586722
2,0,1631,1789633732847721472,3812348964597247
2,0,1632,1789633732847732736,3812348964607869
2,0,1633,1789633732847742976,3812348964618425
2,0,1634,1789633732847753216,3812348964628996
2,0,1635,1789633732847764480,3812348964639643
2,0,1636,1789633732847774720,3812348964650229
2,0,1637,1789633732847784960,3812348964660847
2,0,1638,1789633732847796224,3812348964671409
2,0,1639,1789633732847806464,3812348964681996
2,0,1640,1789633732847816704,3812348964692566
2,0,1641,1789633732847827968,3812348964703133
2,0,1642,1789633732847838208,3812348964713783
2,0,1643,1789633732847848448,3812348964724367
2,0,1644,1789633732847859712,3812348964734909
2,0,1645,1789633732847869952,3812348964745476
2,0,1646,1789633732847880192,3812348964756066
2,0,1647,1789633732847891456,3812348964766636
2,0,1648,1789633732847901696,3812348964777260
2,0,1649,1789633732847911936,3812348964787907
2,0,1650,1789633732847923200,3812348964798516
2,0,1651,1789633732847933440,3812348964809109
2,0,1652,1789633732847943680,3812348964819636
2,0,1653,1789633732847954944,3812348964830260
2,0,1654,1789633732847965184,3812348964840832
2,0,1655,1789633732847975424,3812348964851529
2,0,1656,1789633732847986688,3812348964862157
2,0,1657,1789633732847996928,3812348964872746
2,0,1658,1789633732848008192,3812348964883516
2,0,1659,1789633732848018432,3812348964894145
2,0,1660,1789633732848028672,3812348964904712
2,0,1661,1789633732848039936,3812348964915236
2,0,1662,1789633732848050176,3812348964925843
2,0,1663,1789633732848060416,3812348964936409
2,0,1664,1789633732848071680,3812348964946983
2,0,1665,1789633732848081920,3812348964957636
2,0,1666,1789633732848093184,3812348964968223
2,0,1667,1789633732848103424,3812348964978827
2,0,1668,1789633732848113664,3812348964989409
2,0,1669,1789633732848124928,3812348964999952
2,0,1670,1789633732848135168,3812348965010529
2,0,1671,1789633732848145408,3812348965021074
2,0,1672,1789633732848155648,3812348965031769
2,0,1673,1789633732848166912,3812348965042343
2,0,1674,1789633732848177152,3812348965052969
2,0,1675,1789633732848188416,3812348965063517
2,0,1676,1789633732848198656,3812348965074109
2,0,1677,1789633732848208896,3812348965084690
2,0,1678,1789633732848220160,3812348965095239
2,0,1679,1789633732848230400,3812348965105897
2,0,1680,1789633732848240640,3812348965116477
2,0,1681,1789633732848251904,3812348965127100
2,0,1682,1789633732848262144,3812348965137676
2,0,1683,1789633732848272384,3812348965148247
2,0,1684,1789633732848283648,3812348965158827
2,0,1685,1789633732848293888,3812348965169396
2,0,1686,1789633732848304128,3812348965180034
2,0,1687,1789633732848315392,3812348965190649
2,0,1688,1789633732848325632,3812348965201223
2,0,1689,1789633732848335872,3812348965211769
2,0,1690,1789633732848347136,3812348965222319
2,0,1691,1789633732848357376,3812348965232889
2,0,1692,1789633732848367616,3812348965243493
2,0,1693,1789633732848378880,3812348965254170
2,0,1694,1789633732848389120,3812348965264745
2,0,1695,1789633732848399360,3812348965275369
2,0,1696,1789633732848410624,3812348965285881
2,0,1697,1789633732848420864,3812348965296451
2,0,1698,1789633732848431104,3812348965306985
2,0,1699,1789633732848442368,3812348965317576
2,0,1700,1789633732848452608,3812348965328284
2,0,1701,1789633732848462848,3812348965338881
2,0,1702,1789633732848474112,3812348965349509
2,0,1703,1789633732848484352,3812348965360046
2,0,1704,1789633732848494592,3812348965370639
2,0,1705,1789633732848505856,3812348965381204
2,0,1706,1789633732848516096,3812348965391812
2,0,1707,1789633732848527360,3812348965402416
2,0,1708,1789633732848537600,3812348965413010
2,0,1709,1789633732848547840,3812348965423649
2,0,1710,1789633732848559104,3812348965434185
2,0,1711,1789633732848569344,3812348965444769
2,0,1712,1789633732848579584,3812348965455316
2,0,1713,1789633732848589824,3812348965465890
2,0,1714,1789633732848601088,3812348965476547
2,0,1715,1789633732848611328,3812348965487126
2,0,1716,1789633732848622592,3812348965497666
2,0,1717,1789633732848632832,3812348965508249
2,0,1718,1789633732848643072,3812348965518836
2,0,1719,1789633732848654336,3812348965529436
2,0,1720,1789633732848664576,3812348965540017
2,0,1721,1789633732848674816,3812348965550686
2,0,1722,1789633732848686080,3812348965561263
2,0,1723,1789633732848696320,3812348965571899
2,0,1724,1789633732848706560,3812348965582492
2,0,1725,1789633732848717824,3812348965593099
2,0,1726,1789633732848728064,3812348965603673
2,0,1727,1789633732848738304,3812348965614265
2,0,1728,1789633732848749568,3812348965624949
2,0,1729,1789633732848759808,3812348965635540
2,0,1730,1789633732848771072,3812348965646266
2,0,1731,1789633732848781312,3812348965656873
2,0,1732,1789633732848791552,3812348965667467
2,0,1733,1789633732848802816,3812348965678024
2,0,1734,1789633732848813056,3812348965688573
2,0,1735,1789633732848823296,3812348965699152
2,0,1736,1789633732848834560,3812348965709740
2,0,1737,1789633732848844800,3812348965720409
2,0,1738,1789633732848855040,3812348965730997
2,0,1739,1789633732848866304,3812348965741613
2,0,1740,1789633732848876544,3812348965752189
2,0,1741,1789633732848886784,3812348965762766
2,0,1742,1789633732848898048,3812348965773293
2,0,1743,1789633732848908288,3812348965783877
2,0,1744,1789633732848918528,3812348965794545
2,0,1745,1789633732848929792,3812348965805201
2,0,1746,1789633732848940032,3812348965815743
2,0,1747,1789633732848951296,3812348965826343
2,0,1748,1789633732848961536,3812348965836913
2,0,1749,1789633732848971776,3812348965847486
2,0,1750,1789633732848982016,3812348965858061
2,0,1751,1789633732848993280,3812348965868674
2,0,1752,1789633732849003520,3812348965879243
2,0,1753,1789633732849013760,3812348965889880
2,0,1754,1789633732849025024,3812348965900509
2,0,1755,1789633732849035264,3812348965911096
2,0,1756,1789633732849046528,3812348965921672
2,0,1757,1789633732849056768,3812348965932300
2,0,1758,1789633732849067008,3812348965942920
2,0,1759,1789633732849078272,3812348965953516
2,0,1760,1789633732849088512,3812348965964062
2,0,1761,1789633732849098752,3812348965974602
2,0,1762,1789633732849110016,3812348965985196
2,0,1763,1789633732849120256,3812348965995796
2,0,1764,1789633732849130496,3812348966006340
2,0,1765,1789633732849141760,3812348966017056
2,0,1766,1789633732849152000,3812348966027635
2,0,1767,1789633732849162240,3812348966038187
2,0,1768,1789633732849173504,3812348966048716
2,0,1769,1789633732849183744,3812348966059292
2,0,1770,1789633732849193984,3812348966069836
2,0,1771,1789633732849205248,3812348966080427
2,0,1772,1789633732849215488,3812348966091074
2,0,1773,1789633732849225728,3812348966101669
2,0,1774,1789633732849236992,3812348966112276
2,0,1775,1789633732849247232,3812348966122796
2,0,1776,1789633732849257472,3812348966133383
2,0,1777,1789633732849268736,3812348966143892
2,0,1778,1789633732849278976,3812348966154476
2,0,1779,1789633732849289216,3812348966165212
2,0,1780,1789633732849300480,3812348966175783
2,0,1781,1789633732849310720,3812348966186397
2,0,1782,1789633732849320960,3812348966196929
2,0,1783,1789633732849332224,3812348966207549
2,0,1784,1789633732849342464,3812348966218069
2,0,1785,1789633732849352704,3812348966228693
2,0,1786,1789633732849363968,3812348966239329
2,0,1787,1789633732849374208,3812348966249956
2,0,1788,1789633732849385472,3812348966260529
2,0,1789,1789633732849395712,3812348966271099
2,0,1790,1789633732849405952,3812348966281705
2,0,1791,1789633732849417216,3812348966292275
2,0,1792,1789633732849427456,3812348966302862
2,0,1793,1789633732849437696,3812348966313604
2,0,1794,1789633732849448960,3812348966324192
2,0,1795,1789633732849459200,3812348966334924
2,0,1796,1789633732849469440,3812348966345489
2,0,1797,1789633732849480704,3812348966356052
2,0,1798,1789633732849490944,3812348966366619
2,0,1799,1789633732849501184,3812348966377275
2,0,1800,1789633732849512448,3812348966387840
2,0,1801,1789633732849522688,3812348966398416
2,0,1802,1789633732849532928,3812348966409052
2,0,1803,1789633732849544192,3812348966419656
2,0,1804,1789633732849554432,3812348966430292
2,0,1805,1789633732849565696,3812348966440859
2,0,1806,1789633732849575936,3812348966451429
2,0,1807,1789633732849586176,3812348966461963
2,0,1808,1789633732849597440,3812348966472551
2,0,1809,1789633732849607680,3812348966483314
2,0,1810,1789633732849617920,3812348966493907
2,0,1811,1789633732849629184,3812348966504443
2,0,1812,1789633732849639424,3812348966515023
2,0,1813,1789633732849649664,3812348966525574
2,0,1814,1789633732849660928,3812348966536075
2,0,1815,1789633732849671168,3812348966546663
2,0,1816,1789633732849681408,3812348966557316
2,0,1817,1789633732849692672,3812348966567924
2,0,1818,1789633732849702912,3812348966578412
2,0,1819,1789633732849713152,3812348966589004
2,0,1820,1789633732849724416,3812348966599557
2,0,1821,1789633732849734656,3812348966610116
2,0,1822,1789633732849744896,3812348966620706
2,0,1823,1789633732849756160,3812348966631529
2,0,1824,1789633732849766400,3812348966642052
2,0,1825,1789633732849776640,3812348966652652
2,0,1826,1789633732849787904,3812348966663227
2,0,1827,1789633732849798144,3812348966673805
2,0,1828,1789633732849808384,3812348966684381
2,0,1829,1789633732849819648,3812348966694956
2,0,1830,1789633732849829888,3812348966705715
2,0,1831,1789633732849841152,3812348966716292
2,0,1832,1789633732849851392,3812348966726812
2,0,1833,1789633732849861632,3812348966737385
2,0,1834,1789633732849871872,3812348966747956
2,0,1835,1789633732849883136,3812348966758525
2,0,1836,1789633732849893376,3812348966769096
2,0,1837,1789633732849903616,3812348966779852
2,0,1838,1789633732849914880,3812348966790420
2,0,1839,1789633732849925120,3812348966801159
2,0,1840,1789633732849936384,3812348966811764
2,0,1841,1789633732849946624,3812348966822356
2,0,1842,1789633732849956864,3812348966832927
2,0,1843,1789633732849968128,3812348966843507
2,0,1844,1789633732849978368,3812348966854069
2,0,1845,1789633732849988608,3812348966864666
2,0,1846,1789633732849999872,3812348966875297
2,0,1847,1789633732850010112,3812348966885881
2,0,1848,1789633732850021376,3812348966896503
2,0,1849,1789633732850031616,3812348966907043
2,0,1850,1789633732850041856,3812348966917639
2,0,1851,1789633732850053120,3812348966928170
2,0,1852,1789633732850063360,3812348966938769
2,0,1853,1789633732850073600,3812348966949356
2,0,1854,1789633732850084864,3812348966959956
2,0,1855,1789633732850095104,3812348966970552
2,0,1856,1789633732850105344,3812348966981173
2,0,1857,1789633732850116608,3812348966991789
2,0,1858,1789633732850126848,3812348967002321
2,0,1859,1789633732850137088,3812348967012892
2,0,1860,1789633732850148352,3812348967023572
2,0,1861,1789633732850158592,3812348967034132
2,0,1862,1789633732850168832,3812348967044769
2,0,1863,1789633732850180096,3812348967055392
2,0,1864,1789633732850190336,3812348967065953
2,0,1865,1789633732850200576,3812348967076494
2,0,1866,1789633732850211840,3812348967087095
2,0,1867,1789633732850222080,3812348967097686
2,0,1868,1789633732850232320,3812348967108225
2,0,1869,1789633732850243584,3812348967118797
2,0,1870,1789633732850253824,3812348967129327
2,0,1871,1789633732850264064,3812348967139915
2,0,1872,1789633732850275328,3812348967150487
2,0,1873,1789633732850285568,3812348967161107
2,0,1874,1789633732850295808,3812348967171827
2,0,1875,1789633732850307072,3812348967182420
2,0,1876,1789633732850317312,3812348967192936
2,0,1877,1789633732850327552,3812348967203462
2,0,1878,1789633732850338816,3812348967214036
2,0,1879,1789633732850349056,3812348967224627
2,0,1880,1789633732850359296,3812348967235206
2,0,1881,1789633732850370560,3812348967245772
2,0,1882,1789633732850380800,3812348967256309
2,0,1883,1789633732850391040,3812348967266903
2,0,1884,1789633732850402304,3812348967277476
2,0,1885,1789633732850412544,3812348967288020
2,0,1886,1789633732850422784,3812348967298767
2,0,1887,1789633732850434048,3812348967309369
2,0,1888,1789633732850444288,3812348967320116
2,0,1889,1789633732850455552,3812348967330701
2,0,1890,1789633732850465792,3812348967341289
2,0,1891,1789633732850476032,3812348967351849
2,0,1892,1789633732850487296,3812348967362443
2,0,1893,1789633732850497536,3812348967373101
2,0,1894,1789633732850507776,3812348967383673
2,0,1895,1789633732850519040,3812348967394355
2,0,1896,1789633732850529280,3812348967404943
2,0,1897,1789633732850539520,3812348967415513
2,0,1898,1789633732850550784,3812348967426063
2,0,1899,1789633732850561024,3812348967436637
2,0,1900,1789633732850571264,3812348967447180
2,0,1901,1789633732850582528,3812348967457756
2,0,1902,1789633732850592768,3812348967468524
2,0,1903,1789633732850603008,3812348967479105
2,0,1904,1789633732850614272,3812348967489825
2,0,1905,1789633732850624512,3812348967500423
2,0,1906,1789633732850635776,3812348967511013
2,0,1907,1789633732850646016,3812348967521596
2,0,1908,1789633732850656256,3812348967532167
2,0,1909,1789633732850667520,3812348967542756
2,0,1910,1789633732850677760,3812348967553343
2,0,1911,1789633732850688000,3812348967564084
2,0,1912,1789633732850699264,3812348967574612
2,0,1913,1789633732850709504,3812348967585182
2,0,1914,1789633732850719744,3812348967595723
2,0,1915,1789633732850731008,3812348967606294
2,0,1916,1789633732850741248,3812348967616858
2,0,1917,1789633732850751488,3812348967627437
2,0,1918,1789633732850762752,3812348967638080
2,0,1919,1789633732850772992,3812348967648705
2,0,1920,1789633732850783232,3812348967659276
2,0,1921,1789633732850794496,3812348967669818
2,0,1922,1789633732850804736,3812348967680380
2,0,1923,1789633732850814976,3812348967690926
2,0,1924,1789633732850826240,3812348967701530
2,0,1925,1789633732850836480,3812348967712213
2,0,1926,1789633732850846720,3812348967722795
2,0,1927,1789633732850857984,3812348967733406
2,0,1928,1789633732850868224,3812348967743946
2,0,1929,1789633732850878464,3812348967754571
2,0,1930,1789633732850889728,3812348967765172
2,0,1931,1789633732850899968,3812348967775743
2,0,1932,1789633732850911232,3812348967786456
2,0,1933,1789633732850921472,3812348967797037
2,0,1934,1789633732850931712,3812348967807608
2,0,1935,1789633732850942976,3812348967818145
2,0,1936,1789633732850953216,3812348967828740
2,0,1937,1789633732850963456,3812348967839310
2,0,1938,1789633732850974720,3812348967849928
2,0,1939,1789633732850984960,3812348967860620
2,0,1940,1789633732850995200,3812348967871176
2,0,1941,1789633732851006464,3812348967881720
2,0,1942,1789633732851016704,3812348967892318
2,0,1943,1789633732851026944,3812348967902967
2,0,1944,1789633732851038208,3812348967913548
2,0,1945,1789633732851048448,3812348967924143
2,0,1946,1789633732851058688,3812348967934732
2,0,1947,1789633732851069952,3812348967945368
2,0,1948,1789633732851080192,3812348967956075
2,0,1949,1789633732851091456,3812348967966657
2,0,1950,1789633732851101696,3812348967977232
2,0,1951,1789633732851111936,3812348967987816
2,0,1952,1789633732851123200,3812348967998408
2,0,1953,1789633732851133440,3812348968009046
2,0,1954,1789633732851143680,3812348968019638
2,0,1955,1789633732851154944,3812348968030330
2,0,1956,1789633732851165184,3812348968040916
2,0,1957,1789633732851175424,3812348968051528
2,0,1958,1789633732851186688,3812348968062011
2,0,1959,1789633732851196928,3812348968072557
2,0,1960,1789633732851207168,3812348968083141
2,0,1961,1789633732851218432,3812348968093724
2,0,1962,1789633732851228672,3812348968104317
2,0,1963,1789633732851238912,3812348968114953
2,0,1964,1789633732851250176,3812348968125533
2,0,1965,1789633732851260416,3812348968136106
2,0,1966,1789633732851270656,3812348968146681
2,0,1967,1789633732851281920,3812348968157208
2,0,1968,1789633732851292160,3812348968167730
2,0,1969,1789633732851302400,3812348968178451
2,0,1970,1789633732851313664,3812348968189048
2,0,1971,1789633732851323904,3812348968199613
2,0,1972,1789633732851334144,3812348968210173
2,0,1973,1789633732851345408,3812348968220748
2,0,1974,1789633732851355648,3812348968231365
2,0,1975,1789633732851365888,3812348968241925
2,0,1976,1789633732851377152,3812348968252597
2,0,1977,1789633732851387392,3812348968263164
2,0,1978,1789633732851397632,3812348968273726
2,0,1979,1789633732851408896,3812348968284276
2,0,1980,1789633732851419136,3812348968294865
2,0,1981,1789633732851429376,3812348968305437
2,0,1982,1789633732851440640,3812348968316017
2,0,1983,1789633732851450880,3812348968326708
2,0,1984,1789633732851462144,3812348968337328
2,0,1985,1789633732851472384,3812348968347908
2,0,1986,1789633732851482624,3812348968358476
2,0,1987,1789633732851493888,3812348968369008
2,0,1988,1789633732851504128,3812348968379573
2,0,1989,1789633732851514368,3812348968390157
2,0,1990,1789633732851525632,3812348968400848
2,0,1991,1789633732851535872,3812348968411530
2,0,1992,1789633732851546112,3812348968422053
2,0,1993,1789633732851557376,3812348968432620
2,0,1994,1789633732851567616,3812348968443197
2,0,1995,1789633732851577856,3812348968453733
2,0,1996,1789633732851589120,3812348968464303
2,0,1997,1789633732851599360,3812348968474996
2,0,1998,1789633732851609600,3812348968485568
2,0,1999,1789633732851620864,3812348968496195
2,0,2000,1789633732851631104,3812348968506813
2,0,2001,1789633732851641344,3812348968517408
2,0,2002,1789633732851652608,3812348968527983
2,0,2003,1789633732851662848,3812348968538583
2,0,2004,1789633732851673088,3812348968549244
2,0,2005,1789633732851684352,3812348968559812
2,0,2006,1789633732851694592,3812348968570398
2,0,2007,1789633732851705856,3812348968580960
2,0,2008,1789633732851716096,3812348968591520
2,0,2009,1789633732851726336,3812348968602081
2,0,2010,1789633732851736576,3812348968612673
2,0,2011,1789633732851747840,3812348968623367
2,0,2012,1789633732851758080,3812348968633963
2,0,2013,1789633732851769344,3812348968644476
2,0,2014,1789633732851779584,3812348968655071
2,0,2015,1789633732851789824,3812348968665675
2,0,2016,1789633732851801088,3812348968676256
2,0,2017,1789633732851811328,3812348968686880
2,0,2018,1789633732851821568,3812348968697507
2,0,2019,1789633732851832832,3812348968708136
2,0,2020,1789633732851843072,3812348968718838
2,0,2021,1789633732851853312,3812348968729416
2,0,2022,1789633732851864576,3812348968740043
2,0,2023,1789633732851874816,3812348968750608
2,0,2024,1789633732851886080,3812348968761186
2,0,2025,1789633732851896320,3812348968771723
2,0,2026,1789633732851906560,3812348968782316
2,0,2027,1789633732851916800,3812348968792971
2,0,2028,1789633732851928064,3812348968803551
2,0,2029,1789633732851938304,3812348968814173
2,0,2030,1789633732851949568,3812348968824767
2,0,2031,1789633732851959808,3812348968835331
2,0,2032,1789633732851970048,3812348968845885
2,0,2033,1789633732851981312,3812348968856463
2,0,2034,1789633732851991552,3812348968867103
2,0,2035,1789633732852001792,3812348968877731
2,0,2036,1789633732852013056,3812348968888305
2,0,2037,1789633732852023296,3812348968898845
2,0,2038,1789633732852033536,3812348968909444
2,0,2039,1789633732852044800,3812348968920020
2,0,2040,1789633732852055040,3812348968930560
2,0,2041,1789633732852065280,3812348968941227
2,0,2042,1789633732852076544,3812348968951832
2,0,2043,1789633732852086784,3812348968962356
2,0,2044,1789633732852097024,3812348968972981
2,0,2045,1789633732852108288,3812348968983573
2,0,2046,1789633732852118528,3812348968994157
2,0,2047,1789633732852128768,3812348969004688
2,0,2048,1789633732852140032,3812348969015357
2,0,2049,1789633732852150272,3812348969025968
2,0,2050,1789633732852160512,3812348969036528
2,0,2051,1789633732852171776,3812348969047067
2,0,2052,1789633732852182016,3812348969057668
2,0,2053,1789633732852192256,3812348969068221
2,0,2054,1789633732852203520,3812348969078805
2,0,2055,1789633732852213760,3812348969089505
2,0,2056,1789633732852224000,3812348969100077
2,0,2057,1789633732852235264,3812348969110717
2,0,2058,1789633732852245504,3812348969121298
2,0,2059,1789633732852255744,3812348969131844
2,0,2060,1789633732852267008,3812348969142388
2,0,2061,1789633732852277248,3812348969152965
2,0,2062,1789633732852287488,3812348969163623
2,0,2063,1789633732852298752,3812348969174201
2,0,2064,1789633732852308992,3812348969184836
2,0,2065,1789633732852320256,3812348969195368
2,0,2066,1789633732852330496,3812348969205967
2,0,2067,1789633732852340736,3812348969216487
2,0,2068,1789633732852350976,3812348969227058
2,0,2069,1789633732852362240,3812348969237756
2,0,2070,1789633732852372480,3812348969248354
2,0,2071,1789633732852383744,3812348969258956
2,0,2072,1789633732852393984,3812348969269536
2,0,2073,1789633732852404224,3812348969280117
2,0,2074,1789633732852415488,3812348969290647
2,0,2075,1789633732852425728,3812348969301247
2,0,2076,1789633732852435968,3812348969311886
2,0,2077,1789633732852447232,3812348969322475
2,0,2078,1789633732852457472,3812348969333091
2,0,2079,1789633732852467712,3812348969343665
2,0,2080,1789633732852478976,3812348969354288
2,0,2081,1789633732852489216,3812348969364800
2,0,2082,1789633732852499456,3812348969375425
2,0,2083,1789633732852510720,3812348969386023
2,0,2084,1789633732852520960,3812348969396611
2,0,2085,1789633732852531200,3812348969407234
2,0,2086,1789633732852542464,3812348969417764
2,0,2087,1789633732852552704,3812348969428385
2,0,2088,1789633732852562944,3812348969438888
2,0,2089,1789633732852574208,3812348969449491
2,0,2090,1789633732852584448,3812348969460181
2,0,2091,1789633732852594688,3812348969470751
2,0,2092,1789633732852605952,3812348969481356
2,0,2093,1789633732852616192,3812348969491930
2,0,2094,1789633732852626432,3812348969502505
2,0,2095,1789633732852637696,3812348969513103
2,0,2096,1789633732852647936,3812348969523671
2,0,2097,1789633732852658176,3812348969534468
2,0,2098,1789633732852669440,3812348969545056
2,0,2099,1789633732852679680,3812348969555751
2,0,2100,1789633732852690944,3812348969566363
2,0,2101,1789633732852701184,3812348969576947
2,0,2102,1789633732852711424,3812348969587533
2,0,2103,1789633732852722688,3812348969598087
2,0,2104,1789633732852732928,3812348969608670
2,0,2105,1789633732852743168,3812348969619244
2,0,2106,1789633732852754432,3812348969629888
2,0,2107,1789633732852764672,3812348969640484
2,0,2108,1789633732852775936,3812348969651080
2,0,2109,1789633732852786176,3812348969661653
2,0,2110,1789633732852796416,3812348969672236
2,0,2111,1789633732852807680,3812348969682813
2,0,2112,1789633732852817920,3812348969693365
2,0,2113,1789633732852828160,3812348969704013
2,0,2114,1789633732852839424,3812348969714561
2,0,2115,1789633732852849664,3812348969725205
2,0,2116,1789633732852859904,3812348969735784
2,0,2117,1789633732852871168,3812348969746355
2,0,2118,1789633732852881408,3812348969756923
2,0,2119,1789633732852891648,3812348969767505
2,0,2120,1789633732852902912,3812348969778155
2,0,2121,1789633732852913152,3812348969788673
2,0,2122,1789633732852923392,3812348969799206
2,0,2123,1789633732852934656,3812348969809796
2,0,2124,1789633732852944896,3812348969820367
2,0,2125,1789633732852955136,3812348969830945
2,0,2126,1789633732852965376,3812348969841523
2,0,2127,1789633732852976640,3812348969852091
2,0,2128,1789633732852986880,3812348969862628
2,0,2129,1789633732852997120,3812348969873194
2,0,2130,1789633732853008384,3812348969883774
2,0,2131,1789633732853018624,3812348969894303
2,0,2132,1789633732853028864,3812348969905075
2,0,2133,1789633732853040128,3812348969915615
2,0,2134,1789633732853050368,3812348969926240
2,0,2135,1789633732853061632,3812348969936807
2,0,2136,1789633732853071872,3812348969947371
2,0,2137,1789633732853082112,3812348969957938
2,0,2138,1789633732853092352,3812348969968496
2,0,2139,1789633732853103616,3812348969979076
2,0,2140,1789633732853113856,3812348969989647
2,0,2141,1789633732853125120,3812348970000287
2,0,2142,1789633732853135360,3812348970010831
2,0,2143,1789633732853145600,3812348970021420
2,0,2144,1789633732853156864,3812348970031983
2,0,2145,1789633732853167104,3812348970042578
2,0,2146,1789633732853177344,3812348970053211
2,0,2147,1789633732853188608,3812348970063786
2,0,2148,1789633732853198848,3812348970074407
2,0,2149,1789633732853209088,3812348970085024
2,0,2150,1789633732853220352,3812348970095587
2,0,2151,1789633732853230592,3812348970106148
2,0,2152,1789633732853240832,3812348970116734
2,0,2153,1789633732853252096,3812348970127464
2,0,2154,1789633732853262336,3812348970138060
2,0,2155,1789633732853272576,3812348970148618
2,0,2156,1789633732853283840,3812348970159107
2,0,2157,1789633732853294080,3812348970169698
2,0,2158,1789633732853304320,3812348970180290
2,0,2159,1789633732853315584,3812348970190885
2,0,2160,1789633732853325824,3812348970201623
2,0,2161,1789633732853336064,3812348970212211
2,0,2162,1789633732853347328,3812348970222761
2,0,2163,1789633732853357568,3812348970233334
2,0,2164,1789633732853367808,3812348970243908
2,0,2165,1789633732853379072,3812348970254476
2,0,2166,1789633732853389312,3812348970265047
2,0,2167,1789633732853399552,3812348970275731
2,0,2168,1789633732853410816,3812348970286316
2,0,2169,1789633732853421056,3812348970297066
2,0,2170,1789633732853432320,3812348970307647
2,0,2171,1789633732853442560,3812348970318276
2,0,2172,1789633732853452800,3812348970328851
2,0,2173,1789633732853464064,3812348970339424
2,0,2174,1789633732853474304,3812348970350008
2,0,2175,1789633732853484544,3812348970360561
2,0,2176,1789633732853495808,3812348970371205
2,0,2177,1789633732853506048,3812348970381795
2,0,2178,1789633732853516288,3812348970392387
2,0,2179,1789633732853527552,3812348970402960
2,0,2180,1789633732853537792,3812348970413544
2,0,2181,1789633732853548032,3812348970424132
2,0,2182,1789633732853559296,3812348970434736
2,0,2183,1789633732853569536,3812348970446188
2,0,2184,1789633732853580800,3812348970456772
2,0,2185,1789633732853592064,3812348970467367
2,0,2186,1789633732853602304,3812348970477927
2,0,2187,1789633732853612544,3812348970488487
2,0,2188,1789633732853623808,3812348970499066
2,0,2189,1789633732853634048,3812348970509701
2,0,2190,1789633732853644288,3812348970520317
2,0,2191,1789633732853655552,3812348970530904
2,0,2192,1789633732853665792,3812348970541530
2,0,2193,1789633732853676032,3812348970551991
2,0,2194,1789633732853687296,3812348970562567
2,0,2195,1789633732853697536,3812348970573164
2,0,2196,1789633732853707776,3812348970583848
2,0,2197,1789633732853719040,3812348970594444
2,0,2198,1789633732853729280,3812348970605034
2,0,2199,1789633732853739520,3812348970615607
2,0,2200,1789633732853750784,3812348970626196
2,0,2201,1789633732853761024,3812348970636771
2,0,2202,1789633732853771264,3812348970647331
2,0,2203,1789633732853782528,3812348970657966
2,0,2204,1789633732853792768,3812348970668543
2,0,2205,1789633732853803008,3812348970679168
2,0,2206,1789633732853814272,3812348970689736
2,0,2207,1789633732853824512,3812348970700311
2,0,2208,1789633732853834752,3812348970710887
2,0,2209,1789633732853846016,3812348970721528
2,0,2210,1789633732853856256,3812348970732237
2,0,2211,1789633732853867520,3812348970742864
2,0,2212,1789633732853877760,3812348970753558
2,0,2213,1789633732853888000,3812348970764136
2,0,2214,1789633732853899264,3812348970774673
2,0,2215,1789633732853909504,3812348970785213
2,0,2216,1789633732853919744,3812348970795786
2,0,2217,1789633732853931008,3812348970806404
2,0,2218,1789633732853941248,3812348970817001
2,0,2219,1789633732853951488,3812348970827706
2,0,2220,1789633732853962752,3812348970838276
2,0,2221,1789633732853972992,3812348970848904
2,0,2222,1789633732853984256,3812348970859430
2,0,2223,1789633732853994496,3812348970869993
2,0,2224,1789633732854004736,3812348970880503
2,0,2225,1789633732854014976,3812348970891067
2,0,2226,1789633732854026240,3812348970901641
2,0,2227,1789633732854036480,3812348970912195
2,0,2228,1789633732854046720,3812348970922771
2,0,2229,1789633732854057984,3812348970933317
2,0,2230,1789633732854068224,3812348970943907
2,0,2231,1789633732854078464,3812348970954488
2,0,2232,1789633732854089728,3812348970965068
2,0,2233,1789633732854099968,3812348970975596
2,0,2234,1789633732854110208,3812348970986148
2,0,2235,1789633732854121472,3812348970996786
2,0,2236,1789633732854131712,3812348971007317
2,0,2237,1789633732854141952,3812348971017904
2,0,2238,1789633732854153216,3812348971028616
2,0,2239,1789633732854163456,3812348971039207
2,0,2240,1789633732854173696,3812348971049836
2,0,2241,1789633732854184960,3812348971060355
2,0,2242,1789633732854195200,3812348971070931
2,0,2243,1789633732854205440,3812348971081530
2,0,2244,1789633732854216704,3812348971092064
2,0,2245,1789633732854226944,3812348971102756
2,0,2246,1789633732854237184,3812348971113356
2,0,2247,1789633732854248448,3812348971123951
2,0,2248,1789633732854258688,3812348971134556
2,0,2249,1789633732854269952,3812348971145208
2,0,2250,1789633732854280192,3812348971155808
2,0,2251,1789633732854290432,3812348971166423
2,0,2252,1789633732854301696,3812348971177025
2,0,2253,1789633732854311936,3812348971187647
2,0,2254,1789633732854322176,3812348971198357
2,0,2255,1789633732854333440,3812348971208947
2,0,2256,1789633732854343680,3812348971219547
2,0,2257,1789633732854354944,3812348971230152
2,0,2258,1789633732854365184,3812348971240728
2,0,2259,1789633732854375424,3812348971251315
2,0,2260,1789633732854386688,3812348971261907
2,0,2261,1789633732854396928,3812348971272620
2,0,2262,1789633732854407168,3812348971283256
2,0,2263,1789633732854418432,3812348971293946
2,0,2264,1789633732854428672,3812348971304580
2,0,2265,1789633732854439936,3812348971315224
2,0,2266,1789633732854450176,3812348971325851
2,0,2267,1789633732854460416,3812348971336437
2,0,2268,1789633732854471680,3812348971347071
2,0,2269,1789633732854481920,3812348971357666
2,0,2270,1789633732854492160,3812348971368246
2,0,2271,1789633732854503424,3812348971378796
2,0,2272,1789633732854513664,3812348971389544
2,0,2273,1789633732854524928,3812348971400178
2,0,2274,1789633732854535168,3812348971410755
2,0,2275,1789633732854545408,3812348971421391
2,0,2276,1789633732854556672,3812348971431983
2,0,2277,1789633732854566912,3812348971442581
2,0,2278,1789633732854577152,3812348971453208
2,0,2279,1789633732854588416,3812348971463811
2,0,2280,1789633732854598656,3812348971474440
2,0,2281,1789633732854608896,3812348971485130
2,0,2282,1789633732854620160,3812348971495721
2,0,2283,1789633732854630400,3812348971506316
2,0,2284,1789633732854641664,3812348971516948
2,0,2285,1789633732854651904,3812348971527487
2,0,2286,1789633732854662144,3812348971538118
2,0,2287,1789633732854673408,3812348971548711
2,0,2288,1789633732854683648,3812348971559401
2,0,2289,1789633732854693888,3812348971569995
2,0,2290,1789633732854705152,3812348971580707
2,0,2291,1789633732854715392,3812348971591288
2,0,2292,1789633732854726656,3812348971601915
2,0,2293,1789633732854736896,3812348971612551
2,0,2294,1789633732854747136,3812348971623128
2,0,2295,1789633732854758400,3812348971633756
2,0,2296,1789633732854768640,3812348971644356
2,0,2297,1789633732854778880,3812348971654984
2,0,2298,1789633732854790144,3812348971665578
2,0,2299,1789633732854800384,3812348971676296
2,0,2300,1789633732854811648,3812348971686887
2,0,2301,1789633732854821888,3812348971697421
2,0,2302,1789633732854832128,3812348971707991
2,0,2303,1789633732854842368,3812348971718554
2,0,2304,1789633732854853632,3812348971729124
2,0,2305,1789633732854863872,3812348971739688
2,0,2306,1789633732854874112,3812348971750256
2,0,2307,1789633732854885376,3812348971760784
2,0,2308,1789633732854895616,3812348971771316
2,0,2309,1789633732854905856,3812348971781846
2,0,2310,1789633732854917120,3812348971792448
2,0,2311,1789633732854927360,3812348971803098
2,0,2312,1789633732854937600,3812348971813684
2,0,2313,1789633732854948864,3812348971824323
2,0,2314,1789633732854959104,3812348971834867
2,0,2315,1789633732854969344,3812348971845467
2,0,2316,1789633732854980608,3812348971856005
2,0,2317,1789633732854990848,3812348971866611
2,0,2318,1789633732855001088,3812348971877236
2,0,2319,1789633732855012352,3812348971887796
2,0,2320,1789633732855022592,3812348971898356
2,0,2321,1789633732855032832,3812348971908921
2,0,2322,1789633732855044096,3812348971919526
2,0,2323,1789633732855054336,3812348971930091
2,0,2324,1789633732855064576,3812348971940701
2,0,2325,1789633732855075840,3812348971951380
2,0,2326,1789633732855086080,3812348971961947
2,0,2327,1789633732855097344,3812348971972577
2,0,2328,1789633732855107584,3812348971983128
2,0,2329,1789633732855117824,3812348971993714
2,0,2330,1789633732855129088,3812348972004291
2,0,2331,1789633732855139328,3812348972014887
2,0,2332,1789633732855149568,3812348972025503
2,0,2333,1789633732855160832,3812348972036083
2,0,2334,1789633732855171072,3812348972046624
2,0,2335,1789633732855181312,3812348972057148
2,0,2336,1789633732855191552,3812348972067728
2,0,2337,1789633732855202816,3812348972078304
2,0,2338,1789633732855213056,3812348972088905
2,0,2339,1789633732855224320,3812348972099624
2,0,2340,1789633732855234560,3812348972110220
2,0,2341,1789633732855244800,3812348972120826
2,0,2342,1789633732855256064,3812348972131426
2,0,2343,1789633732855266304,3812348972142010
2,0,2344,1789633732855276544,3812348972152601
2,0,2345,1789633732855287808,3812348972163154
2,0,2346,1789633732855298048,3812348972173781
2,0,2347,1789633732855308288,3812348972184357
2,0,2348,1789633732855319552,3812348972194960
2,0,2349,1789633732855329792,3812348972205531
2,0,2350,1789633732855340032,3812348972216114
2,0,2351,1789633732855351296,3812348972226687
2,0,2352,1789633732855361536,3812348972237261
2,0,2353,1789633732855371776,3812348972247901
2,0,2354,1789633732855383040,3812348972258486
2,0,2355,1789633732855393280,3812348972269087
2,0,2356,1789633732855403520,3812348972279663
2,0,2357,1789633732855414784,3812348972290241
2,0,2358,1789633732855425024,3812348972300813
2,0,2359,1789633732855435264,3812348972311398
2,0,2360,1789633732855446528,3812348972322160
2,0,2361,1789633732855456768,3812348972332726
2,0,2362,1789633732855468032,3812348972343290
2,0,2363,1789633732855478272,3812348972353854
2,0,2364,1789633732855488512,3812348972364421
2,0,2365,1789633732855499776,3812348972375007
2,0,2366,1789633732855510016,3812348972385580
2,0,2367,1789633732855520256,3812348972396283
2,0,2368,1789633732855531520,3812348972406844
2,0,2369,1789633732855541760,3812348972417428
2,0,2370,1789633732855552000,3812348972427988
2,0,2371,1789633732855563264,3812348972438551
2,0,2372,1789633732855573504,3812348972449084
2,0,2373,1789633732855583744,3812348972459661
2,0,2374,1789633732855595008,3812348972470287
2,0,2375,1789633732855605248,3812348972480878
2,0,2376,1789633732855615488,3812348972491528
2,0,2377,1789633732855626752,3812348972502060
2,0,2378,1789633732855636992,3812348972512647
2,0,2379,1789633732855647232,3812348972523208
2,0,2380,1789633732855658496,3812348972533786
2,0,2381,1789633732855668736,3812348972544423
2,0,2382,1789633732855678976,3812348972554997
2,0,2383,1789633732855690240,3812348972565626
2,0,2384,1789633732855700480,3812348972576203
2,0,2385,1789633732855710720,3812348972586774
2,0,2386,1789633732855721984,3812348972597341
2,0,2387,1789633732855732224,3812348972607968
2,0,2388,1789633732855742464,3812348972618564
2,0,2389,1789633732855753728,3812348972629133
2,0,2390,1789633732855763968,3812348972639706
2,0,2391,1789633732855774208,3812348972650287
2,0,2392,1789633732855785472,3812348972660921
2,0,2393,1789633732855795712,3812348972671517
2,0,2394,1789633732855805952,3812348972682107
2,0,2395,1789633732855817216,3812348972692810
2,0,2396,1789633732855827456,3812348972703401
2,0,2397,1789633732855838720,3812348972713954
2,0,2398,1789633732855848960,3812348972724528
2,0,2399,1789633732855859200,3812348972735045
2,0,2400,1789633732855869440,3812348972745567
2,0,2401,1789633732855880704,3812348972756164
2,0,2402,1789633732855890944,3812348972766818
2,0,2403,1789633732855902208,3812348972777397
2,0,2404,1789633732855912448,3812348972787936
2,0,2405,1789633732855922688,3812348972798516
2,0,2406,1789633732855932928,3812348972809058
2,0,2407,1789633732855944192,3812348972819637
2,0,2408,1789633732855954432,3812348972830264
2,0,2409,1789633732855964672,3812348972840955
2,0,2410,1789633732855975936,3812348972851537
2,0,2411,1789633732855986176,3812348972862144
2,0,2412,1789633732855997440,3812348972872731
2,0,2413,1789633732856007680,3812348972883304
2,0,2414,1789633732856017920,3812348972893873
2,0,2415,1789633732856029184,3812348972904410
2,0,2416,1789633732856039424,3812348972915093
2,0,2417,1789633732856049664,3812348972925676
2,0,2418,1789633732856060928,3812348972936275
2,0,2419,1789633732856071168,3812348972946875
2,0,2420,1789633732856081408,3812348972957467
2,0,2421,1789633732856092672,3812348972968063
2,0,2422,1789633732856102912,3812348972978658
2,0,2423,1789633732856113152,3812348972989358
2,0,2424,1789633732856124416,3812348972999944
2,0,2425,1789633732856134656,3812348973010483
2,0,2426,1789633732856144896,3812348973021063
2,0,2427,1789633732856156160,3812348973031631
2,0,2428,1789633732856166400,3812348973042218
2,0,2429,1789633732856176640,3812348973052768
2,0,2430,1789633732856187904,3812348973063477
2,0,2431,1789633732856198144,3812348973074100
2,0,2432,1789633732856209408,3812348973084806
2,0,2433,1789633732856219648,3812348973095396
2,0,2434,1789633732856229888,3812348973106011
2,0,2435,1789633732856241152,3812348973116568
2,0,2436,1789633732856251392,3812348973127155
2,0,2437,1789633732856261632,3812348973137736
2,0,2438,1789633732856272896,3812348973148298
2,0,2439,1789633732856283136,3812348973158931
2,0,2440,1789633732856293376,3812348973169515
2,0,2441,1789633732856304640,3812348973180133
2,0,2442,1789633732856314880,3812348973190730
2,0,2443,1789633732856325120,3812348973201300
2,0,2444,1789633732856336384,3812348973211843
2,0,2445,1789633732856346624,3812348973222456
2,0,2446,1789633732856357888,3812348973233196
2,0,2447,1789633732856368128,3812348973243763
2,0,2448,1789633732856378368,3812348973254331
2,0,2449,1789633732856389632,3812348973264870
2,0,2450,1789633732856399872,3812348973275451
2,0,2451,1789633732856410112,3812348973286000
2,0,2452,1789633732856420352,3812348973296543
2,0,2453,1789633732856431616,3812348973307197
2,0,2454,1789633732856441856,3812348973317795
2,0,2455,1789633732856453120,3812348973328396
2,0,2456,1789633732856463360,3812348973338968
2,0,2457,1789633732856473600,3812348973349608
2,0,2458,1789633732856484864,3812348973360150
2,0,2459,1789633732856495104,3812348973370723
2,0,2460,1789633732856505344,3812348973381320
2,0,2461,1789633732856516608,3812348973391897
2,0,2462,1789633732856526848,3812348973402541
2,0,2463,1789633732856537088,3812348973413104
2,0,2464,1789633732856548352,3812348973423686
2,0,2465,1789633732856558592,3812348973434266
2,0,2466,1789633732856568832,3812348973444876
2,0,2467,1789633732856580096,3812348973455463
2,0,2468,1789633732856590336,3812348973466027
2,0,2469,1789633732856600576,3812348973476600
2,0,2470,1789633732856611840,3812348973487126
2,0,2471,1789633732856622080,3812348973497716
2,0,2472,1789633732856632320,3812348973508288
2,0,2473,1789633732856643584,3812348973518858
2,0,2474,1789633732856653824,3812348973529408
2,0,2475,1789633732856664064,3812348973539978
2,0,2476,1789633732856675328,3812348973550530
2,0,2477,1789633732856685568,3812348973561074
2,0,2478,1789633732856695808,3812348973571658
2,0,2479,1789633732856706048,3812348973582407
2,0,2480,1789633732856717312,3812348973592996
2,0,2481,1789633732856727552,3812348973603534
2,0,2482,1789633732856738816,3812348973614115
2,0,2483,1789633732856749056,3812348973624676
2,0,2484,1789633732856759296,3812348973635238
2,0,2485,1789633732856770560,3812348973645784
2,0,2486,1789633732856780800,3812348973656543
2,0,2487,1789633732856791040,3812348973667123
2,0,2488,1789633732856802304,3812348973677700
2,0,2489,1789633732856812544,3812348973688288
2,0,2490,1789633732856822784,3812348973698908
2,0,2491,1789633732856834048,3812348973709500
2,0,2492,1789633732856844288,3812348973720128
2,0,2493,1789633732856854528,3812348973730751
2,0,2494,1789633732856865792,3812348973741336
2,0,2495,1789633732856876032,3812348973751994
2,0,2496,1789633732856887296,3812348973762568
2,0,2497,1789633732856897536,3812348973773147
2,0,2498,1789633732856907776,3812348973783737
2,0,2499,1789633732856919040,3812348973794343
2,0,2500,1789633732856929280,3812348973804963
2,0,2501,1789633732856939520,3812348973815525
2,0,2502,1789633732856950784,3812348973826273
2,0,2503,1789633732856961024,3812348973836833
2,0,2504,1789633732856971264,3812348973847584
2,0,2505,1789633732856982528,3812348973858162
2,0,2506,1789633732856992768,3812348973868783
2,0,2507,1789633732857004032,3812348973879354
2,0,2508,1789633732857014272,3812348973889923
2,0,2509,1789633732857024512,3812348973900544
2,0,2510,1789633732857035776,3812348973911123
2,0,2511,1789633732857046016,3812348973921868
2,0,2512,1789633732857056256,3812348973932463
2,0,2513,1789633732857067520,3812348973943153
2,0,2514,1789633732857077760,3812348973953724
2,0,2515,1789633732857089024,3812348973964377
2,0,2516,1789633732857099264,3812348973974953
2,0,2517,1789633732857109504,3812348973985533
2,0,2518,1789633732857120768,3812348973996111
2,0,2519,1789633732857131008,3812348974006710
2,0,2520,1789633732857141248,3812348974017447
2,0,2521,1789633732857152512,3812348974028023
2,0,2522,1789633732857162752,3812348974038761
2,0,2523,1789633732857174016,3812348974049351
2,0,2524,1789633732857184256,3812348974059951
2,0,2525,1789633732857194496,3812348974070525
2,0,2526,1789633732857205760,3812348974081111
2,0,2527,1789633732857216000,3812348974091664
2,0,2528,1789633732857226240,3812348974102260
2,0,2529,1789633732857237504,3812348974112883
2,0,2530,1789633732857247744,3812348974123474
2,0,2531,1789633732857257984,3812348974134082
2,0,2532,1789633732857269248,3812348974144638
2,0,2533,1789633732857279488,3812348974155232
2,0,2534,1789633732857289728,3812348974165764
2,0,2535,1789633732857300992,3812348974176380
2,0,2536,1789633732857311232,3812348974187023
2,0,2537,1789633732857321472,3812348974197553
2,0,2538,1789633732857332736,3812348974208152
2,0,2539,1789633732857342976,3812348974218757
2,0,2540,1789633732857353216,3812348974229360
2,0,2541,1789633732857364480,3812348974239890
2,0,2542,1789633732857374720,3812348974250468
2,0,2543,1789633732857384960,3812348974261135
2,0,2544,1789633732857396224,3812348974271733
2,0,2545,1789633732857406464,3812348974282264
2,0,2546,1789633732857416704,3812348974292833
2,0,2547,1789633732857427968,3812348974303397
2,0,2548,1789633732857438208,3812348974313937
2,0,2549,1789633732857448448,3812348974324523
2,0,2550,1789633732857459712,3812348974335277
2,0,2551,1789633732857469952,3812348974345885
2,0,2552,1789633732857481216,3812348974356478
2,0,2553,1789633732857491456,3812348974367020
2,0,2554,1789633732857501696,3812348974377627
2,0,2555,1789633732857512960,3812348974388143
2,0,2556,1789633732857523200,3812348974398745
2,0,2557,1789633732857533440,3812348974409422
2,0,2558,1789633732857544704,3812348974420007
2,0,2559,1789633732857554944,3812348974430621
2,0,2560,1789633732857565184,3812348974441231
2,0,2561,1789633732857576448,3812348974451813
2,0,2562,1789633732857586688,3812348974462355
2,0,2563,1789633732857596928,3812348974472943
2,0,2564,1789633732857608192,3812348974483567
2,0,2565,1789633732857618432,3812348974494187
2,0,2566,1789633732857628672,3812348974504712
2,0,2567,1789633732857639936,3812348974515280
2,0,2568,1789633732857650176,3812348974525862
2,0,2569,1789633732857660416,3812348974536435
2,0,2570,1789633732857671680,3812348974547042
2,0,2571,1789633732857681920,3812348974557694
2,0,2572,1789633732857692160,3812348974568271
2,0,2573,1789633732857703424,3812348974578911
2,0,2574,1789633732857713664,3812348974589494
2,0,2575,1789633732857723904,3812348974600118
2,0,2576,1789633732857735168,3812348974610724
2,0,2577,1789633732857745408,3812348974621312
2,0,2578,1789633732857756672,3812348974631964
2,0,2579,1789633732857766912,3812348974642554
2,0,2580,1789633732857777152,3812348974653308
2,0,2581,1789633732857788416,3812348974663917
2,0,2582,1789633732857798656,3812348974674484
2,0,2583,1789633732857808896,3812348974685048
2,0,2584,1789633732857820160,3812348974695631
2,0,2585,1789633732857830400,3812348974706221
2,0,2586,1789633732857840640,3812348974716804
2,0,2587,1789633732857851904,3812348974727534
2,0,2588,1789633732857862144,3812348974738150
2,0,2589,1789633732857873408,3812348974748865
2,0,2590,1789633732857883648,3812348974759471
2,0,2591,1789633732857893888,3812348974770081
2,0,2592,1789633732857905152,3812348974780638
2,0,2593,1789633732857915392,3812348974791225
2,0,2594,1789633732857925632,3812348974801801
2,0,2595,1789633732857936896,3812348974812392
2,0,2596,1789633732857947136,3812348974823005
2,0,2597,1789633732857957376,3812348974833584
2,0,2598,1789633732857968640,3812348974844221
2,0,2599,1789633732857978880,3812348974854775
2,0,2600,1789633732857989120,3812348974865358
2,0,2601,1789633732858000384,3812348974875915
2,0,2602,1789633732858010624,3812348974886494
2,0,2603,1789633732858020864,3812348974897143
2,0,2604,1789633732858032128,3812348974907725
2,0,2605,1789633732858042368,3812348974918334
2,0,2606,1789633732858053632,3812348974928895
2,0,2607,1789633732858063872,3812348974939518
2,0,2608,1789633732858074112,3812348974950068
2,0,2609,1789633732858085376,3812348974960678
2,0,2610,1789633732858095616,3812348974971273
2,0,2611,1789633732858105856,3812348974981848
2,0,2612,1789633732858117120,3812348974992471
2,0,2613,1789633732858127360,3812348975003123
2,0,2614,1789633732858137600,3812348975013781
2,0,2615,1789633732858148864,3812348975024374
2,0,2616,1789633732858159104,3812348975035008
2,0,2617,1789633732858169344,3812348975045551
2,0,2618,1789633732858180608,3812348975056111
2,0,2619,1789633732858190848,3812348975066864
2,0,2620,1789633732858202112,3812348975077454
2,0,2621,1789633732858212352,3812348975088068
2,0,2622,1789633732858222592,3812348975098615
2,0,2623,1789633732858233856,3812348975109204
2,0,2624,1789633732858244096,3812348975119794
2,0,2625,1789633732858254336,3812348975130430
2,0,2626,1789633732858265600,3812348975141122
2,0,2627,1789633732858275840,3812348975151731
2,0,2628,1789633732858286080,3812348975162461
2,0,2629,1789633732858297344,3812348975173128
2,0,2630,1789633732858307584,3812348975183671
2,0,2631,1789633732858318848,3812348975194216
2,0,2632,1789633732858329088,3812348975204841
2,0,2633,1789633732858339328,3812348975215418
2,0,2634,1789633732858350592,3812348975226041
2,0,2635,1789633732858360832,3812348975236731
2,0,2636,1789633732858371072,3812348975247324
2,0,2637,1789633732858382336,3812348975258034
2,0,2638,1789633732858392576,3812348975268640
2,0,2639,1789633732858403840,3812348975279245
2,0,2640,1789633732858414080,3812348975289833
2,0,2641,1789633732858424320,3812348975300438
2,0,2642,1789633732858435584,3812348975311034
2,0,2643,1789633732858445824,3812348975321634
2,0,2644,1789633732858456064,3812348975332305
2,0,2645,1789633732858467328,3812348975342943
2,0,2646,1789633732858477568,3812348975353640
2,0,2647,1789633732858488832,3812348975364278
2,0,2648,1789633732858499072,3812348975374871
2,0,2649,1789633732858509312,3812348975385483
2,0,2650,1789633732858520576,3812348975396121
2,0,2651,1789633732858530816,3812348975406731
2,0,2652,1789633732858542080,3812348975417363
2,0,2653,1789633732858552320,3812348975427952
2,0,2654,1789633732858562560,3812348975438568
2,0,2655,1789633732858573824,3812348975449224
2,0,2656,1789633732858584064,3812348975459864
2,0,2657,1789633732858594304,3812348975470454
2,0,2658,1789633732858605568,3812348975481015
2,0,2659,1789633732858615808,3812348975491605
2,0,2660,1789633732858626048,3812348975502158
2,0,2661,1789633732858637312,3812348975512748
2,0,2662,1789633732858647552,3812348975523354
2,0,2663,1789633732858657792,3812348975533996
2,0,2664,1789633732858669056,3812348975544554
2,0,2665,1789633732858679296,3812348975555205
2,0,2666,1789633732858689536,3812348975565753
2,0,2667,1789633732858700800,3812348975576328
2,0,2668,1789633732858711040,3812348975586888
2,0,2669,1789633732858721280,3812348975597615
2,0,2670,1789633732858732544,3812348975608207
2,0,2671,1789633732858742784,3812348975618771
2,0,2672,1789633732858754048,3812348975629388
2,0,2673,1789633732858764288,3812348975639984
2,0,2674,1789633732858774528,3812348975650554
2,0,2675,1789633732858785792,3812348975661185
2,0,2676,1789633732858796032,3812348975671761
2,0,2677,1789633732858806272,3812348975682368
2,0,2678,1789633732858817536,3812348975693074
2,0,2679,1789633732858827776,3812348975703670
2,0,2680,1789633732858839040,3812348975714271
2,0,2681,1789633732858849280,3812348975724894
2,0,2682,1789633732858859520,3812348975735458
2,0,2683,1789633732858870784,3812348975746055
2,0,2684,1789633732858881024,3812348975756635
2,0,2685,1789633732858891264,3812348975767347
2,0,2686,1789633732858902528,3812348975777944
2,0,2687,1789633732858912768,3812348975788671
2,0,2688,1789633732858923008,3812348975799255
2,0,2689,1789633732858934272,3812348975809878
2,0,2690,1789633732858944512,3812348975820431
2,0,2691,1789633732858954752,3812348975830968
2,0,2692,1789633732858966016,3812348975841541
2,0,2693,1789633732858976256,3812348975852115
2,0,2694,1789633732858986496,3812348975862794
2,0,2695,1789633732858997760,3812348975873384
2,0,2696,1789633732859008000,3812348975884005
2,0,2697,1789633732859019264,3812348975894558
2,0,2698,1789633732859029504,3812348975905204
2,0,2699,1789633732859039744,3812348975915775
2,0,2700,1789633732859051008,3812348975926360
2,0,2701,1789633732859061248,3812348975937068
2,0,2702,1789633732859071488,3812348975947632
2,0,2703,1789633732859082752,3812348975958388
2,0,2704,1789633732859092992,3812348975968981
2,0,2705,1789633732859104256,3812348975979585
2,0,2706,1789633732859114496,3812348975990124
2,0,2707,1789633732859124736,3812348976000683
2,0,2708,1789633732859136000,3812348976011264
2,0,2709,1789633732859146240,3812348976021828
2,0,2710,1789633732859156480,3812348976032520
2,0,2711,1789633732859167744,3812348976043128
2,0,2712,1789633732859177984,3812348976053724
2,0,2713,1789633732859188224,3812348976064268
2,0,2714,1789633732859199488,3812348976074865
2,0,2715,1789633732859209728,3812348976085432
2,0,2716,1789633732859219968,3812348976096015
2,0,2717,1789633732859231232,3812348976106654
2,0,2718,1789633732859241472,3812348976117234
2,0,2719,1789633732859251712,3812348976127852
2,0,2720,1789633732859262976,3812348976138418
2,0,2721,1789633732859273216,3812348976149031
2,0,2722,1789633732859283456,3812348976159614
2,0,2723,1789633732859294720,3812348976170244
2,0,2724,1789633732859304960,3812348976180920
2,0,2725,1789633732859316224,3812348976191533
2,0,2726,1789633732859326464,3812348976202021
2,0,2727,1789633732859336704,3812348976212604
2,0,2728,1789633732859346944,3812348976223188
2,0,2729,1789633732859358208,3812348976233724
2,0,2730,1789633732859368448,3812348976244358
2,0,2731,1789633732859378688,3812348976255053
2,0,2732,1789633732859389952,3812348976265661
2,0,2733,1789633732859400192,3812348976276372
2,0,2734,1789633732859411456,3812348976286978
2,0,2735,1789633732859421696,3812348976297521
2,0,2736,1789633732859431936,3812348976308055
2,0,2737,1789633732859443200,3812348976318658
2,0,2738,1789633732859453440,3812348976329265
2,0,2739,1789633732859463680,3812348976339868
2,0,2740,1789633732859474944,3812348976350505
2,0,2741,1789633732859485184,3812348976361113
2,0,2742,1789633732859496448,3812348976371715
2,0,2743,1789633732859506688,3812348976382281
2,0,2744,1789633732859516928,3812348976392864
2,0,2745,1789633732859527168,3812348976403464
2,0,2746,1789633732859538432,3812348976414083
2,0,2747,1789633732859548672,3812348976424789
2,0,2748,1789633732859559936,3812348976435421
2,0,2749,1789633732859570176,3812348976446101
2,0,2750,1789633732859580416,3812348976456695
2,0,2751,1789633732859591680,3812348976467294
2,0,2752,1789633732859601920,3812348976477908
2,0,2753,1789633732859613184,3812348976488514
2,0,2754,1789633732859623424,3812348976499118
2,0,2755,1789633732859633664,3812348976509694
2,0,2756,1789633732859644928,3812348976520373
2,0,2757,1789633732859655168,3812348976530975
2,0,2758,1789633732859665408,3812348976541681
2,0,2759,1789633732859676672,3812348976552310
2,0,2760,1789633732859686912,3812348976562884
2,0,2761,1789633732859698176,3812348976573534
2,0,2762,1789633732859708416,3812348976584161
2,0,2763,1789633732859718656,3812348976594788
2,0,2764,1789633732859729920,3812348976605405
2,0,2765,1789633732859740160,3812348976615991
2,0,2766,1789633732859750400,3812348976626601
2,0,2767,1789633732859761664,3812348976637275
2,0,2768,1789633732859771904,3812348976647881
2,0,2769,1789633732859783168,3812348976658488
2,0,2770,1789633732859793408,3812348976669118
2,0,2771,1789633732859803648,3812348976679729
2,0,2772,1789633732859814912,3812348976690365
2,0,2773,1789633732859825152,3812348976700958
2,0,2774,1789633732859835392,3812348976711574
2,0,2775,1789633732859846656,3812348976722165
2,0,2776,1789633732859856896,3812348976732874
2,0,2777,1789633732859868160,3812348976743475
2,0,2778,1789633732859878400,3812348976754084
2,0,2779,1789633732859888640,3812348976764721
2,0,2780,1789633732859899904,3812348976775374
2,0,2781,1789633732859910144,3812348976786015
2,0,2782,1789633732859920384,3812348976796599
2,0,2783,1789633732859931648,3812348976807201
2,0,2784,1789633732859941888,3812348976817784
2,0,2785,1789633732859952128,3812348976828465
2,0,2786,1789633732859963392,3812348976839066
2,0,2787,1789633732859973632,3812348976849661
2,0,2788,1789633732859984896,3812348976860284
2,0,2789,1789633732859995136,3812348976870903
2,0,2790,1789633732860005376,3812348976881534
2,0,2791,1789633732860016640,3812348976892134
2,0,2792,1789633732860026880,3812348976902764
2,0,2793,1789633732860037120,3812348976913369
2,0,2794,1789633732860048384,3812348976924048
2,0,2795,1789633732860058624,3812348976934664
2,0,2796,1789633732860069888,3812348976945318
2,0,2797,1789633732860080128,3812348976955958
2,0,2798,1789633732860090368,3812348976966561
2,0,2799,1789633732860101632,3812348976977204
2,0,2800,1789633732860111872,3812348976987781
2,0,2801,1789633732860122112,3812348976998359
2,0,2802,1789633732860133376,3812348977008915
2,0,2803,1789633732860143616,3812348977019644
2,0,2804,1789633732860154880,3812348977030233
2,0,2805,1789633732860165120,3812348977040834
2,0,2806,1789633732860175360,3812348977051402
2,0,2807,1789633732860186624,3812348977061995
2,0,2808,1789633732860196864,3812348977072601
2,0,2809,1789633732860207104,3812348977083135
2,0,2810,1789633732860218368,3812348977093775
2,0,2811,1789633732860228608,3812348977104359
2,0,2812,1789633732860238848,3812348977114976
2,0,2813,1789633732860250112,3812348977125564
2,0,2814,1789633732860260352,3812348977136164
2,0,2815,1789633732860270592,3812348977146751
2,0,2816,1789633732860281856,3812348977157354
2,0,2817,1789633732860292096,3812348977168035
2,0,2818,1789633732860302336,3812348977178594
2,0,2819,1789633732860313600,3812348977189365
2,0,2820,1789633732860323840,3812348977199955
2,0,2821,1789633732860335104,3812348977210554
2,0,2822,1789633732860345344,3812348977221158
2,0,2823,1789633732860355584,3812348977231758
2,0,2824,1789633732860366848,3812348977242365
2,0,2825,1789633732860377088,3812348977253001
2,0,2826,1789633732860387328,3812348977263649
2,0,2827,1789633732860398592,3812348977274254
2,0,2828,1789633732860408832,3812348977284954
2,0,2829,1789633732860420096,3812348977295558
2,0,2830,1789633732860430336,3812348977306174
2,0,2831,1789633732860440576,3812348977316807
2,0,2832,1789633732860451840,3812348977327392
2,0,2833,1789633732860462080,3812348977338015
2,0,2834,1789633732860472320,3812348977348591
2,0,2835,1789633732860483584,3812348977359249
2,0,2836,1789633732860493824,3812348977369888
2,0,2837,1789633732860505088,3812348977380549
2,0,2838,1789633732860515328,3812348977391175
2,0,2839,1789633732860525568,3812348977401804
2,0,2840,1789633732860536832,3812348977412364
2,0,2841,1789633732860547072,3812348977422975
2,0,2842,1789633732860557312,3812348977433604
2,0,2843,1789633732860568576,3812348977444204
2,0,2844,1789633732860578816,3812348977454844
2,0,2845,1789633732860590080,3812348977465509
2,0,2846,1789633732860600320,3812348977476311
2,0,2847,1789633732860611584,3812348977486935
2,0,2848,1789633732860621824,3812348977497594
2,0,2849,1789633732860632064,3812348977508198
2,0,2850,1789633732860643328,3812348977518833
2,0,2851,1789633732860653568,3812348977529459
2,0,2852,1789633732860663808,3812348977540038
2,0,2853,1789633732860675072,3812348977550614
2,0,2854,1789633732860685312,3812348977561245
2,0,2855,1789633732860695552,3812348977571884
2,0,2856,1789633732860706816,3812348977582509
2,0,2857,1789633732860717056,3812348977593194
2,0,2858,1789633732860728320,3812348977603815
2,0,2859,1789633732860738560,3812348977614458
2,0,2860,1789633732860748800,3812348977625046
2,0,2861,1789633732860760064,3812348977635708
2,0,2862,1789633732860770304,3812348977646295
2,0,2863,1789633732860781568,3812348977656901
2,0,2864,1789633732860791808,3812348977667508
2,0,2865,1789633732860802048,3812348977678118
2,0,2866,1789633732860813312,3812348977688774
2,0,2867,1789633732860823552,3812348977699416
2,0,2868,1789633732860833792,3812348977710036
2,0,2869,1789633732860845056,3812348977720674
2,0,2870,1789633732860855296,3812348977731315
2,0,2871,1789633732860866560,3812348977741882
2,0,2872,1789633732860876800,3812348977752485
2,0,2873,1789633732860887040,3812348977763134
2,0,2874,1789633732860898304,3812348977773722
2,0,2875,1789633732860908544,3812348977784368
2,0,2876,1789633732860918784,3812348977794964
2,0,2877,1789633732860930048,3812348977805615
2,0,2878,1789633732860940288,3812348977816209
2,0,2879,1789633732860950528,3812348977826835
2,0,2880,1789633732860961792,3812348977837391
2,0,2881,1789633732860972032,3812348977848001
2,0,2882,1789633732860982272,3812348977858651
2,0,2883,1789633732860993536,3812348977869266
2,0,2884,1789633732861003776,3812348977879968
2,0,2885,1789633732861015040,3812348977890605
2,0,2886,1789633732861025280,3812348977901239
2,0,2887,1789633732861036544,3812348977911872
2,0,2888,1789633732861046784,3812348977922525
2,0,2889,1789633732861057024,3812348977933128
2,0,2890,1789633732861068288,3812348977943764
2,0,2891,1789633732861078528,3812348977954355
2,0,2892,1789633732861088768,3812348977964947
2,0,2893,1789633732861100032,3812348977975719
2,0,2894,1789633732861110272,3812348977986328
2,0,2895,1789633732861121536,3812348977997011
2,0,2896,1789633732861131776,3812348978007614
2,0,2897,1789633732861142016,3812348978018256
2,0,2898,1789633732861153280,3812348978028902
2,0,2899,1789633732861163520,3812348978039534
2,0,2900,1789633732861174784,3812348978050151
2,0,2901,1789633732861185024,3812348978060755
2,0,2902,1789633732861195264,3812348978071311
2,0,2903,1789633732861206528,3812348978081912
2,0,2904,1789633732861216768,3812348978092608
2,0,2905,1789633732861227008,3812348978103234
2,0,2906,1789633732861238272,3812348978113804
2,0,2907,1789633732861248512,3812348978124404
2,0,2908,1789633732861258752,3812348978134994
2,0,2909,1789633732861270016,3812348978145575
2,0,2910,1789633732861280256,3812348978156222
2,0,2911,1789633732861290496,3812348978166874
2,0,2912,1789633732861301760,3812348978177461
2,0,2913,1789633732861312000,3812348978188021
2,0,2914,1789633732861323264,3812348978198625
2,0,2915,1789633732861333504,3812348978209231
2,0,2916,1789633732861343744,3812348978219844
2,0,2917,1789633732861355008,3812348978230489
2,0,2918,1789633732861365248,3812348978241094
2,0,2919,1789633732861375488,3812348978251742
2,0,2920,1789633732861386752,3812348978262474
2,0,2921,1789633732861396992,3812348978273122
2,0,2922,1789633732861408256,3812348978283805
2,0,2923,1789633732861418496,3812348978294374
2,0,2924,1789633732861428736,3812348978304998
2,0,2925,1789633732861440000,3812348978315535
2,0,2926,1789633732861450240,3812348978326131
2,0,2927,1789633732861460480,3812348978336684
2,0,2928,1789633732861471744,3812348978347326
2,0,2929,1789633732861481984,3812348978358054
2,0,2930,1789633732861493248,3812348978368665
2,0,2931,1789633732861503488,3812348978379365
2,0,2932,1789633732861513728,3812348978389968
2,0,2933,1789633732861524992,3812348978400572
2,0,2934,1789633732861535232,3812348978411124
2,0,2935,1789633732861545472,3812348978421715
2,0,2936,1789633732861556736,3812348978432273
2,0,2937,1789633732861566976,3812348978442935
2,0,2938,1789633732861577216,3812348978453638
2,0,2939,1789633732861588480,3812348978464245
2,0,2940,1789633732861598720,3812348978474964
2,0,2941,1789633732861609984,3812348978485565
2,0,2942,1789633732861620224,3812348978496168
2,0,2943,1789633732861630464,3812348978506728
2,0,2944,1789633732861641728,3812348978517275
2,0,2945,1789633732861651968,3812348978527888
2,0,2946,1789633732861662208,3812348978538519
2,0,2947,1789633732861673472,3812348978549259
2,0,2948,1789633732861683712,3812348978559901
2,0,2949,1789633732861694976,3812348978570558
2,0,2950,1789633732861705216,3812348978581158
2,0,2951,1789633732861715456,3812348978591808
2,0,2952,1789633732861726720,3812348978602414
2,0,2953,1789633732861736960,3812348978613132
2,0,2954,1789633732861748224,3812348978623688
2,0,2955,1789633732861758464,3812348978634301
2,0,2956,1789633732861768704,3812348978644888
2,0,2957,1789633732861779968,3812348978655541
2,0,2958,1789633732861790208,3812348978666144
2,0,2959,1789633732861800448,3812348978676758
2,0,2960,1789633732861811712,3812348978687344
2,0,2961,1789633732861821952,3812348978697952
2,0,2962,1789633732861833216,3812348978708552
2,0,2963,1789633732861843456,3812348978719142
2,0,2964,1789633732861853696,3812348978729744
2,0,2965,1789633732861864960,3812348978740402
2,0,2966,1789633732861875200,3812348978750994
2,0,2967,1789633732861885440,3812348978761741
2,0,2968,1789633732861896704,3812348978772334
2,0,2969,1789633732861906944,3812348978782961
2,0,2970,1789633732861918208,3812348978793555
2,0,2971,1789633732861928448,3812348978804124
2,0,2972,1789633732861938688,3812348978814705
2,0,2973,1789633732861949952,3812348978825264
2,0,2974,1789633732861960192,3812348978836027
2,0,2975,1789633732861970432,3812348978846637
2,0,2976,1789633732861981696,3812348978857335
2,0,2977,1789633732861991936,3812348978867961
2,0,2978,1789633732862003200,3812348978878539
2,0,2979,1789633732862013440,3812348978889115
2,0,2980,1789633732862023680,3812348978899674
2,0,2981,1789633732862034944,3812348978910278
2,0,2982,1789633732862045184,3812348978920838
2,0,2983,1789633732862055424,3812348978931531
2,0,2984,1789633732862066688,3812348978942048
2,0,2985,1789633732862076928,3812348978952671
2,0,2986,1789633732862087168,3812348978963264
2,0,2987,1789633732862098432,3812348978973845
2,0,2988,1789633732862108672,3812348978984448
2,0,2989,1789633732862118912,3812348978995008
2,0,2990,1789633732862130176,3812348979005718
2,0,2991,1789633732862140416,3812348979016312
2,0,2992,1789633732862150656,3812348979027051
2,0,2993,1789633732862161920,3812348979037604
2,0,2994,1789633732862172160,3812348979048185
2,0,2995,1789633732862183424,3812348979058764
2,0,2996,1789633732862193664,3812348979069405
2,0,2997,1789633732862203904,3812348979079968
2,0,2998,1789633732862215168,3812348979090574
2,0,2999,1789633732862225408,3812348979101318
2,0,3000,1789633732862235648,3812348979111909
2,0,3001,1789633732862246912,3812348979122638
2,0,3002,1789633732862257152,3812348979133158
2,0,3003,1789633732862268416,3812348979143775
2,0,3004,1789633732862278656,3812348979154395
2,0,3005,1789633732862288896,3812348979165041
2,0,3006,1789633732862300160,3812348979175624
2,0,3007,1789633732862310400,3812348979186195
2,0,3008,1789633732862320640,3812348979196904
2,0,3009,1789633732862331904,3812348979207531
2,0,3010,1789633732862342144,3812348979218238
2,0,3011,1789633732862353408,3812348979228832
2,0,3012,1789633732862363648,3812348979239435
2,0,3013,1789633732862373888,3812348979250028
2,0,3014,1789633732862385152,3812348979260594
2,0,3015,1789633732862395392,3812348979271175
2,0,3016,1789633732862405632,3812348979281754
2,0,3017,1789633732862416896,3812348979292511
2,0,3018,1789633732862427136,3812348979303111
2,0,3019,1789633732862438400,3812348979313832
2,0,3020,1789633732862448640,3812348979324354
2,0,3021,1789633732862458880,3812348979334911
2,0,3022,1789633732862470144,3812348979345454
2,0,3023,1789633732862480384,3812348979356045
2,0,3024,1789633732862490624,3812348979366631
2,0,3025,1789633732862501888,3812348979377242
2,0,3026,1789633732862512128,3812348979387957
2,0,3027,1789633732862522368,3812348979398558
2,0,3028,1789633732862533632,3812348979409158
2,0,3029,1789633732862543872,3812348979419741
2,0,3030,1789633732862554112,3812348979430351
2,0,3031,1789633732862565376,3812348979440905
2,0,3032,1789633732862575616,3812348979451531
2,0,3033,1789633732862585856,3812348979462241
2,0,3034,1789633732862597120,3812348979472884
2,0,3035,1789633732862607360,3812348979483548
2,0,3036,1789633732862618624,3812348979494109
2,0,3037,1789633732862628864,3812348979504753
2,0,3038,1789633732862639104,3812348979515348
2,0,3039,1789633732862650368,3812348979525934
2,0,3040,1789633732862660608,3812348979536475
2,0,3041,1789633732862670848,3812348979547076
2,0,3042,1789633732862682112,3812348979557824
2,0,3043,1789633732862692352,3812348979568404
2,0,3044,1789633732862703616,3812348979579142
2,0,3045,1789633732862713856,3812348979589728
2,0,3046,1789633732862724096,3812348979600341
2,0,3047,1789633732862735360,3812348979610894
2,0,3048,1789633732862745600,3812348979621532
2,0,3049,1789633732862755840,3812348979632050
2,0,3050,1789633732862767104,3812348979642618
2,0,3051,1789633732862777344,3812348979653265
2,0,3052,1789633732862787584,3812348979663888
2,0,3053,1789633732862798848,3812348979674474
2,0,3054,1789633732862809088,3812348979685028
2,0,3055,1789633732862819328,3812348979695614
2,0,3056,1789633732862830592,3812348979706252
2,0,3057,1789633732862840832,3812348979716844
2,0,3058,1789633732862852096,3812348979727569
2,0,3059,1789633732862862336,3812348979738169
2,0,3060,1789633732862872576,3812348979748672
2,0,3061,1789633732862883840,3812348979759231
2,0,3062,1789633732862894080,3812348979769831
2,0,3063,1789633732862904320,3812348979780374
2,0,3064,1789633732862915584,3812348979790988
2,0,3065,1789633732862925824,3812348979801667
2,0,3066,1789633732862936064,3812348979812265
2,0,3067,1789633732862947328,3812348979822804
2,0,3068,1789633732862957568,3812348979833381
2,0,3069,1789633732862967808,3812348979843958
2,0,3070,1789633732862979072,3812348979854505
2,0,3071,1789633732862989312,3812348979865214
2,0,3072,1789633732862999552,3812348979875805
2,0,3073,1789633732863010816,3812348979886431
2,0,3074,1789633732863021056,3812348979897111
2,0,3075,1789633732863032320,3812348979907762
2,0,3076,1789633732863042560,3812348979918324
2,0,3077,1789633732863052800,3812348979928904
2,0,3078,1789633732863064064,3812348979939491
2,0,3079,1789633732863074304,3812348979950024
2,0,3080,1789633732863084544,3812348979960615
2,0,3081,1789633732863095808,3812348979971244
2,0,3082,1789633732863106048,3812348979981878
2,0,3083,1789633732863116288,3812348979992461
2,0,3084,1789633732863127552,3812348980003118
2,0,3085,1789633732863137792,3812348980013681
2,0,3086,1789633732863148032,3812348980024261
2,0,3087,1789633732863159296,3812348980034841
2,0,3088,1789633732863169536,3812348980045524
2,0,3089,1789633732863179776,3812348980056082
2,0,3090,1789633732863191040,3812348980066629
2,0,3091,1789633732863201280,3812348980077214
2,0,3092,1789633732863211520,3812348980087755
2,0,3093,1789633732863222784,3812348980098344
2,0,3094,1789633732863233024,3812348980108935
2,0,3095,1789633732863243264,3812348980119674
2,0,3096,1789633732863254528,3812348980130295
2,0,3097,1789633732863264768,3812348980140975
2,0,3098,1789633732863276032,3812348980151573
2,0,3099,1789633732863286272,3812348980162174
2,0,3100,1789633732863296512,3812348980172774
2,0,3101,1789633732863307776,3812348980183335
2,0,3102,1789633732863318016,3812348980193920
2,0,3103,1789633732863328256,3812348980204504
2,0,3104,1789633732863339520,3812348980215234
2,0,3105,1789633732863349760,3812348980225824
2,0,3106,1789633732863361024,3812348980236354
2,0,3107,1789633732863371264,3812348980246934
2,0,3108,1789633732863381504,3812348980257534
2,0,3109,1789633732863392768,3812348980268141
2,0,3110,1789633732863403008,3812348980278769
2,0,3111,1789633732863413248,3812348980289375
2,0,3112,1789633732863424512,3812348980299961
2,0,3113,1789633732863434752,3812348980310709
2,0,3114,1789633732863444992,3812348980321285
2,0,3115,1789633732863456256,3812348980331894
2,0,3116,1789633732863466496,3812348980342444
2,0,3117,1789633732863476736,3812348980353115
2,0,3118,1789633732863488000,3812348980363659
2,0,3119,1789633732863498240,3812348980374244
2,0,3120,1789633732863509504,3812348980384978
2,0,3121,1789633732863519744,3812348980395574
2,0,3122,1789633732863529984,3812348980406281
2,0,3123,1789633732863541248,3812348980416862
2,0,3124,1789633732863551488,3812348980427491
2,0,3125,1789633732863561728,3812348980438052
2,0,3126,1789633732863572992,3812348980448634
2,0,3127,1789633732863583232,3812348980459209
2,0,3128,1789633732863593472,3812348980469784
2,0,3129,1789633732863604736,3812348980480414
2,0,3130,1789633732863614976,3812348980491014
2,0,3131,1789633732863626240,3812348980501617
2,0,3132,1789633732863636480,3812348980512191
2,0,3133,1789633732863646720,3812348980522791
2,0,3134,1789633732863657984,3812348980533324
2,0,3135,1789633732863668224,3812348980543918
2,0,3136,1789633732863678464,3812348980554559
2,0,3137,1789633732863689728,3812348980565221
2,0,3138,1789633732863699968,3812348980575824
2,0,3139,1789633732863710208,3812348980586368
2,0,3140,1789633732863721472,3812348980597005
2,0,3141,1789633732863731712,3812348980607558
2,0,3142,1789633732863741952,3812348980618161
2,0,3143,1789633732863753216,3812348980628814
2,0,3144,1789633732863763456,3812348980639368
2,0,3145,1789633732863773696,3812348980649918
2,0,3146,1789633732863784960,3812348980660471
2,0,3147,1789633732863795200,3812348980671069
2,0,3148,1789633732863805440,3812348980681655
2,0,3149,1789633732863816704,3812348980692254
2,0,3150,1789633732863826944,3812348980702961
2,0,3151,1789633732863838208,3812348980713568
2,0,3152,1789633732863848448,3812348980724274
2,0,3153,1789633732863858688,3812348980734872
2,0,3154,1789633732863869952,3812348980745415
2,0,3155,1789633732863880192,3812348980756004
2,0,3156,1789633732863890432,3812348980766614
2,0,3157,1789633732863901696,3812348980777205
2,0,3158,1789633732863911936,3812348980787815
2,0,3159,1789633732863922176,3812348980798524
2,0,3160,1789633732863933440,3812348980809158
2,0,3161,1789633732863943680,3812348980819861
2,0,3162,1789633732863954944,3812348980830494
2,0,3163,1789633732863965184,3812348980841064
2,0,3164,1789633732863975424,3812348980851654
2,0,3165,1789633732863986688,3812348980862235
2,0,3166,1789633732863996928,3812348980872788
2,0,3167,1789633732864007168,3812348980883385
2,0,3168,1789633732864018432,3812348980893998
2,0,3169,1789633732864028672,3812348980904614
2,0,3170,1789633732864038912,3812348980915205
2,0,3171,1789633732864050176,3812348980925795
2,0,3172,1789633732864060416,3812348980936334
2,0,3173,1789633732864070656,3812348980946918
2,0,3174,1789633732864081920,3812348980957518
2,0,3175,1789633732864092160,3812348980968271
2,0,3176,1789633732864103424,3812348980978882
2,0,3177,1789633732864113664,3812348980989592
2,0,3178,1789633732864123904,3812348981000221
2,0,3179,1789633732864135168,3812348981010808
2,0,3180,1789633732864145408,3812348981021355
2,0,3181,1789633732864155648,3812348981031939
2,0,3182,1789633732864166912,3812348981042484
2,0,3183,1789633732864177152,3812348981053128
2,0,3184,1789633732864187392,3812348981063874
2,0,3185,1789633732864198656,3812348981074515
2,0,3186,1789633732864208896,3812348981085318
2,0,3187,1789633732864220160,3812348981095935
2,0,3188,1789633732864230400,3812348981106638
2,0,3189,1789633732864241664,3812348981117274
2,0,3190,1789633732864251904,3812348981127834
2,0,3191,1789633732864262144,3812348981138385
2,0,3192,1789633732864273408,3812348981149022
2,0,3193,1789633732864283648,3812348981159608
2,0,3194,1789633732864293888,3812348981170205
2,0,3195,1789633732864305152,3812348981180928
2,0,3196,1789633732864315392,3812348981191564
2,0,3197,1789633732864326656,3812348981202234
2,0,3198,1789633732864336896,3812348981212874
2,0,3199,1789633732864347136,3812348981223501
2,0,3200,1789633732864358400,3812348981234124
2,0,3201,1789633732864368640,3812348981244711
2,0,3202,1789633732864379904,3812348981255294
2,0,3203,1789633732864390144,3812348981265888
2,0,3204,1789633732864400384,3812348981276521
2,0,3205,1789633732864411648,3812348981287149
2,0,3206,1789633732864421888,3812348981297824
2,0,3207,1789633732864432128,3812348981308424
2,0,3208,1789633732864443392,3812348981319035
2,0,3209,1789633732864453632,3812348981329664
2,0,3210,1789633732864463872,3812348981340265
2,0,3211,1789633732864475136,3812348981350888
2,0,3212,1789633732864485376,3812348981361531
2,0,3213,1789633732864496640,3812348981372108
2,0,3214,1789633732864506880,3812348981382735
2,0,3215,1789633732864517120,3812348981393401
2,0,3216,1789633732864528384,3812348981404012
2,0,3217,1789633732864538624,3812348981414614
2,0,3218,1789633732864548864,3812348981425198
2,0,3219,1789633732864560128,3812348981435805
2,0,3220,1789633732864570368,3812348981446365
2,0,3221,1789633732864580608,3812348981456962
2,0,3222,1789633732864591872,3812348981467675
2,0,3223,1789633732864602112,3812348981478289
2,0,3224,1789633732864613376,3812348981489008
2,0,3225,1789633732864623616,3812348981499604
2,0,3226,1789633732864633856,3812348981510204
2,0,3227,1789633732864645120,3812348981520788
2,0,3228,1789633732864655360,3812348981531374
2,0,3229,1789633732864666624,3812348981542005
2,0,3230,1789633732864676864,3812348981552534
2,0,3231,1789633732864687104,3812348981563271
2,0,3232,1789633732864698368,3812348981573854
2,0,3233,1789633732864708608,3812348981586787
2,0,3234,1789633732864718848,3812348981595035
2,0,3235,1789633732864730112,3812348981605638
2,0,3236,1789633732864740352,3812348981616234
2,0,3237,1789633732864750592,3812348981626824
2,0,3238,1789633732864761856,3812348981637404
2,0,3239,1789633732864772096,3812348981647988
2,0,3240,1789633732864782336,3812348981658724
2,0,3241,1789633732864793600,3812348981669311
2,0,3242,1789633732864803840,3812348981679844
2,0,3243,1789633732864814080,3812348981690415
2,0,3244,1789633732864825344,3812348981700991
2,0,3245,1789633732864835584,3812348981711578
2,0,3246,1789633732864845824,3812348981722159
2,0,3247,1789633732864857088,3812348981732854
2,0,3248,1789633732864867328,3812348981743445
2,0,3249,1789633732864878592,3812348981754054
2,0,3250,1789633732864888832,3812348981764646
2,0,3251,1789633732864899072,3812348981775214
2,0,3252,1789633732864910336,3812348981785748
2,0,3253,1789633732864920576,3812348981796345
2,0,3254,1789633732864930816,3812348981806988
2,0,3255,1789633732864942080,3812348981817564
2,0,3256,1789633732864952320,3812348981828190
2,0,3257,1789633732864962560,3812348981838734
2,0,3258,1789633732864973824,3812348981849364
2,0,3259,1789633732864984064,3812348981859918
2,0,3260,1789633732864994304,3812348981870521
2,0,3261,1789633732865005568,3812348981881255
2,0,3262,1789633732865015808,3812348981891838
2,0,3263,1789633732865026048,3812348981902590
2,0,3264,1789633732865037312,3812348981913191
2,0,3265,1789633732865047552,3812348981923839
2,0,3266,1789633732865058816,3812348981934474
2,0,3267,1789633732865069056,3812348981945094
2,0,3268,1789633732865079296,3812348981955631
2,0,3269,1789633732865090560,3812348981966228
2,0,3270,1789633732865100800,3812348981976844
2,0,3271,1789633732865111040,3812348981987398
2,0,3272,1789633732865122304,3812348981997974
2,0,3273,1789633732865132544,3812348982008568
2,0,3274,1789633732865143808,3812348982019214
2,0,3275,1789633732865154048,3812348982029765
2,0,3276,1789633732865164288,3812348982040381
2,0,3277,1789633732865175552,3812348982050975
2,0,3278,1789633732865185792,3812348982061585
2,0,3279,1789633732865196032,3812348982072114
2,0,3280,1789633732865207296,3812348982082655
2,0,3281,1789633732865217536,3812348982093232
2,0,3282,1789633732865227776,3812348982103801
2,0,3283,1789633732865239040,3812348982114428
2,0,3284,1789633732865249280,3812348982125108
2,0,3285,1789633732865259520,3812348982135705
2,0,3286,1789633732865270784,3812348982146438
2,0,3287,1789633732865281024,3812348982157035
2,0,3288,1789633732865291264,3812348982167644
2,0,3289,1789633732865302528,3812348982178214
2,0,3290,1789633732865312768,3812348982188775
2,0,3291,1789633732865323008,3812348982199331
2,0,3292,1789633732865334272,3812348982209974
2,0,3293,1789633732865344512,3812348982220704
2,0,3294,1789633732865355776,3812348982231317
2,0,3295,1789633732865366016,3812348982242025
2,0,3296,1789633732865376256,3812348982252652
2,0,3297,1789633732865387520,3812348982263235
2,0,3298,1789633732865397760,3812348982273825
2,0,3299,1789633732865409024,3812348982284384
2,0,3300,1789633732865419264,3812348982294962
2,0,3301,1789633732865429504,3812348982305535
2,0,3302,1789633732865439744,3812348982316158
2,0,3303,1789633732865451008,3812348982326745
2,0,3304,1789633732865461248,3812348982337295
2,0,3305,1789633732865472512,3812348982347884
2,0,3306,1789633732865482752,3812348982358511
2,0,3307,1789633732865492992,3812348982369058
2,0,3308,1789633732865503232,3812348982379625
2,0,3309,1789633732865514496,3812348982390298
2,0,3310,1789633732865524736,3812348982400882
2,0,3311,1789633732865536000,3812348982411531
2,0,3312,1789633732865546240,3812348982422061
2,0,3313,1789633732865556480,3812348982432631
2,0,3314,1789633732865567744,3812348982443231
2,0,3315,1789633732865577984,3812348982453814
2,0,3316,1789633732865588224,3812348982464558
2,0,3317,1789633732865599488,3812348982475147
2,0,3318,1789633732865609728,3812348982485708
2,0,3319,1789633732865619968,3812348982496294
2,0,3320,1789633732865631232,3812348982506839
2,0,3321,1789633732865641472,3812348982517425
2,0,3322,1789633732865651712,3812348982528015
2,0,3323,1789633732865662976,3812348982538678
2,0,3324,1789633732865673216,3812348982549271
2,0,3325,1789633732865684480,3812348982560019
2,0,3326,1789633732865694720,3812348982570615
2,0,3327,1789633732865704960,3812348982581212
2,0,3328,1789633732865716224,3812348982591739
2,0,3329,1789633732865726464,3812348982602318
2,0,3330,1789633732865736704,3812348982612911
2,0,3331,1789633732865747968,3812348982623478
2,0,3332,1789633732865758208,3812348982634141
2,0,3333,1789633732865768448,3812348982644744
2,0,3334,1789633732865779712,3812348982655351
2,0,3335,1789633732865789952,3812348982665948
2,0,3336,1789633732865800192,3812348982676515
2,0,3337,1789633732865811456,3812348982687074
2,0,3338,1789633732865821696,3812348982697666
2,0,3339,1789633732865831936,3812348982708421
2,0,3340,1789633732865843200,3812348982719025
2,0,3341,1789633732865853440,3812348982729735
2,0,3342,1789633732865864704,3812348982740341
2,0,3343,1789633732865874944,3812348982750935
2,0,3344,1789633732865885184,3812348982761524
2,0,3345,1789633732865896448,3812348982772118
2,0,3346,1789633732865906688,3812348982782655
2,0,3347,1789633732865916928,3812348982793248
2,0,3348,1789633732865928192,3812348982803864
2,0,3349,1789633732865938432,3812348982814478
2,0,3350,1789633732865949696,3812348982825102
2,0,3351,1789633732865959936,3812348982835655
2,0,3352,1789633732865970176,3812348982846281
2,0,3353,1789633732865981440,3812348982856856
2,0,3354,1789633732865991680,3812348982867484
2,0,3355,1789633732866001920,3812348982878134
2,0,3356,1789633732866013184,3812348982888748
2,0,3357,1789633732866023424,3812348982899454
2,0,3358,1789633732866033664,3812348982910054
2,0,3359,1789633732866044928,3812348982920654
2,0,3360,1789633732866055168,3812348982931238
2,0,3361,1789633732866066432,3812348982941844
2,0,3362,1789633732866076672,3812348982952388
2,0,3363,1789633732866086912,3812348982963004
2,0,3364,1789633732866098176,3812348982973741
2,0,3365,1789633732866108416,3812348982984288
2,0,3366,1789633732866118656,3812348982995041
2,0,3367,1789633732866129920,3812348983005632
2,0,3368,1789633732866140160,3812348983016259
2,0,3369,1789633732866151424,3812348983026894
2,0,3370,1789633732866161664,3812348983037558
2,0,3371,1789633732866171904,3812348983048184
2,0,3372,1789633732866183168,3812348983058788
2,0,3373,1789633732866193408,3812348983069334
2,0,3374,1789633732866203648,3812348983079928
2,0,3375,1789633732866214912,3812348983090654
2,0,3376,1789633732866225152,3812348983101254
2,0,3377,1789633732866236416,3812348983111841
2,0,3378,1789633732866246656,3812348983122411
2,0,3379,1789633732866256896,3812348983133134
2,0,3380,1789633732866268160,3812348983143704
2,0,3381,1789633732866278400,3812348983154328
2,0,3382,1789633732866288640,3812348983164911
2,0,3383,1789633732866299904,3812348983175511
2,0,3384,1789633732866310144,3812348983186224
2,0,3385,1789633732866321408,3812348983196821
2,0,3386,1789633732866331648,3812348983207361
2,0,3387,1789633732866341888,3812348983217916
2,0,3388,1789633732866352128,3812348983228518
2,0,3389,1789633732866363392,3812348983239134
2,0,3390,1789633732866373632,3812348983249774
2,0,3391,1789633732866384896,3812348983260475
2,0,3392,1789633732866395136,3812348983271111
2,0,3393,1789633732866405376,3812348983281824
2,0,3394,1789633732866416640,3812348983292449
2,0,3395,1789633732866426880,3812348983303304
2,0,3396,1789633732866438144,3812348983313887
2,0,3397,1789633732866448384,3812348983324481
2,0,3398,1789633732866459648,3812348983335034
2,0,3399,1789633732866469888,3812348983345654
2,0,3400,1789633732866480128,3812348983356221
2,0,3401,1789633732866491392,3812348983366839
2,0,3402,1789633732866501632,3812348983377564
2,0,3403,1789633732866511872,3812348983388164
2,0,3404,1789633732866523136,3812348983398871
2,0,3405,1789633732866533376,3812348983409461
2,0,3406,1789633732866544640,3812348983420074
2,0,3407,1789633732866554880,3812348983430651
2,0,3408,1789633732866565120,3812348983441214
2,0,3409,1789633732866576384,3812348983451790
2,0,3410,1789633732866586624,3812348983462398
2,0,3411,1789633732866596864,3812348983473134
2,0,3412,1789633732866608128,3812348983483734
2,0,3413,1789633732866618368,3812348983494454
2,0,3414,1789633732866629632,3812348983505101
2,0,3415,1789633732866639872,3812348983515678
2,0,3416,1789633732866650112,3812348983526264
2,0,3417,1789633732866661376,3812348983536844
2,0,3418,1789633732866671616,3812348983547418
2,0,3419,1789633732866681856,3812348983558008
2,0,3420,1789633732866693120,3812348983568744
2,0,3421,1789633732866703360,3812348983579364
2,0,3422,1789633732866713600,3812348983590051
2,0,3423,1789633732866724864,3812348983600694
2,0,3424,1789633732866735104,3812348983611278
2,0,3425,1789633732866746368,3812348983621848
2,0,3426,1789633732866756608,3812348983632388
2,0,3427,1789633732866766848,3812348983642988
2,0,3428,1789633732866778112,3812348983653574
2,0,3429,1789633732866788352,3812348983664194
2,0,3430,1789633732866798592,3812348983674824
2,0,3431,1789633732866809856,3812348983685432
2,0,3432,1789633732866820096,3812348983696008
2,0,3433,1789633732866830336,3812348983706594
2,0,3434,1789633732866841600,3812348983717174
2,0,3435,1789633732866851840,3812348983727754
2,0,3436,1789633732866862080,3812348983738454
2,0,3437,1789633732866873344,3812348983749041
2,0,3438,1789633732866883584,3812348983759774
2,0,3439,1789633732866894848,3812348983770421
2,0,3440,1789633732866905088,3812348983780994
2,0,3441,1789633732866915328,3812348983791577
2,0,3442,1789633732866926592,3812348983802158
2,0,3443,1789633732866936832,3812348983812782
2,0,3444,1789633732866947072,3812348983823318
2,0,3445,1789633732866958336,3812348983833908
2,0,3446,1789633732866968576,3812348983844504
2,0,3447,1789633732866978816,3812348983855110
2,0,3448,1789633732866990080,3812348983865692
2,0,3449,1789633732867000320,3812348983876271
2,0,3450,1789633732867010560,3812348983886864
2,0,3451,1789633732867021824,3812348983897454
2,0,3452,1789633732867032064,3812348983908181
2,0,3453,1789633732867043328,3812348983918762
2,0,3454,1789633732867053568,3812348983929303
2,0,3455,1789633732867063808,3812348983939861
2,0,3456,1789633732867074048,3812348983950444
2,0,3457,1789633732867085312,3812348983961024
2,0,3458,1789633732867095552,3812348983971638
2,0,3459,1789633732867106816,3812348983982293
2,0,3460,1789633732867117056,3812348983992901
2,0,3461,1789633732867127296,3812348984003621
2,0,3462,1789633732867138560,3812348984014198
2,0,3463,1789633732867148800,3812348984024842
2,0,3464,1789633732867159040,3812348984035388
2,0,3465,1789633732867170304,3812348984045964
2,0,3466,1789633732867180544,3812348984056554
2,0,3467,1789633732867190784,3812348984067104
2,0,3468,1789633732867202048,3812348984077754
2,0,3469,1789633732867212288,3812348984088391
2,0,3470,1789633732867223552,3812348984098974
2,0,3471,1789633732867233792,3812348984109534
2,0,3472,1789633732867244032,3812348984120109
2,0,3473,1789633732867254272,3812348984130668
2,0,3474,1789633732867265536,3812348984141281
2,0,3475,1789633732867275776,3812348984152061
2,0,3476,1789633732867287040,3812348984165697
2,0,3477,1789633732867297280,3812348984173377
2,0,3478,1789633732867308544,3812348984183986
2,0,3479,1789633732867318784,3812348984194594
2,0,3480,1789633732867329024,3812348984205262
2,0,3481,1789633732867340288,3812348984215873
2,0,3482,1789633732867350528,3812348984226442
2,0,3483,1789633732867360768,3812348984237036
2,0,3484,1789633732867372032,3812348984247641
2,0,3485,1789633732867382272,3812348984258232
2,0,3486,1789633732867392512,3812348984268951
2,0,3487,1789633732867403776,3812348984279592
2,0,3488,1789633732867414016,3812348984290184
2,0,3489,1789633732867425280,3812348984300766
2,0,3490,1789633732867435520,3812348984311391
2,0,3491,1789633732867445760,3812348984321974
2,0,3492,1789633732867457024,3812348984332551
2,0,3493,1789633732867467264,3812348984343226
2,0,3494,1789633732867477504,3812348984353824
2,0,3495,1789633732867488768,3812348984364547
2,0,3496,1789633732867499008,3812348984375237
2,0,3497,1789633732867510272,3812348984386011
2,0,3498,1789633732867520512,3812348984396622
2,0,3499,1789633732867531776,3812348984407234
2,0,3500,1789633732867542016,3812348984417776
2,0,3501,1789633732867552256,3812348984428477
2,0,3502,1789633732867563520,3812348984439024
2,0,3503,1789633732867573760,3812348984449647
2,0,3504,1789633732867584000,3812348984460281
2,0,3505,1789633732867595264,3812348984470924
2,0,3506,1789633732867605504,3812348984481596
2,0,3507,1789633732867615744,3812348984492202
2,0,3508,1789633732867627008,3812348984502807
2,0,3509,1789633732867637248,3812348984513374
2,0,3510,1789633732867648512,3812348984523996
2,0,3511,1789633732867658752,3812348984534544
2,0,3512,1789633732867668992,3812348984545256
2,0,3513,1789633732867680256,3812348984555869
2,0,3514,1789633732867690496,3812348984566437
2,0,3515,1789633732867700736,3812348984577204
2,0,3516,1789633732867712000,3812348984587786
2,0,3517,1789633732867722240,3812348984598411
2,0,3518,1789633732867733504,3812348984608984
2,0,3519,1789633732867743744,3812348984619596
2,0,3520,1789633732867753984,3812348984630171
2,0,3521,1789633732867765248,3812348984640827
2,0,3522,1789633732867775488,3812348984651536
2,0,3523,1789633732867785728,3812348984662079
2,0,3524,1789633732867796992,3812348984672780
2,0,3525,1789633732867807232,3812348984683414
2,0,3526,1789633732867818496,3812348984694026
2,0,3527,1789633732867828736,3812348984704642
2,0,3528,1789633732867838976,3812348984715284
2,0,3529,1789633732867850240,3812348984725897
2,0,3530,1789633732867860480,3812348984736531
2,0,3531,1789633732867870720,3812348984747134
2,0,3532,1789633732867881984,3812348984757746
2,0,3533,1789633732867892224,3812348984768504
2,0,3534,1789633732867903488,3812348984779086
2,0,3535,1789633732867913728,3812348984789847
2,0,3536,1789633732867924992,3812348984800449
2,0,3537,1789633732867935232,3812348984811047
2,0,3538,1789633732867945472,3812348984821614
2,0,3539,1789633732867956736,3812348984832226
2,0,3540,1789633732867966976,3812348984842827
2,0,3541,1789633732867977216,3812348984853456
2,0,3542,1789633732867988480,3812348984864114
2,0,3543,1789633732867998720,3812348984874762
2,0,3544,1789633732868008960,3812348984885419
2,0,3545,1789633732868020224,3812348984896026
2,0,3546,1789633732868030464,3812348984906619
2,0,3547,1789633732868041728,3812348984917191
2,0,3548,1789633732868051968,3812348984927794
2,0,3549,1789633732868062208,3812348984938414
2,0,3550,1789633732868073472,3812348984949061
2,0,3551,1789633732868083712,3812348984959679
2,0,3552,1789633732868093952,3812348984970327
2,0,3553,1789633732868105216,3812348984981007
2,0,3554,1789633732868115456,3812348984991599
2,0,3555,1789633732868126720,3812348985002217
2,0,3556,1789633732868136960,3812348985012829
2,0,3557,1789633732868147200,3812348985023437
2,0,3558,1789633732868158464,3812348985034041
2,0,3559,1789633732868168704,3812348985044697
2,0,3560,1789633732868178944,3812348985055261
2,0,3561,1789633732868190208,3812348985065869
2,0,3562,1789633732868200448,3812348985076599
2,0,3563,1789633732868211712,3812348985087204
2,0,3564,1789633732868221952,3812348985097807
2,0,3565,1789633732868232192,3812348985108402
2,0,3566,1789633732868243456,3812348985119014
2,0,3567,1789633732868253696,3812348985129604
2,0,3568,1789633732868263936,3812348985140234
2,0,3569,1789633732868275200,3812348985150881
2,0,3570,1789633732868285440,3812348985161536
2,0,3571,1789633732868295680,3812348985172199
2,0,3572,1789633732868306944,3812348985182802
2,0,3573,1789633732868317184,3812348985193392
2,0,3574,1789633732868328448,3812348985203984
2,0,3575,1789633732868338688,3812348985214564
2,0,3576,1789633732868348928,3812348985225231
2,0,3577,1789633732868360192,3812348985235872
2,0,3578,1789633732868370432,3812348985246474
2,0,3579,1789633732868380672,3812348985257069
2,0,3580,1789633732868391936,3812348985267789
2,0,3581,1789633732868402176,3812348985278427
2,0,3582,1789633732868413440,3812348985289021
2,0,3583,1789633732868423680,3812348985299604
2,0,3584,1789633732868433920,3812348985310201
2,0,3585,1789633732868445184,3812348985320786
2,0,3586,1789633732868455424,3812348985331427
2,0,3587,1789633732868465664,3812348985342062
2,0,3588,1789633732868476928,3812348985352689
2,0,3589,1789633732868487168,3812348985363359
2,0,3590,1789633732868498432,3812348985374017
2,0,3591,1789633732868508672,3812348985384587
2,0,3592,1789633732868518912,3812348985395227
2,0,3593,1789633732868530176,3812348985405882
2,0,3594,1789633732868540416,3812348985416487
2,0,3595,1789633732868550656,3812348985427056
2,0,3596,1789633732868561920,3812348985437656
2,0,3597,1789633732868572160,3812348985448269
2,0,3598,1789633732868582400,3812348985458974
2,0,3599,1789633732868593664,3812348985469622
2,0,3600,1789633732868603904,3812348985480192
2,0,3601,1789633732868615168,3812348985490799
2,0,3602,1789633732868625408,3812348985501534
2,0,3603,1789633732868635648,3812348985512026
2,0,3604,1789633732868646912,3812348985522596
2,0,3605,1789633732868657152,3812348985533244
2,0,3606,1789633732868667392,3812348985543839
2,0,3607,1789633732868678656,3812348985554557
2,0,3608,1789633732868688896,3812348985565256
2,0,3609,1789633732868700160,3812348985575817
2,0,3610,1789633732868710400,3812348985587211
2,0,3611,1789633732868720640,3812348985597034
2,0,3612,1789633732868731904,3812348985607670
2,0,3613,1789633732868742144,3812348985618301
2,0,3614,1789633732868753408,3812348985628934
2,0,3615,1789633732868763648,3812348985639554
2,0,3616,1789633732868773888,3812348985650342
2,0,3617,1789633732868785152,3812348985661014
2,0,3618,1789633732868795392,3812348985671752
2,0,3619,1789633732868806656,3812348985682384
2,0,3620,1789633732868816896,3812348985693052
2,0,3621,1789633732868828160,3812348985703699
2,0,3622,1789633732868838400,3812348985714319
2,0,3623,1789633732868848640,3812348985724992
2,0,3624,1789633732868859904,3812348985735617
2,0,3625,1789633732868870144,3812348985746221
2,0,3626,1789633732868880384,3812348985756869
2,0,3627,1789633732868891648,3812348985767482
2,0,3628,1789633732868901888,3812348985778126
2,0,3629,1789633732868913152,3812348985788824
2,0,3630,1789633732868923392,3812348985799440
2,0,3631,1789633732868933632,3812348985810107
2,0,3632,1789633732868944896,3812348985820754
2,0,3633,1789633732868955136,3812348985831394
2,0,3634,1789633732868966400,3812348985841996
2,0,3635,1789633732868976640,3812348985852627
2,0,3636,1789633732868986880,3812348985863232
2,0,3637,1789633732868998144,3812348985873839
2,0,3638,1789633732869008384,3812348985884487
2,0,3639,1789633732869018624,3812348985895129
2,0,3640,1789633732869029888,3812348985905861
2,0,3641,1789633732869040128,3812348985916509
2,0,3642,1789633732869051392,3812348985927176
2,0,3643,1789633732869061632,3812348985937827
2,0,3644,1789633732869072896,3812348985948433
2,0,3645,1789633732869083136,3812348985959054
2,0,3646,1789633732869093376,3812348985969686
2,0,3647,1789633732869104640,3812348985980307
2,0,3648,1789633732869114880,3812348985990966
2,0,3649,1789633732869125120,3812348986001586
2,0,3650,1789633732869136384,3812348986012244
2,0,3651,1789633732869146624,3812348986022944
2,0,3652,1789633732869157888,3812348986033547
2,0,3653,1789633732869168128,3812348986044219
2,0,3654,1789633732869178368,3812348986054872
2,0,3655,1789633732869189632,3812348986065479
2,0,3656,1789633732869199872,3812348986076069
2,0,3657,1789633732869211136,3812348986086707
2,0,3658,1789633732869221376,3812348986097332
2,0,3659,1789633732869231616,3812348986107974
2,0,3660,1789633732869242880,3812348986118614
2,0,3661,1789633732869253120,3812348986129279
2,0,3662,1789633732869264384,3812348986139970
2,0,3663,1789633732869274624,3812348986150637
2,0,3664,1789633732869284864,3812348986161253
2,0,3665,1789633732869296128,3812348986171920
2,0,3666,1789633732869306368,3812348986182532
2,0,3667,1789633732869317632,3812348986193164
2,0,3668,1789633732869327872,3812348986203787
2,0,3669,1789633732869338112,3812348986214388
2,0,3670,1789633732869349376,3812348986225007
2,0,3671,1789633732869359616,3812348986235637
2,0,3672,1789633732869369856,3812348986246322
2,0,3673,1789633732869381120,3812348986256998
2,0,3674,1789633732869391360,3812348986267631
2,0,3675,1789633732869402624,3812348986278279
2,0,3676,1789633732869412864,3812348986288973
2,0,3677,1789633732869423104,3812348986299567
2,0,3678,1789633732869434368,3812348986310222
2,0,3679,1789633732869444608,3812348986320884
2,0,3680,1789633732869455872,3812348986331527
2,0,3681,1789633732869466112,3812348986342193
2,0,3682,1789633732869476352,3812348986352824
2,0,3683,1789633732869487616,3812348986363477
2,0,3684,1789633732869497856,3812348986374141
2,0,3685,1789633732869509120,3812348986384806
2,0,3686,1789633732869519360,3812348986395533
2,0,3687,1789633732869530624,3812348986406154
2,0,3688,1789633732869540864,3812348986416822
2,0,3689,1789633732869551104,3812348986427411
2,0,3690,1789633732869562368,3812348986438018
2,0,3691,1789633732869572608,3812348986448697
2,0,3692,1789633732869582848,3812348986459316
2,0,3693,1789633732869594112,3812348986469978
2,0,3694,1789633732869604352,3812348986480638
2,0,3695,1789633732869615616,3812348986491291
2,0,3696,1789633732869625856,3812348986501898
2,0,3697,1789633732869636096,3812348986512564
2,0,3698,1789633732869647360,3812348986523213
2,0,3699,1789633732869657600,3812348986533874
2,0,3700,1789633732869668864,3812348986544494
2,0,3701,1789633732869679104,3812348986555137
2,0,3702,1789633732869689344,3812348986565760
2,0,3703,1789633732869700608,3812348986576422
2,0,3704,1789633732869710848,3812348986587007
2,0,3705,1789633732869722112,3812348986597653
2,0,3706,1789633732869732352,3812348986608261
2,0,3707,1789633732869742592,3812348986618891
2,0,3708,1789633732869753856,3812348986629622
2,0,3709,1789633732869764096,3812348986640296
2,0,3710,1789633732869775360,3812348986650920
2,0,3711,1789633732869785600,3812348986661520
2,0,3712,1789633732869795840,3812348986672171
2,0,3713,1789633732869807104,3812348986682827
2,0,3714,1789633732869817344,3812348986693453
2,0,3715,1789633732869827584,3812348986704113
2,0,3716,1789633732869838848,3812348986714756
2,0,3717,1789633732869849088,3812348986725417
2,0,3718,1789633732869860352,3812348986736063
2,0,3719,1789633732869870592,3812348986746676
2,0,3720,1789633732869880832,3812348986757273
2,0,3721,1789633732869892096,3812348986767970
2,0,3722,1789633732869902336,3812348986778587
2,0,3723,1789633732869913600,3812348986789194
2,0,3724,1789633732869923840,3812348986799822
2,0,3725,1789633732869934080,3812348986810478
2,0,3726,1789633732869945344,3812348986821119
2,0,3727,1789633732869955584,3812348986831773
2,0,3728,1789633732869966848,3812348986842408
2,0,3729,1789633732869977088,3812348986853045
2,0,3730,1789633732869987328,3812348986863733
2,0,3731,1789633732869998592,3812348986874356
2,0,3732,1789633732870008832,3812348986885017
2,0,3733,1789633732870020096,3812348986895633
2,0,3734,1789633732870030336,3812348986906247
2,0,3735,1789633732870040576,3812348986916879
2,0,3736,1789633732870051840,3812348986927627
2,0,3737,1789633732870062080,3812348986938217
2,0,3738,1789633732870073344,3812348986948833
2,0,3739,1789633732870083584,3812348986959437
2,0,3740,1789633732870093824,3812348986970089
2,0,3741,1789633732870105088,3812348986980756
2,0,3742,1789633732870115328,3812348986991347
2,0,3743,1789633732870125568,3812348987002067
2,0,3744,1789633732870136832,3812348987012691
2,0,3745,1789633732870147072,3812348987023285
2,0,3746,1789633732870158336,3812348987033862
2,0,3747,1789633732870168576,3812348987044497
2,0,3748,1789633732870178816,3812348987055113
2,0,3749,1789633732870190080,3812348987065737
2,0,3750,1789633732870200320,3812348987076360
2,0,3751,1789633732870210560,3812348987087007
2,0,3752,1789633732870221824,3812348987097633
2,0,3753,1789633732870232064,3812348987108276
2,0,3754,1789633732870243328,3812348987118871
2,0,3755,1789633732870253568,3812348987129447
2,0,3756,1789633732870263808,3812348987140061
2,0,3757,1789633732870275072,3812348987150638
2,0,3758,1789633732870285312,3812348987161268
2,0,3759,1789633732870295552,3812348987171933
2,0,3760,1789633732870306816,3812348987182553
2,0,3761,1789633732870317056,3812348987193241
2,0,3762,1789633732870328320,3812348987203861
2,0,3763,1789633732870338560,3812348987214471
2,0,3764,1789633732870348800,3812348987225051
2,0,3765,1789633732870360064,3812348987235677
2,0,3766,1789633732870370304,3812348987246263
2,0,3767,1789633732870380544,3812348987256911
2,0,3768,1789633732870391808,3812348987267520
2,0,3769,1789633732870402048,3812348987278140
2,0,3770,1789633732870412288,3812348987288843
2,0,3771,1789633732870423552,3812348987299465
2,0,3772,1789633732870433792,3812348987310043
2,0,3773,1789633732870445056,3812348987320626
2,0,3774,1789633732870455296,3812348987331213
2,0,3775,1789633732870465536,3812348987341782
2,0,3776,1789633732870476800,3812348987352406
2,0,3777,1789633732870487040,3812348987363119
2,0,3778,1789633732870497280,3812348987373742
2,0,3779,1789633732870508544,3812348987384437
2,0,3780,1789633732870518784,3812348987395080
2,0,3781,1789633732870530048,3812348987405619
2,0,3782,1789633732870540288,3812348987416267
2,0,3783,1789633732870550528,3812348987426844
2,0,3784,1789633732870561792,3812348987437437
2,0,3785,1789633732870572032,3812348987448051
2,0,3786,1789633732870582272,3812348987458693
2,0,3787,1789633732870593536,3812348987469316
2,0,3788,1789633732870603776,3812348987480019
2,0,3789,1789633732870615040,3812348987490677
2,0,3790,1789633732870625280,3812348987501279
2,0,3791,1789633732870635520,3812348987511891
2,0,3792,1789633732870646784,3812348987522505
2,0,3793,1789633732870657024,3812348987533118
2,0,3794,1789633732870667264,3812348987543716
2,0,3795,1789633732870678528,3812348987554321
2,0,3796,1789633732870688768,3812348987564942
2,0,3797,1789633732870700032,3812348987575630
2,0,3798,1789633732870710272,3812348987586219
2,0,3799,1789633732870720512,3812348987596811
2,0,3800,1789633732870731776,3812348987607417
2,0,3801,1789633732870742016,3812348987618021
2,0,3802,1789633732870752256,3812348987628578
2,0,3803,1789633732870763520,3812348987639183
2,0,3804,1789633732870773760,3812348987649900
2,0,3805,1789633732870785024,3812348987660543
2,0,3806,1789633732870795264,3812348987671199
2,0,3807,1789633732870805504,3812348987681818
2,0,3808,1789633732870816768,3812348987692431
2,0,3809,1789633732870827008,3812348987703130
2,0,3810,1789633732870837248,3812348987713705
2,0,3811,1789633732870848512,3812348987724317
2,0,3812,1789633732870858752,3812348987734919
2,0,3813,1789633732870870016,3812348987745517
2,0,3814,1789633732870880256,3812348987756127
2,0,3815,1789633732870890496,3812348987766797
2,0,3816,1789633732870901760,3812348987777420
2,0,3817,1789633732870912000,3812348987788028
2,0,3818,1789633732870922240,3812348987798619
2,0,3819,1789633732870933504,3812348987809173
2,0,3820,1789633732870943744,3812348987819759
2,0,3821,1789633732870953984,3812348987830342
2,0,3822,1789633732870965248,3812348987841076
2,0,3823,1789633732870975488,3812348987851723
2,0,3824,1789633732870986752,3812348987862397
2,0,3825,1789633732870996992,3812348987873011
2,0,3826,1789633732871007232,3812348987883610
2,0,3827,1789633732871018496,3812348987894213
2,0,3828,1789633732871028736,3812348987904787
2,0,3829,1789633732871038976,3812348987915364
2,0,3830,1789633732871050240,3812348987925947
2,0,3831,1789633732871060480,3812348987936664
2,0,3832,1789633732871071744,3812348987947277
2,0,3833,1789633732871081984,3812348987957973
2,0,3834,1789633732871092224,3812348987968561
2,0,3835,1789633732871103488,3812348987979184
2,0,3836,1789633732871113728,3812348987989792
2,0,3837,1789633732871123968,3812348988000370
2,0,3838,1789633732871135232,3812348988010973
2,0,3839,1789633732871145472,3812348988021537
2,0,3840,1789633732871155712,3812348988032251
2,0,3841,1789633732871166976,3812348988042828
2,0,3842,1789633732871177216,3812348988053370
2,0,3843,1789633732871188480,3812348988064007
2,0,3844,1789633732871198720,3812348988074556
2,0,3845,1789633732871208960,3812348988085224
2,0,3846,1789633732871220224,3812348988095830
2,0,3847,1789633732871230464,3812348988106473
2,0,3848,1789633732871240704,3812348988117076
2,0,3849,1789633732871251968,3812348988127847
2,0,3850,1789633732871262208,3812348988138440
2,0,3851,1789633732871273472,3812348988149159
2,0,3852,1789633732871283712,3812348988159796
2,0,3853,1789633732871293952,3812348988170361
2,0,3854,1789633732871305216,3812348988180931
2,0,3855,1789633732871315456,3812348988191534
2,0,3856,1789633732871325696,3812348988202165
2,0,3857,1789633732871336960,3812348988212783
2,0,3858,1789633732871347200,3812348988223419
2,0,3859,1789633732871358464,3812348988234016
2,0,3860,1789633732871368704,3812348988244756
2,0,3861,1789633732871378944,3812348988255360
2,0,3862,1789633732871390208,3812348988265959
2,0,3863,1789633732871400448,3812348988276547
2,0,3864,1789633732871410688,3812348988287127
2,0,3865,1789633732871421952,3812348988297731
2,0,3866,1789633732871432192,3812348988308354
2,0,3867,1789633732871443456,3812348988319043
2,0,3868,1789633732871453696,3812348988329641
2,0,3869,1789633732871463936,3812348988340340
2,0,3870,1789633732871475200,3812348988350958
2,0,3871,1789633732871485440,3812348988361578
2,0,3872,1789633732871495680,3812348988372174
2,0,3873,1789633732871506944,3812348988382747
2,0,3874,1789633732871517184,3812348988393362
2,0,3875,1789633732871528448,3812348988403982
2,0,3876,1789633732871538688,3812348988414606
2,0,3877,1789633732871548928,3812348988425243
2,0,3878,1789633732871560192,3812348988435931
2,0,3879,1789633732871570432,3812348988446516
2,0,3880,1789633732871580672,3812348988457133
2,0,3881,1789633732871591936,3812348988467704
2,0,3882,1789633732871602176,3812348988478313
2,0,3883,1789633732871612416,3812348988488873
2,0,3884,1789633732871623680,3812348988499487
2,0,3885,1789633732871633920,3812348988510210
2,0,3886,1789633732871645184,3812348988520823
2,0,3887,1789633732871655424,3812348988531527
2,0,3888,1789633732871665664,3812348988542139
2,0,3889,1789633732871676928,3812348988552753
2,0,3890,1789633732871687168,3812348988563350
2,0,3891,1789633732871698432,3812348988573937
2,0,3892,1789633732871708672,3812348988584494
2,0,3893,1789633732871718912,3812348988595126
2,0,3894,1789633732871730176,3812348988605796
2,0,3895,1789633732871740416,3812348988616413
2,0,3896,1789633732871750656,3812348988627113
2,0,3897,1789633732871761920,3812348988637749
2,0,3898,1789633732871772160,3812348988648346
2,0,3899,1789633732871783424,3812348988658922
2,0,3900,1789633732871793664,3812348988669511
2,0,3901,1789633732871803904,3812348988680100
2,0,3902,1789633732871814144,3812348988690684
2,0,3903,1789633732871825408,3812348988701407
2,0,3904,1789633732871835648,3812348988712044
2,0,3905,1789633732871846912,3812348988722707
2,0,3906,1789633732871857152,3812348988733287
2,0,3907,1789633732871868416,3812348988743931
2,0,3908,1789633732871878656,3812348988754533
2,0,3909,1789633732871888896,3812348988765222
2,0,3910,1789633732871900160,3812348988775764
2,0,3911,1789633732871910400,3812348988786340
2,0,3912,1789633732871920640,3812348988796975
2,0,3913,1789633732871931904,3812348988807572
2,0,3914,1789633732871942144,3812348988818291
2,0,3915,1789633732871952384,3812348988828907
2,0,3916,1789633732871963648,3812348988839522
2,0,3917,1789633732871973888,3812348988850113
2,0,3918,1789633732871985152,3812348988860737
2,0,3919,1789633732871995392,3812348988871317
2,0,3920,1789633732872005632,3812348988881937
2,0,3921,1789633732872016896,3812348988892574
2,0,3922,1789633732872027136,3812348988903190
2,0,3923,1789633732872037376,3812348988913882
2,0,3924,1789633732872048640,3812348988924482
2,0,3925,1789633732872058880,3812348988935093
2,0,3926,1789633732872070144,3812348988945653
2,0,3927,1789633732872080384,3812348988956261
2,0,3928,1789633732872090624,3812348988966831
2,0,3929,1789633732872101888,3812348988977480
2,0,3930,1789633732872112128,3812348988988160
2,0,3931,1789633732872122368,3812348988998795
2,0,3932,1789633732872133632,3812348989009481
2,0,3933,1789633732872143872,3812348989020070
2,0,3934,1789633732872155136,3812348989030663
2,0,3935,1789633732872165376,3812348989041256
2,0,3936,1789633732872175616,3812348989051853
2,0,3937,1789633732872186880,3812348989062417
2,0,3938,1789633732872197120,3812348989073033
2,0,3939,1789633732872207360,3812348989083751
2,0,3940,1789633732872218624,3812348989094363
2,0,3941,1789633732872228864,3812348989105050
2,0,3942,1789633732872240128,3812348989115687
2,0,3943,1789633732872250368,3812348989126271
2,0,3944,1789633732872260608,3812348989136926
2,0,3945,1789633732872271872,3812348989147496
2,0,3946,1789633732872282112,3812348989158083
2,0,3947,1789633732872292352,3812348989168731
2,0,3948,1789633732872303616,3812348989179338
2,0,3949,1789633732872313856,3812348989189973
2,0,3950,1789633732872324096,3812348989200667
2,0,3951,1789633732872335360,3812348989211279
2,0,3952,1789633732872345600,3812348989221865
2,0,3953,1789633732872356864,3812348989232453
2,0,3954,1789633732872367104,3812348989243157
2,0,3955,1789633732872377344,3812348989253756
2,0,3956,1789633732872388608,3812348989264377
2,0,3957,1789633732872398848,3812348989274980
2,0,3958,1789633732872409088,3812348989285630
2,0,3959,1789633732872420352,3812348989296251
2,0,3960,1789633732872430592,3812348989306876
2,0,3961,1789633732872441856,3812348989317494
2,0,3962,1789633732872452096,3812348989328091
2,0,3963,1789633732872462336,3812348989338756
2,0,3964,1789633732872473600,3812348989349328
2,0,3965,1789633732872483840,3812348989359959
2,0,3966,1789633732872494080,3812348989370556
2,0,3967,1789633732872505344,3812348989381162
2,0,3968,1789633732872515584,3812348989391844
2,0,3969,1789633732872526848,3812348989402462
2,0,3970,1789633732872537088,3812348989413122
2,0,3971,1789633732872547328,3812348989423739
2,0,3972,1789633732872558592,3812348989434339
2,0,3973,1789633732872568832,3812348989444877
2,0,3974,1789633732872579072,3812348989455539
2,0,3975,1789633732872590336,3812348989466131
2,0,3976,1789633732872600576,3812348989476773
2,0,3977,1789633732872611840,3812348989487436
2,0,3978,1789633732872622080,3812348989498063
2,0,3979,1789633732872632320,3812348989508631
2,0,3980,1789633732872643584,3812348989519199
2,0,3981,1789633732872653824,3812348989529850
2,0,3982,1789633732872664064,3812348989540423
2,0,3983,1789633732872675328,3812348989551053
2,0,3984,1789633732872685568,3812348989561718
2,0,3985,1789633732872695808,3812348989572339
2,0,3986,1789633732872707072,3812348989583016
2,0,3987,1789633732872717312,3812348989593606
2,0,3988,1789633732872728576,3812348989604162
2,0,3989,1789633732872738816,3812348989614732
2,0,3990,1789633732872749056,3812348989625310
2,0,3991,1789633732872760320,3812348989635923
2,0,3992,1789633732872770560,3812348989646572
2,0,3993,1789633732872780800,3812348989657292
2,0,3994,1789633732872792064,3812348989667918
2,0,3995,1789633732872802304,3812348989678621
2,0,3996,1789633732872813568,3812348989689241
2,0,3997,1789633732872823808,3812348989699808
2,0,3998,1789633732872834048,3812348989710416
2,0,3999,1789633732872845312,3812348989720963
2,0,4000,1789633732872855552,3812348989731555
2,0,4001,1789633732872865792,3812348989742191
2,0,4002,1789633732872877056,3812348989752896
2,0,4003,1789633732872887296,3812348989763532
2,0,4004,1789633732872898560,3812348989774199
2,0,4005,1789633732872908800,3812348989784828
2,0,4006,1789633732872919040,3812348989795421
2,0,4007,1789633732872930304,3812348989806042
2,0,4008,1789633732872940544,3812348989816637
2,0,4009,1789633732872950784,3812348989827196
2,0,4010,1789633732872962048,3812348989837778
2,0,4011,1789633732872972288,3812348989848470
2,0,4012,1789633732872983552,3812348989859096
2,0,4013,1789633732872993792,3812348989869795
2,0,4014,1789633732873004032,3812348989880410
2,0,4015,1789633732873015296,3812348989891019
2,0,4016,1789633732873025536,3812348989901663
2,0,4017,1789633732873035776,3812348989912297
2,0,4018,1789633732873047040,3812348989922902
2,0,4019,1789633732873057280,3812348989933522
2,0,4020,1789633732873068544,3812348989944077
2,0,4021,1789633732873078784,3812348989954707
2,0,4022,1789633732873089024,3812348989965403
2,0,4023,1789633732873100288,3812348989976032
2,0,4024,1789633732873110528,3812348989986610
2,0,4025,1789633732873120768,3812348989997210
2,0,4026,1789633732873132032,3812348990007776
2,0,4027,1789633732873142272,3812348990018356
2,0,4028,1789633732873152512,3812348990028956
2,0,4029,1789633732873163776,3812348990039652
2,0,4030,1789633732873174016,3812348990050280
2,0,4031,1789633732873185280,3812348990060978
2,0,4032,1789633732873195520,3812348990071606
2,0,4033,1789633732873205760,3812348990082223
2,0,4034,1789633732873217024,3812348990092876
2,0,4035,1789633732873227264,3812348990103472
2,0,4036,1789633732873238528,3812348990114096
2,0,4037,1789633732873248768,3812348990124683
2,0,4038,1789633732873259008,3812348990135252
2,0,4039,1789633732873270272,3812348990145817
2,0,4040,1789633732873280512,3812348990156378
2,0,4041,1789633732873290752,3812348990167016
2,0,4042,1789633732873302016,3812348990177600
2,0,4043,1789633732873312256,3812348990188172
2,0,4044,1789633732873322496,3812348990198781
2,0,4045,1789633732873333760,3812348990209380
2,0,4046,1789633732873344000,3812348990219936
2,0,4047,1789633732873354240,3812348990230507
2,0,4048,1789633732873365504,3812348990241092
2,0,4049,1789633732873375744,3812348990251678
2,0,4050,1789633732873385984,3812348990262281
2,0,4051,1789633732873397248,3812348990272873
2,0,4052,1789633732873407488,3812348990283514
2,0,4053,1789633732873417728,3812348990294119
2,0,4054,1789633732873428992,3812348990304832
2,0,4055,1789633732873439232,3812348990315456
2,0,4056,1789633732873450496,3812348990326028
2,0,4057,1789633732873460736,3812348990336608
2,0,4058,1789633732873470976,3812348990347226
2,0,4059,1789633732873482240,3812348990357815
2,0,4060,1789633732873492480,3812348990368432
2,0,4061,1789633732873502720,3812348990379098
2,0,4062,1789633732873513984,3812348990389673
2,0,4063,1789633732873524224,3812348990400426
2,0,4064,1789633732873534464,3812348990411002
2,0,4065,1789633732873545728,3812348990421622
2,0,4066,1789633732873555968,3812348990432196
2,0,4067,1789633732873567232,3812348990442770
2,0,4068,1789633732873577472,3812348990453363
2,0,4069,1789633732873587712,3812348990463981
2,0,4070,1789633732873598976,3812348990474696
2,0,4071,1789633732873609216,3812348990485312
2,0,4072,1789633732873619456,3812348990495994
2,0,4073,1789633732873630720,3812348990506643
2,0,4074,1789633732873640960,3812348990517250
2,0,4075,1789633732873652224,3812348990527810
2,0,4076,1789633732873662464,3812348990538403
2,0,4077,1789633732873672704,3812348990548990
2,0,4078,1789633732873683968,3812348990559600
2,0,4079,1789633732873694208,3812348990570288
2,0,4080,1789633732873704448,3812348990580906
2,0,4081,1789633732873715712,3812348990591612
2,0,4082,1789633732873725952,3812348990602204
2,0,4083,1789633732873737216,3812348990612806
2,0,4084,1789633732873747456,3812348990623385
2,0,4085,1789633732873757696,3812348990633955
2,0,4086,1789633732873768960,3812348990644510
2,0,4087,1789633732873779200,3812348990655096
2,0,4088,1789633732873789440,3812348990665748
2,0,4089,1789633732873800704,3812348990676360
2,0,4090,1789633732873810944,3812348990686972
2,0,4091,1789633732873821184,3812348990697556
2,0,4092,1789633732873832448,3812348990708175
2,0,4093,1789633732873842688,3812348990718788
2,0,4094,1789633732873852928,3812348990729381
2,0,4095,1789633732873864192,3812348990740015
2,0,4096,1789633732873874432,3812348990750590
2,0,4097,1789633732873884672,3812348990761321
2,0,4098,1789633732873895936,3812348990771901
2,0,4099,1789633732873906176,3812348990782518
2,0,4100,1789633732873917440,3812348990793130
2,0,4101,1789633732873927680,3812348990803753
2,0,4102,1789633732873937920,3812348990814398
2,0,4103,1789633732873949184,3812348990825011
2,0,4104,1789633732873959424,3812348990835598
2,0,4105,1789633732873969664,3812348990846193
2,0,4106,1789633732873980928,3812348990856916
2,0,4107,1789633732873991168,3812348990867498
2,0,4108,1789633732874002432,3812348990878126
2,0,4109,1789633732874012672,3812348990888731
2,0,4110,1789633732874022912,3812348990899311
2,0,4111,1789633732874034176,3812348990909901
2,0,4112,1789633732874044416,3812348990920522
2,0,4113,1789633732874054656,3812348990931202
2,0,4114,1789633732874065920,3812348990941852
2,0,4115,1789633732874076160,3812348990952522
2,0,4116,1789633732874087424,3812348990963130
2,0,4117,1789633732874097664,3812348990973703
2,0,4118,1789633732874107904,3812348990984293
2,0,4119,1789633732874119168,3812348990994896
2,0,4120,1789633732874129408,3812348991005467
2,0,4121,1789633732874139648,3812348991016076
2,0,4122,1789633732874150912,3812348991026780
2,0,4123,1789633732874161152,3812348991037430
2,0,4124,1789633732874172416,3812348991048093
2,0,4125,1789633732874182656,3812348991058702
2,0,4126,1789633732874192896,3812348991069306
2,0,4127,1789633732874204160,3812348991079874
2,0,4128,1789633732874214400,3812348991090493
2,0,4129,1789633732874224640,3812348991101171
2,0,4130,1789633732874235904,3812348991111821
2,0,4131,1789633732874246144,3812348991122493
2,0,4132,1789633732874257408,3812348991133155
2,0,4133,1789633732874267648,3812348991143872
2,0,4134,1789633732874278912,3812348991154516
2,0,4135,1789633732874289152,3812348991165316
2,0,4136,1789633732874299392,3812348991175967
2,0,4137,1789633732874310656,3812348991186605
2,0,4138,1789633732874320896,3812348991197240
2,0,4139,1789633732874332160,3812348991207858
2,0,4140,1789633732874342400,3812348991218512
2,0,4141,1789633732874352640,3812348991229157
2,0,4142,1789633732874363904,3812348991239752
2,0,4143,1789633732874374144,3812348991250412
2,0,4144,1789633732874385408,3812348991260992
2,0,4145,1789633732874395648,3812348991271613
2,0,4146,1789633732874405888,3812348991282327
2,0,4147,1789633732874417152,3812348991292915
2,0,4148,1789633732874427392,3812348991303656
2,0,4149,1789633732874438656,3812348991314252
2,0,4150,1789633732874448896,3812348991324860
2,0,4151,1789633732874459136,3812348991335466
2,0,4152,1789633732874470400,3812348991346116
2,0,4153,1789633732874480640,3812348991356781
2,0,4154,1789633732874490880,3812348991367463
2,0,4155,1789633732874502144,3812348991378098
2,0,4156,1789633732874512384,3812348991388748
2,0,4157,1789633732874523648,3812348991399413
2,0,4158,1789633732874533888,3812348991410053
2,0,4159,1789633732874544128,3812348991420703
2,0,4160,1789633732874555392,3812348991431357
2,0,4161,1789633732874565632,3812348991441997
2,0,4162,1789633732874576896,3812348991452603
2,0,4163,1789633732874587136,3812348991463250
2,0,4164,1789633732874597376,3812348991473852
2,0,4165,1789633732874608640,3812348991484522
2,0,4166,1789633732874618880,3812348991495176
2,0,4167,1789633732874630144,3812348991505795
2,0,4168,1789633732874640384,3812348991516461
2,0,4169,1789633732874650624,3812348991527138
2,0,4170,1789633732874661888,3812348991537758
2,0,4171,1789633732874672128,3812348991548372
2,0,4172,1789633732874683392,3812348991559026
2,0,4173,1789633732874693632,3812348991569655
2,0,4174,1789633732874703872,3812348991580315
2,0,4175,1789633732874715136,3812348991590961
2,0,4176,1789633732874725376,3812348991601635
2,0,4177,1789633732874736640,3812348991612290
2,0,4178,1789633732874746880,3812348991622972
2,0,4179,1789633732874757120,3812348991633581
2,0,4180,1789633732874768384,3812348991644215
2,0,4181,1789633732874778624,3812348991654812
2,0,4182,1789633732874788864,3812348991665446
2,0,4183,1789633732874800128,3812348991676116
2,0,4184,1789633732874810368,3812348991686738
2,0,4185,1789633732874821632,3812348991697355
2,0,4186,1789633732874831872,3812348991707932
2,0,4187,1789633732874842112,3812348991718543
2,0,4188,1789633732874853376,3812348991729112
2,0,4189,1789633732874863616,3812348991739706
2,0,4190,1789633732874873856,3812348991750401
2,0,4191,1789633732874885120,3812348991761002
2,0,4192,1789633732874895360,3812348991771611
2,0,4193,1789633732874906624,3812348991782170
2,0,4194,1789633732874916864,3812348991792797
2,0,4195,1789633732874927104,3812348991803410
2,0,4196,1789633732874938368,3812348991814043
2,0,4197,1789633732874948608,3812348991824673
2,0,4198,1789633732874958848,3812348991835303
2,0,4199,1789633732874970112,3812348991845978
2,0,4200,1789633732874980352,3812348991856552
2,0,4201,1789633732874990592,3812348991867203
2,0,4202,1789633732875001856,3812348991877792
2,0,4203,1789633732875012096,3812348991888416
2,0,4204,1789633732875023360,3812348991898987
2,0,4205,1789633732875033600,3812348991909601
2,0,4206,1789633732875043840,3812348991920270
2,0,4207,1789633732875055104,3812348991930896
2,0,4208,1789633732875065344,3812348991941588
2,0,4209,1789633732875076608,3812348991952200
2,0,4210,1789633732875086848,3812348991962780
2,0,4211,1789633732875097088,3812348991973358
2,0,4212,1789633732875108352,3812348991983931
2,0,4213,1789633732875118592,3812348991994503
2,0,4214,1789633732875128832,3812348992005096
2,0,4215,1789633732875140096,3812348992015874
2,0,4216,1789633732875150336,3812348992026477
2,0,4217,1789633732875160576,3812348992037165
2,0,4218,1789633732875171840,3812348992047788
2,0,4219,1789633732875182080,3812348992058362
2,0,4220,1789633732875193344,3812348992068983
2,0,4221,1789633732875203584,3812348992079551
2,0,4222,1789633732875213824,3812348992090126
2,0,4223,1789633732875225088,3812348992100756
2,0,4224,1789633732875235328,3812348992111530
2,0,4225,1789633732875245568,3812348992122079
2,0,4226,1789633732875256832,3812348992132768
2,0,4227,1789633732875267072,3812348992143382
2,0,4228,1789633732875278336,3812348992153986
2,0,4229,1789633732875288576,3812348992164572
2,0,4230,1789633732875298816,3812348992175263
2,0,4231,1789633732875310080,3812348992185838
2,0,4232,1789633732875320320,3812348992196446
2,0,4233,1789633732875330560,3812348992207062
2,0,4234,1789633732875341824,3812348992217718
2,0,4235,1789633732875352064,3812348992228352
2,0,4236,1789633732875363328,3812348992238938
2,0,4237,1789633732875373568,3812348992249552
2,0,4238,1789633732875383808,3812348992260172
2,0,4239,1789633732875395072,3812348992270737
2,0,4240,1789633732875405312,3812348992281380
2,0,4241,1789633732875415552,3812348992291996
2,0,4242,1789633732875426816,3812348992302635
2,0,4243,1789633732875437056,3812348992313241
2,0,4244,1789633732875447296,3812348992323932
2,0,4245,1789633732875458560,3812348992334575
2,0,4246,1789633732875468800,3812348992345215
2,0,4247,1789633732875480064,3812348992355841
2,0,4248,1789633732875490304,3812348992366450
2,0,4249,1789633732875500544,3812348992377046
2,0,4250,1789633732875511808,3812348992387650
2,0,4251,1789633732875522048,3812348992398227
2,0,4252,1789633732875532288,3812348992408847
2,0,4253,1789633732875543552,3812348992419536
2,0,4254,1789633732875553792,3812348992430158
2,0,4255,1789633732875565056,3812348992440752
2,0,4256,1789633732875575296,3812348992451392
2,0,4257,1789633732875585536,3812348992462043
2,0,4258,1789633732875596800,3812348992472614
2,0,4259,1789633732875607040,3812348992483192
2,0,4260,1789633732875617280,3812348992493815
2,0,4261,1789633732875628544,3812348992504395
2,0,4262,1789633732875638784,3812348992515143
2,0,4263,1789633732875650048,3812348992525735
2,0,4264,1789633732875660288,3812348992536331
2,0,4265,1789633732875670528,3812348992546930
2,0,4266,1789633732875681792,3812348992557536
2,0,4267,1789633732875692032,3812348992568124
2,0,4268,1789633732875702272,3812348992578739
2,0,4269,1789633732875713536,3812348992589401
2,0,4270,1789633732875723776,3812348992599958
2,0,4271,1789633732875734016,3812348992610716
2,0,4272,1789633732875745280,3812348992621315
2,0,4273,1789633732875755520,3812348992631927
2,0,4274,1789633732875766784,3812348992642530
2,0,4275,1789633732875777024,3812348992653142
2,0,4276,1789633732875787264,3812348992663748
2,0,4277,1789633732875798528,3812348992674324
2,0,4278,1789633732875808768,3812348992684983
2,0,4279,1789633732875819008,3812348992695570
2,0,4280,1789633732875830272,3812348992706326
2,0,4281,1789633732875840512,3812348992716932
2,0,4282,1789633732875851776,3812348992727542
2,0,4283,1789633732875862016,3812348992738138
2,0,4284,1789633732875872256,3812348992748816
2,0,4285,1789633732875883520,3812348992759410
2,0,4286,1789633732875893760,3812348992770005
2,0,4287,1789633732875905024,3812348992780600
2,0,4288,1789633732875915264,3812348992791202
2,0,4289,1789633732875925504,3812348992801897
2,0,4290,1789633732875936768,3812348992812516
2,0,4291,1789633732875947008,3812348992823123
2,0,4292,1789633732875957248,3812348992833713
2,0,4293,1789633732875968512,3812348992844331
2,0,4294,1789633732875978752,3812348992854932
2,0,4295,1789633732875988992,3812348992865542
2,0,4296,1789633732876000256,3812348992876192
2,0,4297,1789633732876010496,3812348992886850
2,0,4298,1789633732876021760,3812348992897646
2,0,4299,1789633732876032000,3812348992908237
2,0,4300,1789633732876042240,3812348992918955
2,0,4301,1789633732876053504,3812348992929592
2,0,4302,1789633732876063744,3812348992940157
2,0,4303,1789633732876075008,3812348992950721
2,0,4304,1789633732876085248,3812348992961327
2,0,4305,1789633732876095488,3812348992971965
2,0,4306,1789633732876106752,3812348992982576
2,0,4307,1789633732876116992,3812348992993221
2,0,4308,1789633732876127232,3812348993003826
2,0,4309,1789633732876138496,3812348993014538
2,0,4310,1789633732876148736,3812348993025241
2,0,4311,1789633732876160000,3812348993035801
2,0,4312,1789633732876170240,3812348993046431
2,0,4313,1789633732876180480,3812348993057040
2,0,4314,1789633732876191744,3812348993067610
2,0,4315,1789633732876201984,3812348993078227
2,0,4316,1789633732876212224,3812348993088807
2,0,4317,1789633732876223488,3812348993099446
2,0,4318,1789633732876233728,3812348993110126
2,0,4319,1789633732876244992,3812348993120731
2,0,4320,1789633732876255232,3812348993131353
2,0,4321,1789633732876265472,3812348993141946
2,0,4322,1789633732876276736,3812348993152538
2,0,4323,1789633732876286976,3812348993163120
2,0,4324,1789633732876297216,3812348993173727
2,0,4325,1789633732876308480,3812348993184412
2,0,4326,1789633732876318720,3812348993194986
2,0,4327,1789633732876329984,3812348993205721
2,0,4328,1789633732876340224,3812348993216322
2,0,4329,1789633732876350464,3812348993226928
2,0,4330,1789633732876361728,3812348993237492
2,0,4331,1789633732876371968,3812348993248103
2,0,4332,1789633732876382208,3812348993258687
2,0,4333,1789633732876393472,3812348993269282
2,0,4334,1789633732876403712,3812348993279986
2,0,4335,1789633732876414976,3812348993290604
2,0,4336,1789633732876425216,3812348993301310
2,0,4337,1789633732876435456,3812348993311898
2,0,4338,1789633732876446720,3812348993322512
2,0,4339,1789633732876456960,3812348993333124
2,0,4340,1789633732876467200,3812348993343712
2,0,4341,1789633732876478464,3812348993354272
2,0,4342,1789633732876488704,3812348993364853
2,0,4343,1789633732876498944,3812348993375575
2,0,4344,1789633732876510208,3812348993386182
2,0,4345,1789633732876520448,3812348993396897
2,0,4346,1789633732876531712,3812348993407495
2,0,4347,1789633732876541952,3812348993418098
2,0,4348,1789633732876552192,3812348993428672
2,0,4349,1789633732876563456,3812348993439296
2,0,4350,1789633732876573696,3812348993449866
2,0,4351,1789633732876583936,3812348993460480
2,0,4352,1789633732876595200,3812348993471183
2,0,4353,1789633732876605440,3812348993481812
2,0,4354,1789633732876616704,3812348993492492
2,0,4355,1789633732876626944,3812348993503150
2,0,4356,1789633732876637184,3812348993513758
2,0,4357,1789633732876648448,3812348993524404
2,0,4358,1789633732876658688,3812348993534991
2,0,4359,1789633732876669952,3812348993545552
2,0,4360,1789633732876680192,3812348993556172
2,0,4361,1789633732876689408,3812348993565832
2,0,4362,1789633732876699648,3812348993575492
2,0,4363,1789633732876708864,3812348993586667
2,0,4364,1789633732876719104,3812348993594955
2,0,4365,1789633732876728320,3812348993604610
2,0,4366,1789633732876738560,3812348993614292
2,0,4367,1789633732876747776,3812348993623995
2,0,4368,1789633732876758016,3812348993633692
2,0,4369,1789633732876767232,3812348993643324
2,0,4370,1789633732876776448,3812348993652970
2,0,4371,1789633732876786688,3812348993662606
2,0,4372,1789633732876795904,3812348993672237
2,0,4373,1789633732876806144,3812348993681863
2,0,4374,1789633732876815360,3812348993691611
2,0,4375,1789633732876825600,3812348993701372
2,0,4376,1789633732876834816,3812348993711123
2,0,4377,1789633732876845056,3812348993720875
2,0,4378,1789633732876854272,3812348993730638
2,0,4379,1789633732876864512,3812348993740396
2,0,4380,1789633732876873728,3812348993750144
2,0,4381,1789633732876883968,3812348993759900
2,0,4382,1789633732876893184,3812348993769656
2,0,4383,1789633732876903424,3812348993779392
2,0,4384,1789633732876912640,3812348993789152
2,0,4385,1789633732876922880,3812348993798903
2,0,4386,1789633732876932096,3812348993808675
2,0,4387,1789633732876942336,3812348993818418
2,0,4388,1789633732876951552,3812348993828173
2,0,4389,1789633732876961792,3812348993837930
2,0,4390,1789633732876971008,3812348993847677
2,0,4391,1789633732876981248,3812348993857432
2,0,4392,1789633732876991488,3812348993867163
2,0,4393,1789633732877000704,3812348993876936
2,0,4394,1789633732877010944,3812348993886698
2,0,4395,1789633732877020160,3812348993896449
2,0,4396,1789633732877030400,3812348993906195
2,0,4397,1789633732877039616,3812348993915970
2,0,4398,1789633732877049856,3812348993925698
2,0,4399,1789633732877059072,3812348993935486
2,0,4400,1789633732877069312,3812348993945216
2,0,4401,1789633732877078528,3812348993954976
2,0,4402,1789633732877088768,3812348993964715
2,0,4403,1789633732877097984,3812348993974495
2,0,4404,1789633732877108224,3812348993984236
2,0,4405,1789633732877117440,3812348993993986
2,0,4406,1789633732877127680,3812348994003751
2,0,4407,1789633732877136896,3812348994013495
2,0,4408,1789633732877147136,3812348994023238
2,0,4409,1789633732877156352,3812348994033010
2,0,4410,1789633732877166592,3812348994042772
2,0,4411,1789633732877175808,3812348994052528
2,0,4412,1789633732877186048,3812348994062263
2,0,4413,1789633732877196288,3812348994072031
2,0,4414,1789633732877205504,3812348994081776
2,0,4415,1789633732877215744,3812348994091543
2,0,4416,1789633732877224960,3812348994101278
2,0,4417,1789633732877235200,3812348994111055
2,0,4418,1789633732877244416,3812348994120800
2,0,4419,1789633732877254656,3812348994130546
2,0,4420,1789633732877263872,3812348994140310
2,0,4421,1789633732877274112,3812348994150068
2,0,4422,1789633732877283328,3812348994159818
2,0,4423,1789633732877293568,3812348994169552
2,0,4424,1789633732877302784,3812348994179332
2,0,4425,1789633732877313024,3812348994189064
2,0,4426,1789633732877322240,3812348994198832
2,0,4427,1789633732877332480,3812348994208595
2,0,4428,1789633732877341696,3812348994218349
2,0,4429,1789633732877351936,3812348994228098
2,0,4430,1789633732877361152,3812348994237850
2,0,4431,1789633732877371392,3812348994247606
2,0,4432,1789633732877381632,3812348994257364
2,0,4433,1789633732877390848,3812348994267112
2,0,4434,1789633732877401088,3812348994276878
2,0,4435,1789633732877410304,3812348994286626
2,0,4436,1789633732877420544,3812348994296363
2,0,4437,1789633732877429760,3812348994306121
2,0,4438,1789633732877440000,3812348994315890
2,0,4439,1789633732877449216,3812348994325638
2,0,4440,1789633732877459456,3812348994335395
2,0,4441,1789633732877468672,3812348994345126
2,0,4442,1789633732877478912,3812348994354910
2,0,4443,1789633732877488128,3812348994364655
2,0,4444,1789633732877498368,3812348994374410
2,0,4445,1789633732877507584,3812348994384147
2,0,4446,1789633732877517824,3812348994393925
2,0,4447,1789633732877527040,3812348994403656
2,0,4448,1789633732877537280,3812348994413420
2,0,4449,1789633732877546496,3812348994423175
2,0,4450,1789633732877556736,3812348994432932
2,0,4451,1789633732877566976,3812348994442670
2,0,4452,1789633732877576192,3812348994452446
2,0,4453,1789633732877586432,3812348994462195
2,0,4454,1789633732877595648,3812348994471938
2,0,4455,1789633732877605888,3812348994481690
2,0,4456,1789633732877615104,3812348994491531
2,0,4457,1789633732877625344,3812348994501211
2,0,4458,1789633732877634560,3812348994510951
2,0,4459,1789633732877644800,3812348994520726
2,0,4460,1789633732877654016,3812348994530460
2,0,4461,1789633732877664256,3812348994540570
2,0,4462,1789633732877674496,3812348994550215
2,0,4463,1789633732877683712,3812348994559873
2,0,4464,1789633732877692928,3812348994569518
2,0,4465,1789633732877703168,3812348994579276
2,0,4466,1789633732877712384,3812348994589025
2,0,4467,1789633732877722624,3812348994598771
2,0,4468,1789633732877731840,3812348994608520
2,0,4469,1789633732877742080,3812348994618290
2,0,4470,1789633732877752320,3812348994628036
2,0,4471,1789633732877761536,3812348994637818
2,0,4472,1789633732877771776,3812348994647547
2,0,4473,1789633732877780992,3812348994657309
2,0,4474,1789633732877791232,3812348994667067
2,0,4475,1789633732877800448,3812348994676831
2,0,4476,1789633732877810688,3812348994686600
2,0,4477,1789633732877819904,3812348994696336
2,0,4478,1789633732877830144,3812348994706093
2,0,4479,1789633732877839360,3812348994715835
2,0,4480,1789633732877849600,3812348994725610
2,0,4481,1789633732877858816,3812348994735355
2,0,4482,1789633732877869056,3812348994745111
2,0,4483,1789633732877878272,3812348994754869
2,0,4484,1789633732877888512,3812348994764623
2,0,4485,1789633732877897728,3812348994774375
2,0,4486,1789633732877907968,3812348994784149
2,0,4487,1789633732877917184,3812348994793891
2,0,4488,1789633732877927424,3812348994803642
2,0,4489,1789633732877937664,3812348994813395
2,0,4490,1789633732877946880,3812348994823180
2,0,4491,1789633732877957120,3812348994832895
2,0,4492,1789633732877966336,3812348994842651
2,0,4493,1789633732877976576,3812348994852409
2,0,4494,1789633732877985792,3812348994862172
2,0,4495,1789633732877996032,3812348994871925
2,0,4496,1789633732878005248,3812348994881676
2,0,4497,1789633732878015488,3812348994891430
2,0,4498,1789633732878024704,3812348994901186
2,0,4499,1789633732878034944,3812348994910933
2,0,4500,1789633732878044160,3812348994920704
2,0,4501,1789633732878054400,3812348994930445
2,0,4502,1789633732878063616,3812348994940195
2,0,4503,1789633732878073856,3812348994949954
2,0,4504,1789633732878083072,3812348994959714
2,0,4505,1789633732878093312,3812348994969461
2,0,4506,1789633732878102528,3812348994979235
2,0,4507,1789633732878112768,3812348994988969
2,0,4508,1789633732878121984,3812348994998720
2,0,4509,1789633732878132224,3812348995008475
2,0,4510,1789633732878142464,3812348995018235
2,0,4511,1789633732878151680,3812348995027991
2,0,4512,1789633732878161920,3812348995037740
2,0,4513,1789633732878171136,3812348995047498
2,0,4514,1789633732878181376,3812348995057248
2,0,4515,1789633732878190592,3812348995067013
2,0,4516,1789633732878200832,3812348995076745
2,0,4517,1789633732878210048,3812348995086515
2,0,4518,1789633732878220288,3812348995096268
2,0,4519,1789633732878229504,3812348995106018
2,0,4520,1789633732878239744,3812348995115783
2,0,4521,1789633732878248960,3812348995125544
2,0,4522,1789633732878259200,3812348995135295
2,0,4523,1789633732878268416,3812348995145044
2,0,4524,1789633732878278656,3812348995154795
2,0,4525,1789633732878287872,3812348995164548
2,0,4526,1789633732878298112,3812348995174303
2,0,4527,1789633732878307328,3812348995184055
2,0,4528,1789633732878317568,3812348995193809
2,0,4529,1789633732878327808,3812348995203570
2,0,4530,1789633732878337024,3812348995213315
2,0,4531,1789633732878347264,3812348995223063
2,0,4532,1789633732878356480,3812348995232829
2,0,4533,1789633732878366720,3812348995242578
2,0,4534,1789633732878375936,3812348995252333
2,0,4535,1789633732878386176,3812348995262090
2,0,4536,1789633732878395392,3812348995271843
2,0,4537,1789633732878405632,3812348995281591
2,0,4538,1789633732878414848,3812348995291358
2,0,4539,1789633732878425088,3812348995301103
2,0,4540,1789633732878434304,3812348995310830
2,0,4541,1789633732878444544,3812348995320583
2,0,4542,1789633732878453760,3812348995330343
2,0,4543,1789633732878464000,3812348995340095
2,0,4544,1789633732878473216,3812348995349846
2,0,4545,1789633732878483456,3812348995359595
2,0,4546,1789633732878492672,3812348995369345
2,0,4547,1789633732878502912,3812348995379110
2,0,4548,1789633732878512128,3812348995388863
2,0,4549,1789633732878522368,3812348995398606
2,0,4550,1789633732878532608,3812348995408383
2,0,4551,1789633732878541824,3812348995418125
2,0,4552,1789633732878552064,3812348995427882
2,0,4553,1789633732878561280,3812348995437638
2,0,4554,1789633732878571520,3812348995447401
2,0,4555,1789633732878580736,3812348995457135
2,0,4556,1789633732878590976,3812348995466888
2,0,4557,1789633732878600192,3812348995476646
2,0,4558,1789633732878610432,3812348995486420
2,0,4559,1789633732878619648,3812348995496155
2,0,4560,1789633732878629888,3812348995505930
2,0,4561,1789633732878639104,3812348995515670
2,0,4562,1789633732878649344,3812348995525423
2,0,4563,1789633732878658560,3812348995535175
2,0,4564,1789633732878668800,3812348995544938
2,0,4565,1789633732878678016,3812348995554690
2,0,4566,1789633732878688256,3812348995564436
2,0,4567,1789633732878697472,3812348995574185
2,0,4568,1789633732878707712,3812348995583960
2,0,4569,1789633732878717952,3812348995593703
2,0,4570,1789633732878727168,3812348995603458
2,0,4571,1789633732878737408,3812348995613209
2,0,4572,1789633732878746624,3812348995622975
2,0,4573,1789633732878756864,3812348995632714
2,0,4574,1789633732878766080,3812348995642463
2,0,4575,1789633732878776320,3812348995652228
2,0,4576,1789633732878785536,3812348995661976
2,0,4577,1789633732878795776,3812348995671743
2,0,4578,1789633732878804992,3812348995681536
2,0,4579,1789633732878815232,3812348995691255
2,0,4580,1789633732878824448,3812348995700983
2,0,4581,1789633732878834688,3812348995710755
2,0,4582,1789633732878843904,3812348995720496
2,0,4583,1789633732878854144,3812348995730255
2,0,4584,1789633732878863360,3812348995740015
2,0,4585,1789633732878873600,3812348995749761
2,0,4586,1789633732878882816,3812348995759512
2,0,4587,1789633732878893056,3812348995769283
2,0,4588,1789633732878903296,3812348995779028
2,0,4589,1789633732878912512,3812348995788785
2,0,4590,1789633732878922752,3812348995798534
2,0,4591,1789633732878931968,3812348995808290
2,0,4592,1789633732878942208,3812348995818044
2,0,4593,1789633732878951424,3812348995827809
2,0,4594,1789633732878961664,3812348995837554
2,0,4595,1789633732878970880,3812348995847323
2,0,4596,1789633732878981120,3812348995857069
2,0,4597,1789633732878990336,3812348995866816
2,0,4598,1789633732879000576,3812348995876563
2,0,4599,1789633732879009792,3812348995886343
2,0,4600,1789633732879020032,3812348995896093
2,0,4601,1789633732879029248,3812348995905845
2,0,4602,1789633732879039488,3812348995915584
2,0,4603,1789633732879048704,3812348995925353
2,0,4604,1789633732879058944,3812348995935094
2,0,4605,1789633732879068160,3812348995944844
2,0,4606,1789633732879078400,3812348995954603
2,0,4607,1789633732879087616,3812348995964360
2,0,4608,1789633732879097856,3812348995974114
2,0,4609,1789633732879108096,3812348995983854
2,0,4610,1789633732879117312,3812348995993629
2,0,4611,1789633732879127552,3812348996003374
2,0,4612,1789633732879136768,3812348996013144
2,0,4613,1789633732879147008,3812348996022878
2,0,4614,1789633732879156224,3812348996032653
2,0,4615,1789633732879166464,3812348996042384
2,0,4616,1789633732879175680,3812348996052154
2,0,4617,1789633732879185920,3812348996061898
2,0,4618,1789633732879195136,3812348996071654
2,0,4619,1789633732879205376,3812348996081404
2,0,4620,1789633732879214592,3812348996091169
2,0,4621,1789633732879224832,3812348996100920
2,0,4622,1789633732879234048,3812348996110674
2,0,4623,1789633732879244288,3812348996120414
2,0,4624,1789633732879253504,3812348996130193
2,0,4625,1789633732879263744,3812348996139934
2,0,4626,1789633732879272960,3812348996149694
2,0,4627,1789633732879283200,3812348996159434
2,0,4628,1789633732879293440,3812348996169211
2,0,4629,1789633732879302656,3812348996178943
2,0,4630,1789633732879312896,3812348996188703
2,0,4631,1789633732879322112,3812348996198470
2,0,4632,1789633732879332352,3812348996208223
2,0,4633,1789633732879341568,3812348996217965
2,0,4634,1789633732879351808,3812348996227714
2,0,4635,1789633732879361024,3812348996237480
2,0,4636,1789633732879371264,3812348996247224
2,0,4637,1789633732879380480,3812348996256984
2,0,4638,1789633732879390720,3812348996266743
2,0,4639,1789633732879399936,3812348996276494
2,0,4640,1789633732879410176,3812348996286234
2,0,4641,1789633732879419392,3812348996295998
2,0,4642,1789633732879429632,3812348996305746
2,0,4643,1789633732879438848,3812348996315514
2,0,4644,1789633732879449088,3812348996325264
2,0,4645,1789633732879458304,3812348996335016
2,0,4646,1789633732879468544,3812348996344770
2,0,4647,1789633732879477760,3812348996354521
2,0,4648,1789633732879488000,3812348996364274
2,0,4649,1789633732879498240,3812348996374038
2,0,4650,1789633732879507456,3812348996383794
2,0,4651,1789633732879517696,3812348996393543
2,0,4652,1789633732879526912,3812348996403303
2,0,4653,1789633732879537152,3812348996413150
2,0,4654,1789633732879546368,3812348996422802
2,0,4655,1789633732879556608,3812348996432554
2,0,4656,1789633732879565824,3812348996442322
2,0,4657,1789633732879576064,3812348996452074
2,0,4658,1789633732879585280,3812348996461814
2,0,4659,1789633732879595520,3812348996471593
2,0,4660,1789633732879604736,3812348996481330
2,0,4661,1789633732879614976,3812348996491080
2,0,4662,1789633732879624192,3812348996500847
2,0,4663,1789633732879634432,3812348996510610
2,0,4664,1789633732879643648,3812348996520343
2,0,4665,1789633732879653888,3812348996530088
2,0,4666,1789633732879663104,3812348996539863
2,0,4667,1789633732879673344,3812348996549606
2,0,4668,1789633732879683584,3812348996559344
2,0,4669,1789633732879692800,3812348996569114
2,0,4670,1789633732879703040,3812348996578884
2,0,4671,1789633732879712256,3812348996588614
2,0,4672,1789633732879722496,3812348996598383
2,0,4673,1789633732879731712,3812348996608144
2,0,4674,1789633732879741952,3812348996617903
2,0,4675,1789633732879751168,3812348996627634
2,0,4676,1789633732879761408,3812348996637402
2,0,4677,1789633732879770624,3812348996647150
2,0,4678,1789633732879780864,3812348996656914
2,0,4679,1789633732879790080,3812348996666654
2,0,4680,1789633732879800320,3812348996676423
2,0,4681,1789633732879809536,3812348996686170
2,0,4682,1789633732879819776,3812348996695934
2,0,4683,1789633732879828992,3812348996705674
2,0,4684,1789633732879839232,3812348996715440
2,0,4685,1789633732879848448,3812348996725183
2,0,4686,1789633732879858688,3812348996734944
2,0,4687,1789633732879868928,3812348996744693
2,0,4688,1789633732879878144,3812348996754460
2,0,4689,1789633732879888384,3812348996764163
2,0,4690,1789633732879897600,3812348996773960
2,0,4691,1789633732879907840,3812348996783710
2,0,4692,1789633732879917056,3812348996793461
2,0,4693,1789633732879927296,3812348996803223
2,0,4694,1789633732879936512,3812348996812989
2,0,4695,1789633732879946752,3812348996822731
2,0,4696,1789633732879955968,3812348996832474
2,0,4697,1789633732879966208,3812348996842230
2,0,4698,1789633732879975424,3812348996851986
2,0,4699,1789633732879985664,3812348996861734
2,0,4700,1789633732879994880,3812348996871536
2,0,4701,1789633732880005120,3812348996881264
2,0,4702,1789633732880014336,3812348996891010
2,0,4703,1789633732880024576,3812348996900758
2,0,4704,1789633732880033792,3812348996910503
2,0,4705,1789633732880044032,3812348996920281
2,0,4706,1789633732880053248,3812348996930014
2,0,4707,1789633732880063488,3812348996939762
2,0,4708,1789633732880073728,3812348996949530
2,0,4709,1789633732880082944,3812348996959288
2,0,4710,1789633732880093184,3812348996968996
2,0,4711,1789633732880102400,3812348996978794
2,0,4712,1789633732880112640,3812348996988553
2,0,4713,1789633732880121856,3812348996998303
2,0,4714,1789633732880132096,3812348997008052
2,0,4715,1789633732880141312,3812348997017824
2,0,4716,1789633732880151552,3812348997027570
2,0,4717,1789633732880160768,3812348997037322
2,0,4718,1789633732880171008,3812348997047064
2,0,4719,1789633732880180224,3812348997056842
2,0,4720,1789633732880190464,3812348997066577
2,0,4721,1789633732880199680,3812348997076343
2,0,4722,1789633732880209920,3812348997086086
2,0,4723,1789633732880219136,3812348997095854
2,0,4724,1789633732880229376,3812348997105591
2,0,4725,1789633732880238592,3812348997115354
2,0,4726,1789633732880248832,3812348997125110
2,0,4727,1789633732880259072,3812348997134854
2,0,4728,1789633732880268288,3812348997144614
2,0,4729,1789633732880278528,3812348997154362
2,0,4730,1789633732880287744,3812348997164113
2,0,4731,1789633732880297984,3812348997173853
2,0,4732,1789633732880307200,3812348997183623
2,0,4733,1789633732880317440,3812348997193384
2,0,4734,1789633732880326656,3812348997203144
2,0,4735,1789633732880336896,3812348997212884
2,0,4736,1789633732880346112,3812348997222664
2,0,4737,1789633732880356352,3812348997232400
2,0,4738,1789633732880365568,3812348997242163
2,0,4739,1789633732880375808,3812348997251906
2,0,4740,1789633732880385024,3812348997261684
2,0,4741,1789633732880395264,3812348997271414
2,0,4742,1789633732880404480,3812348997281164
2,0,4743,1789633732880414720,3812348997290928
2,0,4744,1789633732880423936,3812348997300680
2,0,4745,1789633732880434176,3812348997310434
2,0,4746,1789633732880444416,3812348997320194
2,0,4747,1789633732880453632,3812348997329951
2,0,4748,1789633732880463872,3812348997339703
2,0,4749,1789633732880473088,3812348997349443
2,0,4750,1789633732880483328,3812348997359223
2,0,4751,1789633732880492544,3812348997368969
2,0,4752,1789633732880502784,3812348997378727
2,0,4753,1789633732880512000,3812348997388464
2,0,4754,1789633732880522240,3812348997398226
2,0,4755,1789633732880531456,3812348997407974
2,0,4756,1789633732880541696,3812348997417727
2,0,4757,1789633732880550912,3812348997427493
2,0,4758,1789633732880561152,3812348997437241
2,0,4759,1789633732880570368,3812348997446984
2,0,4760,1789633732880580608,3812348997456740
2,0,4761,1789633732880589824,3812348997466493
2,0,4762,1789633732880600064,3812348997476254
2,0,4763,1789633732880609280,3812348997486001
2,0,4764,1789633732880619520,3812348997495751
2,0,4765,1789633732880628736,3812348997505528
2,0,4766,1789633732880638976,3812348997515264
2,0,4767,1789633732880649216,3812348997525034
2,0,4768,1789633732880658432,3812348997534763
2,0,4769,1789633732880668672,3812348997544544
2,0,4770,1789633732880677888,3812348997554284
2,0,4771,1789633732880688128,3812348997564063
2,0,4772,1789633732880697344,3812348997573802
2,0,4773,1789633732880707584,3812348997587367
2,0,4774,1789633732880716800,3812348997593301
2,0,4775,1789633732880727040,3812348997603134
2,0,4776,1789633732880736256,3812348997612817
2,0,4777,1789633732880746496,3812348997622562
2,0,4778,1789633732880755712,3812348997632315
2,0,4779,1789633732880765952,3812348997642077
2,0,4780,1789633732880775168,3812348997651823
2,0,4781,1789633732880785408,3812348997661574
2,0,4782,1789633732880794624,3812348997671337
2,0,4783,1789633732880804864,3812348997681100
2,0,4784,1789633732880814080,3812348997690848
2,0,4785,1789633732880824320,3812348997700606
2,0,4786,1789633732880834560,3812348997710360
2,0,4787,1789633732880843776,3812348997720114
2,0,4788,1789633732880854016,3812348997729863
2,0,4789,1789633732880863232,3812348997739621
2,0,4790,1789633732880873472,3812348997749374
2,0,4791,1789633732880882688,3812348997759124
2,0,4792,1789633732880892928,3812348997768874
2,0,4793,1789633732880902144,3812348997778640
2,0,4794,1789633732880912384,3812348997788383
2,0,4795,1789633732880921600,3812348997798137
2,0,4796,1789633732880931840,3812348997807908
2,0,4797,1789633732880941056,3812348997817650
2,0,4798,1789633732880951296,3812348997827414
2,0,4799,1789633732880960512,3812348997837165
2,0,4800,1789633732880970752,3812348997846930
2,0,4801,1789633732880979968,3812348997856664
2,0,4802,1789633732880990208,3812348997866414
2,0,4803,1789633732880999424,3812348997876164
2,0,4804,1789633732881009664,3812348997885943
2,0,4805,1789633732881019904,3812348997895684
2,0,4806,1789633732881029120,3812348997905448
2,0,4807,1789633732881039360,3812348997915202
2,0,4808,1789633732881048576,3812348997924944
2,0,4809,1789633732881058816,3812348997934694
2,0,4810,1789633732881068032,3812348997944469
2,0,4811,1789633732881078272,3812348997954209
2,0,4812,1789633732881087488,3812348997963963
2,0,4813,1789633732881097728,3812348997973711
2,0,4814,1789633732881106944,3812348997983470
2,0,4815,1789633732881117184,3812348997993220
2,0,4816,1789633732881126400,3812348998002984
2,0,4817,1789633732881136640,3812348998012743
2,0,4818,1789633732881145856,3812348998022486
2,0,4819,1789633732881156096,3812348998032237
2,0,4820,1789633732881165312,3812348998042014
2,0,4821,1789633732881175552,3812348998051761
2,0,4822,1789633732881184768,3812348998061536
2,0,4823,1789633732881195008,3812348998071260
2,0,4824,1789633732881204224,3812348998081007
2,0,4825,1789633732881214464,3812348998090774
2,0,4826,1789633732881224704,3812348998100514
2,0,4827,1789633732881233920,3812348998110291
2,0,4828,1789633732881244160,3812348998120030
2,0,4829,1789633732881253376,3812348998129797
2,0,4830,1789633732881263616,3812348998139535
2,0,4831,1789633732881272832,3812348998149285
2,0,4832,1789633732881283072,3812348998159050
2,0,4833,1789633732881292288,3812348998168810
2,0,4834,1789633732881302528,3812348998178544
2,0,4835,1789633732881311744,3812348998188311
2,0,4836,1789633732881321984,3812348998198054
2,0,4837,1789633732881331200,3812348998207824
2,0,4838,1789633732881341440,3812348998217577
2,0,4839,1789633732881350656,3812348998227327
2,0,4840,1789633732881360896,3812348998237074
2,0,4841,1789633732881370112,3812348998246834
2,0,4842,1789633732881380352,3812348998256590
2,0,4843,1789633732881389568,3812348998266337
2,0,4844,1789633732881399808,3812348998276103
2,0,4845,1789633732881410048,3812348998285864
2,0,4846,1789633732881419264,3812348998295610
2,0,4847,1789633732881429504,3812348998305363
2,0,4848,1789633732881438720,3812348998315111
2,0,4849,1789633732881448960,3812348998324873
2,0,4850,1789633732881458176,3812348998334624
2,0,4851,1789633732881468416,3812348998344373
2,0,4852,1789633732881477632,3812348998354141
2,0,4853,1789633732881487872,3812348998363890
2,0,4854,1789633732881497088,3812348998373637
2,0,4855,1789633732881507328,3812348998383381
2,0,4856,1789633732881516544,3812348998393148
2,0,4857,1789633732881526784,3812348998402851
2,0,4858,1789633732881536000,3812348998412668
2,0,4859,1789633732881546240,3812348998422400
2,0,4860,1789633732881555456,3812348998432180
2,0,4861,1789633732881565696,3812348998441913
2,0,4862,1789633732881574912,3812348998451674
2,0,4863,1789633732881585152,3812348998461414
2,0,4864,1789633732881594368,3812348998471181
2,0,4865,1789633732881604608,3812348998480923
2,0,4866,1789633732881614848,3812348998490709
2,0,4867,1789633732881624064,3812348998500437
2,0,4868,1789633732881634304,3812348998510193
2,0,4869,1789633732881643520,3812348998519950
2,0,4870,1789633732881653760,3812348998529718
2,0,4871,1789633732881662976,3812348998539453
2,0,4872,1789633732881673216,3812348998549210
2,0,4873,1789633732881682432,3812348998558961
2,0,4874,1789633732881692672,3812348998568738
2,0,4875,1789633732881701888,3812348998578473
2,0,4876,1789633732881712128,3812348998588230
2,0,4877,1789633732881721344,3812348998597990
2,0,4878,1789633732881731584,3812348998607713
2,0,4879,1789633732881740800,3812348998617483
2,0,4880,1789633732881751040,3812348998627237
2,0,4881,1789633732881760256,3812348998636998
2,0,4882,1789633732881770496,3812348998646756
2,0,4883,1789633732881779712,3812348998656497
2,0,4884,1789633732881789952,3812348998666267
2,0,4885,1789633732881800192,3812348998676009
2,0,4886,1789633732881809408,3812348998685764
2,0,4887,1789633732881819648,3812348998695521
2,0,4888,1789633732881828864,3812348998705271
2,0,4889,1789633732881839104,3812348998715021
2,0,4890,1789633732881848320,3812348998724787
2,0,4891,1789633732881858560,3812348998734534
2,0,4892,1789633732881867776,3812348998744293
2,0,4893,1789633732881878016,3812348998754052
2,0,4894,1789633732881887232,3812348998763793
2,0,4895,1789633732881897472,3812348998773567
2,0,4896,1789633732881906688,3812348998783311
2,0,4897,1789633732881916928,3812348998793143
2,0,4898,1789633732881926144,3812348998802823
2,0,4899,1789633732881936384,3812348998812557
2,0,4900,1789633732881945600,3812348998822321
2,0,4901,1789633732881955840,3812348998832096
2,0,4902,1789633732881965056,3812348998841834
2,0,4903,1789633732881975296,3812348998851593
2,0,4904,1789633732881985536,3812348998861343
2,0,4905,1789633732881994752,3812348998871027
2,0,4906,1789633732882003968,3812348998880718
2,0,4907,1789633732882014208,3812348998890461
2,0,4908,1789633732882023424,3812348998900227
2,0,4909,1789633732882033664,3812348998909977
2,0,4910,1789633732882043904,3812348998919731
2,0,4911,1789633732882053120,3812348998929470
2,0,4912,1789633732882063360,3812348998939233
2,0,4913,1789633732882072576,3812348998948984
2,0,4914,1789633732882082816,3812348998958760
2,0,4915,1789633732882092032,3812348998968493
2,0,4916,1789633732882102272,3812348998978255
2,0,4917,1789633732882111488,3812348998988007
2,0,4918,1789633732882121728,3812348998997754
2,0,4919,1789633732882130944,3812348999007509
2,0,4920,1789633732882141184,3812348999017268
2,0,4921,1789633732882150400,3812348999027013
2,0,4922,1789633732882160640,3812348999036777
2,0,4923,1789633732882169856,3812348999046528
2,0,4924,1789633732882180096,3812348999056293
2,0,4925,1789633732882189312,3812348999066033
2,0,4926,1789633732882199552,3812348999075793
2,0,4927,1789633732882208768,3812348999085548
2,0,4928,1789633732882219008,3812348999095295
2,0,4929,1789633732882229248,3812348999105046
2,0,4930,1789633732882238464,3812348999114810
2,0,4931,1789633732882248704,3812348999124564
2,0,4932,1789633732882257920,3812348999134316
2,0,4933,1789633732882268160,3812348999144073
2,0,4934,1789633732882277376,3812348999153827
2,0,4935,1789633732882287616,3812348999163583
2,0,4936,1789633732882296832,3812348999173327
2,0,4937,1789633732882307072,3812348999183081
2,0,4938,1789633732882316288,3812348999192840
2,0,4939,1789633732882326528,3812348999202601
2,0,4940,1789633732882335744,3812348999212347
2,0,4941,1789633732882345984,3812348999222120
2,0,4942,1789633732882355200,3812348999231853
2,0,4943,1789633732882365440,3812348999241608
2,0,4944,1789633732882374656,3812348999251371
2,0,4945,1789633732882384896,3812348999261127
2,0,4946,1789633732882394112,3812348999270871
2,0,4947,1789633732882404352,3812348999280633
2,0,4948,1789633732882413568,3812348999290390
2,0,4949,1789633732882423808,3812348999300136
2,0,4950,1789633732882434048,3812348999309896
2,0,4951,1789633732882443264,3812348999319647
2,0,4952,1789633732882453504,3812348999329400
2,0,4953,1789633732882462720,3812348999339150
2,0,4954,1789633732882472960,3812348999348903
2,0,4955,1789633732882482176,3812348999358661
2,0,4956,1789633732882492416,3812348999368413
2,0,4957,1789633732882501632,3812348999378173
2,0,4958,1789633732882511872,3812348999387931
2,0,4959,1789633732882521088,3812348999397677
2,0,4960,1789633732882531328,3812348999407433
2,0,4961,1789633732882540544,3812348999417181
2,0,4962,1789633732882550784,3812348999426948
2,0,4963,1789633732882560000,3812348999436694
2,0,4964,1789633732882570240,3812348999446453
2,0,4965,1789633732882579456,3812348999456213
2,0,4966,1789633732882589696,3812348999465958
2,0,4967,1789633732882598912,3812348999475717
2,0,4968,1789633732882609152,3812348999485454
2,0,4969,1789633732882619392,3812348999495234
2,0,4970,1789633732882628608,3812348999504970
2,0,4971,1789633732882638848,3812348999514718
2,0,4972,1789633732882648064,3812348999524489
2,0,4973,1789633732882658304,3812348999534241
2,0,4974,1789633732882667520,3812348999543986
2,0,4975,1789633732882677760,3812348999553745
2,0,4976,1789633732882686976,3812348999563507
2,0,4977,1789633732882697216,3812348999573257
2,0,4978,1789633732882706432,3812348999583013
2,0,4979,1789633732882716672,3812348999592758
2,0,4980,1789633732882725888,3812348999602518
2,0,4981,1789633732882736128,3812348999612273
2,0,4982,1789633732882745344,3812348999622020
2,0,4983,1789633732882755584,3812348999631781
2,0,4984,1789633732882764800,3812348999641522
2,0,4985,1789633732882775040,3812348999651290
2,0,4986,1789633732882784256,3812348999661033
2,0,4987,1789633732882794496,3812348999670808
2,0,4988,1789633732882804736,3812348999680543
2,0,4989,1789633732882813952,3812348999690304
2,0,4990,1789633732882824192,3812348999700063
2,0,4991,1789633732882833408,3812348999709810
2,0,4992,1789633732882843648,3812348999719563
2,0,4993,1789633732882852864,3812348999729327
2,0,4994,1789633732882863104,3812348999739078
2,0,4995,1789633732882872320,3812348999748821
2,0,4996,1789633732882882560,3812348999758580
2,0,4997,1789633732882891776,3812348999768334
2,0,4998,1789633732882902016,3812348999778081
2,0,4999,1789633732882911232,3812348999787853
2,0,5000,1789633732882921472,3812348999797593
2,0,5001,1789633732882930688,3812348999807359
2,0,5002,1789633732882940928,3812348999817103
2,0,5003,1789633732882950144,3812348999826857
2,0,5004,1789633732882960384,3812348999836616
2,0,5005,1789633732882969600,3812348999846373
2,0,5006,1789633732882979840,3812348999856123
2,0,5007,1789633732882989056,3812348999865888
2,0,5008,1789633732882999296,3812348999875641
2,0,5009,1789633732883009536,3812348999885393
2,0,5010,1789633732883018752,3812348999895143
2,0,5011,1789633732883028992,3812348999904911
2,0,5012,1789633732883038208,3812348999914647
2,0,5013,1789633732883048448,3812348999924401
2,0,5014,1789633732883057664,3812348999934149
2,0,5015,1789633732883067904,3812348999943917
2,0,5016,1789633732883077120,3812348999953662
2,0,5017,1789633732883087360,3812348999963413
2,0,5018,1789633732883096576,3812348999973183
2,0,5019,1789633732883106816,3812348999982918
2,0,5020,1789633732883116032,3812348999992681
2,0,5021,1789633732883126272,3812349000002443
2,0,5022,1789633732883135488,3812349000012213
2,0,5023,1789633732883145728,3812349000021941
2,0,5024,1789633732883154944,3812349000031701
2,0,5025,1789633732883165184,3812349000041545
2,0,5026,1789633732883174400,3812349000051217
2,0,5027,1789633732883184640,3812349000060963
2,0,5028,1789633732883194880,3812349000070716
2,0,5029,1789633732883204096,3812349000080491
2,0,5030,1789633732883214336,3812349000090219
2,0,5031,1789633732883223552,3812349000099973
2,0,5032,1789633732883233792,3812349000109741
2,0,5033,1789633732883243008,3812349000119489
2,0,5034,1789633732883253248,3812349000129255
2,0,5035,1789633732883262464,3812349000138993
2,0,5036,1789633732883272704,3812349000148754
2,0,5037,1789633732883281920,3812349000158493
2,0,5038,1789633732883292160,3812349000168254
2,0,5039,1789633732883301376,3812349000178026
2,0,5040,1789633732883311616,3812349000187777
2,0,5041,1789633732883320832,3812349000197523
2,0,5042,1789633732883331072,3812349000207274
2,0,5043,1789633732883340288,3812349000217027
2,0,5044,1789633732883350528,3812349000226791
2,0,5045,1789633732883359744,3812349000236528
2,0,5046,1789633732883369984,3812349000246303
2,0,5047,1789633732883380224,3812349000256047
2,0,5048,1789633732883389440,3812349000265793
2,0,5049,1789633732883399680,3812349000275563
2,0,5050,1789633732883408896,3812349000285310
2,0,5051,1789633732883419136,3812349000295063
2,0,5052,1789633732883428352,3812349000304813
2,0,5053,1789633732883438592,3812349000314583
2,0,5054,1789633732883447808,3812349000324340
2,0,5055,1789633732883458048,3812349000334083
2,0,5056,1789633732883467264,3812349000343821
2,0,5057,1789633732883477504,3812349000353596
2,0,5058,1789633732883486720,3812349000363341
2,0,5059,1789633732883496960,3812349000373116
2,0,5060,1789633732883506176,3812349000382846
2,0,5061,1789633732883516416,3812349000392612
2,0,5062,1789633732883525632,3812349000402353
2,0,5063,1789633732883535872,3812349000412113
2,0,5064,1789633732883545088,3812349000421878
2,0,5065,1789633732883555328,3812349000431624
2,0,5066,1789633732883564544,3812349000441373
2,0,5067,1789633732883574784,3812349000451129
2,0,5068,1789633732883585024,3812349000460891
2,0,5069,1789633732883594240,3812349000470653
2,0,5070,1789633732883604480,3812349000480388
2,0,5071,1789633732883613696,3812349000490159
2,0,5072,1789633732883623936,3812349000499890
2,0,5073,1789633732883633152,3812349000509656
2,0,5074,1789633732883643392,3812349000519418
2,0,5075,1789633732883652608,3812349000529157
2,0,5076,1789633732883662848,3812349000538916
2,0,5077,1789633732883672064,3812349000548674
2,0,5078,1789633732883682304,3812349000558428
2,0,5079,1789633732883691520,3812349000568185
2,0,5080,1789633732883701760,3812349000577933
2,0,5081,1789633732883710976,3812349000587687
2,0,5082,1789633732883721216,3812349000597445
2,0,5083,1789633732883730432,3812349000607196
2,0,5084,1789633732883740672,3812349000616963
2,0,5085,1789633732883749888,3812349000626707
2,0,5086,1789633732883760128,3812349000636463
2,0,5087,1789633732883770368,3812349000646213
2,0,5088,1789633732883779584,3812349000655977
2,0,5089,1789633732883789824,3812349000665738
2,0,5090,1789633732883799040,3812349000675472
2,0,5091,1789633732883809280,3812349000685226
2,0,5092,1789633732883818496,3812349000694990
2,0,5093,1789633732883828736,3812349000704733
2,0,5094,1789633732883837952,3812349000714503
2,0,5095,1789633732883848192,3812349000724247
2,0,5096,1789633732883857408,3812349000733997
2,0,5097,1789633732883867648,3812349000743756
2,0,5098,1789633732883876864,3812349000753513
2,0,5099,1789633732883887104,3812349000763278
2,0,5100,1789633732883896320,3812349000773021
2,0,5101,1789633732883906560,3812349000782776
2,0,5102,1789633732883915776,3812349000792529
2,0,5103,1789633732883926016,3812349000802278
2,0,5104,1789633732883935232,3812349000812046
2,0,5105,1789633732883945472,3812349000821793
2,0,5106,1789633732883955712,3812349000831551
2,0,5107,1789633732883964928,3812349000841290
2,0,5108,1789633732883975168,3812349000851043
2,0,5109,1789633732883984384,3812349000860823
2,0,5110,1789633732883994624,3812349000870559
2,0,5111,1789633732884003840,3812349000880314
2,0,5112,1789633732884014080,3812349000890060
2,0,5113,1789633732884023296,3812349000899827
2,0,5114,1789633732884033536,3812349000909573
2,0,5115,1789633732884042752,3812349000919336
2,0,5116,1789633732884052992,3812349000929093
2,0,5117,1789633732884062208,3812349000938831
2,0,5118,1789633732884072448,3812349000948596
2,0,5119,1789633732884081664,3812349000958353
2,0,5120,1789633732884091904,3812349000968105
2,0,5121,1789633732884101120,3812349000977846
2,0,5122,1789633732884111360,3812349000987601
2,0,5123,1789633732884120576,3812349000997367
2,0,5124,1789633732884130816,3812349001007121
2,0,5125,1789633732884140032,3812349001016883
2,0,5126,1789633732884150272,3812349001026620
2,0,5127,1789633732884160512,3812349001036391
2,0,5128,1789633732884169728,3812349001046120
2,0,5129,1789633732884179968,3812349001055893
2,0,5130,1789633732884189184,3812349001065660
2,0,5131,1789633732884199424,3812349001075408
2,0,5132,1789633732884208640,3812349001085134
2,0,5133,1789633732884218880,3812349001094901
2,0,5134,1789633732884228096,3812349001104663
2,0,5135,1789633732884238336,3812349001114423
2,0,5136,1789633732884247552,3812349001124166
2,0,5137,1789633732884257792,3812349001133913
2,0,5138,1789633732884267008,3812349001143676
2,0,5139,1789633732884277248,3812349001153423
2,0,5140,1789633732884286464,3812349001163193
2,0,5141,1789633732884296704,3812349001172941
2,0,5142,1789633732884305920,3812349001182693
2,0,5143,1789633732884316160,3812349001192433
2,0,5144,1789633732884325376,3812349001202210
2,0,5145,1789633732884335616,3812349001211968
2,0,5146,1789633732884345856,3812349001221696
2,0,5147,1789633732884355072,3812349001231535
2,0,5148,1789633732884365312,3812349001241217
2,0,5149,1789633732884374528,3812349001250974
2,0,5150,1789633732884384768,3812349001260733
2,0,5151,1789633732884393984,3812349001270473
2,0,5152,1789633732884404224,3812349001280248
2,0,5153,1789633732884413440,3812349001289983
2,0,5154,1789633732884423680,3812349001299741
2,0,5155,1789633732884432896,3812349001309514
2,0,5156,1789633732884443136,3812349001319261
2,0,5157,1789633732884452352,3812349001329001
2,0,5158,1789633732884462592,3812349001338768
2,0,5159,1789633732884471808,3812349001348521
2,0,5160,1789633732884482048,3812349001358273
2,0,5161,1789633732884491264,3812349001368013
2,0,5162,1789633732884501504,3812349001377781
2,0,5163,1789633732884510720,3812349001387527
2,0,5164,1789633732884520960,3812349001397281
2,0,5165,1789633732884530176,3812349001407044
2,0,5166,1789633732884540416,3812349001416797
2,0,5167,1789633732884550656,3812349001426541
2,0,5168,1789633732884559872,3812349001436293
2,0,5169,1789633732884570112,3812349001446061
2,0,5170,1789633732884579328,3812349001455823
2,0,5171,1789633732884589568,3812349001465550
2,0,5172,1789633732884598784,3812349001475313
2,0,5173,1789633732884609024,3812349001485083
2,0,5174,1789633732884618240,3812349001494813
2,0,5175,1789633732884628480,3812349001504591
2,0,5176,1789633732884637696,3812349001514343
2,0,5177,1789633732884647936,3812349001524098
2,0,5178,1789633732884657152,3812349001533841
2,0,5179,1789633732884667392,3812349001543608
2,0,5180,1789633732884676608,3812349001553362
2,0,5181,1789633732884686848,3812349001563106
2,0,5182,1789633732884696064,3812349001572853
2,0,5183,1789633732884706304,3812349001582621
2,0,5184,1789633732884715520,3812349001592380
2,0,5185,1789633732884725760,3812349001602123
2,0,5186,1789633732884736000,3812349001611873
2,0,5187,1789633732884745216,3812349001621636
2,0,5188,1789633732884755456,3812349001631381
2,0,5189,1789633732884764672,3812349001641137
2,0,5190,1789633732884774912,3812349001650891
2,0,5191,1789633732884784128,3812349001660655
2,0,5192,1789633732884794368,3812349001670393
2,0,5193,1789633732884803584,3812349001680150
2,0,5194,1789633732884813824,3812349001689903
2,0,5195,1789633732884823040,3812349001699661
2,0,5196,1789633732884833280,3812349001709423
2,0,5197,1789633732884842496,3812349001719183
2,0,5198,1789633732884852736,3812349001728928
2,0,5199,1789633732884861952,3812349001738673
2,0,5200,1789633732884872192,3812349001748447
2,0,5201,1789633732884881408,3812349001758191
2,0,5202,1789633732884891648,3812349001767926
2,0,5203,1789633732884900864,3812349001777694
2,0,5204,1789633732884911104,3812349001787447
2,0,5205,1789633732884921344,3812349001797213
2,0,5206,1789633732884930560,3812349001806961
2,0,5207,1789633732884940800,3812349001816713
2,0,5208,1789633732884950016,3812349001826468
2,0,5209,1789633732884960256,3812349001836231
2,0,5210,1789633732884969472,3812349001845970
2,0,5211,1789633732884979712,3812349001855731
2,0,5212,1789633732884988928,3812349001865491
2,0,5213,1789633732884999168,3812349001875233
2,0,5214,1789633732885008384,3812349001885004
2,0,5215,1789633732885018624,3812349001894751
2,0,5216,1789633732885027840,3812349001904486
2,0,5217,1789633732885038080,3812349001914243
2,0,5218,1789633732885047296,3812349001924033
2,0,5219,1789633732885057536,3812349001933767
2,0,5220,1789633732885066752,3812349001943521
2,0,5221,1789633732885076992,3812349001953266
2,0,5222,1789633732885086208,3812349001963033
2,0,5223,1789633732885096448,3812349001972783
2,0,5224,1789633732885105664,3812349001982536
2,0,5225,1789633732885115904,3812349001992293
2,0,5226,1789633732885126144,3812349002002053
2,0,5227,1789633732885135360,3812349002011798
2,0,5228,1789633732885145600,3812349002021553
2,0,5229,1789633732885154816,3812349002031307
2,0,5230,1789633732885165056,3812349002041053
2,0,5231,1789633732885174272,3812349002050814
2,0,5232,1789633732885184512,3812349002060593
2,0,5233,1789633732885193728,3812349002070324
2,0,5234,1789633732885203968,3812349002080076
2,0,5235,1789633732885213184,3812349002089821
2,0,5236,1789633732885223424,3812349002099591
2,0,5237,1789633732885232640,3812349002109300
2,0,5238,1789633732885242880,3812349002119081
2,0,5239,1789633732885252096,3812349002128863
2,0,5240,1789633732885262336,3812349002138597
2,0,5241,1789633732885271552,3812349002148361
2,0,5242,1789633732885281792,3812349002158106
2,0,5243,1789633732885291008,3812349002167864
2,0,5244,1789633732885301248,3812349002177613
2,0,5245,1789633732885311488,3812349002187376
2,0,5246,1789633732885320704,3812349002197128
2,0,5247,1789633732885330944,3812349002206884
2,0,5248,1789633732885340160,3812349002216634
2,0,5249,1789633732885350400,3812349002226381
2,0,5250,1789633732885359616,3812349002236159
2,0,5251,1789633732885369856,3812349002245899
2,0,5252,1789633732885379072,3812349002255641
2,0,5253,1789633732885389312,3812349002265409
2,0,5254,1789633732885398528,3812349002275169
2,0,5255,1789633732885408768,3812349002284913
2,0,5256,1789633732885417984,3812349002294660
2,0,5257,1789633732885428224,3812349002304431
2,0,5258,1789633732885437440,3812349002314139
2,0,5259,1789633732885447680,3812349002323943
2,0,5260,1789633732885456896,3812349002333673
2,0,5261,1789633732885467136,3812349002343437
2,0,5262,1789633732885476352,3812349002353183
2,0,5263,1789633732885486592,3812349002362941
2,0,5264,1789633732885496832,3812349002372712
2,0,5265,1789633732885506048,3812349002382453
2,0,5266,1789633732885516288,3812349002392203
2,0,5267,1789633732885525504,3812349002401953
2,0,5268,1789633732885535744,3812349002411738
2,0,5269,1789633732885544960,3812349002421535
2,0,5270,1789633732885555200,3812349002431223
2,0,5271,1789633732885564416,3812349002440983
2,0,5272,1789633732885574656,3812349002450746
2,0,5273,1789633732885583872,3812349002460481
2,0,5274,1789633732885594112,3812349002470248
2,0,5275,1789633732885603328,3812349002480003
2,0,5276,1789633732885613568,3812349002489759
2,0,5277,1789633732885622784,3812349002499511
2,0,5278,1789633732885633024,3812349002509260
2,0,5279,1789633732885642240,3812349002518989
2,0,5280,1789633732885652480,3812349002528761
2,0,5281,1789633732885661696,3812349002538538
2,0,5282,1789633732885671936,3812349002548276
2,0,5283,1789633732885681152,3812349002558053
2,0,5284,1789633732885691392,3812349002567783
2,0,5285,1789633732885701632,3812349002577541
2,0,5286,1789633732885710848,3812349002587303
2,0,5287,1789633732885721088,3812349002597043
2,0,5288,1789633732885730304,3812349002606809
2,0,5289,1789633732885740544,3812349002616551
2,0,5290,1789633732885749760,3812349002626323
2,0,5291,1789633732885760000,3812349002636063
2,0,5292,1789633732885769216,3812349002645829
2,0,5293,1789633732885779456,3812349002655571
2,0,5294,1789633732885788672,3812349002665321
2,0,5295,1789633732885798912,3812349002675086
2,0,5296,1789633732885808128,3812349002684833
2,0,5297,1789633732885818368,3812349002694581
2,0,5298,1789633732885827584,3812349002704329
2,0,5299,1789633732885837824,3812349002714118
2,0,5300,1789633732885847040,3812349002723848
2,0,5301,1789633732885857280,3812349002733601
2,0,5302,1789633732885866496,3812349002743357
2,0,5303,1789633732885876736,3812349002753119
2,0,5304,1789633732885886976,3812349002762873
2,0,5305,1789633732885896192,3812349002772614
2,0,5306,1789633732885906432,3812349002782373
2,0,5307,1789633732885915648,3812349002792138
2,0,5308,1789633732885925888,3812349002801883
2,0,5309,1789633732885935104,3812349002811629
2,0,5310,1789633732885945344,3812349002821401
2,0,5311,1789633732885954560,3812349002831143
2,0,5312,1789633732885964800,3812349002840889
2,0,5313,1789633732885974016,3812349002850671
2,0,5314,1789633732885984256,3812349002860409
2,0,5315,1789633732885993472,3812349002870157
2,0,5316,1789633732886003712,3812349002879908
2,0,5317,1789633732886012928,3812349002889687
2,0,5318,1789633732886023168,3812349002899421
2,0,5319,1789633732886032384,3812349002909183
2,0,5320,1789633732886042624,3812349002918941
2,0,5321,1789633732886051840,3812349002928651
2,0,5322,1789633732886062080,3812349002938452
2,0,5323,1789633732886072320,3812349002948193
2,0,5324,1789633732886081536,3812349002957944
2,0,5325,1789633732886091776,3812349002967699
2,0,5326,1789633732886100992,3812349002977461
2,0,5327,1789633732886111232,3812349002987223
2,0,5328,1789633732886120448,3812349002996969
2,0,5329,1789633732886130688,3812349003006713
2,0,5330,1789633732886139904,3812349003016476
2,0,5331,1789633732886150144,3812349003026238
2,0,5332,1789633732886159360,3812349003035984
2,0,5333,1789633732886169600,3812349003045729
2,0,5334,1789633732886178816,3812349003055503
2,0,5335,1789633732886189056,3812349003065413
2,0,5336,1789633732886198272,3812349003075133
2,0,5337,1789633732886208512,3812349003084907
2,0,5338,1789633732886218752,3812349003094653
2,0,5339,1789633732886227968,3812349003104409
2,0,5340,1789633732886238208,3812349003114169
2,0,5341,1789633732886247424,3812349003123917
2,0,5342,1789633732886257664,3812349003133681
2,0,5343,1789633732886266880,3812349003143426
2,0,5344,1789633732886277120,3812349003153189
2,0,5345,1789633732886286336,3812349003162951
2,0,5346,1789633732886296576,3812349003172683
2,0,5347,1789633732886305792,3812349003182461
2,0,5348,1789633732886316032,3812349003192198
2,0,5349,1789633732886325248,3812349003201959
2,0,5350,1789633732886335488,3812349003211699
2,0,5351,1789633732886344704,3812349003221534
2,0,5352,1789633732886354944,3812349003231213
2,0,5353,1789633732886364160,3812349003240961
2,0,5354,1789633732886374400,3812349003250738
2,0,5355,1789633732886383616,3812349003260478
2,0,5356,1789633732886393856,3812349003270221
2,0,5357,1789633732886404096,3812349003279971
2,0,5358,1789633732886413312,3812349003289761
2,0,5359,1789633732886423552,3812349003299493
2,0,5360,1789633732886432768,3812349003309235
2,0,5361,1789633732886443008,3812349003318986
2,0,5362,1789633732886452224,3812349003328767
2,0,5363,1789633732886462464,3812349003338518
2,0,5364,1789633732886471680,3812349003348276
2,0,5365,1789633732886481920,3812349003358015
2,0,5366,1789633732886491136,3812349003367773
2,0,5367,1789633732886501376,3812349003377526
2,0,5368,1789633732886510592,3812349003387303
2,0,5369,1789633732886520832,3812349003397041
2,0,5370,1789633732886530048,3812349003406786
2,0,5371,1789633732886540288,3812349003416552
2,0,5372,1789633732886549504,3812349003426313
2,0,5373,1789633732886559744,3812349003436050
2,0,5374,1789633732886568960,3812349003445813
2,0,5375,1789633732886579200,3812349003455563
2,0,5376,1789633732886588416,3812349003465328
2,0,5377,1789633732886598656,3812349003475061
2,0,5378,1789633732886608896,3812349003484835
2,0,5379,1789633732886618112,3812349003494580
2,0,5380,1789633732886628352,3812349003504339
2,0,5381,1789633732886637568,3812349003514081
2,0,5382,1789633732886647808,3812349003523859
2,0,5383,1789633732886657024,3812349003533599
2,0,5384,1789633732886667264,3812349003543339
2,0,5385,1789633732886676480,3812349003553148
2,0,5386,1789633732886686720,3812349003562874
2,0,5387,1789633732886695936,3812349003572607
2,0,5388,1789633732886706176,3812349003582352
2,0,5389,1789633732886715392,3812349003592132
2,0,5390,1789633732886725632,3812349003601871
2,0,5391,1789633732886734848,3812349003611632
2,0,5392,1789633732886745088,3812349003621372
2,0,5393,1789633732886754304,3812349003631160
2,0,5394,1789633732886764544,3812349003640888
2,0,5395,1789633732886773760,3812349003650652
2,0,5396,1789633732886784000,3812349003660396
2,0,5397,1789633732886794240,3812349003670168
2,0,5398,1789633732886803456,3812349003679892
2,0,5399,1789633732886813696,3812349003689662
2,0,5400,1789633732886822912,3812349003699425
2,0,5401,1789633732886833152,3812349003709168
2,0,5402,1789633732886842368,3812349003718922
2,0,5403,1789633732886852608,3812349003728690
2,0,5404,1789633732886861824,3812349003738442
2,0,5405,1789633732886872064,3812349003748156
2,0,5406,1789633732886881280,3812349003757932
2,0,5407,1789633732886891520,3812349003767689
2,0,5408,1789633732886900736,3812349003777458
2,0,5409,1789633732886910976,3812349003787201
2,0,5410,1789633732886920192,3812349003796952
2,0,5411,1789633732886930432,3812349003806732
2,0,5412,1789633732886939648,3812349003816462
2,0,5413,1789633732886949888,3812349003826212
2,0,5414,1789633732886959104,3812349003835960
2,0,5415,1789633732886969344,3812349003845740
2,0,5416,1789633732886979584,3812349003855474
2,0,5417,1789633732886988800,3812349003865232
2,0,5418,1789633732886999040,3812349003874994
2,0,5419,1789633732887008256,3812349003884732
2,0,5420,1789633732887018496,3812349003894496
2,0,5421,1789633732887027712,3812349003904248
2,0,5422,1789633732887037952,3812349003914028
2,0,5423,1789633732887047168,3812349003923752
2,0,5424,1789633732887057408,3812349003933531
2,0,5425,1789633732887066624,3812349003943261
2,0,5426,1789633732887076864,3812349003953011
2,0,5427,1789633732887086080,3812349003962772
2,0,5428,1789633732887096320,3812349003972528
2,0,5429,1789633732887105536,3812349003982288
2,0,5430,1789633732887115776,3812349003992052
2,0,5431,1789633732887124992,3812349004001782
2,0,5432,1789633732887135232,3812349004011547
2,0,5433,1789633732887144448,3812349004021302
2,0,5434,1789633732887154688,3812349004031062
2,0,5435,1789633732887163904,3812349004040806
2,0,5436,1789633732887174144,3812349004050568
2,0,5437,1789633732887184384,3812349004060319
2,0,5438,1789633732887193600,3812349004070062
2,0,5439,1789633732887203840,3812349004079827
2,0,5440,1789633732887213056,3812349004089602
2,0,5441,1789633732887223296,3812349004099334
2,0,5442,1789633732887232512,3812349004109101
2,0,5443,1789633732887242752,3812349004118844
2,0,5444,1789633732887251968,3812349004128606
2,0,5445,1789633732887262208,3812349004138341
2,0,5446,1789633732887271424,3812349004148107
2,0,5447,1789633732887281664,3812349004157846
2,0,5448,1789633732887290880,3812349004167624
2,0,5449,1789633732887301120,3812349004177362
2,0,5450,1789633732887310336,3812349004187121
2,0,5451,1789633732887320576,3812349004196865
2,0,5452,1789633732887329792,3812349004206622
2,0,5453,1789633732887340032,3812349004216397
2,0,5454,1789633732887349248,3812349004226133
2,0,5455,1789633732887359488,3812349004235905
2,0,5456,1789633732887369728,3812349004245659
2,0,5457,1789633732887378944,3812349004255407
2,0,5458,1789633732887389184,3812349004265152
2,0,5459,1789633732887398400,3812349004274924
2,0,5460,1789633732887408640,3812349004284662
2,0,5461,1789633732887417856,3812349004294410
2,0,5462,1789633732887428096,3812349004304169
2,0,5463,1789633732887437312,3812349004313946
2,0,5464,1789633732887447552,3812349004323658
2,0,5465,1789633732887456768,3812349004333432
2,0,5466,1789633732887467008,3812349004343186
2,0,5467,1789633732887476224,3812349004352934
2,0,5468,1789633732887486464,3812349004362692
2,0,5469,1789633732887495680,3812349004372462
2,0,5470,1789633732887505920,3812349004382206
2,0,5471,1789633732887515136,3812349004391970
2,0,5472,1789633732887525376,3812349004401711
2,0,5473,1789633732887534592,3812349004411545
2,0,5474,1789633732887544832,3812349004421222
2,0,5475,1789633732887554048,3812349004430969
2,0,5476,1789633732887564288,3812349004440716
2,0,5477,1789633732887574528,3812349004450491
2,0,5478,1789633732887583744,3812349004460237
2,0,5479,1789633732887593984,3812349004469996
2,0,5480,1789633732887603200,3812349004479751
2,0,5481,1789633732887613440,3812349004489502
2,0,5482,1789633732887622656,3812349004499251
2,0,5483,1789633732887632896,3812349004509001
2,0,5484,1789633732887642112,3812349004518792
2,0,5485,1789633732887652352,3812349004528501
2,0,5486,1789633732887661568,3812349004538282
2,0,5487,1789633732887671808,3812349004548012
2,0,5488,1789633732887681024,3812349004557808
2,0,5489,1789633732887691264,3812349004567536
2,0,5490,1789633732887700480,3812349004577292
2,0,5491,1789633732887710720,3812349004587042
2,0,5492,1789633732887719936,3812349004596808
2,0,5493,1789633732887730176,3812349004606541
2,0,5494,1789633732887739392,3812349004616312
2,0,5495,1789633732887749632,3812349004626062
2,0,5496,1789633732887759872,3812349004635812
2,0,5497,1789633732887769088,3812349004645556
2,0,5498,1789633732887779328,3812349004655331
2,0,5499,1789633732887788544,3812349004665089
2,0,5500,1789633732887798784,3812349004674821
2,0,5501,1789633732887808000,3812349004687296
2,0,5502,1789633732887818240,3812349004694375
2,0,5503,1789633732887827456,3812349004704127
2,0,5504,1789633732887837696,3812349004713889
2,0,5505,1789633732887846912,3812349004723643
2,0,5506,1789633732887857152,3812349004733394
2,0,5507,1789633732887866368,3812349004743169
2,0,5508,1789633732887876608,3812349004752885
2,0,5509,1789633732887885824,3812349004762663
2,0,5510,1789633732887896064,3812349004772409
2,0,5511,1789633732887905280,3812349004782167
2,0,5512,1789633732887915520,3812349004791922
2,0,5513,1789633732887924736,3812349004801687
2,0,5514,1789633732887934976,3812349004811419
2,0,5515,1789633732887945216,3812349004821175
2,0,5516,1789633732887954432,3812349004830929
2,0,5517,1789633732887964672,3812349004840698
2,0,5518,1789633732887973888,3812349004850439
2,0,5519,1789633732887984128,3812349004860201
2,0,5520,1789633732887993344,3812349004869944
2,0,5521,1789633732888003584,3812349004879733
2,0,5522,1789633732888012800,3812349004889459
2,0,5523,1789633732888023040,3812349004899219
2,0,5524,1789633732888032256,3812349004908972
2,0,5525,1789633732888042496,3812349004918718
2,0,5526,1789633732888051712,3812349004928467
2,0,5527,1789633732888061952,3812349004938231
2,0,5528,1789633732888071168,3812349004947992
2,0,5529,1789633732888081408,3812349004957739
2,0,5530,1789633732888090624,3812349004967503
2,0,5531,1789633732888100864,3812349004977239
2,0,5532,1789633732888110080,3812349004987012
2,0,5533,1789633732888120320,3812349004996767
2,0,5534,1789633732888130560,3812349005006515
2,0,5535,1789633732888139776,3812349005016272
2,0,5536,1789633732888150016,3812349005026007
2,0,5537,1789633732888159232,3812349005035765
2,0,5538,1789633732888169472,3812349005045521
2,0,5539,1789633732888178688,3812349005055299
2,0,5540,1789633732888188928,3812349005065025
2,0,5541,1789633732888198144,3812349005074796
2,0,5542,1789633732888208384,3812349005084523
2,0,5543,1789633732888217600,3812349005094301
2,0,5544,1789633732888227840,3812349005104055
2,0,5545,1789633732888237056,3812349005113799
2,0,5546,1789633732888247296,3812349005123560
2,0,5547,1789633732888256512,3812349005133310
2,0,5548,1789633732888266752,3812349005143071
2,0,5549,1789633732888275968,3812349005152809
2,0,5550,1789633732888286208,3812349005162585
2,0,5551,1789633732888295424,3812349005172325
2,0,5552,1789633732888305664,3812349005182082
2,0,5553,1789633732888315904,3812349005191827
2,0,5554,1789633732888325120,3812349005201619
2,0,5555,1789633732888335360,3812349005211339
2,0,5556,1789633732888344576,3812349005221103
2,0,5557,1789633732888354816,3812349005230851
2,0,5558,1789633732888364032,3812349005240624
2,0,5559,1789633732888374272,3812349005250362
2,0,5560,1789633732888383488,3812349005260119
2,0,5561,1789633732888393728,3812349005269877
2,0,5562,1789633732888402944,3812349005279631
2,0,5563,1789633732888413184,3812349005289379
2,0,5564,1789633732888422400,3812349005299129
2,0,5565,1789633732888432640,3812349005308894
2,0,5566,1789633732888441856,3812349005318642
2,0,5567,1789633732888452096,3812349005328391
2,0,5568,1789633732888461312,3812349005338138
2,0,5569,1789633732888471552,3812349005347925
2,0,5570,1789633732888480768,3812349005357651
2,0,5571,1789633732888491008,3812349005367425
2,0,5572,1789633732888500224,3812349005377175
2,0,5573,1789633732888510464,3812349005386907
2,0,5574,1789633732888520704,3812349005396658
2,0,5575,1789633732888529920,3812349005406439
2,0,5576,1789633732888540160,3812349005416194
2,0,5577,1789633732888549376,3812349005425931
2,0,5578,1789633732888559616,3812349005435685
2,0,5579,1789633732888568832,3812349005445455
2,0,5580,1789633732888579072,3812349005455208
2,0,5581,1789633732888588288,3812349005464959
2,0,5582,1789633732888598528,3812349005474707
2,0,5583,1789633732888607744,3812349005484485
2,0,5584,1789633732888617984,3812349005494209
2,0,5585,1789633732888627200,3812349005503961
2,0,5586,1789633732888637440,3812349005513725
2,0,5587,1789633732888646656,3812349005523493
2,0,5588,1789633732888656896,3812349005533238
2,0,5589,1789633732888666112,3812349005542999
2,0,5590,1789633732888676352,3812349005552745
2,0,5591,1789633732888685568,3812349005562510
2,0,5592,1789633732888695808,3812349005572251
2,0,5593,1789633732888706048,3812349005582009
2,0,5594,1789633732888715264,3812349005591750
2,0,5595,1789633732888725504,3812349005601540
2,0,5596,1789633732888734720,3812349005611267
2,0,5597,1789633732888744960,3812349005621029
2,0,5598,1789633732888754176,3812349005630769
2,0,5599,1789633732888764416,3812349005640522
2,0,5600,1789633732888773632,3812349005650280
2,0,5601,1789633732888783872,3812349005660042
2,0,5602,1789633732888793088,3812349005669782
2,0,5603,1789633732888803328,3812349005679529
2,0,5604,1789633732888812544,3812349005689303
2,0,5605,1789633732888822784,3812349005699049
2,0,5606,1789633732888832000,3812349005708809
2,0,5607,1789633732888842240,3812349005718559
2,0,5608,1789633732888851456,3812349005728320
2,0,5609,1789633732888861696,3812349005738060
2,0,5610,1789633732888870912,3812349005747823
2,0,5611,1789633732888881152,3812349005757574
2,0,5612,1789633732888890368,3812349005767330
2,0,5613,1789633732888900608,3812349005777074
2,0,5614,1789633732888910848,3812349005786849
2,0,5615,1789633732888920064,3812349005796585
2,0,5616,1789633732888930304,3812349005806351
2,0,5617,1789633732888939520,3812349005816095
2,0,5618,1789633732888949760,3812349005825867
2,0,5619,1789633732888958976,3812349005835599
2,0,5620,1789633732888969216,3812349005845371
2,0,5621,1789633732888978432,3812349005855120
2,0,5622,1789633732888988672,3812349005864880
2,0,5623,1789633732888997888,3812349005874627
2,0,5624,1789633732889008128,3812349005884403
2,0,5625,1789633732889017344,3812349005894147
2,0,5626,1789633732889027584,3812349005903895
2,0,5627,1789633732889036800,3812349005913647
2,0,5628,1789633732889047040,3812349005923405
2,0,5629,1789633732889056256,3812349005933172
2,0,5630,1789633732889066496,3812349005942900
2,0,5631,1789633732889075712,3812349005952649
2,0,5632,1789633732889085952,3812349005962418
2,0,5633,1789633732889096192,3812349005972162
2,0,5634,1789633732889105408,3812349005981916
2,0,5635,1789633732889115648,3812349005991689
2,0,5636,1789633732889124864,3812349006001438
2,0,5637,1789633732889135104,3812349006011189
2,0,5638,1789633732889144320,3812349006020929
2,0,5639,1789633732889154560,3812349006030707
2,0,5640,1789633732889163776,3812349006040442
2,0,5641,1789633732889174016,3812349006050194
2,0,5642,1789633732889183232,3812349006059958
2,0,5643,1789633732889193472,3812349006069708
2,0,5644,1789633732889202688,3812349006079463
2,0,5645,1789633732889212928,3812349006089209
2,0,5646,1789633732889222144,3812349006098962
2,0,5647,1789633732889232384,3812349006108728
2,0,5648,1789633732889241600,3812349006118478
2,0,5649,1789633732889251840,3812349006128244
2,0,5650,1789633732889261056,3812349006137983
2,0,5651,1789633732889271296,3812349006147748
2,0,5652,1789633732889281536,3812349006157487
2,0,5653,1789633732889290752,3812349006167275
2,0,5654,1789633732889300992,3812349006176999
2,0,5655,1789633732889310208,3812349006186772
2,0,5656,1789633732889320448,3812349006196518
2,0,5657,1789633732889329664,3812349006206283
2,0,5658,1789633732889339904,3812349006216020
2,0,5659,1789633732889349120,3812349006225763
2,0,5660,1789633732889359360,3812349006235536
2,0,5661,1789633732889368576,3812349006245276
2,0,5662,1789633732889378816,3812349006255052
2,0,5663,1789633732889388032,3812349006264778
2,0,5664,1789633732889398272,3812349006274559
2,0,5665,1789633732889407488,3812349006284307
2,0,5666,1789633732889417728,3812349006294081
2,0,5667,1789633732889426944,3812349006303816
2,0,5668,1789633732889437184,3812349006313576
2,0,5669,1789633732889446400,3812349006323299
2,0,5670,1789633732889456640,3812349006333163
2,0,5671,1789633732889466880,3812349006342841
2,0,5672,1789633732889476096,3812349006352584
2,0,5673,1789633732889486336,3812349006362343
2,0,5674,1789633732889495552,3812349006372105
2,0,5675,1789633732889505792,3812349006381827
2,0,5676,1789633732889515008,3812349006391602
2,0,5677,1789633732889525248,3812349006401347
2,0,5678,1789633732889534464,3812349006411110
2,0,5679,1789633732889544704,3812349006420872
2,0,5680,1789633732889553920,3812349006430620
2,0,5681,1789633732889564160,3812349006440367
2,0,5682,1789633732889573376,3812349006450114
2,0,5683,1789633732889583616,3812349006459867
2,0,5684,1789633732889592832,3812349006469647
2,0,5685,1789633732889603072,3812349006479385
2,0,5686,1789633732889612288,3812349006489138
2,0,5687,1789633732889622528,3812349006498888
2,0,5688,1789633732889631744,3812349006508663
2,0,5689,1789633732889641984,3812349006518403
2,0,5690,1789633732889651200,3812349006528151
2,0,5691,1789633732889661440,3812349006537929
2,0,5692,1789633732889671680,3812349006547667
2,0,5693,1789633732889680896,3812349006557420
2,0,5694,1789633732889691136,3812349006567172
2,0,5695,1789633732889700352,3812349006576925
2,0,5696,1789633732889710592,3812349006586682
2,0,5697,1789633732889719808,3812349006596438
2,0,5698,1789633732889730048,3812349006606192
2,0,5699,1789633732889739264,3812349006615946
2,0,5700,1789633732889749504,3812349006625688
2,0,5701,1789633732889758720,3812349006635465
2,0,5702,1789633732889768960,3812349006645202
2,0,5703,1789633732889778176,3812349006654949
2,0,5704,1789633732889788416,3812349006664703
2,0,5705,1789633732889797632,3812349006674482
2,0,5706,1789633732889807872,3812349006684236
2,0,5707,1789633732889817088,3812349006693973
2,0,5708,1789633732889827328,3812349006703726
2,0,5709,1789633732889836544,3812349006713495
2,0,5710,1789633732889846784,3812349006723234
2,0,5711,1789633732889857024,3812349006732999
2,0,5712,1789633732889866240,3812349006742754
2,0,5713,1789633732889876480,3812349006752507
2,0,5714,1789633732889885696,3812349006762252
2,0,5715,1789633732889895936,3812349006772012
2,0,5716,1789633732889905152,3812349006781763
2,0,5717,1789633732889915392,3812349006791523
2,0,5718,1789633732889924608,3812349006801271
2,0,5719,1789633732889934848,3812349006811027
2,0,5720,1789633732889944064,3812349006820787
2,0,5721,1789633732889954304,3812349006830530
2,0,5722,1789633732889963520,3812349006840264
2,0,5723,1789633732889973760,3812349006850055
2,0,5724,1789633732889982976,3812349006859799
2,0,5725,1789633732889993216,3812349006869550
2,0,5726,1789633732890002432,3812349006879298
2,0,5727,1789633732890012672,3812349006889083
2,0,5728,1789633732890021888,3812349006898820
2,0,5729,1789633732890032128,3812349006908574
2,0,5730,1789633732890041344,3812349006918338
2,0,5731,1789633732890051584,3812349006928067
2,0,5732,1789633732890061824,3812349006937831
2,0,5733,1789633732890071040,3812349006947580
2,0,5734,1789633732890081280,3812349006957358
2,0,5735,1789633732890090496,3812349006967078
2,0,5736,1789633732890100736,3812349006976846
2,0,5737,1789633732890109952,3812349006986598
2,0,5738,1789633732890120192,3812349006996345
2,0,5739,1789633732890129408,3812349007006099
2,0,5740,1789633732890139648,3812349007015879
2,0,5741,1789633732890148864,3812349007025639
2,0,5742,1789633732890159104,3812349007035372
2,0,5743,1789633732890168320,3812349007045114
2,0,5744,1789633732890178560,3812349007054885
2,0,5745,1789633732890187776,3812349007064628
2,0,5746,1789633732890198016,3812349007074394
2,0,5747,1789633732890207232,3812349007084140
2,0,5748,1789633732890217472,3812349007093909
2,0,5749,1789633732890226688,3812349007103660
2,0,5750,1789633732890236928,3812349007113411
2,0,5751,1789633732890247168,3812349007123178
2,0,5752,1789633732890256384,3812349007132918
2,0,5753,1789633732890266624,3812349007142662
2,0,5754,1789633732890275840,3812349007152422
2,0,5755,1789633732890286080,3812349007162185
2,0,5756,1789633732890295296,3812349007171928
2,0,5757,1789633732890305536,3812349007181682
2,0,5758,1789633732890314752,3812349007191443
2,0,5759,1789633732890324992,3812349007201187
2,0,5760,1789633732890334208,3812349007210939
2,0,5761,1789633732890344448,3812349007220719
2,0,5762,1789633732890353664,3812349007230467
2,0,5763,1789633732890363904,3812349007240222
2,0,5764,1789633732890373120,3812349007249925
2,0,5765,1789633732890383360,3812349007259725
2,0,5766,1789633732890392576,3812349007269464
2,0,5767,1789633732890402816,3812349007279219
2,0,5768,1789633732890412032,3812349007288982
2,0,5769,1789633732890422272,3812349007298747
2,0,5770,1789633732890432512,3812349007308480
2,0,5771,1789633732890441728,3812349007318249
2,0,5772,1789633732890451968,3812349007328005
2,0,5773,1789633732890461184,3812349007337756
2,0,5774,1789633732890471424,3812349007347500
2,0,5775,1789633732890480640,3812349007357255
2,0,5776,1789633732890490880,3812349007367027
2,0,5777,1789633732890500096,3812349007376778
2,0,5778,1789633732890510336,3812349007386523
2,0,5779,1789633732890519552,3812349007396288
2,0,5780,1789633732890529792,3812349007406031
2,0,5781,1789633732890539008,3812349007415787
2,0,5782,1789633732890549248,3812349007425531
2,0,5783,1789633732890558464,3812349007435305
2,0,5784,1789633732890568704,3812349007445038
2,0,5785,1789633732890577920,3812349007454760
2,0,5786,1789633732890588160,3812349007464558
2,0,5787,1789633732890597376,3812349007474308
2,0,5788,1789633732890607616,3812349007484052
2,0,5789,1789633732890616832,3812349007493801
2,0,5790,1789633732890627072,3812349007503567
2,0,5791,1789633732890637312,3812349007513315
2,0,5792,1789633732890646528,3812349007523172
2,0,5793,1789633732890656768,3812349007532847
2,0,5794,1789633732890665984,3812349007542594
2,0,5795,1789633732890676224,3812349007552330
2,0,5796,1789633732890685440,3812349007562088
2,0,5797,1789633732890695680,3812349007571848
2,0,5798,1789633732890704896,3812349007581608
2,0,5799,1789633732890715136,3812349007591358
2,0,5800,1789633732890724352,3812349007601127
2,0,5801,1789633732890734592,3812349007610863
2,0,5802,1789633732890743808,3812349007620627
2,0,5803,1789633732890754048,3812349007630365
2,0,5804,1789633732890763264,3812349007640137
2,0,5805,1789633732890773504,3812349007649891
2,0,5806,1789633732890782720,3812349007659615
2,0,5807,1789633732890792960,3812349007669396
2,0,5808,1789633732890802176,3812349007679158
2,0,5809,1789633732890812416,3812349007688900
2,0,5810,1789633732890822656,3812349007698665
2,0,5811,1789633732890831872,3812349007708416
2,0,5812,1789633732890842112,3812349007718172
2,0,5813,1789633732890851328,3812349007727924
2,0,5814,1789633732890861568,3812349007737685
2,0,5815,1789633732890870784,3812349007747425
2,0,5816,1789633732890881024,3812349007757168
2,0,5817,1789633732890890240,3812349007766928
2,0,5818,1789633732890900480,3812349007776678
2,0,5819,1789633732890909696,3812349007786441
2,0,5820,1789633732890919936,3812349007796192
2,0,5821,1789633732890929152,3812349007805965
2,0,5822,1789633732890939392,3812349007815700
2,0,5823,1789633732890948608,3812349007825467
2,0,5824,1789633732890958848,3812349007835230
2,0,5825,1789633732890968064,3812349007844982
2,0,5826,1789633732890978304,3812349007854711
2,0,5827,1789633732890987520,3812349007864485
2,0,5828,1789633732890997760,3812349007874220
2,0,5829,1789633732891008000,3812349007883998
2,0,5830,1789633732891017216,3812349007893732
2,0,5831,1789633732891027456,3812349007903507
2,0,5832,1789633732891036672,3812349007913247
2,0,5833,1789633732891046912,3812349007923000
2,0,5834,1789633732891056128,3812349007932743
2,0,5835,1789633732891066368,3812349007942527
2,0,5836,1789633732891075584,3812349007952274
2,0,5837,1789633732891085824,3812349007962022
2,0,5838,1789633732891095040,3812349007971769
2,0,5839,1789633732891105280,3812349007981543
2,0,5840,1789633732891114496,3812349007991283
2,0,5841,1789633732891124736,3812349008001038
2,0,5842,1789633732891133952,3812349008010785
2,0,5843,1789633732891144192,3812349008020540
2,0,5844,1789633732891153408,3812349008030298
2,0,5845,1789633732891163648,3812349008040065
2,0,5846,1789633732891172864,3812349008049817
2,0,5847,1789633732891183104,3812349008059559
2,0,5848,1789633732891192320,3812349008069318
2,0,5849,1789633732891202560,3812349008079065
2,0,5850,1789633732891212800,3812349008088819
2,0,5851,1789633732891222016,3812349008098576
2,0,5852,1789633732891232256,3812349008108323
2,0,5853,1789633732891241472,3812349008118078
2,0,5854,1789633732891251712,3812349008127848
2,0,5855,1789633732891260928,3812349008137591
2,0,5856,1789633732891271168,3812349008147352
2,0,5857,1789633732891280384,3812349008157105
2,0,5858,1789633732891290624,3812349008166864
2,0,5859,1789633732891299840,3812349008176627
2,0,5860,1789633732891310080,3812349008186378
2,0,5861,1789633732891319296,3812349008196114
2,0,5862,1789633732891329536,3812349008205883
2,0,5863,1789633732891338752,3812349008215627
2,0,5864,1789633732891348992,3812349008225396
2,0,5865,1789633732891358208,3812349008235125
2,0,5866,1789633732891368448,3812349008244892
2,0,5867,1789633732891377664,3812349008254647
2,0,5868,1789633732891387904,3812349008264401
2,0,5869,1789633732891398144,3812349008274148
2,0,5870,1789633732891407360,3812349008283912
2,0,5871,1789633732891417600,3812349008293667
2,0,5872,1789633732891426816,3812349008303421
2,0,5873,1789633732891437056,3812349008313172
2,0,5874,1789633732891446272,3812349008322936
2,0,5875,1789633732891456512,3812349008332667
2,0,5876,1789633732891465728,3812349008342438
2,0,5877,1789633732891475968,3812349008352185
2,0,5878,1789633732891485184,3812349008361958
2,0,5879,1789633732891495424,3812349008371691
2,0,5880,1789633732891504640,3812349008381539
2,0,5881,1789633732891514880,3812349008391212
2,0,5882,1789633732891524096,3812349008400962
2,0,5883,1789633732891534336,3812349008410707
2,0,5884,1789633732891543552,3812349008420475
2,0,5885,1789633732891553792,3812349008430231
2,0,5886,1789633732891563008,3812349008439968
2,0,5887,1789633732891573248,3812349008449724
2,0,5888,1789633732891583488,3812349008459474
2,0,5889,1789633732891592704,3812349008469240
2,0,5890,1789633732891602944,3812349008478980
2,0,5891,1789633732891612160,3812349008488761
2,0,5892,1789633732891622400,3812349008498499
2,0,5893,1789633732891631616,3812349008508245
2,0,5894,1789633732891641856,3812349008518011
2,0,5895,1789633732891651072,3812349008527779
2,0,5896,1789633732891661312,3812349008537521
2,0,5897,1789633732891670528,3812349008547291
2,0,5898,1789633732891680768,3812349008557056
2,0,5899,1789633732891689984,3812349008566796
2,0,5900,1789633732891700224,3812349008576538
2,0,5901,1789633732891709440,3812349008586314
2,0,5902,1789633732891719680,3812349008596065
2,0,5903,1789633732891728896,3812349008605805
2,0,5904,1789633732891739136,3812349008615572
2,0,5905,1789633732891748352,3812349008625336
2,0,5906,1789633732891758592,3812349008635083
2,0,5907,1789633732891768832,3812349008644832
2,0,5908,1789633732891778048,3812349008654595
2,0,5909,1789633732891788288,3812349008664338
2,0,5910,1789633732891797504,3812349008674059
2,0,5911,1789633732891807744,3812349008683818
2,0,5912,1789633732891816960,3812349008693578
2,0,5913,1789633732891827200,3812349008703334
2,0,5914,1789633732891836416,3812349008713176
2,0,5915,1789633732891846656,3812349008722848
2,0,5916,1789633732891855872,3812349008732603
2,0,5917,1789633732891866112,3812349008742343
2,0,5918,1789633732891875328,3812349008752107
2,0,5919,1789633732891885568,3812349008761851
2,0,5920,1789633732891894784,3812349008771623
2,0,5921,1789633732891905024,3812349008781359
2,0,5922,1789633732891914240,3812349008791127
2,0,5923,1789633732891924480,3812349008800880
2,0,5924,1789633732891933696,3812349008810628
2,0,5925,1789633732891943936,3812349008820379
2,0,5926,1789633732891953152,3812349008830127
2,0,5927,1789633732891963392,3812349008839892
2,0,5928,1789633732891973632,3812349008849652
2,0,5929,1789633732891982848,3812349008859401
2,0,5930,1789633732891993088,3812349008869164
2,0,5931,1789633732892002304,3812349008878908
2,0,5932,1789633732892012544,3812349008888638
2,0,5933,1789633732892021760,3812349008898431
2,0,5934,1789633732892032000,3812349008908178
2,0,5935,1789633732892041216,3812349008917927
2,0,5936,1789633732892051456,3812349008927689
2,0,5937,1789633732892060672,3812349008937436
2,0,5938,1789633732892070912,3812349008947194
2,0,5939,1789633732892080128,3812349008956939
2,0,5940,1789633732892090368,3812349008966688
2,0,5941,1789633732892099584,3812349008976458
2,0,5942,1789633732892109824,3812349008986200
2,0,5943,1789633732892119040,3812349008995980
2,0,5944,1789633732892129280,3812349009005721
2,0,5945,1789633732892138496,3812349009015463
2,0,5946,1789633732892148736,3812349009025222
2,0,5947,1789633732892158976,3812349009034972
2,0,5948,1789633732892168192,3812349009044718
2,0,5949,1789633732892178432,3812349009054490
2,0,5950,1789633732892187648,3812349009064230
2,0,5951,1789633732892197888,3812349009074008
2,0,5952,1789633732892207104,3812349009083736
2,0,5953,1789633732892217344,3812349009093463
2,0,5954,1789633732892226560,3812349009103247
2,0,5955,1789633732892236800,3812349009113003
2,0,5956,1789633732892246016,3812349009122760
2,0,5957,1789633732892256256,3812349009132507
2,0,5958,1789633732892265472,3812349009142263
2,0,5959,1789633732892275712,3812349009152040
2,0,5960,1789633732892284928,3812349009161781
2,0,5961,1789633732892295168,3812349009171540
2,0,5962,1789633732892304384,3812349009181281
2,0,5963,1789633732892314624,3812349009191048
2,0,5964,1789633732892323840,3812349009200794
2,0,5965,1789633732892334080,3812349009210565
2,0,5966,1789633732892343296,3812349009220308
2,0,5967,1789633732892353536,3812349009230058
2,0,5968,1789633732892363776,3812349009239807
2,0,5969,1789633732892372992,3812349009249588
2,0,5970,1789633732892383232,3812349009259323
2,0,5971,1789633732892392448,3812349009269091
2,0,5972,1789633732892402688,3812349009278819
2,0,5973,1789633732892411904,3812349009288584
2,0,5974,1789633732892422144,3812349009298320
2,0,5975,1789633732892431360,3812349009308087
2,0,5976,1789633732892441600,3812349009317838
2,0,5977,1789633732892450816,3812349009327596
2,0,5978,1789633732892461056,3812349009337358
2,0,5979,1789633732892470272,3812349009347102
2,0,5980,1789633732892480512,3812349009356875
2,0,5981,1789633732892489728,3812349009366608
2,0,5982,1789633732892499968,3812349009376382
2,0,5983,1789633732892509184,3812349009386115
2,0,5984,1789633732892519424,3812349009395892
2,0,5985,1789633732892528640,3812349009405630
2,0,5986,1789633732892538880,3812349009415396
2,0,5987,1789633732892549120,3812349009425136
2,0,5988,1789633732892558336,3812349009434904
2,0,5989,1789633732892568576,3812349009444649
2,0,5990,1789633732892577792,3812349009454423
2,0,5991,1789633732892588032,3812349009464124
2,0,5992,1789633732892597248,3812349009473918
2,0,5993,1789633732892607488,3812349009483664
2,0,5994,1789633732892616704,3812349009493431
2,0,5995,1789633732892626944,3812349009503168
2,0,5996,1789633732892636160,3812349009512936
2,0,5997,1789633732892646400,3812349009522684
2,0,5998,1789633732892655616,3812349009532441
2,0,5999,1789633732892665856,3812349009542201
2,0,6000,1789633732892675072,3812349009551954
2,0,6001,1789633732892685312,3812349009561699
2,0,6002,1789633732892694528,3812349009571441
2,0,6003,1789633732892704768,3812349009581207
2,0,6004,1789633732892713984,3812349009590968
2,0,6005,1789633732892724224,3812349009600708
2,0,6006,1789633732892733440,3812349009610464
2,0,6007,1789633732892743680,3812349009620218
2,0,6008,1789633732892753920,3812349009629967
2,0,6009,1789633732892763136,3812349009639739
2,0,6010,1789633732892773376,3812349009649481
2,0,6011,1789633732892782592,3812349009659254
2,0,6012,1789633732892792832,3812349009668995
2,0,6013,1789633732892802048,3812349009678784
2,0,6014,1789633732892812288,3812349009688531
2,0,6015,1789633732892821504,3812349009698292
2,0,6016,1789633732892831744,3812349009708028
2,0,6017,1789633732892840960,3812349009717808
2,0,6018,1789633732892851200,3812349009727538
2,0,6019,1789633732892860416,3812349009737299
2,0,6020,1789633732892870656,3812349009747050
2,0,6021,1789633732892879872,3812349009756818
2,0,6022,1789633732892890112,3812349009766561
2,0,6023,1789633732892899328,3812349009776312
2,0,6024,1789633732892909568,3812349009786076
2,0,6025,1789633732892919808,3812349009795824
2,0,6026,1789633732892929024,3812349009805572
2,0,6027,1789633732892939264,3812349009815347
2,0,6028,1789633732892948480,3812349009825098
2,0,6029,1789633732892958720,3812349009834840
2,0,6030,1789633732892967936,3812349009844587
2,0,6031,1789633732892978176,3812349009854356
2,0,6032,1789633732892987392,3812349009864107
2,0,6033,1789633732892997632,3812349009873868
2,0,6034,1789633732893006848,3812349009883608
2,0,6035,1789633732893017088,3812349009893356
2,0,6036,1789633732893026304,3812349009903207
2,0,6037,1789633732893036544,3812349009912915
2,0,6038,1789633732893045760,3812349009922647
2,0,6039,1789633732893056000,3812349009932375
2,0,6040,1789633732893065216,3812349009942138
2,0,6041,1789633732893075456,3812349009951857
2,0,6042,1789633732893084672,3812349009961641
2,0,6043,1789633732893094912,3812349009971364
2,0,6044,1789633732893104128,3812349009981127
2,0,6045,1789633732893114368,3812349009990890
2,0,6046,1789633732893124608,3812349010000644
2,0,6047,1789633732893133824,3812349010010397
2,0,6048,1789633732893144064,3812349010020154
2,0,6049,1789633732893153280,3812349010029885
2,0,6050,1789633732893163520,3812349010039679
2,0,6051,1789633732893172736,3812349010049396
2,0,6052,1789633732893182976,3812349010059174
2,0,6053,1789633732893192192,3812349010068916
2,0,6054,1789633732893202432,3812349010078675
2,0,6055,1789633732893211648,3812349010088422
2,0,6056,1789633732893221888,3812349010098191
2,0,6057,1789633732893231104,3812349010107935
2,0,6058,1789633732893241344,3812349010117688
2,0,6059,1789633732893250560,3812349010127448
2,0,6060,1789633732893260800,3812349010137208
2,0,6061,1789633732893270016,3812349010146951
2,0,6062,1789633732893280256,3812349010156707
2,0,6063,1789633732893289472,3812349010166447
2,0,6064,1789633732893299712,3812349010176223
2,0,6065,1789633732893308928,3812349010185955
2,0,6066,1789633732893319168,3812349010195728
2,0,6067,1789633732893329408,3812349010205477
2,0,6068,1789633732893338624,3812349010215229
2,0,6069,1789633732893348864,3812349010224991
2,0,6070,1789633732893358080,3812349010234745
2,0,6071,1789633732893368320,3812349010244496
2,0,6072,1789633732893377536,3812349010254260
2,0,6073,1789633732893387776,3812349010264008
2,0,6074,1789633732893396992,3812349010273761
2,0,6075,1789633732893407232,3812349010283516
2,0,6076,1789633732893416448,3812349010293249
2,0,6077,1789633732893426688,3812349010303004
2,0,6078,1789633732893435904,3812349010312758
2,0,6079,1789633732893446144,3812349010322534
2,0,6080,1789633732893455360,3812349010332279
2,0,6081,1789633732893465600,3812349010342044
2,0,6082,1789633732893474816,3812349010351789
2,0,6083,1789633732893485056,3812349010361547
2,0,6084,1789633732893494272,3812349010371317
2,0,6085,1789633732893504512,3812349010381068
2,0,6086,1789633732893514752,3812349010390797
2,0,6087,1789633732893523968,3812349010400559
2,0,6088,1789633732893534208,3812349010410314
2,0,6089,1789633732893543424,3812349010420076
2,0,6090,1789633732893553664,3812349010429817
2,0,6091,1789633732893562880,3812349010439583
2,0,6092,1789633732893573120,3812349010449339
2,0,6093,1789633732893582336,3812349010459087
2,0,6094,1789633732893592576,3812349010468828
2,0,6095,1789633732893601792,3812349010478607
2,0,6096,1789633732893612032,3812349010488354
2,0,6097,1789633732893621248,3812349010498102
2,0,6098,1789633732893631488,3812349010507849
2,0,6099,1789633732893640704,3812349010517614
2,0,6100,1789633732893650944,3812349010527367
2,0,6101,1789633732893660160,3812349010537129
2,0,6102,1789633732893670400,3812349010546862
2,0,6103,1789633732893679616,3812349010556637
2,0,6104,1789633732893689856,3812349010566387
2,0,6105,1789633732893700096,3812349010576129
2,0,6106,1789633732893709312,3812349010585900
2,0,6107,1789633732893719552,3812349010595628
2,0,6108,1789633732893728768,3812349010605401
2,0,6109,1789633732893739008,3812349010615144
2,0,6110,1789633732893748224,3812349010624903
2,0,6111,1789633732893758464,3812349010634654
2,0,6112,1789633732893767680,3812349010644422
2,0,6113,1789633732893777920,3812349010654185
2,0,6114,1789633732893787136,3812349010663938
2,0,6115,1789633732893797376,3812349010673692
2,0,6116,1789633732893806592,3812349010683465
2,0,6117,1789633732893816832,3812349010693211
2,0,6118,1789633732893826048,3812349010702961
2,0,6119,1789633732893836288,3812349010712717
2,0,6120,1789633732893845504,3812349010722475
2,0,6121,1789633732893855744,3812349010732230
2,0,6122,1789633732893864960,3812349010741985
2,0,6123,1789633732893875200,3812349010751743
2,0,6124,1789633732893885440,3812349010761539
2,0,6125,1789633732893894656,3812349010771224
2,0,6126,1789633732893904896,3812349010780992
2,0,6127,1789633732893914112,3812349010790714
2,0,6128,1789633732893924352,3812349010800481
2,0,6129,1789633732893933568,3812349010810232
2,0,6130,1789633732893943808,3812349010819983
2,0,6131,1789633732893953024,3812349010829751
2,0,6132,1789633732893963264,3812349010839489
2,0,6133,1789633732893972480,3812349010849267
2,0,6134,1789633732893982720,3812349010858995
2,0,6135,1789633732893991936,3812349010868780
2,0,6136,1789633732894002176,3812349010878511
2,0,6137,1789633732894011392,3812349010888283
2,0,6138,1789633732894021632,3812349010898027
2,0,6139,1789633732894030848,3812349010907778
2,0,6140,1789633732894041088,3812349010917518
2,0,6141,1789633732894050304,3812349010927284
2,0,6142,1789633732894060544,3812349010937047
2,0,6143,1789633732894069760,3812349010946794
2,0,6144,1789633732894080000,3812349010956542
2,0,6145,1789633732894090240,3812349010966307
2,0,6146,1789633732894099456,3812349010976048
2,0,6147,1789633732894109696,3812349010985824
2,0,6148,1789633732894118912,3812349010995564
2,0,6149,1789633732894129152,3812349011005317
2,0,6150,1789633732894138368,3812349011015060
2,0,6151,1789633732894148608,3812349011024840
2,0,6152,1789633732894157824,3812349011034596
2,0,6153,1789633732894168064,3812349011044340
2,0,6154,1789633732894177280,3812349011054091
2,0,6155,1789633732894187520,3812349011063855
2,0,6156,1789633732894196736,3812349011073587
2,0,6157,1789633732894206976,3812349011083361
2,0,6158,1789633732894216192,3812349011093172
2,0,6159,1789633732894226432,3812349011102876
2,0,6160,1789633732894235648,3812349011112608
2,0,6161,1789633732894245888,3812349011122361
2,0,6162,1789633732894255104,3812349011132124
2,0,6163,1789633732894265344,3812349011141875
2,0,6164,1789633732894275584,3812349011151622
2,0,6165,1789633732894284800,3812349011161387
2,0,6166,1789633732894295040,3812349011171157
2,0,6167,1789633732894304256,3812349011180887
2,0,6168,1789633732894314496,3812349011190650
2,0,6169,1789633732894323712,3812349011200396
2,0,6170,1789633732894333952,3812349011210161
2,0,6171,1789633732894343168,3812349011219892
2,0,6172,1789633732894353408,3812349011229674
2,0,6173,1789633732894362624,3812349011239427
2,0,6174,1789633732894372864,3812349011249182
2,0,6175,1789633732894382080,3812349011258914
2,0,6176,1789633732894392320,3812349011268685
2,0,6177,1789633732894401536,3812349011278428
2,0,6178,1789633732894411776,3812349011288184
2,0,6179,1789633732894420992,3812349011297944
2,0,6180,1789633732894431232,3812349011307703
2,0,6181,1789633732894440448,3812349011317440
2,0,6182,1789633732894450688,3812349011327201
2,0,6183,1789633732894459904,3812349011336955
2,0,6184,1789633732894470144,3812349011346708
2,0,6185,1789633732894480384,3812349011356467
2,0,6186,1789633732894489600,3812349011366228
2,0,6187,1789633732894499840,3812349011375976
2,0,6188,1789633732894509056,3812349011385730
2,0,6189,1789633732894519296,3812349011395492
2,0,6190,1789633732894528512,3812349011405241
2,0,6191,1789633732894538752,3812349011414989
2,0,6192,1789633732894547968,3812349011424742
2,0,6193,1789633732894558208,3812349011434502
2,0,6194,1789633732894567424,3812349011444256
2,0,6195,1789633732894577664,3812349011453996
2,0,6196,1789633732894586880,3812349011463770
2,0,6197,1789633732894597120,3812349011473519
2,0,6198,1789633732894606336,3812349011483275
2,0,6199,1789633732894616576,3812349011493025
2,0,6200,1789633732894625792,3812349011502765
2,0,6201,1789633732894636032,3812349011512548
2,0,6202,1789633732894645248,3812349011522281
2,0,6203,1789633732894655488,3812349011532050
2,0,6204,1789633732894665728,3812349011541795
2,0,6205,1789633732894674944,3812349011551550
2,0,6206,1789633732894685184,3812349011561298
2,0,6207,1789633732894694400,3812349011571060
2,0,6208,1789633732894704640,3812349011580808
2,0,6209,1789633732894713856,3812349011590563
2,0,6210,1789633732894724096,3812349011600328
2,0,6211,1789633732894733312,3812349011610076
2,0,6212,1789633732894743552,3812349011619827
2,0,6213,1789633732894752768,3812349011629580
2,0,6214,1789633732894763008,3812349011639327
2,0,6215,1789633732894772224,3812349011649105
2,0,6216,1789633732894782464,3812349011658840
2,0,6217,1789633732894791680,3812349011668597
2,0,6218,1789633732894801920,3812349011678347
2,0,6219,1789633732894811136,3812349011688120
2,0,6220,1789633732894821376,3812349011697867
2,0,6221,1789633732894830592,3812349011707617
2,0,6222,1789633732894840832,3812349011717385
2,0,6223,1789633732894851072,3812349011727120
2,0,6224,1789633732894860288,3812349011736885
2,0,6225,1789633732894870528,3812349011746637
2,0,6226,1789633732894879744,3812349011756401
2,0,6227,1789633732894889984,3812349011766165
2,0,6228,1789633732894899200,3812349011775925
2,0,6229,1789633732894909440,3812349011785670
2,0,6230,1789633732894918656,3812349011795430
2,0,6231,1789633732894928896,3812349011805187
2,0,6232,1789633732894938112,3812349011814944
2,0,6233,1789633732894948352,3812349011824700
2,0,6234,1789633732894957568,3812349011834452
2,0,6235,1789633732894967808,3812349011844197
2,0,6236,1789633732894977024,3812349011853960
2,0,6237,1789633732894987264,3812349011863707
2,0,6238,1789633732894996480,3812349011873464
2,0,6239,1789633732895006720,3812349011883216
2,0,6240,1789633732895015936,3812349011892975
2,0,6241,1789633732895026176,3812349011902720
2,0,6242,1789633732895036416,3812349011912492
2,0,6243,1789633732895045632,3812349011922223
2,0,6244,1789633732895055872,3812349011931987
2,0,6245,1789633732895065088,3812349011941747
2,0,6246,1789633732895075328,3812349011951540
2,0,6247,1789633732895084544,3812349011961248
2,0,6248,1789633732895094784,3812349011970990
2,0,6249,1789633732895104000,3812349011980752
2,0,6250,1789633732895114240,3812349011990510
2,0,6251,1789633732895123456,3812349012000283
2,0,6252,1789633732895133696,3812349012010005
2,0,6253,1789633732895142912,3812349012019787
2,0,6254,1789633732895153152,3812349012029532
2,0,6255,1789633732895162368,3812349012039280
2,0,6256,1789633732895172608,3812349012049036
2,0,6257,1789633732895181824,3812349012058797
2,0,6258,1789633732895192064,3812349012068530
2,0,6259,1789633732895201280,3812349012078285
2,0,6260,1789633732895211520,3812349012088023
2,0,6261,1789633732895220736,3812349012097799
2,0,6262,1789633732895230976,3812349012107539
2,0,6263,1789633732895241216,3812349012117290
2,0,6264,1789633732895250432,3812349012127052
2,0,6265,1789633732895260672,3812349012136797
2,0,6266,1789633732895269888,3812349012146560
2,0,6267,1789633732895280128,3812349012156324
2,0,6268,1789633732895289344,3812349012166079
2,0,6269,1789633732895299584,3812349012175819
2,0,6270,1789633732895308800,3812349012185537
2,0,6271,1789633732895319040,3812349012195336
2,0,6272,1789633732895328256,3812349012205084
2,0,6273,1789633732895338496,3812349012214839
2,0,6274,1789633732895347712,3812349012224580
2,0,6275,1789633732895357952,3812349012234347
2,0,6276,1789633732895367168,3812349012244104
2,0,6277,1789633732895377408,3812349012253862
2,0,6278,1789633732895386624,3812349012263608
2,0,6279,1789633732895396864,3812349012273357
2,0,6280,1789633732895406080,3812349012283175
2,0,6281,1789633732895416320,3812349012292879
2,0,6282,1789633732895426560,3812349012302627
2,0,6283,1789633732895435776,3812349012312382
2,0,6284,1789633732895446016,3812349012322129
2,0,6285,1789633732895455232,3812349012331883
2,0,6286,1789633732895465472,3812349012341628
2,0,6287,1789633732895474688,3812349012351383
2,0,6288,1789633732895484928,3812349012361142
2,0,6289,1789633732895494144,3812349012370900
2,0,6290,1789633732895504384,3812349012380662
2,0,6291,1789633732895513600,3812349012390410
2,0,6292,1789633732895523840,3812349012400182
2,0,6293,1789633732895533056,3812349012409917
2,0,6294,1789633732895543296,3812349012419670
2,0,6295,1789633732895552512,3812349012429427
2,0,6296,1789633732895562752,3812349012439201
2,0,6297,1789633732895571968,3812349012448928
2,0,6298,1789633732895582208,3812349012458705
2,0,6299,1789633732895591424,3812349012468432
2,0,6300,1789633732895601664,3812349012478188
2,0,6301,1789633732895610880,3812349012487939
2,0,6302,1789633732895621120,3812349012497712
2,0,6303,1789633732895631360,3812349012507448
2,0,6304,1789633732895640576,3812349012517216
2,0,6305,1789633732895650816,3812349012526954
2,0,6306,1789633732895660032,3812349012536736
2,0,6307,1789633732895670272,3812349012546462
2,0,6308,1789633732895679488,3812349012556230
2,0,6309,1789633732895689728,3812349012565983
2,0,6310,1789633732895698944,3812349012575745
2,0,6311,1789633732895709184,3812349012585488
2,0,6312,1789633732895718400,3812349012595217
2,0,6313,1789633732895728640,3812349012605005
2,0,6314,1789633732895737856,3812349012614761
2,0,6315,1789633732895748096,3812349012624512
2,0,6316,1789633732895757312,3812349012634263
2,0,6317,1789633732895767552,3812349012644016
2,0,6318,1789633732895776768,3812349012653761
2,0,6319,1789633732895787008,3812349012663521
2,0,6320,1789633732895796224,3812349012673279
2,0,6321,1789633732895806464,3812349012683037
2,0,6322,1789633732895816704,3812349012692782
2,0,6323,1789633732895825920,3812349012702556
2,0,6324,1789633732895836160,3812349012712303
2,0,6325,1789633732895845376,3812349012722054
2,0,6326,1789633732895855616,3812349012731808
2,0,6327,1789633732895864832,3812349012741557
2,0,6328,1789633732895875072,3812349012751306
2,0,6329,1789633732895884288,3812349012761077
2,0,6330,1789633732895894528,3812349012770822
2,0,6331,1789633732895903744,3812349012780583
2,0,6332,1789633732895913984,3812349012790321
2,0,6333,1789633732895923200,3812349012800063
2,0,6334,1789633732895933440,3812349012809840
2,0,6335,1789633732895942656,3812349012819590
2,0,6336,1789633732895952896,3812349012829337
2,0,6337,1789633732895962112,3812349012839123
2,0,6338,1789633732895972352,3812349012848856
2,0,6339,1789633732895981568,3812349012858608
2,0,6340,1789633732895991808,3812349012868359
2,0,6341,1789633732896002048,3812349012878125
2,0,6342,1789633732896011264,3812349012887868
2,0,6343,1789633732896021504,3812349012897622
2,0,6344,1789633732896030720,3812349012907380
2,0,6345,1789633732896040960,3812349012917128
2,0,6346,1789633732896050176,3812349012926876
2,0,6347,1789633732896060416,3812349012936632
2,0,6348,1789633732896069632,3812349012946408
2,0,6349,1789633732896079872,3812349012956147
2,0,6350,1789633732896089088,3812349012965899
2,0,6351,1789633732896099328,3812349012975652
2,0,6352,1789633732896108544,3812349012985424
2,0,6353,1789633732896118784,3812349012995157
2,0,6354,1789633732896128000,3812349013004910
2,0,6355,1789633732896138240,3812349013014672
2,0,6356,1789633732896147456,3812349013024430
2,0,6357,1789633732896157696,3812349013034172
2,0,6358,1789633732896166912,3812349013043956
2,0,6359,1789633732896177152,3812349013053696
2,0,6360,1789633732896186368,3812349013063460
2,0,6361,1789633732896196608,3812349013073187
2,0,6362,1789633732896206848,3812349013082967
2,0,6363,1789633732896216064,3812349013092713
2,0,6364,1789633732896226304,3812349013102459
2,0,6365,1789633732896235520,3812349013112225
2,0,6366,1789633732896245760,3812349013121983
2,0,6367,1789633732896254976,3812349013131719
2,0,6368,1789633732896265216,3812349013141542
2,0,6369,1789633732896274432,3812349013151237
2,0,6370,1789633732896284672,3812349013161120
