schema_version,trial,sample,gpu_ns,cpu_observed_ns
2,0,0,1789633750395378688,3812366512579931
2,0,1,1789633750395389952,3812366512590894
2,0,2,1789633750395401216,3812366512601794
2,0,3,1789633750395411456,3812366512612727
2,0,4,1789633750395422720,3812366512623642
2,0,5,1789633750395433984,3812366512634677
2,0,6,1789633750395444224,3812366512645562
2,0,7,1789633750395455488,3812366512656462
2,0,8,1789633750395466752,3812366512667350
2,0,9,1789633750395476992,3812366512678390
2,0,10,1789633750395488256,3812366512689279
2,0,11,1789633750395499520,3812366512700207
2,0,12,1789633750395509760,3812366512711111
2,0,13,1789633750395521024,3812366512722142
2,0,14,1789633750395532288,3812366512733047
2,0,15,1789633750395543552,3812366512744074
2,0,16,1789633750395553792,3812366512754965
2,0,17,1789633750395565056,3812366512765997
2,0,18,1789633750395576320,3812366512776907
2,0,19,1789633750395586560,3812366512787947
2,0,20,1789633750395597824,3812366512798837
2,0,21,1789633750395609088,3812366512809751
2,0,22,1789633750395619328,3812366512820685
2,0,23,1789633750395630592,3812366512831645
2,0,24,1789633750395641856,3812366512842547
2,0,25,1789633750395653120,3812366512853511
2,0,26,1789633750395663360,3812366512864410
2,0,27,1789633750395674624,3812366512875357
2,0,28,1789633750395685888,3812366512886279
2,0,29,1789633750395696128,3812366512897311
2,0,30,1789633750395707392,3812366512908222
2,0,31,1789633750395718656,3812366512919117
2,0,32,1789633750395728896,3812366512930139
2,0,33,1789633750395740160,3812366512941039
2,0,34,1789633750395751424,3812366512951965
2,0,35,1789633750395761664,3812366512962985
2,0,36,1789633750395772928,3812366512973887
2,0,37,1789633750395784192,3812366512984911
2,0,38,1789633750395794432,3812366512995819
2,0,39,1789633750395805696,3812366513006842
2,0,40,1789633750395816960,3812366513017717
2,0,41,1789633750395828224,3812366513028745
2,0,42,1789633750395838464,3812366513039631
2,0,43,1789633750395849728,3812366513050619
2,0,44,1789633750395860992,3812366513061507
2,0,45,1789633750395871232,3812366513072447
2,0,46,1789633750395882496,3812366513083477
2,0,47,1789633750395893760,3812366513094379
2,0,48,1789633750395904000,3812366513105334
2,0,49,1789633750395915264,3812366513116370
2,0,50,1789633750395926528,3812366513127270
2,0,51,1789633750395936768,3812366513138167
2,0,52,1789633750395948032,3812366513149099
2,0,53,1789633750395959296,3812366513160045
2,0,54,1789633750395970560,3812366513171087
2,0,55,1789633750395980800,3812366513182034
2,0,56,1789633750395992064,3812366513193071
2,0,57,1789633750396003328,3812366513203959
2,0,58,1789633750396013568,3812366513214854
2,0,59,1789633750396024832,3812366513225770
2,0,60,1789633750396036096,3812366513236691
2,0,61,1789633750396046336,3812366513247602
2,0,62,1789633750396057600,3812366513258557
2,0,63,1789633750396068864,3812366513269459
2,0,64,1789633750396079104,3812366513280382
2,0,65,1789633750396090368,3812366513291316
2,0,66,1789633750396101632,3812366513302219
2,0,67,1789633750396111872,3812366513313139
2,0,68,1789633750396123136,3812366513324062
2,0,69,1789633750396134400,3812366513335005
2,0,70,1789633750396144640,3812366513345905
2,0,71,1789633750396155904,3812366513356851
2,0,72,1789633750396167168,3812366513367751
2,0,73,1789633750396177408,3812366513378651
2,0,74,1789633750396188672,3812366513389599
2,0,75,1789633750396199936,3812366513400619
2,0,76,1789633750396210176,3812366513411514
2,0,77,1789633750396221440,3812366513422465
2,0,78,1789633750396232704,3812366513433405
2,0,79,1789633750396242944,3812366513444334
2,0,80,1789633750396254208,3812366513455267
2,0,81,1789633750396265472,3812366513466179
2,0,82,1789633750396276736,3812366513477227
2,0,83,1789633750396286976,3812366513488127
2,0,84,1789633750396298240,3812366513499171
2,0,85,1789633750396309504,3812366513510079
2,0,86,1789633750396319744,3812366513521037
2,0,87,1789633750396331008,3812366513531994
2,0,88,1789633750396342272,3812366513542957
2,0,89,1789633750396352512,3812366513553894
2,0,90,1789633750396363776,3812366513564919
2,0,91,1789633750396375040,3812366513575834
2,0,92,1789633750396386304,3812366513586790
2,0,93,1789633750396396544,3812366513597825
2,0,94,1789633750396407808,3812366513628025
2,0,95,1789633750396419072,3812366513628025
2,0,96,1789633750396430336,3812366513630785
2,0,97,1789633750396440576,3812366513641719
2,0,98,1789633750396451840,3812366513652619
2,0,99,1789633750396463104,3812366513663542
2,0,100,1789633750396473344,3812366513674585
2,0,101,1789633750396484608,3812366513685554
2,0,102,1789633750396495872,3812366513696485
2,0,103,1789633750396506112,3812366513707419
2,0,104,1789633750396517376,3812366513718351
2,0,105,1789633750396528640,3812366513729290
2,0,106,1789633750396538880,3812366513740231
2,0,107,1789633750396550144,3812366513751170
2,0,108,1789633750396561408,3812366513762205
2,0,109,1789633750396572672,3812366513773110
2,0,110,1789633750396582912,3812366513784050
2,0,111,1789633750396594176,3812366513794982
2,0,112,1789633750396605440,3812366513805950
2,0,113,1789633750396615680,3812366513816845
2,0,114,1789633750396626944,3812366513827814
2,0,115,1789633750396638208,3812366513838750
2,0,116,1789633750396648448,3812366513849685
2,0,117,1789633750396659712,3812366513860634
2,0,118,1789633750396670976,3812366513871559
2,0,119,1789633750396681216,3812366513882599
2,0,120,1789633750396692480,3812366513893499
2,0,121,1789633750396703744,3812366513904434
2,0,122,1789633750396713984,3812366513915362
2,0,123,1789633750396725248,3812366513926274
2,0,124,1789633750396736512,3812366513937171
2,0,125,1789633750396746752,3812366513948102
2,0,126,1789633750396758016,3812366513959139
2,0,127,1789633750396769280,3812366513970030
2,0,128,1789633750396779520,3812366513980942
2,0,129,1789633750396790784,3812366513991865
2,0,130,1789633750396802048,3812366514002799
2,0,131,1789633750396813312,3812366514013874
2,0,132,1789633750396823552,3812366514024822
2,0,133,1789633750396834816,3812366514035797
2,0,134,1789633750396846080,3812366514046699
2,0,135,1789633750396856320,3812366514057645
2,0,136,1789633750396867584,3812366514068570
2,0,137,1789633750396878848,3812366514079606
2,0,138,1789633750396890112,3812366514090628
2,0,139,1789633750396900352,3812366514101662
2,0,140,1789633750396911616,3812366514112586
2,0,141,1789633750396922880,3812366514123622
2,0,142,1789633750396933120,3812366514134646
2,0,143,1789633750396944384,3812366514145585
2,0,144,1789633750396955648,3812366514156610
2,0,145,1789633750396966912,3812366514167448
2,0,146,1789633750396977152,3812366514178380
2,0,147,1789633750396988416,3812366514189407
2,0,148,1789633750396999680,3812366514200373
2,0,149,1789633750397010944,3812366514211308
2,0,150,1789633750397021184,3812366514222233
2,0,151,1789633750397032448,3812366514233160
2,0,152,1789633750397043712,3812366514244096
2,0,153,1789633750397053952,3812366514255051
2,0,154,1789633750397065216,3812366514265968
2,0,155,1789633750397076480,3812366514277016
2,0,156,1789633750397086720,3812366514287954
2,0,157,1789633750397097984,3812366514298916
2,0,158,1789633750397109248,3812366514309856
2,0,159,1789633750397119488,3812366514320836
2,0,160,1789633750397130752,3812366514331781
2,0,161,1789633750397142016,3812366514342716
2,0,162,1789633750397153280,3812366514353643
2,0,163,1789633750397163520,3812366514364518
2,0,164,1789633750397174784,3812366514375363
2,0,165,1789633750397185024,3812366514386346
2,0,166,1789633750397196288,3812366514397192
2,0,167,1789633750397207552,3812366514408046
2,0,168,1789633750397217792,3812366514418909
2,0,169,1789633750397229056,3812366514429720
2,0,170,1789633750397239296,3812366514440568
2,0,171,1789633750397250560,3812366514451488
2,0,172,1789633750397261824,3812366514462360
2,0,173,1789633750397272064,3812366514473259
2,0,174,1789633750397283328,3812366514484056
2,0,175,1789633750397294592,3812366514494986
2,0,176,1789633750397304832,3812366514505940
2,0,177,1789633750397316096,3812366514516940
2,0,178,1789633750397327360,3812366514527788
2,0,179,1789633750397337600,3812366514538631
2,0,180,1789633750397348864,3812366514549556
2,0,181,1789633750397360128,3812366514560407
2,0,182,1789633750397370368,3812366514571220
2,0,183,1789633750397381632,3812366514582063
2,0,184,1789633750397391872,3812366514593029
2,0,185,1789633750397403136,3812366514603911
2,0,186,1789633750397414400,3812366514614770
2,0,187,1789633750397424640,3812366514625688
2,0,188,1789633750397435904,3812366514636619
2,0,189,1789633750397447168,3812366514647701
2,0,190,1789633750397457408,3812366514658628
2,0,191,1789633750398123008,3812366515324876
2,0,192,1789633750398135296,3812366515335765
2,0,193,1789633750398145536,3812366515346602
2,0,194,1789633750398156800,3812366515357425
2,0,195,1789633750398167040,3812366515368311
2,0,196,1789633750398178304,3812366515379238
2,0,197,1789633750398189568,3812366515390126
2,0,198,1789633750398199808,3812366515401036
2,0,199,1789633750398211072,3812366515411816
2,0,200,1789633750398222336,3812366515422611
2,0,201,1789633750398232576,3812366515433463
2,0,202,1789633750398243840,3812366515444307
2,0,203,1789633750398254080,3812366515455316
2,0,204,1789633750398265344,3812366515466181
2,0,205,1789633750398276608,3812366515477031
2,0,206,1789633750398286848,3812366515487883
2,0,207,1789633750398298112,3812366515498756
2,0,208,1789633750398308352,3812366515509603
2,0,209,1789633750398319616,3812366515520467
2,0,210,1789633750398330880,3812366515531391
2,0,211,1789633750398341120,3812366515542236
2,0,212,1789633750398352384,3812366515553113
2,0,213,1789633750398363648,3812366515563985
2,0,214,1789633750398373888,3812366515574813
2,0,215,1789633750398385152,3812366515585699
2,0,216,1789633750398395392,3812366515596558
2,0,217,1789633750398406656,3812366515607576
2,0,218,1789633750398417920,3812366515618443
2,0,219,1789633750398428160,3812366515629303
2,0,220,1789633750398439424,3812366515640156
2,0,221,1789633750398450688,3812366515651019
2,0,222,1789633750398460928,3812366515661845
2,0,223,1789633750398472192,3812366515672743
2,0,224,1789633750398482432,3812366515683648
2,0,225,1789633750398493696,3812366515694545
2,0,226,1789633750398504960,3812366515705419
2,0,227,1789633750398515200,3812366515716303
2,0,228,1789633750398526464,3812366515727160
2,0,229,1789633750398537728,3812366515738181
2,0,230,1789633750398547968,3812366515749003
2,0,231,1789633750398559232,3812366515759878
2,0,232,1789633750398569472,3812366515770776
2,0,233,1789633750398580736,3812366515781623
2,0,234,1789633750398592000,3812366515792492
2,0,235,1789633750398602240,3812366515803336
2,0,236,1789633750398613504,3812366515814366
2,0,237,1789633750398624768,3812366515825248
2,0,238,1789633750398635008,3812366515836071
2,0,239,1789633750398646272,3812366515846918
2,0,240,1789633750398656512,3812366515857765
2,0,241,1789633750398667776,3812366515868629
2,0,242,1789633750398679040,3812366515879459
2,0,243,1789633750398689280,3812366515890446
2,0,244,1789633750398700544,3812366515901301
2,0,245,1789633750398711808,3812366515912143
2,0,246,1789633750398722048,3812366515922986
2,0,247,1789633750398733312,3812366515933863
2,0,248,1789633750398743552,3812366515944656
2,0,249,1789633750398754816,3812366515955528
2,0,250,1789633750398765056,3812366515966413
2,0,251,1789633750398776320,3812366515977316
2,0,252,1789633750398787584,3812366515988147
2,0,253,1789633750398797824,3812366515999016
2,0,254,1789633750398809088,3812366516009807
2,0,255,1789633750398820352,3812366516020640
2,0,256,1789633750398830592,3812366516031483
2,0,257,1789633750398841856,3812366516042492
2,0,258,1789633750398852096,3812366516053358
2,0,259,1789633750398863360,3812366516064183
2,0,260,1789633750398874624,3812366516075103
2,0,261,1789633750398884864,3812366516085936
2,0,262,1789633750398896128,3812366516096819
2,0,263,1789633750398906368,3812366516107640
2,0,264,1789633750398917632,3812366516118586
2,0,265,1789633750398928896,3812366516129499
2,0,266,1789633750398939136,3812366516140305
2,0,267,1789633750398950400,3812366516151183
2,0,268,1789633750398961664,3812366516161998
2,0,269,1789633750398971904,3812366516172826
2,0,270,1789633750398983168,3812366516183640
2,0,271,1789633750398993408,3812366516194699
2,0,272,1789633750399004672,3812366516205499
2,0,273,1789633750399015936,3812366516216343
2,0,274,1789633750399026176,3812366516227200
2,0,275,1789633750399037440,3812366516238019
2,0,276,1789633750399047680,3812366516248886
2,0,277,1789633750399058944,3812366516259739
2,0,278,1789633750399070208,3812366516270746
2,0,279,1789633750399080448,3812366516281616
2,0,280,1789633750399091712,3812366516292436
2,0,281,1789633750399102976,3812366516303276
2,0,282,1789633750399113216,3812366516314088
2,0,283,1789633750399124480,3812366516324958
2,0,284,1789633750399134720,3812366516335843
2,0,285,1789633750399145984,3812366516346839
2,0,286,1789633750399157248,3812366516357688
2,0,287,1789633750399167488,3812366516368547
2,0,288,1789633750399178752,3812366516379425
2,0,289,1789633750399188992,3812366516390238
2,0,290,1789633750399200256,3812366516401038
2,0,291,1789633750399211520,3812366516411899
2,0,292,1789633750399221760,3812366516422702
2,0,293,1789633750399233024,3812366516433562
2,0,294,1789633750399243264,3812366516444459
2,0,295,1789633750399254528,3812366516455293
2,0,296,1789633750399265792,3812366516466125
2,0,297,1789633750399276032,3812366516476967
2,0,298,1789633750399287296,3812366516487767
2,0,299,1789633750399297536,3812366516498581
2,0,300,1789633750399308800,3812366516509436
2,0,301,1789633750399319040,3812366516520226
2,0,302,1789633750399330304,3812366516531048
2,0,303,1789633750399341568,3812366516542042
2,0,304,1789633750399351808,3812366516552865
2,0,305,1789633750399363072,3812366516563652
2,0,306,1789633750399373312,3812366516574531
2,0,307,1789633750399384576,3812366516585343
2,0,308,1789633750399395840,3812366516596228
2,0,309,1789633750399406080,3812366516607082
2,0,310,1789633750399417344,3812366516618107
2,0,311,1789633750399427584,3812366516628931
2,0,312,1789633750399438848,3812366516639718
2,0,313,1789633750399450112,3812366516650585
2,0,314,1789633750399460352,3812366516661429
2,0,315,1789633750399471616,3812366516672231
2,0,316,1789633750399481856,3812366516683047
2,0,317,1789633750399493120,3812366516694071
2,0,318,1789633750399504384,3812366516704943
2,0,319,1789633750399514624,3812366516715793
2,0,320,1789633750399525888,3812366516726598
2,0,321,1789633750399537152,3812366516737436
2,0,322,1789633750399547392,3812366516748293
2,0,323,1789633750399558656,3812366516759146
2,0,324,1789633750399568896,3812366516769979
2,0,325,1789633750399580160,3812366516780836
2,0,326,1789633750399590400,3812366516791736
2,0,327,1789633750399601664,3812366516802602
2,0,328,1789633750399612928,3812366516813445
2,0,329,1789633750399623168,3812366516824262
2,0,330,1789633750399634432,3812366516835116
2,0,331,1789633750399644672,3812366516845936
2,0,332,1789633750399655936,3812366516856811
2,0,333,1789633750399667200,3812366516867827
2,0,334,1789633750399677440,3812366516878736
2,0,335,1789633750399688704,3812366516889588
2,0,336,1789633750399699968,3812366516900460
2,0,337,1789633750399710208,3812366516911305
2,0,338,1789633750399721472,3812366516922326
2,0,339,1789633750399732736,3812366516933148
2,0,340,1789633750399742976,3812366516943982
2,0,341,1789633750399754240,3812366516954836
2,0,342,1789633750399764480,3812366516965665
2,0,343,1789633750399775744,3812366516976543
2,0,344,1789633750399787008,3812366516987401
2,0,345,1789633750399797248,3812366516998412
2,0,346,1789633750399808512,3812366517009296
2,0,347,1789633750399819776,3812366517020118
2,0,348,1789633750399830016,3812366517031006
2,0,349,1789633750399841280,3812366517041822
2,0,350,1789633750399851520,3812366517052648
2,0,351,1789633750399862784,3812366517063508
2,0,352,1789633750399873024,3812366517074472
2,0,353,1789633750399884288,3812366517085342
2,0,354,1789633750399895552,3812366517096196
2,0,355,1789633750399905792,3812366517107011
2,0,356,1789633750399917056,3812366517117866
2,0,357,1789633750399928320,3812366517128719
2,0,358,1789633750399938560,3812366517139586
2,0,359,1789633750399949824,3812366517150571
2,0,360,1789633750399961088,3812366517161460
2,0,361,1789633750399971328,3812366517172347
2,0,362,1789633750399982592,3812366517183185
2,0,363,1789633750399992832,3812366517194006
2,0,364,1789633750400004096,3812366517204885
2,0,365,1789633750400015360,3812366517215753
2,0,366,1789633750400025600,3812366517226758
2,0,367,1789633750400036864,3812366517237601
2,0,368,1789633750400048128,3812366517248448
2,0,369,1789633750400058368,3812366517259285
2,0,370,1789633750400069632,3812366517270140
2,0,371,1789633750400079872,3812366517280998
2,0,372,1789633750400091136,3812366517291899
2,0,373,1789633750400102400,3812366517302845
2,0,374,1789633750400112640,3812366517313727
2,0,375,1789633750400123904,3812366517324542
2,0,376,1789633750400134144,3812366517335376
2,0,377,1789633750400145408,3812366517346196
2,0,378,1789633750400156672,3812366517357056
2,0,379,1789633750400166912,3812366517367939
2,0,380,1789633750400178176,3812366517378918
2,0,381,1789633750400189440,3812366517389776
2,0,382,1789633750400199680,3812366517400638
2,0,383,1789633750400210944,3812366517411460
2,0,384,1789633750400221184,3812366517422342
2,0,385,1789633750400232448,3812366517433140
2,0,386,1789633750400242688,3812366517443968
2,0,387,1789633750400253952,3812366517455019
2,0,388,1789633750400265216,3812366517465891
2,0,389,1789633750400275456,3812366517476716
2,0,390,1789633750400286720,3812366517487507
2,0,391,1789633750400297984,3812366517498348
2,0,392,1789633750400308224,3812366517509145
2,0,393,1789633750400319488,3812366517519958
2,0,394,1789633750400329728,3812366517530771
2,0,395,1789633750400340992,3812366517541638
2,0,396,1789633750400351232,3812366517552541
2,0,397,1789633750400362496,3812366517563400
2,0,398,1789633750400373760,3812366517574219
2,0,399,1789633750400384000,3812366517585046
2,0,400,1789633750400395264,3812366517595882
2,0,401,1789633750400405504,3812366517606678
2,0,402,1789633750400416768,3812366517617543
2,0,403,1789633750400428032,3812366517628548
2,0,404,1789633750400438272,3812366517639405
2,0,405,1789633750400449536,3812366517650232
2,0,406,1789633750400459776,3812366517661055
2,0,407,1789633750400471040,3812366517671875
2,0,408,1789633750400482304,3812366517682741
2,0,409,1789633750400492544,3812366517693593
2,0,410,1789633750400503808,3812366517704635
2,0,411,1789633750400515072,3812366517715459
2,0,412,1789633750400525312,3812366517726263
2,0,413,1789633750400536576,3812366517737133
2,0,414,1789633750400546816,3812366517747962
2,0,415,1789633750400558080,3812366517758741
2,0,416,1789633750400568320,3812366517769547
2,0,417,1789633750400579584,3812366517780435
2,0,418,1789633750400590848,3812366517791278
2,0,419,1789633750400601088,3812366517802335
2,0,420,1789633750400612352,3812366517813188
2,0,421,1789633750400623616,3812366517824000
2,0,422,1789633750400633856,3812366517834838
2,0,423,1789633750400645120,3812366517845625
2,0,424,1789633750400655360,3812366517856460
2,0,425,1789633750400666624,3812366517867333
2,0,426,1789633750400676864,3812366517878238
2,0,427,1789633750400688128,3812366517889075
2,0,428,1789633750400699392,3812366517899868
2,0,429,1789633750400709632,3812366517910753
2,0,430,1789633750400720896,3812366517921562
2,0,431,1789633750400731136,3812366517932375
2,0,432,1789633750400742400,3812366517943222
2,0,433,1789633750400753664,3812366517953999
2,0,434,1789633750400763904,3812366517964847
2,0,435,1789633750400775168,3812366517975780
2,0,436,1789633750400785408,3812366517986641
2,0,437,1789633750400796672,3812366517997435
2,0,438,1789633750400807936,3812366518008302
2,0,439,1789633750400818176,3812366518019145
2,0,440,1789633750400829440,3812366518029982
2,0,441,1789633750400839680,3812366518040803
2,0,442,1789633750400850944,3812366518051622
2,0,443,1789633750400861184,3812366518062445
2,0,444,1789633750400872448,3812366518073413
2,0,445,1789633750400883712,3812366518084273
2,0,446,1789633750400893952,3812366518095089
2,0,447,1789633750400905216,3812366518105968
2,0,448,1789633750400916480,3812366518116805
2,0,449,1789633750400926720,3812366518127695
2,0,450,1789633750400937984,3812366518138563
2,0,451,1789633750400948224,3812366518149499
2,0,452,1789633750400959488,3812366518160328
2,0,453,1789633750400970752,3812366518171188
2,0,454,1789633750400980992,3812366518182085
2,0,455,1789633750400992256,3812366518192935
2,0,456,1789633750401002496,3812366518203771
2,0,457,1789633750401013760,3812366518214643
2,0,458,1789633750401025024,3812366518225585
2,0,459,1789633750401035264,3812366518236468
2,0,460,1789633750401046528,3812366518247291
2,0,461,1789633750401057792,3812366518258180
2,0,462,1789633750401068032,3812366518268995
2,0,463,1789633750401079296,3812366518279859
2,0,464,1789633750401089536,3812366518290700
2,0,465,1789633750401100800,3812366518301665
2,0,466,1789633750401112064,3812366518312502
2,0,467,1789633750401122304,3812366518323368
2,0,468,1789633750401133568,3812366518334205
2,0,469,1789633750401143808,3812366518345029
2,0,470,1789633750401155072,3812366518355873
2,0,471,1789633750401166336,3812366518366715
2,0,472,1789633750401176576,3812366518377655
2,0,473,1789633750401187840,3812366518388548
2,0,474,1789633750401198080,3812366518399375
2,0,475,1789633750401209344,3812366518410235
2,0,476,1789633750401220608,3812366518421065
2,0,477,1789633750401230848,3812366518431895
2,0,478,1789633750401242112,3812366518442758
2,0,479,1789633750401252352,3812366518453739
2,0,480,1789633750401263616,3812366518464561
2,0,481,1789633750401274880,3812366518475419
2,0,482,1789633750401285120,3812366518486285
2,0,483,1789633750401296384,3812366518497139
2,0,484,1789633750401307648,3812366518507998
2,0,485,1789633750401317888,3812366518518885
2,0,486,1789633750401329152,3812366518529822
2,0,487,1789633750401339392,3812366518540682
2,0,488,1789633750401350656,3812366518551541
2,0,489,1789633750401361920,3812366518562398
2,0,490,1789633750401372160,3812366518573215
2,0,491,1789633750401383424,3812366518584027
2,0,492,1789633750401393664,3812366518594873
2,0,493,1789633750401404928,3812366518605900
2,0,494,1789633750401416192,3812366518616718
2,0,495,1789633750401426432,3812366518627525
2,0,496,1789633750401437696,3812366518638407
2,0,497,1789633750401447936,3812366518649231
2,0,498,1789633750401459200,3812366518660095
2,0,499,1789633750401470464,3812366518670958
2,0,500,1789633750401480704,3812366518681758
2,0,501,1789633750401491968,3812366518692585
2,0,502,1789633750401502208,3812366518703520
2,0,503,1789633750401513472,3812366518714427
2,0,504,1789633750401524736,3812366518725247
2,0,505,1789633750401534976,3812366518736093
2,0,506,1789633750401546240,3812366518746895
2,0,507,1789633750401556480,3812366518757739
2,0,508,1789633750401567744,3812366518768571
2,0,509,1789633750401579008,3812366518779534
2,0,510,1789633750401589248,3812366518790358
2,0,511,1789633750401600512,3812366518801185
2,0,512,1789633750401610752,3812366518812021
2,0,513,1789633750401622016,3812366518822851
2,0,514,1789633750401633280,3812366518833678
2,0,515,1789633750401643520,3812366518844485
2,0,516,1789633750401654784,3812366518855348
2,0,517,1789633750401665024,3812366518866185
2,0,518,1789633750401676288,3812366518877059
2,0,519,1789633750401687552,3812366518887914
2,0,520,1789633750401697792,3812366518898718
2,0,521,1789633750401709056,3812366518909551
2,0,522,1789633750401719296,3812366518920373
2,0,523,1789633750401730560,3812366518931215
2,0,524,1789633750401740800,3812366518941980
2,0,525,1789633750401752064,3812366518952833
2,0,526,1789633750401763328,3812366518963698
2,0,527,1789633750401773568,3812366518974605
2,0,528,1789633750401784832,3812366518985483
2,0,529,1789633750401795072,3812366518996338
2,0,530,1789633750401806336,3812366519007200
2,0,531,1789633750401817600,3812366519018025
2,0,532,1789633750401827840,3812366519028842
2,0,533,1789633750401839104,3812366519039695
2,0,534,1789633750401849344,3812366519050682
2,0,535,1789633750401860608,3812366519061560
2,0,536,1789633750401871872,3812366519072403
2,0,537,1789633750401882112,3812366519083278
2,0,538,1789633750401893376,3812366519094105
2,0,539,1789633750401903616,3812366519104920
2,0,540,1789633750401914880,3812366519115813
2,0,541,1789633750401926144,3812366519126768
2,0,542,1789633750401936384,3812366519137678
2,0,543,1789633750401947648,3812366519148460
2,0,544,1789633750401958912,3812366519159332
2,0,545,1789633750401969152,3812366519170165
2,0,546,1789633750401980416,3812366519180988
2,0,547,1789633750401990656,3812366519191869
2,0,548,1789633750402001920,3812366519202852
2,0,549,1789633750402013184,3812366519213705
2,0,550,1789633750402023424,3812366519224529
2,0,551,1789633750402034688,3812366519235407
2,0,552,1789633750402044928,3812366519246238
2,0,553,1789633750402056192,3812366519257051
2,0,554,1789633750402067456,3812366519267905
2,0,555,1789633750402077696,3812366519278703
2,0,556,1789633750402088960,3812366519289535
2,0,557,1789633750402099200,3812366519300475
2,0,558,1789633750402110464,3812366519311343
2,0,559,1789633750402121728,3812366519322175
2,0,560,1789633750402131968,3812366519333033
2,0,561,1789633750402143232,3812366519343888
2,0,562,1789633750402153472,3812366519354755
2,0,563,1789633750402164736,3812366519365608
2,0,564,1789633750402176000,3812366519376571
2,0,565,1789633750402186240,3812366519387395
2,0,566,1789633750402197504,3812366519398263
2,0,567,1789633750402207744,3812366519409105
2,0,568,1789633750402219008,3812366519419933
2,0,569,1789633750402230272,3812366519430780
2,0,570,1789633750402240512,3812366519441633
2,0,571,1789633750402251776,3812366519452565
2,0,572,1789633750402263040,3812366519463435
2,0,573,1789633750402273280,3812366519474238
2,0,574,1789633750402284544,3812366519485100
2,0,575,1789633750402294784,3812366519495862
2,0,576,1789633750402306048,3812366519506702
2,0,577,1789633750402316288,3812366519517533
2,0,578,1789633750402327552,3812366519528375
2,0,579,1789633750402338816,3812366519539248
2,0,580,1789633750402349056,3812366519550198
2,0,581,1789633750402360320,3812366519560998
2,0,582,1789633750402370560,3812366519571805
2,0,583,1789633750402381824,3812366519582695
2,0,584,1789633750402393088,3812366519593515
2,0,585,1789633750402403328,3812366519604411
2,0,586,1789633750402414592,3812366519615288
2,0,587,1789633750402424832,3812366519626180
2,0,588,1789633750402436096,3812366519636998
2,0,589,1789633750402447360,3812366519647813
2,0,590,1789633750402457600,3812366519658693
2,0,591,1789633750402468864,3812366519669513
2,0,592,1789633750402479104,3812366519680391
2,0,593,1789633750402490368,3812366519691205
2,0,594,1789633750402501632,3812366519702013
2,0,595,1789633750402511872,3812366519712888
2,0,596,1789633750402523136,3812366519723825
2,0,597,1789633750402533376,3812366519734698
2,0,598,1789633750402544640,3812366519745527
2,0,599,1789633750402555904,3812366519756355
2,0,600,1789633750402566144,3812366519767175
2,0,601,1789633750402577408,3812366519777988
2,0,602,1789633750402587648,3812366519788825
2,0,603,1789633750402598912,3812366519799775
2,0,604,1789633750402610176,3812366519810613
2,0,605,1789633750402620416,3812366519821405
2,0,606,1789633750402631680,3812366519832233
2,0,607,1789633750402641920,3812366519843027
2,0,608,1789633750402653184,3812366519853902
2,0,609,1789633750402663424,3812366519864708
2,0,610,1789633750402674688,3812366519875528
2,0,611,1789633750402685952,3812366519886368
2,0,612,1789633750402696192,3812366519897373
2,0,613,1789633750402707456,3812366519908171
2,0,614,1789633750402717696,3812366519919005
2,0,615,1789633750402728960,3812366519929878
2,0,616,1789633750402740224,3812366519940681
2,0,617,1789633750402750464,3812366519951491
2,0,618,1789633750402761728,3812366519962338
2,0,619,1789633750402771968,3812366519973189
2,0,620,1789633750402783232,3812366519984013
2,0,621,1789633750402793472,3812366519995020
2,0,622,1789633750402804736,3812366520005852
2,0,623,1789633750402816000,3812366520016700
2,0,624,1789633750402826240,3812366520027525
2,0,625,1789633750402837504,3812366520038352
2,0,626,1789633750402848768,3812366520049185
2,0,627,1789633750402859008,3812366520060075
2,0,628,1789633750402870272,3812366520071095
2,0,629,1789633750402881536,3812366520081918
2,0,630,1789633750402891776,3812366520092751
2,0,631,1789633750402903040,3812366520103562
2,0,632,1789633750402913280,3812366520114400
2,0,633,1789633750402924544,3812366520125223
2,0,634,1789633750402934784,3812366520136052
2,0,635,1789633750402946048,3812366520147055
2,0,636,1789633750402957312,3812366520157898
2,0,637,1789633750402967552,3812366520168740
2,0,638,1789633750402978816,3812366520179598
2,0,639,1789633750402990080,3812366520190435
2,0,640,1789633750403000320,3812366520201298
2,0,641,1789633750403011584,3812366520212129
2,0,642,1789633750403021824,3812366520223143
2,0,643,1789633750403033088,3812366520234005
2,0,644,1789633750403044352,3812366520244818
2,0,645,1789633750403054592,3812366520255721
2,0,646,1789633750403065856,3812366520266543
2,0,647,1789633750403076096,3812366520277433
2,0,648,1789633750403087360,3812366520288311
2,0,649,1789633750403098624,3812366520299335
2,0,650,1789633750403108864,3812366520310181
2,0,651,1789633750403120128,3812366520321009
2,0,652,1789633750403131392,3812366520331867
2,0,653,1789633750403141632,3812366520342713
2,0,654,1789633750403152896,3812366520353518
2,0,655,1789633750403163136,3812366520364411
2,0,656,1789633750403174400,3812366520375413
2,0,657,1789633750403185664,3812366520386291
2,0,658,1789633750403195904,3812366520397129
2,0,659,1789633750403207168,3812366520407998
2,0,660,1789633750403218432,3812366520418848
2,0,661,1789633750403228672,3812366520429718
2,0,662,1789633750403239936,3812366520440573
2,0,663,1789633750403250176,3812366520451488
2,0,664,1789633750403261440,3812366520462358
2,0,665,1789633750403272704,3812366520473205
2,0,666,1789633750403282944,3812366520484022
2,0,667,1789633750403294208,3812366520494875
2,0,668,1789633750403304448,3812366520505698
2,0,669,1789633750403315712,3812366520516555
2,0,670,1789633750403326976,3812366520527471
2,0,671,1789633750403337216,3812366520538338
2,0,672,1789633750403348480,3812366520549135
2,0,673,1789633750403358720,3812366520560058
2,0,674,1789633750403369984,3812366520570895
2,0,675,1789633750403381248,3812366520581762
2,0,676,1789633750403391488,3812366520592651
2,0,677,1789633750403402752,3812366520603647
2,0,678,1789633750403414016,3812366520614520
2,0,679,1789633750403424256,3812366520625389
2,0,680,1789633750403435520,3812366520636233
2,0,681,1789633750403445760,3812366520647065
2,0,682,1789633750403457024,3812366520657903
2,0,683,1789633750403468288,3812366520668780
2,0,684,1789633750403478528,3812366520679751
2,0,685,1789633750403489792,3812366520690648
2,0,686,1789633750403501056,3812366520701469
2,0,687,1789633750403511296,3812366520712385
2,0,688,1789633750403522560,3812366520723223
2,0,689,1789633750403532800,3812366520734035
2,0,690,1789633750403544064,3812366520744888
2,0,691,1789633750403555328,3812366520755811
2,0,692,1789633750403565568,3812366520766608
2,0,693,1789633750403576832,3812366520777425
2,0,694,1789633750403587072,3812366520788249
2,0,695,1789633750403598336,3812366520799075
2,0,696,1789633750403608576,3812366520809931
2,0,697,1789633750403619840,3812366520820767
2,0,698,1789633750403631104,3812366520831588
2,0,699,1789633750403641344,3812366520842451
2,0,700,1789633750403652608,3812366520853343
2,0,701,1789633750403662848,3812366520864213
2,0,702,1789633750403674112,3812366520875033
2,0,703,1789633750403685376,3812366520885851
2,0,704,1789633750403695616,3812366520896687
2,0,705,1789633750403706880,3812366520907511
2,0,706,1789633750403717120,3812366520918338
2,0,707,1789633750403728384,3812366520929355
2,0,708,1789633750403739648,3812366520940175
2,0,709,1789633750403749888,3812366520951015
2,0,710,1789633750403761152,3812366520961863
2,0,711,1789633750403771392,3812366520972683
2,0,712,1789633750403782656,3812366520983475
2,0,713,1789633750403793920,3812366520994398
2,0,714,1789633750403804160,3812366521005431
2,0,715,1789633750403815424,3812366521016267
2,0,716,1789633750403826688,3812366521027091
2,0,717,1789633750403836928,3812366521037938
2,0,718,1789633750403848192,3812366521048735
2,0,719,1789633750403858432,3812366521059558
2,0,720,1789633750403869696,3812366521070365
2,0,721,1789633750403879936,3812366521081253
2,0,722,1789633750403891200,3812366521092080
2,0,723,1789633750403902464,3812366521103095
2,0,724,1789633750403912704,3812366521113938
2,0,725,1789633750403923968,3812366521124745
2,0,726,1789633750403934208,3812366521135578
2,0,727,1789633750403945472,3812366521146418
2,0,728,1789633750403956736,3812366521157263
2,0,729,1789633750403966976,3812366521168140
2,0,730,1789633750403978240,3812366521179055
2,0,731,1789633750403988480,3812366521189883
2,0,732,1789633750403999744,3812366521200693
2,0,733,1789633750404011008,3812366521211522
2,0,734,1789633750404021248,3812366521222375
2,0,735,1789633750404032512,3812366521233247
2,0,736,1789633750404042752,3812366521244111
2,0,737,1789633750404054016,3812366521254918
2,0,738,1789633750404065280,3812366521265751
2,0,739,1789633750404075520,3812366521276683
2,0,740,1789633750404086784,3812366521287525
2,0,741,1789633750404097024,3812366521298342
2,0,742,1789633750404108288,3812366521309178
2,0,743,1789633750404119552,3812366521320000
2,0,744,1789633750404129792,3812366521330811
2,0,745,1789633750404141056,3812366521341580
2,0,746,1789633750404151296,3812366521352415
2,0,747,1789633750404162560,3812366521363262
2,0,748,1789633750404172800,3812366521374228
2,0,749,1789633750404184064,3812366521385085
2,0,750,1789633750404195328,3812366521395895
2,0,751,1789633750404205568,3812366521406718
2,0,752,1789633750404216832,3812366521417531
2,0,753,1789633750404227072,3812366521428431
2,0,754,1789633750404238336,3812366521439245
2,0,755,1789633750404249600,3812366521450202
2,0,756,1789633750404259840,3812366521461065
2,0,757,1789633750404271104,3812366521471882
2,0,758,1789633750404281344,3812366521482745
2,0,759,1789633750404292608,3812366521493593
2,0,760,1789633750404303872,3812366521504424
2,0,761,1789633750404314112,3812366521515262
2,0,762,1789633750404325376,3812366521526295
2,0,763,1789633750404336640,3812366521537174
2,0,764,1789633750404346880,3812366521548055
2,0,765,1789633750404358144,3812366521558883
2,0,766,1789633750404368384,3812366521569748
2,0,767,1789633750404379648,3812366521580598
2,0,768,1789633750404390912,3812366521591488
2,0,769,1789633750404401152,3812366521602380
2,0,770,1789633750404412416,3812366521613248
2,0,771,1789633750404423680,3812366521624098
2,0,772,1789633750404433920,3812366521634980
2,0,773,1789633750404445184,3812366521645787
2,0,774,1789633750404455424,3812366521656681
2,0,775,1789633750404466688,3812366521667565
2,0,776,1789633750404477952,3812366521678555
2,0,777,1789633750404488192,3812366521689428
2,0,778,1789633750404499456,3812366521700275
2,0,779,1789633750404509696,3812366521711102
2,0,780,1789633750404520960,3812366521721955
2,0,781,1789633750404532224,3812366521732768
2,0,782,1789633750404542464,3812366521743653
2,0,783,1789633750404553728,3812366521754544
2,0,784,1789633750404564992,3812366521765428
2,0,785,1789633750404575232,3812366521776244
2,0,786,1789633750404586496,3812366521787133
2,0,787,1789633750404596736,3812366521797951
2,0,788,1789633750404608000,3812366521808748
2,0,789,1789633750404618240,3812366521819615
2,0,790,1789633750404629504,3812366521830625
2,0,791,1789633750404640768,3812366521841505
2,0,792,1789633750404651008,3812366521852373
2,0,793,1789633750404662272,3812366521863221
2,0,794,1789633750404673536,3812366521874093
2,0,795,1789633750404683776,3812366521884928
2,0,796,1789633750404695040,3812366521895808
2,0,797,1789633750404705280,3812366521906807
2,0,798,1789633750404716544,3812366521917677
2,0,799,1789633750404727808,3812366521928504
2,0,800,1789633750404738048,3812366521939338
2,0,801,1789633750404749312,3812366521950164
2,0,802,1789633750404760576,3812366521961007
2,0,803,1789633750404770816,3812366521971884
2,0,804,1789633750404782080,3812366521982784
2,0,805,1789633750404792320,3812366521993653
2,0,806,1789633750404803584,3812366522004535
2,0,807,1789633750404814848,3812366522015368
2,0,808,1789633750404825088,3812366522026248
2,0,809,1789633750404836352,3812366522037027
2,0,810,1789633750404846592,3812366522047873
2,0,811,1789633750404857856,3812366522058863
2,0,812,1789633750404869120,3812366522069733
2,0,813,1789633750404879360,3812366522080551
2,0,814,1789633750404890624,3812366522091408
2,0,815,1789633750404900864,3812366522102235
2,0,816,1789633750404912128,3812366522113100
2,0,817,1789633750404923392,3812366522123938
2,0,818,1789633750404933632,3812366522134742
2,0,819,1789633750404944896,3812366522145618
2,0,820,1789633750404955136,3812366522156524
2,0,821,1789633750404966400,3812366522167418
2,0,822,1789633750404977664,3812366522178227
2,0,823,1789633750404987904,3812366522189048
2,0,824,1789633750404999168,3812366522199820
2,0,825,1789633750405009408,3812366522210638
2,0,826,1789633750405020672,3812366522221500
2,0,827,1789633750405030912,3812366522232500
2,0,828,1789633750405042176,3812366522243343
2,0,829,1789633750405053440,3812366522254144
2,0,830,1789633750405063680,3812366522265003
2,0,831,1789633750405074944,3812366522275825
2,0,832,1789633750405086208,3812366522286658
2,0,833,1789633750405096448,3812366522297455
2,0,834,1789633750405107712,3812366522308269
2,0,835,1789633750405117952,3812366522319038
2,0,836,1789633750405129216,3812366522330065
2,0,837,1789633750405140480,3812366522340918
2,0,838,1789633750405150720,3812366522351747
2,0,839,1789633750405161984,3812366522362586
2,0,840,1789633750405172224,3812366522373411
2,0,841,1789633750405183488,3812366522384240
2,0,842,1789633750405193728,3812366522395038
2,0,843,1789633750405204992,3812366522405871
2,0,844,1789633750405216256,3812366522416733
2,0,845,1789633750405226496,3812366522427687
2,0,846,1789633750405237760,3812366522438567
2,0,847,1789633750405248000,3812366522449388
2,0,848,1789633750405259264,3812366522460258
2,0,849,1789633750405270528,3812366522471103
2,0,850,1789633750405280768,3812366522481940
2,0,851,1789633750405292032,3812366522492835
2,0,852,1789633750405302272,3812366522503760
2,0,853,1789633750405313536,3812366522514600
2,0,854,1789633750405324800,3812366522525460
2,0,855,1789633750405335040,3812366522536348
2,0,856,1789633750405346304,3812366522547180
2,0,857,1789633750405357568,3812366522558007
2,0,858,1789633750405367808,3812366522568887
2,0,859,1789633750405379072,3812366522579853
2,0,860,1789633750405389312,3812366522590725
2,0,861,1789633750405400576,3812366522601573
2,0,862,1789633750405411840,3812366522612371
2,0,863,1789633750405422080,3812366522623262
2,0,864,1789633750405433344,3812366522634135
2,0,865,1789633750405443584,3812366522644980
2,0,866,1789633750405454848,3812366522655918
2,0,867,1789633750405466112,3812366522666782
2,0,868,1789633750405476352,3812366522677611
2,0,869,1789633750405487616,3812366522688458
2,0,870,1789633750405498880,3812366522699335
2,0,871,1789633750405509120,3812366522710193
2,0,872,1789633750405520384,3812366522721040
2,0,873,1789633750405530624,3812366522732005
2,0,874,1789633750405541888,3812366522742888
2,0,875,1789633750405553152,3812366522753748
2,0,876,1789633750405563392,3812366522764608
2,0,877,1789633750405574656,3812366522775429
2,0,878,1789633750405584896,3812366522786275
2,0,879,1789633750405596160,3812366522797167
2,0,880,1789633750405607424,3812366522808093
2,0,881,1789633750405617664,3812366522818975
2,0,882,1789633750405628928,3812366522829798
2,0,883,1789633750405640192,3812366522840685
2,0,884,1789633750405650432,3812366522851517
2,0,885,1789633750405661696,3812366522862378
2,0,886,1789633750405671936,3812366522873237
2,0,887,1789633750405683200,3812366522884162
2,0,888,1789633750405694464,3812366522895051
2,0,889,1789633750405704704,3812366522905877
2,0,890,1789633750405715968,3812366522916704
2,0,891,1789633750405726208,3812366522927580
2,0,892,1789633750405737472,3812366522938397
2,0,893,1789633750405748736,3812366522949255
2,0,894,1789633750405758976,3812366522960151
2,0,895,1789633750405770240,3812366522971037
2,0,896,1789633750405780480,3812366522981835
2,0,897,1789633750405791744,3812366522992698
2,0,898,1789633750405803008,3812366523003564
2,0,899,1789633750405813248,3812366523014369
2,0,900,1789633750405824512,3812366523025300
2,0,901,1789633750405834752,3812366523036205
2,0,902,1789633750405846016,3812366523047155
2,0,903,1789633750405857280,3812366523058140
2,0,904,1789633750405868544,3812366523069062
2,0,905,1789633750405878784,3812366523080027
2,0,906,1789633750405890048,3812366523090963
2,0,907,1789633750405901312,3812366523101933
2,0,908,1789633750405911552,3812366523112847
2,0,909,1789633750405922816,3812366523123797
2,0,910,1789633750405934080,3812366523134757
2,0,911,1789633750405944320,3812366523145727
2,0,912,1789633750405955584,3812366523156662
2,0,913,1789633750405966848,3812366523167602
2,0,914,1789633750405977088,3812366523178511
2,0,915,1789633750405988352,3812366523189446
2,0,916,1789633750405999616,3812366523200416
2,0,917,1789633750406009856,3812366523211391
2,0,918,1789633750406021120,3812366523222402
2,0,919,1789633750406032384,3812366523233446
2,0,920,1789633750406043648,3812366523244397
2,0,921,1789633750406053888,3812366523255364
2,0,922,1789633750406065152,3812366523266306
2,0,923,1789633750406076416,3812366523277253
2,0,924,1789633750406086656,3812366523288191
2,0,925,1789633750406097920,3812366523299124
2,0,926,1789633750406109184,3812366523310071
2,0,927,1789633750406120448,3812366523321074
2,0,928,1789633750406130688,3812366523331964
2,0,929,1789633750406141952,3812366523342929
2,0,930,1789633750406153216,3812366523353895
2,0,931,1789633750406163456,3812366523364862
2,0,932,1789633750406174720,3812366523375825
2,0,933,1789633750406185984,3812366523386762
2,0,934,1789633750406196224,3812366523397655
2,0,935,1789633750406207488,3812366523408587
2,0,936,1789633750406218752,3812366523419542
2,0,937,1789633750406228992,3812366523430575
2,0,938,1789633750406240256,3812366523441465
2,0,939,1789633750406251520,3812366523452411
2,0,940,1789633750406262784,3812366523463335
2,0,941,1789633750406273024,3812366523474300
2,0,942,1789633750406284288,3812366523485237
2,0,943,1789633750406295552,3812366523496171
2,0,944,1789633750406305792,3812366523507044
2,0,945,1789633750406317056,3812366523518117
2,0,946,1789633750406328320,3812366523529042
2,0,947,1789633750406338560,3812366523539987
2,0,948,1789633750406349824,3812366523550907
2,0,949,1789633750406361088,3812366523561831
2,0,950,1789633750406371328,3812366523572735
2,0,951,1789633750406382592,3812366523583729
2,0,952,1789633750406393856,3812366523594671
2,0,953,1789633750406404096,3812366523605615
2,0,954,1789633750406415360,3812366523616555
2,0,955,1789633750406426624,3812366523627489
2,0,956,1789633750406437888,3812366523638453
2,0,957,1789633750406448128,3812366523649369
2,0,958,1789633750406459392,3812366523660317
2,0,959,1789633750406470656,3812366523671227
2,0,960,1789633750406480896,3812366523682197
2,0,961,1789633750406492160,3812366523693167
2,0,962,1789633750406503424,3812366523704111
2,0,963,1789633750406513664,3812366523715138
2,0,964,1789633750406524928,3812366523726104
2,0,965,1789633750406536192,3812366523737058
2,0,966,1789633750406547456,3812366523748021
2,0,967,1789633750406557696,3812366523758964
2,0,968,1789633750406568960,3812366523769904
2,0,969,1789633750406580224,3812366523780835
2,0,970,1789633750406590464,3812366523791843
2,0,971,1789633750406601728,3812366523802751
2,0,972,1789633750406612992,3812366523813717
2,0,973,1789633750406623232,3812366523824660
2,0,974,1789633750406634496,3812366523835635
2,0,975,1789633750406645760,3812366523846557
2,0,976,1789633750406656000,3812366523857528
2,0,977,1789633750406667264,3812366523868458
2,0,978,1789633750406678528,3812366523879422
2,0,979,1789633750406689792,3812366523890374
2,0,980,1789633750406700032,3812366523901313
2,0,981,1789633750406711296,3812366523912404
2,0,982,1789633750406722560,3812366523923355
2,0,983,1789633750406732800,3812366523934277
2,0,984,1789633750406744064,3812366523945353
2,0,985,1789633750406755328,3812366523956244
2,0,986,1789633750406766592,3812366523967211
2,0,987,1789633750406776832,3812366523978144
2,0,988,1789633750406788096,3812366523989102
2,0,989,1789633750406799360,3812366524000107
2,0,990,1789633750406809600,3812366524011073
2,0,991,1789633750406820864,3812366524021971
2,0,992,1789633750406832128,3812366524032923
2,0,993,1789633750406842368,3812366524043853
2,0,994,1789633750406853632,3812366524054797
2,0,995,1789633750406864896,3812366524065738
2,0,996,1789633750406875136,3812366524076687
2,0,997,1789633750406886400,3812366524087762
2,0,998,1789633750406897664,3812366524098677
2,0,999,1789633750406908928,3812366524109622
2,0,1000,1789633750406919168,3812366524120574
2,0,1001,1789633750406930432,3812366524131535
2,0,1002,1789633750406941696,3812366524142517
2,0,1003,1789633750406952960,3812366524153502
2,0,1004,1789633750406963200,3812366524164525
2,0,1005,1789633750406974464,3812366524175523
2,0,1006,1789633750406985728,3812366524186455
2,0,1007,1789633750406995968,3812366524197424
2,0,1008,1789633750407007232,3812366524208363
2,0,1009,1789633750407018496,3812366524219338
2,0,1010,1789633750407028736,3812366524230315
2,0,1011,1789633750407040000,3812366524241273
2,0,1012,1789633750407051264,3812366524252173
2,0,1013,1789633750407062528,3812366524263162
2,0,1014,1789633750407072768,3812366524274058
2,0,1015,1789633750407084032,3812366524285013
2,0,1016,1789633750407095296,3812366524295950
2,0,1017,1789633750407105536,3812366524306869
2,0,1018,1789633750407116800,3812366524317805
2,0,1019,1789633750407128064,3812366524328775
2,0,1020,1789633750407138304,3812366524339698
2,0,1021,1789633750407149568,3812366524350622
2,0,1022,1789633750407160832,3812366524361567
2,0,1023,1789633750407171072,3812366524372553
2,0,1024,1789633750407182336,3812366524383538
2,0,1025,1789633750407193600,3812366524394507
2,0,1026,1789633750407204864,3812366524405433
2,0,1027,1789633750407215104,3812366524416418
2,0,1028,1789633750407226368,3812366524427363
2,0,1029,1789633750407237632,3812366524438320
2,0,1030,1789633750407247872,3812366524449258
2,0,1031,1789633750407259136,3812366524460365
2,0,1032,1789633750407270400,3812366524471324
2,0,1033,1789633750407281664,3812366524482293
2,0,1034,1789633750407291904,3812366524493237
2,0,1035,1789633750407303168,3812366524504184
2,0,1036,1789633750407314432,3812366524515138
2,0,1037,1789633750407324672,3812366524526091
2,0,1038,1789633750407335936,3812366524537022
2,0,1039,1789633750407347200,3812366524547987
2,0,1040,1789633750407357440,3812366524558900
2,0,1041,1789633750407368704,3812366524569880
2,0,1042,1789633750407379968,3812366524580822
2,0,1043,1789633750407391232,3812366524591764
2,0,1044,1789633750407401472,3812366524602769
2,0,1045,1789633750407412736,3812366524613700
2,0,1046,1789633750407424000,3812366524624665
2,0,1047,1789633750407434240,3812366524635611
2,0,1048,1789633750407445504,3812366524646575
2,0,1049,1789633750407456768,3812366524657540
2,0,1050,1789633750407467008,3812366524668458
2,0,1051,1789633750407478272,3812366524679375
2,0,1052,1789633750407489536,3812366524690313
2,0,1053,1789633750407499776,3812366524701282
2,0,1054,1789633750407511040,3812366524712222
2,0,1055,1789633750407522304,3812366524723155
2,0,1056,1789633750407532544,3812366524734098
2,0,1057,1789633750407543808,3812366524745030
2,0,1058,1789633750407555072,3812366524755925
2,0,1059,1789633750407566336,3812366524766778
2,0,1060,1789633750407576576,3812366524777635
2,0,1061,1789633750407587840,3812366524788437
2,0,1062,1789633750407598080,3812366524799265
2,0,1063,1789633750407609344,3812366524810098
2,0,1064,1789633750407619584,3812366524820944
2,0,1065,1789633750407630848,3812366524831755
2,0,1066,1789633750407641088,3812366524842715
2,0,1067,1789633750407652352,3812366524853593
2,0,1068,1789633750407663616,3812366524864410
2,0,1069,1789633750407673856,3812366524875300
2,0,1070,1789633750407685120,3812366524886122
2,0,1071,1789633750407696384,3812366524896955
2,0,1072,1789633750407706624,3812366524907780
2,0,1073,1789633750407717888,3812366524918791
2,0,1074,1789633750407729152,3812366524929662
2,0,1075,1789633750407739392,3812366524940413
2,0,1076,1789633750407750656,3812366524951284
2,0,1077,1789633750407760896,3812366524962108
2,0,1078,1789633750407772160,3812366524972935
2,0,1079,1789633750407782400,3812366524983744
2,0,1080,1789633750407793664,3812366524994542
2,0,1081,1789633750407804928,3812366525005405
2,0,1082,1789633750407815168,3812366525016330
2,0,1083,1789633750407826432,3812366525027173
2,0,1084,1789633750407836672,3812366525037984
2,0,1085,1789633750407847936,3812366525048822
2,0,1086,1789633750407859200,3812366525059660
2,0,1087,1789633750407869440,3812366525070485
2,0,1088,1789633750407880704,3812366525081320
2,0,1089,1789633750407890944,3812366525092157
2,0,1090,1789633750407902208,3812366525102995
2,0,1091,1789633750407912448,3812366525113965
2,0,1092,1789633750407923712,3812366525124827
2,0,1093,1789633750407934976,3812366525135664
2,0,1094,1789633750407945216,3812366525146463
2,0,1095,1789633750407956480,3812366525157258
2,0,1096,1789633750407966720,3812366525168095
2,0,1097,1789633750407977984,3812366525178930
2,0,1098,1789633750407989248,3812366525189750
2,0,1099,1789633750407999488,3812366525200615
2,0,1100,1789633750408010752,3812366525211530
2,0,1101,1789633750408020992,3812366525222385
2,0,1102,1789633750408032256,3812366525233218
2,0,1103,1789633750408043520,3812366525244098
2,0,1104,1789633750408053760,3812366525254945
2,0,1105,1789633750408065024,3812366525265797
2,0,1106,1789633750408075264,3812366525276700
2,0,1107,1789633750408086528,3812366525287602
2,0,1108,1789633750408097792,3812366525298482
2,0,1109,1789633750408108032,3812366525309335
2,0,1110,1789633750408119296,3812366525320260
2,0,1111,1789633750408130560,3812366525331138
2,0,1112,1789633750408140800,3812366525342115
2,0,1113,1789633750408152064,3812366525353007
2,0,1114,1789633750408163328,3812366525363840
2,0,1115,1789633750408173568,3812366525374703
2,0,1116,1789633750408184832,3812366525385535
2,0,1117,1789633750408195072,3812366525396357
2,0,1118,1789633750408206336,3812366525407195
2,0,1119,1789633750408217600,3812366525418230
2,0,1120,1789633750408227840,3812366525429102
2,0,1121,1789633750408239104,3812366525439933
2,0,1122,1789633750408249344,3812366525450804
2,0,1123,1789633750408260608,3812366525461637
2,0,1124,1789633750408271872,3812366525472438
2,0,1125,1789633750408282112,3812366525483298
2,0,1126,1789633750408293376,3812366525494317
2,0,1127,1789633750408304640,3812366525505180
2,0,1128,1789633750408314880,3812366525516022
2,0,1129,1789633750408326144,3812366525526893
2,0,1130,1789633750408336384,3812366525537749
2,0,1131,1789633750408347648,3812366525548607
2,0,1132,1789633750408358912,3812366525559490
2,0,1133,1789633750408369152,3812366525570460
2,0,1134,1789633750408380416,3812366525581287
2,0,1135,1789633750408391680,3812366525592142
2,0,1136,1789633750408401920,3812366525602967
2,0,1137,1789633750408413184,3812366525613858
2,0,1138,1789633750408423424,3812366525624627
2,0,1139,1789633750408434688,3812366525635480
2,0,1140,1789633750408444928,3812366525646482
2,0,1141,1789633750408456192,3812366525657380
2,0,1142,1789633750408467456,3812366525668210
2,0,1143,1789633750408477696,3812366525679080
2,0,1144,1789633750408488960,3812366525689877
2,0,1145,1789633750408500224,3812366525700755
2,0,1146,1789633750408510464,3812366525711567
2,0,1147,1789633750408521728,3812366525722547
2,0,1148,1789633750408531968,3812366525733405
2,0,1149,1789633750408543232,3812366525744237
2,0,1150,1789633750408554496,3812366525755075
2,0,1151,1789633750408564736,3812366525765898
2,0,1152,1789633750408576000,3812366525776730
2,0,1153,1789633750408586240,3812366525787588
2,0,1154,1789633750408597504,3812366525798631
2,0,1155,1789633750408608768,3812366525809517
2,0,1156,1789633750408619008,3812366525820320
2,0,1157,1789633750408630272,3812366525831148
2,0,1158,1789633750408640512,3812366525841950
2,0,1159,1789633750408651776,3812366525852823
2,0,1160,1789633750408663040,3812366525863684
2,0,1161,1789633750408673280,3812366525874493
2,0,1162,1789633750408684544,3812366525885317
2,0,1163,1789633750408694784,3812366525896258
2,0,1164,1789633750408706048,3812366525907073
2,0,1165,1789633750408717312,3812366525917900
2,0,1166,1789633750408727552,3812366525928738
2,0,1167,1789633750408738816,3812366525939564
2,0,1168,1789633750408749056,3812366525950388
2,0,1169,1789633750408760320,3812366525961223
2,0,1170,1789633750408770560,3812366525972000
2,0,1171,1789633750408781824,3812366525982852
2,0,1172,1789633750408793088,3812366525993812
2,0,1173,1789633750408803328,3812366526004623
2,0,1174,1789633750408814592,3812366526015453
2,0,1175,1789633750408824832,3812366526026267
2,0,1176,1789633750408836096,3812366526037122
2,0,1177,1789633750408847360,3812366526047937
2,0,1178,1789633750408857600,3812366526058769
2,0,1179,1789633750408868864,3812366526069783
2,0,1180,1789633750408880128,3812366526080599
2,0,1181,1789633750408890368,3812366526091450
2,0,1182,1789633750408901632,3812366526102373
2,0,1183,1789633750408911872,3812366526113177
2,0,1184,1789633750408923136,3812366526123999
2,0,1185,1789633750408934400,3812366526134862
2,0,1186,1789633750408944640,3812366526145860
2,0,1187,1789633750408955904,3812366526156683
2,0,1188,1789633750408966144,3812366526167517
2,0,1189,1789633750408977408,3812366526178369
2,0,1190,1789633750408988672,3812366526189185
2,0,1191,1789633750408998912,3812366526200065
2,0,1192,1789633750409010176,3812366526210927
2,0,1193,1789633750409020416,3812366526221959
2,0,1194,1789633750409031680,3812366526232833
2,0,1195,1789633750409042944,3812366526243679
2,0,1196,1789633750409053184,3812366526254538
2,0,1197,1789633750409064448,3812366526265390
2,0,1198,1789633750409075712,3812366526276258
2,0,1199,1789633750409085952,3812366526287127
2,0,1200,1789633750409097216,3812366526298153
2,0,1201,1789633750409108480,3812366526309022
2,0,1202,1789633750409118720,3812366526319879
2,0,1203,1789633750409129984,3812366526330712
2,0,1204,1789633750409140224,3812366526341529
2,0,1205,1789633750409151488,3812366526352392
2,0,1206,1789633750409162752,3812366526363305
2,0,1207,1789633750409172992,3812366526374218
2,0,1208,1789633750409184256,3812366526385092
2,0,1209,1789633750409194496,3812366526395929
2,0,1210,1789633750409205760,3812366526406793
2,0,1211,1789633750409217024,3812366526417657
2,0,1212,1789633750409227264,3812366526428513
2,0,1213,1789633750409238528,3812366526439423
2,0,1214,1789633750409249792,3812366526450295
2,0,1215,1789633750409260032,3812366526461143
2,0,1216,1789633750409271296,3812366526471972
2,0,1217,1789633750409281536,3812366526482780
2,0,1218,1789633750409292800,3812366526493632
2,0,1219,1789633750409303040,3812366526504498
2,0,1220,1789633750409314304,3812366526515369
2,0,1221,1789633750409325568,3812366526526272
2,0,1222,1789633750409335808,3812366526537127
2,0,1223,1789633750409347072,3812366526547970
2,0,1224,1789633750409358336,3812366526558858
2,0,1225,1789633750409368576,3812366526569679
2,0,1226,1789633750409379840,3812366526580569
2,0,1227,1789633750409390080,3812366526591454
2,0,1228,1789633750409401344,3812366526602463
2,0,1229,1789633750409412608,3812366526613317
2,0,1230,1789633750409422848,3812366526624170
2,0,1231,1789633750409434112,3812366526634992
2,0,1232,1789633750409445376,3812366526645852
2,0,1233,1789633750409455616,3812366526656720
2,0,1234,1789633750409466880,3812366526667575
2,0,1235,1789633750409477120,3812366526678536
2,0,1236,1789633750409488384,3812366526689390
2,0,1237,1789633750409499648,3812366526700200
2,0,1238,1789633750409509888,3812366526711069
2,0,1239,1789633750409521152,3812366526721885
2,0,1240,1789633750409531392,3812366526732760
2,0,1241,1789633750409542656,3812366526743572
2,0,1242,1789633750409553920,3812366526754520
2,0,1243,1789633750409564160,3812366526765402
2,0,1244,1789633750409575424,3812366526776225
2,0,1245,1789633750409585664,3812366526787053
2,0,1246,1789633750409596928,3812366526797870
2,0,1247,1789633750409608192,3812366526808733
2,0,1248,1789633750409618432,3812366526819596
2,0,1249,1789633750409629696,3812366526830373
2,0,1250,1789633750409639936,3812366526841245
2,0,1251,1789633750409651200,3812366526852165
2,0,1252,1789633750409662464,3812366526862993
2,0,1253,1789633750409672704,3812366526873799
2,0,1254,1789633750409683968,3812366526884653
2,0,1255,1789633750409694208,3812366526895460
2,0,1256,1789633750409705472,3812366526906272
2,0,1257,1789633750409715712,3812366526917058
2,0,1258,1789633750409726976,3812366526927892
2,0,1259,1789633750409738240,3812366526938722
2,0,1260,1789633750409748480,3812366526949689
2,0,1261,1789633750409759744,3812366526960549
2,0,1262,1789633750409769984,3812366526971359
2,0,1263,1789633750409781248,3812366526982190
2,0,1264,1789633750409792512,3812366526993049
2,0,1265,1789633750409802752,3812366527003849
2,0,1266,1789633750409814016,3812366527014670
2,0,1267,1789633750409824256,3812366527025683
2,0,1268,1789633750409835520,3812366527036520
2,0,1269,1789633750409846784,3812366527047310
2,0,1270,1789633750409857024,3812366527058149
2,0,1271,1789633750409868288,3812366527068974
2,0,1272,1789633750409878528,3812366527079839
2,0,1273,1789633750409889792,3812366527090632
2,0,1274,1789633750409900032,3812366527101455
2,0,1275,1789633750409911296,3812366527112343
2,0,1276,1789633750409922560,3812366527123316
2,0,1277,1789633750409932800,3812366527134190
2,0,1278,1789633750409944064,3812366527144990
2,0,1279,1789633750409955328,3812366527155820
2,0,1280,1789633750409965568,3812366527166650
2,0,1281,1789633750409976832,3812366527177526
2,0,1282,1789633750409987072,3812366527188409
2,0,1283,1789633750409998336,3812366527199442
2,0,1284,1789633750410009600,3812366527210249
2,0,1285,1789633750410019840,3812366527221069
2,0,1286,1789633750410031104,3812366527231898
2,0,1287,1789633750410041344,3812366527242729
2,0,1288,1789633750410052608,3812366527253613
2,0,1289,1789633750410063872,3812366527264496
2,0,1290,1789633750410074112,3812366527275492
2,0,1291,1789633750410085376,3812366527286356
2,0,1292,1789633750410096640,3812366527297182
2,0,1293,1789633750410106880,3812366527308018
2,0,1294,1789633750410118144,3812366527318869
2,0,1295,1789633750410128384,3812366527329762
2,0,1296,1789633750410139648,3812366527340644
2,0,1297,1789633750410150912,3812366527351578
2,0,1298,1789633750410161152,3812366527362484
2,0,1299,1789633750410172416,3812366527373335
2,0,1300,1789633750410183680,3812366527384209
2,0,1301,1789633750410193920,3812366527395085
2,0,1302,1789633750410205184,3812366527406105
2,0,1303,1789633750410216448,3812366527416972
2,0,1304,1789633750410226688,3812366527427818
2,0,1305,1789633750410237952,3812366527438690
2,0,1306,1789633750410248192,3812366527449489
2,0,1307,1789633750410259456,3812366527460316
2,0,1308,1789633750410269696,3812366527471169
2,0,1309,1789633750410280960,3812366527482183
2,0,1310,1789633750410292224,3812366527493074
2,0,1311,1789633750410302464,3812366527503903
2,0,1312,1789633750410313728,3812366527514725
2,0,1313,1789633750410324992,3812366527525563
2,0,1314,1789633750410335232,3812366527536410
2,0,1315,1789633750410346496,3812366527547270
2,0,1316,1789633750410356736,3812366527558272
2,0,1317,1789633750410368000,3812366527569123
2,0,1318,1789633750410379264,3812366527579932
2,0,1319,1789633750410389504,3812366527590850
2,0,1320,1789633750410400768,3812366527601673
2,0,1321,1789633750410412032,3812366527612573
2,0,1322,1789633750410422272,3812366527623443
2,0,1323,1789633750410433536,3812366527634480
2,0,1324,1789633750410444800,3812366527645319
2,0,1325,1789633750410455040,3812366527656192
2,0,1326,1789633750410466304,3812366527667029
2,0,1327,1789633750410476544,3812366527677880
2,0,1328,1789633750410487808,3812366527688709
2,0,1329,1789633750410498048,3812366527699570
2,0,1330,1789633750410509312,3812366527710565
2,0,1331,1789633750410520576,3812366527721386
2,0,1332,1789633750410530816,3812366527732324
2,0,1333,1789633750410542080,3812366527743193
2,0,1334,1789633750410553344,3812366527754052
2,0,1335,1789633750410563584,3812366527765085
2,0,1336,1789633750410574848,3812366527775933
2,0,1337,1789633750410586112,3812366527786793
2,0,1338,1789633750410596352,3812366527797649
2,0,1339,1789633750410607616,3812366527808469
2,0,1340,1789633750410617856,3812366527819269
2,0,1341,1789633750410629120,3812366527830116
2,0,1342,1789633750410640384,3812366527840927
2,0,1343,1789633750410650624,3812366527851792
2,0,1344,1789633750410661888,3812366527862705
2,0,1345,1789633750410672128,3812366527873526
2,0,1346,1789633750410683392,3812366527884383
2,0,1347,1789633750410694656,3812366527895223
2,0,1348,1789633750410704896,3812366527906016
2,0,1349,1789633750410716160,3812366527916836
2,0,1350,1789633750410726400,3812366527927719
2,0,1351,1789633750410737664,3812366527938678
2,0,1352,1789633750410748928,3812366527949538
2,0,1353,1789633750410759168,3812366527960332
2,0,1354,1789633750410770432,3812366527971218
2,0,1355,1789633750410780672,3812366527982087
2,0,1356,1789633750410791936,3812366527992889
2,0,1357,1789633750410803200,3812366528003740
2,0,1358,1789633750410813440,3812366528014549
2,0,1359,1789633750410824704,3812366528025400
2,0,1360,1789633750410834944,3812366528036298
2,0,1361,1789633750410846208,3812366528047159
2,0,1362,1789633750410857472,3812366528057959
2,0,1363,1789633750410867712,3812366528068800
2,0,1364,1789633750410878976,3812366528079636
2,0,1365,1789633750410889216,3812366528090450
2,0,1366,1789633750410900480,3812366528101279
2,0,1367,1789633750410910720,3812366528112319
2,0,1368,1789633750410921984,3812366528123170
2,0,1369,1789633750410933248,3812366528133969
2,0,1370,1789633750410943488,3812366528144830
2,0,1371,1789633750410954752,3812366528155676
2,0,1372,1789633750410966016,3812366528166529
2,0,1373,1789633750410976256,3812366528177366
2,0,1374,1789633750410987520,3812366528188386
2,0,1375,1789633750410997760,3812366528199233
2,0,1376,1789633750411009024,3812366528210062
2,0,1377,1789633750411020288,3812366528220903
2,0,1378,1789633750411030528,3812366528231702
2,0,1379,1789633750411041792,3812366528242536
2,0,1380,1789633750411052032,3812366528253365
2,0,1381,1789633750411063296,3812366528264213
2,0,1382,1789633750411073536,3812366528275043
2,0,1383,1789633750411084800,3812366528286045
2,0,1384,1789633750411096064,3812366528296873
2,0,1385,1789633750411106304,3812366528307700
2,0,1386,1789633750411117568,3812366528318529
2,0,1387,1789633750411128832,3812366528329405
2,0,1388,1789633750411139072,3812366528340229
2,0,1389,1789633750411150336,3812366528351080
2,0,1390,1789633750411160576,3812366528362016
2,0,1391,1789633750411171840,3812366528372858
2,0,1392,1789633750411183104,3812366528383632
2,0,1393,1789633750411193344,3812366528394475
2,0,1394,1789633750411204608,3812366528405289
2,0,1395,1789633750411214848,3812366528416152
2,0,1396,1789633750411226112,3812366528426963
2,0,1397,1789633750411236352,3812366528437782
2,0,1398,1789633750411247616,3812366528448593
2,0,1399,1789633750411258880,3812366528459559
2,0,1400,1789633750411269120,3812366528470420
2,0,1401,1789633750411280384,3812366528481249
2,0,1402,1789633750411290624,3812366528492138
2,0,1403,1789633750411301888,3812366528502923
2,0,1404,1789633750411313152,3812366528513765
2,0,1405,1789633750411323392,3812366528524653
2,0,1406,1789633750411334656,3812366528535642
2,0,1407,1789633750411345920,3812366528546479
2,0,1408,1789633750411356160,3812366528557373
2,0,1409,1789633750411367424,3812366528568223
2,0,1410,1789633750411377664,3812366528579089
2,0,1411,1789633750411388928,3812366528589949
2,0,1412,1789633750411400192,3812366528600809
2,0,1413,1789633750411410432,3812366528611819
2,0,1414,1789633750411421696,3812366528622683
2,0,1415,1789633750411432960,3812366528633479
2,0,1416,1789633750411443200,3812366528644389
2,0,1417,1789633750411454464,3812366528655229
2,0,1418,1789633750411464704,3812366528666106
2,0,1419,1789633750411475968,3812366528676926
2,0,1420,1789633750411487232,3812366528687873
2,0,1421,1789633750411497472,3812366528698749
2,0,1422,1789633750411508736,3812366528709572
2,0,1423,1789633750411518976,3812366528720418
2,0,1424,1789633750411530240,3812366528731282
2,0,1425,1789633750411541504,3812366528742098
2,0,1426,1789633750411551744,3812366528752976
2,0,1427,1789633750411563008,3812366528763886
2,0,1428,1789633750411573248,3812366528774763
2,0,1429,1789633750411584512,3812366528785526
2,0,1430,1789633750411595776,3812366528796409
2,0,1431,1789633750411606016,3812366528807262
2,0,1432,1789633750411617280,3812366528818083
2,0,1433,1789633750411627520,3812366528828950
2,0,1434,1789633750411638784,3812366528839969
2,0,1435,1789633750411650048,3812366528850790
2,0,1436,1789633750411660288,3812366528861619
2,0,1437,1789633750411671552,3812366528872480
2,0,1438,1789633750411682816,3812366528883343
2,0,1439,1789633750411693056,3812366528894169
2,0,1440,1789633750411704320,3812366528905023
2,0,1441,1789633750411714560,3812366528915839
2,0,1442,1789633750411725824,3812366528926693
2,0,1443,1789633750411736064,3812366528937592
2,0,1444,1789633750411747328,3812366528948479
2,0,1445,1789633750411758592,3812366528959252
2,0,1446,1789633750411768832,3812366528970089
2,0,1447,1789633750411780096,3812366528980872
2,0,1448,1789633750411790336,3812366528991706
2,0,1449,1789633750411801600,3812366529002506
2,0,1450,1789633750411812864,3812366529013369
2,0,1451,1789633750411823104,3812366529024206
2,0,1452,1789633750411834368,3812366529035143
2,0,1453,1789633750411844608,3812366529045970
2,0,1454,1789633750411855872,3812366529056743
2,0,1455,1789633750411866112,3812366529067602
2,0,1456,1789633750411877376,3812366529078418
2,0,1457,1789633750411888640,3812366529089216
2,0,1458,1789633750411898880,3812366529100037
2,0,1459,1789633750411910144,3812366529110855
2,0,1460,1789633750411920384,3812366529121719
2,0,1461,1789633750411931648,3812366529132698
2,0,1462,1789633750411942912,3812366529143562
2,0,1463,1789633750411953152,3812366529154383
2,0,1464,1789633750411964416,3812366529165220
2,0,1465,1789633750411974656,3812366529176025
2,0,1466,1789633750411985920,3812366529186903
2,0,1467,1789633750411997184,3812366529197759
2,0,1468,1789633750412007424,3812366529208802
2,0,1469,1789633750412018688,3812366529219675
2,0,1470,1789633750412029952,3812366529230566
2,0,1471,1789633750412040192,3812366529241363
2,0,1472,1789633750412051456,3812366529252173
2,0,1473,1789633750412061696,3812366529262976
2,0,1474,1789633750412072960,3812366529273835
2,0,1475,1789633750412083200,3812366529284832
2,0,1476,1789633750412094464,3812366529295713
2,0,1477,1789633750412105728,3812366529306526
2,0,1478,1789633750412115968,3812366529317343
2,0,1479,1789633750412127232,3812366529328129
2,0,1480,1789633750412137472,3812366529338955
2,0,1481,1789633750412148736,3812366529349822
2,0,1482,1789633750412160000,3812366529360856
2,0,1483,1789633750412170240,3812366529371709
2,0,1484,1789633750412181504,3812366529382536
2,0,1485,1789633750412192768,3812366529393369
2,0,1486,1789633750412203008,3812366529404182
2,0,1487,1789633750412214272,3812366529415039
2,0,1488,1789633750412224512,3812366529425902
2,0,1489,1789633750412235776,3812366529436903
2,0,1490,1789633750412247040,3812366529447546
2,0,1491,1789633750412257280,3812366529458123
2,0,1492,1789633750412267520,3812366529468742
2,0,1493,1789633750412278784,3812366529479366
2,0,1494,1789633750412289024,3812366529489978
2,0,1495,1789633750412300288,3812366529500610
2,0,1496,1789633750412310528,3812366529511242
2,0,1497,1789633750412320768,3812366529521842
2,0,1498,1789633750412332032,3812366529532502
2,0,1499,1789633750412342272,3812366529543132
2,0,1500,1789633750412352512,3812366529553749
2,0,1501,1789633750412363776,3812366529564413
2,0,1502,1789633750412374016,3812366529575036
2,0,1503,1789633750412385280,3812366529585663
2,0,1504,1789633750412395520,3812366529596323
2,0,1505,1789633750412405760,3812366529606912
2,0,1506,1789633750412417024,3812366529617570
2,0,1507,1789633750412427264,3812366529628197
2,0,1508,1789633750412437504,3812366529638826
2,0,1509,1789633750412448768,3812366529649578
2,0,1510,1789633750412459008,3812366529660192
2,0,1511,1789633750412470272,3812366529670759
2,0,1512,1789633750412480512,3812366529681369
2,0,1513,1789633750412490752,3812366529691989
2,0,1514,1789633750412502016,3812366529702550
2,0,1515,1789633750412512256,3812366529713209
2,0,1516,1789633750412522496,3812366529723805
2,0,1517,1789633750412533760,3812366529734456
2,0,1518,1789633750412544000,3812366529745152
2,0,1519,1789633750412555264,3812366529755809
2,0,1520,1789633750412565504,3812366529766390
2,0,1521,1789633750412575744,3812366529776982
2,0,1522,1789633750412587008,3812366529787598
2,0,1523,1789633750412597248,3812366529798202
2,0,1524,1789633750412608512,3812366529808876
2,0,1525,1789633750412618752,3812366529819458
2,0,1526,1789633750412628992,3812366529830119
2,0,1527,1789633750412640256,3812366529840833
2,0,1528,1789633750412650496,3812366529851462
2,0,1529,1789633750412661760,3812366529862183
2,0,1530,1789633750412672000,3812366529872822
2,0,1531,1789633750412682240,3812366529883418
2,0,1532,1789633750412693504,3812366529894010
2,0,1533,1789633750412703744,3812366529904629
2,0,1534,1789633750412713984,3812366529915223
2,0,1535,1789633750412725248,3812366529925883
2,0,1536,1789633750412735488,3812366529936498
2,0,1537,1789633750412746752,3812366529947152
2,0,1538,1789633750412756992,3812366529957889
2,0,1539,1789633750412767232,3812366529968500
2,0,1540,1789633750412778496,3812366529979240
2,0,1541,1789633750412788736,3812366529989866
2,0,1542,1789633750412800000,3812366530000449
2,0,1543,1789633750412810240,3812366530011053
2,0,1544,1789633750412820480,3812366530021642
2,0,1545,1789633750412831744,3812366530032229
2,0,1546,1789633750412841984,3812366530042869
2,0,1547,1789633750412852224,3812366530053465
2,0,1548,1789633750412863488,3812366530064125
2,0,1549,1789633750412873728,3812366530074845
2,0,1550,1789633750412884992,3812366530085532
2,0,1551,1789633750412895232,3812366530096098
2,0,1552,1789633750412905472,3812366530106693
2,0,1553,1789633750412916736,3812366530117289
2,0,1554,1789633750412926976,3812366530127875
2,0,1555,1789633750412937216,3812366530138523
2,0,1556,1789633750412948480,3812366530149130
2,0,1557,1789633750412958720,3812366530159795
2,0,1558,1789633750412969984,3812366530170549
2,0,1559,1789633750412980224,3812366530181212
2,0,1560,1789633750412991488,3812366530191885
2,0,1561,1789633750413001728,3812366530202529
2,0,1562,1789633750413011968,3812366530213119
2,0,1563,1789633750413023232,3812366530223719
2,0,1564,1789633750413033472,3812366530234378
2,0,1565,1789633750413043712,3812366530245018
2,0,1566,1789633750413054976,3812366530255635
2,0,1567,1789633750413065216,3812366530266218
2,0,1568,1789633750413076480,3812366530276860
2,0,1569,1789633750413086720,3812366530287556
2,0,1570,1789633750413096960,3812366530298202
2,0,1571,1789633750413108224,3812366530308936
2,0,1572,1789633750413118464,3812366530319573
2,0,1573,1789633750413129728,3812366530330169
2,0,1574,1789633750413139968,3812366530340776
2,0,1575,1789633750413150208,3812366530351383
2,0,1576,1789633750413161472,3812366530362015
2,0,1577,1789633750413171712,3812366530372673
2,0,1578,1789633750413181952,3812366530383253
2,0,1579,1789633750413193216,3812366530393932
2,0,1580,1789633750413203456,3812366530404620
2,0,1581,1789633750413214720,3812366530415262
2,0,1582,1789633750413224960,3812366530426002
2,0,1583,1789633750413236224,3812366530436593
2,0,1584,1789633750413246464,3812366530447185
2,0,1585,1789633750413256704,3812366530457809
2,0,1586,1789633750413267968,3812366530468439
2,0,1587,1789633750413278208,3812366530479056
2,0,1588,1789633750413288448,3812366530489692
2,0,1589,1789633750413299712,3812366530500280
2,0,1590,1789633750413309952,3812366530510922
2,0,1591,1789633750413321216,3812366530521669
2,0,1592,1789633750413331456,3812366530532352
2,0,1593,1789633750413341696,3812366530543035
2,0,1594,1789633750413352960,3812366530553658
2,0,1595,1789633750413363200,3812366530564272
2,0,1596,1789633750413374464,3812366530574869
2,0,1597,1789633750413384704,3812366530585489
2,0,1598,1789633750413394944,3812366530596055
2,0,1599,1789633750413406208,3812366530606689
2,0,1600,1789633750413416448,3812366530617285
2,0,1601,1789633750413426688,3812366530627932
2,0,1602,1789633750413437952,3812366530638642
2,0,1603,1789633750413448192,3812366530649293
2,0,1604,1789633750413459456,3812366530660126
2,0,1605,1789633750413469696,3812366530670742
2,0,1606,1789633750413480960,3812366530681330
2,0,1607,1789633750413491200,3812366530691926
2,0,1608,1789633750413501440,3812366530702522
2,0,1609,1789633750413512704,3812366530713160
2,0,1610,1789633750413522944,3812366530723789
2,0,1611,1789633750413533184,3812366530734399
2,0,1612,1789633750413544448,3812366530745082
2,0,1613,1789633750413554688,3812366530755782
2,0,1614,1789633750413565952,3812366530766445
2,0,1615,1789633750413576192,3812366530777146
2,0,1616,1789633750413586432,3812366530787743
2,0,1617,1789633750413597696,3812366530798362
2,0,1618,1789633750413607936,3812366530808982
2,0,1619,1789633750413619200,3812366530819609
2,0,1620,1789633750413629440,3812366530830190
2,0,1621,1789633750413639680,3812366530840818
2,0,1622,1789633750413650944,3812366530851409
2,0,1623,1789633750413661184,3812366530862037
2,0,1624,1789633750413671424,3812366530872730
2,0,1625,1789633750413682688,3812366530883353
2,0,1626,1789633750413692928,3812366530893935
2,0,1627,1789633750413704192,3812366530904562
2,0,1628,1789633750413714432,3812366530915183
2,0,1629,1789633750413724672,3812366530925776
2,0,1630,1789633750413735936,3812366530936433
2,0,1631,1789633750413746176,3812366530947018
2,0,1632,1789633750413756416,3812366530957682
2,0,1633,1789633750413767680,3812366530968420
2,0,1634,1789633750413777920,3812366530979083
2,0,1635,1789633750413789184,3812366530989786
2,0,1636,1789633750413799424,3812366531000418
2,0,1637,1789633750413809664,3812366531010982
2,0,1638,1789633750413820928,3812366531021569
2,0,1639,1789633750413831168,3812366531032172
2,0,1640,1789633750413842432,3812366531042822
2,0,1641,1789633750413852672,3812366531053475
2,0,1642,1789633750413862912,3812366531064069
2,0,1643,1789633750413874176,3812366531074692
2,0,1644,1789633750413884416,3812366531085373
2,0,1645,1789633750413894656,3812366531095989
2,0,1646,1789633750413905920,3812366531106580
2,0,1647,1789633750413916160,3812366531117149
2,0,1648,1789633750413927424,3812366531127773
2,0,1649,1789633750413937664,3812366531138386
2,0,1650,1789633750413947904,3812366531149058
2,0,1651,1789633750413959168,3812366531159603
2,0,1652,1789633750413969408,3812366531170253
2,0,1653,1789633750413979648,3812366531180959
2,0,1654,1789633750413990912,3812366531191603
2,0,1655,1789633750414001152,3812366531202423
2,0,1656,1789633750414012416,3812366531213079
2,0,1657,1789633750414022656,3812366531223660
2,0,1658,1789633750414033920,3812366531234258
2,0,1659,1789633750414044160,3812366531244858
2,0,1660,1789633750414054400,3812366531255456
2,0,1661,1789633750414065664,3812366531266089
2,0,1662,1789633750414075904,3812366531276692
2,0,1663,1789633750414086144,3812366531287338
2,0,1664,1789633750414097408,3812366531298003
2,0,1665,1789633750414107648,3812366531308649
2,0,1666,1789633750414118912,3812366531319232
2,0,1667,1789633750414129152,3812366531329813
2,0,1668,1789633750414139392,3812366531340465
2,0,1669,1789633750414150656,3812366531351018
2,0,1670,1789633750414160896,3812366531361665
2,0,1671,1789633750414171136,3812366531372199
2,0,1672,1789633750414182400,3812366531382879
2,0,1673,1789633750414192640,3812366531393599
2,0,1674,1789633750414202880,3812366531404249
2,0,1675,1789633750414214144,3812366531414832
2,0,1676,1789633750414224384,3812366531425399
2,0,1677,1789633750414235648,3812366531435989
2,0,1678,1789633750414245888,3812366531446609
2,0,1679,1789633750414256128,3812366531457230
2,0,1680,1789633750414267392,3812366531467852
2,0,1681,1789633750414277632,3812366531478530
2,0,1682,1789633750414287872,3812366531489298
2,0,1683,1789633750414299136,3812366531499953
2,0,1684,1789633750414309376,3812366531510776
2,0,1685,1789633750414320640,3812366531521418
2,0,1686,1789633750414330880,3812366531532106
2,0,1687,1789633750414342144,3812366531542746
2,0,1688,1789633750414352384,3812366531553289
2,0,1689,1789633750414362624,3812366531563903
2,0,1690,1789633750414373888,3812366531574526
2,0,1691,1789633750414384128,3812366531585109
2,0,1692,1789633750414395392,3812366531595783
2,0,1693,1789633750414405632,3812366531606376
2,0,1694,1789633750414415872,3812366531617020
2,0,1695,1789633750414427136,3812366531627703
2,0,1696,1789633750414437376,3812366531638330
2,0,1697,1789633750414447616,3812366531648919
2,0,1698,1789633750414458880,3812366531659510
2,0,1699,1789633750414469120,3812366531670160
2,0,1700,1789633750414480384,3812366531680743
2,0,1701,1789633750414490624,3812366531691409
2,0,1702,1789633750414500864,3812366531702009
2,0,1703,1789633750414512128,3812366531712665
2,0,1704,1789633750414522368,3812366531723380
2,0,1705,1789633750414533632,3812366531734029
2,0,1706,1789633750414543872,3812366531744749
2,0,1707,1789633750414554112,3812366531755375
2,0,1708,1789633750414565376,3812366531765978
2,0,1709,1789633750414575616,3812366531776556
2,0,1710,1789633750414585856,3812366531787155
2,0,1711,1789633750414597120,3812366531797738
2,0,1712,1789633750414607360,3812366531808399
2,0,1713,1789633750414618624,3812366531818990
2,0,1714,1789633750414628864,3812366531829638
2,0,1715,1789633750414639104,3812366531840345
2,0,1716,1789633750414650368,3812366531850973
2,0,1717,1789633750414660608,3812366531861576
2,0,1718,1789633750414670848,3812366531872180
2,0,1719,1789633750414682112,3812366531882756
2,0,1720,1789633750414692352,3812366531893388
2,0,1721,1789633750414703616,3812366531904042
2,0,1722,1789633750414713856,3812366531914637
2,0,1723,1789633750414724096,3812366531925303
2,0,1724,1789633750414735360,3812366531936018
2,0,1725,1789633750414745600,3812366531946663
2,0,1726,1789633750414756864,3812366531957388
2,0,1727,1789633750414767104,3812366531968046
2,0,1728,1789633750414777344,3812366531978863
2,0,1729,1789633750414788608,3812366531989488
2,0,1730,1789633750414798848,3812366532000068
2,0,1731,1789633750414810112,3812366532010658
2,0,1732,1789633750414820352,3812366532021300
2,0,1733,1789633750414830592,3812366532031930
2,0,1734,1789633750414841856,3812366532042568
2,0,1735,1789633750414852096,3812366532053172
2,0,1736,1789633750414863360,3812366532063818
2,0,1737,1789633750414873600,3812366532074523
2,0,1738,1789633750414883840,3812366532085173
2,0,1739,1789633750414895104,3812366532095893
2,0,1740,1789633750414905344,3812366532106527
2,0,1741,1789633750414916608,3812366532117125
2,0,1742,1789633750414926848,3812366532127748
2,0,1743,1789633750414937088,3812366532138400
2,0,1744,1789633750414948352,3812366532148988
2,0,1745,1789633750414958592,3812366532159643
2,0,1746,1789633750414969856,3812366532170217
2,0,1747,1789633750414980096,3812366532180876
2,0,1748,1789633750414990336,3812366532191592
2,0,1749,1789633750415001600,3812366532202340
2,0,1750,1789633750415011840,3812366532213056
2,0,1751,1789633750415023104,3812366532223725
2,0,1752,1789633750415033344,3812366532234495
2,0,1753,1789633750415044608,3812366532245125
2,0,1754,1789633750415054848,3812366532255880
2,0,1755,1789633750415065088,3812366532266468
2,0,1756,1789633750415076352,3812366532277088
2,0,1757,1789633750415086592,3812366532287722
2,0,1758,1789633750415097856,3812366532298328
2,0,1759,1789633750415108096,3812366532308935
2,0,1760,1789633750415118336,3812366532319606
2,0,1761,1789633750415129600,3812366532330253
2,0,1762,1789633750415139840,3812366532340888
2,0,1763,1789633750415151104,3812366532351558
2,0,1764,1789633750415161344,3812366532362148
2,0,1765,1789633750415171584,3812366532372945
2,0,1766,1789633750415182848,3812366532383583
2,0,1767,1789633750415193088,3812366532394398
2,0,1768,1789633750415204352,3812366532405042
2,0,1769,1789633750415214592,3812366532415623
2,0,1770,1789633750415225856,3812366532426280
2,0,1771,1789633750415236096,3812366532436906
2,0,1772,1789633750415246336,3812366532447488
2,0,1773,1789633750415257600,3812366532458105
2,0,1774,1789633750415267840,3812366532468695
2,0,1775,1789633750415278080,3812366532479322
2,0,1776,1789633750415289344,3812366532490068
2,0,1777,1789633750415299584,3812366532500695
2,0,1778,1789633750415310848,3812366532511422
2,0,1779,1789633750415321088,3812366532522055
2,0,1780,1789633750415331328,3812366532532656
2,0,1781,1789633750415342592,3812366532543250
2,0,1782,1789633750415352832,3812366532553930
2,0,1783,1789633750415364096,3812366532564549
2,0,1784,1789633750415374336,3812366532575156
2,0,1785,1789633750415384576,3812366532585698
2,0,1786,1789633750415395840,3812366532596326
2,0,1787,1789633750415406080,3812366532607026
2,0,1788,1789633750415416320,3812366532617682
2,0,1789,1789633750415427584,3812366532628518
2,0,1790,1789633750415437824,3812366532639098
2,0,1791,1789633750415449088,3812366532649729
2,0,1792,1789633750415459328,3812366532660320
2,0,1793,1789633750415470592,3812366532670976
2,0,1794,1789633750415480832,3812366532681568
2,0,1795,1789633750415491072,3812366532692205
2,0,1796,1789633750415502336,3812366532702738
2,0,1797,1789633750415512576,3812366532713365
2,0,1798,1789633750415522816,3812366532724188
2,0,1799,1789633750415534080,3812366532734838
2,0,1800,1789633750415544320,3812366532745623
2,0,1801,1789633750415555584,3812366532756252
2,0,1802,1789633750415565824,3812366532766995
2,0,1803,1789633750415577088,3812366532777612
2,0,1804,1789633750415587328,3812366532788236
2,0,1805,1789633750415597568,3812366532798829
2,0,1806,1789633750415608832,3812366532809426
2,0,1807,1789633750415619072,3812366532820058
2,0,1808,1789633750415629312,3812366532830685
2,0,1809,1789633750415640576,3812366532841268
2,0,1810,1789633750415650816,3812366532851875
2,0,1811,1789633750415662080,3812366532862693
2,0,1812,1789633750415672320,3812366532873323
2,0,1813,1789633750415683584,3812366532884038
2,0,1814,1789633750415693824,3812366532894672
2,0,1815,1789633750415704064,3812366532905253
2,0,1816,1789633750415715328,3812366532915832
2,0,1817,1789633750415725568,3812366532926439
2,0,1818,1789633750415735808,3812366532937012
2,0,1819,1789633750415747072,3812366532947652
2,0,1820,1789633750415757312,3812366532958268
2,0,1821,1789633750415767552,3812366532968922
2,0,1822,1789633750415778816,3812366532979624
2,0,1823,1789633750415789056,3812366532990275
2,0,1824,1789633750415800320,3812366533001090
2,0,1825,1789633750415810560,3812366533011702
2,0,1826,1789633750415821824,3812366533022336
2,0,1827,1789633750415832064,3812366533032918
2,0,1828,1789633750415842304,3812366533043523
2,0,1829,1789633750415853568,3812366533054113
2,0,1830,1789633750415863808,3812366533064740
2,0,1831,1789633750415874048,3812366533075375
2,0,1832,1789633750415885312,3812366533085998
2,0,1833,1789633750415895552,3812366533096768
2,0,1834,1789633750415906816,3812366533107478
2,0,1835,1789633750415917056,3812366533118230
2,0,1836,1789633750415928320,3812366533128848
2,0,1837,1789633750415938560,3812366533139593
2,0,1838,1789633750415949824,3812366533150238
2,0,1839,1789633750415960064,3812366533160823
2,0,1840,1789633750415970304,3812366533171428
2,0,1841,1789633750415981568,3812366533182056
2,0,1842,1789633750415991808,3812366533192658
2,0,1843,1789633750416002048,3812366533203328
2,0,1844,1789633750416013312,3812366533213901
2,0,1845,1789633750416023552,3812366533224556
2,0,1846,1789633750416033792,3812366533235275
2,0,1847,1789633750416045056,3812366533245903
2,0,1848,1789633750416055296,3812366533256648
2,0,1849,1789633750416066560,3812366533267246
2,0,1850,1789633750416076800,3812366533277840
2,0,1851,1789633750416088064,3812366533288458
2,0,1852,1789633750416098304,3812366533299100
2,0,1853,1789633750416108544,3812366533309727
2,0,1854,1789633750416119808,3812366533320333
2,0,1855,1789633750416130048,3812366533330975
2,0,1856,1789633750416140288,3812366533341586
2,0,1857,1789633750416151552,3812366533352346
2,0,1858,1789633750416161792,3812366533362967
2,0,1859,1789633750416173056,3812366533373703
2,0,1860,1789633750416183296,3812366533384298
2,0,1861,1789633750416194560,3812366533394931
2,0,1862,1789633750416204800,3812366533405548
2,0,1863,1789633750416215040,3812366533416198
2,0,1864,1789633750416226304,3812366533426805
2,0,1865,1789633750416236544,3812366533437428
2,0,1866,1789633750416246784,3812366533448080
2,0,1867,1789633750416258048,3812366533458721
2,0,1868,1789633750416268288,3812366533469391
2,0,1869,1789633750416279552,3812366533479998
2,0,1870,1789633750416289792,3812366533490748
2,0,1871,1789633750416300032,3812366533501376
2,0,1872,1789633750416311296,3812366533511986
2,0,1873,1789633750416321536,3812366533522548
2,0,1874,1789633750416332800,3812366533533190
2,0,1875,1789633750416343040,3812366533543811
2,0,1876,1789633750416353280,3812366533554442
2,0,1877,1789633750416364544,3812366533565080
2,0,1878,1789633750416374784,3812366533575728
2,0,1879,1789633750416385024,3812366533586446
2,0,1880,1789633750416396288,3812366533597058
2,0,1881,1789633750416406528,3812366533607805
2,0,1882,1789633750416417792,3812366533618408
2,0,1883,1789633750416428032,3812366533628997
2,0,1884,1789633750416438272,3812366533639536
2,0,1885,1789633750416449536,3812366533650132
2,0,1886,1789633750416459776,3812366533660769
2,0,1887,1789633750416470016,3812366533671428
2,0,1888,1789633750416481280,3812366533682051
2,0,1889,1789633750416491520,3812366533692693
2,0,1890,1789633750416502784,3812366533703389
2,0,1891,1789633750416513024,3812366533713991
2,0,1892,1789633750416523264,3812366533724604
2,0,1893,1789633750416534528,3812366533735215
2,0,1894,1789633750416544768,3812366533745800
2,0,1895,1789633750416556032,3812366533756418
2,0,1896,1789633750416566272,3812366533767068
2,0,1897,1789633750416576512,3812366533777696
2,0,1898,1789633750416587776,3812366533788345
2,0,1899,1789633750416598016,3812366533799096
2,0,1900,1789633750416609280,3812366533809738
2,0,1901,1789633750416619520,3812366533820456
2,0,1902,1789633750416629760,3812366533831058
2,0,1903,1789633750416641024,3812366533841650
2,0,1904,1789633750416651264,3812366533852360
2,0,1905,1789633750416662528,3812366533862943
2,0,1906,1789633750416672768,3812366533873533
2,0,1907,1789633750416683008,3812366533884183
2,0,1908,1789633750416694272,3812366533894808
2,0,1909,1789633750416704512,3812366533905430
2,0,1910,1789633750416714752,3812366533916125
2,0,1911,1789633750416726016,3812366533926770
2,0,1912,1789633750416736256,3812366533937493
2,0,1913,1789633750416747520,3812366533948120
2,0,1914,1789633750416757760,3812366533958718
2,0,1915,1789633750416768000,3812366533969323
2,0,1916,1789633750416779264,3812366533979983
2,0,1917,1789633750416789504,3812366533990641
2,0,1918,1789633750416800768,3812366534001310
2,0,1919,1789633750416811008,3812366534011929
2,0,1920,1789633750416821248,3812366534022563
2,0,1921,1789633750416832512,3812366534033188
2,0,1922,1789633750416842752,3812366534043783
2,0,1923,1789633750416854016,3812366534054540
2,0,1924,1789633750416864256,3812366534065135
2,0,1925,1789633750416874496,3812366534075738
2,0,1926,1789633750416885760,3812366534086367
2,0,1927,1789633750416896000,3812366534096956
2,0,1928,1789633750416906240,3812366534107553
2,0,1929,1789633750416917504,3812366534118181
2,0,1930,1789633750416927744,3812366534128810
2,0,1931,1789633750416939008,3812366534139464
2,0,1932,1789633750416949248,3812366534150261
2,0,1933,1789633750416959488,3812366534160898
2,0,1934,1789633750416970752,3812366534171696
2,0,1935,1789633750416980992,3812366534182361
2,0,1936,1789633750416992256,3812366534193168
2,0,1937,1789633750417002496,3812366534203758
2,0,1938,1789633750417013760,3812366534214516
2,0,1939,1789633750417024000,3812366534225170
2,0,1940,1789633750417035264,3812366534235771
2,0,1941,1789633750417045504,3812366534246350
2,0,1942,1789633750417055744,3812366534256940
2,0,1943,1789633750417067008,3812366534267566
2,0,1944,1789633750417077248,3812366534278162
2,0,1945,1789633750417087488,3812366534288776
2,0,1946,1789633750417098752,3812366534299391
2,0,1947,1789633750417108992,3812366534310221
2,0,1948,1789633750417120256,3812366534320841
2,0,1949,1789633750417130496,3812366534331561
2,0,1950,1789633750417141760,3812366534342218
2,0,1951,1789633750417152000,3812366534352821
2,0,1952,1789633750417162240,3812366534363455
2,0,1953,1789633750417173504,3812366534374053
2,0,1954,1789633750417183744,3812366534384695
2,0,1955,1789633750417193984,3812366534395360
2,0,1956,1789633750417205248,3812366534405964
2,0,1957,1789633750417215488,3812366534416578
2,0,1958,1789633750417226752,3812366534427226
2,0,1959,1789633750417236992,3812366534437913
2,0,1960,1789633750417247232,3812366534448596
2,0,1961,1789633750417258496,3812366534459223
2,0,1962,1789633750417268736,3812366534469850
2,0,1963,1789633750417280000,3812366534480566
2,0,1964,1789633750417290240,3812366534491118
2,0,1965,1789633750417300480,3812366534501740
2,0,1966,1789633750417311744,3812366534512366
2,0,1967,1789633750417321984,3812366534522993
2,0,1968,1789633750417332224,3812366534533640
2,0,1969,1789633750417343488,3812366534544303
2,0,1970,1789633750417353728,3812366534554914
2,0,1971,1789633750417364992,3812366534565681
2,0,1972,1789633750417375232,3812366534576321
2,0,1973,1789633750417386496,3812366534587143
2,0,1974,1789633750417396736,3812366534597801
2,0,1975,1789633750417406976,3812366534608394
2,0,1976,1789633750417418240,3812366534619043
2,0,1977,1789633750417428480,3812366534629666
2,0,1978,1789633750417439744,3812366534640304
2,0,1979,1789633750417449984,3812366534650908
2,0,1980,1789633750417460224,3812366534661550
2,0,1981,1789633750417471488,3812366534672199
2,0,1982,1789633750417481728,3812366534682798
2,0,1983,1789633750417492992,3812366534693451
2,0,1984,1789633750417503232,3812366534704166
2,0,1985,1789633750417513472,3812366534714816
2,0,1986,1789633750417524736,3812366534725418
2,0,1987,1789633750417534976,3812366534736064
2,0,1988,1789633750417546240,3812366534746664
2,0,1989,1789633750417556480,3812366534757294
2,0,1990,1789633750417566720,3812366534767968
2,0,1991,1789633750417577984,3812366534778564
2,0,1992,1789633750417588224,3812366534789198
2,0,1993,1789633750417598464,3812366534799858
2,0,1994,1789633750417609728,3812366534810564
2,0,1995,1789633750417619968,3812366534821210
2,0,1996,1789633750417631232,3812366534831871
2,0,1997,1789633750417641472,3812366534842674
2,0,1998,1789633750417652736,3812366534853347
2,0,1999,1789633750417662976,3812366534864120
2,0,2000,1789633750417674240,3812366534874806
2,0,2001,1789633750417684480,3812366534885621
2,0,2002,1789633750417695744,3812366534896266
2,0,2003,1789633750417705984,3812366534907056
2,0,2004,1789633750417717248,3812366534917673
2,0,2005,1789633750417727488,3812366534928276
2,0,2006,1789633750417737728,3812366534938961
2,0,2007,1789633750417748992,3812366534949569
2,0,2008,1789633750417759232,3812366534960160
2,0,2009,1789633750417769472,3812366534970854
2,0,2010,1789633750417780736,3812366534981468
2,0,2011,1789633750417790976,3812366534992133
2,0,2012,1789633750417802240,3812366535002740
2,0,2013,1789633750417812480,3812366535013376
2,0,2014,1789633750417822720,3812366535024093
2,0,2015,1789633750417833984,3812366535034738
2,0,2016,1789633750417844224,3812366535045330
2,0,2017,1789633750417855488,3812366535055908
2,0,2018,1789633750417865728,3812366535066501
2,0,2019,1789633750417875968,3812366535077083
2,0,2020,1789633750417887232,3812366535087680
2,0,2021,1789633750417897472,3812366535098333
2,0,2022,1789633750417907712,3812366535109006
2,0,2023,1789633750417918976,3812366535119688
2,0,2024,1789633750417929216,3812366535130383
2,0,2025,1789633750417940480,3812366535141160
2,0,2026,1789633750417950720,3812366535151778
2,0,2027,1789633750417960960,3812366535162350
2,0,2028,1789633750417972224,3812366535172968
2,0,2029,1789633750417982464,3812366535183551
2,0,2030,1789633750417993728,3812366535194200
2,0,2031,1789633750418003968,3812366535204843
2,0,2032,1789633750418014208,3812366535215453
2,0,2033,1789633750418025472,3812366535226091
2,0,2034,1789633750418035712,3812366535236846
2,0,2035,1789633750418046976,3812366535247504
2,0,2036,1789633750418057216,3812366535258210
2,0,2037,1789633750418067456,3812366535268863
2,0,2038,1789633750418078720,3812366535279431
2,0,2039,1789633750418088960,3812366535290033
2,0,2040,1789633750418100224,3812366535300641
2,0,2041,1789633750418110464,3812366535311223
2,0,2042,1789633750418120704,3812366535321873
2,0,2043,1789633750418131968,3812366535332510
2,0,2044,1789633750418142208,3812366535343263
2,0,2045,1789633750418152448,3812366535353968
2,0,2046,1789633750418163712,3812366535364698
2,0,2047,1789633750418173952,3812366535375438
2,0,2048,1789633750418185216,3812366535386153
2,0,2049,1789633750418195456,3812366535396878
2,0,2050,1789633750418206720,3812366535407528
2,0,2051,1789633750418216960,3812366535418343
2,0,2052,1789633750418228224,3812366535428933
2,0,2053,1789633750418238464,3812366535439638
2,0,2054,1789633750418249728,3812366535450234
2,0,2055,1789633750418259968,3812366535460868
2,0,2056,1789633750418270208,3812366535471446
2,0,2057,1789633750418281472,3812366535482088
2,0,2058,1789633750418291712,3812366535492683
2,0,2059,1789633750418301952,3812366535503344
2,0,2060,1789633750418313216,3812366535513980
2,0,2061,1789633750418323456,3812366535524583
2,0,2062,1789633750418334720,3812366535535214
2,0,2063,1789633750418344960,3812366535545830
2,0,2064,1789633750418355200,3812366535556413
2,0,2065,1789633750418366464,3812366535567058
2,0,2066,1789633750418376704,3812366535577730
2,0,2067,1789633750418386944,3812366535588338
2,0,2068,1789633750418398208,3812366535598973
2,0,2069,1789633750418408448,3812366535609596
2,0,2070,1789633750418419712,3812366535620241
2,0,2071,1789633750418429952,3812366535630881
2,0,2072,1789633750418440192,3812366535641513
2,0,2073,1789633750418451456,3812366535652293
2,0,2074,1789633750418461696,3812366535662936
2,0,2075,1789633750418472960,3812366535673518
2,0,2076,1789633750418483200,3812366535684161
2,0,2077,1789633750418493440,3812366535694786
2,0,2078,1789633750418504704,3812366535705358
2,0,2079,1789633750418514944,3812366535716001
2,0,2080,1789633750418525184,3812366535726577
2,0,2081,1789633750418536448,3812366535737200
2,0,2082,1789633750418546688,3812366535747849
2,0,2083,1789633750418557952,3812366535758486
2,0,2084,1789633750418568192,3812366535769091
2,0,2085,1789633750418578432,3812366535779710
2,0,2086,1789633750418589696,3812366535790314
2,0,2087,1789633750418599936,3812366535800890
2,0,2088,1789633750418610176,3812366535811557
2,0,2089,1789633750418621440,3812366535822193
2,0,2090,1789633750418631680,3812366535832794
2,0,2091,1789633750418642944,3812366535843534
2,0,2092,1789633750418653184,3812366535854174
2,0,2093,1789633750418663424,3812366535864923
2,0,2094,1789633750418674688,3812366535875560
2,0,2095,1789633750418684928,3812366535886153
2,0,2096,1789633750418696192,3812366535896781
2,0,2097,1789633750418706432,3812366535907404
2,0,2098,1789633750418716672,3812366535918048
2,0,2099,1789633750418727936,3812366535928721
2,0,2100,1789633750418738176,3812366535939268
2,0,2101,1789633750418749440,3812366535949918
2,0,2102,1789633750418759680,3812366535960596
2,0,2103,1789633750418769920,3812366535971220
2,0,2104,1789633750418781184,3812366535981996
2,0,2105,1789633750418791424,3812366535992598
2,0,2106,1789633750418802688,3812366536003404
2,0,2107,1789633750418812928,3812366536014041
2,0,2108,1789633750418824192,3812366536024638
2,0,2109,1789633750418834432,3812366536035318
2,0,2110,1789633750418844672,3812366536045960
2,0,2111,1789633750418855936,3812366536056568
2,0,2112,1789633750418866176,3812366536067213
2,0,2113,1789633750418876416,3812366536077830
2,0,2114,1789633750418887680,3812366536088456
2,0,2115,1789633750418897920,3812366536099128
2,0,2116,1789633750418909184,3812366536109726
2,0,2117,1789633750418919424,3812366536120481
2,0,2118,1789633750418929664,3812366536131063
2,0,2119,1789633750418940928,3812366536141704
2,0,2120,1789633750418951168,3812366536152373
2,0,2121,1789633750418962432,3812366536162981
2,0,2122,1789633750418972672,3812366536173568
2,0,2123,1789633750418982912,3812366536184223
2,0,2124,1789633750418994176,3812366536194817
2,0,2125,1789633750419004416,3812366536205464
2,0,2126,1789633750419014656,3812366536216149
2,0,2127,1789633750419025920,3812366536226750
2,0,2128,1789633750419036160,3812366536237548
2,0,2129,1789633750419047424,3812366536248174
2,0,2130,1789633750419057664,3812366536258998
2,0,2131,1789633750419068928,3812366536269648
2,0,2132,1789633750419079168,3812366536280476
2,0,2133,1789633750419090432,3812366536291097
2,0,2134,1789633750419100672,3812366536301921
2,0,2135,1789633750419111936,3812366536312543
2,0,2136,1789633750419122176,3812366536323160
2,0,2137,1789633750419132416,3812366536333796
2,0,2138,1789633750419143680,3812366536344408
2,0,2139,1789633750419153920,3812366536354991
2,0,2140,1789633750419165184,3812366536365636
2,0,2141,1789633750419175424,3812366536376238
2,0,2142,1789633750419185664,3812366536386897
2,0,2143,1789633750419196928,3812366536397591
2,0,2144,1789633750419207168,3812366536408188
2,0,2145,1789633750419217408,3812366536418936
2,0,2146,1789633750419228672,3812366536429541
2,0,2147,1789633750419238912,3812366536440174
2,0,2148,1789633750419250176,3812366536450764
2,0,2149,1789633750419260416,3812366536461400
2,0,2150,1789633750419270656,3812366536471974
2,0,2151,1789633750419281920,3812366536482598
2,0,2152,1789633750419292160,3812366536493216
2,0,2153,1789633750419302400,3812366536503881
2,0,2154,1789633750419313664,3812366536514651
2,0,2155,1789633750419323904,3812366536525278
2,0,2156,1789633750419335168,3812366536535993
2,0,2157,1789633750419345408,3812366536546598
2,0,2158,1789633750419356672,3812366536557190
2,0,2159,1789633750419366912,3812366536567758
2,0,2160,1789633750419377152,3812366536578410
2,0,2161,1789633750419388416,3812366536589003
2,0,2162,1789633750419398656,3812366536599668
2,0,2163,1789633750419408896,3812366536610256
2,0,2164,1789633750419420160,3812366536620878
2,0,2165,1789633750419430400,3812366536631593
2,0,2166,1789633750419441664,3812366536642236
2,0,2167,1789633750419451904,3812366536653074
2,0,2168,1789633750419463168,3812366536663737
2,0,2169,1789633750419473408,3812366536674496
2,0,2170,1789633750419483648,3812366536685108
2,0,2171,1789633750419494912,3812366536695760
2,0,2172,1789633750419505152,3812366536706343
2,0,2173,1789633750419516416,3812366536717009
2,0,2174,1789633750419526656,3812366536727628
2,0,2175,1789633750419536896,3812366536738254
2,0,2176,1789633750419548160,3812366536748893
2,0,2177,1789633750419558400,3812366536759518
2,0,2178,1789633750419569664,3812366536770188
2,0,2179,1789633750419579904,3812366536780811
2,0,2180,1789633750419590144,3812366536791551
2,0,2181,1789633750419601408,3812366536802162
2,0,2182,1789633750419611648,3812366536812766
2,0,2183,1789633750419622912,3812366536823361
2,0,2184,1789633750419633152,3812366536833948
2,0,2185,1789633750419643392,3812366536844580
2,0,2186,1789633750419654656,3812366536855168
2,0,2187,1789633750419664896,3812366536865801
2,0,2188,1789633750419675136,3812366536876481
2,0,2189,1789633750419686400,3812366536887233
2,0,2190,1789633750419696640,3812366536897870
2,0,2191,1789633750419707904,3812366536908611
2,0,2192,1789633750419718144,3812366536919224
2,0,2193,1789633750419728384,3812366536929814
2,0,2194,1789633750419739648,3812366536940401
2,0,2195,1789633750419749888,3812366536951053
2,0,2196,1789633750419761152,3812366536961690
2,0,2197,1789633750419771392,3812366536972360
2,0,2198,1789633750419781632,3812366536982963
2,0,2199,1789633750419792896,3812366536993617
2,0,2200,1789633750419803136,3812366537004303
2,0,2201,1789633750419814400,3812366537014916
2,0,2202,1789633750419824640,3812366537025666
2,0,2203,1789633750419834880,3812366537036252
2,0,2204,1789633750419846144,3812366537046831
2,0,2205,1789633750419856384,3812366537057433
2,0,2206,1789633750419866624,3812366537068038
2,0,2207,1789633750419877888,3812366537078680
2,0,2208,1789633750419888128,3812366537089253
2,0,2209,1789633750419899392,3812366537099890
2,0,2210,1789633750419909632,3812366537110569
2,0,2211,1789633750419919872,3812366537121249
2,0,2212,1789633750419931136,3812366537131873
2,0,2213,1789633750419941376,3812366537142457
2,0,2214,1789633750419951616,3812366537153027
2,0,2215,1789633750419962880,3812366537163644
2,0,2216,1789633750419973120,3812366537174228
2,0,2217,1789633750419984384,3812366537184893
2,0,2218,1789633750419994624,3812366537195486
2,0,2219,1789633750420004864,3812366537206129
2,0,2220,1789633750420016128,3812366537216831
2,0,2221,1789633750420026368,3812366537227474
2,0,2222,1789633750420037632,3812366537238101
2,0,2223,1789633750420047872,3812366537248741
2,0,2224,1789633750420058112,3812366537259333
2,0,2225,1789633750420069376,3812366537269926
2,0,2226,1789633750420079616,3812366537280576
2,0,2227,1789633750420089856,3812366537291217
2,0,2228,1789633750420101120,3812366537301834
2,0,2229,1789633750420111360,3812366537312531
2,0,2230,1789633750420122624,3812366537323164
2,0,2231,1789633750420132864,3812366537333891
2,0,2232,1789633750420143104,3812366537344503
2,0,2233,1789633750420154368,3812366537355086
2,0,2234,1789633750420164608,3812366537365673
2,0,2235,1789633750420174848,3812366537376286
2,0,2236,1789633750420186112,3812366537386883
2,0,2237,1789633750420196352,3812366537397528
2,0,2238,1789633750420207616,3812366537408146
2,0,2239,1789633750420217856,3812366537418781
2,0,2240,1789633750420228096,3812366537429590
2,0,2241,1789633750420239360,3812366537440211
2,0,2242,1789633750420249600,3812366537450948
2,0,2243,1789633750420260864,3812366537461594
2,0,2244,1789633750420271104,3812366537472190
2,0,2245,1789633750420281344,3812366537482790
2,0,2246,1789633750420292608,3812366537493443
2,0,2247,1789633750420302848,3812366537504026
2,0,2248,1789633750420314112,3812366537514660
2,0,2249,1789633750420324352,3812366537525297
2,0,2250,1789633750420334592,3812366537535904
2,0,2251,1789633750420345856,3812366537546636
2,0,2252,1789633750420356096,3812366537557254
2,0,2253,1789633750420367360,3812366537567988
2,0,2254,1789633750420377600,3812366537578588
2,0,2255,1789633750420387840,3812366537589186
2,0,2256,1789633750420399104,3812366537599774
2,0,2257,1789633750420409344,3812366537614179
2,0,2258,1789633750420419584,3812366537621000
2,0,2259,1789633750420430848,3812366537631667
2,0,2260,1789633750420441088,3812366537642348
2,0,2261,1789633750420452352,3812366537652987
2,0,2262,1789633750420462592,3812366537663683
2,0,2263,1789633750420473856,3812366537674417
2,0,2264,1789633750420484096,3812366537685124
2,0,2265,1789633750420494336,3812366537695736
2,0,2266,1789633750420505600,3812366537706496
2,0,2267,1789633750420515840,3812366537717108
2,0,2268,1789633750420527104,3812366537727694
2,0,2269,1789633750420537344,3812366537738294
2,0,2270,1789633750420547584,3812366537748943
2,0,2271,1789633750420558848,3812366537759536
2,0,2272,1789633750420569088,3812366537770188
2,0,2273,1789633750420580352,3812366537780823
2,0,2274,1789633750420590592,3812366537791406
2,0,2275,1789633750420600832,3812366537802191
2,0,2276,1789633750420612096,3812366537812812
2,0,2277,1789633750420622336,3812366537823550
2,0,2278,1789633750420633600,3812366537834176
2,0,2279,1789633750420643840,3812366537844763
2,0,2280,1789633750420654080,3812366537855349
2,0,2281,1789633750420665344,3812366537865941
2,0,2282,1789633750420675584,3812366537876564
2,0,2283,1789633750420685824,3812366537887193
2,0,2284,1789633750420697088,3812366537897828
2,0,2285,1789633750420707328,3812366537908471
2,0,2286,1789633750420718592,3812366537919228
2,0,2287,1789633750420728832,3812366537929854
2,0,2288,1789633750420739072,3812366537940650
2,0,2289,1789633750420750336,3812366537951238
2,0,2290,1789633750420760576,3812366537961817
2,0,2291,1789633750420771840,3812366537972408
2,0,2292,1789633750420782080,3812366537983038
2,0,2293,1789633750420792320,3812366537993688
2,0,2294,1789633750420803584,3812366538004311
2,0,2295,1789633750420813824,3812366538014959
2,0,2296,1789633750420825088,3812366538025623
2,0,2297,1789633750420835328,3812366538036296
2,0,2298,1789633750420845568,3812366538046944
2,0,2299,1789633750420856832,3812366538057651
2,0,2300,1789633750420867072,3812366538068292
2,0,2301,1789633750420878336,3812366538078859
2,0,2302,1789633750420888576,3812366538089460
2,0,2303,1789633750420898816,3812366538100031
2,0,2304,1789633750420910080,3812366538110680
2,0,2305,1789633750420920320,3812366538121306
2,0,2306,1789633750420930560,3812366538131948
2,0,2307,1789633750420941824,3812366538142608
2,0,2308,1789633750420952064,3812366538153341
2,0,2309,1789633750420963328,3812366538163979
2,0,2310,1789633750420973568,3812366538174700
2,0,2311,1789633750420984832,3812366538185320
2,0,2312,1789633750420995072,3812366538195916
2,0,2313,1789633750421005312,3812366538206516
2,0,2314,1789633750421016576,3812366538217148
2,0,2315,1789633750421026816,3812366538227731
2,0,2316,1789633750421037056,3812366538238371
2,0,2317,1789633750421048320,3812366538248973
2,0,2318,1789633750421058560,3812366538259614
2,0,2319,1789633750421068800,3812366538270397
2,0,2320,1789633750421080064,3812366538280996
2,0,2321,1789633750421090304,3812366538291761
2,0,2322,1789633750421101568,3812366538302380
2,0,2323,1789633750421111808,3812366538312948
2,0,2324,1789633750421123072,3812366538323581
2,0,2325,1789633750421133312,3812366538334184
2,0,2326,1789633750421143552,3812366538344803
2,0,2327,1789633750421154816,3812366538355444
2,0,2328,1789633750421165056,3812366538366060
2,0,2329,1789633750421175296,3812366538376657
2,0,2330,1789633750421186560,3812366538387465
2,0,2331,1789633750421196800,3812366538398083
2,0,2332,1789633750421208064,3812366538408787
2,0,2333,1789633750421218304,3812366538419397
2,0,2334,1789633750421228544,3812366538429998
2,0,2335,1789633750421239808,3812366538440593
2,0,2336,1789633750421250048,3812366538451194
2,0,2337,1789633750421261312,3812366538461807
2,0,2338,1789633750421271552,3812366538472467
2,0,2339,1789633750421281792,3812366538483050
2,0,2340,1789633750421293056,3812366538493654
2,0,2341,1789633750421303296,3812366538504383
2,0,2342,1789633750421313536,3812366538515014
2,0,2343,1789633750421324800,3812366538525877
2,0,2344,1789633750421335040,3812366538536493
2,0,2345,1789633750421346304,3812366538547074
2,0,2346,1789633750421356544,3812366538557693
2,0,2347,1789633750421367808,3812366538568355
2,0,2348,1789633750421378048,3812366538578945
2,0,2349,1789633750421388288,3812366538589613
2,0,2350,1789633750421399552,3812366538600221
2,0,2351,1789633750421409792,3812366538610865
2,0,2352,1789633750421420032,3812366538621540
2,0,2353,1789633750421431296,3812366538632166
2,0,2354,1789633750421441536,3812366538642897
2,0,2355,1789633750421452800,3812366538653513
2,0,2356,1789633750421463040,3812366538664094
2,0,2357,1789633750421473280,3812366538674685
2,0,2358,1789633750421484544,3812366538685253
2,0,2359,1789633750421494784,3812366538695857
2,0,2360,1789633750421505024,3812366538706494
2,0,2361,1789633750421516288,3812366538717124
2,0,2362,1789633750421526528,3812366538727763
2,0,2363,1789633750421537792,3812366538738473
2,0,2364,1789633750421548032,3812366538749090
2,0,2365,1789633750421558272,3812366538759683
2,0,2366,1789633750421569536,3812366538770275
2,0,2367,1789633750421579776,3812366538780885
2,0,2368,1789633750421591040,3812366538791495
2,0,2369,1789633750421601280,3812366538802144
2,0,2370,1789633750421611520,3812366538812791
2,0,2371,1789633750421622784,3812366538823403
2,0,2372,1789633750421633024,3812366538834177
2,0,2373,1789633750421644288,3812366538844807
2,0,2374,1789633750421654528,3812366538855553
2,0,2375,1789633750421664768,3812366538866173
2,0,2376,1789633750421676032,3812366538876727
2,0,2377,1789633750421686272,3812366538887345
2,0,2378,1789633750421696512,3812366538897960
2,0,2379,1789633750421707776,3812366538908570
2,0,2380,1789633750421718016,3812366538919234
2,0,2381,1789633750421729280,3812366538929830
2,0,2382,1789633750421739520,3812366538940473
2,0,2383,1789633750421749760,3812366538951221
2,0,2384,1789633750421761024,3812366538961834
2,0,2385,1789633750421771264,3812366538972587
2,0,2386,1789633750421782528,3812366538983227
2,0,2387,1789633750421792768,3812366538994071
2,0,2388,1789633750421804032,3812366539004720
2,0,2389,1789633750421814272,3812366539015520
2,0,2390,1789633750421825536,3812366539026163
2,0,2391,1789633750421835776,3812366539036753
2,0,2392,1789633750421846016,3812366539047417
2,0,2393,1789633750421857280,3812366539058055
2,0,2394,1789633750421867520,3812366539068697
2,0,2395,1789633750421878784,3812366539079347
2,0,2396,1789633750421889024,3812366539089937
2,0,2397,1789633750421899264,3812366539100603
2,0,2398,1789633750421910528,3812366539111200
2,0,2399,1789633750421920768,3812366539121825
2,0,2400,1789633750421931008,3812366539132565
2,0,2401,1789633750421942272,3812366539143167
2,0,2402,1789633750421952512,3812366539153770
2,0,2403,1789633750421963776,3812366539164460
2,0,2404,1789633750421974016,3812366539175053
2,0,2405,1789633750421984256,3812366539185665
2,0,2406,1789633750421995520,3812366539196270
2,0,2407,1789633750422005760,3812366539206907
2,0,2408,1789633750422016000,3812366539217493
2,0,2409,1789633750422027264,3812366539228261
2,0,2410,1789633750422037504,3812366539238840
2,0,2411,1789633750422048768,3812366539249607
2,0,2412,1789633750422059008,3812366539260233
2,0,2413,1789633750422070272,3812366539270850
2,0,2414,1789633750422080512,3812366539281494
2,0,2415,1789633750422090752,3812366539292135
2,0,2416,1789633750422102016,3812366539302767
2,0,2417,1789633750422112256,3812366539313354
2,0,2418,1789633750422123520,3812366539324007
2,0,2419,1789633750422133760,3812366539334591
2,0,2420,1789633750422144000,3812366539345300
2,0,2421,1789633750422155264,3812366539355871
2,0,2422,1789633750422165504,3812366539366670
2,0,2423,1789633750422176768,3812366539377303
2,0,2424,1789633750422187008,3812366539387873
2,0,2425,1789633750422197248,3812366539398480
2,0,2426,1789633750422208512,3812366539409113
2,0,2427,1789633750422218752,3812366539419700
2,0,2428,1789633750422228992,3812366539430320
2,0,2429,1789633750422240256,3812366539440904
2,0,2430,1789633750422250496,3812366539451507
2,0,2431,1789633750422260736,3812366539462253
2,0,2432,1789633750422272000,3812366539472843
2,0,2433,1789633750422282240,3812366539483443
2,0,2434,1789633750422293504,3812366539494063
2,0,2435,1789633750422303744,3812366539504621
2,0,2436,1789633750422313984,3812366539515247
2,0,2437,1789633750422325248,3812366539525880
2,0,2438,1789633750422335488,3812366539536520
2,0,2439,1789633750422345728,3812366539547123
2,0,2440,1789633750422356992,3812366539557841
2,0,2441,1789633750422367232,3812366539568444
2,0,2442,1789633750422378496,3812366539579035
2,0,2443,1789633750422388736,3812366539589645
2,0,2444,1789633750422398976,3812366539600280
2,0,2445,1789633750422410240,3812366539610914
2,0,2446,1789633750422420480,3812366539621520
2,0,2447,1789633750422430720,3812366539632136
2,0,2448,1789633750422441984,3812366539642737
2,0,2449,1789633750422452224,3812366539653426
2,0,2450,1789633750422463488,3812366539663980
2,0,2451,1789633750422473728,3812366539674563
2,0,2452,1789633750422483968,3812366539685175
2,0,2453,1789633750422495232,3812366539695787
2,0,2454,1789633750422505472,3812366539706387
2,0,2455,1789633750422515712,3812366539716995
2,0,2456,1789633750422526976,3812366539727647
2,0,2457,1789633750422537216,3812366539738265
2,0,2458,1789633750422547456,3812366539749017
2,0,2459,1789633750422558720,3812366539759640
2,0,2460,1789633750422568960,3812366539770563
2,0,2461,1789633750422580224,3812366539781131
2,0,2462,1789633750422590464,3812366539791960
2,0,2463,1789633750422601728,3812366539802607
2,0,2464,1789633750422611968,3812366539813387
2,0,2465,1789633750422623232,3812366539824037
2,0,2466,1789633750422633472,3812366539834860
2,0,2467,1789633750422644736,3812366539845466
2,0,2468,1789633750422654976,3812366539856084
2,0,2469,1789633750422665216,3812366539866684
2,0,2470,1789633750422676480,3812366539877303
2,0,2471,1789633750422686720,3812366539887917
2,0,2472,1789633750422697984,3812366539898557
2,0,2473,1789633750422708224,3812366539909117
2,0,2474,1789633750422718464,3812366539919723
2,0,2475,1789633750422729728,3812366539930440
2,0,2476,1789633750422739968,3812366539941067
2,0,2477,1789633750422750208,3812366539951624
2,0,2478,1789633750422761472,3812366539962350
2,0,2479,1789633750422771712,3812366539972967
2,0,2480,1789633750422782976,3812366539983593
2,0,2481,1789633750422793216,3812366539994207
2,0,2482,1789633750422803456,3812366540004803
2,0,2483,1789633750422814720,3812366540015373
2,0,2484,1789633750422824960,3812366540026120
2,0,2485,1789633750422836224,3812366540036733
2,0,2486,1789633750422846464,3812366540047500
2,0,2487,1789633750422856704,3812366540058093
2,0,2488,1789633750422867968,3812366540068695
2,0,2489,1789633750422878208,3812366540079353
2,0,2490,1789633750422889472,3812366540089993
2,0,2491,1789633750422899712,3812366540100653
2,0,2492,1789633750422909952,3812366540111294
2,0,2493,1789633750422921216,3812366540121903
2,0,2494,1789633750422931456,3812366540132511
2,0,2495,1789633750422941696,3812366540143186
2,0,2496,1789633750422952960,3812366540153820
2,0,2497,1789633750422963200,3812366540164534
2,0,2498,1789633750422974464,3812366540175177
2,0,2499,1789633750422984704,3812366540185760
2,0,2500,1789633750422994944,3812366540196434
2,0,2501,1789633750423006208,3812366540207047
2,0,2502,1789633750423016448,3812366540217667
2,0,2503,1789633750423027712,3812366540228273
2,0,2504,1789633750423037952,3812366540238907
2,0,2505,1789633750423048192,3812366540249480
2,0,2506,1789633750423059456,3812366540260239
2,0,2507,1789633750423069696,3812366540270840
2,0,2508,1789633750423079936,3812366540281630
2,0,2509,1789633750423091200,3812366540292345
2,0,2510,1789633750423101440,3812366540303050
2,0,2511,1789633750423112704,3812366540313710
2,0,2512,1789633750423122944,3812366540324523
2,0,2513,1789633750423134208,3812366540335175
2,0,2514,1789633750423144448,3812366540345975
2,0,2515,1789633750423155712,3812366540356600
2,0,2516,1789633750423165952,3812366540367181
2,0,2517,1789633750423177216,3812366540377775
2,0,2518,1789633750423187456,3812366540388367
2,0,2519,1789633750423197696,3812366540398963
2,0,2520,1789633750423208960,3812366540409601
2,0,2521,1789633750423219200,3812366540420213
2,0,2522,1789633750423229440,3812366540430887
2,0,2523,1789633750423240704,3812366540441573
2,0,2524,1789633750423250944,3812366540452240
2,0,2525,1789633750423262208,3812366540462827
2,0,2526,1789633750423272448,3812366540473493
2,0,2527,1789633750423282688,3812366540484064
2,0,2528,1789633750423293952,3812366540494643
2,0,2529,1789633750423304192,3812366540505296
2,0,2530,1789633750423314432,3812366540515867
2,0,2531,1789633750423325696,3812366540526495
2,0,2532,1789633750423335936,3812366540537267
2,0,2533,1789633750423347200,3812366540547914
2,0,2534,1789633750423357440,3812366540558615
2,0,2535,1789633750423368704,3812366540569245
2,0,2536,1789633750423378944,3812366540579833
2,0,2537,1789633750423389184,3812366540590465
2,0,2538,1789633750423400448,3812366540601115
2,0,2539,1789633750423410688,3812366540611747
2,0,2540,1789633750423420928,3812366540622365
2,0,2541,1789633750423432192,3812366540632964
2,0,2542,1789633750423442432,3812366540643601
2,0,2543,1789633750423453696,3812366540654311
2,0,2544,1789633750423463936,3812366540664964
2,0,2545,1789633750423474176,3812366540675655
2,0,2546,1789633750423485440,3812366540686303
2,0,2547,1789633750423495680,3812366540696873
2,0,2548,1789633750423506944,3812366540707450
2,0,2549,1789633750423517184,3812366540718047
2,0,2550,1789633750423527424,3812366540728620
2,0,2551,1789633750423538688,3812366540739275
2,0,2552,1789633750423548928,3812366540749893
2,0,2553,1789633750423559168,3812366540760540
2,0,2554,1789633750423570432,3812366540771254
2,0,2555,1789633750423580672,3812366540781895
2,0,2556,1789633750423591936,3812366540792477
2,0,2557,1789633750423602176,3812366540803063
2,0,2558,1789633750423612416,3812366540813693
2,0,2559,1789633750423623680,3812366540824377
2,0,2560,1789633750423633920,3812366540834984
2,0,2561,1789633750423644160,3812366540845610
2,0,2562,1789633750423655424,3812366540856229
2,0,2563,1789633750423665664,3812366540866937
2,0,2564,1789633750423676928,3812366540877607
2,0,2565,1789633750423687168,3812366540888317
2,0,2566,1789633750423697408,3812366540898934
2,0,2567,1789633750423708672,3812366540909766
2,0,2568,1789633750423718912,3812366540920415
2,0,2569,1789633750423730176,3812366540931217
2,0,2570,1789633750423740416,3812366540941867
2,0,2571,1789633750423751680,3812366540952427
2,0,2572,1789633750423761920,3812366540962984
2,0,2573,1789633750423772160,3812366540973613
2,0,2574,1789633750423783424,3812366540984219
2,0,2575,1789633750423793664,3812366540994895
2,0,2576,1789633750423804928,3812366541005505
2,0,2577,1789633750423815168,3812366541016143
2,0,2578,1789633750423825408,3812366541026924
2,0,2579,1789633750423836672,3812366541037573
2,0,2580,1789633750423846912,3812366541048283
2,0,2581,1789633750423858176,3812366541058927
2,0,2582,1789633750423868416,3812366541069535
2,0,2583,1789633750423878656,3812366541080093
2,0,2584,1789633750423889920,3812366541090707
2,0,2585,1789633750423900160,3812366541101348
2,0,2586,1789633750423911424,3812366541112017
2,0,2587,1789633750423921664,3812366541122629
2,0,2588,1789633750423931904,3812366541133284
2,0,2589,1789633750423943168,3812366541143954
2,0,2590,1789633750423953408,3812366541154617
2,0,2591,1789633750423964672,3812366541165311
2,0,2592,1789633750423974912,3812366541175953
2,0,2593,1789633750423985152,3812366541186551
2,0,2594,1789633750423996416,3812366541197121
2,0,2595,1789633750424006656,3812366541207769
2,0,2596,1789633750424016896,3812366541218391
2,0,2597,1789633750424028160,3812366541229057
2,0,2598,1789633750424038400,3812366541239697
2,0,2599,1789633750424049664,3812366541250325
2,0,2600,1789633750424059904,3812366541261014
2,0,2601,1789633750424070144,3812366541271643
2,0,2602,1789633750424081408,3812366541282377
2,0,2603,1789633750424091648,3812366541292979
2,0,2604,1789633750424102912,3812366541303615
2,0,2605,1789633750424113152,3812366541314223
2,0,2606,1789633750424123392,3812366541324814
2,0,2607,1789633750424134656,3812366541335423
2,0,2608,1789633750424144896,3812366541346073
2,0,2609,1789633750424156160,3812366541356679
2,0,2610,1789633750424166400,3812366541367291
2,0,2611,1789633750424176640,3812366541378067
2,0,2612,1789633750424187904,3812366541388680
2,0,2613,1789633750424198144,3812366541399411
2,0,2614,1789633750424209408,3812366541410043
2,0,2615,1789633750424219648,3812366541420669
2,0,2616,1789633750424229888,3812366541431257
2,0,2617,1789633750424241152,3812366541441869
2,0,2618,1789633750424251392,3812366541452433
2,0,2619,1789633750424261632,3812366541463087
2,0,2620,1789633750424272896,3812366541473719
2,0,2621,1789633750424283136,3812366541484430
2,0,2622,1789633750424294400,3812366541495095
2,0,2623,1789633750424304640,3812366541505747
2,0,2624,1789633750424314880,3812366541516467
2,0,2625,1789633750424326144,3812366541527079
2,0,2626,1789633750424336384,3812366541537669
2,0,2627,1789633750424347648,3812366541548239
2,0,2628,1789633750424357888,3812366541558879
2,0,2629,1789633750424368128,3812366541569467
2,0,2630,1789633750424379392,3812366541580147
2,0,2631,1789633750424389632,3812366541590735
2,0,2632,1789633750424399872,3812366541601393
2,0,2633,1789633750424411136,3812366541612357
2,0,2634,1789633750424421376,3812366541622719
2,0,2635,1789633750424432640,3812366541633271
2,0,2636,1789633750424442880,3812366541643883
2,0,2637,1789633750424453120,3812366541654514
2,0,2638,1789633750424464384,3812366541665097
2,0,2639,1789633750424474624,3812366541675779
2,0,2640,1789633750424485888,3812366541686415
2,0,2641,1789633750424496128,3812366541697073
2,0,2642,1789633750424506368,3812366541707749
2,0,2643,1789633750424517632,3812366541718427
2,0,2644,1789633750424527872,3812366541729225
2,0,2645,1789633750424539136,3812366541739879
2,0,2646,1789633750424549376,3812366541750689
2,0,2647,1789633750424560640,3812366541761283
2,0,2648,1789633750424570880,3812366541772027
2,0,2649,1789633750424581120,3812366541782655
2,0,2650,1789633750424592384,3812366541793264
2,0,2651,1789633750424602624,3812366541803867
2,0,2652,1789633750424613888,3812366541814527
2,0,2653,1789633750424624128,3812366541825183
2,0,2654,1789633750424634368,3812366541835845
2,0,2655,1789633750424645632,3812366541846443
2,0,2656,1789633750424655872,3812366541857075
2,0,2657,1789633750424667136,3812366541867717
2,0,2658,1789633750424677376,3812366541878317
2,0,2659,1789633750424687616,3812366541889073
2,0,2660,1789633750424698880,3812366541899703
2,0,2661,1789633750424709120,3812366541910309
2,0,2662,1789633750424720384,3812366541920917
2,0,2663,1789633750424730624,3812366541931523
2,0,2664,1789633750424740864,3812366541942131
2,0,2665,1789633750424752128,3812366541952767
2,0,2666,1789633750424762368,3812366541963369
2,0,2667,1789633750424772608,3812366541974029
2,0,2668,1789633750424783872,3812366541984779
2,0,2669,1789633750424794112,3812366541995347
2,0,2670,1789633750424805376,3812366542006133
2,0,2671,1789633750424815616,3812366542016723
2,0,2672,1789633750424825856,3812366542027364
2,0,2673,1789633750424837120,3812366542037967
2,0,2674,1789633750424847360,3812366542048621
2,0,2675,1789633750424858624,3812366542059243
2,0,2676,1789633750424868864,3812366542069881
2,0,2677,1789633750424879104,3812366542080455
2,0,2678,1789633750424890368,3812366542091104
2,0,2679,1789633750424900608,3812366542101809
2,0,2680,1789633750424911872,3812366542112453
2,0,2681,1789633750424922112,3812366542123184
2,0,2682,1789633750424932352,3812366542133797
2,0,2683,1789633750424943616,3812366542144618
2,0,2684,1789633750424953856,3812366542155272
2,0,2685,1789633750424965120,3812366542165849
2,0,2686,1789633750424975360,3812366542176466
2,0,2687,1789633750424985600,3812366542187092
2,0,2688,1789633750424996864,3812366542197674
2,0,2689,1789633750425007104,3812366542208315
2,0,2690,1789633750425018368,3812366542218905
2,0,2691,1789633750425028608,3812366542229565
2,0,2692,1789633750425038848,3812366542240327
2,0,2693,1789633750425050112,3812366542250964
2,0,2694,1789633750425060352,3812366542261694
2,0,2695,1789633750425071616,3812366542272352
2,0,2696,1789633750425081856,3812366542283172
2,0,2697,1789633750425093120,3812366542293799
2,0,2698,1789633750425103360,3812366542304602
2,0,2699,1789633750425114624,3812366542315209
2,0,2700,1789633750425124864,3812366542325822
2,0,2701,1789633750425135104,3812366542336415
2,0,2702,1789633750425146368,3812366542347007
2,0,2703,1789633750425156608,3812366542357609
2,0,2704,1789633750425166848,3812366542368199
2,0,2705,1789633750425178112,3812366542378842
2,0,2706,1789633750425188352,3812366542389465
2,0,2707,1789633750425198592,3812366542400199
2,0,2708,1789633750425209856,3812366542410870
2,0,2709,1789633750425220096,3812366542421675
2,0,2710,1789633750425231360,3812366542432331
2,0,2711,1789633750425241600,3812366542443107
2,0,2712,1789633750425252864,3812366542453761
2,0,2713,1789633750425263104,3812366542464586
2,0,2714,1789633750425274368,3812366542475139
2,0,2715,1789633750425284608,3812366542485717
2,0,2716,1789633750425294848,3812366542496279
2,0,2717,1789633750425306112,3812366542506942
2,0,2718,1789633750425316352,3812366542517562
2,0,2719,1789633750425327616,3812366542528189
2,0,2720,1789633750425337856,3812366542538804
2,0,2721,1789633750425348096,3812366542549427
2,0,2722,1789633750425359360,3812366542560172
2,0,2723,1789633750425369600,3812366542570822
2,0,2724,1789633750425380864,3812366542581409
2,0,2725,1789633750425391104,3812366542592032
2,0,2726,1789633750425401344,3812366542602669
2,0,2727,1789633750425412608,3812366542613279
2,0,2728,1789633750425422848,3812366542623892
2,0,2729,1789633750425433088,3812366542634515
2,0,2730,1789633750425444352,3812366542645162
2,0,2731,1789633750425454592,3812366542655857
2,0,2732,1789633750425465856,3812366542666472
2,0,2733,1789633750425476096,3812366542677217
2,0,2734,1789633750425486336,3812366542687847
2,0,2735,1789633750425497600,3812366542698457
2,0,2736,1789633750425507840,3812366542709032
2,0,2737,1789633750425518080,3812366542719665
2,0,2738,1789633750425529344,3812366542730252
2,0,2739,1789633750425539584,3812366542740915
2,0,2740,1789633750425550848,3812366542751565
2,0,2741,1789633750425561088,3812366542762204
2,0,2742,1789633750425571328,3812366542772917
2,0,2743,1789633750425582592,3812366542783522
2,0,2744,1789633750425592832,3812366542794277
2,0,2745,1789633750425604096,3812366542804887
2,0,2746,1789633750425614336,3812366542815487
2,0,2747,1789633750425624576,3812366542826044
2,0,2748,1789633750425635840,3812366542836635
2,0,2749,1789633750425646080,3812366542847271
2,0,2750,1789633750425656320,3812366542857899
2,0,2751,1789633750425667584,3812366542868497
2,0,2752,1789633750425677824,3812366542879124
2,0,2753,1789633750425689088,3812366542889852
2,0,2754,1789633750425699328,3812366542900565
2,0,2755,1789633750425709568,3812366542911092
2,0,2756,1789633750425720832,3812366542921717
2,0,2757,1789633750425731072,3812366542932366
2,0,2758,1789633750425742336,3812366542942962
2,0,2759,1789633750425752576,3812366542953604
2,0,2760,1789633750425762816,3812366542964239
2,0,2761,1789633750425774080,3812366542974887
2,0,2762,1789633750425784320,3812366542985547
2,0,2763,1789633750425795584,3812366542996162
2,0,2764,1789633750425805824,3812366543006921
2,0,2765,1789633750425816064,3812366543017501
2,0,2766,1789633750425827328,3812366543028122
2,0,2767,1789633750425837568,3812366543038727
2,0,2768,1789633750425847808,3812366543049345
2,0,2769,1789633750425859072,3812366543059942
2,0,2770,1789633750425869312,3812366543070597
2,0,2771,1789633750425880576,3812366543081239
2,0,2772,1789633750425890816,3812366543091871
2,0,2773,1789633750425901056,3812366543102582
2,0,2774,1789633750425912320,3812366543113205
2,0,2775,1789633750425922560,3812366543123961
2,0,2776,1789633750425933824,3812366543134619
2,0,2777,1789633750425944064,3812366543145195
2,0,2778,1789633750425954304,3812366543155771
2,0,2779,1789633750425965568,3812366543166402
2,0,2780,1789633750425975808,3812366543177007
2,0,2781,1789633750425986048,3812366543187565
2,0,2782,1789633750425997312,3812366543198242
2,0,2783,1789633750426007552,3812366543208877
2,0,2784,1789633750426018816,3812366543219649
2,0,2785,1789633750426029056,3812366543230299
2,0,2786,1789633750426040320,3812366543241125
2,0,2787,1789633750426050560,3812366543251742
2,0,2788,1789633750426061824,3812366543262462
2,0,2789,1789633750426072064,3812366543273074
2,0,2790,1789633750426082304,3812366543283667
2,0,2791,1789633750426093568,3812366543294242
2,0,2792,1789633750426103808,3812366543304844
2,0,2793,1789633750426114048,3812366543315471
2,0,2794,1789633750426125312,3812366543326079
2,0,2795,1789633750426135552,3812366543336705
2,0,2796,1789633750426145792,3812366543347357
2,0,2797,1789633750426157056,3812366543358062
2,0,2798,1789633750426167296,3812366543368722
2,0,2799,1789633750426178560,3812366543379529
2,0,2800,1789633750426188800,3812366543390135
2,0,2801,1789633750426200064,3812366543400735
2,0,2802,1789633750426210304,3812366543411367
2,0,2803,1789633750426220544,3812366543421959
2,0,2804,1789633750426231808,3812366543432605
2,0,2805,1789633750426242048,3812366543443201
2,0,2806,1789633750426252288,3812366543453825
2,0,2807,1789633750426263552,3812366543464449
2,0,2808,1789633750426273792,3812366543475207
2,0,2809,1789633750426285056,3812366543485837
2,0,2810,1789633750426295296,3812366543496589
2,0,2811,1789633750426306560,3812366543507212
2,0,2812,1789633750426316800,3812366543517821
2,0,2813,1789633750426327040,3812366543528407
2,0,2814,1789633750426338304,3812366543539004
2,0,2815,1789633750426348544,3812366543549631
2,0,2816,1789633750426358784,3812366543560289
2,0,2817,1789633750426370048,3812366543570939
2,0,2818,1789633750426380288,3812366543581529
2,0,2819,1789633750426391552,3812366543592319
2,0,2820,1789633750426401792,3812366543602915
2,0,2821,1789633750426412032,3812366543613722
2,0,2822,1789633750426423296,3812366543624382
2,0,2823,1789633750426433536,3812366543635079
2,0,2824,1789633750426444800,3812366543645722
2,0,2825,1789633750426455040,3812366543656525
2,0,2826,1789633750426466304,3812366543667195
2,0,2827,1789633750426476544,3812366543678017
2,0,2828,1789633750426487808,3812366543688714
2,0,2829,1789633750426498048,3812366543699459
2,0,2830,1789633750426509312,3812366543710114
2,0,2831,1789633750426519552,3812366543720717
2,0,2832,1789633750426529792,3812366543731361
2,0,2833,1789633750426541056,3812366543741954
2,0,2834,1789633750426551296,3812366543752562
2,0,2835,1789633750426562560,3812366543763175
2,0,2836,1789633750426572800,3812366543773752
2,0,2837,1789633750426583040,3812366543784417
2,0,2838,1789633750426594304,3812366543795137
2,0,2839,1789633750426604544,3812366543805772
2,0,2840,1789633750426615808,3812366543816515
2,0,2841,1789633750426626048,3812366543827179
2,0,2842,1789633750426636288,3812366543837987
2,0,2843,1789633750426647552,3812366543848627
2,0,2844,1789633750426657792,3812366543859209
2,0,2845,1789633750426669056,3812366543869841
2,0,2846,1789633750426679296,3812366543880407
2,0,2847,1789633750426689536,3812366543890977
2,0,2848,1789633750426700800,3812366543901647
2,0,2849,1789633750426711040,3812366543912217
2,0,2850,1789633750426722304,3812366543922921
2,0,2851,1789633750426732544,3812366543933645
2,0,2852,1789633750426742784,3812366543944404
2,0,2853,1789633750426754048,3812366543955101
2,0,2854,1789633750426764288,3812366543965748
2,0,2855,1789633750426775552,3812366543976451
2,0,2856,1789633750426785792,3812366543987107
2,0,2857,1789633750426797056,3812366543997955
2,0,2858,1789633750426807296,3812366544008577
2,0,2859,1789633750426818560,3812366544019392
2,0,2860,1789633750426828800,3812366544030092
2,0,2861,1789633750426840064,3812366544040847
2,0,2862,1789633750426850304,3812366544051557
2,0,2863,1789633750426861568,3812366544062392
2,0,2864,1789633750426871808,3812366544073057
2,0,2865,1789633750426883072,3812366544083942
2,0,2866,1789633750426893312,3812366544094645
2,0,2867,1789633750426904576,3812366544105369
2,0,2868,1789633750426914816,3812366544116137
2,0,2869,1789633750426926080,3812366544126877
2,0,2870,1789633750426936320,3812366544137581
2,0,2871,1789633750426947584,3812366544148302
2,0,2872,1789633750426957824,3812366544159002
2,0,2873,1789633750426968064,3812366544169757
2,0,2874,1789633750426979328,3812366544180427
2,0,2875,1789633750426989568,3812366544191219
2,0,2876,1789633750427000832,3812366544201915
2,0,2877,1789633750427011072,3812366544212679
2,0,2878,1789633750427022336,3812366544223364
2,0,2879,1789633750427032576,3812366544234145
2,0,2880,1789633750427043840,3812366544244849
2,0,2881,1789633750427054080,3812366544255569
2,0,2882,1789633750427065344,3812366544266341
2,0,2883,1789633750427075584,3812366544277052
2,0,2884,1789633750427086848,3812366544287804
2,0,2885,1789633750427097088,3812366544298502
2,0,2886,1789633750427108352,3812366544309222
2,0,2887,1789633750427118592,3812366544319994
2,0,2888,1789633750427129856,3812366544330734
2,0,2889,1789633750427140096,3812366544341444
2,0,2890,1789633750427151360,3812366544352157
2,0,2891,1789633750427161600,3812366544362912
2,0,2892,1789633750427172864,3812366544373632
2,0,2893,1789633750427183104,3812366544384339
2,0,2894,1789633750427193344,3812366544395024
2,0,2895,1789633750427204608,3812366544405794
2,0,2896,1789633750427214848,3812366544416504
2,0,2897,1789633750427226112,3812366544427257
2,0,2898,1789633750427236352,3812366544437977
2,0,2899,1789633750427247616,3812366544448727
2,0,2900,1789633750427257856,3812366544459434
2,0,2901,1789633750427269120,3812366544470202
2,0,2902,1789633750427279360,3812366544480907
2,0,2903,1789633750427290624,3812366544491629
2,0,2904,1789633750427300864,3812366544502369
2,0,2905,1789633750427312128,3812366544513109
2,0,2906,1789633750427322368,3812366544523839
2,0,2907,1789633750427333632,3812366544534549
2,0,2908,1789633750427343872,3812366544545265
2,0,2909,1789633750427355136,3812366544556027
2,0,2910,1789633750427365376,3812366544566767
2,0,2911,1789633750427376640,3812366544577482
2,0,2912,1789633750427386880,3812366544588187
2,0,2913,1789633750427398144,3812366544598952
2,0,2914,1789633750427408384,3812366544609667
2,0,2915,1789633750427419648,3812366544620409
2,0,2916,1789633750427429888,3812366544631135
2,0,2917,1789633750427441152,3812366544641859
2,0,2918,1789633750427451392,3812366544652575
2,0,2919,1789633750427461632,3812366544663315
2,0,2920,1789633750427472896,3812366544674087
2,0,2921,1789633750427483136,3812366544684757
2,0,2922,1789633750427494400,3812366544695494
2,0,2923,1789633750427504640,3812366544706242
2,0,2924,1789633750427515904,3812366544716952
2,0,2925,1789633750427526144,3812366544727692
2,0,2926,1789633750427537408,3812366544738397
2,0,2927,1789633750427547648,3812366544749145
2,0,2928,1789633750427558912,3812366544759872
2,0,2929,1789633750427569152,3812366544770614
2,0,2930,1789633750427580416,3812366544781365
2,0,2931,1789633750427590656,3812366544792095
2,0,2932,1789633750427601920,3812366544802852
2,0,2933,1789633750427612160,3812366544813544
2,0,2934,1789633750427623424,3812366544824242
2,0,2935,1789633750427633664,3812366544834995
2,0,2936,1789633750427644928,3812366544845704
2,0,2937,1789633750427655168,3812366544856452
2,0,2938,1789633750427666432,3812366544867124
2,0,2939,1789633750427676672,3812366544877909
2,0,2940,1789633750427687936,3812366544888617
2,0,2941,1789633750427698176,3812366544899375
2,0,2942,1789633750427708416,3812366544910054
2,0,2943,1789633750427719680,3812366544920848
2,0,2944,1789633750427729920,3812366544931559
2,0,2945,1789633750427741184,3812366544942398
2,0,2946,1789633750427751424,3812366544953107
2,0,2947,1789633750427762688,3812366544963817
2,0,2948,1789633750427772928,3812366544974562
2,0,2949,1789633750427784192,3812366544985295
2,0,2950,1789633750427794432,3812366544996034
2,0,2951,1789633750427805696,3812366545006739
2,0,2952,1789633750427815936,3812366545017469
2,0,2953,1789633750427827200,3812366545028219
2,0,2954,1789633750427837440,3812366545038951
2,0,2955,1789633750427848704,3812366545049662
2,0,2956,1789633750427858944,3812366545060367
2,0,2957,1789633750427870208,3812366545071082
2,0,2958,1789633750427880448,3812366545081781
2,0,2959,1789633750427891712,3812366545092484
2,0,2960,1789633750427901952,3812366545103189
2,0,2961,1789633750427913216,3812366545113967
2,0,2962,1789633750427923456,3812366545124692
2,0,2963,1789633750427934720,3812366545135424
2,0,2964,1789633750427944960,3812366545146132
2,0,2965,1789633750427955200,3812366545156872
2,0,2966,1789633750427966464,3812366545167587
2,0,2967,1789633750427976704,3812366545178332
2,0,2968,1789633750427987968,3812366545189054
2,0,2969,1789633750427998208,3812366545199819
2,0,2970,1789633750428009472,3812366545210564
2,0,2971,1789633750428019712,3812366545221260
2,0,2972,1789633750428030976,3812366545231929
2,0,2973,1789633750428041216,3812366545242737
2,0,2974,1789633750428052480,3812366545253447
2,0,2975,1789633750428062720,3812366545264177
2,0,2976,1789633750428073984,3812366545274872
2,0,2977,1789633750428084224,3812366545285628
2,0,2978,1789633750428095488,3812366545296342
2,0,2979,1789633750428105728,3812366545307110
2,0,2980,1789633750428116992,3812366545317822
2,0,2981,1789633750428127232,3812366545328564
2,0,2982,1789633750428138496,3812366545339299
2,0,2983,1789633750428148736,3812366545350035
2,0,2984,1789633750428160000,3812366545360762
2,0,2985,1789633750428170240,3812366545371517
2,0,2986,1789633750428181504,3812366545382257
2,0,2987,1789633750428191744,3812366545392937
2,0,2988,1789633750428201984,3812366545403632
2,0,2989,1789633750428213248,3812366545414387
2,0,2990,1789633750428223488,3812366545425097
2,0,2991,1789633750428234752,3812366545435867
2,0,2992,1789633750428244992,3812366545446575
2,0,2993,1789633750428256256,3812366545457321
2,0,2994,1789633750428266496,3812366545468024
2,0,2995,1789633750428277760,3812366545478775
2,0,2996,1789633750428288000,3812366545489514
2,0,2997,1789633750428299264,3812366545500229
2,0,2998,1789633750428309504,3812366545510939
2,0,2999,1789633750428320768,3812366545521697
2,0,3000,1789633750428331008,3812366545532437
2,0,3001,1789633750428342272,3812366545543147
2,0,3002,1789633750428352512,3812366545553842
2,0,3003,1789633750428363776,3812366545564627
2,0,3004,1789633750428374016,3812366545575308
2,0,3005,1789633750428385280,3812366545586055
2,0,3006,1789633750428395520,3812366545596764
2,0,3007,1789633750428405760,3812366545607523
2,0,3008,1789633750428417024,3812366545618227
2,0,3009,1789633750428427264,3812366545628971
2,0,3010,1789633750428438528,3812366545639679
2,0,3011,1789633750428448768,3812366545650437
2,0,3012,1789633750428460032,3812366545661194
2,0,3013,1789633750428470272,3812366545671902
2,0,3014,1789633750428481536,3812366545682642
2,0,3015,1789633750428491776,3812366545693362
2,0,3016,1789633750428503040,3812366545704062
2,0,3017,1789633750428513280,3812366545714819
2,0,3018,1789633750428524544,3812366545725591
2,0,3019,1789633750428534784,3812366545736269
2,0,3020,1789633750428546048,3812366545747005
2,0,3021,1789633750428556288,3812366545757755
2,0,3022,1789633750428567552,3812366545768479
2,0,3023,1789633750428577792,3812366545779189
2,0,3024,1789633750428589056,3812366545789899
2,0,3025,1789633750428599296,3812366545800649
2,0,3026,1789633750428610560,3812366545811355
2,0,3027,1789633750428620800,3812366545822127
2,0,3028,1789633750428632064,3812366545832817
2,0,3029,1789633750428642304,3812366545843591
2,0,3030,1789633750428653568,3812366545854344
2,0,3031,1789633750428663808,3812366545865089
2,0,3032,1789633750428674048,3812366545875735
2,0,3033,1789633750428685312,3812366545886484
2,0,3034,1789633750428695552,3812366545897169
2,0,3035,1789633750428706816,3812366545907945
2,0,3036,1789633750428717056,3812366545918681
2,0,3037,1789633750428728320,3812366545929349
2,0,3038,1789633750428738560,3812366545939962
2,0,3039,1789633750428749824,3812366545950704
2,0,3040,1789633750428760064,3812366545961341
2,0,3041,1789633750428771328,3812366545971914
2,0,3042,1789633750428781568,3812366545982537
2,0,3043,1789633750428791808,3812366545993149
2,0,3044,1789633750428803072,3812366546003752
2,0,3045,1789633750428813312,3812366546014389
2,0,3046,1789633750428823552,3812366546025059
2,0,3047,1789633750428834816,3812366546035724
2,0,3048,1789633750428845056,3812366546046415
2,0,3049,1789633750428856320,3812366546057007
2,0,3050,1789633750428866560,3812366546067768
2,0,3051,1789633750428876800,3812366546078375
2,0,3052,1789633750428888064,3812366546089005
2,0,3053,1789633750428898304,3812366546099619
2,0,3054,1789633750428909568,3812366546110262
2,0,3055,1789633750428919808,3812366546120883
2,0,3056,1789633750428930048,3812366546131515
2,0,3057,1789633750428941312,3812366546142169
2,0,3058,1789633750428951552,3812366546152785
2,0,3059,1789633750428961792,3812366546163454
2,0,3060,1789633750428973056,3812366546174037
2,0,3061,1789633750428983296,3812366546184807
2,0,3062,1789633750428994560,3812366546195442
2,0,3063,1789633750429004800,3812366546206025
2,0,3064,1789633750429015040,3812366546216651
2,0,3065,1789633750429026304,3812366546227259
2,0,3066,1789633750429036544,3812366546237869
2,0,3067,1789633750429047808,3812366546248497
2,0,3068,1789633750429058048,3812366546259099
2,0,3069,1789633750429068288,3812366546269739
2,0,3070,1789633750429079552,3812366546280562
2,0,3071,1789633750429089792,3812366546291092
2,0,3072,1789633750429101056,3812366546301899
2,0,3073,1789633750429111296,3812366546312517
2,0,3074,1789633750429121536,3812366546323055
2,0,3075,1789633750429132800,3812366546333692
2,0,3076,1789633750429143040,3812366546344372
2,0,3077,1789633750429154304,3812366546355007
2,0,3078,1789633750429164544,3812366546365619
2,0,3079,1789633750429174784,3812366546376247
2,0,3080,1789633750429186048,3812366546386839
2,0,3081,1789633750429196288,3812366546397549
2,0,3082,1789633750429206528,3812366546408162
2,0,3083,1789633750429217792,3812366546418915
2,0,3084,1789633750429228032,3812366546429512
2,0,3085,1789633750429239296,3812366546440125
2,0,3086,1789633750429249536,3812366546450721
2,0,3087,1789633750429259776,3812366546461369
2,0,3088,1789633750429271040,3812366546471975
2,0,3089,1789633750429281280,3812366546482629
2,0,3090,1789633750429292544,3812366546493255
2,0,3091,1789633750429302784,3812366546503865
2,0,3092,1789633750429313024,3812366546514602
2,0,3093,1789633750429324288,3812366546525223
2,0,3094,1789633750429334528,3812366546535970
2,0,3095,1789633750429345792,3812366546546602
2,0,3096,1789633750429356032,3812366546557242
2,0,3097,1789633750429366272,3812366546567889
2,0,3098,1789633750429377536,3812366546578497
2,0,3099,1789633750429387776,3812366546589097
2,0,3100,1789633750429399040,3812366546599759
2,0,3101,1789633750429409280,3812366546610405
2,0,3102,1789633750429419520,3812366546621012
2,0,3103,1789633750429430784,3812366546631659
2,0,3104,1789633750429441024,3812366546642344
2,0,3105,1789633750429452288,3812366546653019
2,0,3106,1789633750429462528,3812366546663617
2,0,3107,1789633750429472768,3812366546674235
2,0,3108,1789633750429484032,3812366546684864
2,0,3109,1789633750429494272,3812366546695452
2,0,3110,1789633750429504512,3812366546706062
2,0,3111,1789633750429515776,3812366546716712
2,0,3112,1789633750429526016,3812366546727334
2,0,3113,1789633750429537280,3812366546737965
2,0,3114,1789633750429547520,3812366546748704
2,0,3115,1789633750429557760,3812366546759328
2,0,3116,1789633750429569024,3812366546770064
2,0,3117,1789633750429579264,3812366546780697
2,0,3118,1789633750429590528,3812366546791327
2,0,3119,1789633750429600768,3812366546801959
2,0,3120,1789633750429611008,3812366546812609
2,0,3121,1789633750429622272,3812366546823202
2,0,3122,1789633750429632512,3812366546833832
2,0,3123,1789633750429643776,3812366546844457
2,0,3124,1789633750429654016,3812366546855052
2,0,3125,1789633750429664256,3812366546865749
2,0,3126,1789633750429675520,3812366546876349
2,0,3127,1789633750429685760,3812366546887145
2,0,3128,1789633750429697024,3812366546897789
2,0,3129,1789633750429707264,3812366546908602
2,0,3130,1789633750429718528,3812366546919249
2,0,3131,1789633750429728768,3812366546930077
2,0,3132,1789633750429740032,3812366546940747
2,0,3133,1789633750429750272,3812366546951475
2,0,3134,1789633750429760512,3812366546962144
2,0,3135,1789633750429771776,3812366546972957
2,0,3136,1789633750429782016,3812366546983602
2,0,3137,1789633750429793280,3812366546994187
2,0,3138,1789633750429803520,3812366547004762
2,0,3139,1789633750429813760,3812366547015415
2,0,3140,1789633750429825024,3812366547026024
2,0,3141,1789633750429835264,3812366547036667
2,0,3142,1789633750429846528,3812366547047254
2,0,3143,1789633750429856768,3812366547057892
2,0,3144,1789633750429867008,3812366547068645
2,0,3145,1789633750429878272,3812366547079292
2,0,3146,1789633750429888512,3812366547089997
2,0,3147,1789633750429899776,3812366547100642
2,0,3148,1789633750429910016,3812366547111197
2,0,3149,1789633750429920256,3812366547121799
2,0,3150,1789633750429931520,3812366547132402
2,0,3151,1789633750429941760,3812366547143022
2,0,3152,1789633750429952000,3812366547153657
2,0,3153,1789633750429963264,3812366547164239
2,0,3154,1789633750429973504,3812366547174897
2,0,3155,1789633750429984768,3812366547185584
2,0,3156,1789633750429995008,3812366547196229
2,0,3157,1789633750430005248,3812366547206827
2,0,3158,1789633750430016512,3812366547217502
2,0,3159,1789633750430026752,3812366547228089
2,0,3160,1789633750430038016,3812366547238672
2,0,3161,1789633750430048256,3812366547249299
2,0,3162,1789633750430058496,3812366547259869
2,0,3163,1789633750430069760,3812366547270561
2,0,3164,1789633750430080000,3812366547281195
2,0,3165,1789633750430090240,3812366547291839
2,0,3166,1789633750430101504,3812366547302693
2,0,3167,1789633750430111744,3812366547313327
2,0,3168,1789633750430123008,3812366547324102
2,0,3169,1789633750430133248,3812366547334757
2,0,3170,1789633750430144512,3812366547345561
2,0,3171,1789633750430154752,3812366547356207
2,0,3172,1789633750430166016,3812366547366782
2,0,3173,1789633750430176256,3812366547377351
2,0,3174,1789633750430186496,3812366547388009
2,0,3175,1789633750430197760,3812366547398589
2,0,3176,1789633750430208000,3812366547409267
2,0,3177,1789633750430218240,3812366547419834
2,0,3178,1789633750430229504,3812366547430564
2,0,3179,1789633750430239744,3812366547441157
2,0,3180,1789633750430251008,3812366547451802
2,0,3181,1789633750430261248,3812366547462389
2,0,3182,1789633750430271488,3812366547472997
2,0,3183,1789633750430282752,3812366547483604
2,0,3184,1789633750430292992,3812366547494197
2,0,3185,1789633750430303232,3812366547504844
2,0,3186,1789633750430314496,3812366547515444
2,0,3187,1789633750430324736,3812366547526084
2,0,3188,1789633750430336000,3812366547536827
2,0,3189,1789633750430346240,3812366547547477
2,0,3190,1789633750430356480,3812366547558232
2,0,3191,1789633750430367744,3812366547568877
2,0,3192,1789633750430377984,3812366547579439
2,0,3193,1789633750430389248,3812366547590022
2,0,3194,1789633750430399488,3812366547600669
2,0,3195,1789633750430409728,3812366547611272
2,0,3196,1789633750430420992,3812366547621912
2,0,3197,1789633750430431232,3812366547632552
2,0,3198,1789633750430442496,3812366547643204
2,0,3199,1789633750430452736,3812366547653902
2,0,3200,1789633750430462976,3812366547664549
2,0,3201,1789633750430474240,3812366547675252
2,0,3202,1789633750430484480,3812366547685879
2,0,3203,1789633750430495744,3812366547696457
2,0,3204,1789633750430505984,3812366547707014
2,0,3205,1789633750430516224,3812366547717604
2,0,3206,1789633750430527488,3812366547728222
2,0,3207,1789633750430537728,3812366547738887
2,0,3208,1789633750430547968,3812366547749504
2,0,3209,1789633750430559232,3812366547760147
2,0,3210,1789633750430569472,3812366547770847
2,0,3211,1789633750430580736,3812366547781492
2,0,3212,1789633750430590976,3812366547792089
2,0,3213,1789633750430601216,3812366547802672
2,0,3214,1789633750430612480,3812366547813289
2,0,3215,1789633750430622720,3812366547823857
2,0,3216,1789633750430632960,3812366547834474
2,0,3217,1789633750430644224,3812366547845082
2,0,3218,1789633750430654464,3812366547855724
2,0,3219,1789633750430664704,3812366547866437
2,0,3220,1789633750430675968,3812366547877069
2,0,3221,1789633750430686208,3812366547887652
2,0,3222,1789633750430697472,3812366547898249
2,0,3223,1789633750430707712,3812366547908857
2,0,3224,1789633750430717952,3812366547919444
2,0,3225,1789633750430729216,3812366547930134
2,0,3226,1789633750430739456,3812366547940719
2,0,3227,1789633750430750720,3812366547951397
2,0,3228,1789633750430760960,3812366547962144
2,0,3229,1789633750430771200,3812366547972782
2,0,3230,1789633750430782464,3812366547983587
2,0,3231,1789633750430792704,3812366547994232
2,0,3232,1789633750430803968,3812366548004937
2,0,3233,1789633750430814208,3812366548015578
2,0,3234,1789633750430825472,3812366548026172
2,0,3235,1789633750430835712,3812366548036791
2,0,3236,1789633750430845952,3812366548047389
2,0,3237,1789633750430857216,3812366548057987
2,0,3238,1789633750430867456,3812366548068634
2,0,3239,1789633750430877696,3812366548079234
2,0,3240,1789633750430888960,3812366548089872
2,0,3241,1789633750430899200,3812366548100674
2,0,3242,1789633750430910464,3812366548111294
2,0,3243,1789633750430920704,3812366548121982
2,0,3244,1789633750430930944,3812366548132634
2,0,3245,1789633750430942208,3812366548143202
2,0,3246,1789633750430952448,3812366548153754
2,0,3247,1789633750430963712,3812366548164394
2,0,3248,1789633750430973952,3812366548174984
2,0,3249,1789633750430984192,3812366548185674
2,0,3250,1789633750430995456,3812366548196224
2,0,3251,1789633750431005696,3812366548206877
2,0,3252,1789633750431015936,3812366548217587
2,0,3253,1789633750431027200,3812366548228259
2,0,3254,1789633750431037440,3812366548239037
2,0,3255,1789633750431048704,3812366548249647
2,0,3256,1789633750431058944,3812366548260269
2,0,3257,1789633750431070208,3812366548270842
2,0,3258,1789633750431080448,3812366548281490
2,0,3259,1789633750431090688,3812366548292102
2,0,3260,1789633750431101952,3812366548302727
2,0,3261,1789633750431112192,3812366548313325
2,0,3262,1789633750431122432,3812366548323994
2,0,3263,1789633750431133696,3812366548334712
2,0,3264,1789633750431143936,3812366548345387
2,0,3265,1789633750431155200,3812366548356081
2,0,3266,1789633750431165440,3812366548366724
2,0,3267,1789633750431175680,3812366548377317
2,0,3268,1789633750431186944,3812366548387911
2,0,3269,1789633750431197184,3812366548398542
2,0,3270,1789633750431208448,3812366548409137
2,0,3271,1789633750431218688,3812366548419784
2,0,3272,1789633750431228928,3812366548430369
2,0,3273,1789633750431240192,3812366548441041
2,0,3274,1789633750431250432,3812366548451794
2,0,3275,1789633750431261696,3812366548462417
2,0,3276,1789633750431271936,3812366548473132
2,0,3277,1789633750431282176,3812366548483744
2,0,3278,1789633750431293440,3812366548494374
2,0,3279,1789633750431303680,3812366548504967
2,0,3280,1789633750431313920,3812366548515574
2,0,3281,1789633750431325184,3812366548526199
2,0,3282,1789633750431335424,3812366548536799
2,0,3283,1789633750431346688,3812366548547397
2,0,3284,1789633750431356928,3812366548558064
2,0,3285,1789633750431367168,3812366548568829
2,0,3286,1789633750431378432,3812366548579482
2,0,3287,1789633750431388672,3812366548590192
2,0,3288,1789633750431399936,3812366548600792
2,0,3289,1789633750431410176,3812366548611397
2,0,3290,1789633750431420416,3812366548622017
2,0,3291,1789633750431431680,3812366548632644
2,0,3292,1789633750431441920,3812366548643239
2,0,3293,1789633750431453184,3812366548653917
2,0,3294,1789633750431463424,3812366548664494
2,0,3295,1789633750431473664,3812366548675129
2,0,3296,1789633750431484928,3812366548685880
2,0,3297,1789633750431495168,3812366548696531
2,0,3298,1789633750431506432,3812366548707242
2,0,3299,1789633750431516672,3812366548717859
2,0,3300,1789633750431526912,3812366548728442
2,0,3301,1789633750431538176,3812366548739027
2,0,3302,1789633750431548416,3812366548749634
2,0,3303,1789633750431558656,3812366548760242
2,0,3304,1789633750431569920,3812366548770899
2,0,3305,1789633750431580160,3812366548781459
2,0,3306,1789633750431591424,3812366548792122
2,0,3307,1789633750431601664,3812366548802837
2,0,3308,1789633750431611904,3812366548813492
2,0,3309,1789633750431623168,3812366548824052
2,0,3310,1789633750431633408,3812366548834619
2,0,3311,1789633750431643648,3812366548845224
2,0,3312,1789633750431654912,3812366548855839
2,0,3313,1789633750431665152,3812366548866468
2,0,3314,1789633750431676416,3812366548877082
2,0,3315,1789633750431686656,3812366548887751
2,0,3316,1789633750431696896,3812366548898437
2,0,3317,1789633750431708160,3812366548909094
2,0,3318,1789633750431718400,3812366548919682
2,0,3319,1789633750431728640,3812366548930257
2,0,3320,1789633750431739904,3812366548940864
2,0,3321,1789633750431750144,3812366548951452
2,0,3322,1789633750431761408,3812366548962147
2,0,3323,1789633750431771648,3812366548972732
2,0,3324,1789633750431781888,3812366548983367
2,0,3325,1789633750431793152,3812366548994009
2,0,3326,1789633750431803392,3812366549004679
2,0,3327,1789633750431813632,3812366549015282
2,0,3328,1789633750431824896,3812366549025872
2,0,3329,1789633750431835136,3812366549036464
2,0,3330,1789633750431846400,3812366549047064
2,0,3331,1789633750431856640,3812366549057704
2,0,3332,1789633750431866880,3812366549068324
2,0,3333,1789633750431878144,3812366549078997
2,0,3334,1789633750431888384,3812366549089717
2,0,3335,1789633750431899648,3812366549100351
2,0,3336,1789633750431909888,3812366549111087
2,0,3337,1789633750431920128,3812366549121704
2,0,3338,1789633750431931392,3812366549132555
2,0,3339,1789633750431941632,3812366549143164
2,0,3340,1789633750431952896,3812366549153748
2,0,3341,1789633750431963136,3812366549164381
2,0,3342,1789633750431973376,3812366549174964
2,0,3343,1789633750431984640,3812366549185599
2,0,3344,1789633750431994880,3812366549196282
2,0,3345,1789633750432006144,3812366549206864
2,0,3346,1789633750432016384,3812366549217524
2,0,3347,1789633750432026624,3812366549228219
2,0,3348,1789633750432037888,3812366549238877
2,0,3349,1789633750432048128,3812366549249581
2,0,3350,1789633750432059392,3812366549260212
2,0,3351,1789633750432069632,3812366549270827
2,0,3352,1789633750432079872,3812366549281492
2,0,3353,1789633750432091136,3812366549292069
2,0,3354,1789633750432101376,3812366549302652
2,0,3355,1789633750432111616,3812366549313301
2,0,3356,1789633750432122880,3812366549323904
2,0,3357,1789633750432133120,3812366549334542
2,0,3358,1789633750432144384,3812366549345271
2,0,3359,1789633750432154624,3812366549355907
2,0,3360,1789633750432164864,3812366549366612
2,0,3361,1789633750432176128,3812366549377282
2,0,3362,1789633750432186368,3812366549388094
2,0,3363,1789633750432197632,3812366549398762
2,0,3364,1789633750432207872,3812366549409564
2,0,3365,1789633750432219136,3812366549420197
2,0,3366,1789633750432229376,3812366549430799
2,0,3367,1789633750432240640,3812366549441372
2,0,3368,1789633750432250880,3812366549452001
2,0,3369,1789633750432261120,3812366549462582
2,0,3370,1789633750432272384,3812366549473257
2,0,3371,1789633750432282624,3812366549483844
2,0,3372,1789633750432292864,3812366549494489
2,0,3373,1789633750432304128,3812366549505224
2,0,3374,1789633750432314368,3812366549515824
2,0,3375,1789633750432325632,3812366549526577
2,0,3376,1789633750432335872,3812366549537182
2,0,3377,1789633750432347136,3812366549547824
2,0,3378,1789633750432357376,3812366549558450
2,0,3379,1789633750432367616,3812366549569089
2,0,3380,1789633750432378880,3812366549579694
2,0,3381,1789633750432389120,3812366549590327
2,0,3382,1789633750432399360,3812366549600924
2,0,3383,1789633750432410624,3812366549613114
2,0,3384,1789633750432420864,3812366549622322
2,0,3385,1789633750432432128,3812366549632965
2,0,3386,1789633750432442368,3812366549643649
2,0,3387,1789633750432452608,3812366549654257
2,0,3388,1789633750432463872,3812366549664872
2,0,3389,1789633750432474112,3812366549675494
2,0,3390,1789633750432485376,3812366549686142
2,0,3391,1789633750432495616,3812366549696759
2,0,3392,1789633750432505856,3812366549707455
2,0,3393,1789633750432517120,3812366549718027
2,0,3394,1789633750432527360,3812366549728672
2,0,3395,1789633750432537600,3812366549739332
2,0,3396,1789633750432548864,3812366549749949
2,0,3397,1789633750432559104,3812366549760704
2,0,3398,1789633750432570368,3812366549771347
2,0,3399,1789633750432580608,3812366549782142
2,0,3400,1789633750432591872,3812366549794762
2,0,3401,1789633750432604160,3812366549805427
2,0,3402,1789633750432614400,3812366549816172
2,0,3403,1789633750432625664,3812366549826822
2,0,3404,1789633750432635904,3812366549837509
2,0,3405,1789633750432647168,3812366549848189
2,0,3406,1789633750432657408,3812366549858874
2,0,3407,1789633750432668672,3812366549869574
2,0,3408,1789633750432678912,3812366549880314
2,0,3409,1789633750432690176,3812366549891027
2,0,3410,1789633750432700416,3812366549901729
2,0,3411,1789633750432711680,3812366549912464
2,0,3412,1789633750432721920,3812366549923149
2,0,3413,1789633750432732160,3812366549933884
2,0,3414,1789633750432743424,3812366549944629
2,0,3415,1789633750432753664,3812366549955387
2,0,3416,1789633750432764928,3812366549966097
2,0,3417,1789633750432775168,3812366549976832
2,0,3418,1789633750432786432,3812366549987592
2,0,3419,1789633750432796672,3812366549998280
2,0,3420,1789633750432807936,3812366550008970
2,0,3421,1789633750432818176,3812366550019634
2,0,3422,1789633750432829440,3812366550030372
2,0,3423,1789633750432839680,3812366550041087
2,0,3424,1789633750432850944,3812366550051797
2,0,3425,1789633750432861184,3812366550062557
2,0,3426,1789633750432872448,3812366550073267
2,0,3427,1789633750432882688,3812366550083962
2,0,3428,1789633750432892928,3812366550094687
2,0,3429,1789633750432904192,3812366550105432
2,0,3430,1789633750432914432,3812366550116172
2,0,3431,1789633750432925696,3812366550126889
2,0,3432,1789633750432935936,3812366550137609
2,0,3433,1789633750432947200,3812366550148304
2,0,3434,1789633750432957440,3812366550159014
2,0,3435,1789633750432968704,3812366550169769
2,0,3436,1789633750432978944,3812366550180562
2,0,3437,1789633750432990208,3812366550191129
2,0,3438,1789633750433000448,3812366550201872
2,0,3439,1789633750433011712,3812366550212610
2,0,3440,1789633750433021952,3812366550223301
2,0,3441,1789633750433033216,3812366550234028
2,0,3442,1789633750433043456,3812366550244751
2,0,3443,1789633750433054720,3812366550255520
2,0,3444,1789633750433064960,3812366550266207
2,0,3445,1789633750433075200,3812366550276938
2,0,3446,1789633750433086464,3812366550287637
2,0,3447,1789633750433096704,3812366550298378
2,0,3448,1789633750433107968,3812366550309078
2,0,3449,1789633750433118208,3812366550319778
2,0,3450,1789633750433129472,3812366550330569
2,0,3451,1789633750433139712,3812366550341191
2,0,3452,1789633750433150976,3812366550351937
2,0,3453,1789633750433161216,3812366550362638
2,0,3454,1789633750433172480,3812366550373408
2,0,3455,1789633750433182720,3812366550384109
2,0,3456,1789633750433193984,3812366550394864
2,0,3457,1789633750433204224,3812366550405580
2,0,3458,1789633750433215488,3812366550416316
2,0,3459,1789633750433225728,3812366550426991
2,0,3460,1789633750433235968,3812366550437791
2,0,3461,1789633750433247232,3812366550448511
2,0,3462,1789633750433257472,3812366550459271
2,0,3463,1789633750433268736,3812366550469978
2,0,3464,1789633750433278976,3812366550480700
2,0,3465,1789633750433290240,3812366550491400
2,0,3466,1789633750433300480,3812366550502158
2,0,3467,1789633750433311744,3812366550512858
2,0,3468,1789633750433321984,3812366550523626
2,0,3469,1789633750433333248,3812366550534290
2,0,3470,1789633750433343488,3812366550545080
2,0,3471,1789633750433354752,3812366550555796
2,0,3472,1789633750433364992,3812366550566516
2,0,3473,1789633750433376256,3812366550577257
2,0,3474,1789633750433386496,3812366550587998
2,0,3475,1789633750433397760,3812366550598757
2,0,3476,1789633750433408000,3812366550609464
2,0,3477,1789633750433419264,3812366550620189
2,0,3478,1789633750433429504,3812366550630928
2,0,3479,1789633750433440768,3812366550641655
2,0,3480,1789633750433451008,3812366550652374
2,0,3481,1789633750433462272,3812366550663142
2,0,3482,1789633750433472512,3812366550673865
2,0,3483,1789633750433482752,3812366550684548
2,0,3484,1789633750433494016,3812366550695276
2,0,3485,1789633750433504256,3812366550705997
2,0,3486,1789633750433515520,3812366550716770
2,0,3487,1789633750433525760,3812366550727457
2,0,3488,1789633750433537024,3812366550738166
2,0,3489,1789633750433547264,3812366550748789
2,0,3490,1789633750433558528,3812366550759524
2,0,3491,1789633750433568768,3812366550770128
2,0,3492,1789633750433580032,3812366550780760
2,0,3493,1789633750433590272,3812366550791349
2,0,3494,1789633750433600512,3812366550801968
2,0,3495,1789633750433611776,3812366550812640
2,0,3496,1789633750433622016,3812366550823269
2,0,3497,1789633750433632256,3812366550833889
2,0,3498,1789633750433643520,3812366550844497
2,0,3499,1789633750433653760,3812366550855201
2,0,3500,1789633750433665024,3812366550865831
2,0,3501,1789633750433675264,3812366550876568
2,0,3502,1789633750433685504,3812366550887204
2,0,3503,1789633750433696768,3812366550898018
2,0,3504,1789633750433707008,3812366550908678
2,0,3505,1789633750433718272,3812366550919260
2,0,3506,1789633750433728512,3812366550929851
2,0,3507,1789633750433739776,3812366550940560
2,0,3508,1789633750433750016,3812366550951067
2,0,3509,1789633750433760256,3812366550961678
2,0,3510,1789633750433771520,3812366550972316
2,0,3511,1789633750433781760,3812366550982960
2,0,3512,1789633750433792000,3812366550993705
2,0,3513,1789633750433803264,3812366551004384
2,0,3514,1789633750433813504,3812366551015066
2,0,3515,1789633750433824768,3812366551025711
2,0,3516,1789633750433835008,3812366551036330
2,0,3517,1789633750433845248,3812366551046966
2,0,3518,1789633750433856512,3812366551057590
2,0,3519,1789633750433866752,3812366551068169
2,0,3520,1789633750433878016,3812366551078800
2,0,3521,1789633750433888256,3812366551089394
2,0,3522,1789633750433898496,3812366551100027
2,0,3523,1789633750433909760,3812366551110784
2,0,3524,1789633750433920000,3812366551121447
2,0,3525,1789633750433931264,3812366551132309
2,0,3526,1789633750433941504,3812366551142924
2,0,3527,1789633750433952768,3812366551153694
2,0,3528,1789633750433963008,3812366551164409
2,0,3529,1789633750433974272,3812366551175130
2,0,3530,1789633750433984512,3812366551185769
2,0,3531,1789633750433994752,3812366551196505
2,0,3532,1789633750434006016,3812366551207133
2,0,3533,1789633750434016256,3812366551217713
2,0,3534,1789633750434027520,3812366551228306
2,0,3535,1789633750434037760,3812366551238937
2,0,3536,1789633750434048000,3812366551249588
2,0,3537,1789633750434059264,3812366551260218
2,0,3538,1789633750434069504,3812366551270855
2,0,3539,1789633750434080768,3812366551281516
2,0,3540,1789633750434091008,3812366551292206
2,0,3541,1789633750434101248,3812366551302829
2,0,3542,1789633750434112512,3812366551313567
2,0,3543,1789633750434122752,3812366551324171
2,0,3544,1789633750434134016,3812366551334798
2,0,3545,1789633750434144256,3812366551345377
2,0,3546,1789633750434154496,3812366551356063
2,0,3547,1789633750434165760,3812366551366668
2,0,3548,1789633750434176000,3812366551377298
2,0,3549,1789633750434186240,3812366551387935
2,0,3550,1789633750434197504,3812366551398516
2,0,3551,1789633750434207744,3812366551409228
2,0,3552,1789633750434219008,3812366551419848
2,0,3553,1789633750434229248,3812366551430612
2,0,3554,1789633750434240512,3812366551441233
2,0,3555,1789633750434250752,3812366551451811
2,0,3556,1789633750434260992,3812366551462426
2,0,3557,1789633750434272256,3812366551473070
2,0,3558,1789633750434282496,3812366551483698
2,0,3559,1789633750434292736,3812366551494417
2,0,3560,1789633750434304000,3812366551505038
2,0,3561,1789633750434314240,3812366551515674
2,0,3562,1789633750434325504,3812366551526281
2,0,3563,1789633750434335744,3812366551536901
2,0,3564,1789633750434345984,3812366551547677
2,0,3565,1789633750434357248,3812366551558278
2,0,3566,1789633750434367488,3812366551568858
2,0,3567,1789633750434378752,3812366551579498
2,0,3568,1789633750434388992,3812366551590086
2,0,3569,1789633750434399232,3812366551600723
2,0,3570,1789633750434410496,3812366551611320
2,0,3571,1789633750434420736,3812366551621960
2,0,3572,1789633750434430976,3812366551632577
2,0,3573,1789633750434442240,3812366551643349
2,0,3574,1789633750434452480,3812366551654013
2,0,3575,1789633750434463744,3812366551664698
2,0,3576,1789633750434473984,3812366551675310
2,0,3577,1789633750434484224,3812366551685918
2,0,3578,1789633750434495488,3812366551696503
2,0,3579,1789633750434505728,3812366551707101
2,0,3580,1789633750434516992,3812366551717723
2,0,3581,1789633750434527232,3812366551728353
2,0,3582,1789633750434537472,3812366551738991
2,0,3583,1789633750434548736,3812366551749583
2,0,3584,1789633750434558976,3812366551760406
2,0,3585,1789633750434570240,3812366551771018
2,0,3586,1789633750434580480,3812366551781743
2,0,3587,1789633750434590720,3812366551792361
2,0,3588,1789633750434601984,3812366551802938
2,0,3589,1789633750434612224,3812366551813564
2,0,3590,1789633750434623488,3812366551824195
2,0,3591,1789633750434633728,3812366551834820
2,0,3592,1789633750434643968,3812366551845460
2,0,3593,1789633750434655232,3812366551856038
2,0,3594,1789633750434665472,3812366551866658
2,0,3595,1789633750434675712,3812366551877475
2,0,3596,1789633750434686976,3812366551888083
2,0,3597,1789633750434697216,3812366551898804
2,0,3598,1789633750434708480,3812366551909407
2,0,3599,1789633750434718720,3812366551920009
2,0,3600,1789633750434728960,3812366551930630
2,0,3601,1789633750434740224,3812366551941297
2,0,3602,1789633750434750464,3812366551951927
2,0,3603,1789633750434761728,3812366551962548
2,0,3604,1789633750434771968,3812366551973167
2,0,3605,1789633750434782208,3812366551983836
2,0,3606,1789633750434793472,3812366551994487
2,0,3607,1789633750434803712,3812366552005113
2,0,3608,1789633750434814976,3812366552015857
2,0,3609,1789633750434825216,3812366552026488
2,0,3610,1789633750434835456,3812366552037069
2,0,3611,1789633750434846720,3812366552047673
2,0,3612,1789633750434856960,3812366552058298
2,0,3613,1789633750434868224,3812366552068958
2,0,3614,1789633750434878464,3812366552079593
2,0,3615,1789633750434888704,3812366552090197
2,0,3616,1789633750434899968,3812366552100830
2,0,3617,1789633750434910208,3812366552111560
2,0,3618,1789633750434920448,3812366552122168
2,0,3619,1789633750434931712,3812366552132925
2,0,3620,1789633750434941952,3812366552143498
2,0,3621,1789633750434953216,3812366552154093
2,0,3622,1789633750434963456,3812366552164723
2,0,3623,1789633750434973696,3812366552175362
2,0,3624,1789633750434984960,3812366552186000
2,0,3625,1789633750434995200,3812366552196643
2,0,3626,1789633750435006464,3812366552207236
2,0,3627,1789633750435016704,3812366552217885
2,0,3628,1789633750435026944,3812366552228588
2,0,3629,1789633750435038208,3812366552239171
2,0,3630,1789633750435048448,3812366552249989
2,0,3631,1789633750435059712,3812366552260571
2,0,3632,1789633750435069952,3812366552271171
2,0,3633,1789633750435080192,3812366552281798
2,0,3634,1789633750435091456,3812366552292397
2,0,3635,1789633750435101696,3812366552303023
2,0,3636,1789633750435111936,3812366552313658
2,0,3637,1789633750435123200,3812366552324348
2,0,3638,1789633750435133440,3812366552335013
2,0,3639,1789633750435144704,3812366552345638
2,0,3640,1789633750435154944,3812366552356273
2,0,3641,1789633750435165184,3812366552366998
2,0,3642,1789633750435176448,3812366552377623
2,0,3643,1789633750435186688,3812366552388236
2,0,3644,1789633750435197952,3812366552398898
2,0,3645,1789633750435208192,3812366552409513
2,0,3646,1789633750435218432,3812366552420106
2,0,3647,1789633750435229696,3812366552430758
2,0,3648,1789633750435239936,3812366552441383
2,0,3649,1789633750435251200,3812366552452026
2,0,3650,1789633750435261440,3812366552462697
2,0,3651,1789633750435271680,3812366552473333
2,0,3652,1789633750435282944,3812366552484056
2,0,3653,1789633750435293184,3812366552494666
2,0,3654,1789633750435304448,3812366552505305
2,0,3655,1789633750435314688,3812366552515946
2,0,3656,1789633750435324928,3812366552526558
2,0,3657,1789633750435336192,3812366552537223
2,0,3658,1789633750435346432,3812366552547806
2,0,3659,1789633750435357696,3812366552558411
2,0,3660,1789633750435367936,3812366552569033
2,0,3661,1789633750435378176,3812366552579729
2,0,3662,1789633750435389440,3812366552590396
2,0,3663,1789633750435399680,3812366552601098
2,0,3664,1789633750435410944,3812366552611683
2,0,3665,1789633750435421184,3812366552622326
2,0,3666,1789633750435431424,3812366552632953
2,0,3667,1789633750435442688,3812366552643546
2,0,3668,1789633750435452928,3812366552654196
2,0,3669,1789633750435463168,3812366552664870
2,0,3670,1789633750435474432,3812366552675497
2,0,3671,1789633750435484672,3812366552686111
2,0,3672,1789633750435495936,3812366552696796
2,0,3673,1789633750435506176,3812366552707443
2,0,3674,1789633750435516416,3812366552718158
2,0,3675,1789633750435527680,3812366552728793
2,0,3676,1789633750435537920,3812366552739416
2,0,3677,1789633750435549184,3812366552750040
2,0,3678,1789633750435559424,3812366552760663
2,0,3679,1789633750435569664,3812366552771313
2,0,3680,1789633750435580928,3812366552781960
2,0,3681,1789633750435591168,3812366552792606
2,0,3682,1789633750435602432,3812366552803229
2,0,3683,1789633750435612672,3812366552813860
2,0,3684,1789633750435622912,3812366552824476
2,0,3685,1789633750435634176,3812366552835190
2,0,3686,1789633750435644416,3812366552845796
2,0,3687,1789633750435655680,3812366552856398
2,0,3688,1789633750435665920,3812366552867038
2,0,3689,1789633750435676160,3812366552877705
2,0,3690,1789633750435687424,3812366552888346
2,0,3691,1789633750435697664,3812366552898976
2,0,3692,1789633750435707904,3812366552909571
2,0,3693,1789633750435719168,3812366552920160
2,0,3694,1789633750435729408,3812366552930920
2,0,3695,1789633750435740672,3812366552941498
2,0,3696,1789633750435750912,3812366552952286
2,0,3697,1789633750435761152,3812366552962917
2,0,3698,1789633750435772416,3812366552973704
2,0,3699,1789633750435782656,3812366552984409
2,0,3700,1789633750435793920,3812366552995168
2,0,3701,1789633750435804160,3812366553005816
2,0,3702,1789633750435815424,3812366553016420
2,0,3703,1789633750435825664,3812366553027060
2,0,3704,1789633750435836928,3812366553037716
2,0,3705,1789633750435847168,3812366553048345
2,0,3706,1789633750435857408,3812366553058968
2,0,3707,1789633750435868672,3812366553069572
2,0,3708,1789633750435878912,3812366553080198
2,0,3709,1789633750435889152,3812366553090843
2,0,3710,1789633750435900416,3812366553101500
2,0,3711,1789633750435910656,3812366553112231
2,0,3712,1789633750435921920,3812366553122911
2,0,3713,1789633750435932160,3812366553133723
2,0,3714,1789633750435943424,3812366553144391
2,0,3715,1789633750435953664,3812366553155140
2,0,3716,1789633750435964928,3812366553165761
2,0,3717,1789633750435975168,3812366553176368
2,0,3718,1789633750435985408,3812366553187053
2,0,3719,1789633750435996672,3812366553197668
2,0,3720,1789633750436006912,3812366553208269
2,0,3721,1789633750436017152,3812366553218846
2,0,3722,1789633750436028416,3812366553229471
2,0,3723,1789633750436038656,3812366553240103
2,0,3724,1789633750436049920,3812366553250828
2,0,3725,1789633750436060160,3812366553261450
2,0,3726,1789633750436070400,3812366553272187
2,0,3727,1789633750436081664,3812366553282810
2,0,3728,1789633750436091904,3812366553293430
2,0,3729,1789633750436103168,3812366553304030
2,0,3730,1789633750436113408,3812366553314696
2,0,3731,1789633750436123648,3812366553325289
2,0,3732,1789633750436134912,3812366553335933
2,0,3733,1789633750436145152,3812366553346558
2,0,3734,1789633750436156416,3812366553357249
2,0,3735,1789633750436166656,3812366553367868
2,0,3736,1789633750436176896,3812366553378549
2,0,3737,1789633750436188160,3812366553389363
2,0,3738,1789633750436198400,3812366553400010
2,0,3739,1789633750436209664,3812366553410700
2,0,3740,1789633750436219904,3812366553421343
2,0,3741,1789633750436231168,3812366553431931
2,0,3742,1789633750436241408,3812366553442530
2,0,3743,1789633750436251648,3812366553453116
2,0,3744,1789633750436262912,3812366553463733
2,0,3745,1789633750436273152,3812366553474406
2,0,3746,1789633750436283392,3812366553484986
2,0,3747,1789633750436294656,3812366553495656
2,0,3748,1789633750436304896,3812366553506380
2,0,3749,1789633750436316160,3812366553517038
2,0,3750,1789633750436326400,3812366553527758
2,0,3751,1789633750436336640,3812366553538398
2,0,3752,1789633750436347904,3812366553549231
2,0,3753,1789633750436358144,3812366553559853
2,0,3754,1789633750436369408,3812366553570426
2,0,3755,1789633750436379648,3812366553581059
2,0,3756,1789633750436390912,3812366553591693
2,0,3757,1789633750436401152,3812366553602371
2,0,3758,1789633750436411392,3812366553613033
2,0,3759,1789633750436422656,3812366553623671
2,0,3760,1789633750436432896,3812366553634278
2,0,3761,1789633750436443136,3812366553644917
2,0,3762,1789633750436454400,3812366553655498
2,0,3763,1789633750436464640,3812366553666295
2,0,3764,1789633750436475904,3812366553676859
2,0,3765,1789633750436486144,3812366553687461
2,0,3766,1789633750436496384,3812366553698073
2,0,3767,1789633750436507648,3812366553708697
2,0,3768,1789633750436517888,3812366553719338
2,0,3769,1789633750436529152,3812366553729990
2,0,3770,1789633750436539392,3812366553740591
2,0,3771,1789633750436549632,3812366553751269
2,0,3772,1789633750436560896,3812366553761941
2,0,3773,1789633750436571136,3812366553772720
2,0,3774,1789633750436582400,3812366553785023
2,0,3775,1789633750436594688,3812366553795643
2,0,3776,1789633750436604928,3812366553806238
2,0,3777,1789633750436615168,3812366553816898
2,0,3778,1789633750436626432,3812366553827514
2,0,3779,1789633750436636672,3812366553838118
2,0,3780,1789633750436647936,3812366553848732
2,0,3781,1789633750436658176,3812366553859513
2,0,3782,1789633750436668416,3812366553870104
2,0,3783,1789633750436679680,3812366553880668
2,0,3784,1789633750436689920,3812366553891296
2,0,3785,1789633750436700160,3812366553901909
2,0,3786,1789633750436711424,3812366553912518
2,0,3787,1789633750436721664,3812366553923195
2,0,3788,1789633750436732928,3812366553933790
2,0,3789,1789633750436743168,3812366553944407
2,0,3790,1789633750436753408,3812366553955078
2,0,3791,1789633750436764672,3812366553965716
2,0,3792,1789633750436774912,3812366553976441
2,0,3793,1789633750436786176,3812366553987065
2,0,3794,1789633750436796416,3812366553997638
2,0,3795,1789633750436806656,3812366554008276
2,0,3796,1789633750436817920,3812366554018897
2,0,3797,1789633750436828160,3812366554029533
2,0,3798,1789633750436838400,3812366554040156
2,0,3799,1789633750436849664,3812366554050780
2,0,3800,1789633750436859904,3812366554061448
2,0,3801,1789633750436871168,3812366554072129
2,0,3802,1789633750436881408,3812366554082766
2,0,3803,1789633750436891648,3812366554093496
2,0,3804,1789633750436902912,3812366554104129
2,0,3805,1789633750436913152,3812366554114713
2,0,3806,1789633750436924416,3812366554125346
2,0,3807,1789633750436934656,3812366554135986
2,0,3808,1789633750436944896,3812366554146638
2,0,3809,1789633750436956160,3812366554157314
2,0,3810,1789633750436966400,3812366554167948
2,0,3811,1789633750436977664,3812366554178595
2,0,3812,1789633750436987904,3812366554189238
2,0,3813,1789633750436998144,3812366554199863
2,0,3814,1789633750437009408,3812366554210638
2,0,3815,1789633750437019648,3812366554221283
2,0,3816,1789633750437030912,3812366554231998
2,0,3817,1789633750437041152,3812366554242629
2,0,3818,1789633750437052416,3812366554253253
2,0,3819,1789633750437062656,3812366554263927
2,0,3820,1789633750437072896,3812366554274500
2,0,3821,1789633750437084160,3812366554285136
2,0,3822,1789633750437094400,3812366554295748
2,0,3823,1789633750437104640,3812366554306379
2,0,3824,1789633750437115904,3812366554316983
2,0,3825,1789633750437126144,3812366554327683
2,0,3826,1789633750437137408,3812366554338313
2,0,3827,1789633750437147648,3812366554349046
2,0,3828,1789633750437158912,3812366554359673
2,0,3829,1789633750437169152,3812366554370318
2,0,3830,1789633750437179392,3812366554380963
2,0,3831,1789633750437190656,3812366554391560
2,0,3832,1789633750437200896,3812366554402170
2,0,3833,1789633750437211136,3812366554412998
2,0,3834,1789633750437222400,3812366554423609
2,0,3835,1789633750437232640,3812366554434247
2,0,3836,1789633750437243904,3812366554444839
2,0,3837,1789633750437254144,3812366554455469
2,0,3838,1789633750437264384,3812366554466216
2,0,3839,1789633750437275648,3812366554476898
2,0,3840,1789633750437285888,3812366554487563
2,0,3841,1789633750437297152,3812366554498189
2,0,3842,1789633750437307392,3812366554508798
2,0,3843,1789633750437318656,3812366554519466
2,0,3844,1789633750437328896,3812366554530043
2,0,3845,1789633750437339136,3812366554540658
2,0,3846,1789633750437350400,3812366554551237
2,0,3847,1789633750437360640,3812366554561843
2,0,3848,1789633750437370880,3812366554572468
2,0,3849,1789633750437382144,3812366554583259
2,0,3850,1789633750437392384,3812366554593893
2,0,3851,1789633750437403648,3812366554604609
2,0,3852,1789633750437413888,3812366554615283
2,0,3853,1789633750437424128,3812366554626086
2,0,3854,1789633750437435392,3812366554636738
2,0,3855,1789633750437445632,3812366554647533
2,0,3856,1789633750437456896,3812366554658166
2,0,3857,1789633750437467136,3812366554668766
2,0,3858,1789633750437478400,3812366554679355
2,0,3859,1789633750437488640,3812366554689933
2,0,3860,1789633750437498880,3812366554700560
2,0,3861,1789633750437510144,3812366554711197
2,0,3862,1789633750437520384,3812366554721771
2,0,3863,1789633750437531648,3812366554732440
2,0,3864,1789633750437541888,3812366554743220
2,0,3865,1789633750437552128,3812366554753876
2,0,3866,1789633750437563392,3812366554764693
2,0,3867,1789633750437573632,3812366554775355
2,0,3868,1789633750437584896,3812366554786031
2,0,3869,1789633750437595136,3812366554796665
2,0,3870,1789633750437606400,3812366554807253
2,0,3871,1789633750437616640,3812366554817858
2,0,3872,1789633750437626880,3812366554828484
2,0,3873,1789633750437638144,3812366554839099
2,0,3874,1789633750437648384,3812366554849738
2,0,3875,1789633750437658624,3812366554860353
2,0,3876,1789633750437669888,3812366554871015
2,0,3877,1789633750437680128,3812366554881729
2,0,3878,1789633750437691392,3812366554892398
2,0,3879,1789633750437701632,3812366554903096
2,0,3880,1789633750437712896,3812366554913688
2,0,3881,1789633750437723136,3812366554924291
2,0,3882,1789633750437733376,3812366554934889
2,0,3883,1789633750437744640,3812366554945538
2,0,3884,1789633750437754880,3812366554956089
2,0,3885,1789633750437765120,3812366554966740
2,0,3886,1789633750437776384,3812366554977347
2,0,3887,1789633750437786624,3812366554987986
2,0,3888,1789633750437796864,3812366554998676
2,0,3889,1789633750437808128,3812366555009345
2,0,3890,1789633750437818368,3812366555020136
2,0,3891,1789633750437829632,3812366555030746
2,0,3892,1789633750437839872,3812366555041375
2,0,3893,1789633750437851136,3812366555051960
2,0,3894,1789633750437861376,3812366555062593
2,0,3895,1789633750437871616,3812366555073190
2,0,3896,1789633750437882880,3812366555083829
2,0,3897,1789633750437893120,3812366555094410
2,0,3898,1789633750437903360,3812366555105078
2,0,3899,1789633750437914624,3812366555115726
2,0,3900,1789633750437924864,3812366555126364
2,0,3901,1789633750437936128,3812366555136969
2,0,3902,1789633750437946368,3812366555147518
2,0,3903,1789633750437956608,3812366555158153
2,0,3904,1789633750437967872,3812366555168711
2,0,3905,1789633750437978112,3812366555179422
2,0,3906,1789633750437988352,3812366555190036
2,0,3907,1789633750437999616,3812366555200686
2,0,3908,1789633750438009856,3812366555211422
2,0,3909,1789633750438021120,3812366555222076
2,0,3910,1789633750438031360,3812366555232780
2,0,3911,1789633750438042624,3812366555243408
2,0,3912,1789633750438052864,3812366555254016
2,0,3913,1789633750438063104,3812366555264693
2,0,3914,1789633750438074368,3812366555275286
2,0,3915,1789633750438084608,3812366555285868
2,0,3916,1789633750438094848,3812366555296506
2,0,3917,1789633750438106112,3812366555307097
2,0,3918,1789633750438116352,3812366555317758
2,0,3919,1789633750438126592,3812366555328458
2,0,3920,1789633750438137856,3812366555339137
2,0,3921,1789633750438148096,3812366555349816
2,0,3922,1789633750438159360,3812366555360456
2,0,3923,1789633750438169600,3812366555371062
2,0,3924,1789633750438180864,3812366555381700
2,0,3925,1789633750438191104,3812366555392326
2,0,3926,1789633750438201344,3812366555402927
2,0,3927,1789633750438212608,3812366555413566
2,0,3928,1789633750438222848,3812366555424193
2,0,3929,1789633750438233088,3812366555434853
2,0,3930,1789633750438244352,3812366555445518
2,0,3931,1789633750438254592,3812366555456160
2,0,3932,1789633750438265856,3812366555466876
2,0,3933,1789633750438276096,3812366555477462
2,0,3934,1789633750438286336,3812366555488031
2,0,3935,1789633750438297600,3812366555498613
2,0,3936,1789633750438307840,3812366555509240
2,0,3937,1789633750438318080,3812366555519813
2,0,3938,1789633750438329344,3812366555530468
2,0,3939,1789633750438339584,3812366555541106
2,0,3940,1789633750438350848,3812366555551736
2,0,3941,1789633750438361088,3812366555562456
2,0,3942,1789633750438371328,3812366555573099
2,0,3943,1789633750438382592,3812366555583698
2,0,3944,1789633750438392832,3812366555594268
2,0,3945,1789633750438404096,3812366555604928
2,0,3946,1789633750438414336,3812366555615511
2,0,3947,1789633750438424576,3812366555626148
2,0,3948,1789633750438435840,3812366555636806
2,0,3949,1789633750438446080,3812366555647431
2,0,3950,1789633750438456320,3812366555658166
2,0,3951,1789633750438467584,3812366555668799
2,0,3952,1789633750438477824,3812366555679516
2,0,3953,1789633750438489088,3812366555690123
2,0,3954,1789633750438499328,3812366555700726
2,0,3955,1789633750438509568,3812366555711340
2,0,3956,1789633750438520832,3812366555721964
2,0,3957,1789633750438531072,3812366555732586
2,0,3958,1789633750438542336,3812366555743208
2,0,3959,1789633750438552576,3812366555753766
2,0,3960,1789633750438562816,3812366555764426
2,0,3961,1789633750438574080,3812366555775237
2,0,3962,1789633750438584320,3812366555785856
2,0,3963,1789633750438595584,3812366555796560
2,0,3964,1789633750438605824,3812366555807197
2,0,3965,1789633750438616064,3812366555817786
2,0,3966,1789633750438627328,3812366555828400
2,0,3967,1789633750438637568,3812366555839026
2,0,3968,1789633750438648832,3812366555849638
2,0,3969,1789633750438659072,3812366555860278
2,0,3970,1789633750438669312,3812366555870928
2,0,3971,1789633750438680576,3812366555881591
2,0,3972,1789633750438690816,3812366555892318
2,0,3973,1789633750438702080,3812366555902975
2,0,3974,1789633750438712320,3812366555913708
2,0,3975,1789633750438722560,3812366555924388
2,0,3976,1789633750438733824,3812366555935075
2,0,3977,1789633750438744064,3812366555945689
2,0,3978,1789633750438755328,3812366555956298
2,0,3979,1789633750438765568,3812366555966917
2,0,3980,1789633750438775808,3812366555977529
2,0,3981,1789633750438787072,3812366555988116
2,0,3982,1789633750438797312,3812366555998835
2,0,3983,1789633750438808576,3812366556009409
2,0,3984,1789633750438818816,3812366556020033
2,0,3985,1789633750438829056,3812366556030755
2,0,3986,1789633750438840320,3812366556041369
2,0,3987,1789633750438850560,3812366556052126
2,0,3988,1789633750438861824,3812366556062757
2,0,3989,1789633750438872064,3812366556073350
2,0,3990,1789633750438882304,3812366556083936
2,0,3991,1789633750438893568,3812366556094558
2,0,3992,1789633750438903808,3812366556105179
2,0,3993,1789633750438914048,3812366556115829
2,0,3994,1789633750438925312,3812366556126411
2,0,3995,1789633750438935552,3812366556137081
2,0,3996,1789633750438946816,3812366556147711
2,0,3997,1789633750438957056,3812366556158338
2,0,3998,1789633750438967296,3812366556168930
2,0,3999,1789633750438978560,3812366556179529
2,0,4000,1789633750438988800,3812366556190231
2,0,4001,1789633750438999040,3812366556200823
2,0,4002,1789633750439010304,3812366556211466
2,0,4003,1789633750439020544,3812366556222043
2,0,4004,1789633750439031808,3812366556232722
2,0,4005,1789633750439042048,3812366556243406
2,0,4006,1789633750439052288,3812366556254023
2,0,4007,1789633750439063552,3812366556264786
2,0,4008,1789633750439073792,3812366556275378
2,0,4009,1789633750439085056,3812366556285968
2,0,4010,1789633750439095296,3812366556296552
2,0,4011,1789633750439105536,3812366556307229
2,0,4012,1789633750439116800,3812366556317800
2,0,4013,1789633750439127040,3812366556328479
2,0,4014,1789633750439137280,3812366556339046
2,0,4015,1789633750439148544,3812366556349675
2,0,4016,1789633750439158784,3812366556360558
2,0,4017,1789633750439170048,3812366556371122
2,0,4018,1789633750439180288,3812366556381800
2,0,4019,1789633750439191552,3812366556392429
2,0,4020,1789633750439201792,3812366556403030
2,0,4021,1789633750439212032,3812366556413611
2,0,4022,1789633750439223296,3812366556424273
2,0,4023,1789633750439233536,3812366556434895
2,0,4024,1789633750439243776,3812366556445523
2,0,4025,1789633750439255040,3812366556456098
2,0,4026,1789633750439265280,3812366556466777
2,0,4027,1789633750439276544,3812366556477545
2,0,4028,1789633750439286784,3812366556488180
2,0,4029,1789633750439297024,3812366556498967
2,0,4030,1789633750439308288,3812366556509562
2,0,4031,1789633750439318528,3812366556520329
2,0,4032,1789633750439329792,3812366556530971
2,0,4033,1789633750439340032,3812366556541558
2,0,4034,1789633750439351296,3812366556552218
2,0,4035,1789633750439361536,3812366556562859
2,0,4036,1789633750439371776,3812366556573444
2,0,4037,1789633750439383040,3812366556584128
2,0,4038,1789633750439393280,3812366556594769
2,0,4039,1789633750439404544,3812366556605353
2,0,4040,1789633750439414784,3812366556616009
2,0,4041,1789633750439425024,3812366556626625
2,0,4042,1789633750439436288,3812366556637376
2,0,4043,1789633750439446528,3812366556647991
2,0,4044,1789633750439457792,3812366556658609
2,0,4045,1789633750439468032,3812366556669219
2,0,4046,1789633750439478272,3812366556679875
2,0,4047,1789633750439489536,3812366556690558
2,0,4048,1789633750439499776,3812366556701128
2,0,4049,1789633750439510016,3812366556711720
2,0,4050,1789633750439521280,3812366556722329
2,0,4051,1789633750439531520,3812366556733077
2,0,4052,1789633750439542784,3812366556743685
2,0,4053,1789633750439553024,3812366556754518
2,0,4054,1789633750439564288,3812366556765172
2,0,4055,1789633750439574528,3812366556775878
2,0,4056,1789633750439584768,3812366556786521
2,0,4057,1789633750439596032,3812366556797123
2,0,4058,1789633750439606272,3812366556807705
2,0,4059,1789633750439617536,3812366556818336
2,0,4060,1789633750439627776,3812366556828910
2,0,4061,1789633750439638016,3812366556839496
2,0,4062,1789633750439649280,3812366556850128
2,0,4063,1789633750439659520,3812366556860745
2,0,4064,1789633750439669760,3812366556871489
2,0,4065,1789633750439681024,3812366556882120
2,0,4066,1789633750439691264,3812366556892967
2,0,4067,1789633750439702528,3812366556903551
2,0,4068,1789633750439712768,3812366556914190
2,0,4069,1789633750439723008,3812366556924809
2,0,4070,1789633750439734272,3812366556935431
2,0,4071,1789633750439744512,3812366556946050
2,0,4072,1789633750439755776,3812366556956693
2,0,4073,1789633750439766016,3812366556967261
2,0,4074,1789633750439776256,3812366556977911
2,0,4075,1789633750439787520,3812366556988618
2,0,4076,1789633750439797760,3812366556999285
2,0,4077,1789633750439809024,3812366557009986
2,0,4078,1789633750439819264,3812366557020656
2,0,4079,1789633750439829504,3812366557031452
2,0,4080,1789633750439840768,3812366557042040
2,0,4081,1789633750439851008,3812366557052668
2,0,4082,1789633750439862272,3812366557063287
2,0,4083,1789633750439872512,3812366557073875
2,0,4084,1789633750439882752,3812366557084469
2,0,4085,1789633750439894016,3812366557095130
2,0,4086,1789633750439904256,3812366557105736
2,0,4087,1789633750439915520,3812366557116353
2,0,4088,1789633750439925760,3812366557127133
2,0,4089,1789633750439936000,3812366557137698
2,0,4090,1789633750439947264,3812366557148505
2,0,4091,1789633750439957504,3812366557159113
2,0,4092,1789633750439968768,3812366557169700
2,0,4093,1789633750439979008,3812366557180325
2,0,4094,1789633750439989248,3812366557190950
2,0,4095,1789633750440000512,3812366557201518
2,0,4096,1789633750440010752,3812366557212143
2,0,4097,1789633750440020992,3812366557222757
2,0,4098,1789633750440032256,3812366557233418
2,0,4099,1789633750440042496,3812366557244195
2,0,4100,1789633750440053760,3812366557254849
2,0,4101,1789633750440064000,3812366557265548
2,0,4102,1789633750440075264,3812366557276164
2,0,4103,1789633750440085504,3812366557286778
2,0,4104,1789633750440095744,3812366557297353
2,0,4105,1789633750440107008,3812366557307983
2,0,4106,1789633750440117248,3812366557318573
2,0,4107,1789633750440127488,3812366557329210
2,0,4108,1789633750440138752,3812366557339858
2,0,4109,1789633750440148992,3812366557350558
2,0,4110,1789633750440160256,3812366557361245
2,0,4111,1789633750440170496,3812366557371869
2,0,4112,1789633750440180736,3812366557382595
2,0,4113,1789633750440192000,3812366557393239
2,0,4114,1789633750440202240,3812366557404056
2,0,4115,1789633750440213504,3812366557414678
2,0,4116,1789633750440223744,3812366557425290
2,0,4117,1789633750440235008,3812366557435853
2,0,4118,1789633750440245248,3812366557446425
2,0,4119,1789633750440255488,3812366557457081
2,0,4120,1789633750440266752,3812366557467689
2,0,4121,1789633750440276992,3812366557478311
2,0,4122,1789633750440287232,3812366557488997
2,0,4123,1789633750440298496,3812366557499740
2,0,4124,1789633750440308736,3812366557510361
2,0,4125,1789633750440320000,3812366557521119
2,0,4126,1789633750440330240,3812366557531753
2,0,4127,1789633750440341504,3812366557542565
2,0,4128,1789633750440351744,3812366557553225
2,0,4129,1789633750440361984,3812366557563778
2,0,4130,1789633750440373248,3812366557574363
2,0,4131,1789633750440383488,3812366557584988
2,0,4132,1789633750440394752,3812366557595626
2,0,4133,1789633750440404992,3812366557606264
2,0,4134,1789633750440415232,3812366557616870
2,0,4135,1789633750440426496,3812366557627485
2,0,4136,1789633750440436736,3812366557638295
2,0,4137,1789633750440448000,3812366557648866
2,0,4138,1789633750440458240,3812366557659611
2,0,4139,1789633750440468480,3812366557670233
2,0,4140,1789633750440479744,3812366557680848
2,0,4141,1789633750440489984,3812366557691408
2,0,4142,1789633750440500224,3812366557702015
2,0,4143,1789633750440511488,3812366557712631
2,0,4144,1789633750440521728,3812366557723248
2,0,4145,1789633750440532992,3812366557733889
2,0,4146,1789633750440543232,3812366557744545
2,0,4147,1789633750440553472,3812366557755300
2,0,4148,1789633750440564736,3812366557765878
2,0,4149,1789633750440574976,3812366557776680
2,0,4150,1789633750440586240,3812366557787278
2,0,4151,1789633750440596480,3812366557797888
2,0,4152,1789633750440606720,3812366557808474
2,0,4153,1789633750440617984,3812366557819051
2,0,4154,1789633750440628224,3812366557829675
2,0,4155,1789633750440639488,3812366557840328
2,0,4156,1789633750440649728,3812366557850940
2,0,4157,1789633750440659968,3812366557861580
2,0,4158,1789633750440671232,3812366557872358
2,0,4159,1789633750440681472,3812366557882976
2,0,4160,1789633750440692736,3812366557893706
2,0,4161,1789633750440702976,3812366557904399
2,0,4162,1789633750440713216,3812366557915161
2,0,4163,1789633750440724480,3812366557925798
2,0,4164,1789633750440734720,3812366557936402
2,0,4165,1789633750440745984,3812366557947068
2,0,4166,1789633750440756224,3812366557957715
2,0,4167,1789633750440767488,3812366557968337
2,0,4168,1789633750440777728,3812366557978975
2,0,4169,1789633750440787968,3812366557989595
2,0,4170,1789633750440799232,3812366558000233
2,0,4171,1789633750440809472,3812366558010873
2,0,4172,1789633750440819712,3812366558021496
2,0,4173,1789633750440830976,3812366558032236
2,0,4174,1789633750440841216,3812366558042830
2,0,4175,1789633750440852480,3812366558053423
2,0,4176,1789633750440862720,3812366558064056
2,0,4177,1789633750440872960,3812366558074681
2,0,4178,1789633750440884224,3812366558085301
2,0,4179,1789633750440894464,3812366558095920
2,0,4180,1789633750440905728,3812366558106559
2,0,4181,1789633750440915968,3812366558117146
2,0,4182,1789633750440926208,3812366558127918
2,0,4183,1789633750440937472,3812366558138535
2,0,4184,1789633750440947712,3812366558149258
2,0,4185,1789633750440958976,3812366558159868
2,0,4186,1789633750440969216,3812366558170477
2,0,4187,1789633750440979456,3812366558181075
2,0,4188,1789633750440990720,3812366558191708
2,0,4189,1789633750441000960,3812366558202347
2,0,4190,1789633750441011200,3812366558212971
2,0,4191,1789633750441022464,3812366558223568
2,0,4192,1789633750441032704,3812366558234200
2,0,4193,1789633750441043968,3812366558244988
2,0,4194,1789633750441054208,3812366558255576
2,0,4195,1789633750441064448,3812366558266330
2,0,4196,1789633750441075712,3812366558276931
2,0,4197,1789633750441085952,3812366558287558
2,0,4198,1789633750441097216,3812366558298228
2,0,4199,1789633750441107456,3812366558308828
2,0,4200,1789633750441117696,3812366558319448
2,0,4201,1789633750441128960,3812366558330088
2,0,4202,1789633750441139200,3812366558340695
2,0,4203,1789633750441150464,3812366558351323
2,0,4204,1789633750441160704,3812366558362026
2,0,4205,1789633750441170944,3812366558372638
2,0,4206,1789633750441182208,3812366558383376
2,0,4207,1789633750441192448,3812366558393971
2,0,4208,1789633750441203712,3812366558404548
2,0,4209,1789633750441213952,3812366558415176
2,0,4210,1789633750441224192,3812366558425793
2,0,4211,1789633750441235456,3812366558436423
2,0,4212,1789633750441245696,3812366558447040
2,0,4213,1789633750441255936,3812366558457648
2,0,4214,1789633750441267200,3812366558468277
2,0,4215,1789633750441277440,3812366558478960
2,0,4216,1789633750441288704,3812366558489610
2,0,4217,1789633750441298944,3812366558500198
2,0,4218,1789633750441309184,3812366558510733
2,0,4219,1789633750441320448,3812366558521358
2,0,4220,1789633750441330688,3812366558531971
2,0,4221,1789633750441340928,3812366558542598
2,0,4222,1789633750441352192,3812366558553218
2,0,4223,1789633750441362432,3812366558563845
2,0,4224,1789633750441372672,3812366558574545
2,0,4225,1789633750441383936,3812366558585144
2,0,4226,1789633750441394176,3812366558595785
2,0,4227,1789633750441405440,3812366558606370
2,0,4228,1789633750441415680,3812366558616931
2,0,4229,1789633750441425920,3812366558627551
2,0,4230,1789633750441437184,3812366558638145
2,0,4231,1789633750441447424,3812366558648791
2,0,4232,1789633750441457664,3812366558659431
2,0,4233,1789633750441468928,3812366558670170
2,0,4234,1789633750441479168,3812366558680763
2,0,4235,1789633750441490432,3812366558691336
2,0,4236,1789633750441500672,3812366558701917
2,0,4237,1789633750441510912,3812366558712571
2,0,4238,1789633750441522176,3812366558723195
2,0,4239,1789633750441532416,3812366558733875
2,0,4240,1789633750441542656,3812366558744478
2,0,4241,1789633750441553920,3812366558755115
2,0,4242,1789633750441564160,3812366558765835
2,0,4243,1789633750441575424,3812366558776418
2,0,4244,1789633750441585664,3812366558787180
2,0,4245,1789633750441596928,3812366558797807
2,0,4246,1789633750441607168,3812366558808420
2,0,4247,1789633750441617408,3812366558818978
2,0,4248,1789633750441628672,3812366558829646
2,0,4249,1789633750441638912,3812366558840228
2,0,4250,1789633750441649152,3812366558850891
2,0,4251,1789633750441660416,3812366558861527
2,0,4252,1789633750441670656,3812366558872152
2,0,4253,1789633750441681920,3812366558882871
2,0,4254,1789633750441692160,3812366558893525
2,0,4255,1789633750441702400,3812366558904238
2,0,4256,1789633750441713664,3812366558914853
2,0,4257,1789633750441723904,3812366558925735
2,0,4258,1789633750441735168,3812366558936340
2,0,4259,1789633750441745408,3812366558946918
2,0,4260,1789633750441756672,3812366558957542
2,0,4261,1789633750441766912,3812366558968148
2,0,4262,1789633750441777152,3812366558978798
2,0,4263,1789633750441788416,3812366558989410
2,0,4264,1789633750441798656,3812366559000037
2,0,4265,1789633750441808896,3812366559010616
2,0,4266,1789633750441820160,3812366559021398
2,0,4267,1789633750441830400,3812366559032025
2,0,4268,1789633750441841664,3812366559042765
2,0,4269,1789633750441851904,3812366559053371
2,0,4270,1789633750441862144,3812366559063953
2,0,4271,1789633750441873408,3812366559074519
2,0,4272,1789633750441883648,3812366559085140
2,0,4273,1789633750441894912,3812366559095765
2,0,4274,1789633750441905152,3812366559106378
2,0,4275,1789633750441915392,3812366559117001
2,0,4276,1789633750441926656,3812366559127635
2,0,4277,1789633750441936896,3812366559138346
2,0,4278,1789633750441947136,3812366559148953
2,0,4279,1789633750441958400,3812366559159561
2,0,4280,1789633750441968640,3812366559170128
2,0,4281,1789633750441979904,3812366559180768
2,0,4282,1789633750441990144,3812366559191446
2,0,4283,1789633750442000384,3812366559202073
2,0,4284,1789633750442011648,3812366559212736
2,0,4285,1789633750442021888,3812366559223355
2,0,4286,1789633750442033152,3812366559234038
2,0,4287,1789633750442043392,3812366559244656
2,0,4288,1789633750442053632,3812366559255419
2,0,4289,1789633750442064896,3812366559266025
2,0,4290,1789633750442075136,3812366559276631
2,0,4291,1789633750442085376,3812366559287213
2,0,4292,1789633750442096640,3812366559297837
2,0,4293,1789633750442106880,3812366559308451
2,0,4294,1789633750442118144,3812366559319115
2,0,4295,1789633750442128384,3812366559329702
2,0,4296,1789633750442138624,3812366559340285
2,0,4297,1789633750442149888,3812366559351100
2,0,4298,1789633750442160128,3812366559361741
2,0,4299,1789633750442171392,3812366559372456
2,0,4300,1789633750442181632,3812366559383078
2,0,4301,1789633750442191872,3812366559393668
2,0,4302,1789633750442203136,3812366559404228
2,0,4303,1789633750442213376,3812366559414893
2,0,4304,1789633750442224640,3812366559425515
2,0,4305,1789633750442234880,3812366559436151
2,0,4306,1789633750442245120,3812366559446788
2,0,4307,1789633750442256384,3812366559457422
2,0,4308,1789633750442266624,3812366559468150
2,0,4309,1789633750442277888,3812366559478786
2,0,4310,1789633750442288128,3812366559489499
2,0,4311,1789633750442298368,3812366559500088
2,0,4312,1789633750442309632,3812366559510720
2,0,4313,1789633750442319872,3812366559521321
2,0,4314,1789633750442330112,3812366559531938
2,0,4315,1789633750442341376,3812366559542560
2,0,4316,1789633750442351616,3812366559553161
2,0,4317,1789633750442362880,3812366559563797
2,0,4318,1789633750442373120,3812366559574423
2,0,4319,1789633750442383360,3812366559585180
2,0,4320,1789633750442394624,3812366559595775
2,0,4321,1789633750442404864,3812366559606540
2,0,4322,1789633750442416128,3812366559617165
2,0,4323,1789633750442426368,3812366559627767
2,0,4324,1789633750442436608,3812366559638358
2,0,4325,1789633750442447872,3812366559648993
2,0,4326,1789633750442458112,3812366559659599
2,0,4327,1789633750442468352,3812366559670238
2,0,4328,1789633750442479616,3812366559680868
2,0,4329,1789633750442489856,3812366559691502
2,0,4330,1789633750442501120,3812366559702328
2,0,4331,1789633750442511360,3812366559712988
2,0,4332,1789633750442521600,3812366559722688
2,0,4333,1789633750442530816,3812366559732364
2,0,4334,1789633750442541056,3812366559742053
2,0,4335,1789633750442550272,3812366559751733
2,0,4336,1789633750442560512,3812366559761385
2,0,4337,1789633750442569728,3812366559771041
2,0,4338,1789633750442578944,3812366559780691
2,0,4339,1789633750442589184,3812366559790343
2,0,4340,1789633750442598400,3812366559799993
2,0,4341,1789633750442608640,3812366559809648
2,0,4342,1789633750442617856,3812366559819303
2,0,4343,1789633750442628096,3812366559829048
2,0,4344,1789633750442637312,3812366559838763
2,0,4345,1789633750442647552,3812366559848515
2,0,4346,1789633750442656768,3812366559858300
2,0,4347,1789633750442667008,3812366559868048
2,0,4348,1789633750442676224,3812366559877800
2,0,4349,1789633750442686464,3812366559887545
2,0,4350,1789633750442695680,3812366559897318
2,0,4351,1789633750442705920,3812366559907058
2,0,4352,1789633750442715136,3812366559916845
2,0,4353,1789633750442725376,3812366559926571
2,0,4354,1789633750442734592,3812366559936325
2,0,4355,1789633750442744832,3812366559946078
2,0,4356,1789633750442754048,3812366559955856
2,0,4357,1789633750442764288,3812366559965595
2,0,4358,1789633750442773504,3812366559975345
2,0,4359,1789633750442783744,3812366559985093
2,0,4360,1789633750442792960,3812366559994848
2,0,4361,1789633750442803200,3812366560004600
2,0,4362,1789633750442812416,3812366560014371
2,0,4363,1789633750442822656,3812366560024115
2,0,4364,1789633750442832896,3812366560033803
2,0,4365,1789633750442842112,3812366560043640
2,0,4366,1789633750442852352,3812366560053355
2,0,4367,1789633750442861568,3812366560063153
2,0,4368,1789633750442871808,3812366560072878
2,0,4369,1789633750442881024,3812366560082638
2,0,4370,1789633750442891264,3812366560092404
2,0,4371,1789633750442900480,3812366560102158
2,0,4372,1789633750442910720,3812366560111910
2,0,4373,1789633750442919936,3812366560121671
2,0,4374,1789633750442930176,3812366560131405
2,0,4375,1789633750442939392,3812366560141168
2,0,4376,1789633750442949632,3812366560150928
2,0,4377,1789633750442958848,3812366560160685
2,0,4378,1789633750442969088,3812366560170420
2,0,4379,1789633750442978304,3812366560180183
2,0,4380,1789633750442988544,3812366560189940
2,0,4381,1789633750442997760,3812366560199699
2,0,4382,1789633750443008000,3812366560209438
2,0,4383,1789633750443018240,3812366560219198
2,0,4384,1789633750443027456,3812366560228944
2,0,4385,1789633750443037696,3812366560238715
2,0,4386,1789633750443046912,3812366560248473
2,0,4387,1789633750443057152,3812366560258238
2,0,4388,1789633750443066368,3812366560267976
2,0,4389,1789633750443076608,3812366560277720
2,0,4390,1789633750443085824,3812366560287478
2,0,4391,1789633750443096064,3812366560297248
2,0,4392,1789633750443105280,3812366560306968
2,0,4393,1789633750443115520,3812366560316736
2,0,4394,1789633750443124736,3812366560326483
2,0,4395,1789633750443134976,3812366560336253
2,0,4396,1789633750443144192,3812366560346006
2,0,4397,1789633750443154432,3812366560355760
2,0,4398,1789633750443163648,3812366560365523
2,0,4399,1789633750443173888,3812366560375258
2,0,4400,1789633750443183104,3812366560385028
2,0,4401,1789633750443193344,3812366560394758
2,0,4402,1789633750443202560,3812366560404538
2,0,4403,1789633750443212800,3812366560414278
2,0,4404,1789633750443223040,3812366560424020
2,0,4405,1789633750443232256,3812366560433811
2,0,4406,1789633750443242496,3812366560443540
2,0,4407,1789633750443251712,3812366560453288
2,0,4408,1789633750443261952,3812366560463068
2,0,4409,1789633750443271168,3812366560472806
2,0,4410,1789633750443281408,3812366560482568
2,0,4411,1789633750443290624,3812366560492318
2,0,4412,1789633750443300864,3812366560502075
2,0,4413,1789633750443310080,3812366560511811
2,0,4414,1789633750443320320,3812366560521588
2,0,4415,1789633750443329536,3812366560531328
2,0,4416,1789633750443339776,3812366560541098
2,0,4417,1789633750443348992,3812366560550825
2,0,4418,1789633750443359232,3812366560560598
2,0,4419,1789633750443368448,3812366560570357
2,0,4420,1789633750443378688,3812366560580110
2,0,4421,1789633750443387904,3812366560589835
2,0,4422,1789633750443398144,3812366560599608
2,0,4423,1789633750443408384,3812366560609353
2,0,4424,1789633750443417600,3812366560619138
2,0,4425,1789633750443427840,3812366560628866
2,0,4426,1789633750443437056,3812366560638635
2,0,4427,1789633750443447296,3812366560648378
2,0,4428,1789633750443456512,3812366560658068
2,0,4429,1789633750443466752,3812366560667915
2,0,4430,1789633750443475968,3812366560677644
2,0,4431,1789633750443486208,3812366560687393
2,0,4432,1789633750443495424,3812366560697160
2,0,4433,1789633750443505664,3812366560706914
2,0,4434,1789633750443514880,3812366560716667
2,0,4435,1789633750443525120,3812366560726409
2,0,4436,1789633750443534336,3812366560736158
2,0,4437,1789633750443544576,3812366560745936
2,0,4438,1789633750443553792,3812366560755678
2,0,4439,1789633750443564032,3812366560765440
2,0,4440,1789633750443573248,3812366560775186
2,0,4441,1789633750443583488,3812366560784940
2,0,4442,1789633750443593728,3812366560794688
2,0,4443,1789633750443602944,3812366560804479
2,0,4444,1789633750443613184,3812366560814220
2,0,4445,1789633750443622400,3812366560823970
2,0,4446,1789633750443632640,3812366560833718
2,0,4447,1789633750443641856,3812366560843473
2,0,4448,1789633750443652096,3812366560853227
2,0,4449,1789633750443661312,3812366560862973
2,0,4450,1789633750443671552,3812366560872758
2,0,4451,1789633750443680768,3812366560882494
2,0,4452,1789633750443691008,3812366560892331
2,0,4453,1789633750443700224,3812366560901993
2,0,4454,1789633750443710464,3812366560911758
2,0,4455,1789633750443719680,3812366560921500
2,0,4456,1789633750443729920,3812366560931248
2,0,4457,1789633750443739136,3812366560941000
2,0,4458,1789633750443749376,3812366560950768
2,0,4459,1789633750443758592,3812366560960560
2,0,4460,1789633750443768832,3812366560970264
2,0,4461,1789633750443779072,3812366560980025
2,0,4462,1789633750443788288,3812366560989778
2,0,4463,1789633750443798528,3812366560999540
2,0,4464,1789633750443807744,3812366561009278
2,0,4465,1789633750443817984,3812366561019035
2,0,4466,1789633750443827200,3812366561028803
2,0,4467,1789633750443837440,3812366561038547
2,0,4468,1789633750443846656,3812366561048315
2,0,4469,1789633750443856896,3812366561058063
2,0,4470,1789633750443866112,3812366561067818
2,0,4471,1789633750443876352,3812366561077564
2,0,4472,1789633750443885568,3812366561087344
2,0,4473,1789633750443895808,3812366561097063
2,0,4474,1789633750443905024,3812366561106833
2,0,4475,1789633750443915264,3812366561116586
2,0,4476,1789633750443924480,3812366561126341
2,0,4477,1789633750443934720,3812366561136099
2,0,4478,1789633750443943936,3812366561145853
2,0,4479,1789633750443954176,3812366561155606
2,0,4480,1789633750443963392,3812366561165360
2,0,4481,1789633750443973632,3812366561175112
2,0,4482,1789633750443983872,3812366561184877
2,0,4483,1789633750443993088,3812366561194620
2,0,4484,1789633750444003328,3812366561204371
2,0,4485,1789633750444012544,3812366561214120
2,0,4486,1789633750444022784,3812366561223878
2,0,4487,1789633750444032000,3812366561233637
2,0,4488,1789633750444042240,3812366561243395
2,0,4489,1789633750444051456,3812366561253120
2,0,4490,1789633750444061696,3812366561262898
2,0,4491,1789633750444070912,3812366561272651
2,0,4492,1789633750444081152,3812366561282328
2,0,4493,1789633750444090368,3812366561292071
2,0,4494,1789633750444100608,3812366561301816
2,0,4495,1789633750444109824,3812366561311566
2,0,4496,1789633750444120064,3812366561321344
2,0,4497,1789633750444129280,3812366561331075
2,0,4498,1789633750444139520,3812366561340831
2,0,4499,1789633750444148736,3812366561350580
2,0,4500,1789633750444158976,3812366561360328
2,0,4501,1789633750444168192,3812366561370094
2,0,4502,1789633750444178432,3812366561379868
2,0,4503,1789633750444187648,3812366561389604
2,0,4504,1789633750444197888,3812366561399353
2,0,4505,1789633750444208128,3812366561409101
2,0,4506,1789633750444217344,3812366561418883
2,0,4507,1789633750444227584,3812366561428624
2,0,4508,1789633750444236800,3812366561438380
2,0,4509,1789633750444247040,3812366561448118
2,0,4510,1789633750444256256,3812366561457886
2,0,4511,1789633750444266496,3812366561467648
2,0,4512,1789633750444275712,3812366561477385
2,0,4513,1789633750444285952,3812366561487146
2,0,4514,1789633750444295168,3812366561496901
2,0,4515,1789633750444305408,3812366561506640
2,0,4516,1789633750444314624,3812366561516405
2,0,4517,1789633750444324864,3812366561526165
2,0,4518,1789633750444334080,3812366561535907
2,0,4519,1789633750444344320,3812366561545667
2,0,4520,1789633750444353536,3812366561555439
2,0,4521,1789633750444363776,3812366561565166
2,0,4522,1789633750444372992,3812366561574915
2,0,4523,1789633750444383232,3812366561584687
2,0,4524,1789633750444393472,3812366561594556
2,0,4525,1789633750444402688,3812366561604311
2,0,4526,1789633750444412928,3812366561614041
2,0,4527,1789633750444422144,3812366561623788
2,0,4528,1789633750444432384,3812366561633566
2,0,4529,1789633750444441600,3812366561643293
2,0,4530,1789633750444451840,3812366561653077
2,0,4531,1789633750444461056,3812366561662823
2,0,4532,1789633750444471296,3812366561672576
2,0,4533,1789633750444480512,3812366561682315
2,0,4534,1789633750444490752,3812366561692087
2,0,4535,1789633750444499968,3812366561701837
2,0,4536,1789633750444510208,3812366561711586
2,0,4537,1789633750444519424,3812366561721339
2,0,4538,1789633750444529664,3812366561731117
2,0,4539,1789633750444538880,3812366561740856
2,0,4540,1789633750444549120,3812366561750616
2,0,4541,1789633750444559360,3812366561760357
2,0,4542,1789633750444568576,3812366561770123
2,0,4543,1789633750444578816,3812366561779860
2,0,4544,1789633750444588032,3812366561789626
2,0,4545,1789633750444598272,3812366561799377
2,0,4546,1789633750444607488,3812366561809133
2,0,4547,1789633750444617728,3812366561818860
2,0,4548,1789633750444626944,3812366561828641
2,0,4549,1789633750444637184,3812366561838407
2,0,4550,1789633750444646400,3812366561848147
2,0,4551,1789633750444656640,3812366561857920
2,0,4552,1789633750444665856,3812366561867668
2,0,4553,1789633750444676096,3812366561877414
2,0,4554,1789633750444685312,3812366561887164
2,0,4555,1789633750444695552,3812366561896911
2,0,4556,1789633750444704768,3812366561906588
2,0,4557,1789633750444715008,3812366561916339
2,0,4558,1789633750444724224,3812366561926083
2,0,4559,1789633750444734464,3812366561935837
2,0,4560,1789633750444743680,3812366561945583
2,0,4561,1789633750444753920,3812366561955345
2,0,4562,1789633750444763136,3812366561965097
2,0,4563,1789633750444773376,3812366561974853
2,0,4564,1789633750444783616,3812366561984613
2,0,4565,1789633750444792832,3812366561994369
2,0,4566,1789633750444803072,3812366562004125
2,0,4567,1789633750444812288,3812366562013873
2,0,4568,1789633750444822528,3812366562023628
2,0,4569,1789633750444831744,3812366562033386
2,0,4570,1789633750444841984,3812366562043148
2,0,4571,1789633750444851200,3812366562052877
2,0,4572,1789633750444861440,3812366562062639
2,0,4573,1789633750444870656,3812366562072403
2,0,4574,1789633750444880896,3812366562082157
2,0,4575,1789633750444890112,3812366562091897
2,0,4576,1789633750444900352,3812366562101678
2,0,4577,1789633750444909568,3812366562111414
2,0,4578,1789633750444919808,3812366562121157
2,0,4579,1789633750444929024,3812366562130915
2,0,4580,1789633750444939264,3812366562140677
2,0,4581,1789633750444948480,3812366562150419
2,0,4582,1789633750444958720,3812366562160185
2,0,4583,1789633750444967936,3812366562169947
2,0,4584,1789633750444978176,3812366562179684
2,0,4585,1789633750444988416,3812366562189447
2,0,4586,1789633750444997632,3812366562199204
2,0,4587,1789633750445007872,3812366562208954
2,0,4588,1789633750445017088,3812366562218699
2,0,4589,1789633750445027328,3812366562228463
2,0,4590,1789633750445036544,3812366562238209
2,0,4591,1789633750445046784,3812366562247971
2,0,4592,1789633750445056000,3812366562257725
2,0,4593,1789633750445066240,3812366562267469
2,0,4594,1789633750445075456,3812366562277237
2,0,4595,1789633750445085696,3812366562286995
2,0,4596,1789633750445094912,3812366562296737
2,0,4597,1789633750445105152,3812366562306489
2,0,4598,1789633750445114368,3812366562316257
2,0,4599,1789633750445124608,3812366562326001
2,0,4600,1789633750445133824,3812366562335738
2,0,4601,1789633750445144064,3812366562345519
2,0,4602,1789633750445153280,3812366562355263
2,0,4603,1789633750445163520,3812366562365027
2,0,4604,1789633750445173760,3812366562374754
2,0,4605,1789633750445182976,3812366562384543
2,0,4606,1789633750445193216,3812366562394266
2,0,4607,1789633750445202432,3812366562404041
2,0,4608,1789633750445212672,3812366562413807
2,0,4609,1789633750445221888,3812366562423534
2,0,4610,1789633750445232128,3812366562433297
2,0,4611,1789633750445241344,3812366562443037
2,0,4612,1789633750445251584,3812366562452819
2,0,4613,1789633750445260800,3812366562462569
2,0,4614,1789633750445271040,3812366562472299
2,0,4615,1789633750445280256,3812366562482075
2,0,4616,1789633750445290496,3812366562491827
2,0,4617,1789633750445299712,3812366562501579
2,0,4618,1789633750445309952,3812366562511361
2,0,4619,1789633750445319168,3812366562521087
2,0,4620,1789633750445329408,3812366562530834
2,0,4621,1789633750445338624,3812366562540608
2,0,4622,1789633750445348864,3812366562550347
2,0,4623,1789633750445359104,3812366562560097
2,0,4624,1789633750445368320,3812366562569856
2,0,4625,1789633750445378560,3812366562579603
2,0,4626,1789633750445387776,3812366562589377
2,0,4627,1789633750445398016,3812366562599117
2,0,4628,1789633750445407232,3812366562608885
2,0,4629,1789633750445417472,3812366562618619
2,0,4630,1789633750445426688,3812366562628384
2,0,4631,1789633750445436928,3812366562638145
2,0,4632,1789633750445446144,3812366562647887
2,0,4633,1789633750445456384,3812366562657644
2,0,4634,1789633750445465600,3812366562667403
2,0,4635,1789633750445475840,3812366562677147
2,0,4636,1789633750445485056,3812366562686914
2,0,4637,1789633750445495296,3812366562696659
2,0,4638,1789633750445504512,3812366562706416
2,0,4639,1789633750445514752,3812366562716161
2,0,4640,1789633750445523968,3812366562725904
2,0,4641,1789633750445534208,3812366562735684
2,0,4642,1789633750445544448,3812366562745426
2,0,4643,1789633750445553664,3812366562755176
2,0,4644,1789633750445563904,3812366562764944
2,0,4645,1789633750445573120,3812366562774689
2,0,4646,1789633750445583360,3812366562784444
2,0,4647,1789633750445592576,3812366562794224
2,0,4648,1789633750445602816,3812366562803959
2,0,4649,1789633750445612032,3812366562813704
2,0,4650,1789633750445622272,3812366562823474
2,0,4651,1789633750445631488,3812366562833225
2,0,4652,1789633750445641728,3812366562842964
2,0,4653,1789633750445650944,3812366562852724
2,0,4654,1789633750445661184,3812366562862496
2,0,4655,1789633750445670400,3812366562872231
2,0,4656,1789633750445680640,3812366562881984
2,0,4657,1789633750445689856,3812366562891766
2,0,4658,1789633750445700096,3812366562901501
2,0,4659,1789633750445709312,3812366562911257
2,0,4660,1789633750445719552,3812366562921003
2,0,4661,1789633750445728768,3812366562930744
2,0,4662,1789633750445739008,3812366562940559
2,0,4663,1789633750445749248,3812366562950257
2,0,4664,1789633750445758464,3812366562960044
2,0,4665,1789633750445768704,3812366562969776
2,0,4666,1789633750445777920,3812366562979527
2,0,4667,1789633750445788160,3812366562989285
2,0,4668,1789633750445797376,3812366562999039
2,0,4669,1789633750445807616,3812366563008792
2,0,4670,1789633750445816832,3812366563018551
2,0,4671,1789633750445827072,3812366563028301
2,0,4672,1789633750445836288,3812366563038044
2,0,4673,1789633750445846528,3812366563047813
2,0,4674,1789633750445855744,3812366563057561
2,0,4675,1789633750445865984,3812366563067324
2,0,4676,1789633750445875200,3812366563077064
2,0,4677,1789633750445885440,3812366563086814
2,0,4678,1789633750445894656,3812366563096596
2,0,4679,1789633750445904896,3812366563106339
2,0,4680,1789633750445914112,3812366563116094
2,0,4681,1789633750445924352,3812366563125829
2,0,4682,1789633750445934592,3812366563135561
2,0,4683,1789633750445943808,3812366563145337
2,0,4684,1789633750445954048,3812366563155114
2,0,4685,1789633750445963264,3812366563164869
2,0,4686,1789633750445973504,3812366563174617
2,0,4687,1789633750445982720,3812366563184364
2,0,4688,1789633750445992960,3812366563194124
2,0,4689,1789633750446002176,3812366563203884
2,0,4690,1789633750446012416,3812366563213633
2,0,4691,1789633750446021632,3812366563223384
2,0,4692,1789633750446031872,3812366563233149
2,0,4693,1789633750446041088,3812366563242908
2,0,4694,1789633750446051328,3812366563252646
2,0,4695,1789633750446060544,3812366563262399
2,0,4696,1789633750446070784,3812366563272178
2,0,4697,1789633750446080000,3812366563281907
2,0,4698,1789633750446090240,3812366563291671
2,0,4699,1789633750446099456,3812366563301421
2,0,4700,1789633750446109696,3812366563311178
2,0,4701,1789633750446118912,3812366563320917
2,0,4702,1789633750446129152,3812366563330669
2,0,4703,1789633750446139392,3812366563340405
2,0,4704,1789633750446148608,3812366563350184
2,0,4705,1789633750446158848,3812366563359936
2,0,4706,1789633750446168064,3812366563369721
2,0,4707,1789633750446178304,3812366563379454
2,0,4708,1789633750446187520,3812366563389191
2,0,4709,1789633750446197760,3812366563398977
2,0,4710,1789633750446206976,3812366563408717
2,0,4711,1789633750446217216,3812366563418469
2,0,4712,1789633750446226432,3812366563428234
2,0,4713,1789633750446236672,3812366563437987
2,0,4714,1789633750446245888,3812366563447731
2,0,4715,1789633750446256128,3812366563457484
2,0,4716,1789633750446265344,3812366563467243
2,0,4717,1789633750446275584,3812366563476991
2,0,4718,1789633750446284800,3812366563486741
2,0,4719,1789633750446295040,3812366563496500
2,0,4720,1789633750446304256,3812366563506244
2,0,4721,1789633750446314496,3812366563516027
2,0,4722,1789633750446324736,3812366563525757
2,0,4723,1789633750446333952,3812366563535519
2,0,4724,1789633750446344192,3812366563545244
2,0,4725,1789633750446353408,3812366563555026
2,0,4726,1789633750446363648,3812366563564785
2,0,4727,1789633750446372864,3812366563574549
2,0,4728,1789633750446383104,3812366563584284
2,0,4729,1789633750446392320,3812366563594057
2,0,4730,1789633750446402560,3812366563603797
2,0,4731,1789633750446411776,3812366563613569
2,0,4732,1789633750446422016,3812366563623308
2,0,4733,1789633750446431232,3812366563633048
2,0,4734,1789633750446441472,3812366563642813
2,0,4735,1789633750446450688,3812366563652574
2,0,4736,1789633750446460928,3812366563662319
2,0,4737,1789633750446470144,3812366563672079
2,0,4738,1789633750446480384,3812366563681834
2,0,4739,1789633750446489600,3812366563691576
2,0,4740,1789633750446499840,3812366563701344
2,0,4741,1789633750446510080,3812366563711079
2,0,4742,1789633750446519296,3812366563720860
2,0,4743,1789633750446529536,3812366563730594
2,0,4744,1789633750446538752,3812366563740358
2,0,4745,1789633750446548992,3812366563750120
2,0,4746,1789633750446558208,3812366563759852
2,0,4747,1789633750446568448,3812366563769617
2,0,4748,1789633750446577664,3812366563779384
2,0,4749,1789633750446587904,3812366563789126
2,0,4750,1789633750446597120,3812366563798891
2,0,4751,1789633750446607360,3812366563808627
2,0,4752,1789633750446616576,3812366563818404
2,0,4753,1789633750446626816,3812366563828131
2,0,4754,1789633750446636032,3812366563837907
2,0,4755,1789633750446646272,3812366563847651
2,0,4756,1789633750446655488,3812366563857405
2,0,4757,1789633750446665728,3812366563867154
2,0,4758,1789633750446674944,3812366563876907
2,0,4759,1789633750446685184,3812366563886685
2,0,4760,1789633750446694400,3812366563896424
2,0,4761,1789633750446704640,3812366563906169
2,0,4762,1789633750446714880,3812366563915955
2,0,4763,1789633750446724096,3812366563925688
2,0,4764,1789633750446734336,3812366563935431
2,0,4765,1789633750446743552,3812366563945196
2,0,4766,1789633750446753792,3812366563954946
2,0,4767,1789633750446763008,3812366563964687
2,0,4768,1789633750446773248,3812366563974464
2,0,4769,1789633750446782464,3812366563984194
2,0,4770,1789633750446792704,3812366563993961
2,0,4771,1789633750446801920,3812366564003701
2,0,4772,1789633750446812160,3812366564013490
2,0,4773,1789633750446821376,3812366564023229
2,0,4774,1789633750446831616,3812366564032969
2,0,4775,1789633750446840832,3812366564042746
2,0,4776,1789633750446851072,3812366564052477
2,0,4777,1789633750446860288,3812366564062250
2,0,4778,1789633750446870528,3812366564072006
2,0,4779,1789633750446879744,3812366564081749
2,0,4780,1789633750446889984,3812366564091513
2,0,4781,1789633750446900224,3812366564101270
2,0,4782,1789633750446909440,3812366564111011
2,0,4783,1789633750446919680,3812366564120787
2,0,4784,1789633750446928896,3812366564130556
2,0,4785,1789633750446939136,3812366564140284
2,0,4786,1789633750446948352,3812366564150022
2,0,4787,1789633750446958592,3812366564159779
2,0,4788,1789633750446967808,3812366564169537
2,0,4789,1789633750446978048,3812366564179289
2,0,4790,1789633750446987264,3812366564189036
2,0,4791,1789633750446997504,3812366564198823
2,0,4792,1789633750447006720,3812366564208554
2,0,4793,1789633750447016960,3812366564218323
2,0,4794,1789633750447026176,3812366564228096
2,0,4795,1789633750447036416,3812366564237829
2,0,4796,1789633750447045632,3812366564247749
2,0,4797,1789633750447055872,3812366564257519
2,0,4798,1789633750447066112,3812366564267275
2,0,4799,1789633750447075328,3812366564277053
2,0,4800,1789633750447085568,3812366564286829
2,0,4801,1789633750447094784,3812366564296610
2,0,4802,1789633750447105024,3812366564306369
2,0,4803,1789633750447114240,3812366564316116
2,0,4804,1789633750447124480,3812366564325903
2,0,4805,1789633750447133696,3812366564335641
2,0,4806,1789633750447143936,3812366564345439
2,0,4807,1789633750447153152,3812366564355183
2,0,4808,1789633750447163392,3812366564364962
2,0,4809,1789633750447173632,3812366564374739
2,0,4810,1789633750447182848,3812366564384486
2,0,4811,1789633750447193088,3812366564394272
2,0,4812,1789633750447202304,3812366564404012
2,0,4813,1789633750447212544,3812366564413687
2,0,4814,1789633750447221760,3812366564423346
2,0,4815,1789633750447232000,3812366564432999
2,0,4816,1789633750447241216,3812366564442757
2,0,4817,1789633750447251456,3812366564452502
2,0,4818,1789633750447260672,3812366564462324
2,0,4819,1789633750447270912,3812366564472033
2,0,4820,1789633750447280128,3812366564481776
2,0,4821,1789633750447290368,3812366564491524
2,0,4822,1789633750447299584,3812366564501264
2,0,4823,1789633750447309824,3812366564511043
2,0,4824,1789633750447319040,3812366564520781
2,0,4825,1789633750447329280,3812366564530548
2,0,4826,1789633750447338496,3812366564540309
2,0,4827,1789633750447348736,3812366564550056
2,0,4828,1789633750447357952,3812366564559811
2,0,4829,1789633750447368192,3812366564569531
2,0,4830,1789633750447377408,3812366564579317
2,0,4831,1789633750447387648,3812366564589061
2,0,4832,1789633750447396864,3812366564598814
2,0,4833,1789633750447407104,3812366564608596
2,0,4834,1789633750447416320,3812366564618324
2,0,4835,1789633750447426560,3812366564628061
2,0,4836,1789633750447436800,3812366564637837
2,0,4837,1789633750447446016,3812366564647597
2,0,4838,1789633750447456256,3812366564657334
2,0,4839,1789633750447465472,3812366564667089
2,0,4840,1789633750447475712,3812366564676877
2,0,4841,1789633750447484928,3812366564686623
2,0,4842,1789633750447495168,3812366564696368
2,0,4843,1789633750447504384,3812366564706125
2,0,4844,1789633750447514624,3812366564715871
2,0,4845,1789633750447523840,3812366564725613
2,0,4846,1789633750447534080,3812366564735393
2,0,4847,1789633750447543296,3812366564745118
2,0,4848,1789633750447553536,3812366564754891
2,0,4849,1789633750447562752,3812366564764626
2,0,4850,1789633750447572992,3812366564774409
2,0,4851,1789633750447582208,3812366564784157
2,0,4852,1789633750447592448,3812366564793897
2,0,4853,1789633750447601664,3812366564803651
2,0,4854,1789633750447611904,3812366564813427
2,0,4855,1789633750447621120,3812366564823163
2,0,4856,1789633750447631360,3812366564832925
2,0,4857,1789633750447641600,3812366564842683
2,0,4858,1789633750447650816,3812366564852433
2,0,4859,1789633750447661056,3812366564862167
2,0,4860,1789633750447670272,3812366564871936
2,0,4861,1789633750447680512,3812366564881683
2,0,4862,1789633750447689728,3812366564891451
2,0,4863,1789633750447699968,3812366564901197
2,0,4864,1789633750447709184,3812366564910957
2,0,4865,1789633750447719424,3812366564920713
2,0,4866,1789633750447728640,3812366564930449
2,0,4867,1789633750447738880,3812366564940211
2,0,4868,1789633750447748096,3812366564949957
2,0,4869,1789633750447758336,3812366564959733
2,0,4870,1789633750447767552,3812366564969473
2,0,4871,1789633750447777792,3812366564979230
2,0,4872,1789633750447787008,3812366564988987
2,0,4873,1789633750447797248,3812366564998744
2,0,4874,1789633750447806464,3812366565008474
2,0,4875,1789633750447816704,3812366565018270
2,0,4876,1789633750447826944,3812366565027917
2,0,4877,1789633750447836160,3812366565037657
2,0,4878,1789633750447845376,3812366565047429
2,0,4879,1789633750447855616,3812366565057173
2,0,4880,1789633750447865856,3812366565066928
2,0,4881,1789633750447875072,3812366565076671
2,0,4882,1789633750447885312,3812366565086444
2,0,4883,1789633750447894528,3812366565096184
2,0,4884,1789633750447904768,3812366565105947
2,0,4885,1789633750447913984,3812366565115651
2,0,4886,1789633750447924224,3812366565125466
2,0,4887,1789633750447933440,3812366565135199
2,0,4888,1789633750447943680,3812366565144961
2,0,4889,1789633750447952896,3812366565154707
2,0,4890,1789633750447963136,3812366565164477
2,0,4891,1789633750447972352,3812366565174219
2,0,4892,1789633750447982592,3812366565183961
2,0,4893,1789633750447991808,3812366565193732
2,0,4894,1789633750448002048,3812366565203473
2,0,4895,1789633750448011264,3812366565213238
2,0,4896,1789633750448021504,3812366565222989
2,0,4897,1789633750448030720,3812366565232741
2,0,4898,1789633750448040960,3812366565242490
2,0,4899,1789633750448051200,3812366565252243
2,0,4900,1789633750448060416,3812366565262017
2,0,4901,1789633750448070656,3812366565271757
2,0,4902,1789633750448079872,3812366565281511
2,0,4903,1789633750448090112,3812366565291274
2,0,4904,1789633750448099328,3812366565301027
2,0,4905,1789633750448109568,3812366565310773
2,0,4906,1789633750448118784,3812366565320557
2,0,4907,1789633750448129024,3812366565330293
2,0,4908,1789633750448138240,3812366565340033
2,0,4909,1789633750448148480,3812366565349795
2,0,4910,1789633750448157696,3812366565359548
2,0,4911,1789633750448167936,3812366565369296
2,0,4912,1789633750448177152,3812366565379044
2,0,4913,1789633750448187392,3812366565388826
2,0,4914,1789633750448196608,3812366565398583
2,0,4915,1789633750448206848,3812366565408319
2,0,4916,1789633750448216064,3812366565418059
2,0,4917,1789633750448226304,3812366565427836
2,0,4918,1789633750448236544,3812366565437574
2,0,4919,1789633750448245760,3812366565447343
2,0,4920,1789633750448256000,3812366565457079
2,0,4921,1789633750448265216,3812366565466841
2,0,4922,1789633750448275456,3812366565476593
2,0,4923,1789633750448284672,3812366565486341
2,0,4924,1789633750448294912,3812366565496124
2,0,4925,1789633750448304128,3812366565505861
2,0,4926,1789633750448314368,3812366565515610
2,0,4927,1789633750448323584,3812366565525356
2,0,4928,1789633750448333824,3812366565535131
2,0,4929,1789633750448343040,3812366565544880
2,0,4930,1789633750448353280,3812366565554629
2,0,4931,1789633750448362496,3812366565564476
2,0,4932,1789633750448372736,3812366565574223
2,0,4933,1789633750448381952,3812366565584000
2,0,4934,1789633750448392192,3812366565593746
2,0,4935,1789633750448402432,3812366565603513
2,0,4936,1789633750448411648,3812366565613266
2,0,4937,1789633750448421888,3812366565623019
2,0,4938,1789633750448431104,3812366565632761
2,0,4939,1789633750448441344,3812366565642526
2,0,4940,1789633750448450560,3812366565652186
2,0,4941,1789633750448460800,3812366565662029
2,0,4942,1789633750448470016,3812366565671766
2,0,4943,1789633750448480256,3812366565681536
2,0,4944,1789633750448489472,3812366565691285
2,0,4945,1789633750448499712,3812366565701049
2,0,4946,1789633750448508928,3812366565710831
2,0,4947,1789633750448519168,3812366565720619
2,0,4948,1789633750448528384,3812366565730394
2,0,4949,1789633750448538624,3812366565740146
2,0,4950,1789633750448548864,3812366565749921
2,0,4951,1789633750448558080,3812366565759693
2,0,4952,1789633750448568320,3812366565769466
2,0,4953,1789633750448577536,3812366565779206
2,0,4954,1789633750448587776,3812366565788996
2,0,4955,1789633750448596992,3812366565798763
2,0,4956,1789633750448607232,3812366565808533
2,0,4957,1789633750448616448,3812366565818314
2,0,4958,1789633750448626688,3812366565828059
2,0,4959,1789633750448635904,3812366565837836
2,0,4960,1789633750448646144,3812366565847603
2,0,4961,1789633750448655360,3812366565857366
2,0,4962,1789633750448665600,3812366565867126
2,0,4963,1789633750448674816,3812366565876899
2,0,4964,1789633750448685056,3812366565886646
2,0,4965,1789633750448695296,3812366565896429
2,0,4966,1789633750448704512,3812366565906181
2,0,4967,1789633750448714752,3812366565915963
2,0,4968,1789633750448723968,3812366565925736
2,0,4969,1789633750448734208,3812366565935493
2,0,4970,1789633750448743424,3812366565945269
2,0,4971,1789633750448753664,3812366565955039
2,0,4972,1789633750448762880,3812366565964779
2,0,4973,1789633750448773120,3812366565974551
2,0,4974,1789633750448782336,3812366565984328
2,0,4975,1789633750448792576,3812366565994121
2,0,4976,1789633750448802816,3812366566003889
2,0,4977,1789633750448812032,3812366566013643
2,0,4978,1789633750448822272,3812366566023414
2,0,4979,1789633750448831488,3812366566033182
2,0,4980,1789633750448841728,3812366566042963
2,0,4981,1789633750448850944,3812366566052719
2,0,4982,1789633750448861184,3812366566062511
2,0,4983,1789633750448870400,3812366566072266
2,0,4984,1789633750448880640,3812366566082029
2,0,4985,1789633750448889856,3812366566091811
2,0,4986,1789633750448900096,3812366566101563
2,0,4987,1789633750448909312,3812366566111358
2,0,4988,1789633750448919552,3812366566121111
2,0,4989,1789633750448929792,3812366566130766
2,0,4990,1789633750448939008,3812366566140416
2,0,4991,1789633750448948224,3812366566150074
2,0,4992,1789633750448958464,3812366566159739
2,0,4993,1789633750448967680,3812366566169399
2,0,4994,1789633750448977920,3812366566179046
2,0,4995,1789633750448987136,3812366566188756
2,0,4996,1789633750448997376,3812366566198504
2,0,4997,1789633750449006592,3812366566208264
2,0,4998,1789633750449016832,3812366566217999
2,0,4999,1789633750449026048,3812366566227771
2,0,5000,1789633750449036288,3812366566237519
2,0,5001,1789633750449045504,3812366566247278
2,0,5002,1789633750449055744,3812366566257034
2,0,5003,1789633750449064960,3812366566266776
2,0,5004,1789633750449075200,3812366566276472
2,0,5005,1789633750449084416,3812366566286310
2,0,5006,1789633750449094656,3812366566296041
2,0,5007,1789633750449103872,3812366566305807
2,0,5008,1789633750449114112,3812366566315549
2,0,5009,1789633750449123328,3812366566325316
2,0,5010,1789633750449133568,3812366566335061
2,0,5011,1789633750449142784,3812366566344806
2,0,5012,1789633750449153024,3812366566354553
2,0,5013,1789633750449162240,3812366566364331
2,0,5014,1789633750449172480,3812366566374066
2,0,5015,1789633750449182720,3812366566383816
2,0,5016,1789633750449191936,3812366566393594
2,0,5017,1789633750449202176,3812366566403333
2,0,5018,1789633750449211392,3812366566413081
2,0,5019,1789633750449221632,3812366566422846
2,0,5020,1789633750449230848,3812366566432593
2,0,5021,1789633750449241088,3812366566442343
2,0,5022,1789633750449250304,3812366566452116
2,0,5023,1789633750449260544,3812366566461874
2,0,5024,1789633750449269760,3812366566471616
2,0,5025,1789633750449280000,3812366566481353
2,0,5026,1789633750449289216,3812366566491124
2,0,5027,1789633750449299456,3812366566500876
2,0,5028,1789633750449308672,3812366566510626
2,0,5029,1789633750449318912,3812366566520374
2,0,5030,1789633750449328128,3812366566530156
2,0,5031,1789633750449338368,3812366566539896
2,0,5032,1789633750449347584,3812366566549655
2,0,5033,1789633750449357824,3812366566559399
2,0,5034,1789633750449368064,3812366566569171
2,0,5035,1789633750449377280,3812366566578906
2,0,5036,1789633750449387520,3812366566588653
2,0,5037,1789633750449396736,3812366566598426
2,0,5038,1789633750449406976,3812366566608176
2,0,5039,1789633750449416192,3812366566617926
2,0,5040,1789633750449426432,3812366566627674
2,0,5041,1789633750449435648,3812366566637429
2,0,5042,1789633750449445888,3812366566647191
2,0,5043,1789633750449455104,3812366566656936
2,0,5044,1789633750449465344,3812366566666719
2,0,5045,1789633750449474560,3812366566676456
2,0,5046,1789633750449484800,3812366566686211
2,0,5047,1789633750449494016,3812366566695956
2,0,5048,1789633750449504256,3812366566705709
2,0,5049,1789633750449513472,3812366566715459
2,0,5050,1789633750449523712,3812366566725226
2,0,5051,1789633750449532928,3812366566734989
2,0,5052,1789633750449543168,3812366566744733
2,0,5053,1789633750449553408,3812366566754489
2,0,5054,1789633750449562624,3812366566764236
2,0,5055,1789633750449572864,3812366566774004
2,0,5056,1789633750449582080,3812366566783736
2,0,5057,1789633750449592320,3812366566793511
2,0,5058,1789633750449601536,3812366566803243
2,0,5059,1789633750449611776,3812366566813019
2,0,5060,1789633750449620992,3812366566822753
2,0,5061,1789633750449631232,3812366566832526
2,0,5062,1789633750449640448,3812366566842311
2,0,5063,1789633750449650688,3812366566852036
2,0,5064,1789633750449659904,3812366566861773
2,0,5065,1789633750449670144,3812366566871556
2,0,5066,1789633750449679360,3812366566881289
2,0,5067,1789633750449689600,3812366566891056
2,0,5068,1789633750449698816,3812366566900723
2,0,5069,1789633750449709056,3812366566910579
2,0,5070,1789633750449718272,3812366566920306
2,0,5071,1789633750449728512,3812366566930081
2,0,5072,1789633750449738752,3812366566939803
2,0,5073,1789633750449747968,3812366566949581
2,0,5074,1789633750449758208,3812366566959326
2,0,5075,1789633750449767424,3812366566969079
2,0,5076,1789633750449777664,3812366566978826
2,0,5077,1789633750449786880,3812366566988581
2,0,5078,1789633750449797120,3812366566998333
2,0,5079,1789633750449806336,3812366567008111
2,0,5080,1789633750449816576,3812366567017854
2,0,5081,1789633750449825792,3812366567027616
2,0,5082,1789633750449836032,3812366567037363
2,0,5083,1789633750449845248,3812366567047116
2,0,5084,1789633750449855488,3812366567056853
2,0,5085,1789633750449864704,3812366567066623
2,0,5086,1789633750449874944,3812366567076356
2,0,5087,1789633750449884160,3812366567086139
2,0,5088,1789633750449894400,3812366567095874
2,0,5089,1789633750449903616,3812366567105638
2,0,5090,1789633750449913856,3812366567115396
2,0,5091,1789633750449923072,3812366567125134
2,0,5092,1789633750449933312,3812366567134909
2,0,5093,1789633750449943552,3812366567144666
2,0,5094,1789633750449952768,3812366567154416
2,0,5095,1789633750449963008,3812366567164163
2,0,5096,1789633750449972224,3812366567173928
2,0,5097,1789633750449982464,3812366567183696
2,0,5098,1789633750449991680,3812366567193436
2,0,5099,1789633750450001920,3812366567203179
2,0,5100,1789633750450011136,3812366567212946
2,0,5101,1789633750450021376,3812366567222686
2,0,5102,1789633750450030592,3812366567232441
2,0,5103,1789633750450040832,3812366567242187
2,0,5104,1789633750450050048,3812366567251961
2,0,5105,1789633750450060288,3812366567261699
2,0,5106,1789633750450069504,3812366567271466
2,0,5107,1789633750450079744,3812366567281206
2,0,5108,1789633750450088960,3812366567290983
2,0,5109,1789633750450099200,3812366567300716
2,0,5110,1789633750450108416,3812366567310556
2,0,5111,1789633750450118656,3812366567320236
2,0,5112,1789633750450128896,3812366567329979
2,0,5113,1789633750450138112,3812366567339723
2,0,5114,1789633750450148352,3812366567349476
2,0,5115,1789633750450157568,3812366567359240
2,0,5116,1789633750450167808,3812366567369013
2,0,5117,1789633750450177024,3812366567378753
2,0,5118,1789633750450187264,3812366567388506
2,0,5119,1789633750450196480,3812366567398253
2,0,5120,1789633750450206720,3812366567408008
2,0,5121,1789633750450215936,3812366567417766
2,0,5122,1789633750450226176,3812366567427526
2,0,5123,1789633750450235392,3812366567437266
2,0,5124,1789633750450245632,3812366567447024
2,0,5125,1789633750450254848,3812366567456803
2,0,5126,1789633750450265088,3812366567466544
2,0,5127,1789633750450274304,3812366567476304
2,0,5128,1789633750450284544,3812366567486053
2,0,5129,1789633750450293760,3812366567495803
2,0,5130,1789633750450304000,3812366567505546
2,0,5131,1789633750450313216,3812366567515333
2,0,5132,1789633750450323456,3812366567524986
2,0,5133,1789633750450332672,3812366567534726
2,0,5134,1789633750450342912,3812366567544471
2,0,5135,1789633750450353152,3812366567554233
2,0,5136,1789633750450362368,3812366567563976
2,0,5137,1789633750450372608,3812366567573734
2,0,5138,1789633750450381824,3812366567583511
2,0,5139,1789633750450392064,3812366567593248
2,0,5140,1789633750450401280,3812366567602993
2,0,5141,1789633750450411520,3812366567612754
2,0,5142,1789633750450420736,3812366567622517
2,0,5143,1789633750450430976,3812366567632256
2,0,5144,1789633750450440192,3812366567642006
2,0,5145,1789633750450450432,3812366567651789
2,0,5146,1789633750450459648,3812366567661533
2,0,5147,1789633750450469888,3812366567671286
2,0,5148,1789633750450479104,3812366567681039
2,0,5149,1789633750450489344,3812366567690809
2,0,5150,1789633750450498560,3812366567700543
2,0,5151,1789633750450508800,3812366567710295
2,0,5152,1789633750450518016,3812366567720069
2,0,5153,1789633750450528256,3812366567729813
2,0,5154,1789633750450537472,3812366567739556
2,0,5155,1789633750450547712,3812366567749306
2,0,5156,1789633750450557952,3812366567759076
2,0,5157,1789633750450567168,3812366567768816
2,0,5158,1789633750450577408,3812366567778571
2,0,5159,1789633750450586624,3812366567788356
2,0,5160,1789633750450596864,3812366567798093
2,0,5161,1789633750450606080,3812366567807839
2,0,5162,1789633750450616320,3812366567817586
2,0,5163,1789633750450625536,3812366567827366
2,0,5164,1789633750450635776,3812366567837102
2,0,5165,1789633750450644992,3812366567846843
2,0,5166,1789633750450655232,3812366567856609
2,0,5167,1789633750450664448,3812366567866346
2,0,5168,1789633750450674688,3812366567876129
2,0,5169,1789633750450683904,3812366567885879
2,0,5170,1789633750450694144,3812366567895624
2,0,5171,1789633750450703360,3812366567905366
2,0,5172,1789633750450713600,3812366567915131
2,0,5173,1789633750450722816,3812366567924895
2,0,5174,1789633750450733056,3812366567934646
2,0,5175,1789633750450743296,3812366567944496
2,0,5176,1789633750450752512,3812366567954254
2,0,5177,1789633750450762752,3812366567963999
2,0,5178,1789633750450771968,3812366567973761
2,0,5179,1789633750450782208,3812366567983526
2,0,5180,1789633750450791424,3812366567993259
2,0,5181,1789633750450801664,3812366568003027
2,0,5182,1789633750450810880,3812366568012766
2,0,5183,1789633750450821120,3812366568022519
2,0,5184,1789633750450830336,3812366568032324
2,0,5185,1789633750450840576,3812366568042051
2,0,5186,1789633750450849792,3812366568051776
2,0,5187,1789633750450860032,3812366568061539
2,0,5188,1789633750450869248,3812366568071269
2,0,5189,1789633750450879488,3812366568081061
2,0,5190,1789633750450888704,3812366568090809
2,0,5191,1789633750450898944,3812366568100556
2,0,5192,1789633750450909184,3812366568110321
2,0,5193,1789633750450918400,3812366568120061
2,0,5194,1789633750450928640,3812366568129806
2,0,5195,1789633750450937856,3812366568139586
2,0,5196,1789633750450948096,3812366568149256
2,0,5197,1789633750450957312,3812366568159116
2,0,5198,1789633750450967552,3812366568168811
2,0,5199,1789633750450976768,3812366568178599
2,0,5200,1789633750450987008,3812366568188343
2,0,5201,1789633750450996224,3812366568198091
2,0,5202,1789633750451006464,3812366568207846
2,0,5203,1789633750451015680,3812366568217616
2,0,5204,1789633750451025920,3812366568227366
2,0,5205,1789633750451035136,3812366568237124
2,0,5206,1789633750451045376,3812366568246886
2,0,5207,1789633750451054592,3812366568256613
2,0,5208,1789633750451064832,3812366568266386
2,0,5209,1789633750451074048,3812366568276116
2,0,5210,1789633750451084288,3812366568285899
2,0,5211,1789633750451094528,3812366568295632
2,0,5212,1789633750451103744,3812366568305396
2,0,5213,1789633750451113984,3812366568315146
2,0,5214,1789633750451123200,3812366568324896
2,0,5215,1789633750451133440,3812366568334653
2,0,5216,1789633750451142656,3812366568344436
2,0,5217,1789633750451152896,3812366568354176
2,0,5218,1789633750451162112,3812366568363929
2,0,5219,1789633750451172352,3812366568373674
2,0,5220,1789633750451181568,3812366568383443
2,0,5221,1789633750451191808,3812366568393183
2,0,5222,1789633750451201024,3812366568402943
2,0,5223,1789633750451211264,3812366568412676
2,0,5224,1789633750451220480,3812366568422461
2,0,5225,1789633750451230720,3812366568432191
2,0,5226,1789633750451239936,3812366568441984
2,0,5227,1789633750451250176,3812366568451714
2,0,5228,1789633750451259392,3812366568461476
2,0,5229,1789633750451269632,3812366568471213
2,0,5230,1789633750451279872,3812366568480989
2,0,5231,1789633750451289088,3812366568490739
2,0,5232,1789633750451299328,3812366568500556
2,0,5233,1789633750451308544,3812366568510241
2,0,5234,1789633750451318784,3812366568520003
2,0,5235,1789633750451328000,3812366568529733
2,0,5236,1789633750451338240,3812366568539506
2,0,5237,1789633750451347456,3812366568549236
2,0,5238,1789633750451357696,3812366568559013
2,0,5239,1789633750451366912,3812366568568751
2,0,5240,1789633750451377152,3812366568578519
2,0,5241,1789633750451386368,3812366568588276
2,0,5242,1789633750451396608,3812366568598029
2,0,5243,1789633750451405824,3812366568607789
2,0,5244,1789633750451416064,3812366568617516
2,0,5245,1789633750451425280,3812366568627291
2,0,5246,1789633750451435520,3812366568637033
2,0,5247,1789633750451444736,3812366568646789
2,0,5248,1789633750451454976,3812366568656549
2,0,5249,1789633750451464192,3812366568666306
2,0,5250,1789633750451474432,3812366568676049
2,0,5251,1789633750451484672,3812366568685819
2,0,5252,1789633750451493888,3812366568695563
2,0,5253,1789633750451504128,3812366568705326
2,0,5254,1789633750451513344,3812366568715066
2,0,5255,1789633750451523584,3812366568724853
2,0,5256,1789633750451532800,3812366568734579
2,0,5257,1789633750451543040,3812366568744332
2,0,5258,1789633750451552256,3812366568754081
2,0,5259,1789633750451562496,3812366568763845
2,0,5260,1789633750451571712,3812366568773509
2,0,5261,1789633750451581952,3812366568783266
2,0,5262,1789633750451591168,3812366568793016
2,0,5263,1789633750451601408,3812366568802766
2,0,5264,1789633750451610624,3812366568812515
2,0,5265,1789633750451620864,3812366568822281
2,0,5266,1789633750451630080,3812366568832023
2,0,5267,1789633750451640320,3812366568841781
2,0,5268,1789633750451649536,3812366568851543
2,0,5269,1789633750451659776,3812366568861283
2,0,5270,1789633750451668992,3812366568871046
2,0,5271,1789633750451679232,3812366568880806
2,0,5272,1789633750451688448,3812366568890539
2,0,5273,1789633750451698688,3812366568900294
2,0,5274,1789633750451708928,3812366568910056
2,0,5275,1789633750451718144,3812366568919829
2,0,5276,1789633750451728384,3812366568929564
2,0,5277,1789633750451737600,3812366568939319
2,0,5278,1789633750451747840,3812366568949066
2,0,5279,1789633750451757056,3812366568958853
2,0,5280,1789633750451767296,3812366568968584
2,0,5281,1789633750451776512,3812366568978343
2,0,5282,1789633750451786752,3812366568988116
2,0,5283,1789633750451795968,3812366568997856
2,0,5284,1789633750451806208,3812366569007599
2,0,5285,1789633750451815424,3812366569017366
2,0,5286,1789633750451825664,3812366569027121
2,0,5287,1789633750451834880,3812366569036876
2,0,5288,1789633750451845120,3812366569046619
2,0,5289,1789633750451854336,3812366569056389
2,0,5290,1789633750451864576,3812366569066131
2,0,5291,1789633750451873792,3812366569075884
2,0,5292,1789633750451884032,3812366569085634
2,0,5293,1789633750451894272,3812366569095396
2,0,5294,1789633750451903488,3812366569105136
2,0,5295,1789633750451913728,3812366569114886
2,0,5296,1789633750451922944,3812366569124669
2,0,5297,1789633750451933184,3812366569134506
2,0,5298,1789633750451942400,3812366569144266
2,0,5299,1789633750451952640,3812366569154004
2,0,5300,1789633750451961856,3812366569163759
2,0,5301,1789633750451972096,3812366569173530
2,0,5302,1789633750451981312,3812366569183273
2,0,5303,1789633750451991552,3812366569193019
2,0,5304,1789633750452000768,3812366569202793
2,0,5305,1789633750452011008,3812366569212536
2,0,5306,1789633750452020224,3812366569222319
2,0,5307,1789633750452030464,3812366569232043
2,0,5308,1789633750452039680,3812366569241804
2,0,5309,1789633750452049920,3812366569251551
2,0,5310,1789633750452060160,3812366569261315
2,0,5311,1789633750452069376,3812366569271073
2,0,5312,1789633750452079616,3812366569280819
2,0,5313,1789633750452088832,3812366569290581
2,0,5314,1789633750452099072,3812366569300314
2,0,5315,1789633750452108288,3812366569310092
2,0,5316,1789633750452118528,3812366569319826
2,0,5317,1789633750452127744,3812366569329595
2,0,5318,1789633750452137984,3812366569339343
2,0,5319,1789633750452147200,3812366569349106
2,0,5320,1789633750452157440,3812366569358842
2,0,5321,1789633750452166656,3812366569368609
2,0,5322,1789633750452176896,3812366569378359
2,0,5323,1789633750452186112,3812366569388125
2,0,5324,1789633750452196352,3812366569397793
2,0,5325,1789633750452205568,3812366569407636
2,0,5326,1789633750452215808,3812366569417369
2,0,5327,1789633750452225024,3812366569427113
2,0,5328,1789633750452235264,3812366569436865
2,0,5329,1789633750452245504,3812366569446652
2,0,5330,1789633750452254720,3812366569456386
2,0,5331,1789633750452264960,3812366569466133
2,0,5332,1789633750452274176,3812366569475911
2,0,5333,1789633750452284416,3812366569485651
2,0,5334,1789633750452293632,3812366569495399
2,0,5335,1789633750452303872,3812366569505139
2,0,5336,1789633750452313088,3812366569514926
2,0,5337,1789633750452323328,3812366569524666
2,0,5338,1789633750452332544,3812366569534435
2,0,5339,1789633750452342784,3812366569544164
2,0,5340,1789633750452352000,3812366569553941
2,0,5341,1789633750452362240,3812366569563676
2,0,5342,1789633750452371456,3812366569573444
2,0,5343,1789633750452381696,3812366569583203
2,0,5344,1789633750452390912,3812366569592951
2,0,5345,1789633750452401152,3812366569602695
2,0,5346,1789633750452410368,3812366569614064
2,0,5347,1789633750452420608,3812366569622204
2,0,5348,1789633750452430848,3812366569631956
2,0,5349,1789633750452440064,3812366569641716
2,0,5350,1789633750452450304,3812366569651499
2,0,5351,1789633750452459520,3812366569661219
2,0,5352,1789633750452469760,3812366569670981
2,0,5353,1789633750452478976,3812366569680779
2,0,5354,1789633750452489216,3812366569690559
2,0,5355,1789633750452498432,3812366569700229
2,0,5356,1789633750452508672,3812366569709971
2,0,5357,1789633750452517888,3812366569719753
2,0,5358,1789633750452528128,3812366569729509
2,0,5359,1789633750452537344,3812366569739261
2,0,5360,1789633750452547584,3812366569749019
2,0,5361,1789633750452556800,3812366569758763
2,0,5362,1789633750452567040,3812366569768534
2,0,5363,1789633750452576256,3812366569778285
2,0,5364,1789633750452586496,3812366569788041
2,0,5365,1789633750452595712,3812366569797771
2,0,5366,1789633750452605952,3812366569807541
2,0,5367,1789633750452615168,3812366569817279
2,0,5368,1789633750452625408,3812366569827045
2,0,5369,1789633750452635648,3812366569836795
2,0,5370,1789633750452644864,3812366569846559
2,0,5371,1789633750452655104,3812366569856323
2,0,5372,1789633750452664320,3812366569866056
2,0,5373,1789633750452674560,3812366569875823
2,0,5374,1789633750452683776,3812366569885564
2,0,5375,1789633750452694016,3812366569895332
2,0,5376,1789633750452703232,3812366569905076
2,0,5377,1789633750452713472,3812366569914816
2,0,5378,1789633750452722688,3812366569924594
2,0,5379,1789633750452732928,3812366569934353
2,0,5380,1789633750452742144,3812366569944085
2,0,5381,1789633750452752384,3812366569953864
2,0,5382,1789633750452761600,3812366569963599
2,0,5383,1789633750452771840,3812366569973369
2,0,5384,1789633750452781056,3812366569983107
2,0,5385,1789633750452791296,3812366569992884
2,0,5386,1789633750452800512,3812366570002616
2,0,5387,1789633750452810752,3812366570012385
2,0,5388,1789633750452820992,3812366570022039
2,0,5389,1789633750452830208,3812366570031786
2,0,5390,1789633750452839424,3812366570041546
2,0,5391,1789633750452849664,3812366570051309
2,0,5392,1789633750452859904,3812366570061041
2,0,5393,1789633750452869120,3812366570070811
2,0,5394,1789633750452879360,3812366570080556
2,0,5395,1789633750452888576,3812366570090333
2,0,5396,1789633750452898816,3812366570100063
2,0,5397,1789633750452908032,3812366570109825
2,0,5398,1789633750452918272,3812366570119556
2,0,5399,1789633750452927488,3812366570129335
2,0,5400,1789633750452937728,3812366570139073
2,0,5401,1789633750452946944,3812366570148843
2,0,5402,1789633750452957184,3812366570158595
2,0,5403,1789633750452966400,3812366570168346
2,0,5404,1789633750452976640,3812366570178109
2,0,5405,1789633750452985856,3812366570187865
2,0,5406,1789633750452996096,3812366570197616
2,0,5407,1789633750453005312,3812366570207364
2,0,5408,1789633750453015552,3812366570217119
2,0,5409,1789633750453024768,3812366570226881
2,0,5410,1789633750453035008,3812366570236615
2,0,5411,1789633750453045248,3812366570246381
2,0,5412,1789633750453054464,3812366570256146
2,0,5413,1789633750453064704,3812366570265896
2,0,5414,1789633750453073920,3812366570275641
2,0,5415,1789633750453084160,3812366570285394
2,0,5416,1789633750453093376,3812366570295161
2,0,5417,1789633750453103616,3812366570304906
2,0,5418,1789633750453112832,3812366570314651
2,0,5419,1789633750453123072,3812366570324515
2,0,5420,1789633750453132288,3812366570334274
2,0,5421,1789633750453142528,3812366570344014
2,0,5422,1789633750453151744,3812366570353779
2,0,5423,1789633750453161984,3812366570363519
2,0,5424,1789633750453171200,3812366570373291
2,0,5425,1789633750453181440,3812366570383026
2,0,5426,1789633750453190656,3812366570392799
2,0,5427,1789633750453200896,3812366570402555
2,0,5428,1789633750453211136,3812366570412316
2,0,5429,1789633750453220352,3812366570422049
2,0,5430,1789633750453230592,3812366570431799
2,0,5431,1789633750453239808,3812366570441565
2,0,5432,1789633750453250048,3812366570451306
2,0,5433,1789633750453259264,3812366570461063
2,0,5434,1789633750453269504,3812366570470824
2,0,5435,1789633750453278720,3812366570480586
2,0,5436,1789633750453288960,3812366570490322
2,0,5437,1789633750453298176,3812366570500108
2,0,5438,1789633750453308416,3812366570509833
2,0,5439,1789633750453317632,3812366570519596
2,0,5440,1789633750453327872,3812366570529355
2,0,5441,1789633750453337088,3812366570539115
2,0,5442,1789633750453347328,3812366570548863
2,0,5443,1789633750453356544,3812366570558608
2,0,5444,1789633750453366784,3812366570568356
2,0,5445,1789633750453376000,3812366570578138
2,0,5446,1789633750453386240,3812366570587873
2,0,5447,1789633750453396480,3812366570597636
2,0,5448,1789633750453405696,3812366570607386
2,0,5449,1789633750453415936,3812366570617133
2,0,5450,1789633750453425152,3812366570626873
2,0,5451,1789633750453435392,3812366570636646
2,0,5452,1789633750453444608,3812366570646308
2,0,5453,1789633750453454848,3812366570656072
2,0,5454,1789633750453464064,3812366570665808
2,0,5455,1789633750453474304,3812366570675583
2,0,5456,1789633750453483520,3812366570685316
2,0,5457,1789633750453493760,3812366570695065
2,0,5458,1789633750453502976,3812366570704843
2,0,5459,1789633750453513216,3812366570714583
2,0,5460,1789633750453522432,3812366570724346
2,0,5461,1789633750453532672,3812366570734111
2,0,5462,1789633750453541888,3812366570743853
2,0,5463,1789633750453552128,3812366570753594
2,0,5464,1789633750453561344,3812366570763341
2,0,5465,1789633750453571584,3812366570773116
2,0,5466,1789633750453580800,3812366570782862
2,0,5467,1789633750453591040,3812366570792628
2,0,5468,1789633750453600256,3812366570802365
2,0,5469,1789633750453610496,3812366570812131
2,0,5470,1789633750453620736,3812366570821873
2,0,5471,1789633750453629952,3812366570831634
2,0,5472,1789633750453640192,3812366570841396
2,0,5473,1789633750453649408,3812366570851146
2,0,5474,1789633750453659648,3812366570860892
2,0,5475,1789633750453668864,3812366570870666
2,0,5476,1789633750453679104,3812366570880413
2,0,5477,1789633750453688320,3812366570890163
2,0,5478,1789633750453698560,3812366570899906
2,0,5479,1789633750453707776,3812366570909673
2,0,5480,1789633750453718016,3812366570919418
2,0,5481,1789633750453727232,3812366570929175
2,0,5482,1789633750453737472,3812366570938913
2,0,5483,1789633750453746688,3812366570948688
2,0,5484,1789633750453756928,3812366570958428
2,0,5485,1789633750453766144,3812366570968201
2,0,5486,1789633750453776384,3812366570977948
2,0,5487,1789633750453785600,3812366570987698
2,0,5488,1789633750453795840,3812366570997456
2,0,5489,1789633750453805056,3812366571007206
2,0,5490,1789633750453815296,3812366571016974
2,0,5491,1789633750453825536,3812366571026718
2,0,5492,1789633750453834752,3812366571036481
2,0,5493,1789633750453844992,3812366571046235
2,0,5494,1789633750453854208,3812366571055987
2,0,5495,1789633750453864448,3812366571065738
2,0,5496,1789633750453873664,3812366571075473
2,0,5497,1789633750453883904,3812366571085241
2,0,5498,1789633750453893120,3812366571094995
2,0,5499,1789633750453903360,3812366571104748
2,0,5500,1789633750453912576,3812366571114521
2,0,5501,1789633750453922816,3812366571124256
2,0,5502,1789633750453932032,3812366571134016
2,0,5503,1789633750453942272,3812366571143753
2,0,5504,1789633750453951488,3812366571153536
2,0,5505,1789633750453961728,3812366571163271
2,0,5506,1789633750453970944,3812366571173026
2,0,5507,1789633750453981184,3812366571182793
2,0,5508,1789633750453990400,3812366571192538
2,0,5509,1789633750454000640,3812366571202275
2,0,5510,1789633750454010880,3812366571212046
2,0,5511,1789633750454020096,3812366571221801
2,0,5512,1789633750454030336,3812366571231565
2,0,5513,1789633750454039552,3812366571241305
2,0,5514,1789633750454049792,3812366571251075
2,0,5515,1789633750454059008,3812366571260816
2,0,5516,1789633750454069248,3812366571270566
2,0,5517,1789633750454078464,3812366571280316
2,0,5518,1789633750454088704,3812366571290087
2,0,5519,1789633750454097920,3812366571299824
2,0,5520,1789633750454108160,3812366571309563
2,0,5521,1789633750454117376,3812366571319346
2,0,5522,1789633750454127616,3812366571329091
2,0,5523,1789633750454136832,3812366571338853
2,0,5524,1789633750454147072,3812366571348611
2,0,5525,1789633750454156288,3812366571358361
2,0,5526,1789633750454166528,3812366571368105
2,0,5527,1789633750454175744,3812366571377862
2,0,5528,1789633750454185984,3812366571387635
2,0,5529,1789633750454196224,3812366571397375
2,0,5530,1789633750454205440,3812366571407116
2,0,5531,1789633750454215680,3812366571416888
2,0,5532,1789633750454224896,3812366571426631
2,0,5533,1789633750454235136,3812366571436395
2,0,5534,1789633750454244352,3812366571446144
2,0,5535,1789633750454254592,3812366571455914
2,0,5536,1789633750454263808,3812366571465656
2,0,5537,1789633750454274048,3812366571475416
2,0,5538,1789633750454283264,3812366571485158
2,0,5539,1789633750454293504,3812366571494923
2,0,5540,1789633750454302720,3812366571504671
2,0,5541,1789633750454312960,3812366571514511
2,0,5542,1789633750454322176,3812366571524278
2,0,5543,1789633750454332416,3812366571534035
2,0,5544,1789633750454341632,3812366571543778
2,0,5545,1789633750454351872,3812366571553534
2,0,5546,1789633750454362112,3812366571563311
2,0,5547,1789633750454371328,3812366571573041
2,0,5548,1789633750454381568,3812366571582811
2,0,5549,1789633750454390784,3812366571592558
2,0,5550,1789633750454401024,3812366571602318
2,0,5551,1789633750454410240,3812366571612055
2,0,5552,1789633750454420480,3812366571621804
2,0,5553,1789633750454429696,3812366571631565
2,0,5554,1789633750454439936,3812366571641311
2,0,5555,1789633750454449152,3812366571651086
2,0,5556,1789633750454459392,3812366571660825
2,0,5557,1789633750454468608,3812366571670593
2,0,5558,1789633750454478848,3812366571680338
2,0,5559,1789633750454488064,3812366571690105
2,0,5560,1789633750454498304,3812366571699838
2,0,5561,1789633750454507520,3812366571709618
2,0,5562,1789633750454517760,3812366571719354
2,0,5563,1789633750454526976,3812366571729115
2,0,5564,1789633750454537216,3812366571738876
2,0,5565,1789633750454547456,3812366571748628
2,0,5566,1789633750454556672,3812366571758364
2,0,5567,1789633750454566912,3812366571768146
2,0,5568,1789633750454576128,3812366571777886
2,0,5569,1789633750454586368,3812366571787646
2,0,5570,1789633750454595584,3812366571797383
2,0,5571,1789633750454605824,3812366571807156
2,0,5572,1789633750454615040,3812366571816898
2,0,5573,1789633750454625280,3812366571826654
2,0,5574,1789633750454634496,3812366571836394
2,0,5575,1789633750454644736,3812366571846171
2,0,5576,1789633750454653952,3812366571855916
2,0,5577,1789633750454664192,3812366571865675
2,0,5578,1789633750454673408,3812366571875436
2,0,5579,1789633750454683648,3812366571885183
2,0,5580,1789633750454692864,3812366571894835
2,0,5581,1789633750454703104,3812366571904593
2,0,5582,1789633750454712320,3812366571914344
2,0,5583,1789633750454722560,3812366571924101
2,0,5584,1789633750454731776,3812366571933856
2,0,5585,1789633750454742016,3812366571943603
2,0,5586,1789633750454751232,3812366571953351
2,0,5587,1789633750454761472,3812366571963108
2,0,5588,1789633750454771712,3812366571972865
2,0,5589,1789633750454780928,3812366571982611
2,0,5590,1789633750454791168,3812366571992374
2,0,5591,1789633750454800384,3812366572002148
2,0,5592,1789633750454810624,3812366572011891
2,0,5593,1789633750454819840,3812366572021633
2,0,5594,1789633750454830080,3812366572031396
2,0,5595,1789633750454839296,3812366572041164
2,0,5596,1789633750454849536,3812366572050896
2,0,5597,1789633750454858752,3812366572060646
2,0,5598,1789633750454868992,3812366572070423
2,0,5599,1789633750454878208,3812366572080171
2,0,5600,1789633750454888448,3812366572089926
2,0,5601,1789633750454897664,3812366572099663
2,0,5602,1789633750454907904,3812366572109424
2,0,5603,1789633750454917120,3812366572119171
2,0,5604,1789633750454927360,3812366572128921
2,0,5605,1789633750454936576,3812366572138709
2,0,5606,1789633750454946816,3812366572148458
2,0,5607,1789633750454956032,3812366572158196
2,0,5608,1789633750454966272,3812366572167946
2,0,5609,1789633750454976512,3812366572177716
2,0,5610,1789633750454985728,3812366572187453
2,0,5611,1789633750454995968,3812366572197208
2,0,5612,1789633750455005184,3812366572206956
2,0,5613,1789633750455015424,3812366572216733
2,0,5614,1789633750455024640,3812366572226473
2,0,5615,1789633750455034880,3812366572236238
2,0,5616,1789633750455044096,3812366572245991
2,0,5617,1789633750455054336,3812366572255738
2,0,5618,1789633750455063552,3812366572265508
2,0,5619,1789633750455073792,3812366572275246
2,0,5620,1789633750455083008,3812366572285010
2,0,5621,1789633750455093248,3812366572294756
2,0,5622,1789633750455102464,3812366572304513
2,0,5623,1789633750455112704,3812366572314264
2,0,5624,1789633750455121920,3812366572324026
2,0,5625,1789633750455132160,3812366572333771
2,0,5626,1789633750455141376,3812366572343524
2,0,5627,1789633750455151616,3812366572353294
2,0,5628,1789633750455161856,3812366572363041
2,0,5629,1789633750455171072,3812366572372786
2,0,5630,1789633750455181312,3812366572382543
2,0,5631,1789633750455190528,3812366572392294
2,0,5632,1789633750455200768,3812366572402056
2,0,5633,1789633750455209984,3812366572411808
2,0,5634,1789633750455220224,3812366572421569
2,0,5635,1789633750455229440,3812366572431318
2,0,5636,1789633750455239680,3812366572441071
2,0,5637,1789633750455248896,3812366572450821
2,0,5638,1789633750455259136,3812366572460572
2,0,5639,1789633750455268352,3812366572470321
2,0,5640,1789633750455278592,3812366572480086
2,0,5641,1789633750455287808,3812366572489844
2,0,5642,1789633750455298048,3812366572499594
2,0,5643,1789633750455307264,3812366572509338
2,0,5644,1789633750455317504,3812366572519111
2,0,5645,1789633750455326720,3812366572528858
2,0,5646,1789633750455336960,3812366572538619
2,0,5647,1789633750455346176,3812366572548388
2,0,5648,1789633750455356416,3812366572558126
2,0,5649,1789633750455366656,3812366572567868
2,0,5650,1789633750455375872,3812366572577634
2,0,5651,1789633750455386112,3812366572587396
2,0,5652,1789633750455395328,3812366572597136
2,0,5653,1789633750455405568,3812366572606884
2,0,5654,1789633750455414784,3812366572616648
2,0,5655,1789633750455425024,3812366572626391
2,0,5656,1789633750455434240,3812366572636156
2,0,5657,1789633750455444480,3812366572645890
2,0,5658,1789633750455453696,3812366572655666
2,0,5659,1789633750455463936,3812366572665409
2,0,5660,1789633750455473152,3812366572675166
2,0,5661,1789633750455483392,3812366572684914
2,0,5662,1789633750455492608,3812366572694684
2,0,5663,1789633750455502848,3812366572704548
2,0,5664,1789633750455513088,3812366572714284
2,0,5665,1789633750455522304,3812366572724036
2,0,5666,1789633750455532544,3812366572733802
2,0,5667,1789633750455541760,3812366572743536
2,0,5668,1789633750455552000,3812366572753309
2,0,5669,1789633750455561216,3812366572763044
2,0,5670,1789633750455571456,3812366572772816
2,0,5671,1789633750455580672,3812366572782572
2,0,5672,1789633750455590912,3812366572792318
2,0,5673,1789633750455600128,3812366572802080
2,0,5674,1789633750455610368,3812366572811824
2,0,5675,1789633750455619584,3812366572821568
2,0,5676,1789633750455629824,3812366572831349
2,0,5677,1789633750455639040,3812366572841099
2,0,5678,1789633750455649280,3812366572850836
2,0,5679,1789633750455658496,3812366572860594
2,0,5680,1789633750455668736,3812366572870346
2,0,5681,1789633750455677952,3812366572880089
2,0,5682,1789633750455688192,3812366572889836
2,0,5683,1789633750455697408,3812366572899624
2,0,5684,1789633750455707648,3812366572909358
2,0,5685,1789633750455717888,3812366572919128
2,0,5686,1789633750455727104,3812366572928866
2,0,5687,1789633750455737344,3812366572938644
2,0,5688,1789633750455746560,3812366572948384
2,0,5689,1789633750455756800,3812366572958146
2,0,5690,1789633750455766016,3812366572967881
2,0,5691,1789633750455776256,3812366572977654
2,0,5692,1789633750455785472,3812366572987389
2,0,5693,1789633750455795712,3812366572997161
2,0,5694,1789633750455804928,3812366573006916
2,0,5695,1789633750455815168,3812366573016654
2,0,5696,1789633750455824384,3812366573026406
2,0,5697,1789633750455834624,3812366573036184
2,0,5698,1789633750455843840,3812366573045921
2,0,5699,1789633750455854080,3812366573055688
2,0,5700,1789633750455863296,3812366573065421
2,0,5701,1789633750455873536,3812366573075197
2,0,5702,1789633750455882752,3812366573084936
2,0,5703,1789633750455892992,3812366573094691
2,0,5704,1789633750455903232,3812366573104444
2,0,5705,1789633750455912448,3812366573114196
2,0,5706,1789633750455922688,3812366573123966
2,0,5707,1789633750455931904,3812366573133714
2,0,5708,1789633750455942144,3812366573143386
2,0,5709,1789633750455951360,3812366573153125
2,0,5710,1789633750455961600,3812366573162873
2,0,5711,1789633750455970816,3812366573172641
2,0,5712,1789633750455981056,3812366573182386
2,0,5713,1789633750455990272,3812366573192134
2,0,5714,1789633750456000512,3812366573201917
2,0,5715,1789633750456009728,3812366573211628
2,0,5716,1789633750456019968,3812366573221396
2,0,5717,1789633750456029184,3812366573231164
2,0,5718,1789633750456039424,3812366573240909
2,0,5719,1789633750456048640,3812366573250658
2,0,5720,1789633750456058880,3812366573260406
2,0,5721,1789633750456068096,3812366573270186
2,0,5722,1789633750456078336,3812366573279931
2,0,5723,1789633750456087552,3812366573289686
2,0,5724,1789633750456097792,3812366573299436
2,0,5725,1789633750456107008,3812366573309201
2,0,5726,1789633750456117248,3812366573318944
2,0,5727,1789633750456127488,3812366573328689
2,0,5728,1789633750456136704,3812366573338468
2,0,5729,1789633750456146944,3812366573348224
2,0,5730,1789633750456156160,3812366573357954
2,0,5731,1789633750456166400,3812366573367716
2,0,5732,1789633750456175616,3812366573377477
2,0,5733,1789633750456185856,3812366573387216
2,0,5734,1789633750456195072,3812366573396964
2,0,5735,1789633750456205312,3812366573406746
2,0,5736,1789633750456214528,3812366573416481
2,0,5737,1789633750456224768,3812366573426231
2,0,5738,1789633750456233984,3812366573435998
2,0,5739,1789633750456244224,3812366573445754
2,0,5740,1789633750456253440,3812366573455506
2,0,5741,1789633750456263680,3812366573465247
2,0,5742,1789633750456272896,3812366573475034
2,0,5743,1789633750456283136,3812366573484781
2,0,5744,1789633750456292352,3812366573494528
2,0,5745,1789633750456302592,3812366573504277
2,0,5746,1789633750456312832,3812366573514037
2,0,5747,1789633750456322048,3812366573523776
2,0,5748,1789633750456332288,3812366573533521
2,0,5749,1789633750456341504,3812366573543288
2,0,5750,1789633750456351744,3812366573553047
2,0,5751,1789633750456360960,3812366573562797
2,0,5752,1789633750456371200,3812366573572554
2,0,5753,1789633750456380416,3812366573582314
2,0,5754,1789633750456390656,3812366573592066
2,0,5755,1789633750456399872,3812366573601806
2,0,5756,1789633750456410112,3812366573613141
2,0,5757,1789633750456419328,3812366573621323
2,0,5758,1789633750456429568,3812366573631075
2,0,5759,1789633750456438784,3812366573640826
2,0,5760,1789633750456449024,3812366573650594
2,0,5761,1789633750456458240,3812366573660336
2,0,5762,1789633750456468480,3812366573670088
2,0,5763,1789633750456477696,3812366573679836
2,0,5764,1789633750456487936,3812366573689613
2,0,5765,1789633750456497152,3812366573699358
2,0,5766,1789633750456507392,3812366573709126
2,0,5767,1789633750456517632,3812366573718871
2,0,5768,1789633750456526848,3812366573728608
2,0,5769,1789633750456537088,3812366573738388
2,0,5770,1789633750456546304,3812366573748126
2,0,5771,1789633750456556544,3812366573757886
2,0,5772,1789633750456565760,3812366573767636
2,0,5773,1789633750456576000,3812366573777394
2,0,5774,1789633750456585216,3812366573787152
2,0,5775,1789633750456595456,3812366573796901
2,0,5776,1789633750456604672,3812366573806648
2,0,5777,1789633750456614912,3812366573816426
2,0,5778,1789633750456624128,3812366573826118
2,0,5779,1789633750456634368,3812366573835921
2,0,5780,1789633750456643584,3812366573845656
2,0,5781,1789633750456653824,3812366573855434
2,0,5782,1789633750456663040,3812366573865171
2,0,5783,1789633750456673280,3812366573874936
2,0,5784,1789633750456682496,3812366573884673
2,0,5785,1789633750456692736,3812366573894541
2,0,5786,1789633750456702976,3812366573904291
2,0,5787,1789633750456712192,3812366573914038
2,0,5788,1789633750456722432,3812366573923806
2,0,5789,1789633750456731648,3812366573933548
2,0,5790,1789633750456741888,3812366573943311
2,0,5791,1789633750456751104,3812366573953049
2,0,5792,1789633750456761344,3812366573962836
2,0,5793,1789633750456770560,3812366573972575
2,0,5794,1789633750456780800,3812366573982325
2,0,5795,1789633750456790016,3812366573992073
2,0,5796,1789633750456800256,3812366574001843
2,0,5797,1789633750456809472,3812366574011578
2,0,5798,1789633750456819712,3812366574021331
2,0,5799,1789633750456828928,3812366574031084
2,0,5800,1789633750456839168,3812366574040861
2,0,5801,1789633750456849408,3812366574050594
2,0,5802,1789633750456858624,3812366574060351
2,0,5803,1789633750456868864,3812366574070103
2,0,5804,1789633750456878080,3812366574079858
2,0,5805,1789633750456888320,3812366574089613
2,0,5806,1789633750456897536,3812366574099388
2,0,5807,1789633750456907776,3812366574109135
2,0,5808,1789633750456916992,3812366574118874
2,0,5809,1789633750456927232,3812366574128644
2,0,5810,1789633750456936448,3812366574138386
2,0,5811,1789633750456946688,3812366574148158
2,0,5812,1789633750456955904,3812366574157894
2,0,5813,1789633750456966144,3812366574167671
2,0,5814,1789633750456975360,3812366574177401
2,0,5815,1789633750456985600,3812366574187166
2,0,5816,1789633750456994816,3812366574196898
2,0,5817,1789633750457005056,3812366574206686
2,0,5818,1789633750457014272,3812366574216416
2,0,5819,1789633750457024512,3812366574226184
2,0,5820,1789633750457033728,3812366574235924
2,0,5821,1789633750457043968,3812366574245701
2,0,5822,1789633750457054208,3812366574255443
2,0,5823,1789633750457063424,3812366574265183
2,0,5824,1789633750457073664,3812366574274963
2,0,5825,1789633750457082880,3812366574284707
2,0,5826,1789633750457093120,3812366574294445
2,0,5827,1789633750457102336,3812366574304233
2,0,5828,1789633750457112576,3812366574313961
2,0,5829,1789633750457121792,3812366574323731
2,0,5830,1789633750457132032,3812366574333464
2,0,5831,1789633750457141248,3812366574343233
2,0,5832,1789633750457151488,3812366574352975
2,0,5833,1789633750457160704,3812366574362733
2,0,5834,1789633750457170944,3812366574372483
2,0,5835,1789633750457180160,3812366574382313
2,0,5836,1789633750457190400,3812366574391964
2,0,5837,1789633750457199616,3812366574401761
2,0,5838,1789633750457209856,3812366574411515
2,0,5839,1789633750457219072,3812366574421253
2,0,5840,1789633750457229312,3812366574431026
2,0,5841,1789633750457239552,3812366574440781
2,0,5842,1789633750457248768,3812366574450534
2,0,5843,1789633750457259008,3812366574460271
2,0,5844,1789633750457268224,3812366574470046
2,0,5845,1789633750457278464,3812366574479795
2,0,5846,1789633750457287680,3812366574489541
2,0,5847,1789633750457297920,3812366574499278
2,0,5848,1789633750457307136,3812366574509063
2,0,5849,1789633750457317376,3812366574518801
2,0,5850,1789633750457326592,3812366574528569
2,0,5851,1789633750457336832,3812366574538308
2,0,5852,1789633750457346048,3812366574548076
2,0,5853,1789633750457356288,3812366574557805
2,0,5854,1789633750457365504,3812366574567563
2,0,5855,1789633750457375744,3812366574577323
2,0,5856,1789633750457384960,3812366574587098
2,0,5857,1789633750457395200,3812366574596823
2,0,5858,1789633750457404416,3812366574606597
2,0,5859,1789633750457414656,3812366574616358
2,0,5860,1789633750457423872,3812366574626097
2,0,5861,1789633750457434112,3812366574635851
2,0,5862,1789633750457444352,3812366574645598
2,0,5863,1789633750457453568,3812366574655368
2,0,5864,1789633750457463808,3812366574665116
2,0,5865,1789633750457473024,3812366574674875
2,0,5866,1789633750457483264,3812366574684621
2,0,5867,1789633750457492480,3812366574694378
2,0,5868,1789633750457502720,3812366574704115
2,0,5869,1789633750457511936,3812366574713866
2,0,5870,1789633750457522176,3812366574723643
2,0,5871,1789633750457531392,3812366574733383
2,0,5872,1789633750457541632,3812366574743136
2,0,5873,1789633750457550848,3812366574752913
2,0,5874,1789633750457561088,3812366574762653
2,0,5875,1789633750457570304,3812366574772418
2,0,5876,1789633750457580544,3812366574782158
2,0,5877,1789633750457589760,3812366574791931
2,0,5878,1789633750457600000,3812366574801665
2,0,5879,1789633750457609216,3812366574811436
2,0,5880,1789633750457619456,3812366574821196
2,0,5881,1789633750457629696,3812366574830943
2,0,5882,1789633750457638912,3812366574840688
2,0,5883,1789633750457649152,3812366574850417
2,0,5884,1789633750457658368,3812366574860216
2,0,5885,1789633750457668608,3812366574869958
2,0,5886,1789633750457677824,3812366574879696
2,0,5887,1789633750457688064,3812366574889474
2,0,5888,1789633750457697280,3812366574899219
2,0,5889,1789633750457707520,3812366574908974
2,0,5890,1789633750457716736,3812366574918718
2,0,5891,1789633750457726976,3812366574928484
2,0,5892,1789633750457736192,3812366574938225
2,0,5893,1789633750457746432,3812366574948006
2,0,5894,1789633750457755648,3812366574957749
2,0,5895,1789633750457765888,3812366574967488
2,0,5896,1789633750457775104,3812366574977236
2,0,5897,1789633750457785344,3812366574986985
2,0,5898,1789633750457794560,3812366574996764
2,0,5899,1789633750457804800,3812366575006511
2,0,5900,1789633750457815040,3812366575016156
2,0,5901,1789633750457824256,3812366575025934
2,0,5902,1789633750457833472,3812366575035671
2,0,5903,1789633750457843712,3812366575045438
2,0,5904,1789633750457853952,3812366575055186
2,0,5905,1789633750457863168,3812366575064936
2,0,5906,1789633750457873408,3812366575074693
2,0,5907,1789633750457882624,3812366575084446
2,0,5908,1789633750457892864,3812366575094218
2,0,5909,1789633750457902080,3812366575103956
2,0,5910,1789633750457912320,3812366575113705
2,0,5911,1789633750457921536,3812366575123476
2,0,5912,1789633750457931776,3812366575133213
2,0,5913,1789633750457940992,3812366575142976
2,0,5914,1789633750457951232,3812366575152711
2,0,5915,1789633750457960448,3812366575162486
2,0,5916,1789633750457970688,3812366575172231
2,0,5917,1789633750457979904,3812366575181991
2,0,5918,1789633750457990144,3812366575191756
2,0,5919,1789633750457999360,3812366575201493
2,0,5920,1789633750458009600,3812366575211247
2,0,5921,1789633750458018816,3812366575221006
2,0,5922,1789633750458029056,3812366575230761
2,0,5923,1789633750458039296,3812366575240558
2,0,5924,1789633750458048512,3812366575250283
2,0,5925,1789633750458058752,3812366575260011
2,0,5926,1789633750458067968,3812366575269786
2,0,5927,1789633750458078208,3812366575279523
2,0,5928,1789633750458087424,3812366575289305
2,0,5929,1789633750458097664,3812366575299038
2,0,5930,1789633750458106880,3812366575308801
2,0,5931,1789633750458117120,3812366575318538
2,0,5932,1789633750458126336,3812366575328313
2,0,5933,1789633750458136576,3812366575338058
2,0,5934,1789633750458145792,3812366575347816
2,0,5935,1789633750458156032,3812366575357558
2,0,5936,1789633750458165248,3812366575367334
2,0,5937,1789633750458175488,3812366575377074
2,0,5938,1789633750458184704,3812366575386835
2,0,5939,1789633750458194944,3812366575396584
2,0,5940,1789633750458204160,3812366575406333
2,0,5941,1789633750458214400,3812366575416075
2,0,5942,1789633750458223616,3812366575425846
2,0,5943,1789633750458233856,3812366575435603
2,0,5944,1789633750458244096,3812366575445354
2,0,5945,1789633750458253312,3812366575455105
2,0,5946,1789633750458263552,3812366575464841
2,0,5947,1789633750458272768,3812366575474618
2,0,5948,1789633750458283008,3812366575484458
2,0,5949,1789633750458292224,3812366575494221
2,0,5950,1789633750458302464,3812366575503964
2,0,5951,1789633750458311680,3812366575513745
2,0,5952,1789633750458321920,3812366575523486
2,0,5953,1789633750458331136,3812366575533245
2,0,5954,1789633750458341376,3812366575542994
2,0,5955,1789633750458350592,3812366575552743
2,0,5956,1789633750458360832,3812366575562475
2,0,5957,1789633750458370048,3812366575572311
2,0,5958,1789633750458380288,3812366575582016
2,0,5959,1789633750458390528,3812366575591765
2,0,5960,1789633750458399744,3812366575601516
2,0,5961,1789633750458409984,3812366575611273
2,0,5962,1789633750458419200,3812366575621023
2,0,5963,1789633750458429440,3812366575630773
2,0,5964,1789633750458438656,3812366575640444
2,0,5965,1789633750458448896,3812366575650193
2,0,5966,1789633750458458112,3812366575659941
2,0,5967,1789633750458468352,3812366575669703
2,0,5968,1789633750458477568,3812366575679454
2,0,5969,1789633750458487808,3812366575689208
2,0,5970,1789633750458497024,3812366575698964
2,0,5971,1789633750458507264,3812366575708724
2,0,5972,1789633750458516480,3812366575718468
2,0,5973,1789633750458526720,3812366575728218
2,0,5974,1789633750458535936,3812366575737986
2,0,5975,1789633750458546176,3812366575747734
2,0,5976,1789633750458555392,3812366575757478
2,0,5977,1789633750458565632,3812366575767233
2,0,5978,1789633750458574848,3812366575777006
2,0,5979,1789633750458585088,3812366575786740
2,0,5980,1789633750458594304,3812366575796508
2,0,5981,1789633750458604544,3812366575806266
2,0,5982,1789633750458614784,3812366575816006
2,0,5983,1789633750458624000,3812366575825767
2,0,5984,1789633750458634240,3812366575835515
2,0,5985,1789633750458643456,3812366575845275
2,0,5986,1789633750458653696,3812366575855016
2,0,5987,1789633750458662912,3812366575864778
2,0,5988,1789633750458673152,3812366575874548
2,0,5989,1789633750458682368,3812366575884290
2,0,5990,1789633750458692608,3812366575894035
2,0,5991,1789633750458701824,3812366575903808
2,0,5992,1789633750458712064,3812366575913563
2,0,5993,1789633750458721280,3812366575923300
2,0,5994,1789633750458731520,3812366575933050
2,0,5995,1789633750458740736,3812366575942827
2,0,5996,1789633750458750976,3812366575952578
2,0,5997,1789633750458760192,3812366575962328
2,0,5998,1789633750458770432,3812366575972080
2,0,5999,1789633750458779648,3812366575981840
2,0,6000,1789633750458789888,3812366575991588
2,0,6001,1789633750458799104,3812366576001335
2,0,6002,1789633750458809344,3812366576011106
2,0,6003,1789633750458819584,3812366576020850
2,0,6004,1789633750458828800,3812366576030608
2,0,6005,1789633750458839040,3812366576040361
2,0,6006,1789633750458848256,3812366576050120
2,0,6007,1789633750458858496,3812366576059865
2,0,6008,1789633750458867712,3812366576069623
2,0,6009,1789633750458877952,3812366576079378
2,0,6010,1789633750458887168,3812366576089130
2,0,6011,1789633750458897408,3812366576098873
2,0,6012,1789633750458906624,3812366576108638
2,0,6013,1789633750458916864,3812366576118393
2,0,6014,1789633750458926080,3812366576128135
2,0,6015,1789633750458936320,3812366576137896
2,0,6016,1789633750458945536,3812366576147665
2,0,6017,1789633750458955776,3812366576157405
2,0,6018,1789633750458964992,3812366576167150
2,0,6019,1789633750458975232,3812366576176918
2,0,6020,1789633750458984448,3812366576186690
2,0,6021,1789633750458994688,3812366576196423
2,0,6022,1789633750459004928,3812366576206163
2,0,6023,1789633750459014144,3812366576215938
2,0,6024,1789633750459024384,3812366576225683
2,0,6025,1789633750459033600,3812366576235445
2,0,6026,1789633750459043840,3812366576245191
2,0,6027,1789633750459053056,3812366576254959
2,0,6028,1789633750459063296,3812366576264704
2,0,6029,1789633750459072512,3812366576274450
2,0,6030,1789633750459082752,3812366576284205
2,0,6031,1789633750459091968,3812366576293974
2,0,6032,1789633750459102208,3812366576303713
2,0,6033,1789633750459111424,3812366576313483
2,0,6034,1789633750459121664,3812366576323234
2,0,6035,1789633750459130880,3812366576332984
2,0,6036,1789633750459141120,3812366576342733
2,0,6037,1789633750459150336,3812366576352505
2,0,6038,1789633750459160576,3812366576362253
2,0,6039,1789633750459169792,3812366576371993
2,0,6040,1789633750459180032,3812366576381744
2,0,6041,1789633750459190272,3812366576391598
2,0,6042,1789633750459199488,3812366576401373
2,0,6043,1789633750459209728,3812366576411116
2,0,6044,1789633750459218944,3812366576420865
2,0,6045,1789633750459229184,3812366576430628
2,0,6046,1789633750459238400,3812366576440376
2,0,6047,1789633750459248640,3812366576450128
2,0,6048,1789633750459257856,3812366576459884
2,0,6049,1789633750459268096,3812366576469627
2,0,6050,1789633750459277312,3812366576479394
2,0,6051,1789633750459287552,3812366576489145
2,0,6052,1789633750459296768,3812366576498916
2,0,6053,1789633750459307008,3812366576508645
2,0,6054,1789633750459316224,3812366576518413
2,0,6055,1789633750459326464,3812366576528166
2,0,6056,1789633750459335680,3812366576537913
2,0,6057,1789633750459345920,3812366576547666
2,0,6058,1789633750459356160,3812366576557423
2,0,6059,1789633750459365376,3812366576567194
2,0,6060,1789633750459375616,3812366576576936
2,0,6061,1789633750459384832,3812366576586695
2,0,6062,1789633750459395072,3812366576596433
2,0,6063,1789633750459404288,3812366576606208
2,0,6064,1789633750459414528,3812366576615950
2,0,6065,1789633750459423744,3812366576625715
2,0,6066,1789633750459433984,3812366576635458
2,0,6067,1789633750459443200,3812366576645224
2,0,6068,1789633750459453440,3812366576654966
2,0,6069,1789633750459462656,3812366576664713
2,0,6070,1789633750459472896,3812366576674483
2,0,6071,1789633750459482112,3812366576684234
2,0,6072,1789633750459492352,3812366576693976
2,0,6073,1789633750459501568,3812366576703758
2,0,6074,1789633750459511808,3812366576713498
2,0,6075,1789633750459521024,3812366576723246
2,0,6076,1789633750459531264,3812366576732988
2,0,6077,1789633750459541504,3812366576742760
2,0,6078,1789633750459550720,3812366576752503
2,0,6079,1789633750459560960,3812366576762320
2,0,6080,1789633750459570176,3812366576772021
2,0,6081,1789633750459580416,3812366576781773
2,0,6082,1789633750459589632,3812366576791518
2,0,6083,1789633750459599872,3812366576801275
2,0,6084,1789633750459609088,3812366576811041
2,0,6085,1789633750459619328,3812366576820784
2,0,6086,1789633750459628544,3812366576830533
2,0,6087,1789633750459638784,3812366576840285
2,0,6088,1789633750459648000,3812366576850056
2,0,6089,1789633750459658240,3812366576859798
2,0,6090,1789633750459667456,3812366576869563
2,0,6091,1789633750459677696,3812366576879314
2,0,6092,1789633750459686912,3812366576888976
2,0,6093,1789633750459697152,3812366576898836
2,0,6094,1789633750459706368,3812366576908563
2,0,6095,1789633750459716608,3812366576918324
2,0,6096,1789633750459725824,3812366576928088
2,0,6097,1789633750459736064,3812366576937843
2,0,6098,1789633750459746304,3812366576947593
2,0,6099,1789633750459755520,3812366576957330
2,0,6100,1789633750459765760,3812366576967095
2,0,6101,1789633750459774976,3812366576976838
2,0,6102,1789633750459785216,3812366576986608
2,0,6103,1789633750459794432,3812366576996353
2,0,6104,1789633750459804672,3812366577006123
2,0,6105,1789633750459813888,3812366577015873
2,0,6106,1789633750459824128,3812366577025623
2,0,6107,1789633750459833344,3812366577035368
2,0,6108,1789633750459843584,3812366577045148
2,0,6109,1789633750459852800,3812366577054893
2,0,6110,1789633750459863040,3812366577064633
2,0,6111,1789633750459872256,3812366577074386
2,0,6112,1789633750459882496,3812366577084163
2,0,6113,1789633750459891712,3812366577093896
2,0,6114,1789633750459901952,3812366577103653
2,0,6115,1789633750459911168,3812366577113415
2,0,6116,1789633750459921408,3812366577123160
2,0,6117,1789633750459931648,3812366577132910
2,0,6118,1789633750459940864,3812366577142677
2,0,6119,1789633750459951104,3812366577152433
2,0,6120,1789633750459960320,3812366577162176
2,0,6121,1789633750459970560,3812366577171937
2,0,6122,1789633750459979776,3812366577181710
2,0,6123,1789633750459990016,3812366577191445
2,0,6124,1789633750459999232,3812366577201210
2,0,6125,1789633750460009472,3812366577210948
2,0,6126,1789633750460018688,3812366577220715
2,0,6127,1789633750460028928,3812366577230450
2,0,6128,1789633750460038144,3812366577240208
2,0,6129,1789633750460048384,3812366577249988
2,0,6130,1789633750460057600,3812366577259730
2,0,6131,1789633750460067840,3812366577269486
2,0,6132,1789633750460077056,3812366577279230
2,0,6133,1789633750460087296,3812366577289008
2,0,6134,1789633750460096512,3812366577298723
2,0,6135,1789633750460106752,3812366577308510
2,0,6136,1789633750460116992,3812366577318243
2,0,6137,1789633750460126208,3812366577328018
2,0,6138,1789633750460136448,3812366577337756
2,0,6139,1789633750460145664,3812366577347518
2,0,6140,1789633750460155904,3812366577357263
2,0,6141,1789633750460165120,3812366577367038
2,0,6142,1789633750460175360,3812366577376765
2,0,6143,1789633750460184576,3812366577386510
2,0,6144,1789633750460194816,3812366577396286
2,0,6145,1789633750460204032,3812366577406030
2,0,6146,1789633750460214272,3812366577415798
2,0,6147,1789633750460223488,3812366577425551
2,0,6148,1789633750460233728,3812366577435293
2,0,6149,1789633750460242944,3812366577445033
2,0,6150,1789633750460253184,3812366577454805
2,0,6151,1789633750460262400,3812366577464550
2,0,6152,1789633750460272640,3812366577474328
2,0,6153,1789633750460281856,3812366577484068
2,0,6154,1789633750460292096,3812366577493843
2,0,6155,1789633750460301312,3812366577503567
2,0,6156,1789633750460311552,3812366577513226
2,0,6157,1789633750460320768,3812366577522995
2,0,6158,1789633750460331008,3812366577532745
2,0,6159,1789633750460340224,3812366577542493
2,0,6160,1789633750460350464,3812366577552265
2,0,6161,1789633750460360704,3812366577562010
2,0,6162,1789633750460369920,3812366577571753
2,0,6163,1789633750460380160,3812366577581519
2,0,6164,1789633750460389376,3812366577591266
2,0,6165,1789633750460399616,3812366577601020
2,0,6166,1789633750460408832,3812366577611909
2,0,6167,1789633750460419072,3812366577620560
2,0,6168,1789633750460428288,3812366577630281
2,0,6169,1789633750460438528,3812366577640036
2,0,6170,1789633750460447744,3812366577649778
2,0,6171,1789633750460457984,3812366577659563
2,0,6172,1789633750460467200,3812366577669298
2,0,6173,1789633750460477440,3812366577679063
2,0,6174,1789633750460486656,3812366577688843
2,0,6175,1789633750460496896,3812366577698748
2,0,6176,1789633750460507136,3812366577708493
2,0,6177,1789633750460516352,3812366577718260
2,0,6178,1789633750460526592,3812366577728015
2,0,6179,1789633750460535808,3812366577737793
2,0,6180,1789633750460546048,3812366577747483
2,0,6181,1789633750460555264,3812366577757183
2,0,6182,1789633750460565504,3812366577766926
2,0,6183,1789633750460574720,3812366577776705
2,0,6184,1789633750460584960,3812366577786450
2,0,6185,1789633750460594176,3812366577796228
2,0,6186,1789633750460604416,3812366577805955
2,0,6187,1789633750460613632,3812366577815726
2,0,6188,1789633750460623872,3812366577825456
2,0,6189,1789633750460633088,3812366577835238
2,0,6190,1789633750460643328,3812366577844966
2,0,6191,1789633750460652544,3812366577854733
2,0,6192,1789633750460662784,3812366577864478
2,0,6193,1789633750460672000,3812366577874263
2,0,6194,1789633750460682240,3812366577883995
2,0,6195,1789633750460692480,3812366577893740
2,0,6196,1789633750460701696,3812366577903513
2,0,6197,1789633750460711936,3812366577913249
2,0,6198,1789633750460721152,3812366577923008
2,0,6199,1789633750460731392,3812366577932786
2,0,6200,1789633750460740608,3812366577942516
2,0,6201,1789633750460750848,3812366577952318
2,0,6202,1789633750460760064,3812366577962008
2,0,6203,1789633750460770304,3812366577971785
2,0,6204,1789633750460779520,3812366577981525
2,0,6205,1789633750460789760,3812366577991293
2,0,6206,1789633750460798976,3812366578001033
2,0,6207,1789633750460809216,3812366578010811
2,0,6208,1789633750460818432,3812366578020545
2,0,6209,1789633750460828672,3812366578030308
2,0,6210,1789633750460837888,3812366578040070
2,0,6211,1789633750460848128,3812366578049815
2,0,6212,1789633750460857344,3812366578059568
2,0,6213,1789633750460867584,3812366578069315
2,0,6214,1789633750460876800,3812366578079087
2,0,6215,1789633750460887040,3812366578088816
2,0,6216,1789633750460897280,3812366578098590
2,0,6217,1789633750460906496,3812366578108348
2,0,6218,1789633750460916736,3812366578118086
2,0,6219,1789633750460925952,3812366578127846
2,0,6220,1789633750460936192,3812366578137526
2,0,6221,1789633750460945408,3812366578147253
2,0,6222,1789633750460955648,3812366578157009
2,0,6223,1789633750460964864,3812366578166765
2,0,6224,1789633750460975104,3812366578176530
2,0,6225,1789633750460984320,3812366578186276
2,0,6226,1789633750460994560,3812366578196023
2,0,6227,1789633750461003776,3812366578205795
2,0,6228,1789633750461014016,3812366578215540
2,0,6229,1789633750461023232,3812366578225287
2,0,6230,1789633750461033472,3812366578235038
2,0,6231,1789633750461042688,3812366578244803
2,0,6232,1789633750461052928,3812366578254555
2,0,6233,1789633750461062144,3812366578264306
2,0,6234,1789633750461072384,3812366578274068
2,0,6235,1789633750461081600,3812366578283805
2,0,6236,1789633750461091840,3812366578293580
2,0,6237,1789633750461101056,3812366578303318
2,0,6238,1789633750461111296,3812366578313093
2,0,6239,1789633750461121536,3812366578322848
2,0,6240,1789633750461130752,3812366578332586
2,0,6241,1789633750461140992,3812366578342358
2,0,6242,1789633750461150208,3812366578352073
2,0,6243,1789633750461160448,3812366578361848
2,0,6244,1789633750461169664,3812366578371605
2,0,6245,1789633750461179904,3812366578381350
2,0,6246,1789633750461189120,3812366578391118
2,0,6247,1789633750461199360,3812366578400858
2,0,6248,1789633750461208576,3812366578410635
2,0,6249,1789633750461218816,3812366578420364
2,0,6250,1789633750461228032,3812366578430128
2,0,6251,1789633750461238272,3812366578439886
2,0,6252,1789633750461247488,3812366578449646
2,0,6253,1789633750461257728,3812366578459386
2,0,6254,1789633750461266944,3812366578469138
2,0,6255,1789633750461277184,3812366578478896
2,0,6256,1789633750461286400,3812366578488656
2,0,6257,1789633750461296640,3812366578498408
2,0,6258,1789633750461306880,3812366578508260
2,0,6259,1789633750461316096,3812366578518029
2,0,6260,1789633750461326336,3812366578527763
2,0,6261,1789633750461335552,3812366578537518
2,0,6262,1789633750461345792,3812366578547268
2,0,6263,1789633750461355008,3812366578557000
2,0,6264,1789633750461365248,3812366578566783
2,0,6265,1789633750461374464,3812366578576529
2,0,6266,1789633750461384704,3812366578586310
2,0,6267,1789633750461393920,3812366578596053
2,0,6268,1789633750461404160,3812366578605786
2,0,6269,1789633750461413376,3812366578615560
2,0,6270,1789633750461423616,3812366578625321
2,0,6271,1789633750461432832,3812366578635056
2,0,6272,1789633750461443072,3812366578644803
2,0,6273,1789633750461452288,3812366578654548
2,0,6274,1789633750461462528,3812366578664328
2,0,6275,1789633750461472768,3812366578674055
2,0,6276,1789633750461481984,3812366578683823
2,0,6277,1789633750461492224,3812366578693603
2,0,6278,1789633750461501440,3812366578703335
2,0,6279,1789633750461511680,3812366578713093
2,0,6280,1789633750461520896,3812366578722868
2,0,6281,1789633750461531136,3812366578732603
2,0,6282,1789633750461540352,3812366578742356
2,0,6283,1789633750461550592,3812366578752111
2,0,6284,1789633750461559808,3812366578761775
2,0,6285,1789633750461570048,3812366578771523
2,0,6286,1789633750461579264,3812366578781273
2,0,6287,1789633750461589504,3812366578791043
2,0,6288,1789633750461598720,3812366578800783
2,0,6289,1789633750461608960,3812366578810548
2,0,6290,1789633750461618176,3812366578820308
2,0,6291,1789633750461628416,3812366578830045
2,0,6292,1789633750461637632,3812366578839810
2,0,6293,1789633750461647872,3812366578849553
2,0,6294,1789633750461657088,3812366578859323
2,0,6295,1789633750461667328,3812366578869053
2,0,6296,1789633750461676544,3812366578878813
2,0,6297,1789633750461686784,3812366578888588
2,0,6298,1789633750461697024,3812366578898334
2,0,6299,1789633750461706240,3812366578908075
2,0,6300,1789633750461716480,3812366578917836
2,0,6301,1789633750461725696,3812366578927600
2,0,6302,1789633750461735936,3812366578937343
2,0,6303,1789633750461745152,3812366578947096
2,0,6304,1789633750461755392,3812366578956866
2,0,6305,1789633750461764608,3812366578966603
2,0,6306,1789633750461774848,3812366578976363
2,0,6307,1789633750461784064,3812366578986106
2,0,6308,1789633750461794304,3812366578995883
2,0,6309,1789633750461803520,3812366579005623
2,0,6310,1789633750461813760,3812366579015373
2,0,6311,1789633750461822976,3812366579025146
2,0,6312,1789633750461833216,3812366579034885
2,0,6313,1789633750461842432,3812366579044633
2,0,6314,1789633750461852672,3812366579054476
2,0,6315,1789633750461862912,3812366579064260
2,0,6316,1789633750461872128,3812366579074008
2,0,6317,1789633750461882368,3812366579083767
2,0,6318,1789633750461891584,3812366579093493
2,0,6319,1789633750461901824,3812366579103275
2,0,6320,1789633750461911040,3812366579113003
2,0,6321,1789633750461921280,3812366579122763
2,0,6322,1789633750461930496,3812366579132516
2,0,6323,1789633750461940736,3812366579142313
2,0,6324,1789633750461949952,3812366579152023
2,0,6325,1789633750461960192,3812366579161785
2,0,6326,1789633750461969408,3812366579171546
2,0,6327,1789633750461979648,3812366579181293
2,0,6328,1789633750461988864,3812366579191058
2,0,6329,1789633750461999104,3812366579200806
2,0,6330,1789633750462008320,3812366579210565
2,0,6331,1789633750462018560,3812366579220308
2,0,6332,1789633750462027776,3812366579230083
2,0,6333,1789633750462038016,3812366579239823
2,0,6334,1789633750462048256,3812366579249570
2,0,6335,1789633750462057472,3812366579259316
2,0,6336,1789633750462067712,3812366579269087
2,0,6337,1789633750462076928,3812366579278823
2,0,6338,1789633750462087168,3812366579288586
2,0,6339,1789633750462096384,3812366579298323
2,0,6340,1789633750462106624,3812366579308106
2,0,6341,1789633750462115840,3812366579317860
2,0,6342,1789633750462126080,3812366579327613
2,0,6343,1789633750462135296,3812366579337358
2,0,6344,1789633750462145536,3812366579347133
2,0,6345,1789633750462154752,3812366579356865
2,0,6346,1789633750462164992,3812366579366625
2,0,6347,1789633750462174208,3812366579376376
2,0,6348,1789633750462184448,3812366579386050
2,0,6349,1789633750462193664,3812366579395896
2,0,6350,1789633750462203904,3812366579405635
2,0,6351,1789633750462213120,3812366579415396
2,0,6352,1789633750462223360,3812366579425153
2,0,6353,1789633750462233600,3812366579434883
2,0,6354,1789633750462242816,3812366579444666
2,0,6355,1789633750462253056,3812366579454410
2,0,6356,1789633750462262272,3812366579464158
2,0,6357,1789633750462272512,3812366579473898
2,0,6358,1789633750462281728,3812366579483680
2,0,6359,1789633750462291968,3812366579493411
2,0,6360,1789633750462301184,3812366579503183
2,0,6361,1789633750462311424,3812366579512921
2,0,6362,1789633750462320640,3812366579522696
2,0,6363,1789633750462330880,3812366579532443
2,0,6364,1789633750462340096,3812366579542208
2,0,6365,1789633750462350336,3812366579551948
2,0,6366,1789633750462359552,3812366579561700
2,0,6367,1789633750462369792,3812366579571450
2,0,6368,1789633750462379008,3812366579581203
2,0,6369,1789633750462389248,3812366579590978
2,0,6370,1789633750462398464,3812366579600858
