schema_version,trial,sample,gpu_ns,cpu_observed_ns
2,0,0,1789633728776863744,3812344893665583
2,0,1,1789633728776875008,3812344893676338
2,0,2,1789633728776886272,3812344893687180
2,0,3,1789633728776896512,3812344893698014
2,0,4,1789633728776907776,3812344893708754
2,0,5,1789633728776918016,3812344893719591
2,0,6,1789633728776929280,3812344893730434
2,0,7,1789633728776940544,3812344893741255
2,0,8,1789633728776950784,3812344893751998
2,0,9,1789633728776962048,3812344893762840
2,0,10,1789633728776972288,3812344893773735
2,0,11,1789633728776983552,3812344893784578
2,0,12,1789633728776993792,3812344893795400
2,0,13,1789633728777005056,3812344893806231
2,0,14,1789633728777016320,3812344893816978
2,0,15,1789633728777026560,3812344893827827
2,0,16,1789633728777037824,3812344893838658
2,0,17,1789633728777048064,3812344893849407
2,0,18,1789633728777059328,3812344893860235
2,0,19,1789633728777069568,3812344893871038
2,0,20,1789633728777080832,3812344893881875
2,0,21,1789633728777091072,3812344893892580
2,0,22,1789633728777102336,3812344893903380
2,0,23,1789633728777112576,3812344893914215
2,0,24,1789633728777123840,3812344893925020
2,0,25,1789633728777135104,3812344893935846
2,0,26,1789633728777145344,3812344893946554
2,0,27,1789633728777156608,3812344893957391
2,0,28,1789633728777166848,3812344893968206
2,0,29,1789633728777178112,3812344893978975
2,0,30,1789633728777188352,3812344893989780
2,0,31,1789633728777199616,3812344894000603
2,0,32,1789633728777209856,3812344894011347
2,0,33,1789633728777221120,3812344894022191
2,0,34,1789633728777231360,3812344894032947
2,0,35,1789633728777242624,3812344894043794
2,0,36,1789633728777253888,3812344894054683
2,0,37,1789633728777264128,3812344894065514
2,0,38,1789633728777275392,3812344894076291
2,0,39,1789633728777285632,3812344894087107
2,0,40,1789633728777296896,3812344894097854
2,0,41,1789633728777307136,3812344894108667
2,0,42,1789633728777318400,3812344894119511
2,0,43,1789633728777328640,3812344894130267
2,0,44,1789633728777339904,3812344894141098
2,0,45,1789633728777351168,3812344894151874
2,0,46,1789633728777361408,3812344894162655
2,0,47,1789633728777372672,3812344894173478
2,0,48,1789633728777382912,3812344894184255
2,0,49,1789633728777394176,3812344894195111
2,0,50,1789633728777404416,3812344894205907
2,0,51,1789633728777415680,3812344894216734
2,0,52,1789633728777425920,3812344894227558
2,0,53,1789633728777437184,3812344894238307
2,0,54,1789633728777448448,3812344894249134
2,0,55,1789633728777458688,3812344894259955
2,0,56,1789633728777469952,3812344894270718
2,0,57,1789633728777480192,3812344894281531
2,0,58,1789633728777491456,3812344894292358
2,0,59,1789633728777501696,3812344894303098
2,0,60,1789633728777512960,3812344894313935
2,0,61,1789633728777523200,3812344894324755
2,0,62,1789633728777534464,3812344894335607
2,0,63,1789633728777545728,3812344894346351
2,0,64,1789633728777555968,3812344894357180
2,0,65,1789633728777567232,3812344894367951
2,0,66,1789633728777577472,3812344894378657
2,0,67,1789633728777588736,3812344894389478
2,0,68,1789633728777598976,3812344894400206
2,0,69,1789633728777610240,3812344894411030
2,0,70,1789633728777620480,3812344894421775
2,0,71,1789633728777631744,3812344894432498
2,0,72,1789633728777641984,3812344894443247
2,0,73,1789633728777653248,3812344894454007
2,0,74,1789633728777663488,3812344894464726
2,0,75,1789633728777674752,3812344894475470
2,0,76,1789633728777684992,3812344894486194
2,0,77,1789633728777696256,3812344894496994
2,0,78,1789633728777706496,3812344894507675
2,0,79,1789633728777717760,3812344894518467
2,0,80,1789633728777728000,3812344894529150
2,0,81,1789633728777739264,3812344894539890
2,0,82,1789633728777749504,3812344894550654
2,0,83,1789633728777760768,3812344894561398
2,0,84,1789633728777771008,3812344894572107
2,0,85,1789633728777782272,3812344894582867
2,0,86,1789633728777792512,3812344894593587
2,0,87,1789633728777802752,3812344894604326
2,0,88,1789633728777814016,3812344894615047
2,0,89,1789633728777824256,3812344894625787
2,0,90,1789633728777835520,3812344894636526
2,0,91,1789633728777845760,3812344894647338
2,0,92,1789633728777857024,3812344894658058
2,0,93,1789633728777867264,3812344894668774
2,0,94,1789633728777878528,3812344894679467
2,0,95,1789633728777888768,3812344894690178
2,0,96,1789633728777900032,3812344894700927
2,0,97,1789633728777910272,3812344894711680
2,0,98,1789633728777921536,3812344894722414
2,0,99,1789633728777931776,3812344894733150
2,0,100,1789633728777943040,3812344894743907
2,0,101,1789633728777953280,3812344894754735
2,0,102,1789633728777964544,3812344894765467
2,0,103,1789633728777974784,3812344894776174
2,0,104,1789633728777986048,3812344894786914
2,0,105,1789633728777996288,3812344894797650
2,0,106,1789633728778007552,3812344894808483
2,0,107,1789633728778017792,3812344894819380
2,0,108,1789633728778029056,3812344894830210
2,0,109,1789633728778039296,3812344894840950
2,0,110,1789633728778050560,3812344894851760
2,0,111,1789633728778061824,3812344894862486
2,0,112,1789633728778072064,3812344894873250
2,0,113,1789633728778083328,3812344894884000
2,0,114,1789633728778093568,3812344894894809
2,0,115,1789633728778104832,3812344894905507
2,0,116,1789633728778115072,3812344894916254
2,0,117,1789633728778126336,3812344894926960
2,0,118,1789633728778136576,3812344894937674
2,0,119,1789633728778147840,3812344894948414
2,0,120,1789633728778158080,3812344894959154
2,0,121,1789633728778168320,3812344894969886
2,0,122,1789633728778179584,3812344894980703
2,0,123,1789633728778189824,3812344894991440
2,0,124,1789633728778201088,3812344895002127
2,0,125,1789633728778211328,3812344895012938
2,0,126,1789633728778222592,3812344895023680
2,0,127,1789633728778233856,3812344895034410
2,0,128,1789633728778244096,3812344895045143
2,0,129,1789633728778254336,3812344895055894
2,0,130,1789633728778265600,3812344895066698
2,0,131,1789633728778275840,3812344895077410
2,0,132,1789633728778287104,3812344895088130
2,0,133,1789633728778297344,3812344895098863
2,0,134,1789633728778308608,3812344895109600
2,0,135,1789633728778318848,3812344895120314
2,0,136,1789633728778330112,3812344895131043
2,0,137,1789633728778340352,3812344895141747
2,0,138,1789633728778351616,3812344895152500
2,0,139,1789633728778361856,3812344895163258
2,0,140,1789633728778373120,3812344895174070
2,0,141,1789633728778383360,3812344895184766
2,0,142,1789633728778394624,3812344895195475
2,0,143,1789633728778404864,3812344895206275
2,0,144,1789633728778416128,3812344895216975
2,0,145,1789633728778426368,3812344895227680
2,0,146,1789633728778437632,3812344895238423
2,0,147,1789633728778447872,3812344895249135
2,0,148,1789633728778459136,3812344895259867
2,0,149,1789633728778469376,3812344895270603
2,0,150,1789633728778480640,3812344895281343
2,0,151,1789633728778490880,3812344895292075
2,0,152,1789633728778502144,3812344895302818
2,0,153,1789633728778512384,3812344895313575
2,0,154,1789633728778523648,3812344895324275
2,0,155,1789633728778533888,3812344895335000
2,0,156,1789633728778545152,3812344895345750
2,0,157,1789633728778555392,3812344895356490
2,0,158,1789633728778566656,3812344895367300
2,0,159,1789633728778576896,3812344895378038
2,0,160,1789633728778588160,3812344895388775
2,0,161,1789633728778598400,3812344895399614
2,0,162,1789633728778609664,3812344895410495
2,0,163,1789633728778619904,3812344895421318
2,0,164,1789633728778631168,3812344895432055
2,0,165,1789633728778641408,3812344895442827
2,0,166,1789633728778652672,3812344895453575
2,0,167,1789633728778662912,3812344895464390
2,0,168,1789633728778674176,3812344895475098
2,0,169,1789633728778684416,3812344895485835
2,0,170,1789633728778695680,3812344895496555
2,0,171,1789633728778705920,3812344895507360
2,0,172,1789633728778717184,3812344895518060
2,0,173,1789633728778727424,3812344895528798
2,0,174,1789633728778738688,3812344895539547
2,0,175,1789633728778748928,3812344895550303
2,0,176,1789633728778760192,3812344895561034
2,0,177,1789633728778770432,3812344895571783
2,0,178,1789633728778781696,3812344895582547
2,0,179,1789633728778791936,3812344895593281
2,0,180,1789633728778803200,3812344895604020
2,0,181,1789633728778813440,3812344895614827
2,0,182,1789633728778824704,3812344895625654
2,0,183,1789633728778834944,3812344895636366
2,0,184,1789633728778846208,3812344895647107
2,0,185,1789633728778856448,3812344895657850
2,0,186,1789633728778867712,3812344895668593
2,0,187,1789633728778877952,3812344895679267
2,0,188,1789633728778889216,3812344895689990
2,0,189,1789633728778899456,3812344895700787
2,0,190,1789633728778910720,3812344895711473
2,0,191,1789633728778920960,3812344895722210
2,0,192,1789633728778932224,3812344895733007
2,0,193,1789633728778942464,3812344895743726
2,0,194,1789633728778953728,3812344895754427
2,0,195,1789633728778963968,3812344895765255
2,0,196,1789633728778975232,3812344895775993
2,0,197,1789633728778985472,3812344895786783
2,0,198,1789633728778996736,3812344895797606
2,0,199,1789633728779006976,3812344895808478
2,0,200,1789633728779018240,3812344895819163
2,0,201,1789633728779028480,3812344895830007
2,0,202,1789633728779039744,3812344895840763
2,0,203,1789633728779049984,3812344895851515
2,0,204,1789633728779061248,3812344895862326
2,0,205,1789633728779071488,3812344895873020
2,0,206,1789633728779082752,3812344895883755
2,0,207,1789633728779092992,3812344895894493
2,0,208,1789633728779104256,3812344895905327
2,0,209,1789633728779114496,3812344895916018
2,0,210,1789633728779125760,3812344895926735
2,0,211,1789633728779136000,3812344895937490
2,0,212,1789633728779147264,3812344895948318
2,0,213,1789633728779157504,3812344895959055
2,0,214,1789633728779168768,3812344895969810
2,0,215,1789633728779179008,3812344895980518
2,0,216,1789633728779190272,3812344895991335
2,0,217,1789633728779200512,3812344896002040
2,0,218,1789633728779211776,3812344896012767
2,0,219,1789633728779222016,3812344896023598
2,0,220,1789633728779233280,3812344896034330
2,0,221,1789633728779243520,3812344896045023
2,0,222,1789633728779254784,3812344896055720
2,0,223,1789633728779265024,3812344896066467
2,0,224,1789633728779276288,3812344896077190
2,0,225,1789633728779286528,3812344896087907
2,0,226,1789633728779297792,3812344896098643
2,0,227,1789633728779308032,3812344896109453
2,0,228,1789633728779319296,3812344896120183
2,0,229,1789633728779329536,3812344896130883
2,0,230,1789633728779340800,3812344896141627
2,0,231,1789633728779351040,3812344896152455
2,0,232,1789633728779362304,3812344896163193
2,0,233,1789633728779372544,3812344896174000
2,0,234,1789633728779383808,3812344896184718
2,0,235,1789633728779394048,3812344896195480
2,0,236,1789633728779405312,3812344896206193
2,0,237,1789633728779415552,3812344896217033
2,0,238,1789633728779426816,3812344896227907
2,0,239,1789633728779437056,3812344896238730
2,0,240,1789633728779448320,3812344896249467
2,0,241,1789633728779459584,3812344896260290
2,0,242,1789633728779469824,3812344896270983
2,0,243,1789633728779480064,3812344896281686
2,0,244,1789633728779491328,3812344896292387
2,0,245,1789633728779501568,3812344896303113
2,0,246,1789633728779512832,3812344896313830
2,0,247,1789633728779523072,3812344896324650
2,0,248,1789633728779534336,3812344896335353
2,0,249,1789633728779544576,3812344896346100
2,0,250,1789633728779555840,3812344896356900
2,0,251,1789633728779566080,3812344896367638
2,0,252,1789633728779577344,3812344896378447
2,0,253,1789633728779587584,3812344896389183
2,0,254,1789633728779598848,3812344896399907
2,0,255,1789633728779609088,3812344896410643
2,0,256,1789633728779620352,3812344896421467
2,0,257,1789633728779630592,3812344896432200
2,0,258,1789633728779641856,3812344896442933
2,0,259,1789633728779652096,3812344896453660
2,0,260,1789633728779663360,3812344896464390
2,0,261,1789633728779673600,3812344896475113
2,0,262,1789633728779684864,3812344896485853
2,0,263,1789633728779695104,3812344896496667
2,0,264,1789633728779706368,3812344896507360
2,0,265,1789633728779716608,3812344896518087
2,0,266,1789633728779727872,3812344896528800
2,0,267,1789633728779738112,3812344896539540
2,0,268,1789633728779749376,3812344896550230
2,0,269,1789633728779759616,3812344896561060
2,0,270,1789633728779770880,3812344896571755
2,0,271,1789633728779781120,3812344896582567
2,0,272,1789633728779792384,3812344896593267
2,0,273,1789633728779802624,3812344896603975
2,0,274,1789633728779813888,3812344896614703
2,0,275,1789633728779824128,3812344896625500
2,0,276,1789633728779835392,3812344896636183
2,0,277,1789633728779845632,3812344896646920
2,0,278,1789633728779856896,3812344896657650
2,0,279,1789633728779867136,3812344896668438
2,0,280,1789633728779878400,3812344896679147
2,0,281,1789633728779888640,3812344896689960
2,0,282,1789633728779899904,3812344896700655
2,0,283,1789633728779910144,3812344896711383
2,0,284,1789633728779921408,3812344896722190
2,0,285,1789633728779931648,3812344896732918
2,0,286,1789633728779942912,3812344896743635
2,0,287,1789633728779953152,3812344896754447
2,0,288,1789633728779964416,3812344896765187
2,0,289,1789633728779974656,3812344896776138
2,0,290,1789633728779985920,3812344896786870
2,0,291,1789633728779996160,3812344896797687
2,0,292,1789633728780007424,3812344896808410
2,0,293,1789633728780017664,3812344896819118
2,0,294,1789633728780028928,3812344896829947
2,0,295,1789633728780039168,3812344896840646
2,0,296,1789633728780050432,3812344896851375
2,0,297,1789633728780060672,3812344896862113
2,0,298,1789633728780071936,3812344896872853
2,0,299,1789633728780082176,3812344896883558
2,0,300,1789633728780093440,3812344896894303
2,0,301,1789633728780103680,3812344896905003
2,0,302,1789633728780114944,3812344896915740
2,0,303,1789633728780125184,3812344896926470
2,0,304,1789633728780136448,3812344896937223
2,0,305,1789633728780146688,3812344896947935
2,0,306,1789633728780157952,3812344896958675
2,0,307,1789633728780168192,3812344896969487
2,0,308,1789633728780179456,3812344896980235
2,0,309,1789633728780189696,3812344896990987
2,0,310,1789633728780200960,3812344897001750
2,0,311,1789633728780211200,3812344897012486
2,0,312,1789633728780222464,3812344897023310
2,0,313,1789633728780232704,3812344897034015
2,0,314,1789633728780243968,3812344897044747
2,0,315,1789633728780254208,3812344897055483
2,0,316,1789633728780265472,3812344897066200
2,0,317,1789633728780275712,3812344897076935
2,0,318,1789633728780286976,3812344897087650
2,0,319,1789633728780297216,3812344897098393
2,0,320,1789633728780308480,3812344897109126
2,0,321,1789633728780318720,3812344897119850
2,0,322,1789633728780328960,3812344897130583
2,0,323,1789633728780340224,3812344897141303
2,0,324,1789633728780350464,3812344897152140
2,0,325,1789633728780361728,3812344897162875
2,0,326,1789633728780372992,3812344897173627
2,0,327,1789633728780383232,3812344897184340
2,0,328,1789633728780393472,3812344897195080
2,0,329,1789633728780404736,3812344897205838
2,0,330,1789633728780414976,3812344897216660
2,0,331,1789633728780426240,3812344897227398
2,0,332,1789633728780437504,3812344897238200
2,0,333,1789633728780447744,3812344897248907
2,0,334,1789633728780459008,3812344897259635
2,0,335,1789633728780469248,3812344897270438
2,0,336,1789633728780480512,3812344897281160
2,0,337,1789633728780490752,3812344897291978
2,0,338,1789633728780502016,3812344897302820
2,0,339,1789633728780512256,3812344897313567
2,0,340,1789633728780523520,3812344897324395
2,0,341,1789633728780533760,3812344897335078
2,0,342,1789633728780545024,3812344897345766
2,0,343,1789633728780555264,3812344897356570
2,0,344,1789633728780566528,3812344897367293
2,0,345,1789633728780576768,3812344897378107
2,0,346,1789633728780588032,3812344897388810
2,0,347,1789633728780598272,3812344897399633
2,0,348,1789633728780609536,3812344897410360
2,0,349,1789633728780619776,3812344897421187
2,0,350,1789633728780631040,3812344897431873
2,0,351,1789633728780641280,3812344897442613
2,0,352,1789633728780652544,3812344897453355
2,0,353,1789633728780662784,3812344897464083
2,0,354,1789633728780674048,3812344897474800
2,0,355,1789633728780684288,3812344897485633
2,0,356,1789633728780695552,3812344897496327
2,0,357,1789633728780705792,3812344897507043
2,0,358,1789633728780717056,3812344897517770
2,0,359,1789633728780727296,3812344897528587
2,0,360,1789633728780738560,3812344897539286
2,0,361,1789633728780748800,3812344897549980
2,0,362,1789633728780760064,3812344897560710
2,0,363,1789633728780770304,3812344897571440
2,0,364,1789633728780780544,3812344897584100
2,0,365,1789633728780791808,3812344897592947
2,0,366,1789633728780803072,3812344897603675
2,0,367,1789633728780813312,3812344897614498
2,0,368,1789633728780824576,3812344897625233
2,0,369,1789633728780834816,3812344897635953
2,0,370,1789633728780846080,3812344897646718
2,0,371,1789633728780856320,3812344897657440
2,0,372,1789633728780866560,3812344897668240
2,0,373,1789633728780877824,3812344897678923
2,0,374,1789633728780888064,3812344897689615
2,0,375,1789633728780899328,3812344897700343
2,0,376,1789633728780909568,3812344897711058
2,0,377,1789633728780920832,3812344897721873
2,0,378,1789633728780931072,3812344897732573
2,0,379,1789633728780942336,3812344897743287
2,0,380,1789633728780952576,3812344897754010
2,0,381,1789633728780963840,3812344897764778
2,0,382,1789633728780974080,3812344897775493
2,0,383,1789633728780985344,3812344897786326
2,0,384,1789633728780995584,3812344897797153
2,0,385,1789633728781006848,3812344897807847
2,0,386,1789633728781017088,3812344897818678
2,0,387,1789633728781028352,3812344897829527
2,0,388,1789633728781039616,3812344897840227
2,0,389,1789633728781697024,3812344898499227
2,0,390,1789633728781708288,3812344898510075
2,0,391,1789633728781719552,3812344898520870
2,0,392,1789633728781730816,3812344898531673
2,0,393,1789633728781741056,3812344898542470
2,0,394,1789633728781752320,3812344898553299
2,0,395,1789633728781762560,3812344898564130
2,0,396,1789633728781773824,3812344898574819
2,0,397,1789633728781784064,3812344898585606
2,0,398,1789633728781795328,3812344898596326
2,0,399,1789633728781805568,3812344898607126
2,0,400,1789633728781816832,3812344898617903
2,0,401,1789633728781827072,3812344898628693
2,0,402,1789633728781838336,3812344898639367
2,0,403,1789633728781848576,3812344898650155
2,0,404,1789633728781859840,3812344898660853
2,0,405,1789633728781870080,3812344898671563
2,0,406,1789633728781881344,3812344898682275
2,0,407,1789633728781891584,3812344898693055
2,0,408,1789633728781902848,3812344898703723
2,0,409,1789633728781913088,3812344898714518
2,0,410,1789633728781924352,3812344898725290
2,0,411,1789633728781934592,3812344898736015
2,0,412,1789633728781945856,3812344898746799
2,0,413,1789633728781956096,3812344898757587
2,0,414,1789633728781967360,3812344898768283
2,0,415,1789633728781977600,3812344898779076
2,0,416,1789633728781988864,3812344898789853
2,0,417,1789633728781999104,3812344898800530
2,0,418,1789633728782010368,3812344898811252
2,0,419,1789633728782020608,3812344898822047
2,0,420,1789633728782031872,3812344898832850
2,0,421,1789633728782042112,3812344898843567
2,0,422,1789633728782053376,3812344898854330
2,0,423,1789633728782063616,3812344898865006
2,0,424,1789633728782074880,3812344898875713
2,0,425,1789633728782085120,3812344898886490
2,0,426,1789633728782096384,3812344898897199
2,0,427,1789633728782106624,3812344898907933
2,0,428,1789633728782117888,3812344898918733
2,0,429,1789633728782128128,3812344898929439
2,0,430,1789633728782139392,3812344898940143
2,0,431,1789633728782149632,3812344898950927
2,0,432,1789633728782160896,3812344898961606
2,0,433,1789633728782171136,3812344898972387
2,0,434,1789633728782182400,3812344898983083
2,0,435,1789633728782192640,3812344898993879
2,0,436,1789633728782203904,3812344899004627
2,0,437,1789633728782214144,3812344899015418
2,0,438,1789633728782225408,3812344899026227
2,0,439,1789633728782235648,3812344899037153
2,0,440,1789633728782246912,3812344899047835
2,0,441,1789633728782257152,3812344899058643
2,0,442,1789633728782268416,3812344899069450
2,0,443,1789633728782278656,3812344899080159
2,0,444,1789633728782289920,3812344899090953
2,0,445,1789633728782300160,3812344899101658
2,0,446,1789633728782311424,3812344899112453
2,0,447,1789633728782321664,3812344899123126
2,0,448,1789633728782332928,3812344899133910
2,0,449,1789633728782343168,3812344899144587
2,0,450,1789633728782354432,3812344899155378
2,0,451,1789633728782364672,3812344899166083
2,0,452,1789633728782375936,3812344899176859
2,0,453,1789633728782386176,3812344899187558
2,0,454,1789633728782397440,3812344899198359
2,0,455,1789633728782407680,3812344899209075
2,0,456,1789633728782418944,3812344899219873
2,0,457,1789633728782429184,3812344899230550
2,0,458,1789633728782440448,3812344899241372
2,0,459,1789633728782450688,3812344899252083
2,0,460,1789633728782461952,3812344899262803
2,0,461,1789633728782472192,3812344899273603
2,0,462,1789633728782483456,3812344899284303
2,0,463,1789633728782493696,3812344899295038
2,0,464,1789633728782504960,3812344899305806
2,0,465,1789633728782515200,3812344899316623
2,0,466,1789633728782526464,3812344899327430
2,0,467,1789633728782536704,3812344899338233
2,0,468,1789633728782547968,3812344899349223
2,0,469,1789633728782559232,3812344899360047
2,0,470,1789633728782569472,3812344899370859
2,0,471,1789633728782580736,3812344899381778
2,0,472,1789633728782590976,3812344899392595
2,0,473,1789633728782602240,3812344899403427
2,0,474,1789633728782613504,3812344899414287
2,0,475,1789633728782623744,3812344899425299
2,0,476,1789633728782635008,3812344899436172
2,0,477,1789633728782646272,3812344899447018
2,0,478,1789633728782656512,3812344899457886
2,0,479,1789633728782667776,3812344899468726
2,0,480,1789633728782678016,3812344899479547
2,0,481,1789633728782689280,3812344899490390
2,0,482,1789633728782699520,3812344899501418
2,0,483,1789633728782710784,3812344899512355
2,0,484,1789633728782722048,3812344899523210
2,0,485,1789633728782732288,3812344899534015
2,0,486,1789633728782743552,3812344899544867
2,0,487,1789633728782754816,3812344899555702
2,0,488,1789633728782765056,3812344899566550
2,0,489,1789633728782776320,3812344899577622
2,0,490,1789633728782787584,3812344899588479
2,0,491,1789633728782797824,3812344899599313
2,0,492,1789633728782809088,3812344899610153
2,0,493,1789633728782819328,3812344899620999
2,0,494,1789633728782830592,3812344899631873
2,0,495,1789633728782841856,3812344899642750
2,0,496,1789633728782852096,3812344899653642
2,0,497,1789633728782863360,3812344899664493
2,0,498,1789633728782873600,3812344899675355
2,0,499,1789633728782884864,3812344899686195
2,0,500,1789633728782896128,3812344899697019
2,0,501,1789633728782906368,3812344899707875
2,0,502,1789633728782917632,3812344899718747
2,0,503,1789633728782927872,3812344899729746
2,0,504,1789633728782939136,3812344899740602
2,0,505,1789633728782950400,3812344899751467
2,0,506,1789633728782960640,3812344899762275
2,0,507,1789633728782971904,3812344899773110
2,0,508,1789633728782982144,3812344899783915
2,0,509,1789633728782993408,3812344899794742
2,0,510,1789633728783004672,3812344899805730
2,0,511,1789633728783014912,3812344899816575
2,0,512,1789633728783026176,3812344899827373
2,0,513,1789633728783037440,3812344899838230
2,0,514,1789633728783047680,3812344899849050
2,0,515,1789633728783058944,3812344899859878
2,0,516,1789633728783069184,3812344899870718
2,0,517,1789633728783080448,3812344899881550
2,0,518,1789633728783090688,3812344899892382
2,0,519,1789633728783101952,3812344899903355
2,0,520,1789633728783113216,3812344899914239
2,0,521,1789633728783123456,3812344899925058
2,0,522,1789633728783134720,3812344899935855
2,0,523,1789633728783144960,3812344899946650
2,0,524,1789633728783156224,3812344899957467
2,0,525,1789633728783167488,3812344899968302
2,0,526,1789633728783177728,3812344899979150
2,0,527,1789633728783188992,3812344899989995
2,0,528,1789633728783199232,3812344900000938
2,0,529,1789633728783210496,3812344900011875
2,0,530,1789633728783221760,3812344900022595
2,0,531,1789633728783232000,3812344900033433
2,0,532,1789633728783243264,3812344900044222
2,0,533,1789633728783253504,3812344900055033
2,0,534,1789633728783264768,3812344900065867
2,0,535,1789633728783275008,3812344900076678
2,0,536,1789633728783286272,3812344900087547
2,0,537,1789633728783297536,3812344900098475
2,0,538,1789633728783307776,3812344900109326
2,0,539,1789633728783319040,3812344900120126
2,0,540,1789633728783329280,3812344900130942
2,0,541,1789633728783340544,3812344900141767
2,0,542,1789633728783351808,3812344900152573
2,0,543,1789633728783362048,3812344900163398
2,0,544,1789633728783373312,3812344900174206
2,0,545,1789633728783383552,3812344900185027
2,0,546,1789633728783394816,3812344900195979
2,0,547,1789633728783405056,3812344900206867
2,0,548,1789633728783416320,3812344900217678
2,0,549,1789633728783427584,3812344900228492
2,0,550,1789633728783437824,3812344900239299
2,0,551,1789633728783449088,3812344900250130
2,0,552,1789633728783459328,3812344900260998
2,0,553,1789633728783470592,3812344900271967
2,0,554,1789633728783481856,3812344900282818
2,0,555,1789633728783492096,3812344900293638
2,0,556,1789633728783503360,3812344900304510
2,0,557,1789633728783513600,3812344900315290
2,0,558,1789633728783524864,3812344900326215
2,0,559,1789633728783536128,3812344900337055
2,0,560,1789633728783546368,3812344900348039
2,0,561,1789633728783557632,3812344900358970
2,0,562,1789633728783568896,3812344900369790
2,0,563,1789633728783579136,3812344900380638
2,0,564,1789633728783590400,3812344900391493
2,0,565,1789633728783600640,3812344900402359
2,0,566,1789633728783611904,3812344900413313
2,0,567,1789633728783623168,3812344900424276
2,0,568,1789633728783633408,3812344900435095
2,0,569,1789633728783644672,3812344900445927
2,0,570,1789633728783655936,3812344900456773
2,0,571,1789633728783666176,3812344900467593
2,0,572,1789633728783677440,3812344900478402
2,0,573,1789633728783687680,3812344900489347
2,0,574,1789633728783698944,3812344900500350
2,0,575,1789633728783710208,3812344900511187
2,0,576,1789633728783720448,3812344900522019
2,0,577,1789633728783731712,3812344900532907
2,0,578,1789633728783742976,3812344900543733
2,0,579,1789633728783753216,3812344900554587
2,0,580,1789633728783764480,3812344900565499
2,0,581,1789633728783774720,3812344900576439
2,0,582,1789633728783785984,3812344900587255
2,0,583,1789633728783797248,3812344900598055
2,0,584,1789633728783807488,3812344900608930
2,0,585,1789633728783818752,3812344900619733
2,0,586,1789633728783828992,3812344900630650
2,0,587,1789633728783840256,3812344900641499
2,0,588,1789633728783851520,3812344900652462
2,0,589,1789633728783861760,3812344900663398
2,0,590,1789633728783873024,3812344900674242
2,0,591,1789633728783883264,3812344900685039
2,0,592,1789633728783894528,3812344900695879
2,0,593,1789633728783905792,3812344900706790
2,0,594,1789633728783916032,3812344900717653
2,0,595,1789633728783927296,3812344900728587
2,0,596,1789633728783938560,3812344900739427
2,0,597,1789633728783948800,3812344900750233
2,0,598,1789633728783960064,3812344900761107
2,0,599,1789633728783970304,3812344900771935
2,0,600,1789633728783981568,3812344900782867
2,0,601,1789633728783992832,3812344900793707
2,0,602,1789633728784003072,3812344900804655
2,0,603,1789633728784014336,3812344900815482
2,0,604,1789633728784024576,3812344900826335
2,0,605,1789633728784035840,3812344900837155
2,0,606,1789633728784047104,3812344900848002
2,0,607,1789633728784057344,3812344900858827
2,0,608,1789633728784068608,3812344900869647
2,0,609,1789633728784078848,3812344900880613
2,0,610,1789633728784090112,3812344900891478
2,0,611,1789633728784101376,3812344900902299
2,0,612,1789633728784111616,3812344900913178
2,0,613,1789633728784122880,3812344900924005
2,0,614,1789633728784133120,3812344900934833
2,0,615,1789633728784144384,3812344900945653
2,0,616,1789633728784155648,3812344900956475
2,0,617,1789633728784165888,3812344900967282
2,0,618,1789633728784177152,3812344900978213
2,0,619,1789633728784187392,3812344900989027
2,0,620,1789633728784198656,3812344900999830
2,0,621,1789633728784208896,3812344901010707
2,0,622,1789633728784220160,3812344901021518
2,0,623,1789633728784231424,3812344901032375
2,0,624,1789633728784241664,3812344901043230
2,0,625,1789633728784252928,3812344901054042
2,0,626,1789633728784263168,3812344901064882
2,0,627,1789633728784274432,3812344901075822
2,0,628,1789633728784285696,3812344901086650
2,0,629,1789633728784295936,3812344901097467
2,0,630,1789633728784307200,3812344901108299
2,0,631,1789633728784317440,3812344901119113
2,0,632,1789633728784328704,3812344901129918
2,0,633,1789633728784338944,3812344901140724
2,0,634,1789633728784350208,3812344901151542
2,0,635,1789633728784361472,3812344901162358
2,0,636,1789633728784371712,3812344901173287
2,0,637,1789633728784382976,3812344901184107
2,0,638,1789633728784393216,3812344901194899
2,0,639,1789633728784404480,3812344901205739
2,0,640,1789633728784415744,3812344901216542
2,0,641,1789633728784425984,3812344901227355
2,0,642,1789633728784437248,3812344901238153
2,0,643,1789633728784447488,3812344901249027
2,0,644,1789633728784458752,3812344901259873
2,0,645,1789633728784468992,3812344901270827
2,0,646,1789633728784480256,3812344901281645
2,0,647,1789633728784491520,3812344901292475
2,0,648,1789633728784501760,3812344901303330
2,0,649,1789633728784513024,3812344901314182
2,0,650,1789633728784523264,3812344901324995
2,0,651,1789633728784534528,3812344901335873
2,0,652,1789633728784545792,3812344901346875
2,0,653,1789633728784556032,3812344901357799
2,0,654,1789633728784567296,3812344901368638
2,0,655,1789633728784578560,3812344901379479
2,0,656,1789633728784588800,3812344901390310
2,0,657,1789633728784600064,3812344901401193
2,0,658,1789633728784610304,3812344901412002
2,0,659,1789633728784621568,3812344901423102
2,0,660,1789633728784632832,3812344901433925
2,0,661,1789633728784643072,3812344901444750
2,0,662,1789633728784654336,3812344901455679
2,0,663,1789633728784665600,3812344901466505
2,0,664,1789633728784675840,3812344901477318
2,0,665,1789633728784687104,3812344901488190
2,0,666,1789633728784697344,3812344901499147
2,0,667,1789633728784708608,3812344901510062
2,0,668,1789633728784719872,3812344901520839
2,0,669,1789633728784730112,3812344901531687
2,0,670,1789633728784741376,3812344901542493
2,0,671,1789633728784751616,3812344901553347
2,0,672,1789633728784762880,3812344901564259
2,0,673,1789633728784774144,3812344901575142
2,0,674,1789633728784784384,3812344901585998
2,0,675,1789633728784795648,3812344901596847
2,0,676,1789633728784805888,3812344901607659
2,0,677,1789633728784817152,3812344901618485
2,0,678,1789633728784828416,3812344901629325
2,0,679,1789633728784838656,3812344901640198
2,0,680,1789633728784849920,3812344901650998
2,0,681,1789633728784860160,3812344901661873
2,0,682,1789633728784871424,3812344901672759
2,0,683,1789633728784882688,3812344901683610
2,0,684,1789633728784892928,3812344901694422
2,0,685,1789633728784904192,3812344901705279
2,0,686,1789633728784914432,3812344901716095
2,0,687,1789633728784925696,3812344901726947
2,0,688,1789633728784936960,3812344901737779
2,0,689,1789633728784947200,3812344901748750
2,0,690,1789633728784958464,3812344901759595
2,0,691,1789633728784968704,3812344901770398
2,0,692,1789633728784979968,3812344901781227
2,0,693,1789633728784991232,3812344901792042
2,0,694,1789633728785001472,3812344901802893
2,0,695,1789633728785012736,3812344901813756
2,0,696,1789633728785022976,3812344901824579
2,0,697,1789633728785034240,3812344901835422
2,0,698,1789633728785044480,3812344901846396
2,0,699,1789633728785055744,3812344901857230
2,0,700,1789633728785067008,3812344901868059
2,0,701,1789633728785077248,3812344901878879
2,0,702,1789633728785088512,3812344901889698
2,0,703,1789633728785098752,3812344901900525
2,0,704,1789633728785110016,3812344901911342
2,0,705,1789633728785121280,3812344901922159
2,0,706,1789633728785131520,3812344901932973
2,0,707,1789633728785142784,3812344901943930
2,0,708,1789633728785153024,3812344901954750
2,0,709,1789633728785164288,3812344901965673
2,0,710,1789633728785175552,3812344901976487
2,0,711,1789633728785185792,3812344901987278
2,0,712,1789633728785197056,3812344901998090
2,0,713,1789633728785207296,3812344902008922
2,0,714,1789633728785218560,3812344902019913
2,0,715,1789633728785229824,3812344902030730
2,0,716,1789633728785240064,3812344902041582
2,0,717,1789633728785251328,3812344902052439
2,0,718,1789633728785261568,3812344902063262
2,0,719,1789633728785272832,3812344902074079
2,0,720,1789633728785284096,3812344902084898
2,0,721,1789633728785294336,3812344902095750
2,0,722,1789633728785305600,3812344902106622
2,0,723,1789633728785315840,3812344902117576
2,0,724,1789633728785327104,3812344902128447
2,0,725,1789633728785338368,3812344902139282
2,0,726,1789633728785348608,3812344902150165
2,0,727,1789633728785359872,3812344902161002
2,0,728,1789633728785370112,3812344902171875
2,0,729,1789633728785381376,3812344902182730
2,0,730,1789633728785392640,3812344902193667
2,0,731,1789633728785402880,3812344902204518
2,0,732,1789633728785414144,3812344902215338
2,0,733,1789633728785424384,3812344902226187
2,0,734,1789633728785435648,3812344902237047
2,0,735,1789633728785446912,3812344902247893
2,0,736,1789633728785457152,3812344902258839
2,0,737,1789633728785468416,3812344902269713
2,0,738,1789633728785479680,3812344902280538
2,0,739,1789633728785489920,3812344902291487
2,0,740,1789633728785501184,3812344902302325
2,0,741,1789633728785511424,3812344902313175
2,0,742,1789633728785522688,3812344902324015
2,0,743,1789633728785533952,3812344902334955
2,0,744,1789633728785544192,3812344902345790
2,0,745,1789633728785555456,3812344902356653
2,0,746,1789633728785566720,3812344902367610
2,0,747,1789633728785576960,3812344902378427
2,0,748,1789633728785588224,3812344902389267
2,0,749,1789633728785598464,3812344902400087
2,0,750,1789633728785609728,3812344902410938
2,0,751,1789633728785620992,3812344902421907
2,0,752,1789633728785631232,3812344902432773
2,0,753,1789633728785642496,3812344902443610
2,0,754,1789633728785652736,3812344902454485
2,0,755,1789633728785664000,3812344902465293
2,0,756,1789633728785675264,3812344902476150
2,0,757,1789633728785685504,3812344902487013
2,0,758,1789633728785696768,3812344902497979
2,0,759,1789633728785707008,3812344902508867
2,0,760,1789633728785718272,3812344902519725
2,0,761,1789633728785729536,3812344902530542
2,0,762,1789633728785739776,3812344902541395
2,0,763,1789633728785751040,3812344902552239
2,0,764,1789633728785761280,3812344902563093
2,0,765,1789633728785772544,3812344902574073
2,0,766,1789633728785783808,3812344902584918
2,0,767,1789633728785794048,3812344902595733
2,0,768,1789633728785805312,3812344902606605
2,0,769,1789633728785816576,3812344902617427
2,0,770,1789633728785826816,3812344902628253
2,0,771,1789633728785838080,3812344902639202
2,0,772,1789633728785848320,3812344902650147
2,0,773,1789633728785859584,3812344902660962
2,0,774,1789633728785870848,3812344902671873
2,0,775,1789633728785881088,3812344902682670
2,0,776,1789633728785892352,3812344902693479
2,0,777,1789633728785902592,3812344902704338
2,0,778,1789633728785913856,3812344902715207
2,0,779,1789633728785925120,3812344902726150
2,0,780,1789633728785935360,3812344902736965
2,0,781,1789633728785946624,3812344902747779
2,0,782,1789633728785956864,3812344902758655
2,0,783,1789633728785968128,3812344902769485
2,0,784,1789633728785979392,3812344902780322
2,0,785,1789633728785989632,3812344902791202
2,0,786,1789633728786000896,3812344902802255
2,0,787,1789633728786012160,3812344902813078
2,0,788,1789633728786022400,3812344902823885
2,0,789,1789633728786033664,3812344902834707
2,0,790,1789633728786043904,3812344902845655
2,0,791,1789633728786055168,3812344902856453
2,0,792,1789633728786066432,3812344902867290
2,0,793,1789633728786076672,3812344902878315
2,0,794,1789633728786087936,3812344902889175
2,0,795,1789633728786098176,3812344902899987
2,0,796,1789633728786109440,3812344902910862
2,0,797,1789633728786120704,3812344902921818
2,0,798,1789633728786130944,3812344902932710
2,0,799,1789633728786142208,3812344902943639
2,0,800,1789633728786153472,3812344902954507
2,0,801,1789633728786163712,3812344902965393
2,0,802,1789633728786174976,3812344902976275
2,0,803,1789633728786186240,3812344902987107
2,0,804,1789633728786196480,3812344902997958
2,0,805,1789633728786207744,3812344903008987
2,0,806,1789633728786219008,3812344903019930
2,0,807,1789633728786229248,3812344903030758
2,0,808,1789633728786240512,3812344903041587
2,0,809,1789633728786250752,3812344903052390
2,0,810,1789633728786262016,3812344903063227
2,0,811,1789633728786272256,3812344903074058
2,0,812,1789633728786283520,3812344903085139
2,0,813,1789633728786294784,3812344903095958
2,0,814,1789633728786305024,3812344903106758
2,0,815,1789633728786316288,3812344903117590
2,0,816,1789633728786327552,3812344903128405
2,0,817,1789633728786337792,3812344903139215
2,0,818,1789633728786349056,3812344903150067
2,0,819,1789633728786359296,3812344903160899
2,0,820,1789633728786370560,3812344903171718
2,0,821,1789633728786380800,3812344903182647
2,0,822,1789633728786392064,3812344903193493
2,0,823,1789633728786403328,3812344903204350
2,0,824,1789633728786413568,3812344903215285
2,0,825,1789633728786424832,3812344903226139
2,0,826,1789633728786436096,3812344903237087
2,0,827,1789633728786446336,3812344903247882
2,0,828,1789633728786457600,3812344903258830
2,0,829,1789633728786467840,3812344903269659
2,0,830,1789633728786479104,3812344903280618
2,0,831,1789633728786490368,3812344903291478
2,0,832,1789633728786500608,3812344903302415
2,0,833,1789633728786511872,3812344903313367
2,0,834,1789633728786523136,3812344903324207
2,0,835,1789633728786533376,3812344903335127
2,0,836,1789633728786544640,3812344903346010
2,0,837,1789633728786555904,3812344903356938
2,0,838,1789633728786566144,3812344903367782
2,0,839,1789633728786577408,3812344903378725
2,0,840,1789633728786588672,3812344903389659
2,0,841,1789633728786598912,3812344903400462
2,0,842,1789633728786610176,3812344903411407
2,0,843,1789633728786620416,3812344903422319
2,0,844,1789633728786631680,3812344903433208
2,0,845,1789633728786642944,3812344903444138
2,0,846,1789633728786653184,3812344903455075
2,0,847,1789633728786664448,3812344903465918
2,0,848,1789633728786675712,3812344903476779
2,0,849,1789633728786685952,3812344903487618
2,0,850,1789633728786697216,3812344903498693
2,0,851,1789633728786708480,3812344903509498
2,0,852,1789633728786718720,3812344903520339
2,0,853,1789633728786729984,3812344903531230
2,0,854,1789633728786741248,3812344903542090
2,0,855,1789633728786751488,3812344903552947
2,0,856,1789633728786762752,3812344903563878
2,0,857,1789633728786772992,3812344903574733
2,0,858,1789633728786784256,3812344903585675
2,0,859,1789633728786795520,3812344903596487
2,0,860,1789633728786805760,3812344903607310
2,0,861,1789633728786817024,3812344903618099
2,0,862,1789633728786827264,3812344903628950
2,0,863,1789633728786838528,3812344903639762
2,0,864,1789633728786848768,3812344903650565
2,0,865,1789633728786860032,3812344903661415
2,0,866,1789633728786871296,3812344903672387
2,0,867,1789633728786881536,3812344903683227
2,0,868,1789633728786892800,3812344903694055
2,0,869,1789633728786903040,3812344903704873
2,0,870,1789633728786914304,3812344903715690
2,0,871,1789633728786925568,3812344903726499
2,0,872,1789633728786935808,3812344903737318
2,0,873,1789633728786947072,3812344903748150
2,0,874,1789633728786957312,3812344903758959
2,0,875,1789633728786968576,3812344903769922
2,0,876,1789633728786979840,3812344903780762
2,0,877,1789633728786990080,3812344903791555
2,0,878,1789633728787001344,3812344903802399
2,0,879,1789633728787011584,3812344903813199
2,0,880,1789633728787022848,3812344903824022
2,0,881,1789633728787033088,3812344903834867
2,0,882,1789633728787044352,3812344903845687
2,0,883,1789633728787055616,3812344903856539
2,0,884,1789633728787065856,3812344903867473
2,0,885,1789633728787077120,3812344903878285
2,0,886,1789633728787087360,3812344903889122
2,0,887,1789633728787098624,3812344903899942
2,0,888,1789633728787109888,3812344903910790
2,0,889,1789633728787120128,3812344903921719
2,0,890,1789633728787131392,3812344903932538
2,0,891,1789633728787141632,3812344903943578
2,0,892,1789633728787152896,3812344903954399
2,0,893,1789633728787164160,3812344903965238
2,0,894,1789633728787174400,3812344903976130
2,0,895,1789633728787185664,3812344903986965
2,0,896,1789633728787196928,3812344903997810
2,0,897,1789633728787207168,3812344904008679
2,0,898,1789633728787218432,3812344904019630
2,0,899,1789633728787228672,3812344904030467
2,0,900,1789633728787239936,3812344904041322
2,0,901,1789633728787251200,3812344904052210
2,0,902,1789633728787261440,3812344904063027
2,0,903,1789633728787272704,3812344904073878
2,0,904,1789633728787282944,3812344904084750
2,0,905,1789633728787294208,3812344904095702
2,0,906,1789633728787305472,3812344904106562
2,0,907,1789633728787315712,3812344904117407
2,0,908,1789633728787326976,3812344904128227
2,0,909,1789633728787337216,3812344904139075
2,0,910,1789633728787348480,3812344904149867
2,0,911,1789633728787359744,3812344904160722
2,0,912,1789633728787369984,3812344904171673
2,0,913,1789633728787381248,3812344904182553
2,0,914,1789633728787392512,3812344904193379
2,0,915,1789633728787402752,3812344904204213
2,0,916,1789633728787414016,3812344904215035
2,0,917,1789633728787424256,3812344904225879
2,0,918,1789633728787435520,3812344904236698
2,0,919,1789633728787445760,3812344904247538
2,0,920,1789633728787457024,3812344904258378
2,0,921,1789633728787468288,3812344904269342
2,0,922,1789633728787478528,3812344904280173
2,0,923,1789633728787489792,3812344904290978
2,0,924,1789633728787500032,3812344904301778
2,0,925,1789633728787511296,3812344904312579
2,0,926,1789633728787521536,3812344904323393
2,0,927,1789633728787532800,3812344904334179
2,0,928,1789633728787544064,3812344904344981
2,0,929,1789633728787554304,3812344904355798
2,0,930,1789633728787565568,3812344904366767
2,0,931,1789633728787575808,3812344904377630
2,0,932,1789633728787587072,3812344904388435
2,0,933,1789633728787598336,3812344904399278
2,0,934,1789633728787608576,3812344904410107
2,0,935,1789633728787619840,3812344904420902
2,0,936,1789633728787630080,3812344904431727
2,0,937,1789633728787641344,3812344904442538
2,0,938,1789633728787651584,3812344904453359
2,0,939,1789633728787662848,3812344904464327
2,0,940,1789633728787674112,3812344904475173
2,0,941,1789633728787684352,3812344904485993
2,0,942,1789633728787695616,3812344904496798
2,0,943,1789633728787705856,3812344904507613
2,0,944,1789633728787717120,3812344904518473
2,0,945,1789633728787728384,3812344904529298
2,0,946,1789633728787738624,3812344904540127
2,0,947,1789633728787749888,3812344904550959
2,0,948,1789633728787760128,3812344904561873
2,0,949,1789633728787771392,3812344904572690
2,0,950,1789633728787782656,3812344904583573
2,0,951,1789633728787792896,3812344904594373
2,0,952,1789633728787804160,3812344904605207
2,0,953,1789633728787814400,3812344904616053
2,0,954,1789633728787825664,3812344904626858
2,0,955,1789633728787835904,3812344904637707
2,0,956,1789633728787847168,3812344904648559
2,0,957,1789633728787858432,3812344904659499
2,0,958,1789633728787868672,3812344904670327
2,0,959,1789633728787879936,3812344904681165
2,0,960,1789633728787890176,3812344904691998
2,0,961,1789633728787901440,3812344904702842
2,0,962,1789633728787912704,3812344904713674
2,0,963,1789633728787922944,3812344904724513
2,0,964,1789633728787934208,3812344904735473
2,0,965,1789633728787944448,3812344904746302
2,0,966,1789633728787955712,3812344904757139
2,0,967,1789633728787966976,3812344904768053
2,0,968,1789633728787977216,3812344904778878
2,0,969,1789633728787988480,3812344904789674
2,0,970,1789633728787998720,3812344904800485
2,0,971,1789633728788009984,3812344904811299
2,0,972,1789633728788021248,3812344904822213
2,0,973,1789633728788031488,3812344904833154
2,0,974,1789633728788042752,3812344904843967
2,0,975,1789633728788052992,3812344904854802
2,0,976,1789633728788064256,3812344904865650
2,0,977,1789633728788075520,3812344904876438
2,0,978,1789633728788085760,3812344904887167
2,0,979,1789633728788097024,3812344904897902
2,0,980,1789633728788107264,3812344904908647
2,0,981,1789633728788118528,3812344904919370
2,0,982,1789633728788128768,3812344904930178
2,0,983,1789633728788140032,3812344904940854
2,0,984,1789633728788150272,3812344904951547
2,0,985,1789633728788160512,3812344904962267
2,0,986,1789633728788171776,3812344904973004
2,0,987,1789633728788182016,3812344904983727
2,0,988,1789633728788193280,3812344904994510
2,0,989,1789633728788203520,3812344905005207
2,0,990,1789633728788214784,3812344905016005
2,0,991,1789633728788225024,3812344905026699
2,0,992,1789633728788236288,3812344905037447
2,0,993,1789633728788246528,3812344905048178
2,0,994,1789633728788257792,3812344905058999
2,0,995,1789633728788268032,3812344905069798
2,0,996,1789633728788279296,3812344905080525
2,0,997,1789633728788289536,3812344905091325
2,0,998,1789633728788300800,3812344905102267
2,0,999,1789633728788312064,3812344905113067
2,0,1000,1789633728788322304,3812344905123778
2,0,1001,1789633728788333568,3812344905134598
2,0,1002,1789633728788343808,3812344905145258
2,0,1003,1789633728788355072,3812344905156059
2,0,1004,1789633728788365312,3812344905166754
2,0,1005,1789633728788376576,3812344905177473
2,0,1006,1789633728788386816,3812344905188182
2,0,1007,1789633728788398080,3812344905198978
2,0,1008,1789633728788408320,3812344905209690
2,0,1009,1789633728788419584,3812344905220482
2,0,1010,1789633728788429824,3812344905231187
2,0,1011,1789633728788441088,3812344905241987
2,0,1012,1789633728788451328,3812344905252758
2,0,1013,1789633728788462592,3812344905263487
2,0,1014,1789633728788472832,3812344905274274
2,0,1015,1789633728788484096,3812344905284999
2,0,1016,1789633728788494336,3812344905295787
2,0,1017,1789633728788505600,3812344905306450
2,0,1018,1789633728788515840,3812344905317190
2,0,1019,1789633728788527104,3812344905327990
2,0,1020,1789633728788537344,3812344905338707
2,0,1021,1789633728788548608,3812344905349513
2,0,1022,1789633728788558848,3812344905360218
2,0,1023,1789633728788570112,3812344905370907
2,0,1024,1789633728788580352,3812344905381627
2,0,1025,1789633728788590592,3812344905392353
2,0,1026,1789633728788601856,3812344905403099
2,0,1027,1789633728788612096,3812344905413827
2,0,1028,1789633728788623360,3812344905424627
2,0,1029,1789633728788633600,3812344905435365
2,0,1030,1789633728788644864,3812344905446074
2,0,1031,1789633728788655104,3812344905456810
2,0,1032,1789633728788666368,3812344905467610
2,0,1033,1789633728788676608,3812344905478334
2,0,1034,1789633728788687872,3812344905489114
2,0,1035,1789633728788698112,3812344905499834
2,0,1036,1789633728788709376,3812344905510562
2,0,1037,1789633728788719616,3812344905521347
2,0,1038,1789633728788730880,3812344905532067
2,0,1039,1789633728788741120,3812344905542854
2,0,1040,1789633728788752384,3812344905553574
2,0,1041,1789633728788762624,3812344905564358
2,0,1042,1789633728788773888,3812344905575074
2,0,1043,1789633728788784128,3812344905587334
2,0,1044,1789633728788795392,3812344905596534
2,0,1045,1789633728788805632,3812344905607314
2,0,1046,1789633728788816896,3812344905618102
2,0,1047,1789633728788827136,3812344905628954
2,0,1048,1789633728788838400,3812344905639762
2,0,1049,1789633728788849664,3812344905650550
2,0,1050,1789633728788859904,3812344905661347
2,0,1051,1789633728788871168,3812344905672045
2,0,1052,1789633728788881408,3812344905682847
2,0,1053,1789633728788892672,3812344905693573
2,0,1054,1789633728788902912,3812344905704373
2,0,1055,1789633728788914176,3812344905715067
2,0,1056,1789633728788924416,3812344905725867
2,0,1057,1789633728788935680,3812344905736567
2,0,1058,1789633728788945920,3812344905747373
2,0,1059,1789633728788957184,3812344905758098
2,0,1060,1789633728788967424,3812344905768894
2,0,1061,1789633728788978688,3812344905779599
2,0,1062,1789633728788988928,3812344905790365
2,0,1063,1789633728789000192,3812344905801053
2,0,1064,1789633728789010432,3812344905811778
2,0,1065,1789633728789021696,3812344905822502
2,0,1066,1789633728789031936,3812344905833222
2,0,1067,1789633728789042176,3812344905843950
2,0,1068,1789633728789053440,3812344905854747
2,0,1069,1789633728789063680,3812344905865454
2,0,1070,1789633728789074944,3812344905876150
2,0,1071,1789633728789085184,3812344905886947
2,0,1072,1789633728789096448,3812344905897639
2,0,1073,1789633728789106688,3812344905908413
2,0,1074,1789633728789117952,3812344905919118
2,0,1075,1789633728789128192,3812344905929822
2,0,1076,1789633728789139456,3812344905940565
2,0,1077,1789633728789149696,3812344905951367
2,0,1078,1789633728789160960,3812344905962073
2,0,1079,1789633728789171200,3812344905972802
2,0,1080,1789633728789182464,3812344905983613
2,0,1081,1789633728789192704,3812344905994287
2,0,1082,1789633728789203968,3812344906005085
2,0,1083,1789633728789214208,3812344906015757
2,0,1084,1789633728789225472,3812344906026457
2,0,1085,1789633728789235712,3812344906037147
2,0,1086,1789633728789246976,3812344906047967
2,0,1087,1789633728789257216,3812344906058747
2,0,1088,1789633728789268480,3812344906069539
2,0,1089,1789633728789278720,3812344906080234
2,0,1090,1789633728789289984,3812344906091017
2,0,1091,1789633728789300224,3812344906101747
2,0,1092,1789633728789311488,3812344906112547
2,0,1093,1789633728789321728,3812344906123214
2,0,1094,1789633728789332992,3812344906133901
2,0,1095,1789633728789343232,3812344906144617
2,0,1096,1789633728789354496,3812344906155362
2,0,1097,1789633728789364736,3812344906166076
2,0,1098,1789633728789376000,3812344906176844
2,0,1099,1789633728789386240,3812344906187559
2,0,1100,1789633728789397504,3812344906198294
2,0,1101,1789633728789407744,3812344906209102
2,0,1102,1789633728789419008,3812344906219992
2,0,1103,1789633728789429248,3812344906230762
2,0,1104,1789633728789440512,3812344906241561
2,0,1105,1789633728789450752,3812344906252354
2,0,1106,1789633728789462016,3812344906263092
2,0,1107,1789633728789472256,3812344906273892
2,0,1108,1789633728789483520,3812344906284604
2,0,1109,1789633728789493760,3812344906295382
2,0,1110,1789633728789505024,3812344906306092
2,0,1111,1789633728789515264,3812344906316908
2,0,1112,1789633728789526528,3812344906327629
2,0,1113,1789633728789536768,3812344906338408
2,0,1114,1789633728789548032,3812344906349157
2,0,1115,1789633728789558272,3812344906359934
2,0,1116,1789633728789569536,3812344906370624
2,0,1117,1789633728789579776,3812344906381392
2,0,1118,1789633728789591040,3812344906392132
2,0,1119,1789633728789601280,3812344906402842
2,0,1120,1789633728789612544,3812344906413564
2,0,1121,1789633728789622784,3812344906424351
2,0,1122,1789633728789634048,3812344906435107
2,0,1123,1789633728789644288,3812344906445862
2,0,1124,1789633728789655552,3812344906456627
2,0,1125,1789633728789665792,3812344906467374
2,0,1126,1789633728789677056,3812344906478127
2,0,1127,1789633728789687296,3812344906488847
2,0,1128,1789633728789698560,3812344906499651
2,0,1129,1789633728789708800,3812344906510412
2,0,1130,1789633728789720064,3812344906521227
2,0,1131,1789633728789730304,3812344906532129
2,0,1132,1789633728789741568,3812344906542919
2,0,1133,1789633728789752832,3812344906553691
2,0,1134,1789633728789763072,3812344906564454
2,0,1135,1789633728789774336,3812344906575177
2,0,1136,1789633728789784576,3812344906585918
2,0,1137,1789633728789795840,3812344906596658
2,0,1138,1789633728789806080,3812344906607424
2,0,1139,1789633728789817344,3812344906618159
2,0,1140,1789633728789827584,3812344906628928
2,0,1141,1789633728789838848,3812344906639674
2,0,1142,1789633728789849088,3812344906650402
2,0,1143,1789633728789860352,3812344906661163
2,0,1144,1789633728789870592,3812344906671907
2,0,1145,1789633728789881856,3812344906682607
2,0,1146,1789633728789892096,3812344906693408
2,0,1147,1789633728789903360,3812344906704144
2,0,1148,1789633728789913600,3812344906714894
2,0,1149,1789633728789924864,3812344906725649
2,0,1150,1789633728789935104,3812344906736388
2,0,1151,1789633728789946368,3812344906747099
2,0,1152,1789633728789956608,3812344906757854
2,0,1153,1789633728789967872,3812344906768621
2,0,1154,1789633728789978112,3812344906779318
2,0,1155,1789633728789988352,3812344906790074
2,0,1156,1789633728789999616,3812344906800807
2,0,1157,1789633728790009856,3812344906811529
2,0,1158,1789633728790021120,3812344906822264
2,0,1159,1789633728790031360,3812344906832992
2,0,1160,1789633728790042624,3812344906843724
2,0,1161,1789633728790052864,3812344906854452
2,0,1162,1789633728790064128,3812344906865187
2,0,1163,1789633728790074368,3812344906875974
2,0,1164,1789633728790085632,3812344906886774
2,0,1165,1789633728790095872,3812344906897541
2,0,1166,1789633728790107136,3812344906908264
2,0,1167,1789633728790117376,3812344906919007
2,0,1168,1789633728790128640,3812344906929781
2,0,1169,1789633728790138880,3812344906940531
2,0,1170,1789633728790150144,3812344906951302
2,0,1171,1789633728790160384,3812344906962034
2,0,1172,1789633728790171648,3812344906972799
2,0,1173,1789633728790181888,3812344906983559
2,0,1174,1789633728790193152,3812344906994481
2,0,1175,1789633728790204416,3812344907005212
2,0,1176,1789633728790214656,3812344907016032
2,0,1177,1789633728790225920,3812344907026791
2,0,1178,1789633728790236160,3812344907037534
2,0,1179,1789633728790247424,3812344907048232
2,0,1180,1789633728790257664,3812344907058977
2,0,1181,1789633728790268928,3812344907069724
2,0,1182,1789633728790279168,3812344907080441
2,0,1183,1789633728790290432,3812344907091214
2,0,1184,1789633728790300672,3812344907101931
2,0,1185,1789633728790311936,3812344907112704
2,0,1186,1789633728790322176,3812344907123511
2,0,1187,1789633728790333440,3812344907134281
2,0,1188,1789633728790343680,3812344907144982
2,0,1189,1789633728790354944,3812344907155747
2,0,1190,1789633728790365184,3812344907166477
2,0,1191,1789633728790376448,3812344907177232
2,0,1192,1789633728790386688,3812344907187944
2,0,1193,1789633728790396928,3812344907198674
2,0,1194,1789633728790408192,3812344907209387
2,0,1195,1789633728790418432,3812344907220154
2,0,1196,1789633728790429696,3812344907230862
2,0,1197,1789633728790439936,3812344907241594
2,0,1198,1789633728790451200,3812344907252307
2,0,1199,1789633728790461440,3812344907263141
2,0,1200,1789633728790472704,3812344907273851
2,0,1201,1789633728790482944,3812344907284624
2,0,1202,1789633728790494208,3812344907295369
2,0,1203,1789633728790504448,3812344907306074
2,0,1204,1789633728790515712,3812344907316838
2,0,1205,1789633728790525952,3812344907327610
2,0,1206,1789633728790537216,3812344907338352
2,0,1207,1789633728790547456,3812344907349062
2,0,1208,1789633728790558720,3812344907359804
2,0,1209,1789633728790568960,3812344907370534
2,0,1210,1789633728790580224,3812344907381240
2,0,1211,1789633728790590464,3812344907391974
2,0,1212,1789633728790601728,3812344907402711
2,0,1213,1789633728790611968,3812344907413507
2,0,1214,1789633728790623232,3812344907424219
2,0,1215,1789633728790633472,3812344907434954
2,0,1216,1789633728790644736,3812344907445684
2,0,1217,1789633728790654976,3812344907456382
2,0,1218,1789633728790666240,3812344907467150
2,0,1219,1789633728790676480,3812344907477878
2,0,1220,1789633728790687744,3812344907488599
2,0,1221,1789633728790697984,3812344907499432
2,0,1222,1789633728790709248,3812344907510202
2,0,1223,1789633728790719488,3812344907520974
2,0,1224,1789633728790730752,3812344907531824
2,0,1225,1789633728790740992,3812344907542659
2,0,1226,1789633728790752256,3812344907553514
2,0,1227,1789633728790763520,3812344907564262
2,0,1228,1789633728790773760,3812344907575078
2,0,1229,1789633728790785024,3812344907585824
2,0,1230,1789633728790795264,3812344907596544
2,0,1231,1789633728790806528,3812344907607278
2,0,1232,1789633728790816768,3812344907618052
2,0,1233,1789633728790828032,3812344907628768
2,0,1234,1789633728790838272,3812344907639500
2,0,1235,1789633728790848512,3812344907650260
2,0,1236,1789633728790859776,3812344907660997
2,0,1237,1789633728790870016,3812344907671707
2,0,1238,1789633728790881280,3812344907682491
2,0,1239,1789633728790891520,3812344907693227
2,0,1240,1789633728790902784,3812344907704002
2,0,1241,1789633728790913024,3812344907714749
2,0,1242,1789633728790924288,3812344907725554
2,0,1243,1789633728790935552,3812344907736312
2,0,1244,1789633728790945792,3812344907747034
2,0,1245,1789633728790956032,3812344907757770
2,0,1246,1789633728790967296,3812344907768531
2,0,1247,1789633728790978560,3812344907779294
2,0,1248,1789633728790988800,3812344907790052
2,0,1249,1789633728790999040,3812344907800777
2,0,1250,1789633728791010304,3812344907811501
2,0,1251,1789633728791020544,3812344907822169
2,0,1252,1789633728791031808,3812344907832909
2,0,1253,1789633728791042048,3812344907843654
2,0,1254,1789633728791053312,3812344907854374
2,0,1255,1789633728791063552,3812344907865092
2,0,1256,1789633728791074816,3812344907875842
2,0,1257,1789633728791085056,3812344907886577
2,0,1258,1789633728791096320,3812344907897312
2,0,1259,1789633728791106560,3812344907908040
2,0,1260,1789633728791117824,3812344907918760
2,0,1261,1789633728791128064,3812344907929512
2,0,1262,1789633728791139328,3812344907940259
2,0,1263,1789633728791149568,3812344907951029
2,0,1264,1789633728791160832,3812344907961824
2,0,1265,1789633728791171072,3812344907972540
2,0,1266,1789633728791182336,3812344907983234
2,0,1267,1789633728791192576,3812344907993999
2,0,1268,1789633728791203840,3812344908004767
2,0,1269,1789633728791214080,3812344908015590
2,0,1270,1789633728791225344,3812344908026474
2,0,1271,1789633728791235584,3812344908037200
2,0,1272,1789633728791246848,3812344908048027
2,0,1273,1789633728791257088,3812344908058797
2,0,1274,1789633728791268352,3812344908069537
2,0,1275,1789633728791278592,3812344908080287
2,0,1276,1789633728791289856,3812344908090994
2,0,1277,1789633728791300096,3812344908101704
2,0,1278,1789633728791311360,3812344908112474
2,0,1279,1789633728791321600,3812344908123256
2,0,1280,1789633728791332864,3812344908133992
2,0,1281,1789633728791343104,3812344908144800
2,0,1282,1789633728791354368,3812344908155544
2,0,1283,1789633728791364608,3812344908166298
2,0,1284,1789633728791375872,3812344908177064
2,0,1285,1789633728791386112,3812344908187807
2,0,1286,1789633728791397376,3812344908198582
2,0,1287,1789633728791407616,3812344908209320
2,0,1288,1789633728791418880,3812344908220054
2,0,1289,1789633728791429120,3812344908230840
2,0,1290,1789633728791440384,3812344908241534
2,0,1291,1789633728791450624,3812344908252280
2,0,1292,1789633728791461888,3812344908263000
2,0,1293,1789633728791472128,3812344908273744
2,0,1294,1789633728791483392,3812344908284450
2,0,1295,1789633728791493632,3812344908295194
2,0,1296,1789633728791504896,3812344908305924
2,0,1297,1789633728791515136,3812344908316726
2,0,1298,1789633728791526400,3812344908327424
2,0,1299,1789633728791536640,3812344908338192
2,0,1300,1789633728791547904,3812344908348924
2,0,1301,1789633728791558144,3812344908359638
2,0,1302,1789633728791569408,3812344908370408
2,0,1303,1789633728791579648,3812344908381208
2,0,1304,1789633728791590912,3812344908391949
2,0,1305,1789633728791601152,3812344908402724
2,0,1306,1789633728791612416,3812344908413524
2,0,1307,1789633728791622656,3812344908424452
2,0,1308,1789633728791633920,3812344908435212
2,0,1309,1789633728791645184,3812344908446002
2,0,1310,1789633728791655424,3812344908456762
2,0,1311,1789633728791665664,3812344908467462
2,0,1312,1789633728791676928,3812344908478182
2,0,1313,1789633728791687168,3812344908488927
2,0,1314,1789633728791698432,3812344908499682
2,0,1315,1789633728791708672,3812344908510417
2,0,1316,1789633728791719936,3812344908521142
2,0,1317,1789633728791730176,3812344908531876
2,0,1318,1789633728791741440,3812344908542639
2,0,1319,1789633728791751680,3812344908553370
2,0,1320,1789633728791762944,3812344908564164
2,0,1321,1789633728791773184,3812344908574892
2,0,1322,1789633728791784448,3812344908585642
2,0,1323,1789633728791794688,3812344908596406
2,0,1324,1789633728791805952,3812344908607167
2,0,1325,1789633728791816192,3812344908617929
2,0,1326,1789633728791827456,3812344908628693
2,0,1327,1789633728791837696,3812344908639424
2,0,1328,1789633728791848960,3812344908650170
2,0,1329,1789633728791859200,3812344908660867
2,0,1330,1789633728791870464,3812344908671624
2,0,1331,1789633728791880704,3812344908682374
2,0,1332,1789633728791891968,3812344908693142
2,0,1333,1789633728791902208,3812344908703812
2,0,1334,1789633728791913472,3812344908714557
2,0,1335,1789633728791923712,3812344908725304
2,0,1336,1789633728791934976,3812344908736052
2,0,1337,1789633728791945216,3812344908746787
2,0,1338,1789633728791956480,3812344908757558
2,0,1339,1789633728791966720,3812344908768330
2,0,1340,1789633728791977984,3812344908779064
2,0,1341,1789633728791988224,3812344908789834
2,0,1342,1789633728791999488,3812344908800540
2,0,1343,1789633728792009728,3812344908811302
2,0,1344,1789633728792020992,3812344908822002
2,0,1345,1789633728792031232,3812344908832770
2,0,1346,1789633728792042496,3812344908843507
2,0,1347,1789633728792052736,3812344908854307
2,0,1348,1789633728792064000,3812344908865008
2,0,1349,1789633728792074240,3812344908875774
2,0,1350,1789633728792085504,3812344908886532
2,0,1351,1789633728792095744,3812344908897237
2,0,1352,1789633728792107008,3812344908907977
2,0,1353,1789633728792117248,3812344908918731
2,0,1354,1789633728792128512,3812344908929474
2,0,1355,1789633728792138752,3812344908940249
2,0,1356,1789633728792150016,3812344908951154
2,0,1357,1789633728792160256,3812344908961911
2,0,1358,1789633728792171520,3812344908972717
2,0,1359,1789633728792181760,3812344908983524
2,0,1360,1789633728792193024,3812344908994264
2,0,1361,1789633728792203264,3812344909004974
2,0,1362,1789633728792214528,3812344909015737
2,0,1363,1789633728792224768,3812344909026494
2,0,1364,1789633728792236032,3812344909037200
2,0,1365,1789633728792246272,3812344909047964
2,0,1366,1789633728792257536,3812344909058668
2,0,1367,1789633728792267776,3812344909069392
2,0,1368,1789633728792279040,3812344909080132
2,0,1369,1789633728792289280,3812344909090869
2,0,1370,1789633728792300544,3812344909101614
2,0,1371,1789633728792310784,3812344909112374
2,0,1372,1789633728792322048,3812344909123108
2,0,1373,1789633728792332288,3812344909133882
2,0,1374,1789633728792343552,3812344909144599
2,0,1375,1789633728792353792,3812344909155417
2,0,1376,1789633728792365056,3812344909166161
2,0,1377,1789633728792375296,3812344909176924
2,0,1378,1789633728792386560,3812344909187653
2,0,1379,1789633728792396800,3812344909198437
2,0,1380,1789633728792408064,3812344909209177
2,0,1381,1789633728792418304,3812344909219962
2,0,1382,1789633728792429568,3812344909230687
2,0,1383,1789633728792439808,3812344909241462
2,0,1384,1789633728792451072,3812344909252278
2,0,1385,1789633728792461312,3812344909262967
2,0,1386,1789633728792472576,3812344909273724
2,0,1387,1789633728792482816,3812344909284502
2,0,1388,1789633728792494080,3812344909295231
2,0,1389,1789633728792504320,3812344909305959
2,0,1390,1789633728792515584,3812344909316679
2,0,1391,1789633728792525824,3812344909327437
2,0,1392,1789633728792537088,3812344909338224
2,0,1393,1789633728792547328,3812344909349112
2,0,1394,1789633728792558592,3812344909359914
2,0,1395,1789633728792569856,3812344909370700
2,0,1396,1789633728792580096,3812344909381482
2,0,1397,1789633728792591360,3812344909392252
2,0,1398,1789633728792601600,3812344909403024
2,0,1399,1789633728792612864,3812344909413739
2,0,1400,1789633728792623104,3812344909424517
2,0,1401,1789633728792634368,3812344909435270
2,0,1402,1789633728792644608,3812344909446049
2,0,1403,1789633728792655872,3812344909456802
2,0,1404,1789633728792666112,3812344909467560
2,0,1405,1789633728792677376,3812344909478277
2,0,1406,1789633728792687616,3812344909489018
2,0,1407,1789633728792698880,3812344909499734
2,0,1408,1789633728792709120,3812344909510470
2,0,1409,1789633728792720384,3812344909521161
2,0,1410,1789633728792730624,3812344909531932
2,0,1411,1789633728792740864,3812344909542642
2,0,1412,1789633728792752128,3812344909553408
2,0,1413,1789633728792763392,3812344909564174
2,0,1414,1789633728792773632,3812344909574884
2,0,1415,1789633728792783872,3812344909585672
2,0,1416,1789633728792795136,3812344909596374
2,0,1417,1789633728792805376,3812344909607114
2,0,1418,1789633728792816640,3812344909617958
2,0,1419,1789633728792827904,3812344909628774
2,0,1420,1789633728792838144,3812344909639617
2,0,1421,1789633728792849408,3812344909650454
2,0,1422,1789633728792859648,3812344909661257
2,0,1423,1789633728792870912,3812344909672074
2,0,1424,1789633728792881152,3812344909682878
2,0,1425,1789633728792892416,3812344909693692
2,0,1426,1789633728792902656,3812344909704467
2,0,1427,1789633728792913920,3812344909715234
2,0,1428,1789633728792925184,3812344909726054
2,0,1429,1789633728792935424,3812344909736802
2,0,1430,1789633728792946688,3812344909747630
2,0,1431,1789633728792956928,3812344909758424
2,0,1432,1789633728792968192,3812344909769200
2,0,1433,1789633728792978432,3812344909780004
2,0,1434,1789633728792989696,3812344909790764
2,0,1435,1789633728792999936,3812344909801562
2,0,1436,1789633728793011200,3812344909812334
2,0,1437,1789633728793021440,3812344909823177
2,0,1438,1789633728793032704,3812344909833998
2,0,1439,1789633728793042944,3812344909844801
2,0,1440,1789633728793054208,3812344909855630
2,0,1441,1789633728793065472,3812344909866439
2,0,1442,1789633728793075712,3812344909877232
2,0,1443,1789633728793086976,3812344909887929
2,0,1444,1789633728793097216,3812344909898701
2,0,1445,1789633728793108480,3812344909909412
2,0,1446,1789633728793118720,3812344909920156
2,0,1447,1789633728793129984,3812344909930858
2,0,1448,1789633728793140224,3812344909941634
2,0,1449,1789633728793151488,3812344909952336
2,0,1450,1789633728793161728,3812344909963106
2,0,1451,1789633728793172992,3812344909973859
2,0,1452,1789633728793183232,3812344909984594
2,0,1453,1789633728793194496,3812344909995338
2,0,1454,1789633728793204736,3812344910006052
2,0,1455,1789633728793214976,3812344910016762
2,0,1456,1789633728793226240,3812344910027464
2,0,1457,1789633728793236480,3812344910038204
2,0,1458,1789633728793247744,3812344910048952
2,0,1459,1789633728793257984,3812344910059728
2,0,1460,1789633728793269248,3812344910070462
2,0,1461,1789633728793279488,3812344910081240
2,0,1462,1789633728793290752,3812344910091986
2,0,1463,1789633728793300992,3812344910102696
2,0,1464,1789633728793312256,3812344910113512
2,0,1465,1789633728793322496,3812344910124244
2,0,1466,1789633728793333760,3812344910135012
2,0,1467,1789633728793344000,3812344910145724
2,0,1468,1789633728793355264,3812344910156456
2,0,1469,1789633728793365504,3812344910167206
2,0,1470,1789633728793376768,3812344910177982
2,0,1471,1789633728793387008,3812344910188712
2,0,1472,1789633728793398272,3812344910199450
2,0,1473,1789633728793408512,3812344910210162
2,0,1474,1789633728793419776,3812344910220882
2,0,1475,1789633728793430016,3812344910231609
2,0,1476,1789633728793441280,3812344910242354
2,0,1477,1789633728793451520,3812344910253124
2,0,1478,1789633728793462784,3812344910263842
2,0,1479,1789633728793473024,3812344910274610
2,0,1480,1789633728793484288,3812344910285524
2,0,1481,1789633728793494528,3812344910296319
2,0,1482,1789633728793505792,3812344910307090
2,0,1483,1789633728793516032,3812344910317856
2,0,1484,1789633728793527296,3812344910328601
2,0,1485,1789633728793537536,3812344910339324
2,0,1486,1789633728793548800,3812344910350062
2,0,1487,1789633728793559040,3812344910360812
2,0,1488,1789633728793570304,3812344910371574
2,0,1489,1789633728793580544,3812344910382290
2,0,1490,1789633728793591808,3812344910392924
2,0,1491,1789633728793602048,3812344910403524
2,0,1492,1789633728793613312,3812344910414024
2,0,1493,1789633728793623552,3812344910424574
2,0,1494,1789633728793633792,3812344910435089
2,0,1495,1789633728793645056,3812344910445609
2,0,1496,1789633728793655296,3812344910456109
2,0,1497,1789633728793665536,3812344910466606
2,0,1498,1789633728793675776,3812344910477082
2,0,1499,1789633728793687040,3812344910487649
2,0,1500,1789633728793697280,3812344910498284
2,0,1501,1789633728793707520,3812344910508794
2,0,1502,1789633728793717760,3812344910519329
2,0,1503,1789633728793729024,3812344910529818
2,0,1504,1789633728793739264,3812344910540324
2,0,1505,1789633728793749504,3812344910550946
2,0,1506,1789633728793760768,3812344910561464
2,0,1507,1789633728793771008,3812344910571952
2,0,1508,1789633728793781248,3812344910582476
2,0,1509,1789633728793791488,3812344910593001
2,0,1510,1789633728793802752,3812344910603614
2,0,1511,1789633728793812992,3812344910614164
2,0,1512,1789633728793823232,3812344910624649
2,0,1513,1789633728793834496,3812344910635134
2,0,1514,1789633728793844736,3812344910645670
2,0,1515,1789633728793854976,3812344910656256
2,0,1516,1789633728793866240,3812344910666869
2,0,1517,1789633728793876480,3812344910677392
2,0,1518,1789633728793886720,3812344910687876
2,0,1519,1789633728793896960,3812344910698382
2,0,1520,1789633728793908224,3812344910708950
2,0,1521,1789633728793918464,3812344910719474
2,0,1522,1789633728793928704,3812344910730006
2,0,1523,1789633728793939968,3812344910740526
2,0,1524,1789633728793950208,3812344910751094
2,0,1525,1789633728793960448,3812344910761664
2,0,1526,1789633728793970688,3812344910772154
2,0,1527,1789633728793981952,3812344910782736
2,0,1528,1789633728793992192,3812344910793252
2,0,1529,1789633728794002432,3812344910803774
2,0,1530,1789633728794013696,3812344910814294
2,0,1531,1789633728794023936,3812344910824861
2,0,1532,1789633728794034176,3812344910835364
2,0,1533,1789633728794044416,3812344910845874
2,0,1534,1789633728794055680,3812344910856424
2,0,1535,1789633728794065920,3812344910866991
2,0,1536,1789633728794076160,3812344910877500
2,0,1537,1789633728794087424,3812344910888022
2,0,1538,1789633728794097664,3812344910898529
2,0,1539,1789633728794107904,3812344910909082
2,0,1540,1789633728794118144,3812344910919650
2,0,1541,1789633728794129408,3812344910930170
2,0,1542,1789633728794139648,3812344910940692
2,0,1543,1789633728794149888,3812344910951206
2,0,1544,1789633728794160128,3812344910961704
2,0,1545,1789633728794171392,3812344910972319
2,0,1546,1789633728794181632,3812344910982849
2,0,1547,1789633728794191872,3812344910993370
2,0,1548,1789633728794203136,3812344911003913
2,0,1549,1789633728794213376,3812344911014449
2,0,1550,1789633728794223616,3812344911025002
2,0,1551,1789633728794234880,3812344911035584
2,0,1552,1789633728794245120,3812344911046134
2,0,1553,1789633728794255360,3812344911056624
2,0,1554,1789633728794265600,3812344911067153
2,0,1555,1789633728794276864,3812344911077652
2,0,1556,1789633728794287104,3812344911088204
2,0,1557,1789633728794297344,3812344911098730
2,0,1558,1789633728794308608,3812344911109219
2,0,1559,1789633728794318848,3812344911119734
2,0,1560,1789633728794329088,3812344911130380
2,0,1561,1789633728794339328,3812344911140864
2,0,1562,1789633728794350592,3812344911151389
2,0,1563,1789633728794360832,3812344911161886
2,0,1564,1789633728794371072,3812344911172428
2,0,1565,1789633728794382336,3812344911183014
2,0,1566,1789633728794392576,3812344911193532
2,0,1567,1789633728794402816,3812344911204051
2,0,1568,1789633728794413056,3812344911214958
2,0,1569,1789633728794424320,3812344911225589
2,0,1570,1789633728794434560,3812344911236074
2,0,1571,1789633728794445824,3812344911246604
2,0,1572,1789633728794456064,3812344911257152
2,0,1573,1789633728794466304,3812344911267674
2,0,1574,1789633728794477568,3812344911278186
2,0,1575,1789633728794487808,3812344911288702
2,0,1576,1789633728794498048,3812344911299268
2,0,1577,1789633728794508288,3812344911309814
2,0,1578,1789633728794519552,3812344911320336
2,0,1579,1789633728794529792,3812344911330860
2,0,1580,1789633728794540032,3812344911341349
2,0,1581,1789633728794550272,3812344911351866
2,0,1582,1789633728794561536,3812344911362510
2,0,1583,1789633728794571776,3812344911373024
2,0,1584,1789633728794582016,3812344911383550
2,0,1585,1789633728794593280,3812344911394043
2,0,1586,1789633728794603520,3812344911404604
2,0,1587,1789633728794613760,3812344911415176
2,0,1588,1789633728794625024,3812344911425702
2,0,1589,1789633728794635264,3812344911436194
2,0,1590,1789633728794645504,3812344911446729
2,0,1591,1789633728794655744,3812344911457254
2,0,1592,1789633728794667008,3812344911467840
2,0,1593,1789633728794677248,3812344911478384
2,0,1594,1789633728794687488,3812344911488920
2,0,1595,1789633728794698752,3812344911499442
2,0,1596,1789633728794708992,3812344911509960
2,0,1597,1789633728794719232,3812344911520482
2,0,1598,1789633728794729472,3812344911531050
2,0,1599,1789633728794740736,3812344911541564
2,0,1600,1789633728794750976,3812344911552079
2,0,1601,1789633728794761216,3812344911562629
2,0,1602,1789633728794772480,3812344911573179
2,0,1603,1789633728794782720,3812344911583750
2,0,1604,1789633728794792960,3812344911594219
2,0,1605,1789633728794803200,3812344911604706
2,0,1606,1789633728794814464,3812344911615256
2,0,1607,1789633728794824704,3812344911625850
2,0,1608,1789633728794834944,3812344911636404
2,0,1609,1789633728794846208,3812344911646902
2,0,1610,1789633728794856448,3812344911657414
2,0,1611,1789633728794866688,3812344911667906
2,0,1612,1789633728794876928,3812344911678512
2,0,1613,1789633728794888192,3812344911689051
2,0,1614,1789633728794898432,3812344911699566
2,0,1615,1789633728794908672,3812344911710102
2,0,1616,1789633728794919936,3812344911720602
2,0,1617,1789633728794930176,3812344911731209
2,0,1618,1789633728794940416,3812344911741824
2,0,1619,1789633728794950656,3812344911752270
2,0,1620,1789633728794961920,3812344911762736
2,0,1621,1789633728794972160,3812344911773258
2,0,1622,1789633728794982400,3812344911783866
2,0,1623,1789633728794993664,3812344911794404
2,0,1624,1789633728795003904,3812344911804912
2,0,1625,1789633728795014144,3812344911815400
2,0,1626,1789633728795024384,3812344911825912
2,0,1627,1789633728795035648,3812344911836530
2,0,1628,1789633728795045888,3812344911847049
2,0,1629,1789633728795056128,3812344911857578
2,0,1630,1789633728795067392,3812344911868076
2,0,1631,1789633728795077632,3812344911878644
2,0,1632,1789633728795087872,3812344911889209
2,0,1633,1789633728795099136,3812344911899782
2,0,1634,1789633728795109376,3812344911910278
2,0,1635,1789633728795119616,3812344911920763
2,0,1636,1789633728795129856,3812344911931286
2,0,1637,1789633728795141120,3812344911941882
2,0,1638,1789633728795151360,3812344911952429
2,0,1639,1789633728795161600,3812344911962980
2,0,1640,1789633728795172864,3812344911973534
2,0,1641,1789633728795183104,3812344911984056
2,0,1642,1789633728795193344,3812344911994584
2,0,1643,1789633728795203584,3812344912005080
2,0,1644,1789633728795214848,3812344912015602
2,0,1645,1789633728795225088,3812344912026176
2,0,1646,1789633728795235328,3812344912036724
2,0,1647,1789633728795246592,3812344912047246
2,0,1648,1789633728795256832,3812344912057774
2,0,1649,1789633728795267072,3812344912068332
2,0,1650,1789633728795277312,3812344912078814
2,0,1651,1789633728795288576,3812344912089362
2,0,1652,1789633728795298816,3812344912099904
2,0,1653,1789633728795309056,3812344912110440
2,0,1654,1789633728795320320,3812344912120978
2,0,1655,1789633728795330560,3812344912131481
2,0,1656,1789633728795340800,3812344912142040
2,0,1657,1789633728795351040,3812344912152586
2,0,1658,1789633728795362304,3812344912163108
2,0,1659,1789633728795372544,3812344912173631
2,0,1660,1789633728795382784,3812344912184086
2,0,1661,1789633728795393024,3812344912194642
2,0,1662,1789633728795404288,3812344912205249
2,0,1663,1789633728795414528,3812344912215818
2,0,1664,1789633728795424768,3812344912226308
2,0,1665,1789633728795436032,3812344912236824
2,0,1666,1789633728795446272,3812344912247346
2,0,1667,1789633728795456512,3812344912257932
2,0,1668,1789633728795467776,3812344912268450
2,0,1669,1789633728795478016,3812344912278964
2,0,1670,1789633728795488256,3812344912289474
2,0,1671,1789633728795498496,3812344912300024
2,0,1672,1789633728795509760,3812344912310586
2,0,1673,1789633728795520000,3812344912321126
2,0,1674,1789633728795530240,3812344912331642
2,0,1675,1789633728795541504,3812344912342149
2,0,1676,1789633728795551744,3812344912352702
2,0,1677,1789633728795561984,3812344912363276
2,0,1678,1789633728795572224,3812344912373781
2,0,1679,1789633728795583488,3812344912384324
2,0,1680,1789633728795593728,3812344912394812
2,0,1681,1789633728795603968,3812344912405344
2,0,1682,1789633728795615232,3812344912415924
2,0,1683,1789633728795625472,3812344912426484
2,0,1684,1789633728795635712,3812344912437034
2,0,1685,1789633728795645952,3812344912447550
2,0,1686,1789633728795657216,3812344912458070
2,0,1687,1789633728795667456,3812344912468616
2,0,1688,1789633728795677696,3812344912479132
2,0,1689,1789633728795688960,3812344912489649
2,0,1690,1789633728795699200,3812344912500178
2,0,1691,1789633728795709440,3812344912510724
2,0,1692,1789633728795719680,3812344912521304
2,0,1693,1789633728795730944,3812344912531856
2,0,1694,1789633728795741184,3812344912542379
2,0,1695,1789633728795751424,3812344912552883
2,0,1696,1789633728795762688,3812344912563381
2,0,1697,1789633728795772928,3812344912573976
2,0,1698,1789633728795783168,3812344912584532
2,0,1699,1789633728795793408,3812344912595041
2,0,1700,1789633728795804672,3812344912605601
2,0,1701,1789633728795814912,3812344912616099
2,0,1702,1789633728795825152,3812344912626631
2,0,1703,1789633728795836416,3812344912637158
2,0,1704,1789633728795846656,3812344912647674
2,0,1705,1789633728795856896,3812344912658219
2,0,1706,1789633728795867136,3812344912668764
2,0,1707,1789633728795878400,3812344912679284
2,0,1708,1789633728795888640,3812344912689851
2,0,1709,1789633728795898880,3812344912700344
2,0,1710,1789633728795910144,3812344912710848
2,0,1711,1789633728795920384,3812344912721374
2,0,1712,1789633728795930624,3812344912731970
2,0,1713,1789633728795940864,3812344912742500
2,0,1714,1789633728795952128,3812344912753024
2,0,1715,1789633728795962368,3812344912763488
2,0,1716,1789633728795972608,3812344912774082
2,0,1717,1789633728795983872,3812344912784649
2,0,1718,1789633728795994112,3812344912795174
2,0,1719,1789633728796004352,3812344912805674
2,0,1720,1789633728796014592,3812344912816188
2,0,1721,1789633728796025856,3812344912826732
2,0,1722,1789633728796036096,3812344912837322
2,0,1723,1789633728796046336,3812344912847876
2,0,1724,1789633728796057600,3812344912858424
2,0,1725,1789633728796067840,3812344912868890
2,0,1726,1789633728796078080,3812344912879408
2,0,1727,1789633728796088320,3812344912889998
2,0,1728,1789633728796099584,3812344912900556
2,0,1729,1789633728796109824,3812344912911012
2,0,1730,1789633728796120064,3812344912921569
2,0,1731,1789633728796131328,3812344912932090
2,0,1732,1789633728796141568,3812344912942662
2,0,1733,1789633728796151808,3812344912953182
2,0,1734,1789633728796163072,3812344912963693
2,0,1735,1789633728796173312,3812344912974150
2,0,1736,1789633728796183552,3812344912984692
2,0,1737,1789633728796193792,3812344912995340
2,0,1738,1789633728796205056,3812344913005804
2,0,1739,1789633728796215296,3812344913016389
2,0,1740,1789633728796225536,3812344913026876
2,0,1741,1789633728796235776,3812344913037392
2,0,1742,1789633728796247040,3812344913048008
2,0,1743,1789633728796257280,3812344913058541
2,0,1744,1789633728796267520,3812344913069060
2,0,1745,1789633728796278784,3812344913079582
2,0,1746,1789633728796289024,3812344913090116
2,0,1747,1789633728796299264,3812344913100690
2,0,1748,1789633728796310528,3812344913111234
2,0,1749,1789633728796320768,3812344913121724
2,0,1750,1789633728796331008,3812344913132169
2,0,1751,1789633728796341248,3812344913142716
2,0,1752,1789633728796352512,3812344913153359
2,0,1753,1789633728796362752,3812344913163900
2,0,1754,1789633728796372992,3812344913174403
2,0,1755,1789633728796384256,3812344913184902
2,0,1756,1789633728796394496,3812344913195381
2,0,1757,1789633728796404736,3812344913206019
2,0,1758,1789633728796414976,3812344913216561
2,0,1759,1789633728796426240,3812344913227074
2,0,1760,1789633728796436480,3812344913237620
2,0,1761,1789633728796446720,3812344913248175
2,0,1762,1789633728796457984,3812344913258714
2,0,1763,1789633728796468224,3812344913269228
2,0,1764,1789633728796478464,3812344913279726
2,0,1765,1789633728796488704,3812344913290262
2,0,1766,1789633728796499968,3812344913300792
2,0,1767,1789633728796510208,3812344913311362
2,0,1768,1789633728796520448,3812344913321929
2,0,1769,1789633728796531712,3812344913332468
2,0,1770,1789633728796541952,3812344913342958
2,0,1771,1789633728796552192,3812344913353504
2,0,1772,1789633728796562432,3812344913364042
2,0,1773,1789633728796573696,3812344913374599
2,0,1774,1789633728796583936,3812344913385151
2,0,1775,1789633728796594176,3812344913395636
2,0,1776,1789633728796605440,3812344913406168
2,0,1777,1789633728796615680,3812344913416724
2,0,1778,1789633728796625920,3812344913427282
2,0,1779,1789633728796636160,3812344913437836
2,0,1780,1789633728796647424,3812344913448294
2,0,1781,1789633728796657664,3812344913458818
2,0,1782,1789633728796667904,3812344913469394
2,0,1783,1789633728796679168,3812344913479951
2,0,1784,1789633728796689408,3812344913490492
2,0,1785,1789633728796699648,3812344913501008
2,0,1786,1789633728796710912,3812344913511584
2,0,1787,1789633728796721152,3812344913522102
2,0,1788,1789633728796731392,3812344913532629
2,0,1789,1789633728796741632,3812344913543156
2,0,1790,1789633728796752896,3812344913553676
2,0,1791,1789633728796763136,3812344913564204
2,0,1792,1789633728796773376,3812344913574752
2,0,1793,1789633728796783616,3812344913585236
2,0,1794,1789633728796794880,3812344913595774
2,0,1795,1789633728796805120,3812344913606270
2,0,1796,1789633728796815360,3812344913616792
2,0,1797,1789633728796826624,3812344913627430
2,0,1798,1789633728796836864,3812344913637954
2,0,1799,1789633728796847104,3812344913648476
2,0,1800,1789633728796857344,3812344913658974
2,0,1801,1789633728796868608,3812344913669476
2,0,1802,1789633728796878848,3812344913680092
2,0,1803,1789633728796889088,3812344913690644
2,0,1804,1789633728796900352,3812344913701168
2,0,1805,1789633728796910592,3812344913711682
2,0,1806,1789633728796920832,3812344913722232
2,0,1807,1789633728796932096,3812344913732742
2,0,1808,1789633728796942336,3812344913743292
2,0,1809,1789633728796952576,3812344913753782
2,0,1810,1789633728796962816,3812344913764318
2,0,1811,1789633728796974080,3812344913774850
2,0,1812,1789633728796984320,3812344913785416
2,0,1813,1789633728796994560,3812344913795959
2,0,1814,1789633728797005824,3812344913806459
2,0,1815,1789633728797016064,3812344913816984
2,0,1816,1789633728797026304,3812344913827482
2,0,1817,1789633728797036544,3812344913838092
2,0,1818,1789633728797047808,3812344913848630
2,0,1819,1789633728797058048,3812344913859149
2,0,1820,1789633728797068288,3812344913869684
2,0,1821,1789633728797079552,3812344913880252
2,0,1822,1789633728797089792,3812344913890782
2,0,1823,1789633728797100032,3812344913901249
2,0,1824,1789633728797110272,3812344913911823
2,0,1825,1789633728797121536,3812344913922249
2,0,1826,1789633728797131776,3812344913932806
2,0,1827,1789633728797142016,3812344913943508
2,0,1828,1789633728797153280,3812344913954026
2,0,1829,1789633728797163520,3812344913964540
2,0,1830,1789633728797173760,3812344913975036
2,0,1831,1789633728797184000,3812344913985584
2,0,1832,1789633728797195264,3812344913996114
2,0,1833,1789633728797205504,3812344914006672
2,0,1834,1789633728797215744,3812344914017219
2,0,1835,1789633728797227008,3812344914027718
2,0,1836,1789633728797237248,3812344914038268
2,0,1837,1789633728797247488,3812344914048792
2,0,1838,1789633728797257728,3812344914059299
2,0,1839,1789633728797268992,3812344914069836
2,0,1840,1789633728797279232,3812344914080324
2,0,1841,1789633728797289472,3812344914090881
2,0,1842,1789633728797300736,3812344914101459
2,0,1843,1789633728797310976,3812344914112001
2,0,1844,1789633728797321216,3812344914122494
2,0,1845,1789633728797331456,3812344914133006
2,0,1846,1789633728797342720,3812344914143516
2,0,1847,1789633728797352960,3812344914154142
2,0,1848,1789633728797363200,3812344914164689
2,0,1849,1789633728797374464,3812344914175166
2,0,1850,1789633728797384704,3812344914185690
2,0,1851,1789633728797394944,3812344914196212
2,0,1852,1789633728797405184,3812344914206799
2,0,1853,1789633728797416448,3812344914217304
2,0,1854,1789633728797426688,3812344914227850
2,0,1855,1789633728797436928,3812344914238331
2,0,1856,1789633728797448192,3812344914248859
2,0,1857,1789633728797458432,3812344914259489
2,0,1858,1789633728797468672,3812344914270062
2,0,1859,1789633728797479936,3812344914280574
2,0,1860,1789633728797490176,3812344914291028
2,0,1861,1789633728797500416,3812344914301536
2,0,1862,1789633728797510656,3812344914312138
2,0,1863,1789633728797521920,3812344914322649
2,0,1864,1789633728797532160,3812344914333204
2,0,1865,1789633728797542400,3812344914343712
2,0,1866,1789633728797552640,3812344914354244
2,0,1867,1789633728797563904,3812344914364812
2,0,1868,1789633728797574144,3812344914375374
2,0,1869,1789633728797584384,3812344914385864
2,0,1870,1789633728797595648,3812344914396341
2,0,1871,1789633728797605888,3812344914406888
2,0,1872,1789633728797616128,3812344914417499
2,0,1873,1789633728797627392,3812344914428059
2,0,1874,1789633728797637632,3812344914438544
2,0,1875,1789633728797647872,3812344914449036
2,0,1876,1789633728797658112,3812344914459554
2,0,1877,1789633728797669376,3812344914470152
2,0,1878,1789633728797679616,3812344914480674
2,0,1879,1789633728797689856,3812344914491191
2,0,1880,1789633728797700096,3812344914501726
2,0,1881,1789633728797711360,3812344914512254
2,0,1882,1789633728797721600,3812344914522842
2,0,1883,1789633728797731840,3812344914533360
2,0,1884,1789633728797743104,3812344914543882
2,0,1885,1789633728797753344,3812344914554386
2,0,1886,1789633728797763584,3812344914564941
2,0,1887,1789633728797773824,3812344914575514
2,0,1888,1789633728797785088,3812344914586050
2,0,1889,1789633728797795328,3812344914596554
2,0,1890,1789633728797805568,3812344914607054
2,0,1891,1789633728797816832,3812344914617592
2,0,1892,1789633728797827072,3812344914628174
2,0,1893,1789633728797837312,3812344914638682
2,0,1894,1789633728797848576,3812344914649230
2,0,1895,1789633728797858816,3812344914659702
2,0,1896,1789633728797869056,3812344914670242
2,0,1897,1789633728797879296,3812344914680856
2,0,1898,1789633728797890560,3812344914691391
2,0,1899,1789633728797900800,3812344914701904
2,0,1900,1789633728797911040,3812344914712410
2,0,1901,1789633728797921280,3812344914722936
2,0,1902,1789633728797932544,3812344914733512
2,0,1903,1789633728797942784,3812344914744074
2,0,1904,1789633728797953024,3812344914754552
2,0,1905,1789633728797964288,3812344914765095
2,0,1906,1789633728797974528,3812344914775602
2,0,1907,1789633728797984768,3812344914786208
2,0,1908,1789633728797996032,3812344914796689
2,0,1909,1789633728798006272,3812344914807184
2,0,1910,1789633728798016512,3812344914817724
2,0,1911,1789633728798026752,3812344914828282
2,0,1912,1789633728798038016,3812344914838869
2,0,1913,1789633728798048256,3812344914849404
2,0,1914,1789633728798058496,3812344914859924
2,0,1915,1789633728798068736,3812344914870408
2,0,1916,1789633728798080000,3812344914880900
2,0,1917,1789633728798090240,3812344914891552
2,0,1918,1789633728798100480,3812344914902051
2,0,1919,1789633728798111744,3812344914912579
2,0,1920,1789633728798121984,3812344914923056
2,0,1921,1789633728798132224,3812344914933576
2,0,1922,1789633728798142464,3812344914944224
2,0,1923,1789633728798153728,3812344914954762
2,0,1924,1789633728798163968,3812344914965262
2,0,1925,1789633728798174208,3812344914975764
2,0,1926,1789633728798185472,3812344914986304
2,0,1927,1789633728798195712,3812344914996912
2,0,1928,1789633728798205952,3812344915007434
2,0,1929,1789633728798217216,3812344915017988
2,0,1930,1789633728798227456,3812344915028510
2,0,1931,1789633728798237696,3812344915039032
2,0,1932,1789633728798247936,3812344915049558
2,0,1933,1789633728798259200,3812344915060124
2,0,1934,1789633728798269440,3812344915070664
2,0,1935,1789633728798279680,3812344915081220
2,0,1936,1789633728798290944,3812344915091824
2,0,1937,1789633728798301184,3812344915102254
2,0,1938,1789633728798311424,3812344915112790
2,0,1939,1789633728798321664,3812344915123294
2,0,1940,1789633728798332928,3812344915133806
2,0,1941,1789633728798343168,3812344915144324
2,0,1942,1789633728798353408,3812344915154908
2,0,1943,1789633728798364672,3812344915165452
2,0,1944,1789633728798374912,3812344915175960
2,0,1945,1789633728798385152,3812344915186400
2,0,1946,1789633728798395392,3812344915196960
2,0,1947,1789633728798406656,3812344915207596
2,0,1948,1789633728798416896,3812344915218145
2,0,1949,1789633728798427136,3812344915228685
2,0,1950,1789633728798438400,3812344915239182
2,0,1951,1789633728798448640,3812344915249720
2,0,1952,1789633728798458880,3812344915260258
2,0,1953,1789633728798469120,3812344915270752
2,0,1954,1789633728798480384,3812344915281294
2,0,1955,1789633728798490624,3812344915291804
2,0,1956,1789633728798500864,3812344915302342
2,0,1957,1789633728798512128,3812344915312916
2,0,1958,1789633728798522368,3812344915323528
2,0,1959,1789633728798532608,3812344915334040
2,0,1960,1789633728798542848,3812344915344514
2,0,1961,1789633728798554112,3812344915355026
2,0,1962,1789633728798564352,3812344915365601
2,0,1963,1789633728798574592,3812344915376174
2,0,1964,1789633728798585856,3812344915386656
2,0,1965,1789633728798596096,3812344915397161
2,0,1966,1789633728798606336,3812344915407718
2,0,1967,1789633728798616576,3812344915418282
2,0,1968,1789633728798627840,3812344915428774
2,0,1969,1789633728798638080,3812344915439254
2,0,1970,1789633728798648320,3812344915449776
2,0,1971,1789633728798659584,3812344915460292
2,0,1972,1789633728798669824,3812344915470941
2,0,1973,1789633728798680064,3812344915481474
2,0,1974,1789633728798691328,3812344915491994
2,0,1975,1789633728798701568,3812344915502486
2,0,1976,1789633728798711808,3812344915513032
2,0,1977,1789633728798722048,3812344915523614
2,0,1978,1789633728798733312,3812344915534166
2,0,1979,1789633728798743552,3812344915544713
2,0,1980,1789633728798753792,3812344915555202
2,0,1981,1789633728798765056,3812344915565774
2,0,1982,1789633728798775296,3812344915576285
2,0,1983,1789633728798785536,3812344915586824
2,0,1984,1789633728798795776,3812344915597352
2,0,1985,1789633728798807040,3812344915607854
2,0,1986,1789633728798817280,3812344915618392
2,0,1987,1789633728798827520,3812344915628944
2,0,1988,1789633728798838784,3812344915639512
2,0,1989,1789633728798849024,3812344915650066
2,0,1990,1789633728798859264,3812344915660574
2,0,1991,1789633728798869504,3812344915671078
2,0,1992,1789633728798880768,3812344915681652
2,0,1993,1789633728798891008,3812344915692154
2,0,1994,1789633728798901248,3812344915702692
2,0,1995,1789633728798912512,3812344915713198
2,0,1996,1789633728798922752,3812344915723748
2,0,1997,1789633728798932992,3812344915734314
2,0,1998,1789633728798943232,3812344915744804
2,0,1999,1789633728798954496,3812344915755341
2,0,2000,1789633728798964736,3812344915765874
2,0,2001,1789633728798974976,3812344915776382
2,0,2002,1789633728798985216,3812344915786962
2,0,2003,1789633728798996480,3812344915797476
2,0,2004,1789633728799006720,3812344915807962
2,0,2005,1789633728799016960,3812344915818438
2,0,2006,1789633728799028224,3812344915828936
2,0,2007,1789633728799038464,3812344915839556
2,0,2008,1789633728799048704,3812344915850044
2,0,2009,1789633728799058944,3812344915860586
2,0,2010,1789633728799070208,3812344915871074
2,0,2011,1789633728799080448,3812344915881640
2,0,2012,1789633728799090688,3812344915892354
2,0,2013,1789633728799101952,3812344915902880
2,0,2014,1789633728799112192,3812344915913426
2,0,2015,1789633728799122432,3812344915923942
2,0,2016,1789633728799133696,3812344915934480
2,0,2017,1789633728799143936,3812344915944998
2,0,2018,1789633728799154176,3812344915955576
2,0,2019,1789633728799164416,3812344915966092
2,0,2020,1789633728799175680,3812344915976606
2,0,2021,1789633728799185920,3812344915987118
2,0,2022,1789633728799196160,3812344915997674
2,0,2023,1789633728799207424,3812344916008242
2,0,2024,1789633728799217664,3812344916018718
2,0,2025,1789633728799227904,3812344916029254
2,0,2026,1789633728799238144,3812344916039774
2,0,2027,1789633728799249408,3812344916050352
2,0,2028,1789633728799259648,3812344916060854
2,0,2029,1789633728799269888,3812344916071348
2,0,2030,1789633728799281152,3812344916081842
2,0,2031,1789633728799291392,3812344916092392
2,0,2032,1789633728799301632,3812344916103008
2,0,2033,1789633728799311872,3812344916113524
2,0,2034,1789633728799323136,3812344916124054
2,0,2035,1789633728799333376,3812344916134561
2,0,2036,1789633728799343616,3812344916145042
2,0,2037,1789633728799354880,3812344916155685
2,0,2038,1789633728799365120,3812344916166230
2,0,2039,1789633728799375360,3812344916176776
2,0,2040,1789633728799386624,3812344916187282
2,0,2041,1789633728799396864,3812344916197860
2,0,2042,1789633728799407104,3812344916208374
2,0,2043,1789633728799417344,3812344916218882
2,0,2044,1789633728799428608,3812344916229338
2,0,2045,1789633728799438848,3812344916239860
2,0,2046,1789633728799449088,3812344916250402
2,0,2047,1789633728799459328,3812344916261044
2,0,2048,1789633728799470592,3812344916271566
2,0,2049,1789633728799480832,3812344916282083
2,0,2050,1789633728799491072,3812344916292582
2,0,2051,1789633728799502336,3812344916303126
2,0,2052,1789633728799512576,3812344916313700
2,0,2053,1789633728799522816,3812344916324251
2,0,2054,1789633728799534080,3812344916334768
2,0,2055,1789633728799544320,3812344916345306
2,0,2056,1789633728799554560,3812344916355811
2,0,2057,1789633728799564800,3812344916366381
2,0,2058,1789633728799576064,3812344916376926
2,0,2059,1789633728799586304,3812344916387431
2,0,2060,1789633728799596544,3812344916397943
2,0,2061,1789633728799606784,3812344916408434
2,0,2062,1789633728799618048,3812344916419051
2,0,2063,1789633728799628288,3812344916429593
2,0,2064,1789633728799638528,3812344916440150
2,0,2065,1789633728799649792,3812344916450644
2,0,2066,1789633728799660032,3812344916461211
2,0,2067,1789633728799670272,3812344916471716
2,0,2068,1789633728799681536,3812344916482256
2,0,2069,1789633728799691776,3812344916492824
2,0,2070,1789633728799702016,3812344916503335
2,0,2071,1789633728799712256,3812344916513906
2,0,2072,1789633728799723520,3812344916524398
2,0,2073,1789633728799733760,3812344916534904
2,0,2074,1789633728799744000,3812344916545391
2,0,2075,1789633728799754240,3812344916555891
2,0,2076,1789633728799765504,3812344916566460
2,0,2077,1789633728799775744,3812344916577071
2,0,2078,1789633728799785984,3812344916587578
2,0,2079,1789633728799797248,3812344916598124
2,0,2080,1789633728799807488,3812344916608606
2,0,2081,1789633728799817728,3812344916619098
2,0,2082,1789633728799827968,3812344916629760
2,0,2083,1789633728799839232,3812344916640288
2,0,2084,1789633728799849472,3812344916650834
2,0,2085,1789633728799859712,3812344916661341
2,0,2086,1789633728799870976,3812344916671841
2,0,2087,1789633728799881216,3812344916682414
2,0,2088,1789633728799891456,3812344916692928
2,0,2089,1789633728799902720,3812344916703394
2,0,2090,1789633728799912960,3812344916713916
2,0,2091,1789633728799923200,3812344916724481
2,0,2092,1789633728799933440,3812344916735101
2,0,2093,1789633728799944704,3812344916745631
2,0,2094,1789633728799954944,3812344916756130
2,0,2095,1789633728799965184,3812344916766654
2,0,2096,1789633728799976448,3812344916777158
2,0,2097,1789633728799986688,3812344916787744
2,0,2098,1789633728799996928,3812344916798311
2,0,2099,1789633728800007168,3812344916808850
2,0,2100,1789633728800018432,3812344916819374
2,0,2101,1789633728800028672,3812344916829911
2,0,2102,1789633728800038912,3812344916840444
2,0,2103,1789633728800050176,3812344916850954
2,0,2104,1789633728800060416,3812344916861476
2,0,2105,1789633728800070656,3812344916871954
2,0,2106,1789633728800080896,3812344916882506
2,0,2107,1789633728800092160,3812344916893114
2,0,2108,1789633728800102400,3812344916903668
2,0,2109,1789633728800112640,3812344916914208
2,0,2110,1789633728800123904,3812344916924636
2,0,2111,1789633728800134144,3812344916935176
2,0,2112,1789633728800144384,3812344916945808
2,0,2113,1789633728800154624,3812344916956331
2,0,2114,1789633728800165888,3812344916966841
2,0,2115,1789633728800176128,3812344916977351
2,0,2116,1789633728800186368,3812344916987870
2,0,2117,1789633728800197632,3812344916998444
2,0,2118,1789633728800207872,3812344917008951
2,0,2119,1789633728800218112,3812344917019436
2,0,2120,1789633728800228352,3812344917029931
2,0,2121,1789633728800239616,3812344917040480
2,0,2122,1789633728800249856,3812344917051101
2,0,2123,1789633728800260096,3812344917061624
2,0,2124,1789633728800271360,3812344917072166
2,0,2125,1789633728800281600,3812344917082644
2,0,2126,1789633728800291840,3812344917093131
2,0,2127,1789633728800302080,3812344917103804
2,0,2128,1789633728800313344,3812344917114328
2,0,2129,1789633728800323584,3812344917124896
2,0,2130,1789633728800333824,3812344917135410
2,0,2131,1789633728800345088,3812344917145961
2,0,2132,1789633728800355328,3812344917156454
2,0,2133,1789633728800365568,3812344917167006
2,0,2134,1789633728800375808,3812344917177504
2,0,2135,1789633728800387072,3812344917187983
2,0,2136,1789633728800397312,3812344917198525
2,0,2137,1789633728800407552,3812344917209141
2,0,2138,1789633728800418816,3812344917219661
2,0,2139,1789633728800429056,3812344917230130
2,0,2140,1789633728800439296,3812344917240626
2,0,2141,1789633728800449536,3812344917251141
2,0,2142,1789633728800460800,3812344917261704
2,0,2143,1789633728800471040,3812344917272281
2,0,2144,1789633728800481280,3812344917282761
2,0,2145,1789633728800492544,3812344917293281
2,0,2146,1789633728800502784,3812344917303824
2,0,2147,1789633728800513024,3812344917314501
2,0,2148,1789633728800524288,3812344917325058
2,0,2149,1789633728800534528,3812344917335580
2,0,2150,1789633728800544768,3812344917346098
2,0,2151,1789633728800555008,3812344917356618
2,0,2152,1789633728800566272,3812344917367158
2,0,2153,1789633728800576512,3812344917377694
2,0,2154,1789633728800586752,3812344917388201
2,0,2155,1789633728800596992,3812344917398681
2,0,2156,1789633728800608256,3812344917409200
2,0,2157,1789633728800618496,3812344917419831
2,0,2158,1789633728800628736,3812344917430344
2,0,2159,1789633728800640000,3812344917440890
2,0,2160,1789633728800650240,3812344917451454
2,0,2161,1789633728800660480,3812344917462018
2,0,2162,1789633728800671744,3812344917472600
2,0,2163,1789633728800681984,3812344917483160
2,0,2164,1789633728800692224,3812344917493694
2,0,2165,1789633728800702464,3812344917504244
2,0,2166,1789633728800713728,3812344917514831
2,0,2167,1789633728800723968,3812344917525386
2,0,2168,1789633728800734208,3812344917535970
2,0,2169,1789633728800745472,3812344917546674
2,0,2170,1789633728800755712,3812344917557250
2,0,2171,1789633728800766976,3812344917567824
2,0,2172,1789633728800777216,3812344917584148
2,0,2173,1789633728800787456,3812344917588911
2,0,2174,1789633728800798720,3812344917599488
2,0,2175,1789633728800808960,3812344917610056
2,0,2176,1789633728800819200,3812344917620668
2,0,2177,1789633728800830464,3812344917631266
2,0,2178,1789633728800840704,3812344917641818
2,0,2179,1789633728800850944,3812344917652355
2,0,2180,1789633728800861184,3812344917662881
2,0,2181,1789633728800872448,3812344917673531
2,0,2182,1789633728800882688,3812344917684106
2,0,2183,1789633728800892928,3812344917694618
2,0,2184,1789633728800904192,3812344917705133
2,0,2185,1789633728800914432,3812344917715681
2,0,2186,1789633728800924672,3812344917726253
2,0,2187,1789633728800935936,3812344917736783
2,0,2188,1789633728800946176,3812344917747471
2,0,2189,1789633728800956416,3812344917758043
2,0,2190,1789633728800967680,3812344917768580
2,0,2191,1789633728800977920,3812344917779175
2,0,2192,1789633728800988160,3812344917789699
2,0,2193,1789633728800999424,3812344917800275
2,0,2194,1789633728801009664,3812344917810903
2,0,2195,1789633728801019904,3812344917821600
2,0,2196,1789633728801031168,3812344917832125
2,0,2197,1789633728801041408,3812344917842703
2,0,2198,1789633728801051648,3812344917853233
2,0,2199,1789633728801062912,3812344917863811
2,0,2200,1789633728801073152,3812344917874378
2,0,2201,1789633728801083392,3812344917884901
2,0,2202,1789633728801094656,3812344917895475
2,0,2203,1789633728801104896,3812344917906026
2,0,2204,1789633728801115136,3812344917916601
2,0,2205,1789633728801125376,3812344917927146
2,0,2206,1789633728801136640,3812344917937738
2,0,2207,1789633728801146880,3812344917948403
2,0,2208,1789633728801158144,3812344917958993
2,0,2209,1789633728801168384,3812344917969551
2,0,2210,1789633728801178624,3812344917980131
2,0,2211,1789633728801189888,3812344917990723
2,0,2212,1789633728801200128,3812344918001261
2,0,2213,1789633728801210368,3812344918011805
2,0,2214,1789633728801220608,3812344918022332
2,0,2215,1789633728801231872,3812344918032866
2,0,2216,1789633728801242112,3812344918043411
2,0,2217,1789633728801252352,3812344918053978
2,0,2218,1789633728801263616,3812344918064581
2,0,2219,1789633728801273856,3812344918075218
2,0,2220,1789633728801284096,3812344918085761
2,0,2221,1789633728801295360,3812344918096319
2,0,2222,1789633728801305600,3812344918106816
2,0,2223,1789633728801315840,3812344918117376
2,0,2224,1789633728801327104,3812344918128017
2,0,2225,1789633728801337344,3812344918138607
2,0,2226,1789633728801347584,3812344918149167
2,0,2227,1789633728801358848,3812344918159737
2,0,2228,1789633728801369088,3812344918170248
2,0,2229,1789633728801379328,3812344918180810
2,0,2230,1789633728801390592,3812344918191373
2,0,2231,1789633728801400832,3812344918202005
2,0,2232,1789633728801411072,3812344918212553
2,0,2233,1789633728801422336,3812344918223137
2,0,2234,1789633728801432576,3812344918233714
2,0,2235,1789633728801442816,3812344918244295
2,0,2236,1789633728801454080,3812344918254915
2,0,2237,1789633728801464320,3812344918265471
2,0,2238,1789633728801474560,3812344918276165
2,0,2239,1789633728801485824,3812344918286648
2,0,2240,1789633728801496064,3812344918297137
2,0,2241,1789633728801506304,3812344918307650
2,0,2242,1789633728801516544,3812344918318237
2,0,2243,1789633728801527808,3812344918328946
2,0,2244,1789633728801538048,3812344918339487
2,0,2245,1789633728801548288,3812344918350017
2,0,2246,1789633728801559552,3812344918360497
2,0,2247,1789633728801569792,3812344918371026
2,0,2248,1789633728801580032,3812344918381567
2,0,2249,1789633728801591296,3812344918392127
2,0,2250,1789633728801601536,3812344918402690
2,0,2251,1789633728801611776,3812344918413197
2,0,2252,1789633728801622016,3812344918423746
2,0,2253,1789633728801633280,3812344918434260
2,0,2254,1789633728801643520,3812344918444757
2,0,2255,1789633728801653760,3812344918455247
2,0,2256,1789633728801665024,3812344918465748
2,0,2257,1789633728801675264,3812344918476287
2,0,2258,1789633728801685504,3812344918486937
2,0,2259,1789633728801695744,3812344918497473
2,0,2260,1789633728801707008,3812344918507980
2,0,2261,1789633728801717248,3812344918518497
2,0,2262,1789633728801727488,3812344918529030
2,0,2263,1789633728801738752,3812344918539607
2,0,2264,1789633728801748992,3812344918550154
2,0,2265,1789633728801759232,3812344918560698
2,0,2266,1789633728801770496,3812344918571247
2,0,2267,1789633728801780736,3812344918581821
2,0,2268,1789633728801790976,3812344918592287
2,0,2269,1789633728801801216,3812344918602847
2,0,2270,1789633728801812480,3812344918613370
2,0,2271,1789633728801822720,3812344918623863
2,0,2272,1789633728801832960,3812344918634438
2,0,2273,1789633728801844224,3812344918644953
2,0,2274,1789633728801854464,3812344918655586
2,0,2275,1789633728801864704,3812344918666106
2,0,2276,1789633728801874944,3812344918676573
2,0,2277,1789633728801886208,3812344918687121
2,0,2278,1789633728801896448,3812344918697623
2,0,2279,1789633728801906688,3812344918708146
2,0,2280,1789633728801917952,3812344918718653
2,0,2281,1789633728801928192,3812344918729146
2,0,2282,1789633728801938432,3812344918739701
2,0,2283,1789633728801948672,3812344918750297
2,0,2284,1789633728801959936,3812344918760804
2,0,2285,1789633728801970176,3812344918771317
2,0,2286,1789633728801980416,3812344918781828
2,0,2287,1789633728801990656,3812344918792397
2,0,2288,1789633728802001920,3812344918802957
2,0,2289,1789633728802012160,3812344918813517
2,0,2290,1789633728802022400,3812344918824071
2,0,2291,1789633728802033664,3812344918834577
2,0,2292,1789633728802043904,3812344918845114
2,0,2293,1789633728802054144,3812344918855647
2,0,2294,1789633728802065408,3812344918866174
2,0,2295,1789633728802075648,3812344918876697
2,0,2296,1789633728802085888,3812344918887226
2,0,2297,1789633728802096128,3812344918897727
2,0,2298,1789633728802107392,3812344918908306
2,0,2299,1789633728802117632,3812344918918834
2,0,2300,1789633728802127872,3812344918929353
2,0,2301,1789633728802139136,3812344918939866
2,0,2302,1789633728802149376,3812344918950420
2,0,2303,1789633728802159616,3812344918960997
2,0,2304,1789633728802169856,3812344918971488
2,0,2305,1789633728802181120,3812344918982070
2,0,2306,1789633728802191360,3812344918992577
2,0,2307,1789633728802201600,3812344919003084
2,0,2308,1789633728802212864,3812344919013671
2,0,2309,1789633728802223104,3812344919024154
2,0,2310,1789633728802233344,3812344919034661
2,0,2311,1789633728802243584,3812344919045171
2,0,2312,1789633728802254848,3812344919055691
2,0,2313,1789633728802265088,3812344919066335
2,0,2314,1789633728802275328,3812344919076850
2,0,2315,1789633728802286592,3812344919087375
2,0,2316,1789633728802296832,3812344919097823
2,0,2317,1789633728802307072,3812344919108407
2,0,2318,1789633728802317312,3812344919118998
2,0,2319,1789633728802328576,3812344919129533
2,0,2320,1789633728802338816,3812344919140100
2,0,2321,1789633728802349056,3812344919150597
2,0,2322,1789633728802360320,3812344919161133
2,0,2323,1789633728802370560,3812344919171663
2,0,2324,1789633728802380800,3812344919182220
2,0,2325,1789633728802391040,3812344919192721
2,0,2326,1789633728802402304,3812344919203215
2,0,2327,1789633728802412544,3812344919213725
2,0,2328,1789633728802422784,3812344919224371
2,0,2329,1789633728802434048,3812344919234897
2,0,2330,1789633728802444288,3812344919245380
2,0,2331,1789633728802454528,3812344919255911
2,0,2332,1789633728802464768,3812344919266447
2,0,2333,1789633728802476032,3812344919277024
2,0,2334,1789633728802486272,3812344919287537
2,0,2335,1789633728802496512,3812344919298061
2,0,2336,1789633728802507776,3812344919308573
2,0,2337,1789633728802518016,3812344919319128
2,0,2338,1789633728802528256,3812344919329688
2,0,2339,1789633728802538496,3812344919340171
2,0,2340,1789633728802549760,3812344919350795
2,0,2341,1789633728802560000,3812344919361308
2,0,2342,1789633728802570240,3812344919371852
2,0,2343,1789633728802581504,3812344919382371
2,0,2344,1789633728802591744,3812344919392898
2,0,2345,1789633728802601984,3812344919403383
2,0,2346,1789633728802612224,3812344919413883
2,0,2347,1789633728802623488,3812344919424413
2,0,2348,1789633728802633728,3812344919435048
2,0,2349,1789633728802643968,3812344919445597
2,0,2350,1789633728802655232,3812344919456078
2,0,2351,1789633728802665472,3812344919466533
2,0,2352,1789633728802675712,3812344919477063
2,0,2353,1789633728802685952,3812344919487698
2,0,2354,1789633728802697216,3812344919498235
2,0,2355,1789633728802707456,3812344919508750
2,0,2356,1789633728802717696,3812344919519287
2,0,2357,1789633728802728960,3812344919529790
2,0,2358,1789633728802739200,3812344919540371
2,0,2359,1789633728802749440,3812344919550878
2,0,2360,1789633728802759680,3812344919561372
2,0,2361,1789633728802770944,3812344919571895
2,0,2362,1789633728802781184,3812344919582386
2,0,2363,1789633728802791424,3812344919593087
2,0,2364,1789633728802802688,3812344919603607
2,0,2365,1789633728802812928,3812344919614153
2,0,2366,1789633728802823168,3812344919624647
2,0,2367,1789633728802833408,3812344919635134
2,0,2368,1789633728802844672,3812344919645713
2,0,2369,1789633728802854912,3812344919656237
2,0,2370,1789633728802865152,3812344919666771
2,0,2371,1789633728802876416,3812344919677273
2,0,2372,1789633728802886656,3812344919687828
2,0,2373,1789633728802896896,3812344919698403
2,0,2374,1789633728802908160,3812344919708927
2,0,2375,1789633728802918400,3812344919719453
2,0,2376,1789633728802928640,3812344919729948
2,0,2377,1789633728802938880,3812344919740524
2,0,2378,1789633728802950144,3812344919751037
2,0,2379,1789633728802960384,3812344919761597
2,0,2380,1789633728802970624,3812344919772113
2,0,2381,1789633728802980864,3812344919782624
2,0,2382,1789633728802992128,3812344919793146
2,0,2383,1789633728803002368,3812344919803723
2,0,2384,1789633728803012608,3812344919814277
2,0,2385,1789633728803023872,3812344919824795
2,0,2386,1789633728803034112,3812344919835301
2,0,2387,1789633728803044352,3812344919845848
2,0,2388,1789633728803055616,3812344919856411
2,0,2389,1789633728803065856,3812344919866911
2,0,2390,1789633728803076096,3812344919877383
2,0,2391,1789633728803086336,3812344919887898
2,0,2392,1789633728803097600,3812344919898420
2,0,2393,1789633728803107840,3812344919909098
2,0,2394,1789633728803118080,3812344919919638
2,0,2395,1789633728803129344,3812344919930184
2,0,2396,1789633728803139584,3812344919940657
2,0,2397,1789633728803149824,3812344919951174
2,0,2398,1789633728803160064,3812344919961821
2,0,2399,1789633728803171328,3812344919972303
2,0,2400,1789633728803181568,3812344919982853
2,0,2401,1789633728803191808,3812344919993397
2,0,2402,1789633728803203072,3812344920003923
2,0,2403,1789633728803213312,3812344920014458
2,0,2404,1789633728803223552,3812344920024984
2,0,2405,1789633728803233792,3812344920035570
2,0,2406,1789633728803245056,3812344920046073
2,0,2407,1789633728803255296,3812344920056628
2,0,2408,1789633728803265536,3812344920067103
2,0,2409,1789633728803276800,3812344920077688
2,0,2410,1789633728803287040,3812344920088204
2,0,2411,1789633728803297280,3812344920098714
2,0,2412,1789633728803307520,3812344920109238
2,0,2413,1789633728803318784,3812344920119783
2,0,2414,1789633728803329024,3812344920130298
2,0,2415,1789633728803339264,3812344920140878
2,0,2416,1789633728803350528,3812344920151404
2,0,2417,1789633728803360768,3812344920161946
2,0,2418,1789633728803371008,3812344920172488
2,0,2419,1789633728803381248,3812344920182970
2,0,2420,1789633728803392512,3812344920193497
2,0,2421,1789633728803402752,3812344920204011
2,0,2422,1789633728803412992,3812344920214553
2,0,2423,1789633728803424256,3812344920225137
2,0,2424,1789633728803434496,3812344920235657
2,0,2425,1789633728803444736,3812344920246228
2,0,2426,1789633728803454976,3812344920256703
2,0,2427,1789633728803466240,3812344920267234
2,0,2428,1789633728803476480,3812344920277778
2,0,2429,1789633728803486720,3812344920288313
2,0,2430,1789633728803497984,3812344920298871
2,0,2431,1789633728803508224,3812344920309400
2,0,2432,1789633728803518464,3812344920319951
2,0,2433,1789633728803528704,3812344920330487
2,0,2434,1789633728803539968,3812344920340980
2,0,2435,1789633728803550208,3812344920351521
2,0,2436,1789633728803560448,3812344920361973
2,0,2437,1789633728803571712,3812344920372503
2,0,2438,1789633728803581952,3812344920383134
2,0,2439,1789633728803592192,3812344920393671
2,0,2440,1789633728803602432,3812344920404174
2,0,2441,1789633728803613696,3812344920414714
2,0,2442,1789633728803623936,3812344920425207
2,0,2443,1789633728803634176,3812344920435817
2,0,2444,1789633728803645440,3812344920446367
2,0,2445,1789633728803655680,3812344920456917
2,0,2446,1789633728803665920,3812344920467466
2,0,2447,1789633728803677184,3812344920477968
2,0,2448,1789633728803687424,3812344920488513
2,0,2449,1789633728803697664,3812344920499035
2,0,2450,1789633728803707904,3812344920509537
2,0,2451,1789633728803719168,3812344920520048
2,0,2452,1789633728803729408,3812344920530571
2,0,2453,1789633728803739648,3812344920541163
2,0,2454,1789633728803749888,3812344920551653
2,0,2455,1789633728803761152,3812344920562195
2,0,2456,1789633728803771392,3812344920572701
2,0,2457,1789633728803781632,3812344920583235
2,0,2458,1789633728803792896,3812344920593847
2,0,2459,1789633728803803136,3812344920604321
2,0,2460,1789633728803813376,3812344920614887
2,0,2461,1789633728803824640,3812344920625407
2,0,2462,1789633728803834880,3812344920635973
2,0,2463,1789633728803845120,3812344920646506
2,0,2464,1789633728803855360,3812344920657031
2,0,2465,1789633728803866624,3812344920667553
2,0,2466,1789633728803876864,3812344920678077
2,0,2467,1789633728803887104,3812344920688633
2,0,2468,1789633728803898368,3812344920699160
2,0,2469,1789633728803908608,3812344920709717
2,0,2470,1789633728803918848,3812344920720277
2,0,2471,1789633728803929088,3812344920730837
2,0,2472,1789633728803940352,3812344920741353
2,0,2473,1789633728803950592,3812344920751851
2,0,2474,1789633728803960832,3812344920762363
2,0,2475,1789633728803972096,3812344920772874
2,0,2476,1789633728803982336,3812344920783407
2,0,2477,1789633728803992576,3812344920793906
2,0,2478,1789633728804002816,3812344920804503
2,0,2479,1789633728804014080,3812344920815034
2,0,2480,1789633728804024320,3812344920825572
2,0,2481,1789633728804034560,3812344920836077
2,0,2482,1789633728804044800,3812344920846600
2,0,2483,1789633728804056064,3812344920857207
2,0,2484,1789633728804066304,3812344920867728
2,0,2485,1789633728804076544,3812344920878303
2,0,2486,1789633728804087808,3812344920888804
2,0,2487,1789633728804098048,3812344920899334
2,0,2488,1789633728804108288,3812344920909848
2,0,2489,1789633728804119552,3812344920920398
2,0,2490,1789633728804129792,3812344920930906
2,0,2491,1789633728804140032,3812344920941397
2,0,2492,1789633728804150272,3812344920951946
2,0,2493,1789633728804161536,3812344920962546
2,0,2494,1789633728804171776,3812344920973088
2,0,2495,1789633728804182016,3812344920983581
2,0,2496,1789633728804193280,3812344920994047
2,0,2497,1789633728804203520,3812344921004591
2,0,2498,1789633728804213760,3812344921015224
2,0,2499,1789633728804224000,3812344921025774
2,0,2500,1789633728804235264,3812344921036328
2,0,2501,1789633728804245504,3812344921046826
2,0,2502,1789633728804255744,3812344921057346
2,0,2503,1789633728804267008,3812344921067887
2,0,2504,1789633728804277248,3812344921078380
2,0,2505,1789633728804287488,3812344921088927
2,0,2506,1789633728804297728,3812344921099466
2,0,2507,1789633728804308992,3812344921110015
2,0,2508,1789633728804319232,3812344921120573
2,0,2509,1789633728804329472,3812344921131127
2,0,2510,1789633728804340736,3812344921141615
2,0,2511,1789633728804350976,3812344921152077
2,0,2512,1789633728804361216,3812344921162598
2,0,2513,1789633728804371456,3812344921173217
2,0,2514,1789633728804382720,3812344921183838
2,0,2515,1789633728804392960,3812344921194586
2,0,2516,1789633728804404224,3812344921205237
2,0,2517,1789633728804414464,3812344921216066
2,0,2518,1789633728804425728,3812344921226697
2,0,2519,1789633728804435968,3812344921237514
2,0,2520,1789633728804447232,3812344921248117
2,0,2521,1789633728804457472,3812344921258727
2,0,2522,1789633728804467712,3812344921269306
2,0,2523,1789633728804478976,3812344921279913
2,0,2524,1789633728804489216,3812344921290521
2,0,2525,1789633728804499456,3812344921301138
2,0,2526,1789633728804510720,3812344921311821
2,0,2527,1789633728804520960,3812344921322367
2,0,2528,1789633728804531200,3812344921333090
2,0,2529,1789633728804542464,3812344921343706
2,0,2530,1789633728804552704,3812344921354325
2,0,2531,1789633728804563968,3812344921364933
2,0,2532,1789633728804574208,3812344921375600
2,0,2533,1789633728804584448,3812344921386180
2,0,2534,1789633728804595712,3812344921396797
2,0,2535,1789633728804605952,3812344921407420
2,0,2536,1789633728804616192,3812344921418063
2,0,2537,1789633728804627456,3812344921428788
2,0,2538,1789633728804637696,3812344921439447
2,0,2539,1789633728804648960,3812344921450146
2,0,2540,1789633728804659200,3812344921460780
2,0,2541,1789633728804670464,3812344921471360
2,0,2542,1789633728804680704,3812344921481957
2,0,2543,1789633728804690944,3812344921492597
2,0,2544,1789633728804702208,3812344921503204
2,0,2545,1789633728804712448,3812344921513871
2,0,2546,1789633728804722688,3812344921524500
2,0,2547,1789633728804733952,3812344921535108
2,0,2548,1789633728804744192,3812344921545835
2,0,2549,1789633728804755456,3812344921556478
2,0,2550,1789633728804765696,3812344921567186
2,0,2551,1789633728804775936,3812344921577798
2,0,2552,1789633728804787200,3812344921588397
2,0,2553,1789633728804797440,3812344921598995
2,0,2554,1789633728804808704,3812344921609582
2,0,2555,1789633728804818944,3812344921620180
2,0,2556,1789633728804829184,3812344921630805
2,0,2557,1789633728804840448,3812344921641439
2,0,2558,1789633728804850688,3812344921652067
2,0,2559,1789633728804860928,3812344921662795
2,0,2560,1789633728804872192,3812344921673407
2,0,2561,1789633728804882432,3812344921684085
2,0,2562,1789633728804893696,3812344921694708
2,0,2563,1789633728804903936,3812344921705374
2,0,2564,1789633728804914176,3812344921716028
2,0,2565,1789633728804925440,3812344921726710
2,0,2566,1789633728804935680,3812344921737340
2,0,2567,1789633728804946944,3812344921747997
2,0,2568,1789633728804957184,3812344921758677
2,0,2569,1789633728804967424,3812344921769337
2,0,2570,1789633728804978688,3812344921780004
2,0,2571,1789633728804988928,3812344921790695
2,0,2572,1789633728805000192,3812344921801424
2,0,2573,1789633728805010432,3812344921812134
2,0,2574,1789633728805021696,3812344921822888
2,0,2575,1789633728805031936,3812344921833546
2,0,2576,1789633728805043200,3812344921844214
2,0,2577,1789633728805053440,3812344921854857
2,0,2578,1789633728805063680,3812344921865498
2,0,2579,1789633728805074944,3812344921876177
2,0,2580,1789633728805085184,3812344921886848
2,0,2581,1789633728805096448,3812344921897503
2,0,2582,1789633728805106688,3812344921908157
2,0,2583,1789633728805116928,3812344921918812
2,0,2584,1789633728805128192,3812344921929492
2,0,2585,1789633728805138432,3812344921940138
2,0,2586,1789633728805149696,3812344921950780
2,0,2587,1789633728805159936,3812344921961397
2,0,2588,1789633728805170176,3812344921972066
2,0,2589,1789633728805181440,3812344921982713
2,0,2590,1789633728805191680,3812344921993357
2,0,2591,1789633728805202944,3812344922004017
2,0,2592,1789633728805213184,3812344922014717
2,0,2593,1789633728805224448,3812344922025383
2,0,2594,1789633728805234688,3812344922036087
2,0,2595,1789633728805244928,3812344922046783
2,0,2596,1789633728805256192,3812344922057453
2,0,2597,1789633728805266432,3812344922068068
2,0,2598,1789633728805277696,3812344922078708
2,0,2599,1789633728805287936,3812344922089351
2,0,2600,1789633728805298176,3812344922099998
2,0,2601,1789633728805309440,3812344922110648
2,0,2602,1789633728805319680,3812344922121330
2,0,2603,1789633728805330944,3812344922131981
2,0,2604,1789633728805341184,3812344922142698
2,0,2605,1789633728805352448,3812344922153348
2,0,2606,1789633728805362688,3812344922163938
2,0,2607,1789633728805372928,3812344922174623
2,0,2608,1789633728805384192,3812344922185207
2,0,2609,1789633728805394432,3812344922195813
2,0,2610,1789633728805404672,3812344922206407
2,0,2611,1789633728805415936,3812344922217026
2,0,2612,1789633728805426176,3812344922227664
2,0,2613,1789633728805436416,3812344922238388
2,0,2614,1789633728805447680,3812344922248991
2,0,2615,1789633728805457920,3812344922259727
2,0,2616,1789633728805469184,3812344922270348
2,0,2617,1789633728805479424,3812344922280971
2,0,2618,1789633728805490688,3812344922291581
2,0,2619,1789633728805500928,3812344922302197
2,0,2620,1789633728805511168,3812344922312811
2,0,2621,1789633728805522432,3812344922323403
2,0,2622,1789633728805532672,3812344922333997
2,0,2623,1789633728805542912,3812344922344630
2,0,2624,1789633728805554176,3812344922355321
2,0,2625,1789633728805564416,3812344922365986
2,0,2626,1789633728805575680,3812344922376575
2,0,2627,1789633728805585920,3812344922387237
2,0,2628,1789633728805596160,3812344922397833
2,0,2629,1789633728805607424,3812344922408450
2,0,2630,1789633728805617664,3812344922419060
2,0,2631,1789633728805627904,3812344922429638
2,0,2632,1789633728805639168,3812344922440253
2,0,2633,1789633728805649408,3812344922450921
2,0,2634,1789633728805659648,3812344922461546
2,0,2635,1789633728805670912,3812344922472158
2,0,2636,1789633728805681152,3812344922482754
2,0,2637,1789633728805692416,3812344922493370
2,0,2638,1789633728805702656,3812344922504015
2,0,2639,1789633728805712896,3812344922514630
2,0,2640,1789633728805724160,3812344922525224
2,0,2641,1789633728805734400,3812344922535817
2,0,2642,1789633728805744640,3812344922546514
2,0,2643,1789633728805755904,3812344922557127
2,0,2644,1789633728805766144,3812344922567740
2,0,2645,1789633728805777408,3812344922578313
2,0,2646,1789633728805787648,3812344922588967
2,0,2647,1789633728805797888,3812344922599540
2,0,2648,1789633728805809152,3812344922610133
2,0,2649,1789633728805819392,3812344922620763
2,0,2650,1789633728805829632,3812344922631417
2,0,2651,1789633728805840896,3812344922642117
2,0,2652,1789633728805851136,3812344922652688
2,0,2653,1789633728805862400,3812344922663297
2,0,2654,1789633728805872640,3812344922673901
2,0,2655,1789633728805882880,3812344922684550
2,0,2656,1789633728805894144,3812344922695150
2,0,2657,1789633728805904384,3812344922705783
2,0,2658,1789633728805914624,3812344922716417
2,0,2659,1789633728805925888,3812344922727031
2,0,2660,1789633728805936128,3812344922737817
2,0,2661,1789633728805947392,3812344922748413
2,0,2662,1789633728805957632,3812344922759167
2,0,2663,1789633728805967872,3812344922769796
2,0,2664,1789633728805979136,3812344922780371
2,0,2665,1789633728805989376,3812344922791013
2,0,2666,1789633728806000640,3812344922801588
2,0,2667,1789633728806010880,3812344922812196
2,0,2668,1789633728806021120,3812344922822848
2,0,2669,1789633728806032384,3812344922833496
2,0,2670,1789633728806042624,3812344922844096
2,0,2671,1789633728806052864,3812344922854871
2,0,2672,1789633728806064128,3812344922865571
2,0,2673,1789633728806074368,3812344922876325
2,0,2674,1789633728806085632,3812344922886923
2,0,2675,1789633728806095872,3812344922897694
2,0,2676,1789633728806107136,3812344922908340
2,0,2677,1789633728806117376,3812344922919106
2,0,2678,1789633728806128640,3812344922929735
2,0,2679,1789633728806138880,3812344922940330
2,0,2680,1789633728806149120,3812344922950973
2,0,2681,1789633728806160384,3812344922961563
2,0,2682,1789633728806170624,3812344922972183
2,0,2683,1789633728806180864,3812344922982774
2,0,2684,1789633728806192128,3812344922993363
2,0,2685,1789633728806202368,3812344923003984
2,0,2686,1789633728806213632,3812344923014716
2,0,2687,1789633728806223872,3812344923025365
2,0,2688,1789633728806234112,3812344923035963
2,0,2689,1789633728806245376,3812344923046591
2,0,2690,1789633728806255616,3812344923057231
2,0,2691,1789633728806266880,3812344923067840
2,0,2692,1789633728806277120,3812344923078473
2,0,2693,1789633728806287360,3812344923089080
2,0,2694,1789633728806298624,3812344923099683
2,0,2695,1789633728806308864,3812344923110406
2,0,2696,1789633728806319104,3812344923120988
2,0,2697,1789633728806330368,3812344923131821
2,0,2698,1789633728806340608,3812344923142390
2,0,2699,1789633728806351872,3812344923152961
2,0,2700,1789633728806362112,3812344923163583
2,0,2701,1789633728806372352,3812344923174216
2,0,2702,1789633728806383616,3812344923184810
2,0,2703,1789633728806393856,3812344923195426
2,0,2704,1789633728806405120,3812344923206016
2,0,2705,1789633728806415360,3812344923216603
2,0,2706,1789633728806425600,3812344923227376
2,0,2707,1789633728806436864,3812344923237976
2,0,2708,1789633728806447104,3812344923248591
2,0,2709,1789633728806457344,3812344923259184
2,0,2710,1789633728806468608,3812344923269790
2,0,2711,1789633728806478848,3812344923280401
2,0,2712,1789633728806490112,3812344923291038
2,0,2713,1789633728806500352,3812344923301644
2,0,2714,1789633728806510592,3812344923312234
2,0,2715,1789633728806521856,3812344923322946
2,0,2716,1789633728806532096,3812344923333533
2,0,2717,1789633728806542336,3812344923344151
2,0,2718,1789633728806553600,3812344923354722
2,0,2719,1789633728806563840,3812344923365371
2,0,2720,1789633728806575104,3812344923376015
2,0,2721,1789633728806585344,3812344923386663
2,0,2722,1789633728806595584,3812344923397255
2,0,2723,1789633728806606848,3812344923407900
2,0,2724,1789633728806617088,3812344923418641
2,0,2725,1789633728806628352,3812344923429258
2,0,2726,1789633728806638592,3812344923439986
2,0,2727,1789633728806648832,3812344923450577
2,0,2728,1789633728806660096,3812344923461194
2,0,2729,1789633728806670336,3812344923471821
2,0,2730,1789633728806680576,3812344923482396
2,0,2731,1789633728806691840,3812344923492998
2,0,2732,1789633728806702080,3812344923503633
2,0,2733,1789633728806713344,3812344923514246
2,0,2734,1789633728806723584,3812344923524851
2,0,2735,1789633728806733824,3812344923535583
2,0,2736,1789633728806745088,3812344923546146
2,0,2737,1789633728806755328,3812344923556790
2,0,2738,1789633728806765568,3812344923567366
2,0,2739,1789633728806776832,3812344923577981
2,0,2740,1789633728806787072,3812344923588595
2,0,2741,1789633728806797312,3812344923599206
2,0,2742,1789633728806808576,3812344923609841
2,0,2743,1789633728806818816,3812344923620508
2,0,2744,1789633728806830080,3812344923631178
2,0,2745,1789633728806840320,3812344923641813
2,0,2746,1789633728806850560,3812344923652383
2,0,2747,1789633728806861824,3812344923662926
2,0,2748,1789633728806872064,3812344923673556
2,0,2749,1789633728806882304,3812344923684204
2,0,2750,1789633728806893568,3812344923694828
2,0,2751,1789633728806903808,3812344923705424
2,0,2752,1789633728806915072,3812344923716075
2,0,2753,1789633728806925312,3812344923726766
2,0,2754,1789633728806935552,3812344923737391
2,0,2755,1789633728806946816,3812344923747998
2,0,2756,1789633728806957056,3812344923758586
2,0,2757,1789633728806967296,3812344923769163
2,0,2758,1789633728806978560,3812344923779783
2,0,2759,1789633728806988800,3812344923790373
2,0,2760,1789633728807000064,3812344923801001
2,0,2761,1789633728807010304,3812344923811631
2,0,2762,1789633728807020544,3812344923822353
2,0,2763,1789633728807031808,3812344923832990
2,0,2764,1789633728807042048,3812344923843826
2,0,2765,1789633728807053312,3812344923854412
2,0,2766,1789633728807063552,3812344923865021
2,0,2767,1789633728807073792,3812344923875603
2,0,2768,1789633728807085056,3812344923886206
2,0,2769,1789633728807095296,3812344923896796
2,0,2770,1789633728807105536,3812344923907454
2,0,2771,1789633728807116800,3812344923918071
2,0,2772,1789633728807127040,3812344923928703
2,0,2773,1789633728807138304,3812344923939550
2,0,2774,1789633728807148544,3812344923950196
2,0,2775,1789633728807159808,3812344923960976
2,0,2776,1789633728807170048,3812344923971588
2,0,2777,1789633728807180288,3812344923982326
2,0,2778,1789633728807191552,3812344923992904
2,0,2779,1789633728807201792,3812344924003521
2,0,2780,1789633728807213056,3812344924014136
2,0,2781,1789633728807223296,3812344924024778
2,0,2782,1789633728807233536,3812344924035393
2,0,2783,1789633728807244800,3812344924046046
2,0,2784,1789633728807255040,3812344924056696
2,0,2785,1789633728807266304,3812344924067337
2,0,2786,1789633728807276544,3812344924078029
2,0,2787,1789633728807286784,3812344924088676
2,0,2788,1789633728807298048,3812344924099496
2,0,2789,1789633728807308288,3812344924110121
2,0,2790,1789633728807319552,3812344924120836
2,0,2791,1789633728807329792,3812344924131466
2,0,2792,1789633728807341056,3812344924142056
2,0,2793,1789633728807351296,3812344924152736
2,0,2794,1789633728807361536,3812344924163386
2,0,2795,1789633728807372800,3812344924174028
2,0,2796,1789633728807383040,3812344924184656
2,0,2797,1789633728807394304,3812344924195300
2,0,2798,1789633728807404544,3812344924205949
2,0,2799,1789633728807414784,3812344924216538
2,0,2800,1789633728807426048,3812344924227141
2,0,2801,1789633728807436288,3812344924237893
2,0,2802,1789633728807447552,3812344924248516
2,0,2803,1789633728807457792,3812344924259124
2,0,2804,1789633728807468032,3812344924269786
2,0,2805,1789633728807479296,3812344924280396
2,0,2806,1789633728807489536,3812344924291021
2,0,2807,1789633728807499776,3812344924301698
2,0,2808,1789633728807511040,3812344924312315
2,0,2809,1789633728807521280,3812344924322981
2,0,2810,1789633728807532544,3812344924333598
2,0,2811,1789633728807542784,3812344924344188
2,0,2812,1789633728807553024,3812344924354927
2,0,2813,1789633728807564288,3812344924365586
2,0,2814,1789633728807574528,3812344924376146
2,0,2815,1789633728807585792,3812344924386727
2,0,2816,1789633728807596032,3812344924397322
2,0,2817,1789633728807606272,3812344924407969
2,0,2818,1789633728807617536,3812344924418595
2,0,2819,1789633728807627776,3812344924429199
2,0,2820,1789633728807638016,3812344924439795
2,0,2821,1789633728807649280,3812344924450523
2,0,2822,1789633728807659520,3812344924461157
2,0,2823,1789633728807670784,3812344924471817
2,0,2824,1789633728807681024,3812344924482295
2,0,2825,1789633728807691264,3812344924492882
2,0,2826,1789633728807702528,3812344924503516
2,0,2827,1789633728807712768,3812344924514146
2,0,2828,1789633728807723008,3812344924524787
2,0,2829,1789633728807734272,3812344924535429
2,0,2830,1789633728807744512,3812344924546214
2,0,2831,1789633728807755776,3812344924556849
2,0,2832,1789633728807766016,3812344924567572
2,0,2833,1789633728807776256,3812344924578202
2,0,2834,1789633728807787520,3812344924588795
2,0,2835,1789633728807797760,3812344924599404
2,0,2836,1789633728807809024,3812344924610022
2,0,2837,1789633728807819264,3812344924620645
2,0,2838,1789633728807829504,3812344924631287
2,0,2839,1789633728807840768,3812344924641925
2,0,2840,1789633728807851008,3812344924652572
2,0,2841,1789633728807862272,3812344924663272
2,0,2842,1789633728807872512,3812344924673887
2,0,2843,1789633728807882752,3812344924684622
2,0,2844,1789633728807894016,3812344924695278
2,0,2845,1789633728807904256,3812344924705855
2,0,2846,1789633728807915520,3812344924716485
2,0,2847,1789633728807925760,3812344924727085
2,0,2848,1789633728807936000,3812344924737682
2,0,2849,1789633728807947264,3812344924748333
2,0,2850,1789633728807957504,3812344924758949
2,0,2851,1789633728807967744,3812344924769588
2,0,2852,1789633728807979008,3812344924780319
2,0,2853,1789633728807989248,3812344924790959
2,0,2854,1789633728808000512,3812344924801685
2,0,2855,1789633728808010752,3812344924812307
2,0,2856,1789633728808020992,3812344924822948
2,0,2857,1789633728808032256,3812344924833595
2,0,2858,1789633728808042496,3812344924844183
2,0,2859,1789633728808053760,3812344924854835
2,0,2860,1789633728808064000,3812344924865483
2,0,2861,1789633728808074240,3812344924876072
2,0,2862,1789633728808085504,3812344924886725
2,0,2863,1789633728808095744,3812344924897372
2,0,2864,1789633728808107008,3812344924907989
2,0,2865,1789633728808117248,3812344924918724
2,0,2866,1789633728808127488,3812344924929347
2,0,2867,1789633728808138752,3812344924939946
2,0,2868,1789633728808148992,3812344924950569
2,0,2869,1789633728808159232,3812344924961167
2,0,2870,1789633728808170496,3812344924971819
2,0,2871,1789633728808180736,3812344924982437
2,0,2872,1789633728808192000,3812344924993069
2,0,2873,1789633728808202240,3812344925003719
2,0,2874,1789633728808212480,3812344925014423
2,0,2875,1789633728808223744,3812344925025038
2,0,2876,1789633728808233984,3812344925035773
2,0,2877,1789633728808245248,3812344925046397
2,0,2878,1789633728808255488,3812344925057009
2,0,2879,1789633728808265728,3812344925067633
2,0,2880,1789633728808276992,3812344925078275
2,0,2881,1789633728808287232,3812344925088869
2,0,2882,1789633728808298496,3812344925099507
2,0,2883,1789633728808308736,3812344925110128
2,0,2884,1789633728808318976,3812344925120746
2,0,2885,1789633728808330240,3812344925131454
2,0,2886,1789633728808340480,3812344925142088
2,0,2887,1789633728808350720,3812344925152814
2,0,2888,1789633728808361984,3812344925163515
2,0,2889,1789633728808372224,3812344925174332
2,0,2890,1789633728808383488,3812344925184919
2,0,2891,1789633728808393728,3812344925195746
2,0,2892,1789633728808404992,3812344925206369
2,0,2893,1789633728808415232,3812344925217189
2,0,2894,1789633728808426496,3812344925227837
2,0,2895,1789633728808436736,3812344925238427
2,0,2896,1789633728808448000,3812344925249059
2,0,2897,1789633728808458240,3812344925259706
2,0,2898,1789633728808468480,3812344925270347
2,0,2899,1789633728808479744,3812344925280945
2,0,2900,1789633728808489984,3812344925291525
2,0,2901,1789633728808500224,3812344925302189
2,0,2902,1789633728808511488,3812344925312885
2,0,2903,1789633728808521728,3812344925323525
2,0,2904,1789633728808532992,3812344925334255
2,0,2905,1789633728808543232,3812344925344925
2,0,2906,1789633728808554496,3812344925355709
2,0,2907,1789633728808564736,3812344925366352
2,0,2908,1789633728808576000,3812344925376955
2,0,2909,1789633728808586240,3812344925387609
2,0,2910,1789633728808596480,3812344925398227
2,0,2911,1789633728808607744,3812344925408812
2,0,2912,1789633728808617984,3812344925419455
2,0,2913,1789633728808628224,3812344925430037
2,0,2914,1789633728808639488,3812344925440687
2,0,2915,1789633728808649728,3812344925451402
2,0,2916,1789633728808660992,3812344925462085
2,0,2917,1789633728808671232,3812344925472757
2,0,2918,1789633728808681472,3812344925483415
2,0,2919,1789633728808692736,3812344925494229
2,0,2920,1789633728808702976,3812344925504914
2,0,2921,1789633728808714240,3812344925515679
2,0,2922,1789633728808724480,3812344925526324
2,0,2923,1789633728808735744,3812344925536906
2,0,2924,1789633728808745984,3812344925547502
2,0,2925,1789633728808756224,3812344925558129
2,0,2926,1789633728808767488,3812344925568689
2,0,2927,1789633728808777728,3812344925582032
2,0,2928,1789633728808788992,3812344925589989
2,0,2929,1789633728808799232,3812344925600634
2,0,2930,1789633728808809472,3812344925611372
2,0,2931,1789633728808820736,3812344925621977
2,0,2932,1789633728808830976,3812344925632727
2,0,2933,1789633728808842240,3812344925643389
2,0,2934,1789633728808852480,3812344925654035
2,0,2935,1789633728808862720,3812344925664687
2,0,2936,1789633728808873984,3812344925675301
2,0,2937,1789633728808884224,3812344925685965
2,0,2938,1789633728808895488,3812344925696632
2,0,2939,1789633728808905728,3812344925707301
2,0,2940,1789633728808916992,3812344925717997
2,0,2941,1789633728808927232,3812344925728605
2,0,2942,1789633728808937472,3812344925739301
2,0,2943,1789633728808948736,3812344925749935
2,0,2944,1789633728808958976,3812344925760622
2,0,2945,1789633728808970240,3812344925771352
2,0,2946,1789633728808980480,3812344925782026
2,0,2947,1789633728808990720,3812344925792699
2,0,2948,1789633728809001984,3812344925803355
2,0,2949,1789633728809012224,3812344925814169
2,0,2950,1789633728809023488,3812344925824807
2,0,2951,1789633728809033728,3812344925835645
2,0,2952,1789633728809044992,3812344925846279
2,0,2953,1789633728809055232,3812344925857085
2,0,2954,1789633728809066496,3812344925867744
2,0,2955,1789633728809076736,3812344925878532
2,0,2956,1789633728809088000,3812344925889202
2,0,2957,1789633728809098240,3812344925899999
2,0,2958,1789633728809109504,3812344925910626
2,0,2959,1789633728809119744,3812344925921438
2,0,2960,1789633728809131008,3812344925932132
2,0,2961,1789633728809141248,3812344925942919
2,0,2962,1789633728809152512,3812344925953538
2,0,2963,1789633728809162752,3812344925964128
2,0,2964,1789633728809172992,3812344925974732
2,0,2965,1789633728809184256,3812344925985359
2,0,2966,1789633728809194496,3812344925996015
2,0,2967,1789633728809204736,3812344926006605
2,0,2968,1789633728809216000,3812344926017232
2,0,2969,1789633728809226240,3812344926027858
2,0,2970,1789633728809237504,3812344926038595
2,0,2971,1789633728809247744,3812344926049205
2,0,2972,1789633728809257984,3812344926059965
2,0,2973,1789633728809269248,3812344926070575
2,0,2974,1789633728809279488,3812344926081167
2,0,2975,1789633728809290752,3812344926091818
2,0,2976,1789633728809300992,3812344926102398
2,0,2977,1789633728809311232,3812344926113019
2,0,2978,1789633728809322496,3812344926123666
2,0,2979,1789633728809332736,3812344926134287
2,0,2980,1789633728809342976,3812344926144935
2,0,2981,1789633728809354240,3812344926155652
2,0,2982,1789633728809364480,3812344926166269
2,0,2983,1789633728809375744,3812344926177009
2,0,2984,1789633728809385984,3812344926187695
2,0,2985,1789633728809397248,3812344926198457
2,0,2986,1789633728809407488,3812344926209097
2,0,2987,1789633728809418752,3812344926219969
2,0,2988,1789633728809428992,3812344926230589
2,0,2989,1789633728809439232,3812344926241399
2,0,2990,1789633728809450496,3812344926252039
2,0,2991,1789633728809460736,3812344926262889
2,0,2992,1789633728809472000,3812344926273532
2,0,2993,1789633728809482240,3812344926284110
2,0,2994,1789633728809493504,3812344926294755
2,0,2995,1789633728809503744,3812344926305346
2,0,2996,1789633728809513984,3812344926315935
2,0,2997,1789633728809525248,3812344926326549
2,0,2998,1789633728809535488,3812344926337169
2,0,2999,1789633728809546752,3812344926347812
2,0,3000,1789633728809556992,3812344926358552
2,0,3001,1789633728809567232,3812344926369185
2,0,3002,1789633728809578496,3812344926379906
2,0,3003,1789633728809588736,3812344926390532
2,0,3004,1789633728809600000,3812344926401386
2,0,3005,1789633728809610240,3812344926412019
2,0,3006,1789633728809621504,3812344926422595
2,0,3007,1789633728809631744,3812344926433195
2,0,3008,1789633728809641984,3812344926443781
2,0,3009,1789633728809653248,3812344926454438
2,0,3010,1789633728809663488,3812344926465052
2,0,3011,1789633728809673728,3812344926475652
2,0,3012,1789633728809684992,3812344926486299
2,0,3013,1789633728809695232,3812344926497047
2,0,3014,1789633728809706496,3812344926507732
2,0,3015,1789633728809716736,3812344926518407
2,0,3016,1789633728809728000,3812344926529062
2,0,3017,1789633728809738240,3812344926539647
2,0,3018,1789633728809748480,3812344926550224
2,0,3019,1789633728809759744,3812344926560805
2,0,3020,1789633728809769984,3812344926571409
2,0,3021,1789633728809780224,3812344926582049
2,0,3022,1789633728809791488,3812344926592645
2,0,3023,1789633728809801728,3812344926603285
2,0,3024,1789633728809811968,3812344926614004
2,0,3025,1789633728809823232,3812344926624652
2,0,3026,1789633728809833472,3812344926635257
2,0,3027,1789633728809844736,3812344926645895
2,0,3028,1789633728809854976,3812344926656502
2,0,3029,1789633728809865216,3812344926667053
2,0,3030,1789633728809876480,3812344926677637
2,0,3031,1789633728809886720,3812344926688244
2,0,3032,1789633728809896960,3812344926698868
2,0,3033,1789633728809908224,3812344926709589
2,0,3034,1789633728809918464,3812344926720222
2,0,3035,1789633728809929728,3812344926730815
2,0,3036,1789633728809939968,3812344926741412
2,0,3037,1789633728809950208,3812344926751962
2,0,3038,1789633728809961472,3812344926762562
2,0,3039,1789633728809971712,3812344926773194
2,0,3040,1789633728809981952,3812344926783802
2,0,3041,1789633728809993216,3812344926794438
2,0,3042,1789633728810003456,3812344926805178
2,0,3043,1789633728810014720,3812344926815802
2,0,3044,1789633728810024960,3812344926826395
2,0,3045,1789633728810035200,3812344926837005
2,0,3046,1789633728810046464,3812344926847575
2,0,3047,1789633728810056704,3812344926858165
2,0,3048,1789633728810066944,3812344926868755
2,0,3049,1789633728810078208,3812344926879407
2,0,3050,1789633728810088448,3812344926890035
2,0,3051,1789633728810098688,3812344926900547
2,0,3052,1789633728810109952,3812344926911169
2,0,3053,1789633728810120192,3812344926921819
2,0,3054,1789633728810130432,3812344926932395
2,0,3055,1789633728810141696,3812344926943002
2,0,3056,1789633728810151936,3812344926953612
2,0,3057,1789633728810163200,3812344926964205
2,0,3058,1789633728810173440,3812344926974905
2,0,3059,1789633728810183680,3812344926985575
2,0,3060,1789633728810194944,3812344926996385
2,0,3061,1789633728810205184,3812344927007019
2,0,3062,1789633728810216448,3812344927017595
2,0,3063,1789633728810226688,3812344927028258
2,0,3064,1789633728810236928,3812344927038862
2,0,3065,1789633728810248192,3812344927049474
2,0,3066,1789633728810258432,3812344927060049
2,0,3067,1789633728810269696,3812344927070657
2,0,3068,1789633728810279936,3812344927081239
2,0,3069,1789633728810290176,3812344927091939
2,0,3070,1789633728810301440,3812344927102534
2,0,3071,1789633728810311680,3812344927113182
2,0,3072,1789633728810321920,3812344927123795
2,0,3073,1789633728810333184,3812344927134408
2,0,3074,1789633728810343424,3812344927145002
2,0,3075,1789633728810354688,3812344927155675
2,0,3076,1789633728810364928,3812344927166293
2,0,3077,1789633728810375168,3812344927176908
2,0,3078,1789633728810386432,3812344927187652
2,0,3079,1789633728810396672,3812344927198244
2,0,3080,1789633728810406912,3812344927209007
2,0,3081,1789633728810418176,3812344927219655
2,0,3082,1789633728810428416,3812344927230269
2,0,3083,1789633728810439680,3812344927240852
2,0,3084,1789633728810449920,3812344927251434
2,0,3085,1789633728810460160,3812344927262062
2,0,3086,1789633728810471424,3812344927272675
2,0,3087,1789633728810481664,3812344927283279
2,0,3088,1789633728810491904,3812344927293895
2,0,3089,1789633728810503168,3812344927304587
2,0,3090,1789633728810513408,3812344927315212
2,0,3091,1789633728810524672,3812344927325827
2,0,3092,1789633728810534912,3812344927336415
2,0,3093,1789633728810545152,3812344927347062
2,0,3094,1789633728810556416,3812344927357689
2,0,3095,1789633728810566656,3812344927368319
2,0,3096,1789633728810577920,3812344927378945
2,0,3097,1789633728810588160,3812344927389585
2,0,3098,1789633728810598400,3812344927400287
2,0,3099,1789633728810609664,3812344927410852
2,0,3100,1789633728810619904,3812344927421677
2,0,3101,1789633728810631168,3812344927432302
2,0,3102,1789633728810641408,3812344927442865
2,0,3103,1789633728810651648,3812344927453505
2,0,3104,1789633728810662912,3812344927464155
2,0,3105,1789633728810673152,3812344927474747
2,0,3106,1789633728810683392,3812344927485372
2,0,3107,1789633728810694656,3812344927495985
2,0,3108,1789633728810704896,3812344927506615
2,0,3109,1789633728810716160,3812344927517345
2,0,3110,1789633728810726400,3812344927527945
2,0,3111,1789633728810736640,3812344927538705
2,0,3112,1789633728810747904,3812344927549305
2,0,3113,1789633728810758144,3812344927559905
2,0,3114,1789633728810769408,3812344927570523
2,0,3115,1789633728810779648,3812344927581094
2,0,3116,1789633728810789888,3812344927591817
2,0,3117,1789633728810801152,3812344927602365
2,0,3118,1789633728810811392,3812344927612987
2,0,3119,1789633728810821632,3812344927623615
2,0,3120,1789633728810832896,3812344927634385
2,0,3121,1789633728810843136,3812344927644975
2,0,3122,1789633728810854400,3812344927655744
2,0,3123,1789633728810864640,3812344927666358
2,0,3124,1789633728810875904,3812344927676962
2,0,3125,1789633728810886144,3812344927687569
2,0,3126,1789633728810896384,3812344927698181
2,0,3127,1789633728810907648,3812344927708789
2,0,3128,1789633728810917888,3812344927719419
2,0,3129,1789633728810928128,3812344927730055
2,0,3130,1789633728810939392,3812344927740659
2,0,3131,1789633728810949632,3812344927751344
2,0,3132,1789633728810960896,3812344927761933
2,0,3133,1789633728810971136,3812344927772558
2,0,3134,1789633728810981376,3812344927783127
2,0,3135,1789633728810992640,3812344927793735
2,0,3136,1789633728811002880,3812344927804358
2,0,3137,1789633728811013120,3812344927814989
2,0,3138,1789633728811024384,3812344927825565
2,0,3139,1789633728811034624,3812344927836172
2,0,3140,1789633728811044864,3812344927846925
2,0,3141,1789633728811056128,3812344927857562
2,0,3142,1789633728811066368,3812344927868159
2,0,3143,1789633728811077632,3812344927878728
2,0,3144,1789633728811087872,3812344927889335
2,0,3145,1789633728811098112,3812344927899922
2,0,3146,1789633728811109376,3812344927910562
2,0,3147,1789633728811119616,3812344927921205
2,0,3148,1789633728811129856,3812344927931827
2,0,3149,1789633728811141120,3812344927942645
2,0,3150,1789633728811151360,3812344927953245
2,0,3151,1789633728811162624,3812344927963965
2,0,3152,1789633728811172864,3812344927974577
2,0,3153,1789633728811184128,3812344927985182
2,0,3154,1789633728811194368,3812344927995777
2,0,3155,1789633728811204608,3812344928006379
2,0,3156,1789633728811215872,3812344928017047
2,0,3157,1789633728811226112,3812344928027687
2,0,3158,1789633728811236352,3812344928038324
2,0,3159,1789633728811247616,3812344928048932
2,0,3160,1789633728811257856,3812344928059675
2,0,3161,1789633728811269120,3812344928070299
2,0,3162,1789633728811279360,3812344928081032
2,0,3163,1789633728811290624,3812344928091622
2,0,3164,1789633728811300864,3812344928102244
2,0,3165,1789633728811311104,3812344928112855
2,0,3166,1789633728811322368,3812344928123527
2,0,3167,1789633728811332608,3812344928134162
2,0,3168,1789633728811342848,3812344928144829
2,0,3169,1789633728811354112,3812344928155448
2,0,3170,1789633728811364352,3812344928166052
2,0,3171,1789633728811375616,3812344928176719
2,0,3172,1789633728811385856,3812344928187322
2,0,3173,1789633728811396096,3812344928198078
2,0,3174,1789633728811407360,3812344928208712
2,0,3175,1789633728811417600,3812344928219325
2,0,3176,1789633728811428864,3812344928229974
2,0,3177,1789633728811439104,3812344928240587
2,0,3178,1789633728811449344,3812344928251195
2,0,3179,1789633728811460608,3812344928261812
2,0,3180,1789633728811470848,3812344928272432
2,0,3181,1789633728811481088,3812344928283074
2,0,3182,1789633728811492352,3812344928293754
2,0,3183,1789633728811502592,3812344928304398
2,0,3184,1789633728811513856,3812344928315129
2,0,3185,1789633728811524096,3812344928325694
2,0,3186,1789633728811534336,3812344928336338
2,0,3187,1789633728811545600,3812344928346927
2,0,3188,1789633728811555840,3812344928357515
2,0,3189,1789633728811567104,3812344928368163
2,0,3190,1789633728811577344,3812344928378825
2,0,3191,1789633728811587584,3812344928389432
2,0,3192,1789633728811598848,3812344928400069
2,0,3193,1789633728811609088,3812344928410809
2,0,3194,1789633728811620352,3812344928421494
2,0,3195,1789633728811630592,3812344928432172
2,0,3196,1789633728811640832,3812344928442779
2,0,3197,1789633728811652096,3812344928453393
2,0,3198,1789633728811662336,3812344928463997
2,0,3199,1789633728811673600,3812344928474635
2,0,3200,1789633728811683840,3812344928485275
2,0,3201,1789633728811694080,3812344928495858
2,0,3202,1789633728811705344,3812344928506495
2,0,3203,1789633728811715584,3812344928517127
2,0,3204,1789633728811725824,3812344928527869
2,0,3205,1789633728811737088,3812344928538487
2,0,3206,1789633728811747328,3812344928549218
2,0,3207,1789633728811758592,3812344928559802
2,0,3208,1789633728811768832,3812344928570428
2,0,3209,1789633728811779072,3812344928581055
2,0,3210,1789633728811790336,3812344928591675
2,0,3211,1789633728811800576,3812344928602315
2,0,3212,1789633728811811840,3812344928612935
2,0,3213,1789633728811822080,3812344928623567
2,0,3214,1789633728811832320,3812344928634189
2,0,3215,1789633728811843584,3812344928644902
2,0,3216,1789633728811853824,3812344928655573
2,0,3217,1789633728811865088,3812344928666272
2,0,3218,1789633728811875328,3812344928676937
2,0,3219,1789633728811885568,3812344928687715
2,0,3220,1789633728811896832,3812344928698304
2,0,3221,1789633728811907072,3812344928708931
2,0,3222,1789633728811918336,3812344928719554
2,0,3223,1789633728811928576,3812344928730199
2,0,3224,1789633728811938816,3812344928740795
2,0,3225,1789633728811950080,3812344928751409
2,0,3226,1789633728811960320,3812344928762024
2,0,3227,1789633728811971584,3812344928772682
2,0,3228,1789633728811981824,3812344928783492
2,0,3229,1789633728811993088,3812344928794118
2,0,3230,1789633728812003328,3812344928804785
2,0,3231,1789633728812013568,3812344928815403
2,0,3232,1789633728812024832,3812344928825995
2,0,3233,1789633728812035072,3812344928836625
2,0,3234,1789633728812045312,3812344928847335
2,0,3235,1789633728812056576,3812344928858019
2,0,3236,1789633728812066816,3812344928868665
2,0,3237,1789633728812078080,3812344928879355
2,0,3238,1789633728812088320,3812344928889982
2,0,3239,1789633728812099584,3812344928900648
2,0,3240,1789633728812109824,3812344928911279
2,0,3241,1789633728812120064,3812344928921962
2,0,3242,1789633728812131328,3812344928932597
2,0,3243,1789633728812141568,3812344928943295
2,0,3244,1789633728812152832,3812344928953955
2,0,3245,1789633728812163072,3812344928964765
2,0,3246,1789633728812174336,3812344928975452
2,0,3247,1789633728812184576,3812344928986199
2,0,3248,1789633728812194816,3812344928996869
2,0,3249,1789633728812206080,3812344929007665
2,0,3250,1789633728812216320,3812344929018375
2,0,3251,1789633728812227584,3812344929029145
2,0,3252,1789633728812237824,3812344929039832
2,0,3253,1789633728812249088,3812344929050595
2,0,3254,1789633728812259328,3812344929061235
2,0,3255,1789633728812270592,3812344929071887
2,0,3256,1789633728812280832,3812344929082522
2,0,3257,1789633728812292096,3812344929093205
2,0,3258,1789633728812302336,3812344929103877
2,0,3259,1789633728812312576,3812344929114569
2,0,3260,1789633728812323840,3812344929125257
2,0,3261,1789633728812334080,3812344929135952
2,0,3262,1789633728812345344,3812344929146562
2,0,3263,1789633728812355584,3812344929157252
2,0,3264,1789633728812365824,3812344929167887
2,0,3265,1789633728812377088,3812344929178549
2,0,3266,1789633728812387328,3812344929189227
2,0,3267,1789633728812398592,3812344929199852
2,0,3268,1789633728812408832,3812344929210552
2,0,3269,1789633728812420096,3812344929221195
2,0,3270,1789633728812430336,3812344929232045
2,0,3271,1789633728812441600,3812344929242677
2,0,3272,1789633728812451840,3812344929253475
2,0,3273,1789633728812462080,3812344929264111
2,0,3274,1789633728812473344,3812344929274955
2,0,3275,1789633728812483584,3812344929285619
2,0,3276,1789633728812494848,3812344929296395
2,0,3277,1789633728812505088,3812344929307025
2,0,3278,1789633728812516352,3812344929317674
2,0,3279,1789633728812526592,3812344929328344
2,0,3280,1789633728812537856,3812344929339035
2,0,3281,1789633728812548096,3812344929349672
2,0,3282,1789633728812558336,3812344929360325
2,0,3283,1789633728812569600,3812344929371015
2,0,3284,1789633728812579840,3812344929381681
2,0,3285,1789633728812591104,3812344929392369
2,0,3286,1789633728812601344,3812344929403015
2,0,3287,1789633728812612608,3812344929413725
2,0,3288,1789633728812622848,3812344929424371
2,0,3289,1789633728812633088,3812344929435051
2,0,3290,1789633728812644352,3812344929445625
2,0,3291,1789633728812654592,3812344929456359
2,0,3292,1789633728812665856,3812344929467011
2,0,3293,1789633728812676096,3812344929477565
2,0,3294,1789633728812686336,3812344929488151
2,0,3295,1789633728812697600,3812344929498809
2,0,3296,1789633728812707840,3812344929509437
2,0,3297,1789633728812718080,3812344929520028
2,0,3298,1789633728812729344,3812344929530625
2,0,3299,1789633728812739584,3812344929541214
2,0,3300,1789633728812749824,3812344929551951
2,0,3301,1789633728812761088,3812344929562598
2,0,3302,1789633728812771328,3812344929573169
2,0,3303,1789633728812782592,3812344929583751
2,0,3304,1789633728812792832,3812344929594345
2,0,3305,1789633728812803072,3812344929604919
2,0,3306,1789633728812814336,3812344929615585
2,0,3307,1789633728812824576,3812344929626239
2,0,3308,1789633728812834816,3812344929636839
2,0,3309,1789633728812846080,3812344929647549
2,0,3310,1789633728812856320,3812344929658162
2,0,3311,1789633728812867584,3812344929668805
2,0,3312,1789633728812877824,3812344929679309
2,0,3313,1789633728812888064,3812344929689925
2,0,3314,1789633728812899328,3812344929700507
2,0,3315,1789633728812909568,3812344929711107
2,0,3316,1789633728812919808,3812344929721817
2,0,3317,1789633728812931072,3812344929732395
2,0,3318,1789633728812941312,3812344929743137
2,0,3319,1789633728812952576,3812344929753758
2,0,3320,1789633728812962816,3812344929764334
2,0,3321,1789633728812973056,3812344929774931
2,0,3322,1789633728812984320,3812344929785619
2,0,3323,1789633728812994560,3812344929796269
2,0,3324,1789633728813005824,3812344929806925
2,0,3325,1789633728813016064,3812344929817605
2,0,3326,1789633728813026304,3812344929828248
2,0,3327,1789633728813037568,3812344929838919
2,0,3328,1789633728813047808,3812344929849563
2,0,3329,1789633728813059072,3812344929860308
2,0,3330,1789633728813069312,3812344929870942
2,0,3331,1789633728813080576,3812344929881818
2,0,3332,1789633728813090816,3812344929892393
2,0,3333,1789633728813101056,3812344929903092
2,0,3334,1789633728813112320,3812344929913682
2,0,3335,1789633728813122560,3812344929924301
2,0,3336,1789633728813133824,3812344929934882
2,0,3337,1789633728813144064,3812344929945542
2,0,3338,1789633728813154304,3812344929956175
2,0,3339,1789633728813165568,3812344929966771
2,0,3340,1789633728813175808,3812344929977422
2,0,3341,1789633728813186048,3812344929988032
2,0,3342,1789633728813197312,3812344929998809
2,0,3343,1789633728813207552,3812344930009412
2,0,3344,1789633728813218816,3812344930020142
2,0,3345,1789633728813229056,3812344930030742
2,0,3346,1789633728813240320,3812344930041405
2,0,3347,1789633728813250560,3812344930051945
2,0,3348,1789633728813260800,3812344930062552
2,0,3349,1789633728813272064,3812344930073152
2,0,3350,1789633728813282304,3812344930083811
2,0,3351,1789633728813292544,3812344930094449
2,0,3352,1789633728813303808,3812344930105035
2,0,3353,1789633728813314048,3812344930115738
2,0,3354,1789633728813325312,3812344930126342
2,0,3355,1789633728813335552,3812344930136876
2,0,3356,1789633728813345792,3812344930147488
2,0,3357,1789633728813357056,3812344930158092
2,0,3358,1789633728813367296,3812344930168685
2,0,3359,1789633728813377536,3812344930179311
2,0,3360,1789633728813388800,3812344930189969
2,0,3361,1789633728813399040,3812344930200602
2,0,3362,1789633728813409280,3812344930211331
2,0,3363,1789633728813420544,3812344930221932
2,0,3364,1789633728813430784,3812344930232526
2,0,3365,1789633728813442048,3812344930243157
2,0,3366,1789633728813452288,3812344930253757
2,0,3367,1789633728813462528,3812344930264349
2,0,3368,1789633728813473792,3812344930274972
2,0,3369,1789633728813484032,3812344930285568
2,0,3370,1789633728813494272,3812344930296198
2,0,3371,1789633728813505536,3812344930306932
2,0,3372,1789633728813515776,3812344930317512
2,0,3373,1789633728813527040,3812344930328119
2,0,3374,1789633728813537280,3812344930338722
2,0,3375,1789633728813547520,3812344930349322
2,0,3376,1789633728813558784,3812344930359881
2,0,3377,1789633728813569024,3812344930370482
2,0,3378,1789633728813579264,3812344930381156
2,0,3379,1789633728813590528,3812344930391816
2,0,3380,1789633728813600768,3812344930402522
2,0,3381,1789633728813612032,3812344930413158
2,0,3382,1789633728813622272,3812344930423752
2,0,3383,1789633728813632512,3812344930434332
2,0,3384,1789633728813643776,3812344930444926
2,0,3385,1789633728813654016,3812344930455551
2,0,3386,1789633728813664256,3812344930466149
2,0,3387,1789633728813675520,3812344930476745
2,0,3388,1789633728813685760,3812344930487344
2,0,3389,1789633728813696000,3812344930498122
2,0,3390,1789633728813707264,3812344930508742
2,0,3391,1789633728813717504,3812344930519362
2,0,3392,1789633728813728768,3812344930529923
2,0,3393,1789633728813739008,3812344930540549
2,0,3394,1789633728813749248,3812344930551109
2,0,3395,1789633728813760512,3812344930561733
2,0,3396,1789633728813770752,3812344930572349
2,0,3397,1789633728813780992,3812344930582943
2,0,3398,1789633728813792256,3812344930593722
2,0,3399,1789633728813802496,3812344930604342
2,0,3400,1789633728813813760,3812344930615182
2,0,3401,1789633728813824000,3812344930625792
2,0,3402,1789633728813835264,3812344930636378
2,0,3403,1789633728813845504,3812344930646972
2,0,3404,1789633728813855744,3812344930657612
2,0,3405,1789633728813867008,3812344930668199
2,0,3406,1789633728813877248,3812344930678791
2,0,3407,1789633728813887488,3812344930689392
2,0,3408,1789633728813898752,3812344930700022
2,0,3409,1789633728813908992,3812344930710751
2,0,3410,1789633728813920256,3812344930721392
2,0,3411,1789633728813930496,3812344930732219
2,0,3412,1789633728813941760,3812344930742872
2,0,3413,1789633728813952000,3812344930753695
2,0,3414,1789633728813962240,3812344930764302
2,0,3415,1789633728813973504,3812344930774903
2,0,3416,1789633728813983744,3812344930785572
2,0,3417,1789633728813995008,3812344930796168
2,0,3418,1789633728814005248,3812344930806755
2,0,3419,1789633728814015488,3812344930817359
2,0,3420,1789633728814026752,3812344930827962
2,0,3421,1789633728814036992,3812344930838572
2,0,3422,1789633728814047232,3812344930849362
2,0,3423,1789633728814058496,3812344930859992
2,0,3424,1789633728814068736,3812344930870713
2,0,3425,1789633728814080000,3812344930881321
2,0,3426,1789633728814090240,3812344930891929
2,0,3427,1789633728814101504,3812344930902542
2,0,3428,1789633728814111744,3812344930913166
2,0,3429,1789633728814121984,3812344930923769
2,0,3430,1789633728814133248,3812344930934411
2,0,3431,1789633728814143488,3812344930945002
2,0,3432,1789633728814153728,3812344930955618
2,0,3433,1789633728814164992,3812344930966298
2,0,3434,1789633728814175232,3812344930976959
2,0,3435,1789633728814186496,3812344930987572
2,0,3436,1789633728814196736,3812344930998169
2,0,3437,1789633728814206976,3812344931008808
2,0,3438,1789633728814218240,3812344931019368
2,0,3439,1789633728814228480,3812344931030001
2,0,3440,1789633728814238720,3812344931040605
2,0,3441,1789633728814249984,3812344931051242
2,0,3442,1789633728814260224,3812344931062002
2,0,3443,1789633728814271488,3812344931072608
2,0,3444,1789633728814281728,3812344931083346
2,0,3445,1789633728814291968,3812344931093972
2,0,3446,1789633728814303232,3812344931104599
2,0,3447,1789633728814313472,3812344931115192
2,0,3448,1789633728814324736,3812344931125796
2,0,3449,1789633728814334976,3812344931136392
2,0,3450,1789633728814345216,3812344931147014
2,0,3451,1789633728814356480,3812344931157649
2,0,3452,1789633728814366720,3812344931168254
2,0,3453,1789633728814376960,3812344931179061
2,0,3454,1789633728814388224,3812344931189652
2,0,3455,1789633728814398464,3812344931200408
2,0,3456,1789633728814409728,3812344931211042
2,0,3457,1789633728814419968,3812344931221642
2,0,3458,1789633728814430208,3812344931232216
2,0,3459,1789633728814441472,3812344931242779
2,0,3460,1789633728814451712,3812344931253329
2,0,3461,1789633728814461952,3812344931263959
2,0,3462,1789633728814473216,3812344931274642
2,0,3463,1789633728814483456,3812344931285242
2,0,3464,1789633728814494720,3812344931296005
2,0,3465,1789633728814504960,3812344931306631
2,0,3466,1789633728814516224,3812344931317492
2,0,3467,1789633728814526464,3812344931328131
2,0,3468,1789633728814536704,3812344931338909
2,0,3469,1789633728814547968,3812344931349543
2,0,3470,1789633728814558208,3812344931360142
2,0,3471,1789633728814569472,3812344931370765
2,0,3472,1789633728814579712,3812344931381349
2,0,3473,1789633728814589952,3812344931391962
2,0,3474,1789633728814601216,3812344931402584
2,0,3475,1789633728814611456,3812344931413208
2,0,3476,1789633728814622720,3812344931423844
2,0,3477,1789633728814632960,3812344931434596
2,0,3478,1789633728814643200,3812344931445249
2,0,3479,1789633728814654464,3812344931455959
2,0,3480,1789633728814664704,3812344931466602
2,0,3481,1789633728814675968,3812344931477202
2,0,3482,1789633728814686208,3812344931487792
2,0,3483,1789633728814696448,3812344931498348
2,0,3484,1789633728814707712,3812344931508951
2,0,3485,1789633728814717952,3812344931519592
2,0,3486,1789633728814728192,3812344931530202
2,0,3487,1789633728814739456,3812344931540842
2,0,3488,1789633728814749696,3812344931551548
2,0,3489,1789633728814760960,3812344931562196
2,0,3490,1789633728814771200,3812344931572806
2,0,3491,1789633728814781440,3812344931583402
2,0,3492,1789633728814792704,3812344931593992
2,0,3493,1789633728814802944,3812344931604602
2,0,3494,1789633728814813184,3812344931615209
2,0,3495,1789633728814824448,3812344931625818
2,0,3496,1789633728814834688,3812344931636449
2,0,3497,1789633728814845952,3812344931647262
2,0,3498,1789633728814856192,3812344931657882
2,0,3499,1789633728814867456,3812344931668602
2,0,3500,1789633728814877696,3812344931679185
2,0,3501,1789633728814887936,3812344931689809
2,0,3502,1789633728814899200,3812344931700411
2,0,3503,1789633728814909440,3812344931711052
2,0,3504,1789633728814919680,3812344931721616
2,0,3505,1789633728814930944,3812344931732238
2,0,3506,1789633728814941184,3812344931742859
2,0,3507,1789633728814951424,3812344931753511
2,0,3508,1789633728814962688,3812344931764312
2,0,3509,1789633728814972928,3812344931774942
2,0,3510,1789633728814984192,3812344931785646
2,0,3511,1789633728814994432,3812344931796273
2,0,3512,1789633728815005696,3812344931806872
2,0,3513,1789633728815015936,3812344931817469
2,0,3514,1789633728815026176,3812344931828105
2,0,3515,1789633728815037440,3812344931838711
2,0,3516,1789633728815047680,3812344931849372
2,0,3517,1789633728815057920,3812344931859982
2,0,3518,1789633728815069184,3812344931870606
2,0,3519,1789633728815079424,3812344931881371
2,0,3520,1789633728815090688,3812344931891952
2,0,3521,1789633728815100928,3812344931902695
2,0,3522,1789633728815112192,3812344931913335
2,0,3523,1789633728815122432,3812344931923927
2,0,3524,1789633728815132672,3812344931934532
2,0,3525,1789633728815143936,3812344931945155
2,0,3526,1789633728815154176,3812344931955771
2,0,3527,1789633728815164416,3812344931966412
2,0,3528,1789633728815175680,3812344931977061
2,0,3529,1789633728815185920,3812344931987667
2,0,3530,1789633728815197184,3812344931998412
2,0,3531,1789633728815207424,3812344932009026
2,0,3532,1789633728815217664,3812344932019745
2,0,3533,1789633728815228928,3812344932030392
2,0,3534,1789633728815239168,3812344932040952
2,0,3535,1789633728815250432,3812344932051545
2,0,3536,1789633728815260672,3812344932062162
2,0,3537,1789633728815270912,3812344932072807
2,0,3538,1789633728815282176,3812344932083509
2,0,3539,1789633728815292416,3812344932094155
2,0,3540,1789633728815303680,3812344932104795
2,0,3541,1789633728815313920,3812344932115459
2,0,3542,1789633728815324160,3812344932126109
2,0,3543,1789633728815335424,3812344932136805
2,0,3544,1789633728815345664,3812344932147449
2,0,3545,1789633728815356928,3812344932158292
2,0,3546,1789633728815367168,3812344932168935
2,0,3547,1789633728815378432,3812344932179522
2,0,3548,1789633728815388672,3812344932190119
2,0,3549,1789633728815398912,3812344932200772
2,0,3550,1789633728815410176,3812344932211397
2,0,3551,1789633728815420416,3812344932222019
2,0,3552,1789633728815430656,3812344932232647
2,0,3553,1789633728815441920,3812344932243236
2,0,3554,1789633728815452160,3812344932253947
2,0,3555,1789633728815463424,3812344932264592
2,0,3556,1789633728815473664,3812344932275301
2,0,3557,1789633728815483904,3812344932285904
2,0,3558,1789633728815495168,3812344932296517
2,0,3559,1789633728815505408,3812344932307117
2,0,3560,1789633728815515648,3812344932317705
2,0,3561,1789633728815526912,3812344932328310
2,0,3562,1789633728815537152,3812344932338959
2,0,3563,1789633728815548416,3812344932349542
2,0,3564,1789633728815558656,3812344932360182
2,0,3565,1789633728815568896,3812344932370902
2,0,3566,1789633728815580160,3812344932381524
2,0,3567,1789633728815590400,3812344932392142
2,0,3568,1789633728815601664,3812344932402766
2,0,3569,1789633728815611904,3812344932413359
2,0,3570,1789633728815622144,3812344932423969
2,0,3571,1789633728815633408,3812344932434631
2,0,3572,1789633728815643648,3812344932445266
2,0,3573,1789633728815653888,3812344932455872
2,0,3574,1789633728815665152,3812344932466602
2,0,3575,1789633728815675392,3812344932477237
2,0,3576,1789633728815686656,3812344932487947
2,0,3577,1789633728815696896,3812344932498585
2,0,3578,1789633728815707136,3812344932509181
2,0,3579,1789633728815718400,3812344932519791
2,0,3580,1789633728815728640,3812344932530344
2,0,3581,1789633728815739904,3812344932540955
2,0,3582,1789633728815750144,3812344932551615
2,0,3583,1789633728815760384,3812344932562241
2,0,3584,1789633728815771648,3812344932572851
2,0,3585,1789633728815781888,3812344932583544
2,0,3586,1789633728815792128,3812344932594181
2,0,3587,1789633728815803392,3812344932604771
2,0,3588,1789633728815813632,3812344932615378
2,0,3589,1789633728815824896,3812344932626043
2,0,3590,1789633728815835136,3812344932636681
2,0,3591,1789633728815845376,3812344932647299
2,0,3592,1789633728815856640,3812344932657906
2,0,3593,1789633728815866880,3812344932668542
2,0,3594,1789633728815877120,3812344932679226
2,0,3595,1789633728815888384,3812344932689828
2,0,3596,1789633728815898624,3812344932700601
2,0,3597,1789633728815909888,3812344932711241
2,0,3598,1789633728815920128,3812344932721815
2,0,3599,1789633728815930368,3812344932732408
2,0,3600,1789633728815941632,3812344932743051
2,0,3601,1789633728815951872,3812344932753648
2,0,3602,1789633728815963136,3812344932764301
2,0,3603,1789633728815973376,3812344932774858
2,0,3604,1789633728815983616,3812344932785574
2,0,3605,1789633728815994880,3812344932796278
2,0,3606,1789633728816005120,3812344932806884
2,0,3607,1789633728816016384,3812344932817631
2,0,3608,1789633728816026624,3812344932828281
2,0,3609,1789633728816036864,3812344932838884
2,0,3610,1789633728816048128,3812344932849481
2,0,3611,1789633728816058368,3812344932860101
2,0,3612,1789633728816069632,3812344932870744
2,0,3613,1789633728816079872,3812344932881396
2,0,3614,1789633728816090112,3812344932892020
2,0,3615,1789633728816101376,3812344932902621
2,0,3616,1789633728816111616,3812344932913366
2,0,3617,1789633728816121856,3812344932923941
2,0,3618,1789633728816133120,3812344932934698
2,0,3619,1789633728816143360,3812344932945325
2,0,3620,1789633728816154624,3812344932956161
2,0,3621,1789633728816164864,3812344932966801
2,0,3622,1789633728816176128,3812344932977396
2,0,3623,1789633728816186368,3812344932988055
2,0,3624,1789633728816196608,3812344932998659
2,0,3625,1789633728816207872,3812344933009293
2,0,3626,1789633728816218112,3812344933019889
2,0,3627,1789633728816229376,3812344933030501
2,0,3628,1789633728816239616,3812344933041096
2,0,3629,1789633728816249856,3812344933051841
2,0,3630,1789633728816261120,3812344933062454
2,0,3631,1789633728816271360,3812344933073216
2,0,3632,1789633728816282624,3812344933083811
2,0,3633,1789633728816292864,3812344933094400
2,0,3634,1789633728816303104,3812344933105008
2,0,3635,1789633728816314368,3812344933115628
2,0,3636,1789633728816324608,3812344933126275
2,0,3637,1789633728816334848,3812344933136876
2,0,3638,1789633728816346112,3812344933147490
2,0,3639,1789633728816356352,3812344933158110
2,0,3640,1789633728816367616,3812344933168800
2,0,3641,1789633728816377856,3812344933179460
2,0,3642,1789633728816388096,3812344933190270
2,0,3643,1789633728816399360,3812344933200930
2,0,3644,1789633728816409600,3812344933211816
2,0,3645,1789633728816420864,3812344933222362
2,0,3646,1789633728816431104,3812344933232940
2,0,3647,1789633728816442368,3812344933243624
2,0,3648,1789633728816452608,3812344933254228
2,0,3649,1789633728816462848,3812344933264849
2,0,3650,1789633728816474112,3812344933275466
2,0,3651,1789633728816484352,3812344933286070
2,0,3652,1789633728816494592,3812344933296684
2,0,3653,1789633728816505856,3812344933307390
2,0,3654,1789633728816516096,3812344933318042
2,0,3655,1789633728816527360,3812344933328748
2,0,3656,1789633728816537600,3812344933339398
2,0,3657,1789633728816548864,3812344933350240
2,0,3658,1789633728816559104,3812344933360909
2,0,3659,1789633728816570368,3812344933371679
2,0,3660,1789633728816580608,3812344933382310
2,0,3661,1789633728816590848,3812344933392918
2,0,3662,1789633728816602112,3812344933403580
2,0,3663,1789633728816612352,3812344933414194
2,0,3664,1789633728816623616,3812344933424800
2,0,3665,1789633728816633856,3812344933435436
2,0,3666,1789633728816644096,3812344933446016
2,0,3667,1789633728816655360,3812344933456628
2,0,3668,1789633728816665600,3812344933467379
2,0,3669,1789633728816676864,3812344933478034
2,0,3670,1789633728816687104,3812344933488730
2,0,3671,1789633728816697344,3812344933499390
2,0,3672,1789633728816708608,3812344933510000
2,0,3673,1789633728816718848,3812344933520566
2,0,3674,1789633728816729088,3812344933531174
2,0,3675,1789633728816740352,3812344933541796
2,0,3676,1789633728816750592,3812344933552390
2,0,3677,1789633728816761856,3812344933562986
2,0,3678,1789633728816772096,3812344933573640
2,0,3679,1789633728816782336,3812344933584335
2,0,3680,1789633728816793600,3812344933594966
2,0,3681,1789633728816803840,3812344933605550
2,0,3682,1789633728816814080,3812344933616149
2,0,3683,1789633728816825344,3812344933626769
2,0,3684,1789633728816835584,3812344933637316
2,0,3685,1789633728816845824,3812344933647918
2,0,3686,1789633728816857088,3812344933658595
2,0,3687,1789633728816867328,3812344933669248
2,0,3688,1789633728816878592,3812344933680048
2,0,3689,1789633728816888832,3812344933690698
2,0,3690,1789633728816900096,3812344933701378
2,0,3691,1789633728816910336,3812344933712028
2,0,3692,1789633728816920576,3812344933722840
2,0,3693,1789633728816931840,3812344933733517
2,0,3694,1789633728816942080,3812344933744310
2,0,3695,1789633728816953344,3812344933754995
2,0,3696,1789633728816963584,3812344933765744
2,0,3697,1789633728816974848,3812344933776394
2,0,3698,1789633728816985088,3812344933787216
2,0,3699,1789633728816996352,3812344933797902
2,0,3700,1789633728817006592,3812344933808658
2,0,3701,1789633728817017856,3812344933819270
2,0,3702,1789633728817028096,3812344933829940
2,0,3703,1789633728817039360,3812344933840566
2,0,3704,1789633728817049600,3812344933851274
2,0,3705,1789633728817059840,3812344933861916
2,0,3706,1789633728817071104,3812344933872574
2,0,3707,1789633728817081344,3812344933883260
2,0,3708,1789633728817092608,3812344933893948
2,0,3709,1789633728817102848,3812344933904559
2,0,3710,1789633728817113088,3812344933915144
2,0,3711,1789633728817124352,3812344933925810
2,0,3712,1789633728817134592,3812344933936444
2,0,3713,1789633728817145856,3812344933947198
2,0,3714,1789633728817156096,3812344933957810
2,0,3715,1789633728817166336,3812344933968430
2,0,3716,1789633728817177600,3812344933978996
2,0,3717,1789633728817187840,3812344933989625
2,0,3718,1789633728817199104,3812344934000219
2,0,3719,1789633728817209344,3812344934010845
2,0,3720,1789633728817219584,3812344934021449
2,0,3721,1789633728817230848,3812344934032060
2,0,3722,1789633728817241088,3812344934042770
2,0,3723,1789633728817251328,3812344934053324
2,0,3724,1789633728817262592,3812344934063980
2,0,3725,1789633728817272832,3812344934074568
2,0,3726,1789633728817284096,3812344934085184
2,0,3727,1789633728817294336,3812344934095719
2,0,3728,1789633728817304576,3812344934106360
2,0,3729,1789633728817315840,3812344934116999
2,0,3730,1789633728817326080,3812344934127618
2,0,3731,1789633728817336320,3812344934138360
2,0,3732,1789633728817347584,3812344934148930
2,0,3733,1789633728817357824,3812344934159515
2,0,3734,1789633728817368064,3812344934170130
2,0,3735,1789633728817379328,3812344934180740
2,0,3736,1789633728817389568,3812344934191330
2,0,3737,1789633728817400832,3812344934201970
2,0,3738,1789633728817411072,3812344934212608
2,0,3739,1789633728817421312,3812344934223218
2,0,3740,1789633728817432576,3812344934233954
2,0,3741,1789633728817442816,3812344934244543
2,0,3742,1789633728817453056,3812344934255150
2,0,3743,1789633728817464320,3812344934265735
2,0,3744,1789633728817474560,3812344934276350
2,0,3745,1789633728817485824,3812344934286948
2,0,3746,1789633728817496064,3812344934297615
2,0,3747,1789633728817506304,3812344934308218
2,0,3748,1789633728817517568,3812344934318860
2,0,3749,1789633728817527808,3812344934329654
2,0,3750,1789633728817539072,3812344934340312
2,0,3751,1789633728817549312,3812344934350995
2,0,3752,1789633728817559552,3812344934361604
2,0,3753,1789633728817570816,3812344934372209
2,0,3754,1789633728817581056,3812344934382802
2,0,3755,1789633728817591296,3812344934393493
2,0,3756,1789633728817602560,3812344934404098
2,0,3757,1789633728817612800,3812344934414733
2,0,3758,1789633728817624064,3812344934425343
2,0,3759,1789633728817634304,3812344934435958
2,0,3760,1789633728817644544,3812344934446720
2,0,3761,1789633728817655808,3812344934457353
2,0,3762,1789633728817666048,3812344934468050
2,0,3763,1789633728817677312,3812344934478679
2,0,3764,1789633728817687552,3812344934489268
2,0,3765,1789633728817697792,3812344934499840
2,0,3766,1789633728817709056,3812344934510490
2,0,3767,1789633728817719296,3812344934521053
2,0,3768,1789633728817730560,3812344934531718
2,0,3769,1789633728817740800,3812344934542300
2,0,3770,1789633728817751040,3812344934552929
2,0,3771,1789633728817762304,3812344934563652
2,0,3772,1789633728817772544,3812344934574270
2,0,3773,1789633728817782784,3812344934584879
2,0,3774,1789633728817794048,3812344934595585
2,0,3775,1789633728817804288,3812344934606173
2,0,3776,1789633728817815552,3812344934616790
2,0,3777,1789633728817825792,3812344934627390
2,0,3778,1789633728817836032,3812344934637966
2,0,3779,1789633728817847296,3812344934648590
2,0,3780,1789633728817857536,3812344934659336
2,0,3781,1789633728817868800,3812344934669973
2,0,3782,1789633728817879040,3812344934680699
2,0,3783,1789633728817889280,3812344934691319
2,0,3784,1789633728817900544,3812344934701898
2,0,3785,1789633728817910784,3812344934712476
2,0,3786,1789633728817921024,3812344934723076
2,0,3787,1789633728817932288,3812344934733700
2,0,3788,1789633728817942528,3812344934744350
2,0,3789,1789633728817953792,3812344934754950
2,0,3790,1789633728817964032,3812344934765598
2,0,3791,1789633728817974272,3812344934776276
2,0,3792,1789633728817985536,3812344934786910
2,0,3793,1789633728817995776,3812344934797493
2,0,3794,1789633728818006016,3812344934808063
2,0,3795,1789633728818017280,3812344934818683
2,0,3796,1789633728818027520,3812344934829308
2,0,3797,1789633728818038784,3812344934839942
2,0,3798,1789633728818049024,3812344934850729
2,0,3799,1789633728818059264,3812344934861390
2,0,3800,1789633728818070528,3812344934871996
2,0,3801,1789633728818080768,3812344934882643
2,0,3802,1789633728818092032,3812344934893492
2,0,3803,1789633728818102272,3812344934904125
2,0,3804,1789633728818113536,3812344934914780
2,0,3805,1789633728818123776,3812344934925392
2,0,3806,1789633728818134016,3812344934935992
2,0,3807,1789633728818145280,3812344934946590
2,0,3808,1789633728818155520,3812344934957193
2,0,3809,1789633728818165760,3812344934967792
2,0,3810,1789633728818177024,3812344934978430
2,0,3811,1789633728818187264,3812344934989050
2,0,3812,1789633728818198528,3812344934999680
2,0,3813,1789633728818208768,3812344935010377
2,0,3814,1789633728818219008,3812344935020990
2,0,3815,1789633728818230272,3812344935031608
2,0,3816,1789633728818240512,3812344935042212
2,0,3817,1789633728818250752,3812344935052840
2,0,3818,1789633728818262016,3812344935063490
2,0,3819,1789633728818272256,3812344935074103
2,0,3820,1789633728818283520,3812344935084723
2,0,3821,1789633728818293760,3812344935095390
2,0,3822,1789633728818304000,3812344935106052
2,0,3823,1789633728818315264,3812344935116700
2,0,3824,1789633728818325504,3812344935127442
2,0,3825,1789633728818336768,3812344935138070
2,0,3826,1789633728818347008,3812344935148670
2,0,3827,1789633728818357248,3812344935159270
2,0,3828,1789633728818368512,3812344935169877
2,0,3829,1789633728818378752,3812344935180468
2,0,3830,1789633728818388992,3812344935191095
2,0,3831,1789633728818400256,3812344935201680
2,0,3832,1789633728818410496,3812344935212329
2,0,3833,1789633728818421760,3812344935223010
2,0,3834,1789633728818432000,3812344935233645
2,0,3835,1789633728818442240,3812344935244233
2,0,3836,1789633728818453504,3812344935254849
2,0,3837,1789633728818463744,3812344935265476
2,0,3838,1789633728818473984,3812344935276056
2,0,3839,1789633728818485248,3812344935286695
2,0,3840,1789633728818495488,3812344935297296
2,0,3841,1789633728818506752,3812344935307970
2,0,3842,1789633728818516992,3812344935318618
2,0,3843,1789633728818527232,3812344935329259
2,0,3844,1789633728818538496,3812344935339885
2,0,3845,1789633728818548736,3812344935350520
2,0,3846,1789633728818560000,3812344935361123
2,0,3847,1789633728818570240,3812344935371710
2,0,3848,1789633728818580480,3812344935382368
2,0,3849,1789633728818591744,3812344935392955
2,0,3850,1789633728818601984,3812344935403608
2,0,3851,1789633728818612224,3812344935414308
2,0,3852,1789633728818623488,3812344935424963
2,0,3853,1789633728818633728,3812344935435558
2,0,3854,1789633728818644992,3812344935446205
2,0,3855,1789633728818655232,3812344935456805
2,0,3856,1789633728818665472,3812344935467440
2,0,3857,1789633728818676736,3812344935478010
2,0,3858,1789633728818686976,3812344935488620
2,0,3859,1789633728818697216,3812344935499275
2,0,3860,1789633728818708480,3812344935509883
2,0,3861,1789633728818718720,3812344935520520
2,0,3862,1789633728818729984,3812344935531256
2,0,3863,1789633728818740224,3812344935541898
2,0,3864,1789633728818750464,3812344935552490
2,0,3865,1789633728818761728,3812344935563070
2,0,3866,1789633728818771968,3812344935573633
2,0,3867,1789633728818782208,3812344935584240
2,0,3868,1789633728818793472,3812344935594843
2,0,3869,1789633728818803712,3812344935605553
2,0,3870,1789633728818814976,3812344935616157
2,0,3871,1789633728818825216,3812344935626958
2,0,3872,1789633728818835456,3812344935637620
2,0,3873,1789633728818846720,3812344935648408
2,0,3874,1789633728818856960,3812344935659043
2,0,3875,1789633728818868224,3812344935669780
2,0,3876,1789633728818878464,3812344935680433
2,0,3877,1789633728818889728,3812344935691030
2,0,3878,1789633728818899968,3812344935701583
2,0,3879,1789633728818910208,3812344935712210
2,0,3880,1789633728818921472,3812344935722808
2,0,3881,1789633728818931712,3812344935733516
2,0,3882,1789633728818942976,3812344935744082
2,0,3883,1789633728818953216,3812344935754720
2,0,3884,1789633728818963456,3812344935765466
2,0,3885,1789633728818974720,3812344935776122
2,0,3886,1789633728818984960,3812344935786810
2,0,3887,1789633728818996224,3812344935797400
2,0,3888,1789633728819006464,3812344935808008
2,0,3889,1789633728819016704,3812344935818643
2,0,3890,1789633728819027968,3812344935829248
2,0,3891,1789633728819038208,3812344935839853
2,0,3892,1789633728819048448,3812344935850478
2,0,3893,1789633728819059712,3812344935861070
2,0,3894,1789633728819069952,3812344935871710
2,0,3895,1789633728819080192,3812344935882415
2,0,3896,1789633728819091456,3812344935893053
2,0,3897,1789633728819101696,3812344935903880
2,0,3898,1789633728819112960,3812344935914493
2,0,3899,1789633728819123200,3812344935925345
2,0,3900,1789633728819134464,3812344935935986
2,0,3901,1789633728819144704,3812344935946576
2,0,3902,1789633728819155968,3812344935957159
2,0,3903,1789633728819166208,3812344935967830
2,0,3904,1789633728819176448,3812344935978440
2,0,3905,1789633728819187712,3812344935989078
2,0,3906,1789633728819197952,3812344935999683
2,0,3907,1789633728819208192,3812344936010315
2,0,3908,1789633728819219456,3812344936021018
2,0,3909,1789633728819229696,3812344936031629
2,0,3910,1789633728819240960,3812344936042376
2,0,3911,1789633728819251200,3812344936052948
2,0,3912,1789633728819261440,3812344936063575
2,0,3913,1789633728819272704,3812344936074206
2,0,3914,1789633728819282944,3812344936084840
2,0,3915,1789633728819294208,3812344936095400
2,0,3916,1789633728819304448,3812344936106058
2,0,3917,1789633728819314688,3812344936116666
2,0,3918,1789633728819325952,3812344936127283
2,0,3919,1789633728819336192,3812344936138059
2,0,3920,1789633728819347456,3812344936148666
2,0,3921,1789633728819357696,3812344936159428
2,0,3922,1789633728819367936,3812344936170033
2,0,3923,1789633728819379200,3812344936180643
2,0,3924,1789633728819389440,3812344936191219
2,0,3925,1789633728819400704,3812344936201870
2,0,3926,1789633728819410944,3812344936212470
2,0,3927,1789633728819421184,3812344936223133
2,0,3928,1789633728819432448,3812344936233766
2,0,3929,1789633728819442688,3812344936244419
2,0,3930,1789633728819452928,3812344936255120
2,0,3931,1789633728819464192,3812344936265746
2,0,3932,1789633728819474432,3812344936276482
2,0,3933,1789633728819485696,3812344936287120
2,0,3934,1789633728819495936,3812344936297930
2,0,3935,1789633728819507200,3812344936308555
2,0,3936,1789633728819517440,3812344936319148
2,0,3937,1789633728819527680,3812344936329783
2,0,3938,1789633728819538944,3812344936340430
2,0,3939,1789633728819549184,3812344936351066
2,0,3940,1789633728819560448,3812344936361816
2,0,3941,1789633728819570688,3812344936372330
2,0,3942,1789633728819580928,3812344936382943
2,0,3943,1789633728819592192,3812344936393618
2,0,3944,1789633728819602432,3812344936404290
2,0,3945,1789633728819613696,3812344936415090
2,0,3946,1789633728819623936,3812344936425736
2,0,3947,1789633728819635200,3812344936436433
2,0,3948,1789633728819645440,3812344936447090
2,0,3949,1789633728819655680,3812344936457910
2,0,3950,1789633728819666944,3812344936468579
2,0,3951,1789633728819677184,3812344936479360
2,0,3952,1789633728819688448,3812344936489970
2,0,3953,1789633728819698688,3812344936500818
2,0,3954,1789633728819709952,3812344936511448
2,0,3955,1789633728819720192,3812344936522053
2,0,3956,1789633728819731456,3812344936532630
2,0,3957,1789633728819741696,3812344936543268
2,0,3958,1789633728819751936,3812344936553928
2,0,3959,1789633728819763200,3812344936564580
2,0,3960,1789633728819773440,3812344936575182
2,0,3961,1789633728819783680,3812344936585840
2,0,3962,1789633728819794944,3812344936596496
2,0,3963,1789633728819805184,3812344936607125
2,0,3964,1789633728819816448,3812344936617880
2,0,3965,1789633728819826688,3812344936628506
2,0,3966,1789633728819837952,3812344936639333
2,0,3967,1789633728819848192,3812344936649973
2,0,3968,1789633728819858432,3812344936660569
2,0,3969,1789633728819869696,3812344936671220
2,0,3970,1789633728819879936,3812344936681833
2,0,3971,1789633728819891200,3812344936692476
2,0,3972,1789633728819901440,3812344936703117
2,0,3973,1789633728819911680,3812344936713746
2,0,3974,1789633728819922944,3812344936724400
2,0,3975,1789633728819933184,3812344936735023
2,0,3976,1789633728819944448,3812344936745659
2,0,3977,1789633728819954688,3812344936756383
2,0,3978,1789633728819964928,3812344936766958
2,0,3979,1789633728819976192,3812344936777580
2,0,3980,1789633728819986432,3812344936788216
2,0,3981,1789633728819996672,3812344936798840
2,0,3982,1789633728820007936,3812344936809443
2,0,3983,1789633728820018176,3812344936820059
2,0,3984,1789633728820029440,3812344936830660
2,0,3985,1789633728820039680,3812344936841320
2,0,3986,1789633728820049920,3812344936852065
2,0,3987,1789633728820061184,3812344936862733
2,0,3988,1789633728820071424,3812344936873429
2,0,3989,1789633728820082688,3812344936884016
2,0,3990,1789633728820092928,3812344936894623
2,0,3991,1789633728820103168,3812344936905258
2,0,3992,1789633728820114432,3812344936915866
2,0,3993,1789633728820124672,3812344936926496
2,0,3994,1789633728820135936,3812344936937163
2,0,3995,1789633728820146176,3812344936947766
2,0,3996,1789633728820156416,3812344936958460
2,0,3997,1789633728820167680,3812344936969120
2,0,3998,1789633728820177920,3812344936979718
2,0,3999,1789633728820189184,3812344936990480
2,0,4000,1789633728820199424,3812344937001108
2,0,4001,1789633728820209664,3812344937011702
2,0,4002,1789633728820220928,3812344937022330
2,0,4003,1789633728820231168,3812344937032983
2,0,4004,1789633728820242432,3812344937043618
2,0,4005,1789633728820252672,3812344937054285
2,0,4006,1789633728820262912,3812344937064919
2,0,4007,1789633728820274176,3812344937075570
2,0,4008,1789633728820284416,3812344937086196
2,0,4009,1789633728820294656,3812344937096833
2,0,4010,1789633728820305920,3812344937107530
2,0,4011,1789633728820316160,3812344937118153
2,0,4012,1789633728820327424,3812344937128760
2,0,4013,1789633728820337664,3812344937139440
2,0,4014,1789633728820347904,3812344937150052
2,0,4015,1789633728820359168,3812344937160678
2,0,4016,1789633728820369408,3812344937171260
2,0,4017,1789633728820380672,3812344937181913
2,0,4018,1789633728820390912,3812344937192523
2,0,4019,1789633728820401152,3812344937203210
2,0,4020,1789633728820412416,3812344937213850
2,0,4021,1789633728820422656,3812344937224568
2,0,4022,1789633728820433920,3812344937235198
2,0,4023,1789633728820444160,3812344937245808
2,0,4024,1789633728820454400,3812344937256483
2,0,4025,1789633728820465664,3812344937267090
2,0,4026,1789633728820475904,3812344937277733
2,0,4027,1789633728820487168,3812344937288376
2,0,4028,1789633728820497408,3812344937299008
2,0,4029,1789633728820507648,3812344937309690
2,0,4030,1789633728820518912,3812344937320309
2,0,4031,1789633728820529152,3812344937330935
2,0,4032,1789633728820539392,3812344937341629
2,0,4033,1789633728820550656,3812344937352235
2,0,4034,1789633728820560896,3812344937362848
2,0,4035,1789633728820572160,3812344937373515
2,0,4036,1789633728820582400,3812344937384128
2,0,4037,1789633728820592640,3812344937394768
2,0,4038,1789633728820603904,3812344937405426
2,0,4039,1789633728820614144,3812344937416066
2,0,4040,1789633728820625408,3812344937426695
2,0,4041,1789633728820635648,3812344937437320
2,0,4042,1789633728820645888,3812344937447948
2,0,4043,1789633728820657152,3812344937458680
2,0,4044,1789633728820667392,3812344937469333
2,0,4045,1789633728820678656,3812344937480148
2,0,4046,1789633728820688896,3812344937490785
2,0,4047,1789633728820700160,3812344937501628
2,0,4048,1789633728820710400,3812344937512280
2,0,4049,1789633728820721664,3812344937523048
2,0,4050,1789633728820731904,3812344937533690
2,0,4051,1789633728820742144,3812344937544298
2,0,4052,1789633728820753408,3812344937554953
2,0,4053,1789633728820763648,3812344937565570
2,0,4054,1789633728820774912,3812344937576143
2,0,4055,1789633728820785152,3812344937586738
2,0,4056,1789633728820795392,3812344937597318
2,0,4057,1789633728820806656,3812344937607933
2,0,4058,1789633728820816896,3812344937618636
2,0,4059,1789633728820827136,3812344937629293
2,0,4060,1789633728820838400,3812344937640106
2,0,4061,1789633728820848640,3812344937650735
2,0,4062,1789633728820859904,3812344937661330
2,0,4063,1789633728820870144,3812344937671942
2,0,4064,1789633728820880384,3812344937682515
2,0,4065,1789633728820891648,3812344937693040
2,0,4066,1789633728820901888,3812344937703693
2,0,4067,1789633728820913152,3812344937714343
2,0,4068,1789633728820923392,3812344937724973
2,0,4069,1789633728820933632,3812344937735690
2,0,4070,1789633728820944896,3812344937746345
2,0,4071,1789633728820955136,3812344937757160
2,0,4072,1789633728820966400,3812344937767790
2,0,4073,1789633728820976640,3812344937778613
2,0,4074,1789633728820987904,3812344937789254
2,0,4075,1789633728820998144,3812344937799849
2,0,4076,1789633728821008384,3812344937810433
2,0,4077,1789633728821019648,3812344937821010
2,0,4078,1789633728821029888,3812344937831599
2,0,4079,1789633728821040128,3812344937842268
2,0,4080,1789633728821051392,3812344937852890
2,0,4081,1789633728821061632,3812344937863570
2,0,4082,1789633728821072896,3812344937874300
2,0,4083,1789633728821083136,3812344937884960
2,0,4084,1789633728821094400,3812344937895640
2,0,4085,1789633728821104640,3812344937906298
2,0,4086,1789633728821114880,3812344937916880
2,0,4087,1789633728821126144,3812344937927468
2,0,4088,1789633728821136384,3812344937938053
2,0,4089,1789633728821146624,3812344937948629
2,0,4090,1789633728821157888,3812344937959310
2,0,4091,1789633728821168128,3812344937969898
2,0,4092,1789633728821178368,3812344937980533
2,0,4093,1789633728821189632,3812344937991270
2,0,4094,1789633728821199872,3812344938001892
2,0,4095,1789633728821211136,3812344938012458
2,0,4096,1789633728821221376,3812344938023076
2,0,4097,1789633728821231616,3812344938033660
2,0,4098,1789633728821242880,3812344938044230
2,0,4099,1789633728821253120,3812344938054918
2,0,4100,1789633728821263360,3812344938065560
2,0,4101,1789633728821274624,3812344938076203
2,0,4102,1789633728821284864,3812344938086940
2,0,4103,1789633728821296128,3812344938097578
2,0,4104,1789633728821306368,3812344938108315
2,0,4105,1789633728821317632,3812344938118939
2,0,4106,1789633728821327872,3812344938129529
2,0,4107,1789633728821338112,3812344938140146
2,0,4108,1789633728821349376,3812344938150763
2,0,4109,1789633728821359616,3812344938161343
2,0,4110,1789633728821369856,3812344938171993
2,0,4111,1789633728821381120,3812344938182580
2,0,4112,1789633728821391360,3812344938193256
2,0,4113,1789633728821402624,3812344938203954
2,0,4114,1789633728821412864,3812344938214608
2,0,4115,1789633728821423104,3812344938225360
2,0,4116,1789633728821434368,3812344938235998
2,0,4117,1789633728821444608,3812344938246586
2,0,4118,1789633728821455872,3812344938257186
2,0,4119,1789633728821466112,3812344938267816
2,0,4120,1789633728821476352,3812344938278400
2,0,4121,1789633728821487616,3812344938289052
2,0,4122,1789633728821497856,3812344938299680
2,0,4123,1789633728821509120,3812344938310298
2,0,4124,1789633728821519360,3812344938321052
2,0,4125,1789633728821529600,3812344938331698
2,0,4126,1789633728821540864,3812344938342393
2,0,4127,1789633728821551104,3812344938353023
2,0,4128,1789633728821562368,3812344938363610
2,0,4129,1789633728821572608,3812344938374200
2,0,4130,1789633728821582848,3812344938384843
2,0,4131,1789633728821594112,3812344938395440
2,0,4132,1789633728821604352,3812344938406070
2,0,4133,1789633728821614592,3812344938416643
2,0,4134,1789633728821625856,3812344938427270
2,0,4135,1789633728821636096,3812344938437995
2,0,4136,1789633728821647360,3812344938448632
2,0,4137,1789633728821657600,3812344938459250
2,0,4138,1789633728821667840,3812344938469900
2,0,4139,1789633728821679104,3812344938480520
2,0,4140,1789633728821689344,3812344938491118
2,0,4141,1789633728821699584,3812344938501716
2,0,4142,1789633728821710848,3812344938512320
2,0,4143,1789633728821721088,3812344938522985
2,0,4144,1789633728821732352,3812344938533690
2,0,4145,1789633728821742592,3812344938544336
2,0,4146,1789633728821752832,3812344938555033
2,0,4147,1789633728821764096,3812344938565662
2,0,4148,1789633728821774336,3812344938576258
2,0,4149,1789633728821785600,3812344938586835
2,0,4150,1789633728821795840,3812344938597442
2,0,4151,1789633728821806080,3812344938608010
2,0,4152,1789633728821817344,3812344938618668
2,0,4153,1789633728821827584,3812344938629283
2,0,4154,1789633728821837824,3812344938639918
2,0,4155,1789633728821849088,3812344938650643
2,0,4156,1789633728821859328,3812344938661260
2,0,4157,1789633728821870592,3812344938671883
2,0,4158,1789633728821880832,3812344938682490
2,0,4159,1789633728821891072,3812344938693078
2,0,4160,1789633728821902336,3812344938703673
2,0,4161,1789633728821912576,3812344938714323
2,0,4162,1789633728821922816,3812344938724936
2,0,4163,1789633728821934080,3812344938735578
2,0,4164,1789633728821944320,3812344938746330
2,0,4165,1789633728821955584,3812344938756970
2,0,4166,1789633728821965824,3812344938767672
2,0,4167,1789633728821977088,3812344938778350
2,0,4168,1789633728821987328,3812344938788950
2,0,4169,1789633728821997568,3812344938799540
2,0,4170,1789633728822008832,3812344938810198
2,0,4171,1789633728822019072,3812344938820830
2,0,4172,1789633728822029312,3812344938831442
2,0,4173,1789633728822040576,3812344938842040
2,0,4174,1789633728822050816,3812344938852673
2,0,4175,1789633728822062080,3812344938863373
2,0,4176,1789633728822072320,3812344938874030
2,0,4177,1789633728822082560,3812344938884742
2,0,4178,1789633728822093824,3812344938895369
2,0,4179,1789633728822104064,3812344938905940
2,0,4180,1789633728822115328,3812344938916533
2,0,4181,1789633728822125568,3812344938927190
2,0,4182,1789633728822135808,3812344938937790
2,0,4183,1789633728822147072,3812344938948433
2,0,4184,1789633728822157312,3812344938959028
2,0,4185,1789633728822167552,3812344938969648
2,0,4186,1789633728822178816,3812344938980436
2,0,4187,1789633728822189056,3812344938991083
2,0,4188,1789633728822200320,3812344939001793
2,0,4189,1789633728822210560,3812344939012420
2,0,4190,1789633728822221824,3812344939023018
2,0,4191,1789633728822232064,3812344939033568
2,0,4192,1789633728822242304,3812344939044165
2,0,4193,1789633728822253568,3812344939054740
2,0,4194,1789633728822263808,3812344939065360
2,0,4195,1789633728822274048,3812344939076035
2,0,4196,1789633728822285312,3812344939086618
2,0,4197,1789633728822295552,3812344939097380
2,0,4198,1789633728822306816,3812344939108043
2,0,4199,1789633728822317056,3812344939118582
2,0,4200,1789633728822327296,3812344939129219
2,0,4201,1789633728822338560,3812344939139836
2,0,4202,1789633728822348800,3812344939150419
2,0,4203,1789633728822359040,3812344939161026
2,0,4204,1789633728822370304,3812344939171655
2,0,4205,1789633728822380544,3812344939182310
2,0,4206,1789633728822390784,3812344939192970
2,0,4207,1789633728822402048,3812344939203600
2,0,4208,1789633728822412288,3812344939214200
2,0,4209,1789633728822423552,3812344939224828
2,0,4210,1789633728822433792,3812344939235573
2,0,4211,1789633728822444032,3812344939246169
2,0,4212,1789633728822455296,3812344939256780
2,0,4213,1789633728822465536,3812344939267360
2,0,4214,1789633728822476800,3812344939278003
2,0,4215,1789633728822487040,3812344939288662
2,0,4216,1789633728822497280,3812344939299295
2,0,4217,1789633728822508544,3812344939310012
2,0,4218,1789633728822518784,3812344939320670
2,0,4219,1789633728822530048,3812344939331245
2,0,4220,1789633728822540288,3812344939341882
2,0,4221,1789633728822550528,3812344939352468
2,0,4222,1789633728822561792,3812344939363043
2,0,4223,1789633728822572032,3812344939373670
2,0,4224,1789633728822582272,3812344939384248
2,0,4225,1789633728822593536,3812344939394883
2,0,4226,1789633728822603776,3812344939405730
2,0,4227,1789633728822615040,3812344939416393
2,0,4228,1789633728822625280,3812344939427066
2,0,4229,1789633728822635520,3812344939437700
2,0,4230,1789633728822646784,3812344939448269
2,0,4231,1789633728822657024,3812344939458859
2,0,4232,1789633728822667264,3812344939469453
2,0,4233,1789633728822678528,3812344939480040
2,0,4234,1789633728822688768,3812344939490628
2,0,4235,1789633728822700032,3812344939501296
2,0,4236,1789633728822710272,3812344939511926
2,0,4237,1789633728822720512,3812344939522653
2,0,4238,1789633728822731776,3812344939533295
2,0,4239,1789633728822742016,3812344939543915
2,0,4240,1789633728822753280,3812344939554560
2,0,4241,1789633728822763520,3812344939565148
2,0,4242,1789633728822773760,3812344939575730
2,0,4243,1789633728822785024,3812344939586350
2,0,4244,1789633728822795264,3812344939596933
2,0,4245,1789633728822805504,3812344939607573
2,0,4246,1789633728822816768,3812344939618252
2,0,4247,1789633728822827008,3812344939628899
2,0,4248,1789633728822838272,3812344939639715
2,0,4249,1789633728822848512,3812344939650333
2,0,4250,1789633728822858752,3812344939660908
2,0,4251,1789633728822870016,3812344939671490
2,0,4252,1789633728822880256,3812344939682103
2,0,4253,1789633728822890496,3812344939692660
2,0,4254,1789633728822901760,3812344939703290
2,0,4255,1789633728822912000,3812344939713948
2,0,4256,1789633728822923264,3812344939724569
2,0,4257,1789633728822933504,3812344939735279
2,0,4258,1789633728822943744,3812344939745950
2,0,4259,1789633728822955008,3812344939756522
2,0,4260,1789633728822965248,3812344939767093
2,0,4261,1789633728822975488,3812344939777698
2,0,4262,1789633728822986752,3812344939788249
2,0,4263,1789633728822996992,3812344939798875
2,0,4264,1789633728823008256,3812344939809550
2,0,4265,1789633728823018496,3812344939820175
2,0,4266,1789633728823028736,3812344939830878
2,0,4267,1789633728823040000,3812344939841509
2,0,4268,1789633728823050240,3812344939852094
2,0,4269,1789633728823061504,3812344939862692
2,0,4270,1789633728823071744,3812344939873340
2,0,4271,1789633728823081984,3812344939883950
2,0,4272,1789633728823093248,3812344939894585
2,0,4273,1789633728823103488,3812344939905168
2,0,4274,1789633728823113728,3812344939915810
2,0,4275,1789633728823124992,3812344939926483
2,0,4276,1789633728823135232,3812344939937102
2,0,4277,1789633728823146496,3812344939947693
2,0,4278,1789633728823156736,3812344939958315
2,0,4279,1789633728823166976,3812344939968930
2,0,4280,1789633728823178240,3812344939979568
2,0,4281,1789633728823188480,3812344939990180
2,0,4282,1789633728823198720,3812344940000755
2,0,4283,1789633728823209984,3812344940011353
2,0,4284,1789633728823220224,3812344940022085
2,0,4285,1789633728823231488,3812344940032715
2,0,4286,1789633728823241728,3812344940043302
2,0,4287,1789633728823251968,3812344940053958
2,0,4288,1789633728823263232,3812344940064573
2,0,4289,1789633728823273472,3812344940075162
2,0,4290,1789633728823283712,3812344940085790
2,0,4291,1789633728823294976,3812344940096373
2,0,4292,1789633728823305216,3812344940106970
2,0,4293,1789633728823315456,3812344940117654
2,0,4294,1789633728823326720,3812344940128285
2,0,4295,1789633728823336960,3812344940138920
2,0,4296,1789633728823348224,3812344940149570
2,0,4297,1789633728823358464,3812344940160172
2,0,4298,1789633728823368704,3812344940170758
2,0,4299,1789633728823379968,3812344940181350
2,0,4300,1789633728823390208,3812344940191920
2,0,4301,1789633728823400448,3812344940202515
2,0,4302,1789633728823411712,3812344940213043
2,0,4303,1789633728823421952,3812344940223615
2,0,4304,1789633728823432192,3812344940234200
2,0,4305,1789633728823443456,3812344940244798
2,0,4306,1789633728823453696,3812344940255433
2,0,4307,1789633728823463936,3812344940266023
2,0,4308,1789633728823475200,3812344940276658
2,0,4309,1789633728823485440,3812344940287383
2,0,4310,1789633728823496704,3812344940298008
2,0,4311,1789633728823506944,3812344940308595
2,0,4312,1789633728823517184,3812344940319183
2,0,4313,1789633728823528448,3812344940329818
2,0,4314,1789633728823538688,3812344940340450
2,0,4315,1789633728823548928,3812344940351102
2,0,4316,1789633728823560192,3812344940361708
2,0,4317,1789633728823570432,3812344940372315
2,0,4318,1789633728823581696,3812344940383069
2,0,4319,1789633728823591936,3812344940393718
2,0,4320,1789633728823602176,3812344940404428
2,0,4321,1789633728823613440,3812344940415048
2,0,4322,1789633728823623680,3812344940425640
2,0,4323,1789633728823634944,3812344940436235
2,0,4324,1789633728823645184,3812344940446808
2,0,4325,1789633728823655424,3812344940457450
2,0,4326,1789633728823666688,3812344940468098
2,0,4327,1789633728823676928,3812344940478698
2,0,4328,1789633728823687168,3812344940489335
2,0,4329,1789633728823698432,3812344940500142
2,0,4330,1789633728823708672,3812344940510755
2,0,4331,1789633728823719936,3812344940521490
2,0,4332,1789633728823730176,3812344940532123
2,0,4333,1789633728823741440,3812344940542730
2,0,4334,1789633728823751680,3812344940553318
2,0,4335,1789633728823761920,3812344940563985
2,0,4336,1789633728823773184,3812344940574580
2,0,4337,1789633728823783424,3812344940585220
2,0,4338,1789633728823793664,3812344940595840
2,0,4339,1789633728823804928,3812344940606436
2,0,4340,1789633728823815168,3812344940617180
2,0,4341,1789633728823826432,3812344940627822
2,0,4342,1789633728823836672,3812344940638533
2,0,4343,1789633728823846912,3812344940649168
2,0,4344,1789633728823858176,3812344940659793
2,0,4345,1789633728823868416,3812344940670365
2,0,4346,1789633728823879680,3812344940680952
2,0,4347,1789633728823889920,3812344940691605
2,0,4348,1789633728823900160,3812344940702223
2,0,4349,1789633728823911424,3812344940712855
2,0,4350,1789633728823921664,3812344940723493
2,0,4351,1789633728823931904,3812344940734243
2,0,4352,1789633728823943168,3812344940744845
2,0,4353,1789633728823953408,3812344940755593
2,0,4354,1789633728823964672,3812344940766215
2,0,4355,1789633728823974912,3812344940776833
2,0,4356,1789633728823986176,3812344940787443
2,0,4357,1789633728823996416,3812344940798078
2,0,4358,1789633728824006656,3812344940808700
2,0,4359,1789633728824017920,3812344940819335
2,0,4360,1789633728824028160,3812344940829949
2,0,4361,1789633728824038400,3812344940840580
2,0,4362,1789633728824049664,3812344940851280
2,0,4363,1789633728824059904,3812344940861890
2,0,4364,1789633728824071168,3812344940872633
2,0,4365,1789633728824081408,3812344940883300
2,0,4366,1789633728824092672,3812344940894118
2,0,4367,1789633728824101888,3812344940903981
2,0,4368,1789633728824112128,3812344940913698
2,0,4369,1789633728824121344,3812344940923495
2,0,4370,1789633728824131584,3812344940933220
2,0,4371,1789633728824140800,3812344940942965
2,0,4372,1789633728824151040,3812344940952715
2,0,4373,1789633728824160256,3812344940962480
2,0,4374,1789633728824170496,3812344940972240
2,0,4375,1789633728824179712,3812344940981980
2,0,4376,1789633728824189952,3812344940991815
2,0,4377,1789633728824199168,3812344941001500
2,0,4378,1789633728824209408,3812344941011235
2,0,4379,1789633728824219648,3812344941021000
2,0,4380,1789633728824228864,3812344941030763
2,0,4381,1789633728824239104,3812344941040502
2,0,4382,1789633728824248320,3812344941050253
2,0,4383,1789633728824258560,3812344941060010
2,0,4384,1789633728824267776,3812344941069770
2,0,4385,1789633728824278016,3812344941079520
2,0,4386,1789633728824287232,3812344941089283
2,0,4387,1789633728824297472,3812344941099030
2,0,4388,1789633728824306688,3812344941108780
2,0,4389,1789633728824316928,3812344941118532
2,0,4390,1789633728824326144,3812344941128283
2,0,4391,1789633728824336384,3812344941138033
2,0,4392,1789633728824345600,3812344941147783
2,0,4393,1789633728824355840,3812344941157560
2,0,4394,1789633728824365056,3812344941167300
2,0,4395,1789633728824375296,3812344941177070
2,0,4396,1789633728824384512,3812344941186829
2,0,4397,1789633728824394752,3812344941196560
2,0,4398,1789633728824404992,3812344941206328
2,0,4399,1789633728824414208,3812344941216080
2,0,4400,1789633728824424448,3812344941225830
2,0,4401,1789633728824433664,3812344941235590
2,0,4402,1789633728824443904,3812344941245340
2,0,4403,1789633728824453120,3812344941255092
2,0,4404,1789633728824463360,3812344941264858
2,0,4405,1789633728824472576,3812344941274608
2,0,4406,1789633728824482816,3812344941284358
2,0,4407,1789633728824492032,3812344941294108
2,0,4408,1789633728824502272,3812344941303880
2,0,4409,1789633728824511488,3812344941313610
2,0,4410,1789633728824521728,3812344941323368
2,0,4411,1789633728824530944,3812344941333144
2,0,4412,1789633728824541184,3812344941342880
2,0,4413,1789633728824550400,3812344941352640
2,0,4414,1789633728824560640,3812344941362390
2,0,4415,1789633728824569856,3812344941372139
2,0,4416,1789633728824580096,3812344941381898
2,0,4417,1789633728824590336,3812344941391653
2,0,4418,1789633728824599552,3812344941401408
2,0,4419,1789633728824609792,3812344941411154
2,0,4420,1789633728824619008,3812344941420967
2,0,4421,1789633728824629248,3812344941430668
2,0,4422,1789633728824638464,3812344941440418
2,0,4423,1789633728824648704,3812344941450168
2,0,4424,1789633728824657920,3812344941459945
2,0,4425,1789633728824668160,3812344941469698
2,0,4426,1789633728824677376,3812344941479448
2,0,4427,1789633728824687616,3812344941489202
2,0,4428,1789633728824696832,3812344941498940
2,0,4429,1789633728824707072,3812344941508698
2,0,4430,1789633728824716288,3812344941518460
2,0,4431,1789633728824726528,3812344941528220
2,0,4432,1789633728824735744,3812344941537955
2,0,4433,1789633728824745984,3812344941547742
2,0,4434,1789633728824755200,3812344941557470
2,0,4435,1789633728824765440,3812344941567228
2,0,4436,1789633728824774656,3812344941576978
2,0,4437,1789633728824784896,3812344941586772
2,0,4438,1789633728824795136,3812344941596505
2,0,4439,1789633728824804352,3812344941606243
2,0,4440,1789633728824814592,3812344941616000
2,0,4441,1789633728824823808,3812344941625760
2,0,4442,1789633728824834048,3812344941635508
2,0,4443,1789633728824843264,3812344941645285
2,0,4444,1789633728824853504,3812344941655010
2,0,4445,1789633728824862720,3812344941664770
2,0,4446,1789633728824872960,3812344941674520
2,0,4447,1789633728824882176,3812344941684280
2,0,4448,1789633728824892416,3812344941694023
2,0,4449,1789633728824901632,3812344941703758
2,0,4450,1789633728824911872,3812344941713528
2,0,4451,1789633728824921088,3812344941723272
2,0,4452,1789633728824931328,3812344941733045
2,0,4453,1789633728824940544,3812344941742832
2,0,4454,1789633728824950784,3812344941752568
2,0,4455,1789633728824960000,3812344941762303
2,0,4456,1789633728824970240,3812344941772053
2,0,4457,1789633728824980480,3812344941781808
2,0,4458,1789633728824989696,3812344941791580
2,0,4459,1789633728824999936,3812344941801330
2,0,4460,1789633728825009152,3812344941811080
2,0,4461,1789633728825019392,3812344941820830
2,0,4462,1789633728825028608,3812344941830582
2,0,4463,1789633728825038848,3812344941840348
2,0,4464,1789633728825048064,3812344941850113
2,0,4465,1789633728825058304,3812344941859845
2,0,4466,1789633728825067520,3812344941869598
2,0,4467,1789633728825077760,3812344941879358
2,0,4468,1789633728825086976,3812344941889128
2,0,4469,1789633728825097216,3812344941898878
2,0,4470,1789633728825106432,3812344941908630
2,0,4471,1789633728825116672,3812344941918362
2,0,4472,1789633728825125888,3812344941928142
2,0,4473,1789633728825136128,3812344941937890
2,0,4474,1789633728825145344,3812344941947640
2,0,4475,1789633728825155584,3812344941957385
2,0,4476,1789633728825165824,3812344941967150
2,0,4477,1789633728825175040,3812344941976920
2,0,4478,1789633728825185280,3812344941986658
2,0,4479,1789633728825194496,3812344941996408
2,0,4480,1789633728825204736,3812344942006158
2,0,4481,1789633728825213952,3812344942015908
2,0,4482,1789633728825224192,3812344942025680
2,0,4483,1789633728825233408,3812344942035443
2,0,4484,1789633728825243648,3812344942045182
2,0,4485,1789633728825252864,3812344942054950
2,0,4486,1789633728825263104,3812344942064700
2,0,4487,1789633728825272320,3812344942074453
2,0,4488,1789633728825282560,3812344942084195
2,0,4489,1789633728825291776,3812344942093968
2,0,4490,1789633728825302016,3812344942103695
2,0,4491,1789633728825311232,3812344942113480
2,0,4492,1789633728825321472,3812344942123203
2,0,4493,1789633728825330688,3812344942132975
2,0,4494,1789633728825340928,3812344942142710
2,0,4495,1789633728825350144,3812344942152491
2,0,4496,1789633728825360384,3812344942162233
2,0,4497,1789633728825370624,3812344942171998
2,0,4498,1789633728825379840,3812344942181815
2,0,4499,1789633728825390080,3812344942191498
2,0,4500,1789633728825399296,3812344942201243
2,0,4501,1789633728825409536,3812344942210998
2,0,4502,1789633728825418752,3812344942220755
2,0,4503,1789633728825428992,3812344942230520
2,0,4504,1789633728825438208,3812344942240277
2,0,4505,1789633728825448448,3812344942250031
2,0,4506,1789633728825457664,3812344942259773
2,0,4507,1789633728825467904,3812344942269533
2,0,4508,1789633728825477120,3812344942279278
2,0,4509,1789633728825487360,3812344942289043
2,0,4510,1789633728825496576,3812344942298800
2,0,4511,1789633728825506816,3812344942308560
2,0,4512,1789633728825516032,3812344942318278
2,0,4513,1789633728825526272,3812344942328048
2,0,4514,1789633728825535488,3812344942337808
2,0,4515,1789633728825545728,3812344942347565
2,0,4516,1789633728825555968,3812344942357297
2,0,4517,1789633728825565184,3812344942367055
2,0,4518,1789633728825575424,3812344942376838
2,0,4519,1789633728825584640,3812344942386571
2,0,4520,1789633728825594880,3812344942396333
2,0,4521,1789633728825604096,3812344942406087
2,0,4522,1789633728825614336,3812344942415857
2,0,4523,1789633728825623552,3812344942425591
2,0,4524,1789633728825633792,3812344942435365
2,0,4525,1789633728825643008,3812344942445100
2,0,4526,1789633728825653248,3812344942454865
2,0,4527,1789633728825662464,3812344942464600
2,0,4528,1789633728825672704,3812344942474378
2,0,4529,1789633728825681920,3812344942484115
2,0,4530,1789633728825692160,3812344942493882
2,0,4531,1789633728825701376,3812344942503627
2,0,4532,1789633728825711616,3812344942513393
2,0,4533,1789633728825720832,3812344942523105
2,0,4534,1789633728825731072,3812344942532880
2,0,4535,1789633728825741312,3812344942542642
2,0,4536,1789633728825750528,3812344942552402
2,0,4537,1789633728825760768,3812344942562145
2,0,4538,1789633728825769984,3812344942571918
2,0,4539,1789633728825780224,3812344942581669
2,0,4540,1789633728825789440,3812344942591418
2,0,4541,1789633728825799680,3812344942601173
2,0,4542,1789633728825808896,3812344942610918
2,0,4543,1789633728825819136,3812344942620673
2,0,4544,1789633728825828352,3812344942630440
2,0,4545,1789633728825838592,3812344942640173
2,0,4546,1789633728825847808,3812344942649938
2,0,4547,1789633728825858048,3812344942659708
2,0,4548,1789633728825867264,3812344942669440
2,0,4549,1789633728825877504,3812344942679201
2,0,4550,1789633728825886720,3812344942688963
2,0,4551,1789633728825896960,3812344942698691
2,0,4552,1789633728825906176,3812344942708467
2,0,4553,1789633728825916416,3812344942718202
2,0,4554,1789633728825925632,3812344942727925
2,0,4555,1789633728825935872,3812344942737738
2,0,4556,1789633728825946112,3812344942747483
2,0,4557,1789633728825955328,3812344942757245
2,0,4558,1789633728825965568,3812344942766992
2,0,4559,1789633728825974784,3812344942776762
2,0,4560,1789633728825985024,3812344942786487
2,0,4561,1789633728825994240,3812344942796258
2,0,4562,1789633728826004480,3812344942805978
2,0,4563,1789633728826013696,3812344942815752
2,0,4564,1789633728826023936,3812344942825515
2,0,4565,1789633728826033152,3812344942835278
2,0,4566,1789633728826043392,3812344942845015
2,0,4567,1789633728826052608,3812344942854781
2,0,4568,1789633728826062848,3812344942864513
2,0,4569,1789633728826072064,3812344942874278
2,0,4570,1789633728826082304,3812344942884038
2,0,4571,1789633728826091520,3812344942893787
2,0,4572,1789633728826101760,3812344942903558
2,0,4573,1789633728826110976,3812344942913295
2,0,4574,1789633728826121216,3812344942923048
2,0,4575,1789633728826131456,3812344942932773
2,0,4576,1789633728826140672,3812344942942567
2,0,4577,1789633728826150912,3812344942952313
2,0,4578,1789633728826160128,3812344942962082
2,0,4579,1789633728826170368,3812344942971813
2,0,4580,1789633728826179584,3812344942981569
2,0,4581,1789633728826189824,3812344942991347
2,0,4582,1789633728826199040,3812344943001091
2,0,4583,1789633728826209280,3812344943010847
2,0,4584,1789633728826218496,3812344943020598
2,0,4585,1789633728826228736,3812344943030329
2,0,4586,1789633728826237952,3812344943040102
2,0,4587,1789633728826248192,3812344943049845
2,0,4588,1789633728826257408,3812344943059605
2,0,4589,1789633728826267648,3812344943069378
2,0,4590,1789633728826276864,3812344943079138
2,0,4591,1789633728826287104,3812344943088867
2,0,4592,1789633728826296320,3812344943098638
2,0,4593,1789633728826306560,3812344943108387
2,0,4594,1789633728826316800,3812344943118165
2,0,4595,1789633728826326016,3812344943127887
2,0,4596,1789633728826336256,3812344943137658
2,0,4597,1789633728826345472,3812344943147388
2,0,4598,1789633728826355712,3812344943157165
2,0,4599,1789633728826364928,3812344943166913
2,0,4600,1789633728826375168,3812344943177398
2,0,4601,1789633728826385408,3812344943187058
2,0,4602,1789633728826394624,3812344943196698
2,0,4603,1789633728826404864,3812344943206348
2,0,4604,1789633728826414080,3812344943215980
2,0,4605,1789633728826424320,3812344943225618
2,0,4606,1789633728826433536,3812344943235255
2,0,4607,1789633728826442752,3812344943244931
2,0,4608,1789633728826452992,3812344943254695
2,0,4609,1789633728826462208,3812344943264438
2,0,4610,1789633728826472448,3812344943274188
2,0,4611,1789633728826481664,3812344943283975
2,0,4612,1789633728826491904,3812344943293713
2,0,4613,1789633728826501120,3812344943303498
2,0,4614,1789633728826511360,3812344943313225
2,0,4615,1789633728826521600,3812344943322962
2,0,4616,1789633728826530816,3812344943332718
2,0,4617,1789633728826541056,3812344943342458
2,0,4618,1789633728826550272,3812344943352238
2,0,4619,1789633728826560512,3812344943361998
2,0,4620,1789633728826569728,3812344943371809
2,0,4621,1789633728826579968,3812344943381505
2,0,4622,1789633728826589184,3812344943391256
2,0,4623,1789633728826599424,3812344943400998
2,0,4624,1789633728826608640,3812344943410755
2,0,4625,1789633728826618880,3812344943420523
2,0,4626,1789633728826628096,3812344943430282
2,0,4627,1789633728826638336,3812344943440038
2,0,4628,1789633728826647552,3812344943449782
2,0,4629,1789633728826657792,3812344943459538
2,0,4630,1789633728826667008,3812344943469278
2,0,4631,1789633728826677248,3812344943479042
2,0,4632,1789633728826686464,3812344943488788
2,0,4633,1789633728826696704,3812344943498553
2,0,4634,1789633728826706944,3812344943508308
2,0,4635,1789633728826716160,3812344943518043
2,0,4636,1789633728826726400,3812344943527828
2,0,4637,1789633728826735616,3812344943537565
2,0,4638,1789633728826745856,3812344943547325
2,0,4639,1789633728826755072,3812344943557065
2,0,4640,1789633728826765312,3812344943566844
2,0,4641,1789633728826774528,3812344943576575
2,0,4642,1789633728826784768,3812344943586348
2,0,4643,1789633728826793984,3812344943596095
2,0,4644,1789633728826804224,3812344943605853
2,0,4645,1789633728826813440,3812344943615607
2,0,4646,1789633728826823680,3812344943625362
2,0,4647,1789633728826832896,3812344943635109
2,0,4648,1789633728826843136,3812344943644878
2,0,4649,1789633728826852352,3812344943654618
2,0,4650,1789633728826862592,3812344943664371
2,0,4651,1789633728826871808,3812344943674113
2,0,4652,1789633728826882048,3812344943683892
2,0,4653,1789633728826892288,3812344943693638
2,0,4654,1789633728826901504,3812344943703393
2,0,4655,1789633728826911744,3812344943713124
2,0,4656,1789633728826920960,3812344943722904
2,0,4657,1789633728826931200,3812344943732668
2,0,4658,1789633728826940416,3812344943742419
2,0,4659,1789633728826950656,3812344943752140
2,0,4660,1789633728826959872,3812344943761913
2,0,4661,1789633728826970112,3812344943771668
2,0,4662,1789633728826979328,3812344943781438
2,0,4663,1789633728826989568,3812344943791171
2,0,4664,1789633728826998784,3812344943800925
2,0,4665,1789633728827009024,3812344943810698
2,0,4666,1789633728827018240,3812344943820433
2,0,4667,1789633728827028480,3812344943830208
2,0,4668,1789633728827037696,3812344943839951
2,0,4669,1789633728827047936,3812344943849713
2,0,4670,1789633728827057152,3812344943859442
2,0,4671,1789633728827067392,3812344943869228
2,0,4672,1789633728827076608,3812344943878962
2,0,4673,1789633728827086848,3812344943888722
2,0,4674,1789633728827097088,3812344943898478
2,0,4675,1789633728827106304,3812344943908238
2,0,4676,1789633728827116544,3812344943917971
2,0,4677,1789633728827125760,3812344943927745
2,0,4678,1789633728827136000,3812344943937493
2,0,4679,1789633728827145216,3812344943947242
2,0,4680,1789633728827155456,3812344943956992
2,0,4681,1789633728827164672,3812344943966747
2,0,4682,1789633728827174912,3812344943976508
2,0,4683,1789633728827184128,3812344943986263
2,0,4684,1789633728827194368,3812344943996048
2,0,4685,1789633728827203584,3812344944005813
2,0,4686,1789633728827213824,3812344944015595
2,0,4687,1789633728827223040,3812344944025305
2,0,4688,1789633728827233280,3812344944035048
2,0,4689,1789633728827242496,3812344944044809
2,0,4690,1789633728827252736,3812344944054568
2,0,4691,1789633728827261952,3812344944064324
2,0,4692,1789633728827272192,3812344944074084
2,0,4693,1789633728827282432,3812344944083820
2,0,4694,1789633728827291648,3812344944093587
2,0,4695,1789633728827301888,3812344944103342
2,0,4696,1789633728827311104,3812344944113098
2,0,4697,1789633728827321344,3812344944122853
2,0,4698,1789633728827330560,3812344944132614
2,0,4699,1789633728827340800,3812344944142332
2,0,4700,1789633728827350016,3812344944152107
2,0,4701,1789633728827360256,3812344944161864
2,0,4702,1789633728827369472,3812344944171618
2,0,4703,1789633728827379712,3812344944181358
2,0,4704,1789633728827388928,3812344944191127
2,0,4705,1789633728827399168,3812344944200873
2,0,4706,1789633728827408384,3812344944210644
2,0,4707,1789633728827418624,3812344944220387
2,0,4708,1789633728827427840,3812344944230138
2,0,4709,1789633728827438080,3812344944239864
2,0,4710,1789633728827447296,3812344944249631
2,0,4711,1789633728827457536,3812344944259378
2,0,4712,1789633728827466752,3812344944269138
2,0,4713,1789633728827476992,3812344944278864
2,0,4714,1789633728827487232,3812344944288663
2,0,4715,1789633728827496448,3812344944298395
2,0,4716,1789633728827506688,3812344944308148
2,0,4717,1789633728827515904,3812344944317880
2,0,4718,1789633728827526144,3812344944327668
2,0,4719,1789633728827535360,3812344944337394
2,0,4720,1789633728827545600,3812344944347171
2,0,4721,1789633728827554816,3812344944356922
2,0,4722,1789633728827565056,3812344944366668
2,0,4723,1789633728827574272,3812344944376418
2,0,4724,1789633728827584512,3812344944386191
2,0,4725,1789633728827593728,3812344944395938
2,0,4726,1789633728827603968,3812344944405689
2,0,4727,1789633728827613184,3812344944415455
2,0,4728,1789633728827623424,3812344944425203
2,0,4729,1789633728827632640,3812344944434955
2,0,4730,1789633728827642880,3812344944444680
2,0,4731,1789633728827652096,3812344944454475
2,0,4732,1789633728827662336,3812344944464195
2,0,4733,1789633728827672576,3812344944473955
2,0,4734,1789633728827681792,3812344944483718
2,0,4735,1789633728827692032,3812344944493487
2,0,4736,1789633728827701248,3812344944503238
2,0,4737,1789633728827711488,3812344944512983
2,0,4738,1789633728827720704,3812344944522725
2,0,4739,1789633728827730944,3812344944532468
2,0,4740,1789633728827740160,3812344944542248
2,0,4741,1789633728827750400,3812344944552015
2,0,4742,1789633728827759616,3812344944561813
2,0,4743,1789633728827769856,3812344944571540
2,0,4744,1789633728827779072,3812344944581263
2,0,4745,1789633728827789312,3812344944591028
2,0,4746,1789633728827798528,3812344944600764
2,0,4747,1789633728827808768,3812344944610527
2,0,4748,1789633728827817984,3812344944620288
2,0,4749,1789633728827828224,3812344944630045
2,0,4750,1789633728827837440,3812344944639780
2,0,4751,1789633728827847680,3812344944649542
2,0,4752,1789633728827857920,3812344944659318
2,0,4753,1789633728827867136,3812344944669058
2,0,4754,1789633728827877376,3812344944678800
2,0,4755,1789633728827886592,3812344944688569
2,0,4756,1789633728827896832,3812344944698313
2,0,4757,1789633728827906048,3812344944708075
2,0,4758,1789633728827916288,3812344944717815
2,0,4759,1789633728827925504,3812344944727595
2,0,4760,1789633728827935744,3812344944737281
2,0,4761,1789633728827944960,3812344944747087
2,0,4762,1789633728827955200,3812344944756822
2,0,4763,1789633728827964416,3812344944766582
2,0,4764,1789633728827974656,3812344944776347
2,0,4765,1789633728827983872,3812344944786105
2,0,4766,1789633728827994112,3812344944795854
2,0,4767,1789633728828003328,3812344944805604
2,0,4768,1789633728828013568,3812344944815353
2,0,4769,1789633728828022784,3812344944825113
2,0,4770,1789633728828033024,3812344944834887
2,0,4771,1789633728828042240,3812344944844617
2,0,4772,1789633728828052480,3812344944854397
2,0,4773,1789633728828062720,3812344944864139
2,0,4774,1789633728828071936,3812344944873900
2,0,4775,1789633728828082176,3812344944883637
2,0,4776,1789633728828091392,3812344944893472
2,0,4777,1789633728828101632,3812344944903140
2,0,4778,1789633728828110848,3812344944912915
2,0,4779,1789633728828121088,3812344944922667
2,0,4780,1789633728828130304,3812344944932415
2,0,4781,1789633728828140544,3812344944942147
2,0,4782,1789633728828149760,3812344944951915
2,0,4783,1789633728828160000,3812344944961673
2,0,4784,1789633728828169216,3812344944971427
2,0,4785,1789633728828179456,3812344944981180
2,0,4786,1789633728828188672,3812344944990944
2,0,4787,1789633728828198912,3812344945000707
2,0,4788,1789633728828208128,3812344945010437
2,0,4789,1789633728828218368,3812344945020213
2,0,4790,1789633728828227584,3812344945029955
2,0,4791,1789633728828237824,3812344945039695
2,0,4792,1789633728828248064,3812344945049477
2,0,4793,1789633728828257280,3812344945059213
2,0,4794,1789633728828267520,3812344945068975
2,0,4795,1789633728828276736,3812344945078733
2,0,4796,1789633728828286976,3812344945088465
2,0,4797,1789633728828296192,3812344945098240
2,0,4798,1789633728828306432,3812344945107973
2,0,4799,1789633728828315648,3812344945117747
2,0,4800,1789633728828325888,3812344945127481
2,0,4801,1789633728828335104,3812344945137263
2,0,4802,1789633728828345344,3812344945147004
2,0,4803,1789633728828354560,3812344945156763
2,0,4804,1789633728828364800,3812344945166491
2,0,4805,1789633728828374016,3812344945176271
2,0,4806,1789633728828384256,3812344945186029
2,0,4807,1789633728828393472,3812344945195791
2,0,4808,1789633728828403712,3812344945205520
2,0,4809,1789633728828412928,3812344945215297
2,0,4810,1789633728828423168,3812344945225047
2,0,4811,1789633728828433408,3812344945234800
2,0,4812,1789633728828442624,3812344945244551
2,0,4813,1789633728828452864,3812344945254299
2,0,4814,1789633728828462080,3812344945264057
2,0,4815,1789633728828472320,3812344945273813
2,0,4816,1789633728828481536,3812344945283562
2,0,4817,1789633728828491776,3812344945293327
2,0,4818,1789633728828500992,3812344945303077
2,0,4819,1789633728828511232,3812344945312835
2,0,4820,1789633728828520448,3812344945322587
2,0,4821,1789633728828530688,3812344945332338
2,0,4822,1789633728828539904,3812344945342087
2,0,4823,1789633728828550144,3812344945351829
2,0,4824,1789633728828559360,3812344945361607
2,0,4825,1789633728828569600,3812344945371347
2,0,4826,1789633728828578816,3812344945381113
2,0,4827,1789633728828589056,3812344945390845
2,0,4828,1789633728828598272,3812344945400617
2,0,4829,1789633728828608512,3812344945410373
2,0,4830,1789633728828617728,3812344945420133
2,0,4831,1789633728828627968,3812344945429861
2,0,4832,1789633728828638208,3812344945439638
2,0,4833,1789633728828647424,3812344945449393
2,0,4834,1789633728828657664,3812344945459125
2,0,4835,1789633728828666880,3812344945468889
2,0,4836,1789633728828677120,3812344945478653
2,0,4837,1789633728828686336,3812344945488407
2,0,4838,1789633728828696576,3812344945498147
2,0,4839,1789633728828705792,3812344945507904
2,0,4840,1789633728828716032,3812344945517673
2,0,4841,1789633728828725248,3812344945527417
2,0,4842,1789633728828735488,3812344945537177
2,0,4843,1789633728828744704,3812344945546903
2,0,4844,1789633728828754944,3812344945556644
2,0,4845,1789633728828764160,3812344945566433
2,0,4846,1789633728828774400,3812344945576197
2,0,4847,1789633728828783616,3812344945585927
2,0,4848,1789633728828793856,3812344945595700
2,0,4849,1789633728828803072,3812344945605433
2,0,4850,1789633728828813312,3812344945615193
2,0,4851,1789633728828823552,3812344945624951
2,0,4852,1789633728828832768,3812344945634717
2,0,4853,1789633728828843008,3812344945644467
2,0,4854,1789633728828852224,3812344945654227
2,0,4855,1789633728828862464,3812344945663962
2,0,4856,1789633728828871680,3812344945673713
2,0,4857,1789633728828881920,3812344945683482
2,0,4858,1789633728828891136,3812344945693240
2,0,4859,1789633728828901376,3812344945702997
2,0,4860,1789633728828910592,3812344945712742
2,0,4861,1789633728828920832,3812344945722487
2,0,4862,1789633728828930048,3812344945732257
2,0,4863,1789633728828940288,3812344945741995
2,0,4864,1789633728828949504,3812344945751813
2,0,4865,1789633728828959744,3812344945761480
2,0,4866,1789633728828968960,3812344945771257
2,0,4867,1789633728828979200,3812344945781033
2,0,4868,1789633728828988416,3812344945790791
2,0,4869,1789633728828998656,3812344945800547
2,0,4870,1789633728829008896,3812344945810287
2,0,4871,1789633728829018112,3812344945820044
2,0,4872,1789633728829028352,3812344945829802
2,0,4873,1789633728829037568,3812344945839567
2,0,4874,1789633728829047808,3812344945849305
2,0,4875,1789633728829057024,3812344945859071
2,0,4876,1789633728829067264,3812344945868805
2,0,4877,1789633728829076480,3812344945878580
2,0,4878,1789633728829086720,3812344945888317
2,0,4879,1789633728829095936,3812344945898087
2,0,4880,1789633728829106176,3812344945907833
2,0,4881,1789633728829115392,3812344945917597
2,0,4882,1789633728829125632,3812344945927343
2,0,4883,1789633728829134848,3812344945937087
2,0,4884,1789633728829145088,3812344945946847
2,0,4885,1789633728829154304,3812344945956593
2,0,4886,1789633728829164544,3812344945966337
2,0,4887,1789633728829173760,3812344945976115
2,0,4888,1789633728829184000,3812344945985849
2,0,4889,1789633728829193216,3812344945995615
2,0,4890,1789633728829203456,3812344946005365
2,0,4891,1789633728829213696,3812344946015115
2,0,4892,1789633728829222912,3812344946024865
2,0,4893,1789633728829233152,3812344946034617
2,0,4894,1789633728829242368,3812344946044395
2,0,4895,1789633728829252608,3812344946054141
2,0,4896,1789633728829261824,3812344946063925
2,0,4897,1789633728829272064,3812344946073631
2,0,4898,1789633728829281280,3812344946083475
2,0,4899,1789633728829291520,3812344946093156
2,0,4900,1789633728829300736,3812344946102917
2,0,4901,1789633728829310976,3812344946112676
2,0,4902,1789633728829320192,3812344946122437
2,0,4903,1789633728829330432,3812344946132167
2,0,4904,1789633728829339648,3812344946141923
2,0,4905,1789633728829349888,3812344946151680
2,0,4906,1789633728829359104,3812344946161437
2,0,4907,1789633728829369344,3812344946171197
2,0,4908,1789633728829378560,3812344946180969
2,0,4909,1789633728829388800,3812344946190689
2,0,4910,1789633728829399040,3812344946200487
2,0,4911,1789633728829408256,3812344946210217
2,0,4912,1789633728829418496,3812344946219985
2,0,4913,1789633728829427712,3812344946229737
2,0,4914,1789633728829437952,3812344946239518
2,0,4915,1789633728829447168,3812344946249264
2,0,4916,1789633728829457408,3812344946259017
2,0,4917,1789633728829466624,3812344946268758
2,0,4918,1789633728829476864,3812344946278515
2,0,4919,1789633728829486080,3812344946288264
2,0,4920,1789633728829496320,3812344946298020
2,0,4921,1789633728829505536,3812344946307765
2,0,4922,1789633728829515776,3812344946317515
2,0,4923,1789633728829524992,3812344946327289
2,0,4924,1789633728829535232,3812344946337047
2,0,4925,1789633728829544448,3812344946346795
2,0,4926,1789633728829554688,3812344946356545
2,0,4927,1789633728829563904,3812344946366313
2,0,4928,1789633728829574144,3812344946376051
2,0,4929,1789633728829584384,3812344946385823
2,0,4930,1789633728829593600,3812344946395590
2,0,4931,1789633728829603840,3812344946405341
2,0,4932,1789633728829613056,3812344946415072
2,0,4933,1789633728829623296,3812344946424825
2,0,4934,1789633728829632512,3812344946434575
2,0,4935,1789633728829642752,3812344946444324
2,0,4936,1789633728829651968,3812344946454103
2,0,4937,1789633728829662208,3812344946463855
2,0,4938,1789633728829671424,3812344946473610
2,0,4939,1789633728829681664,3812344946483351
2,0,4940,1789633728829690880,3812344946493121
2,0,4941,1789633728829701120,3812344946502868
2,0,4942,1789633728829710336,3812344946512629
2,0,4943,1789633728829720576,3812344946522367
2,0,4944,1789633728829729792,3812344946532137
2,0,4945,1789633728829740032,3812344946541874
2,0,4946,1789633728829749248,3812344946551637
2,0,4947,1789633728829759488,3812344946561401
2,0,4948,1789633728829769728,3812344946571137
2,0,4949,1789633728829778944,3812344946580899
2,0,4950,1789633728829789184,3812344946590677
2,0,4951,1789633728829798400,3812344946600393
2,0,4952,1789633728829808640,3812344946610175
2,0,4953,1789633728829817856,3812344946619957
2,0,4954,1789633728829828096,3812344946629680
2,0,4955,1789633728829837312,3812344946639435
2,0,4956,1789633728829847552,3812344946649173
2,0,4957,1789633728829856768,3812344946658913
2,0,4958,1789633728829867008,3812344946668695
2,0,4959,1789633728829876224,3812344946678430
2,0,4960,1789633728829886464,3812344946688207
2,0,4961,1789633728829895680,3812344946697945
2,0,4962,1789633728829905920,3812344946707717
2,0,4963,1789633728829915136,3812344946717464
2,0,4964,1789633728829925376,3812344946727220
2,0,4965,1789633728829934592,3812344946736963
2,0,4966,1789633728829944832,3812344946746727
2,0,4967,1789633728829954048,3812344946756445
2,0,4968,1789633728829964288,3812344946766237
2,0,4969,1789633728829974528,3812344946775975
2,0,4970,1789633728829983744,3812344946785722
2,0,4971,1789633728829993984,3812344946795498
2,0,4972,1789633728830003200,3812344946805255
2,0,4973,1789633728830013440,3812344946814998
2,0,4974,1789633728830022656,3812344946824737
2,0,4975,1789633728830032896,3812344946834497
2,0,4976,1789633728830042112,3812344946844255
2,0,4977,1789633728830052352,3812344946854023
2,0,4978,1789633728830061568,3812344946863769
2,0,4979,1789633728830071808,3812344946873537
2,0,4980,1789633728830081024,3812344946883263
2,0,4981,1789633728830091264,3812344946893038
2,0,4982,1789633728830100480,3812344946902787
2,0,4983,1789633728830110720,3812344946912540
2,0,4984,1789633728830119936,3812344946922280
2,0,4985,1789633728830130176,3812344946932047
2,0,4986,1789633728830139392,3812344946941789
2,0,4987,1789633728830149632,3812344946951555
2,0,4988,1789633728830159872,3812344946961315
2,0,4989,1789633728830169088,3812344946971075
2,0,4990,1789633728830179328,3812344946980815
2,0,4991,1789633728830188544,3812344946990573
2,0,4992,1789633728830198784,3812344947000330
2,0,4993,1789633728830208000,3812344947010087
2,0,4994,1789633728830218240,3812344947019837
2,0,4995,1789633728830227456,3812344947029613
2,0,4996,1789633728830237696,3812344947039330
2,0,4997,1789633728830246912,3812344947049094
2,0,4998,1789633728830257152,3812344947058867
2,0,4999,1789633728830266368,3812344947068615
2,0,5000,1789633728830276608,3812344947078333
2,0,5001,1789633728830285824,3812344947088077
2,0,5002,1789633728830296064,3812344947097845
2,0,5003,1789633728830305280,3812344947107580
2,0,5004,1789633728830315520,3812344947117357
2,0,5005,1789633728830324736,3812344947127107
2,0,5006,1789633728830334976,3812344947136857
2,0,5007,1789633728830344192,3812344947146617
2,0,5008,1789633728830354432,3812344947156373
2,0,5009,1789633728830364672,3812344947167704
2,0,5010,1789633728830375936,3812344947177390
2,0,5011,1789633728830385152,3812344947187064
2,0,5012,1789633728830395392,3812344947196770
2,0,5013,1789633728830404608,3812344947206427
2,0,5014,1789633728830413824,3812344947216105
2,0,5015,1789633728830424064,3812344947225793
2,0,5016,1789633728830433280,3812344947235562
2,0,5017,1789633728830443520,3812344947245224
2,0,5018,1789633728830452736,3812344947254924
2,0,5019,1789633728830462976,3812344947264604
2,0,5020,1789633728830472192,3812344947274304
2,0,5021,1789633728830482432,3812344947283995
2,0,5022,1789633728830491648,3812344947293675
2,0,5023,1789633728830501888,3812344947303376
2,0,5024,1789633728830511104,3812344947313043
2,0,5025,1789633728830521344,3812344947322695
2,0,5026,1789633728830530560,3812344947332355
2,0,5027,1789633728830539776,3812344947342002
2,0,5028,1789633728830550016,3812344947351683
2,0,5029,1789633728830559232,3812344947361365
2,0,5030,1789633728830569472,3812344947370995
2,0,5031,1789633728830578688,3812344947380715
2,0,5032,1789633728830588928,3812344947390464
2,0,5033,1789633728830598144,3812344947400217
2,0,5034,1789633728830608384,3812344947409977
2,0,5035,1789633728830617600,3812344947419713
2,0,5036,1789633728830627840,3812344947429487
2,0,5037,1789633728830637056,3812344947439221
2,0,5038,1789633728830647296,3812344947448995
2,0,5039,1789633728830656512,3812344947458745
2,0,5040,1789633728830666752,3812344947468482
2,0,5041,1789633728830675968,3812344947478257
2,0,5042,1789633728830686208,3812344947488003
2,0,5043,1789633728830695424,3812344947497753
2,0,5044,1789633728830705664,3812344947507502
2,0,5045,1789633728830714880,3812344947517278
2,0,5046,1789633728830725120,3812344947527024
2,0,5047,1789633728830735360,3812344947536770
2,0,5048,1789633728830744576,3812344947546537
2,0,5049,1789633728830754816,3812344947556297
2,0,5050,1789633728830764032,3812344947566030
2,0,5051,1789633728830774272,3812344947575804
2,0,5052,1789633728830783488,3812344947585537
2,0,5053,1789633728830793728,3812344947595315
2,0,5054,1789633728830802944,3812344947605047
2,0,5055,1789633728830813184,3812344947614820
2,0,5056,1789633728830822400,3812344947624555
2,0,5057,1789633728830832640,3812344947634327
2,0,5058,1789633728830841856,3812344947644055
2,0,5059,1789633728830852096,3812344947653830
2,0,5060,1789633728830861312,3812344947663563
2,0,5061,1789633728830871552,3812344947673363
2,0,5062,1789633728830880768,3812344947683077
2,0,5063,1789633728830891008,3812344947692847
2,0,5064,1789633728830900224,3812344947702607
2,0,5065,1789633728830910464,3812344947712347
2,0,5066,1789633728830919680,3812344947722097
2,0,5067,1789633728830929920,3812344947731867
2,0,5068,1789633728830940160,3812344947741607
2,0,5069,1789633728830949376,3812344947751362
2,0,5070,1789633728830959616,3812344947761130
2,0,5071,1789633728830968832,3812344947770864
2,0,5072,1789633728830979072,3812344947780622
2,0,5073,1789633728830988288,3812344947790395
2,0,5074,1789633728830998528,3812344947800138
2,0,5075,1789633728831007744,3812344947809880
2,0,5076,1789633728831017984,3812344947819645
2,0,5077,1789633728831027200,3812344947829380
2,0,5078,1789633728831037440,3812344947839167
2,0,5079,1789633728831046656,3812344947848913
2,0,5080,1789633728831056896,3812344947858653
2,0,5081,1789633728831066112,3812344947868393
2,0,5082,1789633728831076352,3812344947878175
2,0,5083,1789633728831085568,3812344947887915
2,0,5084,1789633728831095808,3812344947897669
2,0,5085,1789633728831105024,3812344947907433
2,0,5086,1789633728831115264,3812344947917193
2,0,5087,1789633728831125504,3812344947926955
2,0,5088,1789633728831134720,3812344947936696
2,0,5089,1789633728831144960,3812344947946470
2,0,5090,1789633728831154176,3812344947956217
2,0,5091,1789633728831164416,3812344947965955
2,0,5092,1789633728831173632,3812344947975727
2,0,5093,1789633728831183872,3812344947985455
2,0,5094,1789633728831193088,3812344947995227
2,0,5095,1789633728831203328,3812344948004955
2,0,5096,1789633728831212544,3812344948014720
2,0,5097,1789633728831222784,3812344948024497
2,0,5098,1789633728831232000,3812344948034233
2,0,5099,1789633728831242240,3812344948043983
2,0,5100,1789633728831251456,3812344948053762
2,0,5101,1789633728831261696,3812344948063497
2,0,5102,1789633728831270912,3812344948073237
2,0,5103,1789633728831281152,3812344948083021
2,0,5104,1789633728831290368,3812344948092750
2,0,5105,1789633728831300608,3812344948102527
2,0,5106,1789633728831309824,3812344948112250
2,0,5107,1789633728831320064,3812344948122030
2,0,5108,1789633728831330304,3812344948131813
2,0,5109,1789633728831339520,3812344948141537
2,0,5110,1789633728831349760,3812344948151290
2,0,5111,1789633728831358976,3812344948161053
2,0,5112,1789633728831369216,3812344948170781
2,0,5113,1789633728831378432,3812344948180556
2,0,5114,1789633728831388672,3812344948190317
2,0,5115,1789633728831397888,3812344948200063
2,0,5116,1789633728831408128,3812344948209824
2,0,5117,1789633728831417344,3812344948219575
2,0,5118,1789633728831427584,3812344948229325
2,0,5119,1789633728831436800,3812344948239073
2,0,5120,1789633728831447040,3812344948248824
2,0,5121,1789633728831456256,3812344948258590
2,0,5122,1789633728831466496,3812344948268341
2,0,5123,1789633728831475712,3812344948278095
2,0,5124,1789633728831485952,3812344948287824
2,0,5125,1789633728831495168,3812344948297597
2,0,5126,1789633728831505408,3812344948307369
2,0,5127,1789633728831515648,3812344948317102
2,0,5128,1789633728831524864,3812344948326855
2,0,5129,1789633728831535104,3812344948336630
2,0,5130,1789633728831544320,3812344948346364
2,0,5131,1789633728831554560,3812344948356120
2,0,5132,1789633728831563776,3812344948365898
2,0,5133,1789633728831574016,3812344948375633
2,0,5134,1789633728831583232,3812344948385395
2,0,5135,1789633728831593472,3812344948395137
2,0,5136,1789633728831602688,3812344948404897
2,0,5137,1789633728831612928,3812344948414650
2,0,5138,1789633728831622144,3812344948424415
2,0,5139,1789633728831632384,3812344948434157
2,0,5140,1789633728831641600,3812344948443915
2,0,5141,1789633728831651840,3812344948453667
2,0,5142,1789633728831661056,3812344948463487
2,0,5143,1789633728831671296,3812344948473162
2,0,5144,1789633728831680512,3812344948482927
2,0,5145,1789633728831690752,3812344948492684
2,0,5146,1789633728831700992,3812344948502438
2,0,5147,1789633728831710208,3812344948512187
2,0,5148,1789633728831720448,3812344948521962
2,0,5149,1789633728831729664,3812344948531695
2,0,5150,1789633728831739904,3812344948541467
2,0,5151,1789633728831749120,3812344948551196
2,0,5152,1789633728831759360,3812344948560976
2,0,5153,1789633728831768576,3812344948570695
2,0,5154,1789633728831778816,3812344948580473
2,0,5155,1789633728831788032,3812344948590207
2,0,5156,1789633728831798272,3812344948599987
2,0,5157,1789633728831807488,3812344948609722
2,0,5158,1789633728831817728,3812344948619497
2,0,5159,1789633728831826944,3812344948629246
2,0,5160,1789633728831837184,3812344948638997
2,0,5161,1789633728831846400,3812344948648750
2,0,5162,1789633728831856640,3812344948658517
2,0,5163,1789633728831865856,3812344948668257
2,0,5164,1789633728831876096,3812344948678020
2,0,5165,1789633728831885312,3812344948687744
2,0,5166,1789633728831895552,3812344948697504
2,0,5167,1789633728831905792,3812344948707277
2,0,5168,1789633728831915008,3812344948717037
2,0,5169,1789633728831925248,3812344948726782
2,0,5170,1789633728831934464,3812344948736537
2,0,5171,1789633728831944704,3812344948746286
2,0,5172,1789633728831953920,3812344948756057
2,0,5173,1789633728831964160,3812344948765783
2,0,5174,1789633728831973376,3812344948775547
2,0,5175,1789633728831983616,3812344948785315
2,0,5176,1789633728831992832,3812344948795063
2,0,5177,1789633728832003072,3812344948804823
2,0,5178,1789633728832012288,3812344948814549
2,0,5179,1789633728832022528,3812344948824322
2,0,5180,1789633728832031744,3812344948834072
2,0,5181,1789633728832041984,3812344948843844
2,0,5182,1789633728832051200,3812344948853565
2,0,5183,1789633728832061440,3812344948863342
2,0,5184,1789633728832070656,3812344948873095
2,0,5185,1789633728832080896,3812344948882842
2,0,5186,1789633728832091136,3812344948892617
2,0,5187,1789633728832100352,3812344948902353
2,0,5188,1789633728832110592,3812344948912095
2,0,5189,1789633728832119808,3812344948921875
2,0,5190,1789633728832130048,3812344948931613
2,0,5191,1789633728832139264,3812344948941389
2,0,5192,1789633728832149504,3812344948951124
2,0,5193,1789633728832158720,3812344948960889
2,0,5194,1789633728832168960,3812344948970637
2,0,5195,1789633728832178176,3812344948980377
2,0,5196,1789633728832188416,3812344948990155
2,0,5197,1789633728832197632,3812344948999897
2,0,5198,1789633728832207872,3812344949009644
2,0,5199,1789633728832217088,3812344949019393
2,0,5200,1789633728832227328,3812344949029153
2,0,5201,1789633728832236544,3812344949038895
2,0,5202,1789633728832246784,3812344949048675
2,0,5203,1789633728832256000,3812344949058420
2,0,5204,1789633728832266240,3812344949068182
2,0,5205,1789633728832276480,3812344949077921
2,0,5206,1789633728832285696,3812344949087677
2,0,5207,1789633728832295936,3812344949097423
2,0,5208,1789633728832305152,3812344949107206
2,0,5209,1789633728832315392,3812344949116944
2,0,5210,1789633728832324608,3812344949126712
2,0,5211,1789633728832334848,3812344949136445
2,0,5212,1789633728832344064,3812344949146230
2,0,5213,1789633728832354304,3812344949155964
2,0,5214,1789633728832363520,3812344949165727
2,0,5215,1789633728832373760,3812344949175463
2,0,5216,1789633728832382976,3812344949185237
2,0,5217,1789633728832393216,3812344949194977
2,0,5218,1789633728832402432,3812344949204737
2,0,5219,1789633728832412672,3812344949214517
2,0,5220,1789633728832421888,3812344949224244
2,0,5221,1789633728832432128,3812344949233980
2,0,5222,1789633728832441344,3812344949243763
2,0,5223,1789633728832451584,3812344949253504
2,0,5224,1789633728832460800,3812344949263266
2,0,5225,1789633728832471040,3812344949273006
2,0,5226,1789633728832481280,3812344949282778
2,0,5227,1789633728832490496,3812344949292540
2,0,5228,1789633728832500736,3812344949302267
2,0,5229,1789633728832509952,3812344949312037
2,0,5230,1789633728832520192,3812344949321790
2,0,5231,1789633728832529408,3812344949331555
2,0,5232,1789633728832539648,3812344949341287
2,0,5233,1789633728832548864,3812344949351062
2,0,5234,1789633728832559104,3812344949360805
2,0,5235,1789633728832568320,3812344949370555
2,0,5236,1789633728832578560,3812344949380297
2,0,5237,1789633728832587776,3812344949390062
2,0,5238,1789633728832598016,3812344949399824
2,0,5239,1789633728832607232,3812344949409585
2,0,5240,1789633728832617472,3812344949419326
2,0,5241,1789633728832626688,3812344949429093
2,0,5242,1789633728832636928,3812344949438844
2,0,5243,1789633728832646144,3812344949448613
2,0,5244,1789633728832656384,3812344949458337
2,0,5245,1789633728832666624,3812344949468115
2,0,5246,1789633728832675840,3812344949477869
2,0,5247,1789633728832686080,3812344949487637
2,0,5248,1789633728832695296,3812344949497363
2,0,5249,1789633728832705536,3812344949507130
2,0,5250,1789633728832714752,3812344949516865
2,0,5251,1789633728832724992,3812344949526640
2,0,5252,1789633728832734208,3812344949536377
2,0,5253,1789633728832744448,3812344949546137
2,0,5254,1789633728832753664,3812344949555901
2,0,5255,1789633728832763904,3812344949565630
2,0,5256,1789633728832773120,3812344949575413
2,0,5257,1789633728832783360,3812344949585158
2,0,5258,1789633728832792576,3812344949594895
2,0,5259,1789633728832802816,3812344949604667
2,0,5260,1789633728832812032,3812344949614422
2,0,5261,1789633728832822272,3812344949624145
2,0,5262,1789633728832831488,3812344949633922
2,0,5263,1789633728832841728,3812344949643675
2,0,5264,1789633728832850944,3812344949653497
2,0,5265,1789633728832861184,3812344949663175
2,0,5266,1789633728832871424,3812344949672942
2,0,5267,1789633728832880640,3812344949682675
2,0,5268,1789633728832890880,3812344949692449
2,0,5269,1789633728832900096,3812344949702197
2,0,5270,1789633728832910336,3812344949711967
2,0,5271,1789633728832919552,3812344949721704
2,0,5272,1789633728832929792,3812344949731480
2,0,5273,1789633728832939008,3812344949741213
2,0,5274,1789633728832949248,3812344949750983
2,0,5275,1789633728832958464,3812344949760702
2,0,5276,1789633728832968704,3812344949770469
2,0,5277,1789633728832977920,3812344949780227
2,0,5278,1789633728832988160,3812344949789997
2,0,5279,1789633728832997376,3812344949799737
2,0,5280,1789633728833007616,3812344949809510
2,0,5281,1789633728833016832,3812344949819256
2,0,5282,1789633728833027072,3812344949829004
2,0,5283,1789633728833036288,3812344949838760
2,0,5284,1789633728833046528,3812344949848526
2,0,5285,1789633728833056768,3812344949858273
2,0,5286,1789633728833065984,3812344949868037
2,0,5287,1789633728833076224,3812344949877737
2,0,5288,1789633728833085440,3812344949887535
2,0,5289,1789633728833095680,3812344949897295
2,0,5290,1789633728833104896,3812344949907037
2,0,5291,1789633728833115136,3812344949916787
2,0,5292,1789633728833124352,3812344949926537
2,0,5293,1789633728833134592,3812344949936307
2,0,5294,1789633728833143808,3812344949946046
2,0,5295,1789633728833154048,3812344949955817
2,0,5296,1789633728833163264,3812344949965545
2,0,5297,1789633728833173504,3812344949975325
2,0,5298,1789633728833182720,3812344949985073
2,0,5299,1789633728833192960,3812344949994817
2,0,5300,1789633728833202176,3812344950004567
2,0,5301,1789633728833212416,3812344950014336
2,0,5302,1789633728833221632,3812344950024073
2,0,5303,1789633728833231872,3812344950033847
2,0,5304,1789633728833242112,3812344950043599
2,0,5305,1789633728833251328,3812344950053367
2,0,5306,1789633728833261568,3812344950063090
2,0,5307,1789633728833270784,3812344950072855
2,0,5308,1789633728833281024,3812344950082575
2,0,5309,1789633728833290240,3812344950092353
2,0,5310,1789633728833300480,3812344950102117
2,0,5311,1789633728833309696,3812344950111887
2,0,5312,1789633728833319936,3812344950121638
2,0,5313,1789633728833329152,3812344950131387
2,0,5314,1789633728833339392,3812344950141119
2,0,5315,1789633728833348608,3812344950150886
2,0,5316,1789633728833358848,3812344950160619
2,0,5317,1789633728833368064,3812344950170399
2,0,5318,1789633728833378304,3812344950180146
2,0,5319,1789633728833387520,3812344950189917
2,0,5320,1789633728833397760,3812344950199650
2,0,5321,1789633728833406976,3812344950209415
2,0,5322,1789633728833417216,3812344950219177
2,0,5323,1789633728833427456,3812344950228915
2,0,5324,1789633728833436672,3812344950238690
2,0,5325,1789633728833446912,3812344950248423
2,0,5326,1789633728833456128,3812344950258195
2,0,5327,1789633728833466368,3812344950267944
2,0,5328,1789633728833475584,3812344950277680
2,0,5329,1789633728833485824,3812344950287422
2,0,5330,1789633728833495040,3812344950297206
2,0,5331,1789633728833505280,3812344950306953
2,0,5332,1789633728833514496,3812344950316722
2,0,5333,1789633728833524736,3812344950326467
2,0,5334,1789633728833533952,3812344950336215
2,0,5335,1789633728833544192,3812344950345997
2,0,5336,1789633728833553408,3812344950355737
2,0,5337,1789633728833563648,3812344950365475
2,0,5338,1789633728833572864,3812344950375255
2,0,5339,1789633728833583104,3812344950385004
2,0,5340,1789633728833592320,3812344950394752
2,0,5341,1789633728833602560,3812344950404495
2,0,5342,1789633728833611776,3812344950414262
2,0,5343,1789633728833622016,3812344950424013
2,0,5344,1789633728833632256,3812344950433765
2,0,5345,1789633728833641472,3812344950443513
2,0,5346,1789633728833651712,3812344950453286
2,0,5347,1789633728833660928,3812344950463033
2,0,5348,1789633728833671168,3812344950472779
2,0,5349,1789633728833680384,3812344950482524
2,0,5350,1789633728833690624,3812344950492287
2,0,5351,1789633728833699840,3812344950502042
2,0,5352,1789633728833710080,3812344950511797
2,0,5353,1789633728833719296,3812344950521533
2,0,5354,1789633728833729536,3812344950531306
2,0,5355,1789633728833738752,3812344950541062
2,0,5356,1789633728833748992,3812344950550815
2,0,5357,1789633728833758208,3812344950560564
2,0,5358,1789633728833768448,3812344950570315
2,0,5359,1789633728833777664,3812344950580067
2,0,5360,1789633728833787904,3812344950589841
2,0,5361,1789633728833797120,3812344950599586
2,0,5362,1789633728833807360,3812344950609337
2,0,5363,1789633728833817600,3812344950619093
2,0,5364,1789633728833826816,3812344950628842
2,0,5365,1789633728833837056,3812344950638617
2,0,5366,1789633728833846272,3812344950648345
2,0,5367,1789633728833856512,3812344950658117
2,0,5368,1789633728833865728,3812344950667869
2,0,5369,1789633728833875968,3812344950677639
2,0,5370,1789633728833885184,3812344950687364
2,0,5371,1789633728833895424,3812344950697107
2,0,5372,1789633728833904640,3812344950706877
2,0,5373,1789633728833914880,3812344950716646
2,0,5374,1789633728833924096,3812344950726397
2,0,5375,1789633728833934336,3812344950736144
2,0,5376,1789633728833943552,3812344950745890
2,0,5377,1789633728833953792,3812344950755655
2,0,5378,1789633728833963008,3812344950765401
2,0,5379,1789633728833973248,3812344950775167
2,0,5380,1789633728833982464,3812344950784889
2,0,5381,1789633728833992704,3812344950794687
2,0,5382,1789633728834001920,3812344950804437
2,0,5383,1789633728834012160,3812344950814187
2,0,5384,1789633728834022400,3812344950823933
2,0,5385,1789633728834031616,3812344950833683
2,0,5386,1789633728834041856,3812344950843492
2,0,5387,1789633728834051072,3812344950853186
2,0,5388,1789633728834061312,3812344950862947
2,0,5389,1789633728834070528,3812344950872705
2,0,5390,1789633728834080768,3812344950882465
2,0,5391,1789633728834089984,3812344950892217
2,0,5392,1789633728834100224,3812344950901930
2,0,5393,1789633728834109440,3812344950911716
2,0,5394,1789633728834119680,3812344950921489
2,0,5395,1789633728834128896,3812344950931224
2,0,5396,1789633728834139136,3812344950940962
2,0,5397,1789633728834148352,3812344950950746
2,0,5398,1789633728834158592,3812344950960479
2,0,5399,1789633728834167808,3812344950970257
2,0,5400,1789633728834178048,3812344950979993
2,0,5401,1789633728834187264,3812344950989737
2,0,5402,1789633728834197504,3812344950999517
2,0,5403,1789633728834207744,3812344951009245
2,0,5404,1789633728834216960,3812344951019024
2,0,5405,1789633728834227200,3812344951028779
2,0,5406,1789633728834236416,3812344951038513
2,0,5407,1789633728834246656,3812344951048287
2,0,5408,1789633728834255872,3812344951058024
2,0,5409,1789633728834266112,3812344951067797
2,0,5410,1789633728834275328,3812344951077539
2,0,5411,1789633728834285568,3812344951087279
2,0,5412,1789633728834294784,3812344951097039
2,0,5413,1789633728834305024,3812344951106775
2,0,5414,1789633728834314240,3812344951116555
2,0,5415,1789633728834324480,3812344951126297
2,0,5416,1789633728834333696,3812344951136055
2,0,5417,1789633728834343936,3812344951145815
2,0,5418,1789633728834353152,3812344951155586
2,0,5419,1789633728834363392,3812344951165332
2,0,5420,1789633728834372608,3812344951175098
2,0,5421,1789633728834382848,3812344951184842
2,0,5422,1789633728834393088,3812344951194586
2,0,5423,1789633728834402304,3812344951204349
2,0,5424,1789633728834412544,3812344951214101
2,0,5425,1789633728834421760,3812344951223862
2,0,5426,1789633728834432000,3812344951233607
2,0,5427,1789633728834441216,3812344951243365
2,0,5428,1789633728834451456,3812344951253101
2,0,5429,1789633728834460672,3812344951262882
2,0,5430,1789633728834470912,3812344951272599
2,0,5431,1789633728834480128,3812344951282379
2,0,5432,1789633728834490368,3812344951292137
2,0,5433,1789633728834499584,3812344951301898
2,0,5434,1789633728834509824,3812344951311615
2,0,5435,1789633728834519040,3812344951321379
2,0,5436,1789633728834529280,3812344951331144
2,0,5437,1789633728834538496,3812344951340917
2,0,5438,1789633728834548736,3812344951350662
2,0,5439,1789633728834557952,3812344951360415
2,0,5440,1789633728834568192,3812344951370169
2,0,5441,1789633728834577408,3812344951379927
2,0,5442,1789633728834587648,3812344951389675
2,0,5443,1789633728834597888,3812344951399425
2,0,5444,1789633728834607104,3812344951409190
2,0,5445,1789633728834617344,3812344951418922
2,0,5446,1789633728834626560,3812344951428697
2,0,5447,1789633728834636800,3812344951438425
2,0,5448,1789633728834646016,3812344951448204
2,0,5449,1789633728834656256,3812344951457959
2,0,5450,1789633728834665472,3812344951467706
2,0,5451,1789633728834675712,3812344951477447
2,0,5452,1789633728834684928,3812344951487217
2,0,5453,1789633728834695168,3812344951496962
2,0,5454,1789633728834704384,3812344951506727
2,0,5455,1789633728834714624,3812344951516470
2,0,5456,1789633728834723840,3812344951526237
2,0,5457,1789633728834734080,3812344951535982
2,0,5458,1789633728834743296,3812344951545749
2,0,5459,1789633728834753536,3812344951555497
2,0,5460,1789633728834762752,3812344951565250
2,0,5461,1789633728834772992,3812344951574997
2,0,5462,1789633728834783232,3812344951584764
2,0,5463,1789633728834792448,3812344951594515
2,0,5464,1789633728834802688,3812344951604277
2,0,5465,1789633728834811904,3812344951613999
2,0,5466,1789633728834822144,3812344951623792
2,0,5467,1789633728834831360,3812344951633517
2,0,5468,1789633728834841600,3812344951643279
2,0,5469,1789633728834850816,3812344951653015
2,0,5470,1789633728834861056,3812344951662797
2,0,5471,1789633728834870272,3812344951672541
2,0,5472,1789633728834880512,3812344951682279
2,0,5473,1789633728834889728,3812344951692046
2,0,5474,1789633728834899968,3812344951701822
2,0,5475,1789633728834909184,3812344951711555
2,0,5476,1789633728834919424,3812344951721316
2,0,5477,1789633728834928640,3812344951731072
2,0,5478,1789633728834938880,3812344951740825
2,0,5479,1789633728834948096,3812344951750575
2,0,5480,1789633728834958336,3812344951760325
2,0,5481,1789633728834968576,3812344951770077
2,0,5482,1789633728834977792,3812344951779826
2,0,5483,1789633728834988032,3812344951789597
2,0,5484,1789633728834997248,3812344951799349
2,0,5485,1789633728835007488,3812344951809101
2,0,5486,1789633728835016704,3812344951818847
2,0,5487,1789633728835026944,3812344951828602
2,0,5488,1789633728835036160,3812344951838355
2,0,5489,1789633728835046400,3812344951848112
2,0,5490,1789633728835055616,3812344951857886
2,0,5491,1789633728835065856,3812344951867638
2,0,5492,1789633728835075072,3812344951877390
2,0,5493,1789633728835085312,3812344951887165
2,0,5494,1789633728835094528,3812344951896887
2,0,5495,1789633728835104768,3812344951906657
2,0,5496,1789633728835113984,3812344951916377
2,0,5497,1789633728835124224,3812344951926142
2,0,5498,1789633728835133440,3812344951935916
2,0,5499,1789633728835143680,3812344951945649
2,0,5500,1789633728835153920,3812344951955406
2,0,5501,1789633728835163136,3812344951965177
2,0,5502,1789633728835173376,3812344951974901
2,0,5503,1789633728835182592,3812344951984677
2,0,5504,1789633728835192832,3812344951994429
2,0,5505,1789633728835202048,3812344952004179
2,0,5506,1789633728835212288,3812344952013945
2,0,5507,1789633728835221504,3812344952023695
2,0,5508,1789633728835231744,3812344952033471
2,0,5509,1789633728835240960,3812344952043187
2,0,5510,1789633728835251200,3812344952052957
2,0,5511,1789633728835260416,3812344952062699
2,0,5512,1789633728835270656,3812344952072481
2,0,5513,1789633728835279872,3812344952082239
2,0,5514,1789633728835290112,3812344952091975
2,0,5515,1789633728835299328,3812344952101725
2,0,5516,1789633728835309568,3812344952111476
2,0,5517,1789633728835318784,3812344952121237
2,0,5518,1789633728835329024,3812344952130986
2,0,5519,1789633728835338240,3812344952140737
2,0,5520,1789633728835348480,3812344952150504
2,0,5521,1789633728835358720,3812344952160230
2,0,5522,1789633728835367936,3812344952170004
2,0,5523,1789633728835378176,3812344952179745
2,0,5524,1789633728835387392,3812344952189526
2,0,5525,1789633728835397632,3812344952199255
2,0,5526,1789633728835406848,3812344952209045
2,0,5527,1789633728835417088,3812344952218770
2,0,5528,1789633728835426304,3812344952228546
2,0,5529,1789633728835436544,3812344952238287
2,0,5530,1789633728835445760,3812344952248049
2,0,5531,1789633728835456000,3812344952257787
2,0,5532,1789633728835465216,3812344952267557
2,0,5533,1789633728835475456,3812344952277286
2,0,5534,1789633728835484672,3812344952287062
2,0,5535,1789633728835494912,3812344952296807
2,0,5536,1789633728835504128,3812344952306557
2,0,5537,1789633728835514368,3812344952316329
2,0,5538,1789633728835523584,3812344952326064
2,0,5539,1789633728835533824,3812344952335830
2,0,5540,1789633728835544064,3812344952345562
2,0,5541,1789633728835553280,3812344952355345
2,0,5542,1789633728835563520,3812344952365112
2,0,5543,1789633728835572736,3812344952374837
2,0,5544,1789633728835582976,3812344952384597
2,0,5545,1789633728835592192,3812344952394342
2,0,5546,1789633728835602432,3812344952404097
2,0,5547,1789633728835611648,3812344952413842
2,0,5548,1789633728835621888,3812344952423602
2,0,5549,1789633728835631104,3812344952433365
2,0,5550,1789633728835641344,3812344952443137
2,0,5551,1789633728835650560,3812344952452875
2,0,5552,1789633728835660800,3812344952462624
2,0,5553,1789633728835670016,3812344952472392
2,0,5554,1789633728835680256,3812344952482137
2,0,5555,1789633728835689472,3812344952491905
2,0,5556,1789633728835699712,3812344952501662
2,0,5557,1789633728835708928,3812344952511412
2,0,5558,1789633728835719168,3812344952521157
2,0,5559,1789633728835728384,3812344952530918
2,0,5560,1789633728835738624,3812344952540639
2,0,5561,1789633728835748864,3812344952550412
2,0,5562,1789633728835758080,3812344952560166
2,0,5563,1789633728835768320,3812344952569938
2,0,5564,1789633728835777536,3812344952579692
2,0,5565,1789633728835787776,3812344952589447
2,0,5566,1789633728835796992,3812344952599186
2,0,5567,1789633728835807232,3812344952608947
2,0,5568,1789633728835816448,3812344952618706
2,0,5569,1789633728835826688,3812344952628462
2,0,5570,1789633728835835904,3812344952638206
2,0,5571,1789633728835846144,3812344952647957
2,0,5572,1789633728835855360,3812344952657719
2,0,5573,1789633728835865600,3812344952667464
2,0,5574,1789633728835874816,3812344952677222
2,0,5575,1789633728835885056,3812344952686992
2,0,5576,1789633728835894272,3812344952696719
2,0,5577,1789633728835904512,3812344952706479
2,0,5578,1789633728835913728,3812344952716237
2,0,5579,1789633728835923968,3812344952725990
2,0,5580,1789633728835934208,3812344952735751
2,0,5581,1789633728835943424,3812344952745479
2,0,5582,1789633728835953664,3812344952755262
2,0,5583,1789633728835962880,3812344952765012
2,0,5584,1789633728835973120,3812344952774777
2,0,5585,1789633728835982336,3812344952784412
2,0,5586,1789633728835992576,3812344952794177
2,0,5587,1789633728836001792,3812344952803725
2,0,5588,1789633728836011008,3812344952813277
2,0,5589,1789633728836021248,3812344952822862
2,0,5590,1789633728836030464,3812344952832464
2,0,5591,1789633728836039680,3812344952842057
2,0,5592,1789633728836049920,3812344952851646
2,0,5593,1789633728836059136,3812344952861197
2,0,5594,1789633728836069376,3812344952870745
2,0,5595,1789633728836078592,3812344952880292
2,0,5596,1789633728836087808,3812344952889840
2,0,5597,1789633728836098048,3812344952899518
2,0,5598,1789633728836107264,3812344952909297
2,0,5599,1789633728836117504,3812344952919017
2,0,5600,1789633728836126720,3812344952928782
2,0,5601,1789633728836136960,3812344952938530
2,0,5602,1789633728836146176,3812344952948312
2,0,5603,1789633728836156416,3812344952958044
2,0,5604,1789633728836165632,3812344952967575
2,0,5605,1789633728836174848,3812344952977125
2,0,5606,1789633728836185088,3812344952986724
2,0,5607,1789633728836194304,3812344952996324
2,0,5608,1789633728836204544,3812344953005918
2,0,5609,1789633728836213760,3812344953015555
2,0,5610,1789633728836222976,3812344953025179
2,0,5611,1789633728836233216,3812344953034725
2,0,5612,1789633728836242432,3812344953044295
2,0,5613,1789633728836251648,3812344953053844
2,0,5614,1789633728836261888,3812344953063495
2,0,5615,1789633728836271104,3812344953073137
2,0,5616,1789633728836281344,3812344953082679
2,0,5617,1789633728836290560,3812344953092224
2,0,5618,1789633728836299776,3812344953101826
2,0,5619,1789633728836310016,3812344953111405
2,0,5620,1789633728836319232,3812344953120962
2,0,5621,1789633728836328448,3812344953130544
2,0,5622,1789633728836338688,3812344953140099
2,0,5623,1789633728836347904,3812344953149655
2,0,5624,1789633728836357120,3812344953159215
2,0,5625,1789633728836367360,3812344953168839
2,0,5626,1789633728836376576,3812344953178477
2,0,5627,1789633728836385792,3812344953188019
2,0,5628,1789633728836396032,3812344953197582
2,0,5629,1789633728836405248,3812344953207165
2,0,5630,1789633728836414464,3812344953216762
2,0,5631,1789633728836424704,3812344953226353
2,0,5632,1789633728836433920,3812344953235950
2,0,5633,1789633728836444160,3812344953245550
2,0,5634,1789633728836453376,3812344953255104
2,0,5635,1789633728836462592,3812344953264657
2,0,5636,1789633728836472832,3812344953274199
2,0,5637,1789633728836482048,3812344953283932
2,0,5638,1789633728836491264,3812344953293575
2,0,5639,1789633728836501504,3812344953303127
2,0,5640,1789633728836510720,3812344953312704
2,0,5641,1789633728836519936,3812344953322272
2,0,5642,1789633728836530176,3812344953331839
2,0,5643,1789633728836539392,3812344953341445
2,0,5644,1789633728836549632,3812344953351026
2,0,5645,1789633728836558848,3812344953360612
2,0,5646,1789633728836568064,3812344953370155
2,0,5647,1789633728836578304,3812344953379695
2,0,5648,1789633728836587520,3812344953389279
2,0,5649,1789633728836596736,3812344953398941
2,0,5650,1789633728836606976,3812344953408692
2,0,5651,1789633728836616192,3812344953418450
2,0,5652,1789633728836626432,3812344953428204
2,0,5653,1789633728836635648,3812344953437969
2,0,5654,1789633728836645888,3812344953447722
2,0,5655,1789633728836655104,3812344953457455
2,0,5656,1789633728836665344,3812344953467237
2,0,5657,1789633728836674560,3812344953476966
2,0,5658,1789633728836684800,3812344953486739
2,0,5659,1789633728836694016,3812344953496486
2,0,5660,1789633728836704256,3812344953506257
2,0,5661,1789633728836713472,3812344953515977
2,0,5662,1789633728836723712,3812344953525751
2,0,5663,1789633728836733952,3812344953535517
2,0,5664,1789633728836743168,3812344953545241
2,0,5665,1789633728836753408,3812344953555026
2,0,5666,1789633728836762624,3812344953564766
2,0,5667,1789633728836772864,3812344953574537
2,0,5668,1789633728836782080,3812344953584272
2,0,5669,1789633728836792320,3812344953593787
2,0,5670,1789633728836801536,3812344953603366
2,0,5671,1789633728836810752,3812344953612950
2,0,5672,1789633728836820992,3812344953622525
2,0,5673,1789633728836830208,3812344953632111
2,0,5674,1789633728836839424,3812344953641697
2,0,5675,1789633728836849664,3812344953651270
2,0,5676,1789633728836858880,3812344953660844
2,0,5677,1789633728836868096,3812344953670422
2,0,5678,1789633728836878336,3812344953679966
2,0,5679,1789633728836887552,3812344953689607
2,0,5680,1789633728836897792,3812344953699146
2,0,5681,1789633728836907008,3812344953708697
2,0,5682,1789633728836916224,3812344953718297
2,0,5683,1789633728836926464,3812344953727845
2,0,5684,1789633728836935680,3812344953737430
2,0,5685,1789633728836944896,3812344953747015
2,0,5686,1789633728836955136,3812344953756555
2,0,5687,1789633728836964352,3812344953766117
2,0,5688,1789633728836973568,3812344953775665
2,0,5689,1789633728836983808,3812344953785287
2,0,5690,1789633728836993024,3812344953794942
2,0,5691,1789633728837002240,3812344953804479
2,0,5692,1789633728837012480,3812344953814042
2,0,5693,1789633728837021696,3812344953823635
2,0,5694,1789633728837030912,3812344953833221
2,0,5695,1789633728837041152,3812344953842805
2,0,5696,1789633728837050368,3812344953852407
2,0,5697,1789633728837060608,3812344953861945
2,0,5698,1789633728837069824,3812344953871499
2,0,5699,1789633728837079040,3812344953881070
2,0,5700,1789633728837089280,3812344953890632
2,0,5701,1789633728837098496,3812344953900286
2,0,5702,1789633728837107712,3812344953910068
2,0,5703,1789633728837117952,3812344953919806
2,0,5704,1789633728837127168,3812344953929588
2,0,5705,1789633728837137408,3812344953939319
2,0,5706,1789633728837146624,3812344953949065
2,0,5707,1789633728837156864,3812344953958845
2,0,5708,1789633728837166080,3812344953968577
2,0,5709,1789633728837176320,3812344953978362
2,0,5710,1789633728837186560,3812344953988086
2,0,5711,1789633728837195776,3812344953997630
2,0,5712,1789633728837204992,3812344954007179
2,0,5713,1789633728837215232,3812344954016775
2,0,5714,1789633728837224448,3812344954026370
2,0,5715,1789633728837233664,3812344954035930
2,0,5716,1789633728837243904,3812344954045564
2,0,5717,1789633728837253120,3812344954055115
2,0,5718,1789633728837262336,3812344954064662
2,0,5719,1789633728837272576,3812344954074215
2,0,5720,1789633728837281792,3812344954083764
2,0,5721,1789633728837291008,3812344954093412
2,0,5722,1789633728837301248,3812344954103215
2,0,5723,1789633728837310464,3812344954112927
2,0,5724,1789633728837320704,3812344954122707
2,0,5725,1789633728837329920,3812344954132439
2,0,5726,1789633728837340160,3812344954142221
2,0,5727,1789633728837350400,3812344954151955
2,0,5728,1789633728837359616,3812344954161688
2,0,5729,1789633728837369856,3812344954171497
2,0,5730,1789633728837379072,3812344954181219
2,0,5731,1789633728837389312,3812344954190762
2,0,5732,1789633728837398528,3812344954200317
2,0,5733,1789633728837407744,3812344954209899
2,0,5734,1789633728837417984,3812344954219487
2,0,5735,1789633728837427200,3812344954229050
2,0,5736,1789633728837436416,3812344954238626
2,0,5737,1789633728837446656,3812344954248170
2,0,5738,1789633728837455872,3812344954257737
2,0,5739,1789633728837465088,3812344954267282
2,0,5740,1789633728837475328,3812344954276875
2,0,5741,1789633728837484544,3812344954286565
2,0,5742,1789633728837493760,3812344954296095
2,0,5743,1789633728837504000,3812344954305664
2,0,5744,1789633728837513216,3812344954315257
2,0,5745,1789633728837523456,3812344954324805
2,0,5746,1789633728837532672,3812344954334392
2,0,5747,1789633728837541888,3812344954343987
2,0,5748,1789633728837552128,3812344954353577
2,0,5749,1789633728837561344,3812344954363124
2,0,5750,1789633728837570560,3812344954372665
2,0,5751,1789633728837580800,3812344954382237
2,0,5752,1789633728837590016,3812344954391902
2,0,5753,1789633728837599232,3812344954401447
2,0,5754,1789633728837609472,3812344954410997
2,0,5755,1789633728837618688,3812344954420597
2,0,5756,1789633728837627904,3812344954430197
2,0,5757,1789633728837638144,3812344954439766
2,0,5758,1789633728837647360,3812344954449357
2,0,5759,1789633728837656576,3812344954458927
2,0,5760,1789633728837666816,3812344954468987
2,0,5761,1789633728837676032,3812344954478038
2,0,5762,1789633728837685248,3812344954487585
2,0,5763,1789633728837695488,3812344954497243
2,0,5764,1789633728837704704,3812344954507003
2,0,5765,1789633728837714944,3812344954516566
2,0,5766,1789633728837724160,3812344954526104
2,0,5767,1789633728837733376,3812344954535688
2,0,5768,1789633728837743616,3812344954545275
2,0,5769,1789633728837752832,3812344954554838
2,0,5770,1789633728837762048,3812344954564431
2,0,5771,1789633728837772288,3812344954574023
2,0,5772,1789633728837781504,3812344954583595
2,0,5773,1789633728837791744,3812344954593146
2,0,5774,1789633728837800960,3812344954602696
2,0,5775,1789633728837810176,3812344954612353
2,0,5776,1789633728837820416,3812344954622113
2,0,5777,1789633728837829632,3812344954631885
2,0,5778,1789633728837839872,3812344954641618
2,0,5779,1789633728837849088,3812344954651355
2,0,5780,1789633728837859328,3812344954661145
2,0,5781,1789633728837868544,3812344954670864
2,0,5782,1789633728837878784,3812344954680655
2,0,5783,1789633728837888000,3812344954690411
2,0,5784,1789633728837898240,3812344954700168
2,0,5785,1789633728837907456,3812344954709918
2,0,5786,1789633728837917696,3812344954719664
2,0,5787,1789633728837926912,3812344954729413
2,0,5788,1789633728837937152,3812344954739144
2,0,5789,1789633728837946368,3812344954748931
2,0,5790,1789633728837956608,3812344954758655
2,0,5791,1789633728837966848,3812344954768408
2,0,5792,1789633728837976064,3812344954778174
2,0,5793,1789633728837986304,3812344954787788
2,0,5794,1789633728837995520,3812344954797361
2,0,5795,1789633728838004736,3812344954806956
2,0,5796,1789633728838014976,3812344954816548
2,0,5797,1789633728838024192,3812344954826135
2,0,5798,1789633728838033408,3812344954835704
2,0,5799,1789633728838043648,3812344954845291
2,0,5800,1789633728838052864,3812344954854845
2,0,5801,1789633728838062080,3812344954864415
2,0,5802,1789633728838072320,3812344954873958
2,0,5803,1789633728838081536,3812344954883626
2,0,5804,1789633728838091776,3812344954893278
2,0,5805,1789633728838100992,3812344954903016
2,0,5806,1789633728838110208,3812344954912773
2,0,5807,1789633728838120448,3812344954922535
2,0,5808,1789633728838130688,3812344954932295
2,0,5809,1789633728838139904,3812344954942036
2,0,5810,1789633728838150144,3812344954951816
2,0,5811,1789633728838159360,3812344954961576
2,0,5812,1789633728838169600,3812344954971331
2,0,5813,1789633728838178816,3812344954981073
2,0,5814,1789633728838189056,3812344954990813
2,0,5815,1789633728838198272,3812344955000365
2,0,5816,1789633728838208512,3812344955009921
2,0,5817,1789633728838217728,3812344955019498
2,0,5818,1789633728838226944,3812344955029076
2,0,5819,1789633728838237184,3812344955038665
2,0,5820,1789633728838246400,3812344955048248
2,0,5821,1789633728838255616,3812344955057835
2,0,5822,1789633728838265856,3812344955067377
2,0,5823,1789633728838275072,3812344955076923
2,0,5824,1789633728838284288,3812344955086485
2,0,5825,1789633728838294528,3812344955096161
2,0,5826,1789633728838303744,3812344955105715
2,0,5827,1789633728838312960,3812344955115264
2,0,5828,1789633728838323200,3812344955124838
2,0,5829,1789633728838332416,3812344955134413
2,0,5830,1789633728838341632,3812344955143995
2,0,5831,1789633728838351872,3812344955153588
2,0,5832,1789633728838361088,3812344955163175
2,0,5833,1789633728838371328,3812344955172718
2,0,5834,1789633728838380544,3812344955182293
2,0,5835,1789633728838389760,3812344955191843
2,0,5836,1789633728838400000,3812344955201493
2,0,5837,1789633728838409216,3812344955211046
2,0,5838,1789633728838418432,3812344955220598
2,0,5839,1789633728838428672,3812344955230195
2,0,5840,1789633728838437888,3812344955239765
2,0,5841,1789633728838447104,3812344955249353
2,0,5842,1789633728838457344,3812344955258938
2,0,5843,1789633728838466560,3812344955268516
2,0,5844,1789633728838475776,3812344955278064
2,0,5845,1789633728838486016,3812344955287624
2,0,5846,1789633728838495232,3812344955297181
2,0,5847,1789633728838504448,3812344955306841
2,0,5848,1789633728838514688,3812344955316601
2,0,5849,1789633728838523904,3812344955326153
2,0,5850,1789633728838534144,3812344955335704
2,0,5851,1789633728838543360,3812344955345278
2,0,5852,1789633728838552576,3812344955354855
2,0,5853,1789633728838562816,3812344955364418
2,0,5854,1789633728838572032,3812344955374025
2,0,5855,1789633728838581248,3812344955383624
2,0,5856,1789633728838591488,3812344955393173
2,0,5857,1789633728838600704,3812344955402711
2,0,5858,1789633728838609920,3812344955412306
2,0,5859,1789633728838620160,3812344955421935
2,0,5860,1789633728838629376,3812344955431488
2,0,5861,1789633728838639616,3812344955441038
2,0,5862,1789633728838648832,3812344955450628
2,0,5863,1789633728838658048,3812344955460216
2,0,5864,1789633728838668288,3812344955469763
2,0,5865,1789633728838677504,3812344955479353
2,0,5866,1789633728838686720,3812344955488963
2,0,5867,1789633728838696960,3812344955498504
2,0,5868,1789633728838706176,3812344955508048
2,0,5869,1789633728838715392,3812344955517626
2,0,5870,1789633728838725632,3812344955527293
2,0,5871,1789633728838734848,3812344955536828
2,0,5872,1789633728838744064,3812344955546413
2,0,5873,1789633728838754304,3812344955555975
2,0,5874,1789633728838763520,3812344955565575
2,0,5875,1789633728838773760,3812344955575145
2,0,5876,1789633728838782976,3812344955584723
2,0,5877,1789633728838792192,3812344955594293
2,0,5878,1789633728838802432,3812344955603864
2,0,5879,1789633728838811648,3812344955613478
2,0,5880,1789633728838820864,3812344955623064
2,0,5881,1789633728838831104,3812344955632711
2,0,5882,1789633728838840320,3812344955642393
2,0,5883,1789633728838850560,3812344955652138
2,0,5884,1789633728838859776,3812344955661911
2,0,5885,1789633728838870016,3812344955671661
2,0,5886,1789633728838879232,3812344955681406
2,0,5887,1789633728838889472,3812344955691198
2,0,5888,1789633728838898688,3812344955700913
2,0,5889,1789633728838908928,3812344955710675
2,0,5890,1789633728838918144,3812344955720443
2,0,5891,1789633728838928384,3812344955730211
2,0,5892,1789633728838937600,3812344955739921
2,0,5893,1789633728838947840,3812344955749473
2,0,5894,1789633728838957056,3812344955759028
2,0,5895,1789633728838966272,3812344955768624
2,0,5896,1789633728838976512,3812344955778193
2,0,5897,1789633728838985728,3812344955787763
2,0,5898,1789633728838994944,3812344955797346
2,0,5899,1789633728839005184,3812344955806916
2,0,5900,1789633728839014400,3812344955816471
2,0,5901,1789633728839024640,3812344955826028
2,0,5902,1789633728839033856,3812344955835575
2,0,5903,1789633728839043072,3812344955845273
2,0,5904,1789633728839053312,3812344955855076
2,0,5905,1789633728839062528,3812344955864773
2,0,5906,1789633728839072768,3812344955874336
2,0,5907,1789633728839081984,3812344955883886
2,0,5908,1789633728839091200,3812344955893495
2,0,5909,1789633728839101440,3812344955903066
2,0,5910,1789633728839110656,3812344955912653
2,0,5911,1789633728839119872,3812344955922221
2,0,5912,1789633728839130112,3812344955931793
2,0,5913,1789633728839139328,3812344955941338
2,0,5914,1789633728839148544,3812344955950911
2,0,5915,1789633728839158784,3812344955960464
2,0,5916,1789633728839168000,3812344955970138
2,0,5917,1789633728839178240,3812344955979885
2,0,5918,1789633728839187456,3812344955989436
2,0,5919,1789633728839196672,3812344955999005
2,0,5920,1789633728839206912,3812344956008575
2,0,5921,1789633728839216128,3812344956018163
2,0,5922,1789633728839225344,3812344956027725
2,0,5923,1789633728839235584,3812344956037304
2,0,5924,1789633728839244800,3812344956046904
2,0,5925,1789633728839255040,3812344956056435
2,0,5926,1789633728839264256,3812344956065981
2,0,5927,1789633728839273472,3812344956075553
2,0,5928,1789633728839283712,3812344956085224
2,0,5929,1789633728839292928,3812344956095003
2,0,5930,1789633728839303168,3812344956104768
2,0,5931,1789633728839312384,3812344956114497
2,0,5932,1789633728839322624,3812344956124048
2,0,5933,1789633728839331840,3812344956133603
2,0,5934,1789633728839341056,3812344956143161
2,0,5935,1789633728839351296,3812344956152765
2,0,5936,1789633728839360512,3812344956162335
2,0,5937,1789633728839369728,3812344956171928
2,0,5938,1789633728839379968,3812344956181498
2,0,5939,1789633728839389184,3812344956191031
2,0,5940,1789633728839398400,3812344956200586
2,0,5941,1789633728839408640,3812344956210185
2,0,5942,1789633728839417856,3812344956219831
2,0,5943,1789633728839427072,3812344956229388
2,0,5944,1789633728839437312,3812344956238963
2,0,5945,1789633728839446528,3812344956248515
2,0,5946,1789633728839455744,3812344956258088
2,0,5947,1789633728839465984,3812344956267661
2,0,5948,1789633728839475200,3812344956277256
2,0,5949,1789633728839484416,3812344956286851
2,0,5950,1789633728839494656,3812344956296406
2,0,5951,1789633728839503872,3812344956305953
2,0,5952,1789633728839514112,3812344956315523
2,0,5953,1789633728839523328,3812344956325186
2,0,5954,1789633728839532544,3812344956334736
2,0,5955,1789633728839542784,3812344956344265
2,0,5956,1789633728839552000,3812344956353879
2,0,5957,1789633728839561216,3812344956363498
2,0,5958,1789633728839571456,3812344956373080
2,0,5959,1789633728839580672,3812344956382648
2,0,5960,1789633728839589888,3812344956392225
2,0,5961,1789633728839600128,3812344956401788
2,0,5962,1789633728839609344,3812344956411331
2,0,5963,1789633728839618560,3812344956420875
2,0,5964,1789633728839628800,3812344956430513
2,0,5965,1789633728839638016,3812344956440293
2,0,5966,1789633728839648256,3812344956450013
2,0,5967,1789633728839657472,3812344956459781
2,0,5968,1789633728839667712,3812344956469544
2,0,5969,1789633728839676928,3812344956479310
2,0,5970,1789633728839687168,3812344956489068
2,0,5971,1789633728839696384,3812344956498825
2,0,5972,1789633728839706624,3812344956508585
2,0,5973,1789633728839715840,3812344956518315
2,0,5974,1789633728839726080,3812344956527875
2,0,5975,1789633728839735296,3812344956537428
2,0,5976,1789633728839745536,3812344956546995
2,0,5977,1789633728839754752,3812344956556528
2,0,5978,1789633728839763968,3812344956566136
2,0,5979,1789633728839774208,3812344956575713
2,0,5980,1789633728839783424,3812344956585261
2,0,5981,1789633728839792640,3812344956594821
2,0,5982,1789633728839802880,3812344956604360
2,0,5983,1789633728839812096,3812344956613978
2,0,5984,1789633728839821312,3812344956623653
2,0,5985,1789633728839831552,3812344956633443
2,0,5986,1789633728839840768,3812344956643185
2,0,5987,1789633728839851008,3812344956652944
2,0,5988,1789633728839860224,3812344956662666
2,0,5989,1789633728839870464,3812344956672464
2,0,5990,1789633728839879680,3812344956682184
2,0,5991,1789633728839889920,3812344956691809
2,0,5992,1789633728839899136,3812344956701285
2,0,5993,1789633728839909376,3812344956710871
2,0,5994,1789633728839918592,3812344956720464
2,0,5995,1789633728839927808,3812344956730045
2,0,5996,1789633728839938048,3812344956739628
2,0,5997,1789633728839947264,3812344956749188
2,0,5998,1789633728839956480,3812344956758760
2,0,5999,1789633728839966720,3812344956768304
2,0,6000,1789633728839975936,3812344956777853
2,0,6001,1789633728839985152,3812344956787525
2,0,6002,1789633728839995392,3812344956797293
2,0,6003,1789633728840004608,3812344956806885
2,0,6004,1789633728840014848,3812344956816478
2,0,6005,1789633728840024064,3812344956826071
2,0,6006,1789633728840033280,3812344956835655
2,0,6007,1789633728840043520,3812344956845225
2,0,6008,1789633728840052736,3812344956854795
2,0,6009,1789633728840061952,3812344956864366
2,0,6010,1789633728840072192,3812344956873926
2,0,6011,1789633728840081408,3812344956883475
2,0,6012,1789633728840091648,3812344956893038
2,0,6013,1789633728840100864,3812344956902721
2,0,6014,1789633728840110080,3812344956912384
2,0,6015,1789633728840120320,3812344956922138
2,0,6016,1789633728840129536,3812344956931913
2,0,6017,1789633728840139776,3812344956941624
2,0,6018,1789633728840148992,3812344956951435
2,0,6019,1789633728840159232,3812344956961154
2,0,6020,1789633728840168448,3812344956970715
2,0,6021,1789633728840178688,3812344956980256
2,0,6022,1789633728840187904,3812344956989824
2,0,6023,1789633728840197120,3812344956999404
2,0,6024,1789633728840207360,3812344957008988
2,0,6025,1789633728840216576,3812344957018573
2,0,6026,1789633728840225792,3812344957028163
2,0,6027,1789633728840236032,3812344957037718
2,0,6028,1789633728840245248,3812344957047265
2,0,6029,1789633728840254464,3812344957056820
2,0,6030,1789633728840264704,3812344957066505
2,0,6031,1789633728840273920,3812344957076275
2,0,6032,1789633728840284160,3812344957086005
2,0,6033,1789633728840293376,3812344957095553
2,0,6034,1789633728840303616,3812344957105110
2,0,6035,1789633728840312832,3812344957114693
2,0,6036,1789633728840322048,3812344957124285
2,0,6037,1789633728840332288,3812344957133860
2,0,6038,1789633728840341504,3812344957143493
2,0,6039,1789633728840350720,3812344957153085
2,0,6040,1789633728840360960,3812344957162635
2,0,6041,1789633728840370176,3812344957172181
2,0,6042,1789633728840379392,3812344957181811
2,0,6043,1789633728840389632,3812344957191455
2,0,6044,1789633728840398848,3812344957201085
2,0,6045,1789633728840409088,3812344957210883
2,0,6046,1789633728840418304,3812344957220611
2,0,6047,1789633728840428544,3812344957230135
2,0,6048,1789633728840437760,3812344957239704
2,0,6049,1789633728840446976,3812344957249294
2,0,6050,1789633728840457216,3812344957258885
2,0,6051,1789633728840466432,3812344957268465
2,0,6052,1789633728840475648,3812344957278038
2,0,6053,1789633728840485888,3812344957287628
2,0,6054,1789633728840495104,3812344957297195
2,0,6055,1789633728840505344,3812344957306745
2,0,6056,1789633728840514560,3812344957316293
2,0,6057,1789633728840523776,3812344957325937
2,0,6058,1789633728840534016,3812344957335755
2,0,6059,1789633728840543232,3812344957345490
2,0,6060,1789633728840553472,3812344957355218
2,0,6061,1789633728840562688,3812344957364973
2,0,6062,1789633728840572928,3812344957374758
2,0,6063,1789633728840582144,3812344957384473
2,0,6064,1789633728840592384,3812344957394251
2,0,6065,1789633728840601600,3812344957404013
2,0,6066,1789633728840611840,3812344957413751
2,0,6067,1789633728840621056,3812344957423515
2,0,6068,1789633728840631296,3812344957433255
2,0,6069,1789633728840640512,3812344957443025
2,0,6070,1789633728840650752,3812344957452785
2,0,6071,1789633728840659968,3812344957462513
2,0,6072,1789633728840670208,3812344957472291
2,0,6073,1789633728840680448,3812344957482043
2,0,6074,1789633728840689664,3812344957491798
2,0,6075,1789633728840699904,3812344957501513
2,0,6076,1789633728840709120,3812344957511311
2,0,6077,1789633728840719360,3812344957521044
2,0,6078,1789633728840728576,3812344957530793
2,0,6079,1789633728840738816,3812344957540598
2,0,6080,1789633728840748032,3812344957550335
2,0,6081,1789633728840758272,3812344957560097
2,0,6082,1789633728840767488,3812344957569795
2,0,6083,1789633728840777728,3812344957581778
2,0,6084,1789633728840786944,3812344957588925
2,0,6085,1789633728840796160,3812344957598505
2,0,6086,1789633728840806400,3812344957608088
2,0,6087,1789633728840815616,3812344957617673
2,0,6088,1789633728840824832,3812344957627256
2,0,6089,1789633728840835072,3812344957636828
2,0,6090,1789633728840844288,3812344957646353
2,0,6091,1789633728840854528,3812344957655926
2,0,6092,1789633728840863744,3812344957665547
2,0,6093,1789633728840872960,3812344957675285
2,0,6094,1789633728840883200,3812344957684904
2,0,6095,1789633728840892416,3812344957694653
2,0,6096,1789633728840902656,3812344957704211
2,0,6097,1789633728840911872,3812344957713761
2,0,6098,1789633728840921088,3812344957723355
2,0,6099,1789633728840931328,3812344957732923
2,0,6100,1789633728840940544,3812344957742518
2,0,6101,1789633728840949760,3812344957752111
2,0,6102,1789633728840960000,3812344957761683
2,0,6103,1789633728840969216,3812344957771228
2,0,6104,1789633728840978432,3812344957780779
2,0,6105,1789633728840988672,3812344957790351
2,0,6106,1789633728840997888,3812344957800013
2,0,6107,1789633728841008128,3812344957809775
2,0,6108,1789633728841017344,3812344957819555
2,0,6109,1789633728841027584,3812344957829277
2,0,6110,1789633728841036800,3812344957838826
2,0,6111,1789633728841046016,3812344957848373
2,0,6112,1789633728841056256,3812344957857966
2,0,6113,1789633728841065472,3812344957867535
2,0,6114,1789633728841074688,3812344957877126
2,0,6115,1789633728841084928,3812344957886704
2,0,6116,1789633728841094144,3812344957896295
2,0,6117,1789633728841104384,3812344957905845
2,0,6118,1789633728841113600,3812344957915394
2,0,6119,1789633728841122816,3812344957924961
2,0,6120,1789633728841133056,3812344957934624
2,0,6121,1789633728841142272,3812344957944396
2,0,6122,1789633728841152512,3812344957954123
2,0,6123,1789633728841161728,3812344957963913
2,0,6124,1789633728841171968,3812344957973635
2,0,6125,1789633728841181184,3812344957983415
2,0,6126,1789633728841191424,3812344957993137
2,0,6127,1789633728841200640,3812344958002925
2,0,6128,1789633728841210880,3812344958012646
2,0,6129,1789633728841220096,3812344958022194
2,0,6130,1789633728841230336,3812344958031810
2,0,6131,1789633728841239552,3812344958041345
2,0,6132,1789633728841248768,3812344958050901
2,0,6133,1789633728841259008,3812344958060504
2,0,6134,1789633728841268224,3812344958070091
2,0,6135,1789633728841277440,3812344958079643
2,0,6136,1789633728841287680,3812344958089231
2,0,6137,1789633728841296896,3812344958098785
2,0,6138,1789633728841306112,3812344958108358
2,0,6139,1789633728841316352,3812344958117986
2,0,6140,1789633728841325568,3812344958127746
2,0,6141,1789633728841335808,3812344958137294
2,0,6142,1789633728841345024,3812344958146875
2,0,6143,1789633728841354240,3812344958156443
2,0,6144,1789633728841364480,3812344958166030
2,0,6145,1789633728841373696,3812344958175613
2,0,6146,1789633728841382912,3812344958185197
2,0,6147,1789633728841393152,3812344958194775
2,0,6148,1789633728841402368,3812344958204323
2,0,6149,1789633728841411584,3812344958213864
2,0,6150,1789633728841421824,3812344958223493
2,0,6151,1789633728841431040,3812344958233196
2,0,6152,1789633728841441280,3812344958242864
2,0,6153,1789633728841450496,3812344958252588
2,0,6154,1789633728841460736,3812344958262385
2,0,6155,1789633728841469952,3812344958272115
2,0,6156,1789633728841480192,3812344958281883
2,0,6157,1789633728841489408,3812344958291624
2,0,6158,1789633728841499648,3812344958301157
2,0,6159,1789633728841508864,3812344958310737
2,0,6160,1789633728841518080,3812344958320315
2,0,6161,1789633728841528320,3812344958329893
2,0,6162,1789633728841537536,3812344958339487
2,0,6163,1789633728841546752,3812344958349071
2,0,6164,1789633728841556992,3812344958358628
2,0,6165,1789633728841566208,3812344958368185
2,0,6166,1789633728841575424,3812344958377738
2,0,6167,1789633728841585664,3812344958387315
2,0,6168,1789633728841594880,3812344958396953
2,0,6169,1789633728841604096,3812344958406735
2,0,6170,1789633728841614336,3812344958416460
2,0,6171,1789633728841624576,3812344958426235
2,0,6172,1789633728841633792,3812344958436005
2,0,6173,1789633728841644032,3812344958445736
2,0,6174,1789633728841653248,3812344958455515
2,0,6175,1789633728841663488,3812344958465245
2,0,6176,1789633728841672704,3812344958475013
2,0,6177,1789633728841682944,3812344958484746
2,0,6178,1789633728841692160,3812344958494287
2,0,6179,1789633728841702400,3812344958503827
2,0,6180,1789633728841711616,3812344958513488
2,0,6181,1789633728841720832,3812344958523055
2,0,6182,1789633728841731072,3812344958532643
2,0,6183,1789633728841740288,3812344958542186
2,0,6184,1789633728841749504,3812344958551808
2,0,6185,1789633728841759744,3812344958561293
2,0,6186,1789633728841768960,3812344958570845
2,0,6187,1789633728841778176,3812344958580435
2,0,6188,1789633728841788416,3812344958590111
2,0,6189,1789633728841797632,3812344958599873
2,0,6190,1789633728841807872,3812344958609590
2,0,6191,1789633728841817088,3812344958619387
2,0,6192,1789633728841827328,3812344958629093
2,0,6193,1789633728841836544,3812344958638664
2,0,6194,1789633728841846784,3812344958648215
2,0,6195,1789633728841856000,3812344958657787
2,0,6196,1789633728841865216,3812344958667373
2,0,6197,1789633728841875456,3812344958676967
2,0,6198,1789633728841884672,3812344958686544
2,0,6199,1789633728841893888,3812344958696123
2,0,6200,1789633728841904128,3812344958705677
2,0,6201,1789633728841913344,3812344958715255
2,0,6202,1789633728841922560,3812344958724793
2,0,6203,1789633728841932800,3812344958734450
2,0,6204,1789633728841942016,3812344958744215
2,0,6205,1789633728841952256,3812344958753764
2,0,6206,1789633728841961472,3812344958763311
2,0,6207,1789633728841970688,3812344958772904
2,0,6208,1789633728841980928,3812344958782473
2,0,6209,1789633728841990144,3812344958792015
2,0,6210,1789633728841999360,3812344958801605
2,0,6211,1789633728842009600,3812344958811147
2,0,6212,1789633728842018816,3812344958820736
2,0,6213,1789633728842028032,3812344958830297
2,0,6214,1789633728842038272,3812344958839894
2,0,6215,1789633728842047488,3812344958849555
2,0,6216,1789633728842056704,3812344958859344
2,0,6217,1789633728842066944,3812344958869064
2,0,6218,1789633728842077184,3812344958878818
2,0,6219,1789633728842086400,3812344958888576
2,0,6220,1789633728842096640,3812344958898336
2,0,6221,1789633728842105856,3812344958908085
2,0,6222,1789633728842116096,3812344958917864
2,0,6223,1789633728842125312,3812344958927578
2,0,6224,1789633728842135552,3812344958937118
2,0,6225,1789633728842144768,3812344958946694
2,0,6226,1789633728842153984,3812344958956285
2,0,6227,1789633728842164224,3812344958965868
2,0,6228,1789633728842173440,3812344958975456
2,0,6229,1789633728842182656,3812344958985046
2,0,6230,1789633728842192896,3812344958994585
2,0,6231,1789633728842202112,3812344959004160
2,0,6232,1789633728842211328,3812344959013710
2,0,6233,1789633728842221568,3812344959023295
2,0,6234,1789633728842230784,3812344959032936
2,0,6235,1789633728842241024,3812344959042704
2,0,6236,1789633728842250240,3812344959052435
2,0,6237,1789633728842260480,3812344959062210
2,0,6238,1789633728842269696,3812344959071960
2,0,6239,1789633728842279936,3812344959081704
2,0,6240,1789633728842289152,3812344959091256
2,0,6241,1789633728842298368,3812344959100806
2,0,6242,1789633728842308608,3812344959110390
2,0,6243,1789633728842317824,3812344959119977
2,0,6244,1789633728842328064,3812344959129540
2,0,6245,1789633728842337280,3812344959139145
2,0,6246,1789633728842346496,3812344959148725
2,0,6247,1789633728842356736,3812344959158317
2,0,6248,1789633728842365952,3812344959167860
2,0,6249,1789633728842375168,3812344959177403
2,0,6250,1789633728842385408,3812344959187048
2,0,6251,1789633728842394624,3812344959196588
2,0,6252,1789633728842403840,3812344959206156
2,0,6253,1789633728842414080,3812344959215730
2,0,6254,1789633728842423296,3812344959225325
2,0,6255,1789633728842432512,3812344959234920
2,0,6256,1789633728842442752,3812344959244507
2,0,6257,1789633728842451968,3812344959254060
2,0,6258,1789633728842461184,3812344959263610
2,0,6259,1789633728842471424,3812344959273153
2,0,6260,1789633728842480640,3812344959282758
2,0,6261,1789633728842489856,3812344959292393
2,0,6262,1789633728842500096,3812344959302160
2,0,6263,1789633728842509312,3812344959311900
2,0,6264,1789633728842519552,3812344959321677
2,0,6265,1789633728842529792,3812344959331410
2,0,6266,1789633728842539008,3812344959341165
2,0,6267,1789633728842549248,3812344959350935
2,0,6268,1789633728842558464,3812344959360665
2,0,6269,1789633728842568704,3812344959370460
2,0,6270,1789633728842577920,3812344959380186
2,0,6271,1789633728842588160,3812344959389960
2,0,6272,1789633728842597376,3812344959399686
2,0,6273,1789633728842607616,3812344959409243
2,0,6274,1789633728842616832,3812344959418797
2,0,6275,1789633728842626048,3812344959428385
2,0,6276,1789633728842636288,3812344959437975
2,0,6277,1789633728842645504,3812344959447553
2,0,6278,1789633728842654720,3812344959457138
2,0,6279,1789633728842664960,3812344959466706
2,0,6280,1789633728842674176,3812344959476275
2,0,6281,1789633728842683392,3812344959485835
2,0,6282,1789633728842693632,3812344959495385
2,0,6283,1789633728842702848,3812344959505033
2,0,6284,1789633728842713088,3812344959514797
2,0,6285,1789633728842722304,3812344959524575
2,0,6286,1789633728842732544,3812344959534310
2,0,6287,1789633728842741760,3812344959543860
2,0,6288,1789633728842750976,3812344959553491
2,0,6289,1789633728842761216,3812344959563030
2,0,6290,1789633728842770432,3812344959572608
2,0,6291,1789633728842780672,3812344959582185
2,0,6292,1789633728842789888,3812344959591810
2,0,6293,1789633728842799104,3812344959601338
2,0,6294,1789633728842809344,3812344959610887
2,0,6295,1789633728842818560,3812344959620464
2,0,6296,1789633728842827776,3812344959630013
2,0,6297,1789633728842838016,3812344959639745
2,0,6298,1789633728842847232,3812344959649398
2,0,6299,1789633728842857472,3812344959659155
2,0,6300,1789633728842866688,3812344959668700
2,0,6301,1789633728842875904,3812344959678253
2,0,6302,1789633728842886144,3812344959687846
2,0,6303,1789633728842895360,3812344959697403
2,0,6304,1789633728842904576,3812344959706986
2,0,6305,1789633728842914816,3812344959716548
2,0,6306,1789633728842924032,3812344959726110
2,0,6307,1789633728842933248,3812344959735643
2,0,6308,1789633728842943488,3812344959745213
2,0,6309,1789633728842952704,3812344959754827
2,0,6310,1789633728842962944,3812344959764504
2,0,6311,1789633728842972160,3812344959774053
2,0,6312,1789633728842981376,3812344959783664
2,0,6313,1789633728842991616,3812344959793243
2,0,6314,1789633728843000832,3812344959802830
2,0,6315,1789633728843010048,3812344959812413
2,0,6316,1789633728843020288,3812344959822005
2,0,6317,1789633728843029504,3812344959831553
2,0,6318,1789633728843038720,3812344959841098
2,0,6319,1789633728843048960,3812344959850645
2,0,6320,1789633728843058176,3812344959860187
2,0,6321,1789633728843067392,3812344959869840
2,0,6322,1789633728843077632,3812344959879636
2,0,6323,1789633728843086848,3812344959889355
2,0,6324,1789633728843097088,3812344959899125
2,0,6325,1789633728843106304,3812344959908698
2,0,6326,1789633728843116544,3812344959918246
2,0,6327,1789633728843125760,3812344959927836
2,0,6328,1789633728843134976,3812344959937403
2,0,6329,1789633728843145216,3812344959946990
2,0,6330,1789633728843154432,3812344959956577
2,0,6331,1789633728843164672,3812344959966148
2,0,6332,1789633728843173888,3812344959975710
2,0,6333,1789633728843183104,3812344959985277
2,0,6334,1789633728843193344,3812344959994813
2,0,6335,1789633728843202560,3812344960004464
2,0,6336,1789633728843211776,3812344960014240
2,0,6337,1789633728843222016,3812344960023957
2,0,6338,1789633728843231232,3812344960033735
2,0,6339,1789633728843241472,3812344960043488
2,0,6340,1789633728843250688,3812344960053240
2,0,6341,1789633728843260928,3812344960062960
2,0,6342,1789633728843270144,3812344960072766
2,0,6343,1789633728843280384,3812344960082480
2,0,6344,1789633728843289600,3812344960092255
2,0,6345,1789633728843299840,3812344960101993
2,0,6346,1789633728843310080,3812344960111807
2,0,6347,1789633728843319296,3812344960121504
2,0,6348,1789633728843329536,3812344960131053
2,0,6349,1789633728843338752,3812344960140595
2,0,6350,1789633728843347968,3812344960150188
2,0,6351,1789633728843358208,3812344960159778
2,0,6352,1789633728843367424,3812344960169360
2,0,6353,1789633728843376640,3812344960178956
2,0,6354,1789633728843386880,3812344960188513
2,0,6355,1789633728843396096,3812344960198070
2,0,6356,1789633728843405312,3812344960207617
2,0,6357,1789633728843415552,3812344960217187
2,0,6358,1789633728843424768,3812344960226835
2,0,6359,1789633728843433984,3812344960236605
2,0,6360,1789633728843444224,3812344960246153
2,0,6361,1789633728843453440,3812344960255723
2,0,6362,1789633728843463680,3812344960265287
2,0,6363,1789633728843472896,3812344960274877
2,0,6364,1789633728843482112,3812344960284463
2,0,6365,1789633728843492352,3812344960294047
2,0,6366,1789633728843501568,3812344960303635
2,0,6367,1789633728843510784,3812344960313186
2,0,6368,1789633728843521024,3812344960322727
2,0,6369,1789633728843530240,3812344960332290
2,0,6370,1789633728843539456,3812344960341960
