schema_version,trial,sample,gpu_ns,cpu_observed_ns
2,0,0,1789633746060380160,3812362177501070
2,0,1,1789633746060391424,3812362177511923
2,0,2,1789633746060402688,3812362177522725
2,0,3,1789633746060412928,3812362177533583
2,0,4,1789633746060424192,3812362177544448
2,0,5,1789633746060435456,3812362177555433
2,0,6,1789633746060445696,3812362177566290
2,0,7,1789633746060456960,3812362177577136
2,0,8,1789633746060468224,3812362177587890
2,0,9,1789633746060478464,3812362177598750
2,0,10,1789633746060489728,3812362177618480
2,0,11,1789633746060499968,3812362177620360
2,0,12,1789633746060511232,3812362177631183
2,0,13,1789633746060521472,3812362177642050
2,0,14,1789633746060532736,3812362177652916
2,0,15,1789633746060544000,3812362177663763
2,0,16,1789633746060554240,3812362177674610
2,0,17,1789633746060565504,3812362177685373
2,0,18,1789633746060575744,3812362177696260
2,0,19,1789633746060587008,3812362177707060
2,0,20,1789633746060598272,3812362177717945
2,0,21,1789633746060608512,3812362177728873
2,0,22,1789633746060619776,3812362177739750
2,0,23,1789633746060630016,3812362177750610
2,0,24,1789633746060641280,3812362177761385
2,0,25,1789633746060652544,3812362177772266
2,0,26,1789633746060662784,3812362177783126
2,0,27,1789633746060674048,3812362177793993
2,0,28,1789633746060684288,3812362177804750
2,0,29,1789633746060695552,3812362177815600
2,0,30,1789633746060705792,3812362177826608
2,0,31,1789633746060717056,3812362177837470
2,0,32,1789633746060728320,3812362177848210
2,0,33,1789633746060738560,3812362177859070
2,0,34,1789633746060749824,3812362177869936
2,0,35,1789633746060761088,3812362177880720
2,0,36,1789633746060771328,3812362177891513
2,0,37,1789633746060782592,3812362177902393
2,0,38,1789633746060792832,3812362177913170
2,0,39,1789633746060804096,3812362177924077
2,0,40,1789633746060814336,3812362177935133
2,0,41,1789633746060825600,3812362177946017
2,0,42,1789633746060836864,3812362177956893
2,0,43,1789633746060847104,3812362177967616
2,0,44,1789633746060858368,3812362177978337
2,0,45,1789633746060868608,3812362177989056
2,0,46,1789633746060879872,3812362177999771
2,0,47,1789633746060890112,3812362178010500
2,0,48,1789633746060901376,3812362178021256
2,0,49,1789633746060911616,3812362178032060
2,0,50,1789633746060922880,3812362178042957
2,0,51,1789633746060934144,3812362178053696
2,0,52,1789633746060944384,3812362178064537
2,0,53,1789633746060955648,3812362178075288
2,0,54,1789633746060965888,3812362178086008
2,0,55,1789633746060977152,3812362178096757
2,0,56,1789633746060987392,3812362178107493
2,0,57,1789633746060998656,3812362178118233
2,0,58,1789633746061008896,3812362178128937
2,0,59,1789633746061019136,3812362178139690
2,0,60,1789633746061030400,3812362178150405
2,0,61,1789633746061040640,3812362178161070
2,0,62,1789633746061051904,3812362178171777
2,0,63,1789633746061062144,3812362178182548
2,0,64,1789633746061073408,3812362178193256
2,0,65,1789633746061083648,3812362178204037
2,0,66,1789633746061094912,3812362178214759
2,0,67,1789633746061105152,3812362178225539
2,0,68,1789633746061116416,3812362178236228
2,0,69,1789633746061126656,3812362178246993
2,0,70,1789633746061137920,3812362178257697
2,0,71,1789633746061148160,3812362178268452
2,0,72,1789633746061159424,3812362178279186
2,0,73,1789633746061169664,3812362178289935
2,0,74,1789633746061180928,3812362178300632
2,0,75,1789633746061191168,3812362178311381
2,0,76,1789633746061202432,3812362178322080
2,0,77,1789633746061212672,3812362178332847
2,0,78,1789633746061223936,3812362178343568
2,0,79,1789633746061234176,3812362178354334
2,0,80,1789633746061245440,3812362178365079
2,0,81,1789633746061255680,3812362178375841
2,0,82,1789633746061266944,3812362178386557
2,0,83,1789633746061277184,3812362178397306
2,0,84,1789633746061288448,3812362178408037
2,0,85,1789633746061298688,3812362178418774
2,0,86,1789633746061309952,3812362178429540
2,0,87,1789633746061320192,3812362178440268
2,0,88,1789633746061331456,3812362178450988
2,0,89,1789633746061341696,3812362178461741
2,0,90,1789633746061352960,3812362178472526
2,0,91,1789633746061363200,3812362178483230
2,0,92,1789633746061374464,3812362178493983
2,0,93,1789633746061384704,3812362178504701
2,0,94,1789633746061394944,3812362178515397
2,0,95,1789633746061406208,3812362178526106
2,0,96,1789633746061416448,3812362178536814
2,0,97,1789633746061427712,3812362178547588
2,0,98,1789633746061437952,3812362178558297
2,0,99,1789633746061449216,3812362178569043
2,0,100,1789633746061459456,3812362178579780
2,0,101,1789633746061470720,3812362178590590
2,0,102,1789633746061480960,3812362178601328
2,0,103,1789633746061492224,3812362178612099
2,0,104,1789633746061502464,3812362178622808
2,0,105,1789633746061513728,3812362178633574
2,0,106,1789633746061523968,3812362178644294
2,0,107,1789633746061535232,3812362178655015
2,0,108,1789633746061545472,3812362178665708
2,0,109,1789633746061556736,3812362178676506
2,0,110,1789633746061566976,3812362178687232
2,0,111,1789633746061578240,3812362178697950
2,0,112,1789633746061588480,3812362178708666
2,0,113,1789633746061599744,3812362178719392
2,0,114,1789633746061609984,3812362178730163
2,0,115,1789633746061621248,3812362178740879
2,0,116,1789633746061631488,3812362178751639
2,0,117,1789633746061642752,3812362178762368
2,0,118,1789633746061652992,3812362178773103
2,0,119,1789633746061664256,3812362178783797
2,0,120,1789633746061674496,3812362178794579
2,0,121,1789633746061685760,3812362178805277
2,0,122,1789633746061696000,3812362178816010
2,0,123,1789633746061706240,3812362178826726
2,0,124,1789633746061717504,3812362178837468
2,0,125,1789633746061727744,3812362178848161
2,0,126,1789633746061739008,3812362178858850
2,0,127,1789633746061749248,3812362178869535
2,0,128,1789633746061760512,3812362178880299
2,0,129,1789633746061770752,3812362178891033
2,0,130,1789633746061782016,3812362178901712
2,0,131,1789633746061792256,3812362178912528
2,0,132,1789633746061803520,3812362178923266
2,0,133,1789633746061813760,3812362178934021
2,0,134,1789633746061825024,3812362178944766
2,0,135,1789633746061835264,3812362178955510
2,0,136,1789633746061846528,3812362178966219
2,0,137,1789633746061856768,3812362178976953
2,0,138,1789633746061868032,3812362178987717
2,0,139,1789633746061878272,3812362178998466
2,0,140,1789633746061889536,3812362179009159
2,0,141,1789633746061899776,3812362179019917
2,0,142,1789633746061911040,3812362179030630
2,0,143,1789633746061921280,3812362179041379
2,0,144,1789633746061932544,3812362179052050
2,0,145,1789633746061942784,3812362179062782
2,0,146,1789633746061953024,3812362179073510
2,0,147,1789633746061964288,3812362179084241
2,0,148,1789633746061974528,3812362179094986
2,0,149,1789633746061985792,3812362179105716
2,0,150,1789633746061996032,3812362179116468
2,0,151,1789633746062007296,3812362179127228
2,0,152,1789633746062017536,3812362179137990
2,0,153,1789633746062028800,3812362179148757
2,0,154,1789633746062039040,3812362179159506
2,0,155,1789633746062050304,3812362179170208
2,0,156,1789633746062060544,3812362179180983
2,0,157,1789633746062071808,3812362179191668
2,0,158,1789633746062082048,3812362179202557
2,0,159,1789633746062093312,3812362179213383
2,0,160,1789633746062104576,3812362179224159
2,0,161,1789633746062114816,3812362179234946
2,0,162,1789633746062126080,3812362179245710
2,0,163,1789633746062136320,3812362179256421
2,0,164,1789633746062147584,3812362179267199
2,0,165,1789633746062157824,3812362179277946
2,0,166,1789633746062169088,3812362179288686
2,0,167,1789633746062179328,3812362179299421
2,0,168,1789633746062190592,3812362179310175
2,0,169,1789633746062200832,3812362179320906
2,0,170,1789633746062212096,3812362179331646
2,0,171,1789633746062222336,3812362179342388
2,0,172,1789633746062232576,3812362179353090
2,0,173,1789633746062243840,3812362179363833
2,0,174,1789633746062254080,3812362179374603
2,0,175,1789633746062265344,3812362179385348
2,0,176,1789633746062275584,3812362179396086
2,0,177,1789633746062286848,3812362179406821
2,0,178,1789633746062297088,3812362179417597
2,0,179,1789633746062308352,3812362179428290
2,0,180,1789633746062318592,3812362179439021
2,0,181,1789633746062329856,3812362179449715
2,0,182,1789633746062340096,3812362179460461
2,0,183,1789633746062351360,3812362179471167
2,0,184,1789633746062361600,3812362179481903
2,0,185,1789633746062372864,3812362179492619
2,0,186,1789633746062383104,3812362179503366
2,0,187,1789633746062394368,3812362179514068
2,0,188,1789633746062404608,3812362179524843
2,0,189,1789633746062415872,3812362179535590
2,0,190,1789633746062426112,3812362179546330
2,0,191,1789633746062437376,3812362179557028
2,0,192,1789633746062447616,3812362179567777
2,0,193,1789633746062458880,3812362179578517
2,0,194,1789633746062469120,3812362179589263
2,0,195,1789633746062480384,3812362179599948
2,0,196,1789633746062490624,3812362179610706
2,0,197,1789633746062501888,3812362179621397
2,0,198,1789633746062512128,3812362179632148
2,0,199,1789633746062522368,3812362179642837
2,0,200,1789633746062533632,3812362179653583
2,0,201,1789633746062543872,3812362179664319
2,0,202,1789633746062555136,3812362179675079
2,0,203,1789633746062565376,3812362179685817
2,0,204,1789633746062576640,3812362179696541
2,0,205,1789633746062586880,3812362179707301
2,0,206,1789633746062598144,3812362179718069
2,0,207,1789633746062608384,3812362179728837
2,0,208,1789633746062619648,3812362179739615
2,0,209,1789633746062629888,3812362179750375
2,0,210,1789633746062641152,3812362179761148
2,0,211,1789633746062651392,3812362179771859
2,0,212,1789633746062662656,3812362179782610
2,0,213,1789633746062672896,3812362179793309
2,0,214,1789633746062684160,3812362179804008
2,0,215,1789633746062694400,3812362179814706
2,0,216,1789633746062705664,3812362179825470
2,0,217,1789633746062715904,3812362179836183
2,0,218,1789633746062727168,3812362179846921
2,0,219,1789633746062737408,3812362179857659
2,0,220,1789633746062748672,3812362179868379
2,0,221,1789633746062758912,3812362179879110
2,0,222,1789633746062770176,3812362179889830
2,0,223,1789633746062780416,3812362179900610
2,0,224,1789633746062791680,3812362179911363
2,0,225,1789633746062801920,3812362179922110
2,0,226,1789633746062813184,3812362179932861
2,0,227,1789633746062823424,3812362179943579
2,0,228,1789633746062834688,3812362179954290
2,0,229,1789633746062844928,3812362179964999
2,0,230,1789633746062856192,3812362179975739
2,0,231,1789633746062866432,3812362179986436
2,0,232,1789633746062876672,3812362179997141
2,0,233,1789633746062887936,3812362180007841
2,0,234,1789633746062898176,3812362180018592
2,0,235,1789633746062909440,3812362180029326
2,0,236,1789633746062919680,3812362180040108
2,0,237,1789633746062930944,3812362180050862
2,0,238,1789633746062941184,3812362180061573
2,0,239,1789633746062952448,3812362180072339
2,0,240,1789633746062962688,3812362180083039
2,0,241,1789633746062973952,3812362180093781
2,0,242,1789633746062984192,3812362180104576
2,0,243,1789633746062995456,3812362180115357
2,0,244,1789633746063005696,3812362180126046
2,0,245,1789633746063016960,3812362180136808
2,0,246,1789633746063027200,3812362180147502
2,0,247,1789633746063038464,3812362180158279
2,0,248,1789633746063048704,3812362180168972
2,0,249,1789633746063059968,3812362180179746
2,0,250,1789633746063070208,3812362180190421
2,0,251,1789633746063081472,3812362180201199
2,0,252,1789633746063091712,3812362180211950
2,0,253,1789633746063102976,3812362180222706
2,0,254,1789633746063113216,3812362180233456
2,0,255,1789633746063124480,3812362180244219
2,0,256,1789633746063134720,3812362180255141
2,0,257,1789633746063145984,3812362180265877
2,0,258,1789633746063156224,3812362180276703
2,0,259,1789633746063167488,3812362180287412
2,0,260,1789633746063177728,3812362180298159
2,0,261,1789633746063188992,3812362180308908
2,0,262,1789633746063199232,3812362180319677
2,0,263,1789633746063210496,3812362180330430
2,0,264,1789633746063220736,3812362180341175
2,0,265,1789633746063232000,3812362180351919
2,0,266,1789633746063242240,3812362180362629
2,0,267,1789633746063253504,3812362180373394
2,0,268,1789633746063263744,3812362180384070
2,0,269,1789633746063275008,3812362180394808
2,0,270,1789633746063285248,3812362180405532
2,0,271,1789633746063296512,3812362180416288
2,0,272,1789633746063306752,3812362180426999
2,0,273,1789633746063318016,3812362180437783
2,0,274,1789633746063328256,3812362180448515
2,0,275,1789633746063339520,3812362180459319
2,0,276,1789633746063349760,3812362180470032
2,0,277,1789633746063361024,3812362180480794
2,0,278,1789633746063371264,3812362180491532
2,0,279,1789633746063382528,3812362180502310
2,0,280,1789633746063392768,3812362180513006
2,0,281,1789633746063404032,3812362180523757
2,0,282,1789633746063414272,3812362180534459
2,0,283,1789633746063425536,3812362180545232
2,0,284,1789633746063435776,3812362180555935
2,0,285,1789633746063447040,3812362180566688
2,0,286,1789633746063457280,3812362180577428
2,0,287,1789633746063468544,3812362180588148
2,0,288,1789633746063478784,3812362180598908
2,0,289,1789633746063490048,3812362180609650
2,0,290,1789633746063500288,3812362180620382
2,0,291,1789633746063511552,3812362180631223
2,0,292,1789633746063521792,3812362180641948
2,0,293,1789633746063533056,3812362180652663
2,0,294,1789633746063543296,3812362180663408
2,0,295,1789633746063554560,3812362180674148
2,0,296,1789633746063564800,3812362180684879
2,0,297,1789633746063576064,3812362180695597
2,0,298,1789633746063586304,3812362180706335
2,0,299,1789633746063596544,3812362180717050
2,0,300,1789633746063607808,3812362180727779
2,0,301,1789633746063618048,3812362180738681
2,0,302,1789633746063629312,3812362180750641
2,0,303,1789633746063641600,3812362180761370
2,0,304,1789633746063651840,3812362180772152
2,0,305,1789633746063663104,3812362180782863
2,0,306,1789633746063673344,3812362180793648
2,0,307,1789633746063684608,3812362180804337
2,0,308,1789633746063694848,3812362180815099
2,0,309,1789633746063706112,3812362180825808
2,0,310,1789633746063716352,3812362181487917
2,0,311,1789633746064377856,3812362181498535
2,0,312,1789633746064389120,3812362181509543
2,0,313,1789633746064400384,3812362181520426
2,0,314,1789633746064411648,3812362181531317
2,0,315,1789633746064421888,3812362181542137
2,0,316,1789633746064433152,3812362181553017
2,0,317,1789633746064443392,3812362181563992
2,0,318,1789633746064454656,3812362181574830
2,0,319,1789633746064464896,3812362181585679
2,0,320,1789633746064476160,3812362181596404
2,0,321,1789633746064487424,3812362181607234
2,0,322,1789633746064497664,3812362181618077
2,0,323,1789633746064508928,3812362181628889
2,0,324,1789633746064519168,3812362181639748
2,0,325,1789633746064530432,3812362181650581
2,0,326,1789633746064541696,3812362181661426
2,0,327,1789633746064551936,3812362181672255
2,0,328,1789633746064563200,3812362181683135
2,0,329,1789633746064573440,3812362181693910
2,0,330,1789633746064584704,3812362181704699
2,0,331,1789633746064594944,3812362181715421
2,0,332,1789633746064606208,3812362181726128
2,0,333,1789633746064616448,3812362181736846
2,0,334,1789633746064627712,3812362181747603
2,0,335,1789633746064637952,3812362181758377
2,0,336,1789633746064649216,3812362181769082
2,0,337,1789633746064659456,3812362181779829
2,0,338,1789633746064670720,3812362181790559
2,0,339,1789633746064680960,3812362181801332
2,0,340,1789633746064692224,3812362181812057
2,0,341,1789633746064702464,3812362181822826
2,0,342,1789633746064713728,3812362181833537
2,0,343,1789633746064723968,3812362181844290
2,0,344,1789633746064735232,3812362181855030
2,0,345,1789633746064745472,3812362181865810
2,0,346,1789633746064756736,3812362181876530
2,0,347,1789633746064766976,3812362181887257
2,0,348,1789633746064778240,3812362181897971
2,0,349,1789633746064788480,3812362181908732
2,0,350,1789633746064799744,3812362181919462
2,0,351,1789633746064809984,3812362181930217
2,0,352,1789633746064821248,3812362181940932
2,0,353,1789633746064831488,3812362181951677
2,0,354,1789633746064842752,3812362181962430
2,0,355,1789633746064852992,3812362181973165
2,0,356,1789633746064864256,3812362181983948
2,0,357,1789633746064874496,3812362181994693
2,0,358,1789633746064885760,3812362182005455
2,0,359,1789633746064896000,3812362182016193
2,0,360,1789633746064907264,3812362182026957
2,0,361,1789633746064917504,3812362182037650
2,0,362,1789633746064928768,3812362182048385
2,0,363,1789633746064939008,3812362182059090
2,0,364,1789633746064950272,3812362182069835
2,0,365,1789633746064960512,3812362182080570
2,0,366,1789633746064970752,3812362182091297
2,0,367,1789633746064982016,3812362182102019
2,0,368,1789633746064992256,3812362182112748
2,0,369,1789633746065003520,3812362182123466
2,0,370,1789633746065013760,3812362182134182
2,0,371,1789633746065025024,3812362182144908
2,0,372,1789633746065035264,3812362182155617
2,0,373,1789633746065046528,3812362182166370
2,0,374,1789633746065056768,3812362182177105
2,0,375,1789633746065068032,3812362182187864
2,0,376,1789633746065078272,3812362182198530
2,0,377,1789633746065089536,3812362182209305
2,0,378,1789633746065099776,3812362182219975
2,0,379,1789633746065111040,3812362182230817
2,0,380,1789633746065121280,3812362182241457
2,0,381,1789633746065132544,3812362182252208
2,0,382,1789633746065142784,3812362182262917
2,0,383,1789633746065154048,3812362182273665
2,0,384,1789633746065164288,3812362182284357
2,0,385,1789633746065174528,3812362182295068
2,0,386,1789633746065185792,3812362182305783
2,0,387,1789633746065196032,3812362182316503
2,0,388,1789633746065207296,3812362182327237
2,0,389,1789633746065217536,3812362182337979
2,0,390,1789633746065228800,3812362182348717
2,0,391,1789633746065239040,3812362182359495
2,0,392,1789633746065250304,3812362182370237
2,0,393,1789633746065260544,3812362182380969
2,0,394,1789633746065271808,3812362182391706
2,0,395,1789633746065282048,3812362182402397
2,0,396,1789633746065293312,3812362182413182
2,0,397,1789633746065303552,3812362182423892
2,0,398,1789633746065314816,3812362182434615
2,0,399,1789633746065325056,3812362182445370
2,0,400,1789633746065336320,3812362182456066
2,0,401,1789633746065346560,3812362182466795
2,0,402,1789633746065357824,3812362182477521
2,0,403,1789633746065368064,3812362182488250
2,0,404,1789633746065379328,3812362182498999
2,0,405,1789633746065389568,3812362182509750
2,0,406,1789633746065400832,3812362182520439
2,0,407,1789633746065411072,3812362182531217
2,0,408,1789633746065422336,3812362182541968
2,0,409,1789633746065432576,3812362182552745
2,0,410,1789633746065443840,3812362182563429
2,0,411,1789633746065454080,3812362182574190
2,0,412,1789633746065465344,3812362182584905
2,0,413,1789633746065475584,3812362182595635
2,0,414,1789633746065485824,3812362182606335
2,0,415,1789633746065497088,3812362182617106
2,0,416,1789633746065507328,3812362182627817
2,0,417,1789633746065518592,3812362182638552
2,0,418,1789633746065528832,3812362182649266
2,0,419,1789633746065540096,3812362182660028
2,0,420,1789633746065550336,3812362182670692
2,0,421,1789633746065561600,3812362182681422
2,0,422,1789633746065571840,3812362182692157
2,0,423,1789633746065583104,3812362182702888
2,0,424,1789633746065593344,3812362182713582
2,0,425,1789633746065604608,3812362182724310
2,0,426,1789633746065614848,3812362182735050
2,0,427,1789633746065626112,3812362182745786
2,0,428,1789633746065636352,3812362182756530
2,0,429,1789633746065647616,3812362182767268
2,0,430,1789633746065657856,3812362182778032
2,0,431,1789633746065669120,3812362182788742
2,0,432,1789633746065679360,3812362182799438
2,0,433,1789633746065689600,3812362182810139
2,0,434,1789633746065700864,3812362182820857
2,0,435,1789633746065711104,3812362182831617
2,0,436,1789633746065722368,3812362182842308
2,0,437,1789633746065732608,3812362182853070
2,0,438,1789633746065743872,3812362182863829
2,0,439,1789633746065754112,3812362182874612
2,0,440,1789633746065765376,3812362182885328
2,0,441,1789633746065775616,3812362182896061
2,0,442,1789633746065786880,3812362182906832
2,0,443,1789633746065797120,3812362182917602
2,0,444,1789633746065808384,3812362182928295
2,0,445,1789633746065818624,3812362182939057
2,0,446,1789633746065829888,3812362182949795
2,0,447,1789633746065840128,3812362182960550
2,0,448,1789633746065851392,3812362182971245
2,0,449,1789633746065861632,3812362182981977
2,0,450,1789633746065872896,3812362182992690
2,0,451,1789633746065883136,3812362183003424
2,0,452,1789633746065894400,3812362183014175
2,0,453,1789633746065904640,3812362183024885
2,0,454,1789633746065915904,3812362183035606
2,0,455,1789633746065926144,3812362183046342
2,0,456,1789633746065937408,3812362183057068
2,0,457,1789633746065947648,3812362183067809
2,0,458,1789633746065958912,3812362183078590
2,0,459,1789633746065969152,3812362183089305
2,0,460,1789633746065980416,3812362183100059
2,0,461,1789633746065990656,3812362183110815
2,0,462,1789633746066001920,3812362183121532
2,0,463,1789633746066012160,3812362183132221
2,0,464,1789633746066022400,3812362183142948
2,0,465,1789633746066033664,3812362183153666
2,0,466,1789633746066043904,3812362183164408
2,0,467,1789633746066055168,3812362183175108
2,0,468,1789633746066065408,3812362183185808
2,0,469,1789633746066076672,3812362183196508
2,0,470,1789633746066086912,3812362183207243
2,0,471,1789633746066098176,3812362183217966
2,0,472,1789633746066108416,3812362183228666
2,0,473,1789633746066119680,3812362183239404
2,0,474,1789633746066129920,3812362183250157
2,0,475,1789633746066141184,3812362183260939
2,0,476,1789633746066151424,3812362183271630
2,0,477,1789633746066162688,3812362183282403
2,0,478,1789633746066172928,3812362183293097
2,0,479,1789633746066184192,3812362183303855
2,0,480,1789633746066194432,3812362183314565
2,0,481,1789633746066205696,3812362183325317
2,0,482,1789633746066215936,3812362183336006
2,0,483,1789633746066226176,3812362183346706
2,0,484,1789633746066237440,3812362183357435
2,0,485,1789633746066247680,3812362183368168
2,0,486,1789633746066258944,3812362183378944
2,0,487,1789633746066269184,3812362183389655
2,0,488,1789633746066280448,3812362183400370
2,0,489,1789633746066290688,3812362183411110
2,0,490,1789633746066301952,3812362183421815
2,0,491,1789633746066312192,3812362183432535
2,0,492,1789633746066323456,3812362183443297
2,0,493,1789633746066333696,3812362183454077
2,0,494,1789633746066344960,3812362183464797
2,0,495,1789633746066355200,3812362183475535
2,0,496,1789633746066366464,3812362183486290
2,0,497,1789633746066376704,3812362183496997
2,0,498,1789633746066387968,3812362183507721
2,0,499,1789633746066398208,3812362183518445
2,0,500,1789633746066409472,3812362183529164
2,0,501,1789633746066419712,3812362183539910
2,0,502,1789633746066430976,3812362183550661
2,0,503,1789633746066441216,3812362183561377
2,0,504,1789633746066452480,3812362183572108
2,0,505,1789633746066462720,3812362183582837
2,0,506,1789633746066473984,3812362183593557
2,0,507,1789633746066484224,3812362183604297
2,0,508,1789633746066494464,3812362183615008
2,0,509,1789633746066505728,3812362183625750
2,0,510,1789633746066515968,3812362183636459
2,0,511,1789633746066527232,3812362183647209
2,0,512,1789633746066537472,3812362183657935
2,0,513,1789633746066548736,3812362183668684
2,0,514,1789633746066558976,3812362183679390
2,0,515,1789633746066570240,3812362183690132
2,0,516,1789633746066580480,3812362183700870
2,0,517,1789633746066591744,3812362183711584
2,0,518,1789633746066601984,3812362183722297
2,0,519,1789633746066613248,3812362183732997
2,0,520,1789633746066623488,3812362183743712
2,0,521,1789633746066634752,3812362183754448
2,0,522,1789633746066644992,3812362183765188
2,0,523,1789633746066656256,3812362183775897
2,0,524,1789633746066666496,3812362183786639
2,0,525,1789633746066677760,3812362183797357
2,0,526,1789633746066688000,3812362183808085
2,0,527,1789633746066699264,3812362183818870
2,0,528,1789633746066709504,3812362183829608
2,0,529,1789633746066719744,3812362183840328
2,0,530,1789633746066731008,3812362183851097
2,0,531,1789633746066741248,3812362183861817
2,0,532,1789633746066752512,3812362183872517
2,0,533,1789633746066762752,3812362183883258
2,0,534,1789633746066774016,3812362183893977
2,0,535,1789633746066784256,3812362183904659
2,0,536,1789633746066795520,3812362183915368
2,0,537,1789633746066805760,3812362183926097
2,0,538,1789633746066817024,3812362183936821
2,0,539,1789633746066827264,3812362183947559
2,0,540,1789633746066838528,3812362183958257
2,0,541,1789633746066848768,3812362183969025
2,0,542,1789633746066860032,3812362183979788
2,0,543,1789633746066870272,3812362183990557
2,0,544,1789633746066881536,3812362184001259
2,0,545,1789633746066891776,3812362184012017
2,0,546,1789633746066903040,3812362184022717
2,0,547,1789633746066913280,3812362184033463
2,0,548,1789633746066924544,3812362184044157
2,0,549,1789633746066934784,3812362184054895
2,0,550,1789633746066945024,3812362184065586
2,0,551,1789633746066956288,3812362184076271
2,0,552,1789633746066966528,3812362184086986
2,0,553,1789633746066977792,3812362184097735
2,0,554,1789633746066988032,3812362184108504
2,0,555,1789633746066999296,3812362184119230
2,0,556,1789633746067009536,3812362184129978
2,0,557,1789633746067020800,3812362184140697
2,0,558,1789633746067031040,3812362184151461
2,0,559,1789633746067042304,3812362184162177
2,0,560,1789633746067052544,3812362184172937
2,0,561,1789633746067063808,3812362184183710
2,0,562,1789633746067074048,3812362184194428
2,0,563,1789633746067085312,3812362184205150
2,0,564,1789633746067095552,3812362184215861
2,0,565,1789633746067106816,3812362184226561
2,0,566,1789633746067117056,3812362184237270
2,0,567,1789633746067128320,3812362184247990
2,0,568,1789633746067138560,3812362184258710
2,0,569,1789633746067149824,3812362184269415
2,0,570,1789633746067160064,3812362184280121
2,0,571,1789633746067170304,3812362184290939
2,0,572,1789633746067181568,3812362184301657
2,0,573,1789633746067192832,3812362184312435
2,0,574,1789633746067203072,3812362184323159
2,0,575,1789633746067213312,3812362184333895
2,0,576,1789633746067224576,3812362184344645
2,0,577,1789633746067234816,3812362184355399
2,0,578,1789633746067246080,3812362184366117
2,0,579,1789633746067256320,3812362184376861
2,0,580,1789633746067267584,3812362184387557
2,0,581,1789633746067277824,3812362184398281
2,0,582,1789633746067289088,3812362184409012
2,0,583,1789633746067299328,3812362184419735
2,0,584,1789633746067310592,3812362184430421
2,0,585,1789633746067320832,3812362184441148
2,0,586,1789633746067332096,3812362184451809
2,0,587,1789633746067342336,3812362184462588
2,0,588,1789633746067353600,3812362184473306
2,0,589,1789633746067363840,3812362184484048
2,0,590,1789633746067375104,3812362184494770
2,0,591,1789633746067385344,3812362184505519
2,0,592,1789633746067396608,3812362184516281
2,0,593,1789633746067406848,3812362184527041
2,0,594,1789633746067418112,3812362184537777
2,0,595,1789633746067428352,3812362184548557
2,0,596,1789633746067439616,3812362184559285
2,0,597,1789633746067449856,3812362184570057
2,0,598,1789633746067461120,3812362184580805
2,0,599,1789633746067471360,3812362184591535
2,0,600,1789633746067482624,3812362184602217
2,0,601,1789633746067492864,3812362184612904
2,0,602,1789633746067503104,3812362184623639
2,0,603,1789633746067514368,3812362184634355
2,0,604,1789633746067524608,3812362184645079
2,0,605,1789633746067535872,3812362184655797
2,0,606,1789633746067546112,3812362184666563
2,0,607,1789633746067557376,3812362184677337
2,0,608,1789633746067567616,3812362184688052
2,0,609,1789633746067578880,3812362184698790
2,0,610,1789633746067589120,3812362184709561
2,0,611,1789633746067600384,3812362184720332
2,0,612,1789633746067610624,3812362184731132
2,0,613,1789633746067621888,3812362184742057
2,0,614,1789633746067633152,3812362184752788
2,0,615,1789633746067643392,3812362184763588
2,0,616,1789633746067654656,3812362184774349
2,0,617,1789633746067664896,3812362184785055
2,0,618,1789633746067676160,3812362184795811
2,0,619,1789633746067686400,3812362184806519
2,0,620,1789633746067696640,3812362184817251
2,0,621,1789633746067707904,3812362184827970
2,0,622,1789633746067718144,3812362184838699
2,0,623,1789633746067729408,3812362184849417
2,0,624,1789633746067739648,3812362184860190
2,0,625,1789633746067750912,3812362184870899
2,0,626,1789633746067761152,3812362184881679
2,0,627,1789633746067772416,3812362184892389
2,0,628,1789633746067782656,3812362184903139
2,0,629,1789633746067793920,3812362184913858
2,0,630,1789633746067804160,3812362184924608
2,0,631,1789633746067815424,3812362184935330
2,0,632,1789633746067825664,3812362184946115
2,0,633,1789633746067836928,3812362184956830
2,0,634,1789633746067847168,3812362184967590
2,0,635,1789633746067858432,3812362184978310
2,0,636,1789633746067868672,3812362184989056
2,0,637,1789633746067879936,3812362184999735
2,0,638,1789633746067890176,3812362185010481
2,0,639,1789633746067901440,3812362185021205
2,0,640,1789633746067911680,3812362185031957
2,0,641,1789633746067922944,3812362185042688
2,0,642,1789633746067933184,3812362185053412
2,0,643,1789633746067944448,3812362185064197
2,0,644,1789633746067954688,3812362185074937
2,0,645,1789633746067965952,3812362185085705
2,0,646,1789633746067976192,3812362185096481
2,0,647,1789633746067987456,3812362185107188
2,0,648,1789633746067997696,3812362185117924
2,0,649,1789633746068008960,3812362185128646
2,0,650,1789633746068019200,3812362185139385
2,0,651,1789633746068030464,3812362185150092
2,0,652,1789633746068040704,3812362185160795
2,0,653,1789633746068050944,3812362185171530
2,0,654,1789633746068062208,3812362185182277
2,0,655,1789633746068072448,3812362185192986
2,0,656,1789633746068083712,3812362185203730
2,0,657,1789633746068093952,3812362185214470
2,0,658,1789633746068105216,3812362185225201
2,0,659,1789633746068115456,3812362185235934
2,0,660,1789633746068126720,3812362185246746
2,0,661,1789633746068136960,3812362185257437
2,0,662,1789633746068148224,3812362185268224
2,0,663,1789633746068158464,3812362185278941
2,0,664,1789633746068169728,3812362185289697
2,0,665,1789633746068179968,3812362185300434
2,0,666,1789633746068191232,3812362185311208
2,0,667,1789633746068201472,3812362185321911
2,0,668,1789633746068212736,3812362185332657
2,0,669,1789633746068222976,3812362185343417
2,0,670,1789633746068234240,3812362185354141
2,0,671,1789633746068244480,3812362185364824
2,0,672,1789633746068255744,3812362185375530
2,0,673,1789633746068265984,3812362185386188
2,0,674,1789633746068277248,3812362185396948
2,0,675,1789633746068287488,3812362185407709
2,0,676,1789633746068298752,3812362185418459
2,0,677,1789633746068308992,3812362185429168
2,0,678,1789633746068320256,3812362185439948
2,0,679,1789633746068330496,3812362185450666
2,0,680,1789633746068341760,3812362185461438
2,0,681,1789633746068352000,3812362185472163
2,0,682,1789633746068363264,3812362185482937
2,0,683,1789633746068373504,3812362185493666
2,0,684,1789633746068384768,3812362185504503
2,0,685,1789633746068395008,3812362185515271
2,0,686,1789633746068406272,3812362185526012
2,0,687,1789633746068416512,3812362185536726
2,0,688,1789633746068427776,3812362185547459
2,0,689,1789633746068438016,3812362185558214
2,0,690,1789633746068449280,3812362185568939
2,0,691,1789633746068459520,3812362185579652
2,0,692,1789633746068469760,3812362185590383
2,0,693,1789633746068481024,3812362185601188
2,0,694,1789633746068492288,3812362185612119
2,0,695,1789633746068502528,3812362185622837
2,0,696,1789633746068513792,3812362185633654
2,0,697,1789633746068524032,3812362185644425
2,0,698,1789633746068535296,3812362185655134
2,0,699,1789633746068545536,3812362185665857
2,0,700,1789633746068556800,3812362185676610
2,0,701,1789633746068567040,3812362185687332
2,0,702,1789633746068578304,3812362185698078
2,0,703,1789633746068588544,3812362185708854
2,0,704,1789633746068599808,3812362185719597
2,0,705,1789633746068610048,3812362185730304
2,0,706,1789633746068621312,3812362185741017
2,0,707,1789633746068631552,3812362185751721
2,0,708,1789633746068641792,3812362185762410
2,0,709,1789633746068653056,3812362185773144
2,0,710,1789633746068663296,3812362185783870
2,0,711,1789633746068674560,3812362185794594
2,0,712,1789633746068684800,3812362185805337
2,0,713,1789633746068696064,3812362185816101
2,0,714,1789633746068706304,3812362185826817
2,0,715,1789633746068717568,3812362185837601
2,0,716,1789633746068727808,3812362185848297
2,0,717,1789633746068739072,3812362185859039
2,0,718,1789633746068749312,3812362185869738
2,0,719,1789633746068760576,3812362185880501
2,0,720,1789633746068770816,3812362185891265
2,0,721,1789633746068782080,3812362185902010
2,0,722,1789633746068792320,3812362185912712
2,0,723,1789633746068803584,3812362185923468
2,0,724,1789633746068813824,3812362185934230
2,0,725,1789633746068825088,3812362185944984
2,0,726,1789633746068835328,3812362185955705
2,0,727,1789633746068846592,3812362185966437
2,0,728,1789633746068856832,3812362185977154
2,0,729,1789633746068868096,3812362185987910
2,0,730,1789633746068878336,3812362185998659
2,0,731,1789633746068889600,3812362186009405
2,0,732,1789633746068899840,3812362186020157
2,0,733,1789633746068911104,3812362186030912
2,0,734,1789633746068921344,3812362186041664
2,0,735,1789633746068932608,3812362186052370
2,0,736,1789633746068942848,3812362186063117
2,0,737,1789633746068954112,3812362186073899
2,0,738,1789633746068964352,3812362186084617
2,0,739,1789633746068975616,3812362186095361
2,0,740,1789633746068985856,3812362186106077
2,0,741,1789633746068997120,3812362186116797
2,0,742,1789633746069007360,3812362186127550
2,0,743,1789633746069018624,3812362186138264
2,0,744,1789633746069028864,3812362186148984
2,0,745,1789633746069039104,3812362186159724
2,0,746,1789633746069050368,3812362186170437
2,0,747,1789633746069060608,3812362186181179
2,0,748,1789633746069071872,3812362186191859
2,0,749,1789633746069082112,3812362186202637
2,0,750,1789633746069093376,3812362186213357
2,0,751,1789633746069103616,3812362186224108
2,0,752,1789633746069114880,3812362186234817
2,0,753,1789633746069125120,3812362186245565
2,0,754,1789633746069136384,3812362186256272
2,0,755,1789633746069146624,3812362186267028
2,0,756,1789633746069157888,3812362186277717
2,0,757,1789633746069168128,3812362186288479
2,0,758,1789633746069179392,3812362186299177
2,0,759,1789633746069189632,3812362186309941
2,0,760,1789633746069200896,3812362186320648
2,0,761,1789633746069211136,3812362186331397
2,0,762,1789633746069222400,3812362186342104
2,0,763,1789633746069232640,3812362186352843
2,0,764,1789633746069243904,3812362186363638
2,0,765,1789633746069254144,3812362186374310
2,0,766,1789633746069265408,3812362186385072
2,0,767,1789633746069275648,3812362186395808
2,0,768,1789633746069286912,3812362186406548
2,0,769,1789633746069297152,3812362186417257
2,0,770,1789633746069307392,3812362186427981
2,0,771,1789633746069318656,3812362186438704
2,0,772,1789633746069328896,3812362186449445
2,0,773,1789633746069340160,3812362186460159
2,0,774,1789633746069350400,3812362186470908
2,0,775,1789633746069361664,3812362186481661
2,0,776,1789633746069371904,3812362186492388
2,0,777,1789633746069383168,3812362186503088
2,0,778,1789633746069393408,3812362186513781
2,0,779,1789633746069404672,3812362186524565
2,0,780,1789633746069414912,3812362186535319
2,0,781,1789633746069426176,3812362186546054
2,0,782,1789633746069436416,3812362186556827
2,0,783,1789633746069447680,3812362186567597
2,0,784,1789633746069457920,3812362186578345
2,0,785,1789633746069469184,3812362186589098
2,0,786,1789633746069479424,3812362186599825
2,0,787,1789633746069490688,3812362186610545
2,0,788,1789633746069500928,3812362186621256
2,0,789,1789633746069512192,3812362186632021
2,0,790,1789633746069522432,3812362186642750
2,0,791,1789633746069533696,3812362186653472
2,0,792,1789633746069543936,3812362186664187
2,0,793,1789633746069555200,3812362186674943
2,0,794,1789633746069565440,3812362186685632
2,0,795,1789633746069576704,3812362186696359
2,0,796,1789633746069586944,3812362186707057
2,0,797,1789633746069597184,3812362186717767
2,0,798,1789633746069608448,3812362186728497
2,0,799,1789633746069618688,3812362186739274
2,0,800,1789633746069629952,3812362186749986
2,0,801,1789633746069640192,3812362186760732
2,0,802,1789633746069651456,3812362186771469
2,0,803,1789633746069661696,3812362186782197
2,0,804,1789633746069672960,3812362186792944
2,0,805,1789633746069683200,3812362186803666
2,0,806,1789633746069694464,3812362186814407
2,0,807,1789633746069704704,3812362186825117
2,0,808,1789633746069715968,3812362186835868
2,0,809,1789633746069726208,3812362186846585
2,0,810,1789633746069737472,3812362186857307
2,0,811,1789633746069747712,3812362186868037
2,0,812,1789633746069758976,3812362186878754
2,0,813,1789633746069769216,3812362186889490
2,0,814,1789633746069780480,3812362186900219
2,0,815,1789633746069790720,3812362186910956
2,0,816,1789633746069801984,3812362186921665
2,0,817,1789633746069812224,3812362186932407
2,0,818,1789633746069823488,3812362186943134
2,0,819,1789633746069833728,3812362186953858
2,0,820,1789633746069844992,3812362186964623
2,0,821,1789633746069855232,3812362186975337
2,0,822,1789633746069865472,3812362186986066
2,0,823,1789633746069876736,3812362186996817
2,0,824,1789633746069886976,3812362187007517
2,0,825,1789633746069898240,3812362187018239
2,0,826,1789633746069908480,3812362187028999
2,0,827,1789633746069919744,3812362187039710
2,0,828,1789633746069929984,3812362187050374
2,0,829,1789633746069941248,3812362187061097
2,0,830,1789633746069951488,3812362187071757
2,0,831,1789633746069962752,3812362187082561
2,0,832,1789633746069972992,3812362187093294
2,0,833,1789633746069984256,3812362187104007
2,0,834,1789633746069994496,3812362187114757
2,0,835,1789633746070005760,3812362187125477
2,0,836,1789633746070016000,3812362187136203
2,0,837,1789633746070027264,3812362187146937
2,0,838,1789633746070037504,3812362187157686
2,0,839,1789633746070048768,3812362187168457
2,0,840,1789633746070059008,3812362187179181
2,0,841,1789633746070070272,3812362187189919
2,0,842,1789633746070080512,3812362187200639
2,0,843,1789633746070090752,3812362187211377
2,0,844,1789633746070102016,3812362187222089
2,0,845,1789633746070112256,3812362187232784
2,0,846,1789633746070123520,3812362187243459
2,0,847,1789633746070133760,3812362187254179
2,0,848,1789633746070145024,3812362187264899
2,0,849,1789633746070155264,3812362187275703
2,0,850,1789633746070166528,3812362187286397
2,0,851,1789633746070176768,3812362187297147
2,0,852,1789633746070188032,3812362187307857
2,0,853,1789633746070198272,3812362187318605
2,0,854,1789633746070209536,3812362187329337
2,0,855,1789633746070219776,3812362187340058
2,0,856,1789633746070231040,3812362187350814
2,0,857,1789633746070241280,3812362187361467
2,0,858,1789633746070252544,3812362187372190
2,0,859,1789633746070262784,3812362187382927
2,0,860,1789633746070273024,3812362187393587
2,0,861,1789633746070284288,3812362187404309
2,0,862,1789633746070294528,3812362187414967
2,0,863,1789633746070305792,3812362187425759
2,0,864,1789633746070316032,3812362187436494
2,0,865,1789633746070327296,3812362187447219
2,0,866,1789633746070337536,3812362187457946
2,0,867,1789633746070348800,3812362187468679
2,0,868,1789633746070359040,3812362187479459
2,0,869,1789633746070370304,3812362187490181
2,0,870,1789633746070380544,3812362187500914
2,0,871,1789633746070391808,3812362187511683
2,0,872,1789633746070402048,3812362187522412
2,0,873,1789633746070413312,3812362187533150
2,0,874,1789633746070423552,3812362187543890
2,0,875,1789633746070434816,3812362187554594
2,0,876,1789633746070445056,3812362187565347
2,0,877,1789633746070456320,3812362187576117
2,0,878,1789633746070466560,3812362187586832
2,0,879,1789633746070477824,3812362187597517
2,0,880,1789633746070488064,3812362187608239
2,0,881,1789633746070499328,3812362187618991
2,0,882,1789633746070509568,3812362187629734
2,0,883,1789633746070520832,3812362187640505
2,0,884,1789633746070531072,3812362187651225
2,0,885,1789633746070542336,3812362187661984
2,0,886,1789633746070552576,3812362187672721
2,0,887,1789633746070562816,3812362187683447
2,0,888,1789633746070574080,3812362187694205
2,0,889,1789633746070584320,3812362187704937
2,0,890,1789633746070595584,3812362187715637
2,0,891,1789633746070605824,3812362187726419
2,0,892,1789633746070617088,3812362187737134
2,0,893,1789633746070627328,3812362187747805
2,0,894,1789633746070638592,3812362187758544
2,0,895,1789633746070648832,3812362187769317
2,0,896,1789633746070660096,3812362187780029
2,0,897,1789633746070670336,3812362187790814
2,0,898,1789633746070681600,3812362187801497
2,0,899,1789633746070691840,3812362187812227
2,0,900,1789633746070703104,3812362187822994
2,0,901,1789633746070713344,3812362187833787
2,0,902,1789633746070724608,3812362187844564
2,0,903,1789633746070734848,3812362187855307
2,0,904,1789633746070746112,3812362187866114
2,0,905,1789633746070756352,3812362187877052
2,0,906,1789633746070767616,3812362187887819
2,0,907,1789633746070778880,3812362187898589
2,0,908,1789633746070789120,3812362187909347
2,0,909,1789633746070800384,3812362187920117
2,0,910,1789633746070810624,3812362187930867
2,0,911,1789633746070821888,3812362187941617
2,0,912,1789633746070832128,3812362187952338
2,0,913,1789633746070843392,3812362187963096
2,0,914,1789633746070853632,3812362187973863
2,0,915,1789633746070864896,3812362187984577
2,0,916,1789633746070875136,3812362187995312
2,0,917,1789633746070885376,3812362188006028
2,0,918,1789633746070896640,3812362188016757
2,0,919,1789633746070906880,3812362188027490
2,0,920,1789633746070918144,3812362188038197
2,0,921,1789633746070928384,3812362188048926
2,0,922,1789633746070939648,3812362188059677
2,0,923,1789633746070949888,3812362188070410
2,0,924,1789633746070961152,3812362188081150
2,0,925,1789633746070971392,3812362188091894
2,0,926,1789633746070982656,3812362188102630
2,0,927,1789633746070992896,3812362188113392
2,0,928,1789633746071004160,3812362188124117
2,0,929,1789633746071014400,3812362188134852
2,0,930,1789633746071025664,3812362188145567
2,0,931,1789633746071035904,3812362188156287
2,0,932,1789633746071047168,3812362188167080
2,0,933,1789633746071057408,3812362188177810
2,0,934,1789633746071068672,3812362188188514
2,0,935,1789633746071078912,3812362188199217
2,0,936,1789633746071090176,3812362188209987
2,0,937,1789633746071100416,3812362188220710
2,0,938,1789633746071111680,3812362188231501
2,0,939,1789633746071121920,3812362188242206
2,0,940,1789633746071133184,3812362188252983
2,0,941,1789633746071143424,3812362188263632
2,0,942,1789633746071154688,3812362188274429
2,0,943,1789633746071164928,3812362188285150
2,0,944,1789633746071176192,3812362188295879
2,0,945,1789633746071186432,3812362188306580
2,0,946,1789633746071196672,3812362188317347
2,0,947,1789633746071207936,3812362188328057
2,0,948,1789633746071218176,3812362188338827
2,0,949,1789633746071229440,3812362188349537
2,0,950,1789633746071239680,3812362188360297
2,0,951,1789633746071250944,3812362188370985
2,0,952,1789633746071261184,3812362188381739
2,0,953,1789633746071272448,3812362188392537
2,0,954,1789633746071282688,3812362188403270
2,0,955,1789633746071293952,3812362188414021
2,0,956,1789633746071304192,3812362188424736
2,0,957,1789633746071315456,3812362188435452
2,0,958,1789633746071325696,3812362188446127
2,0,959,1789633746071336960,3812362188456883
2,0,960,1789633746071347200,3812362188467597
2,0,961,1789633746071358464,3812362188478339
2,0,962,1789633746071368704,3812362188489047
2,0,963,1789633746071379968,3812362188499823
2,0,964,1789633746071390208,3812362188510557
2,0,965,1789633746071401472,3812362188521294
2,0,966,1789633746071411712,3812362188532044
2,0,967,1789633746071422976,3812362188542714
2,0,968,1789633746071433216,3812362188553465
2,0,969,1789633746071444480,3812362188564187
2,0,970,1789633746071454720,3812362188574946
2,0,971,1789633746071465984,3812362188585657
2,0,972,1789633746071476224,3812362188596383
2,0,973,1789633746071486464,3812362188607098
2,0,974,1789633746071497728,3812362188617854
2,0,975,1789633746071507968,3812362188628584
2,0,976,1789633746071519232,3812362188639307
2,0,977,1789633746071529472,3812362188650037
2,0,978,1789633746071540736,3812362188660814
2,0,979,1789633746071550976,3812362188671494
2,0,980,1789633746071562240,3812362188682240
2,0,981,1789633746071572480,3812362188692958
2,0,982,1789633746071583744,3812362188703687
2,0,983,1789633746071593984,3812362188714398
2,0,984,1789633746071605248,3812362188725099
2,0,985,1789633746071615488,3812362188735801
2,0,986,1789633746071626752,3812362188746539
2,0,987,1789633746071636992,3812362188757257
2,0,988,1789633746071648256,3812362188767987
2,0,989,1789633746071658496,3812362188778697
2,0,990,1789633746071669760,3812362188789478
2,0,991,1789633746071680000,3812362188800217
2,0,992,1789633746071691264,3812362188810990
2,0,993,1789633746071701504,3812362188821786
2,0,994,1789633746071712768,3812362188832517
2,0,995,1789633746071723008,3812362188843270
2,0,996,1789633746071734272,3812362188853979
2,0,997,1789633746071744512,3812362188864727
2,0,998,1789633746071755776,3812362188875448
2,0,999,1789633746071766016,3812362188886160
2,0,1000,1789633746071776256,3812362188896934
2,0,1001,1789633746071787520,3812362188907786
2,0,1002,1789633746071798784,3812362188918623
2,0,1003,1789633746071809024,3812362188929447
2,0,1004,1789633746071820288,3812362188940366
2,0,1005,1789633746071830528,3812362188951214
2,0,1006,1789633746071841792,3812362188962010
2,0,1007,1789633746071853056,3812362188972837
2,0,1008,1789633746071863296,3812362188983661
2,0,1009,1789633746071874560,3812362188994494
2,0,1010,1789633746071884800,3812362189005319
2,0,1011,1789633746071896064,3812362189016117
2,0,1012,1789633746071906304,3812362189026947
2,0,1013,1789633746071917568,3812362189037787
2,0,1014,1789633746071927808,3812362189048583
2,0,1015,1789633746071939072,3812362189059426
2,0,1016,1789633746071950336,3812362189070274
2,0,1017,1789633746071960576,3812362189081103
2,0,1018,1789633746071971840,3812362189091932
2,0,1019,1789633746071982080,3812362189102709
2,0,1020,1789633746071993344,3812362189113561
2,0,1021,1789633746072004608,3812362189124426
2,0,1022,1789633746072014848,3812362189135320
2,0,1023,1789633746072026112,3812362189146139
2,0,1024,1789633746072036352,3812362189156977
2,0,1025,1789633746072047616,3812362189167821
2,0,1026,1789633746072058880,3812362189178674
2,0,1027,1789633746072069120,3812362189189532
2,0,1028,1789633746072080384,3812362189200400
2,0,1029,1789633746072090624,3812362189211225
2,0,1030,1789633746072101888,3812362189222054
2,0,1031,1789633746072112128,3812362189232867
2,0,1032,1789633746072123392,3812362189243705
2,0,1033,1789633746072134656,3812362189254532
2,0,1034,1789633746072144896,3812362189265370
2,0,1035,1789633746072156160,3812362189276227
2,0,1036,1789633746072166400,3812362189287085
2,0,1037,1789633746072177664,3812362189297917
2,0,1038,1789633746072188928,3812362189308807
2,0,1039,1789633746072199168,3812362189319637
2,0,1040,1789633746072210432,3812362189330554
2,0,1041,1789633746072220672,3812362189341383
2,0,1042,1789633746072231936,3812362189352247
2,0,1043,1789633746072243200,3812362189363037
2,0,1044,1789633746072253440,3812362189373865
2,0,1045,1789633746072264704,3812362189384607
2,0,1046,1789633746072274944,3812362189395337
2,0,1047,1789633746072286208,3812362189406061
2,0,1048,1789633746072296448,3812362189416770
2,0,1049,1789633746072307712,3812362189427454
2,0,1050,1789633746072317952,3812362189438157
2,0,1051,1789633746072329216,3812362189448900
2,0,1052,1789633746072339456,3812362189459626
2,0,1053,1789633746072349696,3812362189470383
2,0,1054,1789633746072360960,3812362189481154
2,0,1055,1789633746072372224,3812362189491908
2,0,1056,1789633746072382464,3812362189502637
2,0,1057,1789633746072393728,3812362189513386
2,0,1058,1789633746072403968,3812362189524118
2,0,1059,1789633746072414208,3812362189534850
2,0,1060,1789633746072425472,3812362189545581
2,0,1061,1789633746072435712,3812362189556357
2,0,1062,1789633746072446976,3812362189567067
2,0,1063,1789633746072457216,3812362189577780
2,0,1064,1789633746072468480,3812362189588487
2,0,1065,1789633746072478720,3812362189599197
2,0,1066,1789633746072489984,3812362189609941
2,0,1067,1789633746072500224,3812362189620657
2,0,1068,1789633746072511488,3812362189631377
2,0,1069,1789633746072521728,3812362189642117
2,0,1070,1789633746072532992,3812362189652841
2,0,1071,1789633746072543232,3812362189663597
2,0,1072,1789633746072554496,3812362189674360
2,0,1073,1789633746072564736,3812362189685130
2,0,1074,1789633746072576000,3812362189695860
2,0,1075,1789633746072586240,3812362189706574
2,0,1076,1789633746072597504,3812362189717312
2,0,1077,1789633746072607744,3812362189728047
2,0,1078,1789633746072619008,3812362189738817
2,0,1079,1789633746072629248,3812362189749561
2,0,1080,1789633746072640512,3812362189760294
2,0,1081,1789633746072650752,3812362189771027
2,0,1082,1789633746072662016,3812362189781757
2,0,1083,1789633746072672256,3812362189792523
2,0,1084,1789633746072683520,3812362189803266
2,0,1085,1789633746072693760,3812362189813950
2,0,1086,1789633746072704000,3812362189824667
2,0,1087,1789633746072715264,3812362189835421
2,0,1088,1789633746072725504,3812362189846176
2,0,1089,1789633746072736768,3812362189856887
2,0,1090,1789633746072747008,3812362189867614
2,0,1091,1789633746072758272,3812362189878341
2,0,1092,1789633746072768512,3812362189889119
2,0,1093,1789633746072779776,3812362189899845
2,0,1094,1789633746072790016,3812362189910638
2,0,1095,1789633746072801280,3812362189921501
2,0,1096,1789633746072812544,3812362189932259
2,0,1097,1789633746072822784,3812362189943047
2,0,1098,1789633746072834048,3812362189953817
2,0,1099,1789633746072844288,3812362189964539
2,0,1100,1789633746072855552,3812362189975314
2,0,1101,1789633746072865792,3812362189986030
2,0,1102,1789633746072877056,3812362189996778
2,0,1103,1789633746072887296,3812362190007510
2,0,1104,1789633746072898560,3812362190018267
2,0,1105,1789633746072908800,3812362190028983
2,0,1106,1789633746072919040,3812362190039734
2,0,1107,1789633746072930304,3812362190050459
2,0,1108,1789633746072940544,3812362190061234
2,0,1109,1789633746072951808,3812362190072003
2,0,1110,1789633746072963072,3812362190082787
2,0,1111,1789633746072973312,3812362190093490
2,0,1112,1789633746072983552,3812362190104257
2,0,1113,1789633746072994816,3812362190114974
2,0,1114,1789633746073005056,3812362190125763
2,0,1115,1789633746073016320,3812362190136517
2,0,1116,1789633746073027584,3812362190147250
2,0,1117,1789633746073037824,3812362190157954
2,0,1118,1789633746073048064,3812362190168703
2,0,1119,1789633746073059328,3812362190179374
2,0,1120,1789633746073069568,3812362190190140
2,0,1121,1789633746073080832,3812362190200849
2,0,1122,1789633746073091072,3812362190211583
2,0,1123,1789633746073102336,3812362190222354
2,0,1124,1789633746073112576,3812362190233073
2,0,1125,1789633746073123840,3812362190243783
2,0,1126,1789633746073134080,3812362190254557
2,0,1127,1789633746073145344,3812362190265283
2,0,1128,1789633746073155584,3812362190276020
2,0,1129,1789633746073166848,3812362190286760
2,0,1130,1789633746073177088,3812362190297531
2,0,1131,1789633746073188352,3812362190308241
2,0,1132,1789633746073198592,3812362190319013
2,0,1133,1789633746073209856,3812362190329733
2,0,1134,1789633746073220096,3812362190340449
2,0,1135,1789633746073231360,3812362190351170
2,0,1136,1789633746073241600,3812362190361888
2,0,1137,1789633746073252864,3812362190372603
2,0,1138,1789633746073263104,3812362190383363
2,0,1139,1789633746073274368,3812362190394089
2,0,1140,1789633746073284608,3812362190404816
2,0,1141,1789633746073295872,3812362190415580
2,0,1142,1789633746073306112,3812362190426300
2,0,1143,1789633746073316352,3812362190437023
2,0,1144,1789633746073327616,3812362190447799
2,0,1145,1789633746073337856,3812362190458519
2,0,1146,1789633746073349120,3812362190469298
2,0,1147,1789633746073359360,3812362190480010
2,0,1148,1789633746073370624,3812362190490809
2,0,1149,1789633746073380864,3812362190501490
2,0,1150,1789633746073392128,3812362190512273
2,0,1151,1789633746073402368,3812362190523040
2,0,1152,1789633746073413632,3812362190533813
2,0,1153,1789633746073423872,3812362190544588
2,0,1154,1789633746073435136,3812362190555539
2,0,1155,1789633746073446400,3812362190566300
2,0,1156,1789633746073456640,3812362190577063
2,0,1157,1789633746073467904,3812362190587810
2,0,1158,1789633746073478144,3812362190598523
2,0,1159,1789633746073489408,3812362190609258
2,0,1160,1789633746073499648,3812362190619978
2,0,1161,1789633746073510912,3812362190630810
2,0,1162,1789633746073521152,3812362190641483
2,0,1163,1789633746073532416,3812362190652278
2,0,1164,1789633746073542656,3812362190663000
2,0,1165,1789633746073553920,3812362190673753
2,0,1166,1789633746073564160,3812362190684556
2,0,1167,1789633746073575424,3812362190695290
2,0,1168,1789633746073585664,3812362190706030
2,0,1169,1789633746073596928,3812362190716818
2,0,1170,1789633746073607168,3812362190727550
2,0,1171,1789633746073618432,3812362190738269
2,0,1172,1789633746073628672,3812362190748973
2,0,1173,1789633746073639936,3812362190759718
2,0,1174,1789633746073650176,3812362190770453
2,0,1175,1789633746073661440,3812362190781180
2,0,1176,1789633746073671680,3812362190791903
2,0,1177,1789633746073681920,3812362190802630
2,0,1178,1789633746073693184,3812362190813340
2,0,1179,1789633746073703424,3812362190824070
2,0,1180,1789633746073714688,3812362190834780
2,0,1181,1789633746073724928,3812362190845516
2,0,1182,1789633746073736192,3812362190856283
2,0,1183,1789633746073746432,3812362190867020
2,0,1184,1789633746073757696,3812362190877759
2,0,1185,1789633746073767936,3812362190888493
2,0,1186,1789633746073779200,3812362190899250
2,0,1187,1789633746073789440,3812362190909980
2,0,1188,1789633746073800704,3812362190920808
2,0,1189,1789633746073810944,3812362190931462
2,0,1190,1789633746073822208,3812362190942223
2,0,1191,1789633746073832448,3812362190952953
2,0,1192,1789633746073843712,3812362190963663
2,0,1193,1789633746073853952,3812362190974373
2,0,1194,1789633746073865216,3812362190985073
2,0,1195,1789633746073875456,3812362190995828
2,0,1196,1789633746073886720,3812362191006539
2,0,1197,1789633746073896960,3812362191017293
2,0,1198,1789633746073908224,3812362191028020
2,0,1199,1789633746073918464,3812362191038779
2,0,1200,1789633746073929728,3812362191049500
2,0,1201,1789633746073939968,3812362191060240
2,0,1202,1789633746073951232,3812362191070948
2,0,1203,1789633746073961472,3812362191081703
2,0,1204,1789633746073972736,3812362191092533
2,0,1205,1789633746073982976,3812362191103270
2,0,1206,1789633746073994240,3812362191114000
2,0,1207,1789633746074004480,3812362191124770
2,0,1208,1789633746074015744,3812362191135493
2,0,1209,1789633746074025984,3812362191146203
2,0,1210,1789633746074036224,3812362191156880
2,0,1211,1789633746074047488,3812362191167590
2,0,1212,1789633746074057728,3812362191178300
2,0,1213,1789633746074068992,3812362191189030
2,0,1214,1789633746074079232,3812362191199810
2,0,1215,1789633746074090496,3812362191210523
2,0,1216,1789633746074100736,3812362191221259
2,0,1217,1789633746074112000,3812362191231978
2,0,1218,1789633746074122240,3812362191242705
2,0,1219,1789633746074133504,3812362191253423
2,0,1220,1789633746074143744,3812362191264180
2,0,1221,1789633746074155008,3812362191274890
2,0,1222,1789633746074165248,3812362191285600
2,0,1223,1789633746074176512,3812362191296350
2,0,1224,1789633746074186752,3812362191307073
2,0,1225,1789633746074198016,3812362191317740
2,0,1226,1789633746074208256,3812362191328472
2,0,1227,1789633746074218496,3812362191339170
2,0,1228,1789633746074229760,3812362191349906
2,0,1229,1789633746074240000,3812362191360639
2,0,1230,1789633746074251264,3812362191371423
2,0,1231,1789633746074261504,3812362191382208
2,0,1232,1789633746074272768,3812362191392930
2,0,1233,1789633746074283008,3812362191403710
2,0,1234,1789633746074294272,3812362191414450
2,0,1235,1789633746074304512,3812362191425183
2,0,1236,1789633746074315776,3812362191435923
2,0,1237,1789633746074326016,3812362191446683
2,0,1238,1789633746074337280,3812362191457373
2,0,1239,1789633746074347520,3812362191468133
2,0,1240,1789633746074358784,3812362191478850
2,0,1241,1789633746074369024,3812362191489570
2,0,1242,1789633746074380288,3812362191500297
2,0,1243,1789633746074390528,3812362191511020
2,0,1244,1789633746074401792,3812362191521776
2,0,1245,1789633746074412032,3812362191532515
2,0,1246,1789633746074423296,3812362191543260
2,0,1247,1789633746074433536,3812362191553963
2,0,1248,1789633746074444800,3812362191564699
2,0,1249,1789633746074455040,3812362191575428
2,0,1250,1789633746074466304,3812362191586173
2,0,1251,1789633746074476544,3812362191596860
2,0,1252,1789633746074487808,3812362191607583
2,0,1253,1789633746074498048,3812362191618303
2,0,1254,1789633746074509312,3812362191629053
2,0,1255,1789633746074519552,3812362191639763
2,0,1256,1789633746074529792,3812362191650480
2,0,1257,1789633746074541056,3812362191661220
2,0,1258,1789633746074551296,3812362191671929
2,0,1259,1789633746074562560,3812362191682626
2,0,1260,1789633746074572800,3812362191693336
2,0,1261,1789633746074584064,3812362191704082
2,0,1262,1789633746074594304,3812362191714780
2,0,1263,1789633746074605568,3812362191725520
2,0,1264,1789633746074615808,3812362191736275
2,0,1265,1789633746074627072,3812362191747008
2,0,1266,1789633746074637312,3812362191757700
2,0,1267,1789633746074648576,3812362191768449
2,0,1268,1789633746074658816,3812362191779170
2,0,1269,1789633746074670080,3812362191789920
2,0,1270,1789633746074680320,3812362191800609
2,0,1271,1789633746074691584,3812362191811289
2,0,1272,1789633746074701824,3812362191822008
2,0,1273,1789633746074712064,3812362191832733
2,0,1274,1789633746074723328,3812362191843446
2,0,1275,1789633746074733568,3812362191854203
2,0,1276,1789633746074744832,3812362191864913
2,0,1277,1789633746074755072,3812362191875670
2,0,1278,1789633746074766336,3812362191886386
2,0,1279,1789633746074776576,3812362191897140
2,0,1280,1789633746074787840,3812362191907908
2,0,1281,1789633746074798080,3812362191918622
2,0,1282,1789633746074809344,3812362191929328
2,0,1283,1789633746074819584,3812362191940060
2,0,1284,1789633746074830848,3812362191950800
2,0,1285,1789633746074841088,3812362191961523
2,0,1286,1789633746074852352,3812362191972243
2,0,1287,1789633746074862592,3812362191982958
2,0,1288,1789633746074873856,3812362191993680
2,0,1289,1789633746074884096,3812362192004400
2,0,1290,1789633746074895360,3812362192015096
2,0,1291,1789633746074905600,3812362192025810
2,0,1292,1789633746074915840,3812362192036513
2,0,1293,1789633746074927104,3812362192047276
2,0,1294,1789633746074937344,3812362192057986
2,0,1295,1789633746074948608,3812362192068730
2,0,1296,1789633746074958848,3812362192079420
2,0,1297,1789633746074970112,3812362192090180
2,0,1298,1789633746074980352,3812362192100868
2,0,1299,1789633746074991616,3812362192111640
2,0,1300,1789633746075001856,3812362192122359
2,0,1301,1789633746075013120,3812362192133118
2,0,1302,1789633746075023360,3812362192143828
2,0,1303,1789633746075034624,3812362192154630
2,0,1304,1789633746075044864,3812362192165356
2,0,1305,1789633746075056128,3812362192176100
2,0,1306,1789633746075066368,3812362192186810
2,0,1307,1789633746075077632,3812362192197543
2,0,1308,1789633746075087872,3812362192208230
2,0,1309,1789633746075099136,3812362192218953
2,0,1310,1789633746075109376,3812362192229700
2,0,1311,1789633746075120640,3812362192240450
2,0,1312,1789633746075130880,3812362192251198
2,0,1313,1789633746075142144,3812362192261970
2,0,1314,1789633746075152384,3812362192272705
2,0,1315,1789633746075163648,3812362192283460
2,0,1316,1789633746075173888,3812362192294219
2,0,1317,1789633746075185152,3812362192304943
2,0,1318,1789633746075195392,3812362192315663
2,0,1319,1789633746075206656,3812362192326383
2,0,1320,1789633746075216896,3812362192337118
2,0,1321,1789633746075227136,3812362192347789
2,0,1322,1789633746075238400,3812362192358530
2,0,1323,1789633746075248640,3812362192369249
2,0,1324,1789633746075259904,3812362192379928
2,0,1325,1789633746075270144,3812362192390699
2,0,1326,1789633746075281408,3812362192401420
2,0,1327,1789633746075291648,3812362192412160
2,0,1328,1789633746075302912,3812362192422915
2,0,1329,1789633746075313152,3812362192433683
2,0,1330,1789633746075324416,3812362192444393
2,0,1331,1789633746075334656,3812362192455140
2,0,1332,1789633746075345920,3812362192465868
2,0,1333,1789633746075356160,3812362192476610
2,0,1334,1789633746075367424,3812362192487323
2,0,1335,1789633746075377664,3812362192498053
2,0,1336,1789633746075388928,3812362192508810
2,0,1337,1789633746075399168,3812362192519513
2,0,1338,1789633746075410432,3812362192530230
2,0,1339,1789633746075420672,3812362192540980
2,0,1340,1789633746075431936,3812362192551676
2,0,1341,1789633746075442176,3812362192562389
2,0,1342,1789633746075452416,3812362192573099
2,0,1343,1789633746075463680,3812362192583850
2,0,1344,1789633746075473920,3812362192594609
2,0,1345,1789633746075485184,3812362192605373
2,0,1346,1789633746075495424,3812362192616083
2,0,1347,1789633746075506688,3812362192626823
2,0,1348,1789633746075516928,3812362192637550
2,0,1349,1789633746075528192,3812362192648338
2,0,1350,1789633746075538432,3812362192659070
2,0,1351,1789633746075549696,3812362192669798
2,0,1352,1789633746075559936,3812362192680553
2,0,1353,1789633746075571200,3812362192691269
2,0,1354,1789633746075581440,3812362192701980
2,0,1355,1789633746075592704,3812362192712649
2,0,1356,1789633746075602944,3812362192723400
2,0,1357,1789633746075614208,3812362192734118
2,0,1358,1789633746075624448,3812362192744820
2,0,1359,1789633746075635712,3812362192755569
2,0,1360,1789633746075645952,3812362192766326
2,0,1361,1789633746075657216,3812362192777100
2,0,1362,1789633746075667456,3812362192787810
2,0,1363,1789633746075678720,3812362192798573
2,0,1364,1789633746075688960,3812362192809289
2,0,1365,1789633746075700224,3812362192820053
2,0,1366,1789633746075710464,3812362192830808
2,0,1367,1789633746075721728,3812362192841499
2,0,1368,1789633746075731968,3812362192852210
2,0,1369,1789633746075742208,3812362192862939
2,0,1370,1789633746075753472,3812362192873663
2,0,1371,1789633746075763712,3812362192884338
2,0,1372,1789633746075774976,3812362192895050
2,0,1373,1789633746075785216,3812362192905778
2,0,1374,1789633746075796480,3812362192916488
2,0,1375,1789633746075806720,3812362192927246
2,0,1376,1789633746075817984,3812362192937983
2,0,1377,1789633746075828224,3812362192948710
2,0,1378,1789633746075839488,3812362192959438
2,0,1379,1789633746075849728,3812362192970176
2,0,1380,1789633746075860992,3812362192980903
2,0,1381,1789633746075871232,3812362192991582
2,0,1382,1789633746075882496,3812362193002323
2,0,1383,1789633746075892736,3812362193013022
2,0,1384,1789633746075904000,3812362193023809
2,0,1385,1789633746075914240,3812362193034549
2,0,1386,1789633746075925504,3812362193045248
2,0,1387,1789633746075935744,3812362193055999
2,0,1388,1789633746075945984,3812362193066680
2,0,1389,1789633746075957248,3812362193077398
2,0,1390,1789633746075967488,3812362193088100
2,0,1391,1789633746075978752,3812362193098839
2,0,1392,1789633746075988992,3812362193109550
2,0,1393,1789633746076000256,3812362193120325
2,0,1394,1789633746076010496,3812362193131040
2,0,1395,1789633746076021760,3812362193141840
2,0,1396,1789633746076032000,3812362193152550
2,0,1397,1789633746076043264,3812362193163293
2,0,1398,1789633746076053504,3812362193173982
2,0,1399,1789633746076064768,3812362193184748
2,0,1400,1789633746076075008,3812362193195490
2,0,1401,1789633746076086272,3812362193206278
2,0,1402,1789633746076096512,3812362193217023
2,0,1403,1789633746076107776,3812362193227739
2,0,1404,1789633746076118016,3812362193238539
2,0,1405,1789633746076129280,3812362193249380
2,0,1406,1789633746076139520,3812362193260193
2,0,1407,1789633746076150784,3812362193271082
2,0,1408,1789633746076161024,3812362193281862
2,0,1409,1789633746076172288,3812362193292730
2,0,1410,1789633746076183552,3812362193303502
2,0,1411,1789633746076193792,3812362193314342
2,0,1412,1789633746076205056,3812362193325148
2,0,1413,1789633746076215296,3812362193335949
2,0,1414,1789633746076226560,3812362193346796
2,0,1415,1789633746076236800,3812362193357670
2,0,1416,1789633746076248064,3812362193368640
2,0,1417,1789633746076259328,3812362193379460
2,0,1418,1789633746076269568,3812362193390326
2,0,1419,1789633746076280832,3812362193401137
2,0,1420,1789633746076292096,3812362193412020
2,0,1421,1789633746076302336,3812362193422843
2,0,1422,1789633746076313600,3812362193433676
2,0,1423,1789633746076323840,3812362193444532
2,0,1424,1789633746076335104,3812362193455386
2,0,1425,1789633746076345344,3812362193466180
2,0,1426,1789633746076356608,3812362193477030
2,0,1427,1789633746076367872,3812362193487860
2,0,1428,1789633746076378112,3812362193498700
2,0,1429,1789633746076389376,3812362193509586
2,0,1430,1789633746076399616,3812362193520430
2,0,1431,1789633746076410880,3812362193531288
2,0,1432,1789633746076422144,3812362193542268
2,0,1433,1789633746076432384,3812362193553110
2,0,1434,1789633746076443648,3812362193563948
2,0,1435,1789633746076454912,3812362193574810
2,0,1436,1789633746076465152,3812362193585670
2,0,1437,1789633746076476416,3812362193596500
2,0,1438,1789633746076486656,3812362193607382
2,0,1439,1789633746076497920,3812362193618192
2,0,1440,1789633746076509184,3812362193629036
2,0,1441,1789633746076519424,3812362193639928
2,0,1442,1789633746076530688,3812362193650808
2,0,1443,1789633746076540928,3812362193661608
2,0,1444,1789633746076552192,3812362193672560
2,0,1445,1789633746076563456,3812362193683400
2,0,1446,1789633746076573696,3812362193694242
2,0,1447,1789633746076584960,3812362193705050
2,0,1448,1789633746076595200,3812362193716006
2,0,1449,1789633746076606464,3812362193726833
2,0,1450,1789633746076617728,3812362193737670
2,0,1451,1789633746076627968,3812362193748512
2,0,1452,1789633746076639232,3812362193759346
2,0,1453,1789633746076649472,3812362193770188
2,0,1454,1789633746076660736,3812362193781020
2,0,1455,1789633746076670976,3812362193791950
2,0,1456,1789633746076682240,3812362193802792
2,0,1457,1789633746076693504,3812362193813610
2,0,1458,1789633746076703744,3812362193824455
2,0,1459,1789633746076715008,3812362193835232
2,0,1460,1789633746076725248,3812362193845947
2,0,1461,1789633746076736512,3812362193856640
2,0,1462,1789633746076746752,3812362193867372
2,0,1463,1789633746076758016,3812362193878040
2,0,1464,1789633746076768256,3812362193888788
2,0,1465,1789633746076779520,3812362193899508
2,0,1466,1789633746076789760,3812362193910250
2,0,1467,1789633746076801024,3812362193920980
2,0,1468,1789633746076811264,3812362193931736
2,0,1469,1789633746076822528,3812362193942509
2,0,1470,1789633746076832768,3812362193953288
2,0,1471,1789633746076844032,3812362193964010
2,0,1472,1789633746076854272,3812362193974770
2,0,1473,1789633746076865536,3812362193985488
2,0,1474,1789633746076875776,3812362193996212
2,0,1475,1789633746076887040,3812362194006976
2,0,1476,1789633746076897280,3812362194017670
2,0,1477,1789633746076908544,3812362194028390
2,0,1478,1789633746076918784,3812362194039122
2,0,1479,1789633746076930048,3812362194049850
2,0,1480,1789633746076940288,3812362194060590
2,0,1481,1789633746076950528,3812362194071319
2,0,1482,1789633746076961792,3812362194082053
2,0,1483,1789633746076972032,3812362194092782
2,0,1484,1789633746076983296,3812362194103546
2,0,1485,1789633746076993536,3812362194114282
2,0,1486,1789633746077004800,3812362194125070
2,0,1487,1789633746077015040,3812362194135810
2,0,1488,1789633746077026304,3812362194146578
2,0,1489,1789633746077037568,3812362194157333
2,0,1490,1789633746077047808,3812362194167820
2,0,1491,1789633746077058048,3812362194178300
2,0,1492,1789633746077068288,3812362194188820
2,0,1493,1789633746077079552,3812362194199276
2,0,1494,1789633746077089792,3812362194209780
2,0,1495,1789633746077100032,3812362194220288
2,0,1496,1789633746077110272,3812362194230890
2,0,1497,1789633746077121536,3812362194241439
2,0,1498,1789633746077131776,3812362194251929
2,0,1499,1789633746077142016,3812362194262520
2,0,1500,1789633746077153280,3812362194273008
2,0,1501,1789633746077163520,3812362194283630
2,0,1502,1789633746077173760,3812362194294163
2,0,1503,1789633746077185024,3812362194304690
2,0,1504,1789633746077195264,3812362194315210
2,0,1505,1789633746077205504,3812362194325692
2,0,1506,1789633746077215744,3812362194336308
2,0,1507,1789633746077227008,3812362194346832
2,0,1508,1789633746077237248,3812362194357320
2,0,1509,1789633746077247488,3812362194367780
2,0,1510,1789633746077258752,3812362194378299
2,0,1511,1789633746077268992,3812362194388903
2,0,1512,1789633746077279232,3812362194399380
2,0,1513,1789633746077289472,3812362194409900
2,0,1514,1789633746077300736,3812362194420383
2,0,1515,1789633746077310976,3812362194430928
2,0,1516,1789633746077321216,3812362194441570
2,0,1517,1789633746077332480,3812362194452058
2,0,1518,1789633746077342720,3812362194462620
2,0,1519,1789633746077352960,3812362194473112
2,0,1520,1789633746077363200,3812362194483650
2,0,1521,1789633746077374464,3812362194494241
2,0,1522,1789633746077384704,3812362194504792
2,0,1523,1789633746077394944,3812362194515298
2,0,1524,1789633746077406208,3812362194525740
2,0,1525,1789633746077416448,3812362194536300
2,0,1526,1789633746077426688,3812362194546928
2,0,1527,1789633746077436928,3812362194557490
2,0,1528,1789633746077448192,3812362194568000
2,0,1529,1789633746077458432,3812362194578503
2,0,1530,1789633746077468672,3812362194589022
2,0,1531,1789633746077479936,3812362194599582
2,0,1532,1789633746077490176,3812362194610060
2,0,1533,1789633746077500416,3812362194620552
2,0,1534,1789633746077510656,3812362194631058
2,0,1535,1789633746077521920,3812362194641560
2,0,1536,1789633746077532160,3812362194652039
2,0,1537,1789633746077542400,3812362194662510
2,0,1538,1789633746077552640,3812362194673050
2,0,1539,1789633746077563904,3812362194683562
2,0,1540,1789633746077574144,3812362194694052
2,0,1541,1789633746077584384,3812362194704548
2,0,1542,1789633746077594624,3812362194715040
2,0,1543,1789633746077605888,3812362194725582
2,0,1544,1789633746077616128,3812362194736143
2,0,1545,1789633746077626368,3812362194746642
2,0,1546,1789633746077636608,3812362194757130
2,0,1547,1789633746077647872,3812362194767600
2,0,1548,1789633746077658112,3812362194778142
2,0,1549,1789633746077668352,3812362194788842
2,0,1550,1789633746077679616,3812362194799382
2,0,1551,1789633746077689856,3812362194809873
2,0,1552,1789633746077700096,3812362194820372
2,0,1553,1789633746077710336,3812362194830899
2,0,1554,1789633746077721600,3812362194841505
2,0,1555,1789633746077731840,3812362194852030
2,0,1556,1789633746077742080,3812362194862540
2,0,1557,1789633746077753344,3812362194873038
2,0,1558,1789633746077763584,3812362194883529
2,0,1559,1789633746077773824,3812362194894170
2,0,1560,1789633746077785088,3812362194904708
2,0,1561,1789633746077795328,3812362194915210
2,0,1562,1789633746077805568,3812362194925710
2,0,1563,1789633746077815808,3812362194936238
2,0,1564,1789633746077827072,3812362194946930
2,0,1565,1789633746077837312,3812362194957463
2,0,1566,1789633746077847552,3812362194967969
2,0,1567,1789633746077858816,3812362194978432
2,0,1568,1789633746077869056,3812362194988956
2,0,1569,1789633746077879296,3812362194999510
2,0,1570,1789633746077889536,3812362195010052
2,0,1571,1789633746077900800,3812362195020575
2,0,1572,1789633746077911040,3812362195031058
2,0,1573,1789633746077921280,3812362195041540
2,0,1574,1789633746077931520,3812362195052208
2,0,1575,1789633746077942784,3812362195062763
2,0,1576,1789633746077953024,3812362195073232
2,0,1577,1789633746077963264,3812362195083682
2,0,1578,1789633746077974528,3812362195094222
2,0,1579,1789633746077984768,3812362195104868
2,0,1580,1789633746077995008,3812362195115412
2,0,1581,1789633746078006272,3812362195125900
2,0,1582,1789633746078016512,3812362195136400
2,0,1583,1789633746078026752,3812362195146920
2,0,1584,1789633746078036992,3812362195157530
2,0,1585,1789633746078048256,3812362195168062
2,0,1586,1789633746078058496,3812362195178520
2,0,1587,1789633746078068736,3812362195189028
2,0,1588,1789633746078078976,3812362195199528
2,0,1589,1789633746078090240,3812362195210209
2,0,1590,1789633746078100480,3812362195220810
2,0,1591,1789633746078110720,3812362195231248
2,0,1592,1789633746078121984,3812362195241709
2,0,1593,1789633746078132224,3812362195252229
2,0,1594,1789633746078142464,3812362195262890
2,0,1595,1789633746078153728,3812362195273385
2,0,1596,1789633746078163968,3812362195283928
2,0,1597,1789633746078174208,3812362195294389
2,0,1598,1789633746078184448,3812362195304910
2,0,1599,1789633746078195712,3812362195315575
2,0,1600,1789633746078205952,3812362195326105
2,0,1601,1789633746078216192,3812362195336598
2,0,1602,1789633746078227456,3812362195347092
2,0,1603,1789633746078237696,3812362195357649
2,0,1604,1789633746078247936,3812362195368232
2,0,1605,1789633746078258176,3812362195378782
2,0,1606,1789633746078269440,3812362195389260
2,0,1607,1789633746078279680,3812362195399740
2,0,1608,1789633746078289920,3812362195410242
2,0,1609,1789633746078301184,3812362195420902
2,0,1610,1789633746078311424,3812362195431432
2,0,1611,1789633746078321664,3812362195441928
2,0,1612,1789633746078332928,3812362195452510
2,0,1613,1789633746078343168,3812362195463010
2,0,1614,1789633746078353408,3812362195473648
2,0,1615,1789633746078363648,3812362195484190
2,0,1616,1789633746078374912,3812362195494703
2,0,1617,1789633746078385152,3812362195505192
2,0,1618,1789633746078395392,3812362195515740
2,0,1619,1789633746078406656,3812362195526330
2,0,1620,1789633746078416896,3812362195536850
2,0,1621,1789633746078427136,3812362195547382
2,0,1622,1789633746078437376,3812362195557860
2,0,1623,1789633746078448640,3812362195568350
2,0,1624,1789633746078458880,3812362195579002
2,0,1625,1789633746078469120,3812362195589553
2,0,1626,1789633746078480384,3812362195600103
2,0,1627,1789633746078490624,3812362195610587
2,0,1628,1789633746078500864,3812362195621110
2,0,1629,1789633746078511104,3812362195631673
2,0,1630,1789633746078522368,3812362195642158
2,0,1631,1789633746078532608,3812362195652669
2,0,1632,1789633746078542848,3812362195663140
2,0,1633,1789633746078554112,3812362195673685
2,0,1634,1789633746078564352,3812362195684352
2,0,1635,1789633746078574592,3812362195694892
2,0,1636,1789633746078584832,3812362195705340
2,0,1637,1789633746078596096,3812362195715828
2,0,1638,1789633746078606336,3812362195726373
2,0,1639,1789633746078616576,3812362195737018
2,0,1640,1789633746078627840,3812362195747575
2,0,1641,1789633746078638080,3812362195758060
2,0,1642,1789633746078648320,3812362195768561
2,0,1643,1789633746078658560,3812362195779088
2,0,1644,1789633746078669824,3812362195789690
2,0,1645,1789633746078680064,3812362195800178
2,0,1646,1789633746078690304,3812362195810698
2,0,1647,1789633746078701568,3812362195821198
2,0,1648,1789633746078711808,3812362195831709
2,0,1649,1789633746078722048,3812362195842378
2,0,1650,1789633746078732288,3812362195852890
2,0,1651,1789633746078743552,3812362195863390
2,0,1652,1789633746078753792,3812362195873910
2,0,1653,1789633746078764032,3812362195884418
2,0,1654,1789633746078775296,3812362195895018
2,0,1655,1789633746078785536,3812362195905588
2,0,1656,1789633746078795776,3812362195916080
2,0,1657,1789633746078806016,3812362195926582
2,0,1658,1789633746078817280,3812362195937100
2,0,1659,1789633746078827520,3812362195947710
2,0,1660,1789633746078837760,3812362195958202
2,0,1661,1789633746078849024,3812362195968683
2,0,1662,1789633746078859264,3812362195979185
2,0,1663,1789633746078869504,3812362195989738
2,0,1664,1789633746078879744,3812362196000412
2,0,1665,1789633746078891008,3812362196010940
2,0,1666,1789633746078901248,3812362196021400
2,0,1667,1789633746078911488,3812362196031883
2,0,1668,1789633746078922752,3812362196042425
2,0,1669,1789633746078932992,3812362196053036
2,0,1670,1789633746078943232,3812362196063570
2,0,1671,1789633746078954496,3812362196074092
2,0,1672,1789633746078964736,3812362196084578
2,0,1673,1789633746078974976,3812362196095125
2,0,1674,1789633746078985216,3812362196105712
2,0,1675,1789633746078996480,3812362196116268
2,0,1676,1789633746079006720,3812362196126862
2,0,1677,1789633746079016960,3812362196137470
2,0,1678,1789633746079028224,3812362196148082
2,0,1679,1789633746079038464,3812362196158695
2,0,1680,1789633746079048704,3812362196169285
2,0,1681,1789633746079059968,3812362196179905
2,0,1682,1789633746079070208,3812362196190540
2,0,1683,1789633746079081472,3812362196201232
2,0,1684,1789633746079091712,3812362196211814
2,0,1685,1789633746079101952,3812362196222410
2,0,1686,1789633746079113216,3812362196233022
2,0,1687,1789633746079123456,3812362196243652
2,0,1688,1789633746079133696,3812362196254260
2,0,1689,1789633746079144960,3812362196264820
2,0,1690,1789633746079155200,3812362196275495
2,0,1691,1789633746079165440,3812362196286090
2,0,1692,1789633746079176704,3812362196296700
2,0,1693,1789633746079186944,3812362196307305
2,0,1694,1789633746079198208,3812362196317900
2,0,1695,1789633746079208448,3812362196328510
2,0,1696,1789633746079218688,3812362196339120
2,0,1697,1789633746079229952,3812362196349742
2,0,1698,1789633746079240192,3812362196360356
2,0,1699,1789633746079250432,3812362196371128
2,0,1700,1789633746079261696,3812362196381730
2,0,1701,1789633746079271936,3812362196392425
2,0,1702,1789633746079283200,3812362196402980
2,0,1703,1789633746079293440,3812362196413598
2,0,1704,1789633746079303680,3812362196424213
2,0,1705,1789633746079314944,3812362196434810
2,0,1706,1789633746079325184,3812362196445453
2,0,1707,1789633746079335424,3812362196456053
2,0,1708,1789633746079346688,3812362196466685
2,0,1709,1789633746079356928,3812362196477290
2,0,1710,1789633746079368192,3812362196488000
2,0,1711,1789633746079378432,3812362196498590
2,0,1712,1789633746079388672,3812362196509202
2,0,1713,1789633746079399936,3812362196519788
2,0,1714,1789633746079410176,3812362196530393
2,0,1715,1789633746079420416,3812362196541028
2,0,1716,1789633746079431680,3812362196551688
2,0,1717,1789633746079441920,3812362196562300
2,0,1718,1789633746079453184,3812362196572930
2,0,1719,1789633746079463424,3812362196583590
2,0,1720,1789633746079473664,3812362196594175
2,0,1721,1789633746079484928,3812362196604768
2,0,1722,1789633746079495168,3812362196615325
2,0,1723,1789633746079505408,3812362196625932
2,0,1724,1789633746079516672,3812362196636530
2,0,1725,1789633746079526912,3812362196647133
2,0,1726,1789633746079537152,3812362196657742
2,0,1727,1789633746079548416,3812362196668369
2,0,1728,1789633746079558656,3812362196678980
2,0,1729,1789633746079569920,3812362196689590
2,0,1730,1789633746079580160,3812362196700252
2,0,1731,1789633746079590400,3812362196710798
2,0,1732,1789633746079601664,3812362196721398
2,0,1733,1789633746079611904,3812362196732014
2,0,1734,1789633746079622144,3812362196742610
2,0,1735,1789633746079633408,3812362196753310
2,0,1736,1789633746079643648,3812362196763928
2,0,1737,1789633746079653888,3812362196774535
2,0,1738,1789633746079665152,3812362196785153
2,0,1739,1789633746079675392,3812362196795748
2,0,1740,1789633746079686656,3812362196806360
2,0,1741,1789633746079696896,3812362196816950
2,0,1742,1789633746079707136,3812362196827603
2,0,1743,1789633746079718400,3812362196838158
2,0,1744,1789633746079728640,3812362196848778
2,0,1745,1789633746079738880,3812362196859390
2,0,1746,1789633746079750144,3812362196869990
2,0,1747,1789633746079760384,3812362196880587
2,0,1748,1789633746079770624,3812362196891218
2,0,1749,1789633746079781888,3812362196901775
2,0,1750,1789633746079792128,3812362196912320
2,0,1751,1789633746079802368,3812362196922900
2,0,1752,1789633746079813632,3812362196933500
2,0,1753,1789633746079823872,3812362196944108
2,0,1754,1789633746079834112,3812362196954712
2,0,1755,1789633746079845376,3812362196965332
2,0,1756,1789633746079855616,3812362196975892
2,0,1757,1789633746079865856,3812362196986548
2,0,1758,1789633746079877120,3812362196997169
2,0,1759,1789633746079887360,3812362197007752
2,0,1760,1789633746079898624,3812362197018316
2,0,1761,1789633746079908864,3812362197028933
2,0,1762,1789633746079919104,3812362197039547
2,0,1763,1789633746079930368,3812362197050145
2,0,1764,1789633746079940608,3812362197060809
2,0,1765,1789633746079950848,3812362197071433
2,0,1766,1789633746079962112,3812362197082000
2,0,1767,1789633746079972352,3812362197092500
2,0,1768,1789633746079982592,3812362197103023
2,0,1769,1789633746079993856,3812362197113508
2,0,1770,1789633746080004096,3812362197124063
2,0,1771,1789633746080014336,3812362197134610
2,0,1772,1789633746080024576,3812362197145112
2,0,1773,1789633746080035840,3812362197155602
2,0,1774,1789633746080046080,3812362197166145
2,0,1775,1789633746080056320,3812362197176733
2,0,1776,1789633746080067584,3812362197187232
2,0,1777,1789633746080077824,3812362197197689
2,0,1778,1789633746080088064,3812362197208230
2,0,1779,1789633746080098304,3812362197218775
2,0,1780,1789633746080109568,3812362197229398
2,0,1781,1789633746080119808,3812362197239940
2,0,1782,1789633746080130048,3812362197250422
2,0,1783,1789633746080141312,3812362197260917
2,0,1784,1789633746080151552,3812362197271458
2,0,1785,1789633746080161792,3812362197282078
2,0,1786,1789633746080172032,3812362197292575
2,0,1787,1789633746080183296,3812362197303123
2,0,1788,1789633746080193536,3812362197313668
2,0,1789,1789633746080203776,3812362197324182
2,0,1790,1789633746080215040,3812362197334735
2,0,1791,1789633746080225280,3812362197345273
2,0,1792,1789633746080235520,3812362197355748
2,0,1793,1789633746080245760,3812362197366202
2,0,1794,1789633746080257024,3812362197376740
2,0,1795,1789633746080267264,3812362197387330
2,0,1796,1789633746080277504,3812362197397878
2,0,1797,1789633746080287744,3812362197408310
2,0,1798,1789633746080299008,3812362197418814
2,0,1799,1789633746080309248,3812362197429300
2,0,1800,1789633746080319488,3812362197439770
2,0,1801,1789633746080329728,3812362197450290
2,0,1802,1789633746080340992,3812362197460810
2,0,1803,1789633746080351232,3812362197471343
2,0,1804,1789633746080361472,3812362197481830
2,0,1805,1789633746080371712,3812362197492300
2,0,1806,1789633746080382976,3812362197502810
2,0,1807,1789633746080393216,3812362197513313
2,0,1808,1789633746080403456,3812362197523902
2,0,1809,1789633746080414720,3812362197534443
2,0,1810,1789633746080424960,3812362197544978
2,0,1811,1789633746080435200,3812362197555418
2,0,1812,1789633746080445440,3812362197565940
2,0,1813,1789633746080456704,3812362197576558
2,0,1814,1789633746080466944,3812362197587050
2,0,1815,1789633746080477184,3812362197597600
2,0,1816,1789633746080488448,3812362197608083
2,0,1817,1789633746080498688,3812362197618633
2,0,1818,1789633746080508928,3812362197629238
2,0,1819,1789633746080519168,3812362197639730
2,0,1820,1789633746080530432,3812362197650220
2,0,1821,1789633746080540672,3812362197660708
2,0,1822,1789633746080550912,3812362197671208
2,0,1823,1789633746080561152,3812362197681928
2,0,1824,1789633746080572416,3812362197692531
2,0,1825,1789633746080582656,3812362197703052
2,0,1826,1789633746080593920,3812362197713530
2,0,1827,1789633746080604160,3812362197724040
2,0,1828,1789633746080614400,3812362197734658
2,0,1829,1789633746080624640,3812362197745212
2,0,1830,1789633746080635904,3812362197755704
2,0,1831,1789633746080646144,3812362197766228
2,0,1832,1789633746080656384,3812362197776732
2,0,1833,1789633746080667648,3812362197787345
2,0,1834,1789633746080677888,3812362197797840
2,0,1835,1789633746080688128,3812362197808348
2,0,1836,1789633746080698368,3812362197818830
2,0,1837,1789633746080709632,3812362197829338
2,0,1838,1789633746080719872,3812362197840023
2,0,1839,1789633746080730112,3812362197850528
2,0,1840,1789633746080741376,3812362197861060
2,0,1841,1789633746080751616,3812362197871516
2,0,1842,1789633746080761856,3812362197882043
2,0,1843,1789633746080772096,3812362197892690
2,0,1844,1789633746080783360,3812362197903180
2,0,1845,1789633746080793600,3812362197913732
2,0,1846,1789633746080803840,3812362197924254
2,0,1847,1789633746080815104,3812362197934756
2,0,1848,1789633746080825344,3812362197945370
2,0,1849,1789633746080835584,3812362197955876
2,0,1850,1789633746080845824,3812362197966408
2,0,1851,1789633746080857088,3812362197976898
2,0,1852,1789633746080867328,3812362197987438
2,0,1853,1789633746080877568,3812362197998028
2,0,1854,1789633746080888832,3812362198008555
2,0,1855,1789633746080899072,3812362198019082
2,0,1856,1789633746080909312,3812362198029558
2,0,1857,1789633746080919552,3812362198040080
2,0,1858,1789633746080930816,3812362198050711
2,0,1859,1789633746080941056,3812362198061209
2,0,1860,1789633746080951296,3812362198071758
2,0,1861,1789633746080962560,3812362198082258
2,0,1862,1789633746080972800,3812362198092739
2,0,1863,1789633746080983040,3812362198103390
2,0,1864,1789633746080994304,3812362198113920
2,0,1865,1789633746081004544,3812362198124413
2,0,1866,1789633746081014784,3812362198134882
2,0,1867,1789633746081025024,3812362198145370
2,0,1868,1789633746081036288,3812362198156050
2,0,1869,1789633746081046528,3812362198166540
2,0,1870,1789633746081056768,3812362198177088
2,0,1871,1789633746081067008,3812362198187560
2,0,1872,1789633746081078272,3812362198198100
2,0,1873,1789633746081088512,3812362198208772
2,0,1874,1789633746081098752,3812362198219300
2,0,1875,1789633746081110016,3812362198229840
2,0,1876,1789633746081120256,3812362198240344
2,0,1877,1789633746081130496,3812362198250892
2,0,1878,1789633746081141760,3812362198261390
2,0,1879,1789633746081152000,3812362198271903
2,0,1880,1789633746081162240,3812362198282516
2,0,1881,1789633746081172480,3812362198293010
2,0,1882,1789633746081183744,3812362198303542
2,0,1883,1789633746081193984,3812362198314072
2,0,1884,1789633746081204224,3812362198324615
2,0,1885,1789633746081215488,3812362198335130
2,0,1886,1789633746081225728,3812362198345620
2,0,1887,1789633746081235968,3812362198356169
2,0,1888,1789633746081246208,3812362198366720
2,0,1889,1789633746081257472,3812362198377253
2,0,1890,1789633746081267712,3812362198387722
2,0,1891,1789633746081277952,3812362198398208
2,0,1892,1789633746081288192,3812362198408693
2,0,1893,1789633746081299456,3812362198419320
2,0,1894,1789633746081309696,3812362198429810
2,0,1895,1789633746081319936,3812362198440283
2,0,1896,1789633746081330176,3812362198450785
2,0,1897,1789633746081341440,3812362198461330
2,0,1898,1789633746081351680,3812362198471992
2,0,1899,1789633746081361920,3812362198482553
2,0,1900,1789633746081373184,3812362198493048
2,0,1901,1789633746081383424,3812362198503538
2,0,1902,1789633746081393664,3812362198514076
2,0,1903,1789633746081404928,3812362198524672
2,0,1904,1789633746081415168,3812362198535172
2,0,1905,1789633746081425408,3812362198545708
2,0,1906,1789633746081435648,3812362198556200
2,0,1907,1789633746081446912,3812362198566732
2,0,1908,1789633746081457152,3812362198577335
2,0,1909,1789633746081467392,3812362198587882
2,0,1910,1789633746081478656,3812362198598378
2,0,1911,1789633746081488896,3812362198608878
2,0,1912,1789633746081499136,3812362198619410
2,0,1913,1789633746081509376,3812362198630022
2,0,1914,1789633746081520640,3812362198640589
2,0,1915,1789633746081530880,3812362198651143
2,0,1916,1789633746081541120,3812362198661683
2,0,1917,1789633746081552384,3812362198672188
2,0,1918,1789633746081562624,3812362198682778
2,0,1919,1789633746081572864,3812362198693278
2,0,1920,1789633746081584128,3812362198703740
2,0,1921,1789633746081594368,3812362198714260
2,0,1922,1789633746081604608,3812362198724798
2,0,1923,1789633746081614848,3812362198735440
2,0,1924,1789633746081626112,3812362198745921
2,0,1925,1789633746081636352,3812362198756430
2,0,1926,1789633746081646592,3812362198766913
2,0,1927,1789633746081656832,3812362198777428
2,0,1928,1789633746081668096,3812362198788022
2,0,1929,1789633746081678336,3812362198798568
2,0,1930,1789633746081688576,3812362198809080
2,0,1931,1789633746081699840,3812362198819565
2,0,1932,1789633746081710080,3812362198830048
2,0,1933,1789633746081720320,3812362198840808
2,0,1934,1789633746081731584,3812362198851180
2,0,1935,1789633746081741824,3812362198861670
2,0,1936,1789633746081752064,3812362198872213
2,0,1937,1789633746081762304,3812362198882728
2,0,1938,1789633746081773568,3812362198893393
2,0,1939,1789633746081783808,3812362198903949
2,0,1940,1789633746081794048,3812362198914558
2,0,1941,1789633746081805312,3812362198925013
2,0,1942,1789633746081815552,3812362198935529
2,0,1943,1789633746081825792,3812362198946138
2,0,1944,1789633746081836032,3812362198956673
2,0,1945,1789633746081847296,3812362198967108
2,0,1946,1789633746081857536,3812362198977620
2,0,1947,1789633746081867776,3812362198988130
2,0,1948,1789633746081878016,3812362198998730
2,0,1949,1789633746081889280,3812362199009200
2,0,1950,1789633746081899520,3812362199019698
2,0,1951,1789633746081909760,3812362199030194
2,0,1952,1789633746081921024,3812362199040808
2,0,1953,1789633746081931264,3812362199051202
2,0,1954,1789633746081941504,3812362199061698
2,0,1955,1789633746081951744,3812362199072172
2,0,1956,1789633746081963008,3812362199082702
2,0,1957,1789633746081973248,3812362199093205
2,0,1958,1789633746081983488,3812362199103753
2,0,1959,1789633746081993728,3812362199114244
2,0,1960,1789633746082004992,3812362199124800
2,0,1961,1789633746082015232,3812362199135383
2,0,1962,1789633746082025472,3812362199145872
2,0,1963,1789633746082036736,3812362199156360
2,0,1964,1789633746082046976,3812362199166880
2,0,1965,1789633746082057216,3812362199177413
2,0,1966,1789633746082067456,3812362199188040
2,0,1967,1789633746082078720,3812362199198580
2,0,1968,1789633746082088960,3812362199209090
2,0,1969,1789633746082099200,3812362199219548
2,0,1970,1789633746082109440,3812362199230038
2,0,1971,1789633746082120704,3812362199240625
2,0,1972,1789633746082130944,3812362199251172
2,0,1973,1789633746082141184,3812362199261672
2,0,1974,1789633746082152448,3812362199272210
2,0,1975,1789633746082162688,3812362199282700
2,0,1976,1789633746082172928,3812362199293410
2,0,1977,1789633746082184192,3812362199303900
2,0,1978,1789633746082194432,3812362199314428
2,0,1979,1789633746082204672,3812362199324960
2,0,1980,1789633746082214912,3812362199335480
2,0,1981,1789633746082226176,3812362199346038
2,0,1982,1789633746082236416,3812362199356574
2,0,1983,1789633746082246656,3812362199367100
2,0,1984,1789633746082257920,3812362199377572
2,0,1985,1789633746082268160,3812362199388042
2,0,1986,1789633746082278400,3812362199398640
2,0,1987,1789633746082288640,3812362199409190
2,0,1988,1789633746082299904,3812362199419684
2,0,1989,1789633746082310144,3812362199430173
2,0,1990,1789633746082320384,3812362199440807
2,0,1991,1789633746082330624,3812362199451307
2,0,1992,1789633746082341888,3812362199461783
2,0,1993,1789633746082352128,3812362199472310
2,0,1994,1789633746082362368,3812362199482799
2,0,1995,1789633746082373632,3812362199493375
2,0,1996,1789633746082383872,3812362199503980
2,0,1997,1789633746082394112,3812362199514572
2,0,1998,1789633746082405376,3812362199525050
2,0,1999,1789633746082415616,3812362199535537
2,0,2000,1789633746082425856,3812362199546054
2,0,2001,1789633746082436096,3812362199556657
2,0,2002,1789633746082447360,3812362199567210
2,0,2003,1789633746082457600,3812362199577730
2,0,2004,1789633746082467840,3812362199588262
2,0,2005,1789633746082479104,3812362199598790
2,0,2006,1789633746082489344,3812362199609412
2,0,2007,1789633746082499584,3812362199619975
2,0,2008,1789633746082509824,3812362199630465
2,0,2009,1789633746082521088,3812362199640970
2,0,2010,1789633746082531328,3812362199651528
2,0,2011,1789633746082541568,3812362199662091
2,0,2012,1789633746082552832,3812362199672596
2,0,2013,1789633746082563072,3812362199683132
2,0,2014,1789633746082573312,3812362199693607
2,0,2015,1789633746082583552,3812362199704110
2,0,2016,1789633746082594816,3812362199714773
2,0,2017,1789633746082605056,3812362199725330
2,0,2018,1789633746082615296,3812362199735884
2,0,2019,1789633746082626560,3812362199746352
2,0,2020,1789633746082636800,3812362199756890
2,0,2021,1789633746082647040,3812362199767450
2,0,2022,1789633746082658304,3812362199777952
2,0,2023,1789633746082668544,3812362199788487
2,0,2024,1789633746082678784,3812362199798982
2,0,2025,1789633746082689024,3812362199809525
2,0,2026,1789633746082700288,3812362199820100
2,0,2027,1789633746082710528,3812362199830690
2,0,2028,1789633746082720768,3812362199841177
2,0,2029,1789633746082731008,3812362199851615
2,0,2030,1789633746082742272,3812362199862142
2,0,2031,1789633746082752512,3812362199872787
2,0,2032,1789633746082762752,3812362199883339
2,0,2033,1789633746082774016,3812362199893843
2,0,2034,1789633746082784256,3812362199904375
2,0,2035,1789633746082794496,3812362199914889
2,0,2036,1789633746082804736,3812362199925470
2,0,2037,1789633746082816000,3812362199935984
2,0,2038,1789633746082826240,3812362199946500
2,0,2039,1789633746082836480,3812362199957022
2,0,2040,1789633746082847744,3812362199967553
2,0,2041,1789633746082857984,3812362199978147
2,0,2042,1789633746082868224,3812362199988702
2,0,2043,1789633746082879488,3812362199999240
2,0,2044,1789633746082889728,3812362200009710
2,0,2045,1789633746082899968,3812362200020232
2,0,2046,1789633746082910208,3812362200030815
2,0,2047,1789633746082921472,3812362200041338
2,0,2048,1789633746082931712,3812362200051857
2,0,2049,1789633746082941952,3812362200062380
2,0,2050,1789633746082953216,3812362200072925
2,0,2051,1789633746082963456,3812362200083477
2,0,2052,1789633746082973696,3812362200094020
2,0,2053,1789633746082983936,3812362200104583
2,0,2054,1789633746082995200,3812362200115122
2,0,2055,1789633746083005440,3812362200125660
2,0,2056,1789633746083015680,3812362200136165
2,0,2057,1789633746083026944,3812362200146690
2,0,2058,1789633746083037184,3812362200157260
2,0,2059,1789633746083047424,3812362200167742
2,0,2060,1789633746083057664,3812362200178260
2,0,2061,1789633746083068928,3812362200188807
2,0,2062,1789633746083079168,3812362200199332
2,0,2063,1789633746083089408,3812362200209825
2,0,2064,1789633746083100672,3812362200220340
2,0,2065,1789633746083110912,3812362200230862
2,0,2066,1789633746083121152,3812362200241483
2,0,2067,1789633746083131392,3812362200252018
2,0,2068,1789633746083142656,3812362200262527
2,0,2069,1789633746083152896,3812362200273030
2,0,2070,1789633746083163136,3812362200283574
2,0,2071,1789633746083174400,3812362200294170
2,0,2072,1789633746083184640,3812362200304662
2,0,2073,1789633746083194880,3812362200315208
2,0,2074,1789633746083205120,3812362200325702
2,0,2075,1789633746083216384,3812362200336202
2,0,2076,1789633746083226624,3812362200346842
2,0,2077,1789633746083236864,3812362200357377
2,0,2078,1789633746083248128,3812362200367865
2,0,2079,1789633746083258368,3812362200378380
2,0,2080,1789633746083268608,3812362200388927
2,0,2081,1789633746083278848,3812362200399510
2,0,2082,1789633746083290112,3812362200410015
2,0,2083,1789633746083300352,3812362200420552
2,0,2084,1789633746083310592,3812362200431030
2,0,2085,1789633746083321856,3812362200441560
2,0,2086,1789633746083332096,3812362200452213
2,0,2087,1789633746083342336,3812362200462740
2,0,2088,1789633746083352576,3812362200473220
2,0,2089,1789633746083363840,3812362200483730
2,0,2090,1789633746083374080,3812362200494222
2,0,2091,1789633746083384320,3812362200504870
2,0,2092,1789633746083395584,3812362200515412
2,0,2093,1789633746083405824,3812362200525890
2,0,2094,1789633746083416064,3812362200536380
2,0,2095,1789633746083426304,3812362200546913
2,0,2096,1789633746083437568,3812362200557542
2,0,2097,1789633746083447808,3812362200568040
2,0,2098,1789633746083458048,3812362200578560
2,0,2099,1789633746083469312,3812362200589053
2,0,2100,1789633746083479552,3812362200599583
2,0,2101,1789633746083489792,3812362200610187
2,0,2102,1789633746083500032,3812362200620712
2,0,2103,1789633746083511296,3812362200631240
2,0,2104,1789633746083521536,3812362200641697
2,0,2105,1789633746083531776,3812362200652200
2,0,2106,1789633746083543040,3812362200662777
2,0,2107,1789633746083553280,3812362200673338
2,0,2108,1789633746083563520,3812362200683842
2,0,2109,1789633746083573760,3812362200694370
2,0,2110,1789633746083585024,3812362200704900
2,0,2111,1789633746083595264,3812362200715550
2,0,2112,1789633746083605504,3812362200726087
2,0,2113,1789633746083616768,3812362200736577
2,0,2114,1789633746083627008,3812362200747042
2,0,2115,1789633746083637248,3812362200757575
2,0,2116,1789633746083647488,3812362200768132
2,0,2117,1789633746083658752,3812362200778669
2,0,2118,1789633746083668992,3812362200789170
2,0,2119,1789633746083679232,3812362200799650
2,0,2120,1789633746083689472,3812362200810130
2,0,2121,1789633746083700736,3812362200820820
2,0,2122,1789633746083710976,3812362200831381
2,0,2123,1789633746083721216,3812362200841852
2,0,2124,1789633746083732480,3812362200852363
2,0,2125,1789633746083742720,3812362200862872
2,0,2126,1789633746083752960,3812362200873472
2,0,2127,1789633746083764224,3812362200883987
2,0,2128,1789633746083774464,3812362200894437
2,0,2129,1789633746083784704,3812362200904950
2,0,2130,1789633746083794944,3812362200915450
2,0,2131,1789633746083806208,3812362200926180
2,0,2132,1789633746083816448,3812362200936702
2,0,2133,1789633746083826688,3812362200947200
2,0,2134,1789633746083837952,3812362200957647
2,0,2135,1789633746083848192,3812362200968178
2,0,2136,1789633746083858432,3812362200978850
2,0,2137,1789633746083868672,3812362200989325
2,0,2138,1789633746083879936,3812362200999857
2,0,2139,1789633746083890176,3812362201010352
2,0,2140,1789633746083900416,3812362201020858
2,0,2141,1789633746083911680,3812362201031573
2,0,2142,1789633746083921920,3812362201042110
2,0,2143,1789633746083932160,3812362201052580
2,0,2144,1789633746083943424,3812362201063055
2,0,2145,1789633746083953664,3812362201073585
2,0,2146,1789633746083963904,3812362201084157
2,0,2147,1789633746083974144,3812362201094702
2,0,2148,1789633746083985408,3812362201105214
2,0,2149,1789633746083995648,3812362201115690
2,0,2150,1789633746084005888,3812362201126210
2,0,2151,1789633746084016128,3812362201136867
2,0,2152,1789633746084027392,3812362201147360
2,0,2153,1789633746084037632,3812362201157869
2,0,2154,1789633746084047872,3812362201168362
2,0,2155,1789633746084059136,3812362201178890
2,0,2156,1789633746084069376,3812362201189507
2,0,2157,1789633746084079616,3812362201200055
2,0,2158,1789633746084090880,3812362201210550
2,0,2159,1789633746084101120,3812362201221047
2,0,2160,1789633746084111360,3812362201231575
2,0,2161,1789633746084121600,3812362201242187
2,0,2162,1789633746084132864,3812362201252724
2,0,2163,1789633746084143104,3812362201263220
2,0,2164,1789633746084153344,3812362201273697
2,0,2165,1789633746084163584,3812362201284258
2,0,2166,1789633746084174848,3812362201294850
2,0,2167,1789633746084185088,3812362201305332
2,0,2168,1789633746084195328,3812362201315887
2,0,2169,1789633746084206592,3812362201326420
2,0,2170,1789633746084216832,3812362201336940
2,0,2171,1789633746084227072,3812362201347607
2,0,2172,1789633746084238336,3812362201358180
2,0,2173,1789633746084248576,3812362201368615
2,0,2174,1789633746084258816,3812362201379061
2,0,2175,1789633746084269056,3812362201389587
2,0,2176,1789633746084280320,3812362201400190
2,0,2177,1789633746084290560,3812362201410807
2,0,2178,1789633746084300800,3812362201421237
2,0,2179,1789633746084312064,3812362201431763
2,0,2180,1789633746084322304,3812362201442245
2,0,2181,1789633746084332544,3812362201452867
2,0,2182,1789633746084342784,3812362201463415
2,0,2183,1789633746084354048,3812362201473903
2,0,2184,1789633746084364288,3812362201484432
2,0,2185,1789633746084374528,3812362201494910
2,0,2186,1789633746084384768,3812362201505540
2,0,2187,1789633746084396032,3812362201516032
2,0,2188,1789633746084406272,3812362201526530
2,0,2189,1789633746084416512,3812362201537023
2,0,2190,1789633746084427776,3812362201547532
2,0,2191,1789633746084438016,3812362201558214
2,0,2192,1789633746084448256,3812362201568740
2,0,2193,1789633746084459520,3812362201579260
2,0,2194,1789633746084469760,3812362201589730
2,0,2195,1789633746084480000,3812362201600277
2,0,2196,1789633746084490240,3812362201610897
2,0,2197,1789633746084501504,3812362201621368
2,0,2198,1789633746084511744,3812362201631860
2,0,2199,1789633746084521984,3812362201642343
2,0,2200,1789633746084532224,3812362201652870
2,0,2201,1789633746084543488,3812362201663320
2,0,2202,1789633746084553728,3812362201673830
2,0,2203,1789633746084563968,3812362201684327
2,0,2204,1789633746084574208,3812362201694860
2,0,2205,1789633746084585472,3812362201705380
2,0,2206,1789633746084595712,3812362201715890
2,0,2207,1789633746084605952,3812362201726428
2,0,2208,1789633746084617216,3812362201736983
2,0,2209,1789633746084627456,3812362201747540
2,0,2210,1789633746084637696,3812362201758062
2,0,2211,1789633746084647936,3812362201768578
2,0,2212,1789633746084659200,3812362201779073
2,0,2213,1789633746084669440,3812362201789564
2,0,2214,1789633746084679680,3812362201800210
2,0,2215,1789633746084690944,3812362201810724
2,0,2216,1789633746084701184,3812362201821252
2,0,2217,1789633746084711424,3812362201831742
2,0,2218,1789633746084721664,3812362201842272
2,0,2219,1789633746084732928,3812362201852880
2,0,2220,1789633746084743168,3812362201863388
2,0,2221,1789633746084753408,3812362201873933
2,0,2222,1789633746084764672,3812362201884460
2,0,2223,1789633746084774912,3812362201895078
2,0,2224,1789633746084785152,3812362201905660
2,0,2225,1789633746084796416,3812362201916262
2,0,2226,1789633746084806656,3812362201926928
2,0,2227,1789633746084816896,3812362201937532
2,0,2228,1789633746084828160,3812362201948130
2,0,2229,1789633746084838400,3812362201958737
2,0,2230,1789633746084848640,3812362201969390
2,0,2231,1789633746084859904,3812362201980005
2,0,2232,1789633746084870144,3812362201990575
2,0,2233,1789633746084880384,3812362202001132
2,0,2234,1789633746084891648,3812362202011695
2,0,2235,1789633746084901888,3812362202022250
2,0,2236,1789633746084912128,3812362202032727
2,0,2237,1789633746084923392,3812362202043260
2,0,2238,1789633746084933632,3812362202053814
2,0,2239,1789633746084943872,3812362202064373
2,0,2240,1789633746084955136,3812362202074860
2,0,2241,1789633746084965376,3812362202085360
2,0,2242,1789633746084975616,3812362202095860
2,0,2243,1789633746084985856,3812362202106516
2,0,2244,1789633746084997120,3812362202117060
2,0,2245,1789633746085007360,3812362202127542
2,0,2246,1789633746085017600,3812362202138050
2,0,2247,1789633746085028864,3812362202148582
2,0,2248,1789633746085039104,3812362202159172
2,0,2249,1789633746085049344,3812362202169672
2,0,2250,1789633746085059584,3812362202180203
2,0,2251,1789633746085070848,3812362202190700
2,0,2252,1789633746085081088,3812362202201202
2,0,2253,1789633746085091328,3812362202211855
2,0,2254,1789633746085102592,3812362202222390
2,0,2255,1789633746085112832,3812362202232892
2,0,2256,1789633746085123072,3812362202243400
2,0,2257,1789633746085133312,3812362202253927
2,0,2258,1789633746085144576,3812362202264494
2,0,2259,1789633746085154816,3812362202275000
2,0,2260,1789633746085165056,3812362202285464
2,0,2261,1789633746085175296,3812362202295971
2,0,2262,1789633746085186560,3812362202306529
2,0,2263,1789633746085196800,3812362202317087
2,0,2264,1789633746085207040,3812362202327641
2,0,2265,1789633746085218304,3812362202338137
2,0,2266,1789633746085228544,3812362202348589
2,0,2267,1789633746085238784,3812362202359159
2,0,2268,1789633746085249024,3812362202369771
2,0,2269,1789633746085260288,3812362202380289
2,0,2270,1789633746085270528,3812362202390830
2,0,2271,1789633746085280768,3812362202401320
2,0,2272,1789633746085292032,3812362202411867
2,0,2273,1789633746085302272,3812362202422437
2,0,2274,1789633746085312512,3812362202432943
2,0,2275,1789633746085323776,3812362202443481
2,0,2276,1789633746085334016,3812362202454010
2,0,2277,1789633746085344256,3812362202464567
2,0,2278,1789633746085354496,3812362202475179
2,0,2279,1789633746085365760,3812362202485668
2,0,2280,1789633746085376000,3812362202496178
2,0,2281,1789633746085386240,3812362202506617
2,0,2282,1789633746085396480,3812362202517127
2,0,2283,1789633746085407744,3812362202527773
2,0,2284,1789633746085417984,3812362202538326
2,0,2285,1789633746085428224,3812362202548833
2,0,2286,1789633746085439488,3812362202559336
2,0,2287,1789633746085449728,3812362202569847
2,0,2288,1789633746085459968,3812362202580450
2,0,2289,1789633746085471232,3812362202590978
2,0,2290,1789633746085481472,3812362202601493
2,0,2291,1789633746085491712,3812362202611988
2,0,2292,1789633746085501952,3812362202622524
2,0,2293,1789633746085513216,3812362202633228
2,0,2294,1789633746085523456,3812362202643777
2,0,2295,1789633746085533696,3812362202654253
2,0,2296,1789633746085544960,3812362202664758
2,0,2297,1789633746085555200,3812362202675300
2,0,2298,1789633746085565440,3812362202685878
2,0,2299,1789633746085576704,3812362202696406
2,0,2300,1789633746085586944,3812362202706926
2,0,2301,1789633746085597184,3812362202717438
2,0,2302,1789633746085607424,3812362202727906
2,0,2303,1789633746085618688,3812362202738476
2,0,2304,1789633746085628928,3812362202748976
2,0,2305,1789633746085639168,3812362202759450
2,0,2306,1789633746085649408,3812362202769946
2,0,2307,1789633746085660672,3812362202780457
2,0,2308,1789633746085670912,3812362202791182
2,0,2309,1789633746085681152,3812362202801677
2,0,2310,1789633746085692416,3812362202812187
2,0,2311,1789633746085702656,3812362202822653
2,0,2312,1789633746085712896,3812362202833213
2,0,2313,1789633746085723136,3812362202843923
2,0,2314,1789633746085734400,3812362202854456
2,0,2315,1789633746085744640,3812362202864950
2,0,2316,1789633746085754880,3812362202875444
2,0,2317,1789633746085766144,3812362202885956
2,0,2318,1789633746085776384,3812362202896570
2,0,2319,1789633746085786624,3812362202907127
2,0,2320,1789633746085797888,3812362202917637
2,0,2321,1789633746085808128,3812362202928133
2,0,2322,1789633746085818368,3812362202938697
2,0,2323,1789633746085828608,3812362202949251
2,0,2324,1789633746085839872,3812362202959768
2,0,2325,1789633746085850112,3812362202970283
2,0,2326,1789633746085860352,3812362202980786
2,0,2327,1789633746085870592,3812362202991300
2,0,2328,1789633746085881856,3812362203001926
2,0,2329,1789633746085892096,3812362203012527
2,0,2330,1789633746085903360,3812362203023028
2,0,2331,1789633746085913600,3812362203033546
2,0,2332,1789633746085923840,3812362203044070
2,0,2333,1789633746085934080,3812362203054613
2,0,2334,1789633746085945344,3812362203065078
2,0,2335,1789633746085955584,3812362203075543
2,0,2336,1789633746085965824,3812362203086087
2,0,2337,1789633746085976064,3812362203096606
2,0,2338,1789633746085987328,3812362203107281
2,0,2339,1789633746085997568,3812362203117800
2,0,2340,1789633746086007808,3812362203128317
2,0,2341,1789633746086019072,3812362203138753
2,0,2342,1789633746086029312,3812362203149247
2,0,2343,1789633746086039552,3812362203159958
2,0,2344,1789633746086049792,3812362203170403
2,0,2345,1789633746086061056,3812362203180927
2,0,2346,1789633746086071296,3812362203191446
2,0,2347,1789633746086081536,3812362203201966
2,0,2348,1789633746086091776,3812362203212621
2,0,2349,1789633746086103040,3812362203223138
2,0,2350,1789633746086113280,3812362203233648
2,0,2351,1789633746086123520,3812362203244133
2,0,2352,1789633746086134784,3812362203254660
2,0,2353,1789633746086145024,3812362203265278
2,0,2354,1789633746086155264,3812362203275846
2,0,2355,1789633746086166528,3812362203286348
2,0,2356,1789633746086176768,3812362203296838
2,0,2357,1789633746086187008,3812362203307358
2,0,2358,1789633746086197248,3812362203317946
2,0,2359,1789633746086208512,3812362203328503
2,0,2360,1789633746086218752,3812362203339005
2,0,2361,1789633746086228992,3812362203349523
2,0,2362,1789633746086240256,3812362203359996
2,0,2363,1789633746086250496,3812362203370620
2,0,2364,1789633746086260736,3812362203381156
2,0,2365,1789633746086270976,3812362203391668
2,0,2366,1789633746086282240,3812362203402178
2,0,2367,1789633746086292480,3812362203412691
2,0,2368,1789633746086302720,3812362203423283
2,0,2369,1789633746086313984,3812362203433788
2,0,2370,1789633746086324224,3812362203444273
2,0,2371,1789633746086334464,3812362203454776
2,0,2372,1789633746086344704,3812362203465286
2,0,2373,1789633746086355968,3812362203475954
2,0,2374,1789633746086366208,3812362203486518
2,0,2375,1789633746086376448,3812362203497023
2,0,2376,1789633746086387712,3812362203507488
2,0,2377,1789633746086397952,3812362203518020
2,0,2378,1789633746086408192,3812362203528648
2,0,2379,1789633746086418432,3812362203539138
2,0,2380,1789633746086429696,3812362203549636
2,0,2381,1789633746086439936,3812362203560126
2,0,2382,1789633746086450176,3812362203570656
2,0,2383,1789633746086460416,3812362203581226
2,0,2384,1789633746086471680,3812362203591761
2,0,2385,1789633746086481920,3812362203602271
2,0,2386,1789633746086492160,3812362203612726
2,0,2387,1789633746086503424,3812362203623250
2,0,2388,1789633746086513664,3812362203633913
2,0,2389,1789633746086523904,3812362203644431
2,0,2390,1789633746086535168,3812362203654946
2,0,2391,1789633746086545408,3812362203665424
2,0,2392,1789633746086555648,3812362203675920
2,0,2393,1789633746086565888,3812362203686561
2,0,2394,1789633746086577152,3812362203697084
2,0,2395,1789633746086587392,3812362203707560
2,0,2396,1789633746086597632,3812362203718053
2,0,2397,1789633746086607872,3812362203728608
2,0,2398,1789633746086619136,3812362203739243
2,0,2399,1789633746086629376,3812362203749743
2,0,2400,1789633746086639616,3812362203760216
2,0,2401,1789633746086650880,3812362203770698
2,0,2402,1789633746086661120,3812362203781198
2,0,2403,1789633746086671360,3812362203791694
2,0,2404,1789633746086681600,3812362203802200
2,0,2405,1789633746086692864,3812362203812728
2,0,2406,1789633746086703104,3812362203823213
2,0,2407,1789633746086713344,3812362203833721
2,0,2408,1789633746086723584,3812362203844220
2,0,2409,1789633746086734848,3812362203854693
2,0,2410,1789633746086745088,3812362203865238
2,0,2411,1789633746086755328,3812362203875896
2,0,2412,1789633746086766592,3812362203886428
2,0,2413,1789633746086776832,3812362203896933
2,0,2414,1789633746086787072,3812362203907448
2,0,2415,1789633746086797312,3812362203917936
2,0,2416,1789633746086808576,3812362203928570
2,0,2417,1789633746086818816,3812362203939081
2,0,2418,1789633746086829056,3812362203949603
2,0,2419,1789633746086840320,3812362203960100
2,0,2420,1789633746086850560,3812362203970613
2,0,2421,1789633746086860800,3812362203981246
2,0,2422,1789633746086871040,3812362203991716
2,0,2423,1789633746086882304,3812362204002188
2,0,2424,1789633746086892544,3812362204012656
2,0,2425,1789633746086902784,3812362204023168
2,0,2426,1789633746086913024,3812362204033828
2,0,2427,1789633746086924288,3812362204044376
2,0,2428,1789633746086934528,3812362204054868
2,0,2429,1789633746086944768,3812362204065344
2,0,2430,1789633746086956032,3812362204075893
2,0,2431,1789633746086966272,3812362204086500
2,0,2432,1789633746086976512,3812362204097043
2,0,2433,1789633746086987776,3812362204107533
2,0,2434,1789633746086998016,3812362204118060
2,0,2435,1789633746087008256,3812362204128624
2,0,2436,1789633746087018496,3812362204139250
2,0,2437,1789633746087029760,3812362204149790
2,0,2438,1789633746087040000,3812362204160226
2,0,2439,1789633746087050240,3812362204170683
2,0,2440,1789633746087061504,3812362204181243
2,0,2441,1789633746087071744,3812362204191930
2,0,2442,1789633746087081984,3812362204202526
2,0,2443,1789633746087093248,3812362204213033
2,0,2444,1789633746087103488,3812362204223533
2,0,2445,1789633746087113728,3812362204234043
2,0,2446,1789633746087123968,3812362204244603
2,0,2447,1789633746087135232,3812362204255168
2,0,2448,1789633746087145472,3812362204265648
2,0,2449,1789633746087155712,3812362204276170
2,0,2450,1789633746087165952,3812362204286670
2,0,2451,1789633746087177216,3812362204297243
2,0,2452,1789633746087187456,3812362204307806
2,0,2453,1789633746087197696,3812362204318256
2,0,2454,1789633746087208960,3812362204328770
2,0,2455,1789633746087219200,3812362204339286
2,0,2456,1789633746087229440,3812362204349946
2,0,2457,1789633746087240704,3812362204360450
2,0,2458,1789633746087250944,3812362204370978
2,0,2459,1789633746087261184,3812362204381480
2,0,2460,1789633746087271424,3812362204392004
2,0,2461,1789633746087282688,3812362204402601
2,0,2462,1789633746087292928,3812362204413126
2,0,2463,1789633746087303168,3812362204423648
2,0,2464,1789633746087314432,3812362204434158
2,0,2465,1789633746087324672,3812362204444681
2,0,2466,1789633746087334912,3812362204455296
2,0,2467,1789633746087345152,3812362204465808
2,0,2468,1789633746087356416,3812362204476273
2,0,2469,1789633746087366656,3812362204486748
2,0,2470,1789633746087376896,3812362204497306
2,0,2471,1789633746087387136,3812362204507946
2,0,2472,1789633746087398400,3812362204518484
2,0,2473,1789633746087408640,3812362204529006
2,0,2474,1789633746087418880,3812362204539503
2,0,2475,1789633746087430144,3812362204550051
2,0,2476,1789633746087440384,3812362204560636
2,0,2477,1789633746087450624,3812362204571138
2,0,2478,1789633746087461888,3812362204581670
2,0,2479,1789633746087472128,3812362204592208
2,0,2480,1789633746087482368,3812362204602686
2,0,2481,1789633746087492608,3812362204613306
2,0,2482,1789633746087503872,3812362204623816
2,0,2483,1789633746087514112,3812362204634348
2,0,2484,1789633746087524352,3812362204644848
2,0,2485,1789633746087535616,3812362204655361
2,0,2486,1789633746087545856,3812362204665976
2,0,2487,1789633746087556096,3812362204676486
2,0,2488,1789633746087566336,3812362204687006
2,0,2489,1789633746087577600,3812362204697513
2,0,2490,1789633746087587840,3812362204708022
2,0,2491,1789633746087598080,3812362204718673
2,0,2492,1789633746087609344,3812362204729166
2,0,2493,1789633746087619584,3812362204739693
2,0,2494,1789633746087629824,3812362204750166
2,0,2495,1789633746087640064,3812362204760716
2,0,2496,1789633746087651328,3812362204771328
2,0,2497,1789633746087661568,3812362204781836
2,0,2498,1789633746087671808,3812362204792309
2,0,2499,1789633746087683072,3812362204802782
2,0,2500,1789633746087693312,3812362204813338
2,0,2501,1789633746087703552,3812362204824013
2,0,2502,1789633746087713792,3812362204834586
2,0,2503,1789633746087725056,3812362204845106
2,0,2504,1789633746087735296,3812362204855613
2,0,2505,1789633746087745536,3812362204866133
2,0,2506,1789633746087756800,3812362204876691
2,0,2507,1789633746087767040,3812362204887196
2,0,2508,1789633746087777280,3812362204897693
2,0,2509,1789633746087787520,3812362204908206
2,0,2510,1789633746087798784,3812362204918736
2,0,2511,1789633746087809024,3812362204929343
2,0,2512,1789633746087819264,3812362204939866
2,0,2513,1789633746087830528,3812362204950314
2,0,2514,1789633746087840768,3812362204960795
2,0,2515,1789633746087851008,3812362204971326
2,0,2516,1789633746087861248,3812362204981923
2,0,2517,1789633746087872512,3812362204992509
2,0,2518,1789633746087882752,3812362205003066
2,0,2519,1789633746087892992,3812362205013538
2,0,2520,1789633746087904256,3812362205024056
2,0,2521,1789633746087914496,3812362205034678
2,0,2522,1789633746087924736,3812362205045183
2,0,2523,1789633746087934976,3812362205055673
2,0,2524,1789633746087946240,3812362205066167
2,0,2525,1789633746087956480,3812362205076689
2,0,2526,1789633746087966720,3812362205087263
2,0,2527,1789633746087977984,3812362205097819
2,0,2528,1789633746087988224,3812362205108301
2,0,2529,1789633746087998464,3812362205118843
2,0,2530,1789633746088008704,3812362205129383
2,0,2531,1789633746088019968,3812362205140058
2,0,2532,1789633746088030208,3812362205150619
2,0,2533,1789633746088040448,3812362205161086
2,0,2534,1789633746088051712,3812362205171591
2,0,2535,1789633746088061952,3812362205182103
2,0,2536,1789633746088072192,3812362205192706
2,0,2537,1789633746088083456,3812362205203213
2,0,2538,1789633746088093696,3812362205213688
2,0,2539,1789633746088103936,3812362205224211
2,0,2540,1789633746088114176,3812362205234766
2,0,2541,1789633746088125440,3812362205245379
2,0,2542,1789633746088135680,3812362205255896
2,0,2543,1789633746088145920,3812362205266409
2,0,2544,1789633746088157184,3812362205276921
2,0,2545,1789633746088167424,3812362205287446
2,0,2546,1789633746088177664,3812362205298038
2,0,2547,1789633746088187904,3812362205308576
2,0,2548,1789633746088199168,3812362205319076
2,0,2549,1789633746088209408,3812362205329554
2,0,2550,1789633746088219648,3812362205340084
2,0,2551,1789633746088229888,3812362205350804
2,0,2552,1789633746088241152,3812362205361264
2,0,2553,1789633746088251392,3812362205371764
2,0,2554,1789633746088261632,3812362205382271
2,0,2555,1789633746088272896,3812362205392814
2,0,2556,1789633746088283136,3812362205403399
2,0,2557,1789633746088293376,3812362205413979
2,0,2558,1789633746088304640,3812362205424544
2,0,2559,1789633746088314880,3812362205435016
2,0,2560,1789633746088325120,3812362205445566
2,0,2561,1789633746088335360,3812362205456064
2,0,2562,1789633746088346624,3812362205466636
2,0,2563,1789633746088356864,3812362205477166
2,0,2564,1789633746088367104,3812362205487694
2,0,2565,1789633746088378368,3812362205498203
2,0,2566,1789633746088388608,3812362205508741
2,0,2567,1789633746088398848,3812362205519239
2,0,2568,1789633746088409088,3812362205529701
2,0,2569,1789633746088420352,3812362205540229
2,0,2570,1789633746088430592,3812362205550706
2,0,2571,1789633746088440832,3812362205561414
2,0,2572,1789633746088452096,3812362205571968
2,0,2573,1789633746088462336,3812362205582529
2,0,2574,1789633746088472576,3812362205592986
2,0,2575,1789633746088482816,3812362205605219
2,0,2576,1789633746088494080,3812362205614086
2,0,2577,1789633746088504320,3812362205624609
2,0,2578,1789633746088514560,3812362205635124
2,0,2579,1789633746088525824,3812362205645649
2,0,2580,1789633746088536064,3812362205656151
2,0,2581,1789633746088546304,3812362205666766
2,0,2582,1789633746088556544,3812362205677269
2,0,2583,1789633746088567808,3812362205687731
2,0,2584,1789633746088578048,3812362205698186
2,0,2585,1789633746088588288,3812362205708709
2,0,2586,1789633746088598528,3812362205719331
2,0,2587,1789633746088609792,3812362205729906
2,0,2588,1789633746088620032,3812362205740506
2,0,2589,1789633746088630272,3812362205751089
2,0,2590,1789633746088641536,3812362205761686
2,0,2591,1789633746088651776,3812362205772269
2,0,2592,1789633746088663040,3812362205782886
2,0,2593,1789633746088673280,3812362205793606
2,0,2594,1789633746088683520,3812362205804204
2,0,2595,1789633746088694784,3812362205814946
2,0,2596,1789633746088705024,3812362205825583
2,0,2597,1789633746088716288,3812362205836184
2,0,2598,1789633746088726528,3812362205846824
2,0,2599,1789633746088736768,3812362205857426
2,0,2600,1789633746088748032,3812362205868023
2,0,2601,1789633746088758272,3812362205878596
2,0,2602,1789633746088768512,3812362205889212
2,0,2603,1789633746088779776,3812362205899833
2,0,2604,1789633746088790016,3812362205910526
2,0,2605,1789633746088801280,3812362205921141
2,0,2606,1789633746088811520,3812362205931786
2,0,2607,1789633746088821760,3812362205942379
2,0,2608,1789633746088833024,3812362205952978
2,0,2609,1789633746088843264,3812362205963559
2,0,2610,1789633746088853504,3812362205974126
2,0,2611,1789633746088864768,3812362205984776
2,0,2612,1789633746088875008,3812362205995376
2,0,2613,1789633746088885248,3812362206006106
2,0,2614,1789633746088896512,3812362206016722
2,0,2615,1789633746088906752,3812362206027356
2,0,2616,1789633746088918016,3812362206037948
2,0,2617,1789633746088928256,3812362206048549
2,0,2618,1789633746088938496,3812362206059111
2,0,2619,1789633746088949760,3812362206069684
2,0,2620,1789633746088960000,3812362206080382
2,0,2621,1789633746088970240,3812362206090976
2,0,2622,1789633746088981504,3812362206101706
2,0,2623,1789633746088991744,3812362206112308
2,0,2624,1789633746089003008,3812362206122949
2,0,2625,1789633746089013248,3812362206133578
2,0,2626,1789633746089023488,3812362206144168
2,0,2627,1789633746089034752,3812362206154756
2,0,2628,1789633746089044992,3812362206165338
2,0,2629,1789633746089055232,3812362206175981
2,0,2630,1789633746089066496,3812362206186609
2,0,2631,1789633746089076736,3812362206197287
2,0,2632,1789633746089088000,3812362206207922
2,0,2633,1789633746089098240,3812362206218546
2,0,2634,1789633746089108480,3812362206229211
2,0,2635,1789633746089119744,3812362206239818
2,0,2636,1789633746089129984,3812362206250419
2,0,2637,1789633746089140224,3812362206260986
2,0,2638,1789633746089151488,3812362206271566
2,0,2639,1789633746089161728,3812362206282126
2,0,2640,1789633746089171968,3812362206292706
2,0,2641,1789633746089183232,3812362206303322
2,0,2642,1789633746089193472,3812362206313951
2,0,2643,1789633746089203712,3812362206324668
2,0,2644,1789633746089214976,3812362206335296
2,0,2645,1789633746089225216,3812362206345928
2,0,2646,1789633746089236480,3812362206356498
2,0,2647,1789633746089246720,3812362206367151
2,0,2648,1789633746089256960,3812362206377772
2,0,2649,1789633746089268224,3812362206388478
2,0,2650,1789633746089278464,3812362206399061
2,0,2651,1789633746089289728,3812362206409626
2,0,2652,1789633746089299968,3812362206420246
2,0,2653,1789633746089310208,3812362206430802
2,0,2654,1789633746089321472,3812362206441441
2,0,2655,1789633746089331712,3812362206452018
2,0,2656,1789633746089341952,3812362206462749
2,0,2657,1789633746089353216,3812362206473368
2,0,2658,1789633746089363456,3812362206484092
2,0,2659,1789633746089374720,3812362206494649
2,0,2660,1789633746089384960,3812362206505259
2,0,2661,1789633746089395200,3812362206515876
2,0,2662,1789633746089406464,3812362206526462
2,0,2663,1789633746089416704,3812362206537096
2,0,2664,1789633746089426944,3812362206547691
2,0,2665,1789633746089438208,3812362206558338
2,0,2666,1789633746089448448,3812362206568898
2,0,2667,1789633746089458688,3812362206579502
2,0,2668,1789633746089469952,3812362206590104
2,0,2669,1789633746089480192,3812362206600698
2,0,2670,1789633746089490432,3812362206611269
2,0,2671,1789633746089501696,3812362206621853
2,0,2672,1789633746089511936,3812362206632568
2,0,2673,1789633746089523200,3812362206643149
2,0,2674,1789633746089533440,3812362206653781
2,0,2675,1789633746089543680,3812362206664386
2,0,2676,1789633746089554944,3812362206675008
2,0,2677,1789633746089565184,3812362206685589
2,0,2678,1789633746089575424,3812362206696069
2,0,2679,1789633746089586688,3812362206706596
2,0,2680,1789633746089596928,3812362206717096
2,0,2681,1789633746089607168,3812362206727668
2,0,2682,1789633746089617408,3812362206738122
2,0,2683,1789633746089628672,3812362206748726
2,0,2684,1789633746089638912,3812362206759222
2,0,2685,1789633746089649152,3812362206769732
2,0,2686,1789633746089660416,3812362206780218
2,0,2687,1789633746089670656,3812362206790726
2,0,2688,1789633746089680896,3812362206801276
2,0,2689,1789633746089691136,3812362206811896
2,0,2690,1789633746089702400,3812362206822406
2,0,2691,1789633746089712640,3812362206832943
2,0,2692,1789633746089722880,3812362206843412
2,0,2693,1789633746089734144,3812362206853924
2,0,2694,1789633746089744384,3812362206864568
2,0,2695,1789633746089754624,3812362206875118
2,0,2696,1789633746089764864,3812362206885604
2,0,2697,1789633746089776128,3812362206896109
2,0,2698,1789633746089786368,3812362206906618
2,0,2699,1789633746089796608,3812362206917196
2,0,2700,1789633746089807872,3812362206927709
2,0,2701,1789633746089818112,3812362206938251
2,0,2702,1789633746089828352,3812362206948734
2,0,2703,1789633746089838592,3812362206959213
2,0,2704,1789633746089849856,3812362206969938
2,0,2705,1789633746089860096,3812362206980456
2,0,2706,1789633746089870336,3812362206990969
2,0,2707,1789633746089881600,3812362207001436
2,0,2708,1789633746089891840,3812362207011968
2,0,2709,1789633746089902080,3812362207022528
2,0,2710,1789633746089912320,3812362207033086
2,0,2711,1789633746089923584,3812362207043649
2,0,2712,1789633746089933824,3812362207054141
2,0,2713,1789633746089944064,3812362207064686
2,0,2714,1789633746089955328,3812362207075266
2,0,2715,1789633746089965568,3812362207085782
2,0,2716,1789633746089975808,3812362207096236
2,0,2717,1789633746089986048,3812362207106762
2,0,2718,1789633746089997312,3812362207117282
2,0,2719,1789633746090007552,3812362207127912
2,0,2720,1789633746090017792,3812362207138478
2,0,2721,1789633746090029056,3812362207148986
2,0,2722,1789633746090039296,3812362207159526
2,0,2723,1789633746090049536,3812362207170048
2,0,2724,1789633746090059776,3812362207180621
2,0,2725,1789633746090071040,3812362207191178
2,0,2726,1789633746090081280,3812362207201722
2,0,2727,1789633746090091520,3812362207212205
2,0,2728,1789633746090102784,3812362207222725
2,0,2729,1789633746090113024,3812362207233268
2,0,2730,1789633746090123264,3812362207243798
2,0,2731,1789633746090133504,3812362207254264
2,0,2732,1789633746090144768,3812362207264745
2,0,2733,1789633746090155008,3812362207275293
2,0,2734,1789633746090165248,3812362207285935
2,0,2735,1789633746090176512,3812362207296485
2,0,2736,1789633746090186752,3812362207306995
2,0,2737,1789633746090196992,3812362207317501
2,0,2738,1789633746090207232,3812362207328021
2,0,2739,1789633746090218496,3812362207338622
2,0,2740,1789633746090228736,3812362207349106
2,0,2741,1789633746090238976,3812362207359609
2,0,2742,1789633746090250240,3812362207370105
2,0,2743,1789633746090260480,3812362207380622
2,0,2744,1789633746090270720,3812362207391319
2,0,2745,1789633746090281984,3812362207401868
2,0,2746,1789633746090292224,3812362207412328
2,0,2747,1789633746090302464,3812362207422818
2,0,2748,1789633746090312704,3812362207433362
2,0,2749,1789633746090323968,3812362207443966
2,0,2750,1789633746090334208,3812362207454585
2,0,2751,1789633746090344448,3812362207465092
2,0,2752,1789633746090355712,3812362207475565
2,0,2753,1789633746090365952,3812362207486058
2,0,2754,1789633746090376192,3812362207496639
2,0,2755,1789633746090386432,3812362207507168
2,0,2756,1789633746090397696,3812362207517685
2,0,2757,1789633746090407936,3812362207528245
2,0,2758,1789633746090418176,3812362207538722
2,0,2759,1789633746090429440,3812362207549302
2,0,2760,1789633746090439680,3812362207559819
2,0,2761,1789633746090449920,3812362207570285
2,0,2762,1789633746090460160,3812362207580804
2,0,2763,1789633746090471424,3812362207591332
2,0,2764,1789633746090481664,3812362207601975
2,0,2765,1789633746090491904,3812362207612508
2,0,2766,1789633746090503168,3812362207623029
2,0,2767,1789633746090513408,3812362207633519
2,0,2768,1789633746090523648,3812362207644029
2,0,2769,1789633746090533888,3812362207654659
2,0,2770,1789633746090545152,3812362207665142
2,0,2771,1789633746090555392,3812362207675698
2,0,2772,1789633746090565632,3812362207686148
2,0,2773,1789633746090575872,3812362207696688
2,0,2774,1789633746090587136,3812362207707332
2,0,2775,1789633746090597376,3812362207717842
2,0,2776,1789633746090607616,3812362207728381
2,0,2777,1789633746090618880,3812362207738829
2,0,2778,1789633746090629120,3812362207749372
2,0,2779,1789633746090639360,3812362207759995
2,0,2780,1789633746090650624,3812362207770556
2,0,2781,1789633746090660864,3812362207781055
2,0,2782,1789633746090671104,3812362207791536
2,0,2783,1789633746090681344,3812362207802045
2,0,2784,1789633746090692608,3812362207812675
2,0,2785,1789633746090702848,3812362207823234
2,0,2786,1789633746090713088,3812362207833791
2,0,2787,1789633746090724352,3812362207844302
2,0,2788,1789633746090734592,3812362207854849
2,0,2789,1789633746090744832,3812362207865344
2,0,2790,1789633746090755072,3812362207875852
2,0,2791,1789633746090766336,3812362207886344
2,0,2792,1789633746090776576,3812362207896848
2,0,2793,1789633746090786816,3812362207907345
2,0,2794,1789633746090798080,3812362207918002
2,0,2795,1789633746090808320,3812362207928564
2,0,2796,1789633746090818560,3812362207939065
2,0,2797,1789633746090828800,3812362207949586
2,0,2798,1789633746090840064,3812362207960086
2,0,2799,1789633746090850304,3812362207970692
2,0,2800,1789633746090860544,3812362207981216
2,0,2801,1789633746090871808,3812362207991728
2,0,2802,1789633746090882048,3812362208002205
2,0,2803,1789633746090892288,3812362208012701
2,0,2804,1789633746090902528,3812362208023376
2,0,2805,1789633746090913792,3812362208033888
2,0,2806,1789633746090924032,3812362208044324
2,0,2807,1789633746090934272,3812362208054789
2,0,2808,1789633746090944512,3812362208065329
2,0,2809,1789633746090955776,3812362208075942
2,0,2810,1789633746090966016,3812362208086474
2,0,2811,1789633746090976256,3812362208096981
2,0,2812,1789633746090987520,3812362208107486
2,0,2813,1789633746090997760,3812362208118024
2,0,2814,1789633746091008000,3812362208128725
2,0,2815,1789633746091019264,3812362208139261
2,0,2816,1789633746091029504,3812362208149755
2,0,2817,1789633746091039744,3812362208160262
2,0,2818,1789633746091049984,3812362208170805
2,0,2819,1789633746091061248,3812362208181372
2,0,2820,1789633746091071488,3812362208191852
2,0,2821,1789633746091081728,3812362208202328
2,0,2822,1789633746091092992,3812362208212842
2,0,2823,1789633746091103232,3812362208223368
2,0,2824,1789633746091113472,3812362208233971
2,0,2825,1789633746091123712,3812362208244416
2,0,2826,1789633746091134976,3812362208254945
2,0,2827,1789633746091145216,3812362208265435
2,0,2828,1789633746091155456,3812362208275948
2,0,2829,1789633746091165696,3812362208286658
2,0,2830,1789633746091176960,3812362208297173
2,0,2831,1789633746091187200,3812362208307735
2,0,2832,1789633746091197440,3812362208318174
2,0,2833,1789633746091208704,3812362208328746
2,0,2834,1789633746091218944,3812362208339319
2,0,2835,1789633746091229184,3812362208349795
2,0,2836,1789633746091240448,3812362208360295
2,0,2837,1789633746091250688,3812362208370805
2,0,2838,1789633746091260928,3812362208381308
2,0,2839,1789633746091271168,3812362208391985
2,0,2840,1789633746091282432,3812362208402528
2,0,2841,1789633746091292672,3812362208413029
2,0,2842,1789633746091302912,3812362208423529
2,0,2843,1789633746091314176,3812362208434036
2,0,2844,1789633746091324416,3812362208444655
2,0,2845,1789633746091334656,3812362208455211
2,0,2846,1789633746091344896,3812362208465702
2,0,2847,1789633746091356160,3812362208476206
2,0,2848,1789633746091366400,3812362208486698
2,0,2849,1789633746091376640,3812362208497315
2,0,2850,1789633746091387904,3812362208507812
2,0,2851,1789633746091398144,3812362208518301
2,0,2852,1789633746091408384,3812362208528825
2,0,2853,1789633746091418624,3812362208539341
2,0,2854,1789633746091429888,3812362208550014
2,0,2855,1789633746091440128,3812362208560528
2,0,2856,1789633746091450368,3812362208571042
2,0,2857,1789633746091461632,3812362208581498
2,0,2858,1789633746091471872,3812362208592012
2,0,2859,1789633746091482112,3812362208602665
2,0,2860,1789633746091493376,3812362208613229
2,0,2861,1789633746091503616,3812362208623739
2,0,2862,1789633746091513856,3812362208634255
2,0,2863,1789633746091524096,3812362208644752
2,0,2864,1789633746091535360,3812362208655345
2,0,2865,1789633746091545600,3812362208665818
2,0,2866,1789633746091555840,3812362208676269
2,0,2867,1789633746091566080,3812362208686732
2,0,2868,1789633746091577344,3812362208697252
2,0,2869,1789633746091587584,3812362208707756
2,0,2870,1789633746091597824,3812362208718271
2,0,2871,1789633746091608064,3812362208728808
2,0,2872,1789633746091619328,3812362208739318
2,0,2873,1789633746091629568,3812362208749815
2,0,2874,1789633746091639808,3812362208760311
2,0,2875,1789633746091650048,3812362208770808
2,0,2876,1789633746091661312,3812362208781325
2,0,2877,1789633746091671552,3812362208791995
2,0,2878,1789633746091681792,3812362208802508
2,0,2879,1789633746091693056,3812362208813018
2,0,2880,1789633746091703296,3812362208823506
2,0,2881,1789633746091713536,3812362208834008
2,0,2882,1789633746091723776,3812362208844672
2,0,2883,1789633746091735040,3812362208855184
2,0,2884,1789633746091745280,3812362208865696
2,0,2885,1789633746091755520,3812362208876168
2,0,2886,1789633746091766784,3812362208886706
2,0,2887,1789633746091777024,3812362208897355
2,0,2888,1789633746091787264,3812362208907866
2,0,2889,1789633746091798528,3812362208918405
2,0,2890,1789633746091808768,3812362208928908
2,0,2891,1789633746091819008,3812362208939472
2,0,2892,1789633746091829248,3812362208950002
2,0,2893,1789633746091840512,3812362208960556
2,0,2894,1789633746091850752,3812362208971049
2,0,2895,1789633746091860992,3812362208981556
2,0,2896,1789633746091872256,3812362208992083
2,0,2897,1789633746091882496,3812362209002687
2,0,2898,1789633746091892736,3812362209013261
2,0,2899,1789633746091902976,3812362209023739
2,0,2900,1789633746091914240,3812362209034239
2,0,2901,1789633746091924480,3812362209044758
2,0,2902,1789633746091934720,3812362209055355
2,0,2903,1789633746091945984,3812362209065856
2,0,2904,1789633746091956224,3812362209076324
2,0,2905,1789633746091966464,3812362209086832
2,0,2906,1789633746091976704,3812362209097338
2,0,2907,1789633746091987968,3812362209108046
2,0,2908,1789633746091998208,3812362209118575
2,0,2909,1789633746092008448,3812362209129062
2,0,2910,1789633746092019712,3812362209139538
2,0,2911,1789633746092029952,3812362209150022
2,0,2912,1789633746092040192,3812362209160705
2,0,2913,1789633746092050432,3812362209171189
2,0,2914,1789633746092061696,3812362209181744
2,0,2915,1789633746092071936,3812362209192248
2,0,2916,1789633746092082176,3812362209202759
2,0,2917,1789633746092092416,3812362209213363
2,0,2918,1789633746092103680,3812362209223868
2,0,2919,1789633746092113920,3812362209234345
2,0,2920,1789633746092124160,3812362209244841
2,0,2921,1789633746092135424,3812362209255386
2,0,2922,1789633746092145664,3812362209266045
2,0,2923,1789633746092155904,3812362209276575
2,0,2924,1789633746092167168,3812362209287098
2,0,2925,1789633746092177408,3812362209297546
2,0,2926,1789633746092187648,3812362209308079
2,0,2927,1789633746092197888,3812362209318726
2,0,2928,1789633746092209152,3812362209329256
2,0,2929,1789633746092219392,3812362209339756
2,0,2930,1789633746092229632,3812362209350262
2,0,2931,1789633746092240896,3812362209360805
2,0,2932,1789633746092251136,3812362209371402
2,0,2933,1789633746092261376,3812362209381928
2,0,2934,1789633746092271616,3812362209392525
2,0,2935,1789633746092282880,3812362209403011
2,0,2936,1789633746092293120,3812362209413502
2,0,2937,1789633746092303360,3812362209424066
2,0,2938,1789633746092314624,3812362209434581
2,0,2939,1789633746092324864,3812362209445091
2,0,2940,1789633746092335104,3812362209455609
2,0,2941,1789633746092345344,3812362209466122
2,0,2942,1789633746092356608,3812362209476722
2,0,2943,1789633746092366848,3812362209487258
2,0,2944,1789633746092377088,3812362209497769
2,0,2945,1789633746092388352,3812362209508211
2,0,2946,1789633746092398592,3812362209518789
2,0,2947,1789633746092408832,3812362209529425
2,0,2948,1789633746092419072,3812362209539879
2,0,2949,1789633746092430336,3812362209550372
2,0,2950,1789633746092440576,3812362209560865
2,0,2951,1789633746092450816,3812362209571382
2,0,2952,1789633746092462080,3812362209582092
2,0,2953,1789633746092472320,3812362209592648
2,0,2954,1789633746092482560,3812362209605608
2,0,2955,1789633746092493824,3812362209613778
2,0,2956,1789633746092504064,3812362209624384
2,0,2957,1789633746092514304,3812362209634946
2,0,2958,1789633746092525568,3812362209645551
2,0,2959,1789633746092535808,3812362209656261
2,0,2960,1789633746092546048,3812362209666876
2,0,2961,1789633746092557312,3812362209677601
2,0,2962,1789633746092567552,3812362209688205
2,0,2963,1789633746092578816,3812362209698796
2,0,2964,1789633746092589056,3812362209709443
2,0,2965,1789633746092599296,3812362209720045
2,0,2966,1789633746092610560,3812362209730659
2,0,2967,1789633746092620800,3812362209741241
2,0,2968,1789633746092631040,3812362209751843
2,0,2969,1789633746092642304,3812362209762458
2,0,2970,1789633746092652544,3812362209773169
2,0,2971,1789633746092663808,3812362209783796
2,0,2972,1789633746092674048,3812362209794414
2,0,2973,1789633746092684288,3812362209805046
2,0,2974,1789633746092695552,3812362209815644
2,0,2975,1789633746092705792,3812362209826204
2,0,2976,1789633746092716032,3812362209836813
2,0,2977,1789633746092727296,3812362209847424
2,0,2978,1789633746092737536,3812362209858069
2,0,2979,1789633746092747776,3812362209868748
2,0,2980,1789633746092759040,3812362209879419
2,0,2981,1789633746092769280,3812362209890025
2,0,2982,1789633746092780544,3812362209900636
2,0,2983,1789633746092790784,3812362209911211
2,0,2984,1789633746092801024,3812362209921838
2,0,2985,1789633746092812288,3812362209932439
2,0,2986,1789633746092822528,3812362209943045
2,0,2987,1789633746092832768,3812362209953648
2,0,2988,1789633746092844032,3812362209964208
2,0,2989,1789633746092854272,3812362209974848
2,0,2990,1789633746092864512,3812362209985415
2,0,2991,1789633746092875776,3812362209996022
2,0,2992,1789633746092886016,3812362210006616
2,0,2993,1789633746092897280,3812362210017228
2,0,2994,1789633746092907520,3812362210027852
2,0,2995,1789633746092917760,3812362210038488
2,0,2996,1789633746092929024,3812362210049046
2,0,2997,1789633746092939264,3812362210059635
2,0,2998,1789633746092949504,3812362210070286
2,0,2999,1789633746092960768,3812362210080908
2,0,3000,1789633746092971008,3812362210091548
2,0,3001,1789633746092981248,3812362210102144
2,0,3002,1789633746092992512,3812362210112766
2,0,3003,1789633746093002752,3812362210123372
2,0,3004,1789633746093014016,3812362210134075
2,0,3005,1789633746093024256,3812362210144668
2,0,3006,1789633746093034496,3812362210155244
2,0,3007,1789633746093045760,3812362210165888
2,0,3008,1789633746093056000,3812362210176461
2,0,3009,1789633746093066240,3812362210187085
2,0,3010,1789633746093077504,3812362210197698
2,0,3011,1789633746093087744,3812362210208351
2,0,3012,1789633746093097984,3812362210218932
2,0,3013,1789633746093109248,3812362210229518
2,0,3014,1789633746093119488,3812362210240116
2,0,3015,1789633746093130752,3812362210250708
2,0,3016,1789633746093140992,3812362210261325
2,0,3017,1789633746093151232,3812362210271909
2,0,3018,1789633746093162496,3812362210282572
2,0,3019,1789633746093172736,3812362210293172
2,0,3020,1789633746093182976,3812362210303808
2,0,3021,1789633746093194240,3812362210314414
2,0,3022,1789633746093204480,3812362210325039
2,0,3023,1789633746093214720,3812362210335602
2,0,3024,1789633746093225984,3812362210346191
2,0,3025,1789633746093236224,3812362210356792
2,0,3026,1789633746093246464,3812362210367369
2,0,3027,1789633746093257728,3812362210378095
2,0,3028,1789633746093267968,3812362210388702
2,0,3029,1789633746093279232,3812362210399388
2,0,3030,1789633746093289472,3812362210409971
2,0,3031,1789633746093299712,3812362210420576
2,0,3032,1789633746093310976,3812362210431175
2,0,3033,1789633746093321216,3812362210441746
2,0,3034,1789633746093331456,3812362210452329
2,0,3035,1789633746093342720,3812362210462948
2,0,3036,1789633746093352960,3812362210473656
2,0,3037,1789633746093364224,3812362210484278
2,0,3038,1789633746093374464,3812362210494978
2,0,3039,1789633746093384704,3812362210505588
2,0,3040,1789633746093395968,3812362210516201
2,0,3041,1789633746093406208,3812362210526805
2,0,3042,1789633746093417472,3812362210537449
2,0,3043,1789633746093427712,3812362210547919
2,0,3044,1789633746093437952,3812362210558389
2,0,3045,1789633746093448192,3812362210569125
2,0,3046,1789633746093459456,3812362210579678
2,0,3047,1789633746093469696,3812362210590245
2,0,3048,1789633746093479936,3812362210600805
2,0,3049,1789633746093491200,3812362210611269
2,0,3050,1789633746093501440,3812362210621875
2,0,3051,1789633746093511680,3812362210632386
2,0,3052,1789633746093522944,3812362210642922
2,0,3053,1789633746093533184,3812362210653425
2,0,3054,1789633746093543424,3812362210663956
2,0,3055,1789633746093554688,3812362210674539
2,0,3056,1789633746093564928,3812362210685115
2,0,3057,1789633746093575168,3812362210695609
2,0,3058,1789633746093585408,3812362210706071
2,0,3059,1789633746093596672,3812362210716581
2,0,3060,1789633746093606912,3812362210727224
2,0,3061,1789633746093617152,3812362210737779
2,0,3062,1789633746093628416,3812362210748268
2,0,3063,1789633746093638656,3812362210758784
2,0,3064,1789633746093648896,3812362210769294
2,0,3065,1789633746093659136,3812362210779882
2,0,3066,1789633746093670400,3812362210790381
2,0,3067,1789633746093680640,3812362210800838
2,0,3068,1789633746093690880,3812362210811332
2,0,3069,1789633746093701120,3812362210821839
2,0,3070,1789633746093712384,3812362210832474
2,0,3071,1789633746093722624,3812362210842966
2,0,3072,1789633746093732864,3812362210853459
2,0,3073,1789633746093744128,3812362210863968
2,0,3074,1789633746093754368,3812362210874561
2,0,3075,1789633746093764608,3812362210885235
2,0,3076,1789633746093775872,3812362210895775
2,0,3077,1789633746093786112,3812362210906335
2,0,3078,1789633746093796352,3812362210916895
2,0,3079,1789633746093806592,3812362210927404
2,0,3080,1789633746093817856,3812362210937908
2,0,3081,1789633746093828096,3812362210948402
2,0,3082,1789633746093838336,3812362210958892
2,0,3083,1789633746093848576,3812362210969396
2,0,3084,1789633746093859840,3812362210979948
2,0,3085,1789633746093870080,3812362210990601
2,0,3086,1789633746093880320,3812362211001132
2,0,3087,1789633746093891584,3812362211011635
2,0,3088,1789633746093901824,3812362211022105
2,0,3089,1789633746093912064,3812362211032582
2,0,3090,1789633746093922304,3812362211043155
2,0,3091,1789633746093933568,3812362211053706
2,0,3092,1789633746093943808,3812362211064206
2,0,3093,1789633746093954048,3812362211074735
2,0,3094,1789633746093965312,3812362211085255
2,0,3095,1789633746093975552,3812362211095836
2,0,3096,1789633746093985792,3812362211106346
2,0,3097,1789633746093996032,3812362211116865
2,0,3098,1789633746094007296,3812362211127418
2,0,3099,1789633746094017536,3812362211137929
2,0,3100,1789633746094027776,3812362211148612
2,0,3101,1789633746094039040,3812362211159135
2,0,3102,1789633746094049280,3812362211169644
2,0,3103,1789633746094059520,3812362211180084
2,0,3104,1789633746094069760,3812362211190612
2,0,3105,1789633746094081024,3812362211201279
2,0,3106,1789633746094091264,3812362211211752
2,0,3107,1789633746094101504,3812362211222325
2,0,3108,1789633746094112768,3812362211232818
2,0,3109,1789633746094123008,3812362211243335
2,0,3110,1789633746094133248,3812362211253938
2,0,3111,1789633746094144512,3812362211264455
2,0,3112,1789633746094154752,3812362211274988
2,0,3113,1789633746094164992,3812362211285465
2,0,3114,1789633746094175232,3812362211296021
2,0,3115,1789633746094186496,3812362211306619
2,0,3116,1789633746094196736,3812362211317136
2,0,3117,1789633746094206976,3812362211327596
2,0,3118,1789633746094218240,3812362211338087
2,0,3119,1789633746094228480,3812362211348621
2,0,3120,1789633746094238720,3812362211359202
2,0,3121,1789633746094248960,3812362211369726
2,0,3122,1789633746094260224,3812362211380245
2,0,3123,1789633746094270464,3812362211390808
2,0,3124,1789633746094280704,3812362211401259
2,0,3125,1789633746094290944,3812362211411861
2,0,3126,1789633746094302208,3812362211422372
2,0,3127,1789633746094312448,3812362211432868
2,0,3128,1789633746094322688,3812362211443364
2,0,3129,1789633746094333952,3812362211453878
2,0,3130,1789633746094344192,3812362211464568
2,0,3131,1789633746094354432,3812362211475095
2,0,3132,1789633746094365696,3812362211485584
2,0,3133,1789633746094375936,3812362211496085
2,0,3134,1789633746094386176,3812362211506588
2,0,3135,1789633746094396416,3812362211517205
2,0,3136,1789633746094407680,3812362211527762
2,0,3137,1789633746094417920,3812362211538265
2,0,3138,1789633746094428160,3812362211548735
2,0,3139,1789633746094438400,3812362211559255
2,0,3140,1789633746094449664,3812362211569908
2,0,3141,1789633746094459904,3812362211580425
2,0,3142,1789633746094470144,3812362211591018
2,0,3143,1789633746094481408,3812362211601522
2,0,3144,1789633746094491648,3812362211612065
2,0,3145,1789633746094501888,3812362211622642
2,0,3146,1789633746094513152,3812362211633191
2,0,3147,1789633746094523392,3812362211643699
2,0,3148,1789633746094533632,3812362211654159
2,0,3149,1789633746094543872,3812362211664681
2,0,3150,1789633746094555136,3812362211675345
2,0,3151,1789633746094565376,3812362211685885
2,0,3152,1789633746094575616,3812362211696379
2,0,3153,1789633746094586880,3812362211706869
2,0,3154,1789633746094597120,3812362211717365
2,0,3155,1789633746094607360,3812362211727995
2,0,3156,1789633746094618624,3812362211738528
2,0,3157,1789633746094628864,3812362211749046
2,0,3158,1789633746094639104,3812362211759531
2,0,3159,1789633746094649344,3812362211770085
2,0,3160,1789633746094660608,3812362211780658
2,0,3161,1789633746094670848,3812362211791202
2,0,3162,1789633746094681088,3812362211801711
2,0,3163,1789633746094691328,3812362211812175
2,0,3164,1789633746094702592,3812362211822718
2,0,3165,1789633746094712832,3812362211833332
2,0,3166,1789633746094723072,3812362211843833
2,0,3167,1789633746094734336,3812362211854359
2,0,3168,1789633746094744576,3812362211864856
2,0,3169,1789633746094754816,3812362211875375
2,0,3170,1789633746094765056,3812362211886008
2,0,3171,1789633746094776320,3812362211896522
2,0,3172,1789633746094786560,3812362211907073
2,0,3173,1789633746094796800,3812362211917571
2,0,3174,1789633746094808064,3812362211928128
2,0,3175,1789633746094818304,3812362211938675
2,0,3176,1789633746094828544,3812362211949252
2,0,3177,1789633746094839808,3812362211959736
2,0,3178,1789633746094850048,3812362211970251
2,0,3179,1789633746094860288,3812362211980805
2,0,3180,1789633746094870528,3812362211991366
2,0,3181,1789633746094881792,3812362212001908
2,0,3182,1789633746094892032,3812362212012508
2,0,3183,1789633746094902272,3812362212023019
2,0,3184,1789633746094913536,3812362212033524
2,0,3185,1789633746094923776,3812362212044045
2,0,3186,1789633746094934016,3812362212054583
2,0,3187,1789633746094944256,3812362212065052
2,0,3188,1789633746094955520,3812362212075609
2,0,3189,1789633746094965760,3812362212086119
2,0,3190,1789633746094976000,3812362212096698
2,0,3191,1789633746094987264,3812362212107207
2,0,3192,1789633746094997504,3812362212117695
2,0,3193,1789633746095007744,3812362212128159
2,0,3194,1789633746095017984,3812362212138661
2,0,3195,1789633746095029248,3812362212149298
2,0,3196,1789633746095039488,3812362212159788
2,0,3197,1789633746095049728,3812362212170315
2,0,3198,1789633746095059968,3812362212180818
2,0,3199,1789633746095071232,3812362212191349
2,0,3200,1789633746095081472,3812362212201968
2,0,3201,1789633746095091712,3812362212212529
2,0,3202,1789633746095102976,3812362212223095
2,0,3203,1789633746095113216,3812362212233602
2,0,3204,1789633746095123456,3812362212244169
2,0,3205,1789633746095134720,3812362212254732
2,0,3206,1789633746095144960,3812362212265236
2,0,3207,1789633746095155200,3812362212275775
2,0,3208,1789633746095165440,3812362212286229
2,0,3209,1789633746095176704,3812362212296766
2,0,3210,1789633746095186944,3812362212307378
2,0,3211,1789633746095197184,3812362212317904
2,0,3212,1789633746095208448,3812362212328361
2,0,3213,1789633746095218688,3812362212338887
2,0,3214,1789633746095228928,3812362212349377
2,0,3215,1789633746095239168,3812362212359977
2,0,3216,1789633746095250432,3812362212370522
2,0,3217,1789633746095260672,3812362212381027
2,0,3218,1789633746095270912,3812362212391517
2,0,3219,1789633746095281152,3812362212402019
2,0,3220,1789633746095292416,3812362212412647
2,0,3221,1789633746095302656,3812362212423203
2,0,3222,1789633746095312896,3812362212433685
2,0,3223,1789633746095324160,3812362212444197
2,0,3224,1789633746095334400,3812362212454692
2,0,3225,1789633746095344640,3812362212465317
2,0,3226,1789633746095355904,3812362212475856
2,0,3227,1789633746095366144,3812362212486393
2,0,3228,1789633746095376384,3812362212496859
2,0,3229,1789633746095386624,3812362212507322
2,0,3230,1789633746095397888,3812362212517992
2,0,3231,1789633746095408128,3812362212528532
2,0,3232,1789633746095418368,3812362212539045
2,0,3233,1789633746095429632,3812362212549537
2,0,3234,1789633746095439872,3812362212560054
2,0,3235,1789633746095450112,3812362212570669
2,0,3236,1789633746095460352,3812362212581224
2,0,3237,1789633746095471616,3812362212591727
2,0,3238,1789633746095481856,3812362212602177
2,0,3239,1789633746095492096,3812362212612701
2,0,3240,1789633746095503360,3812362212623346
2,0,3241,1789633746095513600,3812362212633895
2,0,3242,1789633746095523840,3812362212644387
2,0,3243,1789633746095534080,3812362212654877
2,0,3244,1789633746095545344,3812362212665386
2,0,3245,1789633746095555584,3812362212676007
2,0,3246,1789633746095565824,3812362212686547
2,0,3247,1789633746095577088,3812362212697057
2,0,3248,1789633746095587328,3812362212707567
2,0,3249,1789633746095597568,3812362212718055
2,0,3250,1789633746095607808,3812362212728685
2,0,3251,1789633746095619072,3812362212739144
2,0,3252,1789633746095629312,3812362212749646
2,0,3253,1789633746095639552,3812362212760122
2,0,3254,1789633746095649792,3812362212770667
2,0,3255,1789633746095661056,3812362212781366
2,0,3256,1789633746095671296,3812362212791899
2,0,3257,1789633746095682560,3812362212802502
2,0,3258,1789633746095692800,3812362212812961
2,0,3259,1789633746095703040,3812362212823457
2,0,3260,1789633746095713280,3812362212834021
2,0,3261,1789633746095724544,3812362212844572
2,0,3262,1789633746095734784,3812362212855079
2,0,3263,1789633746095745024,3812362212865585
2,0,3264,1789633746095755264,3812362212876097
2,0,3265,1789633746095766528,3812362212886806
2,0,3266,1789633746095776768,3812362212897292
2,0,3267,1789633746095787008,3812362212907752
2,0,3268,1789633746095798272,3812362212918266
2,0,3269,1789633746095808512,3812362212928809
2,0,3270,1789633746095818752,3812362212939465
2,0,3271,1789633746095830016,3812362212949996
2,0,3272,1789633746095840256,3812362212960504
2,0,3273,1789633746095850496,3812362212971015
2,0,3274,1789633746095860736,3812362212981497
2,0,3275,1789633746095872000,3812362212992129
2,0,3276,1789633746095882240,3812362213002652
2,0,3277,1789633746095892480,3812362213013166
2,0,3278,1789633746095903744,3812362213023691
2,0,3279,1789633746095913984,3812362213034211
2,0,3280,1789633746095924224,3812362213044805
2,0,3281,1789633746095934464,3812362213055319
2,0,3282,1789633746095945728,3812362213065865
2,0,3283,1789633746095955968,3812362213076366
2,0,3284,1789633746095966208,3812362213086842
2,0,3285,1789633746095977472,3812362213097466
2,0,3286,1789633746095987712,3812362213108002
2,0,3287,1789633746095997952,3812362213118517
2,0,3288,1789633746096008192,3812362213128979
2,0,3289,1789633746096019456,3812362213139525
2,0,3290,1789633746096029696,3812362213150169
2,0,3291,1789633746096039936,3812362213160685
2,0,3292,1789633746096051200,3812362213171209
2,0,3293,1789633746096061440,3812362213181677
2,0,3294,1789633746096071680,3812362213192216
2,0,3295,1789633746096081920,3812362213202826
2,0,3296,1789633746096093184,3812362213213377
2,0,3297,1789633746096103424,3812362213223865
2,0,3298,1789633746096113664,3812362213234345
2,0,3299,1789633746096124928,3812362213244885
2,0,3300,1789633746096135168,3812362213255505
2,0,3301,1789633746096145408,3812362213266019
2,0,3302,1789633746096155648,3812362213276537
2,0,3303,1789633746096166912,3812362213287052
2,0,3304,1789633746096177152,3812362213297585
2,0,3305,1789633746096187392,3812362213308163
2,0,3306,1789633746096198656,3812362213318677
2,0,3307,1789633746096208896,3812362213329219
2,0,3308,1789633746096219136,3812362213339726
2,0,3309,1789633746096229376,3812362213350247
2,0,3310,1789633746096240640,3812362213360825
2,0,3311,1789633746096250880,3812362213371331
2,0,3312,1789633746096261120,3812362213381826
2,0,3313,1789633746096272384,3812362213392316
2,0,3314,1789633746096282624,3812362213402831
2,0,3315,1789633746096292864,3812362213413517
2,0,3316,1789633746096304128,3812362213424045
2,0,3317,1789633746096314368,3812362213434564
2,0,3318,1789633746096324608,3812362213445219
2,0,3319,1789633746096334848,3812362213455847
2,0,3320,1789633746096346112,3812362213466425
2,0,3321,1789633746096356352,3812362213477029
2,0,3322,1789633746096367616,3812362213487707
2,0,3323,1789633746096377856,3812362213498285
2,0,3324,1789633746096388096,3812362213509029
2,0,3325,1789633746096399360,3812362213519616
2,0,3326,1789633746096409600,3812362213530246
2,0,3327,1789633746096420864,3812362213540871
2,0,3328,1789633746096431104,3812362213551486
2,0,3329,1789633746096441344,3812362213562065
2,0,3330,1789633746096452608,3812362213572685
2,0,3331,1789633746096462848,3812362213583286
2,0,3332,1789633746096473088,3812362213593895
2,0,3333,1789633746096484352,3812362213606382
2,0,3334,1789633746096494592,3812362213615098
2,0,3335,1789633746096504832,3812362213625716
2,0,3336,1789633746096516096,3812362213636364
2,0,3337,1789633746096526336,3812362213646964
2,0,3338,1789633746096536576,3812362213657536
2,0,3339,1789633746096547840,3812362213668146
2,0,3340,1789633746096558080,3812362213678743
2,0,3341,1789633746096568320,3812362213689256
2,0,3342,1789633746096579584,3812362213699728
2,0,3343,1789633746096589824,3812362213710194
2,0,3344,1789633746096600064,3812362213720804
2,0,3345,1789633746096611328,3812362213731406
2,0,3346,1789633746096621568,3812362213741966
2,0,3347,1789633746096631808,3812362213752500
2,0,3348,1789633746096643072,3812362213762984
2,0,3349,1789633746096653312,3812362213773496
2,0,3350,1789633746096663552,3812362213784074
2,0,3351,1789633746096673792,3812362213794636
2,0,3352,1789633746096685056,3812362213805135
2,0,3353,1789633746096695296,3812362213815630
2,0,3354,1789633746096705536,3812362213826164
2,0,3355,1789633746096715776,3812362213836755
2,0,3356,1789633746096727040,3812362213847230
2,0,3357,1789633746096737280,3812362213857720
2,0,3358,1789633746096747520,3812362213868228
2,0,3359,1789633746096758784,3812362213878784
2,0,3360,1789633746096769024,3812362213889421
2,0,3361,1789633746096779264,3812362213899948
2,0,3362,1789633746096790528,3812362213910458
2,0,3363,1789633746096800768,3812362213920918
2,0,3364,1789633746096811008,3812362213931441
2,0,3365,1789633746096821248,3812362213942084
2,0,3366,1789633746096832512,3812362213952642
2,0,3367,1789633746096842752,3812362213963089
2,0,3368,1789633746096852992,3812362213973616
2,0,3369,1789633746096864256,3812362213984159
2,0,3370,1789633746096874496,3812362213994880
2,0,3371,1789633746096884736,3812362214005397
2,0,3372,1789633746096896000,3812362214015912
2,0,3373,1789633746096906240,3812362214026392
2,0,3374,1789633746096916480,3812362214036919
2,0,3375,1789633746096926720,3812362214047522
2,0,3376,1789633746096937984,3812362214058094
2,0,3377,1789633746096948224,3812362214068579
2,0,3378,1789633746096958464,3812362214079079
2,0,3379,1789633746096968704,3812362214089587
2,0,3380,1789633746096979968,3812362214100204
2,0,3381,1789633746096990208,3812362214110720
2,0,3382,1789633746097000448,3812362214121242
2,0,3383,1789633746097011712,3812362214131748
2,0,3384,1789633746097021952,3812362214142258
2,0,3385,1789633746097032192,3812362214152882
2,0,3386,1789633746097043456,3812362214163384
2,0,3387,1789633746097053696,3812362214173930
2,0,3388,1789633746097063936,3812362214184441
2,0,3389,1789633746097074176,3812362214194984
2,0,3390,1789633746097085440,3812362214205538
2,0,3391,1789633746097095680,3812362214216119
2,0,3392,1789633746097105920,3812362214226664
2,0,3393,1789633746097117184,3812362214237129
2,0,3394,1789633746097127424,3812362214247635
2,0,3395,1789633746097137664,3812362214258219
2,0,3396,1789633746097147904,3812362214268724
2,0,3397,1789633746097159168,3812362214279262
2,0,3398,1789633746097169408,3812362214289752
2,0,3399,1789633746097179648,3812362214300287
2,0,3400,1789633746097189888,3812362214310876
2,0,3401,1789633746097201152,3812362214321402
2,0,3402,1789633746097211392,3812362214331877
2,0,3403,1789633746097221632,3812362214342399
2,0,3404,1789633746097232896,3812362214352919
2,0,3405,1789633746097243136,3812362214363584
2,0,3406,1789633746097253376,3812362214374116
2,0,3407,1789633746097264640,3812362214384672
2,0,3408,1789633746097274880,3812362214395152
2,0,3409,1789633746097285120,3812362214405649
2,0,3410,1789633746097295360,3812362214416232
2,0,3411,1789633746097306624,3812362214426767
2,0,3412,1789633746097316864,3812362214437261
2,0,3413,1789633746097327104,3812362214447822
2,0,3414,1789633746097338368,3812362214458355
2,0,3415,1789633746097348608,3812362214468915
2,0,3416,1789633746097358848,3812362214479398
2,0,3417,1789633746097369088,3812362214489884
2,0,3418,1789633746097380352,3812362214500387
2,0,3419,1789633746097390592,3812362214510887
2,0,3420,1789633746097400832,3812362214521481
2,0,3421,1789633746097411072,3812362214531978
2,0,3422,1789633746097422336,3812362214542532
2,0,3423,1789633746097432576,3812362214552997
2,0,3424,1789633746097442816,3812362214563514
2,0,3425,1789633746097454080,3812362214574156
2,0,3426,1789633746097464320,3812362214584699
2,0,3427,1789633746097474560,3812362214595198
2,0,3428,1789633746097484800,3812362214605697
2,0,3429,1789633746097496064,3812362214616192
2,0,3430,1789633746097506304,3812362214626838
2,0,3431,1789633746097516544,3812362214637367
2,0,3432,1789633746097527808,3812362214647897
2,0,3433,1789633746097538048,3812362214658364
2,0,3434,1789633746097548288,3812362214668878
2,0,3435,1789633746097558528,3812362214679519
2,0,3436,1789633746097569792,3812362214690059
2,0,3437,1789633746097580032,3812362214700574
2,0,3438,1789633746097590272,3812362214711047
2,0,3439,1789633746097601536,3812362214721532
2,0,3440,1789633746097611776,3812362214732202
2,0,3441,1789633746097622016,3812362214742759
2,0,3442,1789633746097633280,3812362214753229
2,0,3443,1789633746097643520,3812362214763739
2,0,3444,1789633746097653760,3812362214774282
2,0,3445,1789633746097664000,3812362214784858
2,0,3446,1789633746097675264,3812362214795336
2,0,3447,1789633746097685504,3812362214805841
2,0,3448,1789633746097695744,3812362214816344
2,0,3449,1789633746097705984,3812362214826899
2,0,3450,1789633746097717248,3812362214837527
2,0,3451,1789633746097727488,3812362214847997
2,0,3452,1789633746097737728,3812362214858569
2,0,3453,1789633746097748992,3812362214869059
2,0,3454,1789633746097759232,3812362214879572
2,0,3455,1789633746097769472,3812362214890199
2,0,3456,1789633746097780736,3812362214900779
2,0,3457,1789633746097790976,3812362214911278
2,0,3458,1789633746097801216,3812362214921809
2,0,3459,1789633746097811456,3812362214932342
2,0,3460,1789633746097822720,3812362214942959
2,0,3461,1789633746097832960,3812362214953492
2,0,3462,1789633746097843200,3812362214964007
2,0,3463,1789633746097854464,3812362214974555
2,0,3464,1789633746097864704,3812362214985097
2,0,3465,1789633746097874944,3812362214995632
2,0,3466,1789633746097886208,3812362215006159
2,0,3467,1789633746097896448,3812362215016678
2,0,3468,1789633746097906688,3812362215027189
2,0,3469,1789633746097916928,3812362215037713
2,0,3470,1789633746097928192,3812362215048293
2,0,3471,1789633746097938432,3812362215058847
2,0,3472,1789633746097948672,3812362215069367
2,0,3473,1789633746097959936,3812362215079893
2,0,3474,1789633746097970176,3812362215090369
2,0,3475,1789633746097980416,3812362215100982
2,0,3476,1789633746097990656,3812362215111507
2,0,3477,1789633746098001920,3812362215121962
2,0,3478,1789633746098012160,3812362215132502
2,0,3479,1789633746098022400,3812362215143042
2,0,3480,1789633746098033664,3812362215153644
2,0,3481,1789633746098043904,3812362215164193
2,0,3482,1789633746098054144,3812362215174693
2,0,3483,1789633746098064384,3812362215185194
2,0,3484,1789633746098075648,3812362215195699
2,0,3485,1789633746098085888,3812362215206317
2,0,3486,1789633746098096128,3812362215216790
2,0,3487,1789633746098106368,3812362215227278
2,0,3488,1789633746098117632,3812362215237769
2,0,3489,1789633746098127872,3812362215248282
2,0,3490,1789633746098138112,3812362215258909
2,0,3491,1789633746098149376,3812362215269398
2,0,3492,1789633746098159616,3812362215279876
2,0,3493,1789633746098169856,3812362215290349
2,0,3494,1789633746098180096,3812362215300876
2,0,3495,1789633746098191360,3812362215311347
2,0,3496,1789633746098201600,3812362215321862
2,0,3497,1789633746098211840,3812362215332403
2,0,3498,1789633746098222080,3812362215342912
2,0,3499,1789633746098233344,3812362215353427
2,0,3500,1789633746098243584,3812362215363929
2,0,3501,1789633746098253824,3812362215374538
2,0,3502,1789633746098265088,3812362215385081
2,0,3503,1789633746098275328,3812362215395613
2,0,3504,1789633746098285568,3812362215406118
2,0,3505,1789633746098295808,3812362215416659
2,0,3506,1789633746098307072,3812362215427161
2,0,3507,1789633746098317312,3812362215437644
2,0,3508,1789633746098327552,3812362215448233
2,0,3509,1789633746098337792,3812362215458732
2,0,3510,1789633746098349056,3812362215469273
2,0,3511,1789633746098359296,3812362215479769
2,0,3512,1789633746098369536,3812362215490302
2,0,3513,1789633746098380800,3812362215500894
2,0,3514,1789633746098391040,3812362215511379
2,0,3515,1789633746098401280,3812362215521882
2,0,3516,1789633746098411520,3812362215532376
2,0,3517,1789633746098422784,3812362215542919
2,0,3518,1789633746098433024,3812362215553477
2,0,3519,1789633746098443264,3812362215564032
2,0,3520,1789633746098454528,3812362215574529
2,0,3521,1789633746098464768,3812362215585022
2,0,3522,1789633746098475008,3812362215595529
2,0,3523,1789633746098485248,3812362215606158
2,0,3524,1789633746098496512,3812362215616704
2,0,3525,1789633746098506752,3812362215627202
2,0,3526,1789633746098516992,3812362215637721
2,0,3527,1789633746098528256,3812362215648249
2,0,3528,1789633746098538496,3812362215658832
2,0,3529,1789633746098548736,3812362215669272
2,0,3530,1789633746098558976,3812362215679802
2,0,3531,1789633746098570240,3812362215690298
2,0,3532,1789633746098580480,3812362215700824
2,0,3533,1789633746098590720,3812362215711524
2,0,3534,1789633746098601984,3812362215721989
2,0,3535,1789633746098612224,3812362215732553
2,0,3536,1789633746098622464,3812362215743041
2,0,3537,1789633746098632704,3812362215753549
2,0,3538,1789633746098643968,3812362215764172
2,0,3539,1789633746098654208,3812362215774721
2,0,3540,1789633746098664448,3812362215785239
2,0,3541,1789633746098675712,3812362215795742
2,0,3542,1789633746098685952,3812362215806296
2,0,3543,1789633746098696192,3812362215816964
2,0,3544,1789633746098707456,3812362215827442
2,0,3545,1789633746098717696,3812362215837902
2,0,3546,1789633746098727936,3812362215848396
2,0,3547,1789633746098738176,3812362215858938
2,0,3548,1789633746098749440,3812362215869522
2,0,3549,1789633746098759680,3812362215880058
2,0,3550,1789633746098769920,3812362215890553
2,0,3551,1789633746098780160,3812362215901017
2,0,3552,1789633746098791424,3812362215911521
2,0,3553,1789633746098801664,3812362215922204
2,0,3554,1789633746098811904,3812362215932741
2,0,3555,1789633746098823168,3812362215943242
2,0,3556,1789633746098833408,3812362215953739
2,0,3557,1789633746098843648,3812362215964201
2,0,3558,1789633746098853888,3812362215974884
2,0,3559,1789633746098865152,3812362215985399
2,0,3560,1789633746098875392,3812362215995913
2,0,3561,1789633746098885632,3812362216006442
2,0,3562,1789633746098896896,3812362216016979
2,0,3563,1789633746098907136,3812362216027616
2,0,3564,1789633746098917376,3812362216038179
2,0,3565,1789633746098928640,3812362216048677
2,0,3566,1789633746098938880,3812362216059153
2,0,3567,1789633746098949120,3812362216069681
2,0,3568,1789633746098959360,3812362216080298
2,0,3569,1789633746098970624,3812362216090835
2,0,3570,1789633746098980864,3812362216101364
2,0,3571,1789633746098991104,3812362216111879
2,0,3572,1789633746099002368,3812362216122507
2,0,3573,1789633746099012608,3812362216132957
2,0,3574,1789633746099022848,3812362216143450
2,0,3575,1789633746099033088,3812362216153926
2,0,3576,1789633746099044352,3812362216164404
2,0,3577,1789633746099054592,3812362216174924
2,0,3578,1789633746099064832,3812362216185547
2,0,3579,1789633746099076096,3812362216196100
2,0,3580,1789633746099086336,3812362216206529
2,0,3581,1789633746099096576,3812362216216978
2,0,3582,1789633746099106816,3812362216227475
2,0,3583,1789633746099117056,3812362216237922
2,0,3584,1789633746099128320,3812362216248432
2,0,3585,1789633746099138560,3812362216258953
2,0,3586,1789633746099148800,3812362216269518
2,0,3587,1789633746099160064,3812362216280056
2,0,3588,1789633746099170304,3812362216290566
2,0,3589,1789633746099180544,3812362216301064
2,0,3590,1789633746099190784,3812362216311604
2,0,3591,1789633746099202048,3812362216322199
2,0,3592,1789633746099212288,3812362216332694
2,0,3593,1789633746099222528,3812362216343190
2,0,3594,1789633746099232768,3812362216353669
2,0,3595,1789633746099244032,3812362216364166
2,0,3596,1789633746099254272,3812362216374789
2,0,3597,1789633746099264512,3812362216385324
2,0,3598,1789633746099275776,3812362216395842
2,0,3599,1789633746099286016,3812362216406334
2,0,3600,1789633746099296256,3812362216416866
2,0,3601,1789633746099306496,3812362216427463
2,0,3602,1789633746099317760,3812362216438016
2,0,3603,1789633746099328000,3812362216448518
2,0,3604,1789633746099338240,3812362216458979
2,0,3605,1789633746099349504,3812362216469522
2,0,3606,1789633746099359744,3812362216480119
2,0,3607,1789633746099369984,3812362216490673
2,0,3608,1789633746099381248,3812362216501199
2,0,3609,1789633746099391488,3812362216511704
2,0,3610,1789633746099401728,3812362216522198
2,0,3611,1789633746099411968,3812362216532913
2,0,3612,1789633746099423232,3812362216543406
2,0,3613,1789633746099433472,3812362216553929
2,0,3614,1789633746099443712,3812362216564416
2,0,3615,1789633746099454976,3812362216574952
2,0,3616,1789633746099465216,3812362216585566
2,0,3617,1789633746099475456,3812362216596052
2,0,3618,1789633746099485696,3812362216606516
2,0,3619,1789633746099496960,3812362216617026
2,0,3620,1789633746099507200,3812362216627518
2,0,3621,1789633746099517440,3812362216638149
2,0,3622,1789633746099528704,3812362216648692
2,0,3623,1789633746099538944,3812362216659216
2,0,3624,1789633746099549184,3812362216669713
2,0,3625,1789633746099559424,3812362216680242
2,0,3626,1789633746099570688,3812362216690918
2,0,3627,1789633746099580928,3812362216701478
2,0,3628,1789633746099591168,3812362216711955
2,0,3629,1789633746099602432,3812362216722498
2,0,3630,1789633746099612672,3812362216733044
2,0,3631,1789633746099622912,3812362216743593
2,0,3632,1789633746099633152,3812362216754102
2,0,3633,1789633746099644416,3812362216764632
2,0,3634,1789633746099654656,3812362216775125
2,0,3635,1789633746099664896,3812362216785609
2,0,3636,1789633746099676160,3812362216796252
2,0,3637,1789633746099686400,3812362216806799
2,0,3638,1789633746099696640,3812362216817289
2,0,3639,1789633746099706880,3812362216827784
2,0,3640,1789633746099718144,3812362216838280
2,0,3641,1789633746099728384,3812362216848932
2,0,3642,1789633746099738624,3812362216859432
2,0,3643,1789633746099749888,3812362216869920
2,0,3644,1789633746099760128,3812362216880449
2,0,3645,1789633746099770368,3812362216890924
2,0,3646,1789633746099780608,3812362216901586
2,0,3647,1789633746099791872,3812362216912115
2,0,3648,1789633746099802112,3812362216922644
2,0,3649,1789633746099812352,3812362216933142
2,0,3650,1789633746099823616,3812362216943661
2,0,3651,1789633746099833856,3812362216954279
2,0,3652,1789633746099844096,3812362216964822
2,0,3653,1789633746099855360,3812362216975374
2,0,3654,1789633746099865600,3812362216985884
2,0,3655,1789633746099875840,3812362216996419
2,0,3656,1789633746099886080,3812362217006938
2,0,3657,1789633746099897344,3812362217017478
2,0,3658,1789633746099907584,3812362217028001
2,0,3659,1789633746099917824,3812362217038482
2,0,3660,1789633746099928064,3812362217048999
2,0,3661,1789633746099939328,3812362217059621
2,0,3662,1789633746099949568,3812362217070169
2,0,3663,1789633746099959808,3812362217080659
2,0,3664,1789633746099971072,3812362217091173
2,0,3665,1789633746099981312,3812362217101682
2,0,3666,1789633746099991552,3812362217112304
2,0,3667,1789633746100002816,3812362217122832
2,0,3668,1789633746100013056,3812362217133336
2,0,3669,1789633746100023296,3812362217143839
2,0,3670,1789633746100033536,3812362217154353
2,0,3671,1789633746100044800,3812362217164969
2,0,3672,1789633746100055040,3812362217175513
2,0,3673,1789633746100065280,3812362217186006
2,0,3674,1789633746100076544,3812362217196546
2,0,3675,1789633746100086784,3812362217207079
2,0,3676,1789633746100097024,3812362217217639
2,0,3677,1789633746100107264,3812362217228134
2,0,3678,1789633746100118528,3812362217238681
2,0,3679,1789633746100128768,3812362217249186
2,0,3680,1789633746100139008,3812362217259679
2,0,3681,1789633746100149248,3812362217270319
2,0,3682,1789633746100160512,3812362217280804
2,0,3683,1789633746100170752,3812362217291342
2,0,3684,1789633746100180992,3812362217301804
2,0,3685,1789633746100192256,3812362217312336
2,0,3686,1789633746100202496,3812362217322993
2,0,3687,1789633746100212736,3812362217333482
2,0,3688,1789633746100224000,3812362217344033
2,0,3689,1789633746100234240,3812362217354529
2,0,3690,1789633746100244480,3812362217365082
2,0,3691,1789633746100254720,3812362217375650
2,0,3692,1789633746100265984,3812362217386176
2,0,3693,1789633746100276224,3812362217396701
2,0,3694,1789633746100286464,3812362217407201
2,0,3695,1789633746100297728,3812362217417701
2,0,3696,1789633746100307968,3812362217428322
2,0,3697,1789633746100318208,3812362217438859
2,0,3698,1789633746100328448,3812362217449353
2,0,3699,1789633746100339712,3812362217459880
2,0,3700,1789633746100349952,3812362217470399
2,0,3701,1789633746100360192,3812362217480999
2,0,3702,1789633746100371456,3812362217491469
2,0,3703,1789633746100381696,3812362217501946
2,0,3704,1789633746100391936,3812362217512506
2,0,3705,1789633746100402176,3812362217523049
2,0,3706,1789633746100413440,3812362217533672
2,0,3707,1789633746100423680,3812362217544204
2,0,3708,1789633746100433920,3812362217554715
2,0,3709,1789633746100445184,3812362217565219
2,0,3710,1789633746100455424,3812362217575766
2,0,3711,1789633746100465664,3812362217586338
2,0,3712,1789633746100475904,3812362217596870
2,0,3713,1789633746100487168,3812362217607377
2,0,3714,1789633746100497408,3812362217617893
2,0,3715,1789633746100507648,3812362217628423
2,0,3716,1789633746100518912,3812362217639006
2,0,3717,1789633746100529152,3812362217649538
2,0,3718,1789633746100539392,3812362217660046
2,0,3719,1789633746100549632,3812362217670552
2,0,3720,1789633746100560896,3812362217681046
2,0,3721,1789633746100571136,3812362217691690
2,0,3722,1789633746100581376,3812362217702219
2,0,3723,1789633746100592640,3812362217712726
2,0,3724,1789633746100602880,3812362217723215
2,0,3725,1789633746100613120,3812362217733752
2,0,3726,1789633746100623360,3812362217744373
2,0,3727,1789633746100634624,3812362217754903
2,0,3728,1789633746100644864,3812362217765402
2,0,3729,1789633746100655104,3812362217775896
2,0,3730,1789633746100666368,3812362217786396
2,0,3731,1789633746100676608,3812362217797041
2,0,3732,1789633746100686848,3812362217807582
2,0,3733,1789633746100698112,3812362217818075
2,0,3734,1789633746100708352,3812362217828578
2,0,3735,1789633746100718592,3812362217839089
2,0,3736,1789633746100728832,3812362217849709
2,0,3737,1789633746100740096,3812362217860209
2,0,3738,1789633746100750336,3812362217870804
2,0,3739,1789633746100760576,3812362217881219
2,0,3740,1789633746100770816,3812362217891766
2,0,3741,1789633746100782080,3812362217902372
2,0,3742,1789633746100792320,3812362217912916
2,0,3743,1789633746100802560,3812362217923439
2,0,3744,1789633746100813824,3812362217933949
2,0,3745,1789633746100824064,3812362217944442
2,0,3746,1789633746100834304,3812362217955033
2,0,3747,1789633746100845568,3812362217965569
2,0,3748,1789633746100855808,3812362217976078
2,0,3749,1789633746100866048,3812362217986566
2,0,3750,1789633746100876288,3812362217997098
2,0,3751,1789633746100887552,3812362218007716
2,0,3752,1789633746100897792,3812362218018258
2,0,3753,1789633746100908032,3812362218028749
2,0,3754,1789633746100918272,3812362218039241
2,0,3755,1789633746100929536,3812362218049752
2,0,3756,1789633746100939776,3812362218060422
2,0,3757,1789633746100950016,3812362218070952
2,0,3758,1789633746100961280,3812362218081439
2,0,3759,1789633746100971520,3812362218091959
2,0,3760,1789633746100981760,3812362218102509
2,0,3761,1789633746100992000,3812362218113072
2,0,3762,1789633746101003264,3812362218123542
2,0,3763,1789633746101013504,3812362218134033
2,0,3764,1789633746101023744,3812362218144534
2,0,3765,1789633746101035008,3812362218155062
2,0,3766,1789633746101045248,3812362218165649
2,0,3767,1789633746101055488,3812362218176184
2,0,3768,1789633746101065728,3812362218186686
2,0,3769,1789633746101076992,3812362218197164
2,0,3770,1789633746101087232,3812362218207666
2,0,3771,1789633746101097472,3812362218218356
2,0,3772,1789633746101108736,3812362218228849
2,0,3773,1789633746101118976,3812362218239363
2,0,3774,1789633746101129216,3812362218249839
2,0,3775,1789633746101139456,3812362218260373
2,0,3776,1789633746101150720,3812362218271009
2,0,3777,1789633746101160960,3812362218281556
2,0,3778,1789633746101171200,3812362218292056
2,0,3779,1789633746101182464,3812362218302541
2,0,3780,1789633746101192704,3812362218313089
2,0,3781,1789633746101202944,3812362218323721
2,0,3782,1789633746101214208,3812362218334272
2,0,3783,1789633746101224448,3812362218344796
2,0,3784,1789633746101234688,3812362218355296
2,0,3785,1789633746101244928,3812362218365819
2,0,3786,1789633746101256192,3812362218376441
2,0,3787,1789633746101266432,3812362218386973
2,0,3788,1789633746101276672,3812362218397478
2,0,3789,1789633746101287936,3812362218407984
2,0,3790,1789633746101298176,3812362218418506
2,0,3791,1789633746101308416,3812362218429123
2,0,3792,1789633746101318656,3812362218439599
2,0,3793,1789633746101329920,3812362218450069
2,0,3794,1789633746101340160,3812362218460592
2,0,3795,1789633746101350400,3812362218471129
2,0,3796,1789633746101361664,3812362218481776
2,0,3797,1789633746101371904,3812362218492262
2,0,3798,1789633746101382144,3812362218502759
2,0,3799,1789633746101392384,3812362218513238
2,0,3800,1789633746101403648,3812362218523719
2,0,3801,1789633746101413888,3812362218534344
2,0,3802,1789633746101424128,3812362218544829
2,0,3803,1789633746101435392,3812362218555366
2,0,3804,1789633746101445632,3812362218565806
2,0,3805,1789633746101455872,3812362218576332
2,0,3806,1789633746101466112,3812362218586782
2,0,3807,1789633746101476352,3812362218597242
2,0,3808,1789633746101487616,3812362218607772
2,0,3809,1789633746101497856,3812362218618333
2,0,3810,1789633746101508096,3812362218628864
2,0,3811,1789633746101519360,3812362218639366
2,0,3812,1789633746101529600,3812362218649852
2,0,3813,1789633746101539840,3812362218660342
2,0,3814,1789633746101550080,3812362218671019
2,0,3815,1789633746101561344,3812362218681549
2,0,3816,1789633746101571584,3812362218692372
2,0,3817,1789633746101582848,3812362218702922
2,0,3818,1789633746101593088,3812362218713409
2,0,3819,1789633746101603328,3812362218723962
2,0,3820,1789633746101613568,3812362218734432
2,0,3821,1789633746101624832,3812362218745152
2,0,3822,1789633746101635072,3812362218755641
2,0,3823,1789633746101645312,3812362218766179
2,0,3824,1789633746101656576,3812362218776672
2,0,3825,1789633746101666816,3812362218787164
2,0,3826,1789633746101677056,3812362218797799
2,0,3827,1789633746101688320,3812362218808352
2,0,3828,1789633746101698560,3812362218818919
2,0,3829,1789633746101708800,3812362218829382
2,0,3830,1789633746101719040,3812362218839918
2,0,3831,1789633746101730304,3812362218850472
2,0,3832,1789633746101740544,3812362218861039
2,0,3833,1789633746101750784,3812362218871584
2,0,3834,1789633746101762048,3812362218882144
2,0,3835,1789633746101772288,3812362218892684
2,0,3836,1789633746101782528,3812362218903158
2,0,3837,1789633746101792768,3812362218913692
2,0,3838,1789633746101804032,3812362218924186
2,0,3839,1789633746101814272,3812362218934679
2,0,3840,1789633746101824512,3812362218945184
2,0,3841,1789633746101834752,3812362218955852
2,0,3842,1789633746101846016,3812362218966389
2,0,3843,1789633746101856256,3812362218976892
2,0,3844,1789633746101866496,3812362218987392
2,0,3845,1789633746101877760,3812362218997864
2,0,3846,1789633746101888000,3812362219008502
2,0,3847,1789633746101898240,3812362219019052
2,0,3848,1789633746101909504,3812362219029552
2,0,3849,1789633746101919744,3812362219040049
2,0,3850,1789633746101929984,3812362219050521
2,0,3851,1789633746101940224,3812362219061166
2,0,3852,1789633746101951488,3812362219071664
2,0,3853,1789633746101961728,3812362219082126
2,0,3854,1789633746101971968,3812362219092633
2,0,3855,1789633746101982208,3812362219103152
2,0,3856,1789633746101993472,3812362219113755
2,0,3857,1789633746102003712,3812362219124257
2,0,3858,1789633746102013952,3812362219134752
2,0,3859,1789633746102025216,3812362219145252
2,0,3860,1789633746102035456,3812362219155759
2,0,3861,1789633746102045696,3812362219166461
2,0,3862,1789633746102056960,3812362219176969
2,0,3863,1789633746102067200,3812362219187484
2,0,3864,1789633746102077440,3812362219197966
2,0,3865,1789633746102087680,3812362219208464
2,0,3866,1789633746102098944,3812362219219099
2,0,3867,1789633746102109184,3812362219229642
2,0,3868,1789633746102119424,3812362219240141
2,0,3869,1789633746102129664,3812362219250649
2,0,3870,1789633746102140928,3812362219261200
2,0,3871,1789633746102151168,3812362219271879
2,0,3872,1789633746102161408,3812362219282522
2,0,3873,1789633746102172672,3812362219293259
2,0,3874,1789633746102182912,3812362219303802
2,0,3875,1789633746102194176,3812362219314296
2,0,3876,1789633746102204416,3812362219324776
2,0,3877,1789633746102214656,3812362219335324
2,0,3878,1789633746102224896,3812362219345902
2,0,3879,1789633746102236160,3812362219356439
2,0,3880,1789633746102246400,3812362219366946
2,0,3881,1789633746102256640,3812362219377481
2,0,3882,1789633746102267904,3812362219387958
2,0,3883,1789633746102278144,3812362219398569
2,0,3884,1789633746102288384,3812362219409109
2,0,3885,1789633746102298624,3812362219419612
2,0,3886,1789633746102309888,3812362219430112
2,0,3887,1789633746102320128,3812362219440635
2,0,3888,1789633746102330368,3812362219451252
2,0,3889,1789633746102341632,3812362219461782
2,0,3890,1789633746102351872,3812362219472299
2,0,3891,1789633746102362112,3812362219482753
2,0,3892,1789633746102372352,3812362219493258
2,0,3893,1789633746102383616,3812362219503918
2,0,3894,1789633746102393856,3812362219514404
2,0,3895,1789633746102404096,3812362219524902
2,0,3896,1789633746102415360,3812362219535402
2,0,3897,1789633746102425600,3812362219545872
2,0,3898,1789633746102435840,3812362219556609
2,0,3899,1789633746102447104,3812362219567133
2,0,3900,1789633746102457344,3812362219577644
2,0,3901,1789633746102467584,3812362219588132
2,0,3902,1789633746102477824,3812362219598689
2,0,3903,1789633746102489088,3812362219609266
2,0,3904,1789633746102499328,3812362219619809
2,0,3905,1789633746102509568,3812362219630319
2,0,3906,1789633746102519808,3812362219640812
2,0,3907,1789633746102531072,3812362219651339
2,0,3908,1789633746102541312,3812362219661933
2,0,3909,1789633746102551552,3812362219672522
2,0,3910,1789633746102562816,3812362219683062
2,0,3911,1789633746102573056,3812362219693593
2,0,3912,1789633746102583296,3812362219704084
2,0,3913,1789633746102594560,3812362219714702
2,0,3914,1789633746102604800,3812362219725222
2,0,3915,1789633746102615040,3812362219735678
2,0,3916,1789633746102625280,3812362219746176
2,0,3917,1789633746102636544,3812362219756679
2,0,3918,1789633746102646784,3812362219767279
2,0,3919,1789633746102657024,3812362219777833
2,0,3920,1789633746102668288,3812362219788334
2,0,3921,1789633746102678528,3812362219798832
2,0,3922,1789633746102688768,3812362219809332
2,0,3923,1789633746102699008,3812362219819966
2,0,3924,1789633746102710272,3812362219830462
2,0,3925,1789633746102720512,3812362219840999
2,0,3926,1789633746102730752,3812362219851509
2,0,3927,1789633746102740992,3812362219862040
2,0,3928,1789633746102752256,3812362219872629
2,0,3929,1789633746102762496,3812362219883135
2,0,3930,1789633746102772736,3812362219893666
2,0,3931,1789633746102784000,3812362219904179
2,0,3932,1789633746102794240,3812362219914699
2,0,3933,1789633746102804480,3812362219925292
2,0,3934,1789633746102815744,3812362219935853
2,0,3935,1789633746102825984,3812362219946349
2,0,3936,1789633746102836224,3812362219956841
2,0,3937,1789633746102846464,3812362219967376
2,0,3938,1789633746102857728,3812362219977964
2,0,3939,1789633746102867968,3812362219988522
2,0,3940,1789633746102878208,3812362219999016
2,0,3941,1789633746102889472,3812362220009546
2,0,3942,1789633746102899712,3812362220020029
2,0,3943,1789633746102909952,3812362220030652
2,0,3944,1789633746102920192,3812362220041132
2,0,3945,1789633746102931456,3812362220051624
2,0,3946,1789633746102941696,3812362220062115
2,0,3947,1789633746102951936,3812362220072573
2,0,3948,1789633746102962176,3812362220083101
2,0,3949,1789633746102973440,3812362220093572
2,0,3950,1789633746102983680,3812362220104069
2,0,3951,1789633746102993920,3812362220114615
2,0,3952,1789633746103004160,3812362220125113
2,0,3953,1789633746103015424,3812362220135659
2,0,3954,1789633746103025664,3812362220146113
2,0,3955,1789633746103035904,3812362220156660
2,0,3956,1789633746103046144,3812362220167293
2,0,3957,1789633746103057408,3812362220177789
2,0,3958,1789633746103067648,3812362220188241
2,0,3959,1789633746103077888,3812362220198763
2,0,3960,1789633746103089152,3812362220209312
2,0,3961,1789633746103099392,3812362220219969
2,0,3962,1789633746103109632,3812362220230504
2,0,3963,1789633746103120896,3812362220240992
2,0,3964,1789633746103131136,3812362220251522
2,0,3965,1789633746103141376,3812362220262018
2,0,3966,1789633746103151616,3812362220272642
2,0,3967,1789633746103162880,3812362220283135
2,0,3968,1789633746103173120,3812362220293678
2,0,3969,1789633746103183360,3812362220304172
2,0,3970,1789633746103194624,3812362220314716
2,0,3971,1789633746103204864,3812362220325322
2,0,3972,1789633746103215104,3812362220335832
2,0,3973,1789633746103225344,3812362220346366
2,0,3974,1789633746103236608,3812362220356864
2,0,3975,1789633746103246848,3812362220367412
2,0,3976,1789633746103257088,3812362220377981
2,0,3977,1789633746103268352,3812362220388519
2,0,3978,1789633746103278592,3812362220399042
2,0,3979,1789633746103288832,3812362220409514
2,0,3980,1789633746103299072,3812362220420013
2,0,3981,1789633746103310336,3812362220430692
2,0,3982,1789633746103320576,3812362220441233
2,0,3983,1789633746103330816,3812362220451769
2,0,3984,1789633746103342080,3812362220462229
2,0,3985,1789633746103352320,3812362220472781
2,0,3986,1789633746103362560,3812362220483339
2,0,3987,1789633746103372800,3812362220493839
2,0,3988,1789633746103384064,3812362220504389
2,0,3989,1789633746103394304,3812362220514859
2,0,3990,1789633746103404544,3812362220525412
2,0,3991,1789633746103415808,3812362220535962
2,0,3992,1789633746103426048,3812362220546573
2,0,3993,1789633746103436288,3812362220557049
2,0,3994,1789633746103446528,3812362220567515
2,0,3995,1789633746103457792,3812362220577998
2,0,3996,1789633746103468032,3812362220588678
2,0,3997,1789633746103478272,3812362220599249
2,0,3998,1789633746103489536,3812362220609736
2,0,3999,1789633746103499776,3812362220620252
2,0,4000,1789633746103510016,3812362220630809
2,0,4001,1789633746103521280,3812362220641352
2,0,4002,1789633746103531520,3812362220651839
2,0,4003,1789633746103541760,3812362220662322
2,0,4004,1789633746103552000,3812362220672809
2,0,4005,1789633746103563264,3812362220683324
2,0,4006,1789633746103573504,3812362220693919
2,0,4007,1789633746103583744,3812362220704429
2,0,4008,1789633746103593984,3812362220714972
2,0,4009,1789633746103605248,3812362220725472
2,0,4010,1789633746103615488,3812362220735959
2,0,4011,1789633746103625728,3812362220746606
2,0,4012,1789633746103636992,3812362220757122
2,0,4013,1789633746103647232,3812362220767642
2,0,4014,1789633746103657472,3812362220778118
2,0,4015,1789633746103667712,3812362220788682
2,0,4016,1789633746103678976,3812362220799275
2,0,4017,1789633746103689216,3812362220809738
2,0,4018,1789633746103699456,3812362220820249
2,0,4019,1789633746103709696,3812362220830679
2,0,4020,1789633746103720960,3812362220841236
2,0,4021,1789633746103731200,3812362220851961
2,0,4022,1789633746103741440,3812362220862518
2,0,4023,1789633746103752704,3812362220873004
2,0,4024,1789633746103762944,3812362220883472
2,0,4025,1789633746103773184,3812362220893929
2,0,4026,1789633746103783424,3812362220904639
2,0,4027,1789633746103794688,3812362220915172
2,0,4028,1789633746103804928,3812362220925622
2,0,4029,1789633746103815168,3812362220936119
2,0,4030,1789633746103826432,3812362220946586
2,0,4031,1789633746103836672,3812362220957064
2,0,4032,1789633746103846912,3812362220967515
2,0,4033,1789633746103857152,3812362220978049
2,0,4034,1789633746103868416,3812362220988602
2,0,4035,1789633746103878656,3812362220999106
2,0,4036,1789633746103888896,3812362221009639
2,0,4037,1789633746103899136,3812362221020119
2,0,4038,1789633746103910400,3812362221030609
2,0,4039,1789633746103920640,3812362221041252
2,0,4040,1789633746103930880,3812362221051738
2,0,4041,1789633746103942144,3812362221062249
2,0,4042,1789633746103952384,3812362221072762
2,0,4043,1789633746103962624,3812362221083292
2,0,4044,1789633746103972864,3812362221093839
2,0,4045,1789633746103984128,3812362221104406
2,0,4046,1789633746103994368,3812362221114889
2,0,4047,1789633746104004608,3812362221125409
2,0,4048,1789633746104015872,3812362221135923
2,0,4049,1789633746104026112,3812362221146532
2,0,4050,1789633746104036352,3812362221157084
2,0,4051,1789633746104046592,3812362221167552
2,0,4052,1789633746104057856,3812362221178056
2,0,4053,1789633746104068096,3812362221188642
2,0,4054,1789633746104078336,3812362221199193
2,0,4055,1789633746104089600,3812362221209733
2,0,4056,1789633746104099840,3812362221220286
2,0,4057,1789633746104110080,3812362221230782
2,0,4058,1789633746104120320,3812362221241324
2,0,4059,1789633746104131584,3812362221251949
2,0,4060,1789633746104141824,3812362221262519
2,0,4061,1789633746104152064,3812362221273012
2,0,4062,1789633746104163328,3812362221283492
2,0,4063,1789633746104173568,3812362221293989
2,0,4064,1789633746104183808,3812362221304626
2,0,4065,1789633746104195072,3812362221315169
2,0,4066,1789633746104205312,3812362221325682
2,0,4067,1789633746104215552,3812362221336175
2,0,4068,1789633746104225792,3812362221346702
2,0,4069,1789633746104237056,3812362221357269
2,0,4070,1789633746104247296,3812362221367772
2,0,4071,1789633746104257536,3812362221378355
2,0,4072,1789633746104268800,3812362221388842
2,0,4073,1789633746104279040,3812362221399366
2,0,4074,1789633746104289280,3812362221409972
2,0,4075,1789633746104299520,3812362221420533
2,0,4076,1789633746104310784,3812362221431012
2,0,4077,1789633746104321024,3812362221441526
2,0,4078,1789633746104331264,3812362221452061
2,0,4079,1789633746104342528,3812362221462652
2,0,4080,1789633746104352768,3812362221473164
2,0,4081,1789633746104363008,3812362221483694
2,0,4082,1789633746104373248,3812362221494198
2,0,4083,1789633746104384512,3812362221504732
2,0,4084,1789633746104394752,3812362221515324
2,0,4085,1789633746104404992,3812362221525843
2,0,4086,1789633746104416256,3812362221536305
2,0,4087,1789633746104426496,3812362221546839
2,0,4088,1789633746104436736,3812362221557344
2,0,4089,1789633746104446976,3812362221567986
2,0,4090,1789633746104458240,3812362221578492
2,0,4091,1789633746104468480,3812362221588964
2,0,4092,1789633746104478720,3812362221599438
2,0,4093,1789633746104488960,3812362221609941
2,0,4094,1789633746104500224,3812362221620572
2,0,4095,1789633746104510464,3812362221631030
2,0,4096,1789633746104520704,3812362221641612
2,0,4097,1789633746104531968,3812362221652099
2,0,4098,1789633746104542208,3812362221662613
2,0,4099,1789633746104552448,3812362221673281
2,0,4100,1789633746104563712,3812362221683795
2,0,4101,1789633746104573952,3812362221694333
2,0,4102,1789633746104584192,3812362221704828
2,0,4103,1789633746104594432,3812362221715361
2,0,4104,1789633746104605696,3812362221725998
2,0,4105,1789633746104615936,3812362221736521
2,0,4106,1789633746104626176,3812362221747062
2,0,4107,1789633746104637440,3812362221757568
2,0,4108,1789633746104647680,3812362221768115
2,0,4109,1789633746104657920,3812362221778679
2,0,4110,1789633746104668160,3812362221789234
2,0,4111,1789633746104679424,3812362221799715
2,0,4112,1789633746104689664,3812362221810246
2,0,4113,1789633746104699904,3812362221820802
2,0,4114,1789633746104711168,3812362221831366
2,0,4115,1789633746104721408,3812362221841875
2,0,4116,1789633746104731648,3812362221852392
2,0,4117,1789633746104741888,3812362221862928
2,0,4118,1789633746104753152,3812362221873476
2,0,4119,1789633746104763392,3812362221884044
2,0,4120,1789633746104773632,3812362221894574
2,0,4121,1789633746104784896,3812362221905064
2,0,4122,1789633746104795136,3812362221915558
2,0,4123,1789633746104805376,3812362221926069
2,0,4124,1789633746104815616,3812362221936702
2,0,4125,1789633746104826880,3812362221947238
2,0,4126,1789633746104837120,3812362221957744
2,0,4127,1789633746104847360,3812362221968218
2,0,4128,1789633746104858624,3812362221978726
2,0,4129,1789633746104868864,3812362221989368
2,0,4130,1789633746104879104,3812362221999892
2,0,4131,1789633746104889344,3812362222010418
2,0,4132,1789633746104900608,3812362222020902
2,0,4133,1789633746104910848,3812362222031406
2,0,4134,1789633746104921088,3812362222042082
2,0,4135,1789633746104932352,3812362222052606
2,0,4136,1789633746104942592,3812362222063076
2,0,4137,1789633746104952832,3812362222073584
2,0,4138,1789633746104963072,3812362222084113
2,0,4139,1789633746104974336,3812362222094704
2,0,4140,1789633746104984576,3812362222105258
2,0,4141,1789633746104994816,3812362222115756
2,0,4142,1789633746105006080,3812362222126241
2,0,4143,1789633746105016320,3812362222136732
2,0,4144,1789633746105026560,3812362222147413
2,0,4145,1789633746105037824,3812362222157938
2,0,4146,1789633746105048064,3812362222168442
2,0,4147,1789633746105058304,3812362222178933
2,0,4148,1789633746105068544,3812362222189428
2,0,4149,1789633746105079808,3812362222200053
2,0,4150,1789633746105090048,3812362222210593
2,0,4151,1789633746105100288,3812362222221101
2,0,4152,1789633746105111552,3812362222231598
2,0,4153,1789633746105121792,3812362222242123
2,0,4154,1789633746105132032,3812362222252750
2,0,4155,1789633746105142272,3812362222263268
2,0,4156,1789633746105153536,3812362222273776
2,0,4157,1789633746105163776,3812362222284272
2,0,4158,1789633746105174016,3812362222294776
2,0,4159,1789633746105184256,3812362222305412
2,0,4160,1789633746105195520,3812362222315968
2,0,4161,1789633746105205760,3812362222326452
2,0,4162,1789633746105216000,3812362222336933
2,0,4163,1789633746105227264,3812362222347475
2,0,4164,1789633746105237504,3812362222358079
2,0,4165,1789633746105247744,3812362222368595
2,0,4166,1789633746105259008,3812362222379128
2,0,4167,1789633746105269248,3812362222389618
2,0,4168,1789633746105279488,3812362222400153
2,0,4169,1789633746105289728,3812362222410800
2,0,4170,1789633746105300992,3812362222421282
2,0,4171,1789633746105311232,3812362222431722
2,0,4172,1789633746105321472,3812362222442245
2,0,4173,1789633746105331712,3812362222452738
2,0,4174,1789633746105342976,3812362222463322
2,0,4175,1789633746105353216,3812362222473878
2,0,4176,1789633746105363456,3812362222484401
2,0,4177,1789633746105374720,3812362222494895
2,0,4178,1789633746105384960,3812362222505392
2,0,4179,1789633746105395200,3812362222516008
2,0,4180,1789633746105405440,3812362222526552
2,0,4181,1789633746105416704,3812362222537046
2,0,4182,1789633746105426944,3812362222547542
2,0,4183,1789633746105437184,3812362222558053
2,0,4184,1789633746105448448,3812362222568678
2,0,4185,1789633746105458688,3812362222579184
2,0,4186,1789633746105468928,3812362222589722
2,0,4187,1789633746105479168,3812362222600222
2,0,4188,1789633746105490432,3812362222610706
2,0,4189,1789633746105500672,3812362222621344
2,0,4190,1789633746105510912,3812362222631906
2,0,4191,1789633746105522176,3812362222642500
2,0,4192,1789633746105532416,3812362222652978
2,0,4193,1789633746105542656,3812362222663486
2,0,4194,1789633746105553920,3812362222674098
2,0,4195,1789633746105564160,3812362222684631
2,0,4196,1789633746105574400,3812362222695095
2,0,4197,1789633746105584640,3812362222705614
2,0,4198,1789633746105595904,3812362222716131
2,0,4199,1789633746105606144,3812362222726801
2,0,4200,1789633746105616384,3812362222737328
2,0,4201,1789633746105627648,3812362222747798
2,0,4202,1789633746105637888,3812362222758341
2,0,4203,1789633746105648128,3812362222768841
2,0,4204,1789633746105658368,3812362222779458
2,0,4205,1789633746105669632,3812362222789961
2,0,4206,1789633746105679872,3812362222800451
2,0,4207,1789633746105690112,3812362222810951
2,0,4208,1789633746105701376,3812362222821488
2,0,4209,1789633746105711616,3812362222832124
2,0,4210,1789633746105721856,3812362222842618
2,0,4211,1789633746105732096,3812362222853113
2,0,4212,1789633746105743360,3812362222863608
2,0,4213,1789633746105753600,3812362222874133
2,0,4214,1789633746105763840,3812362222884813
2,0,4215,1789633746105775104,3812362222895328
2,0,4216,1789633746105785344,3812362222905848
2,0,4217,1789633746105795584,3812362222916328
2,0,4218,1789633746105805824,3812362222926835
2,0,4219,1789633746105817088,3812362222937484
2,0,4220,1789633746105827328,3812362222948054
2,0,4221,1789633746105837568,3812362222958526
2,0,4222,1789633746105848832,3812362222969018
2,0,4223,1789633746105859072,3812362222979558
2,0,4224,1789633746105869312,3812362222990146
2,0,4225,1789633746105880576,3812362223000693
2,0,4226,1789633746105890816,3812362223011193
2,0,4227,1789633746105901056,3812362223021675
2,0,4228,1789633746105911296,3812362223032181
2,0,4229,1789633746105922560,3812362223042808
2,0,4230,1789633746105932800,3812362223053351
2,0,4231,1789633746105943040,3812362223063856
2,0,4232,1789633746105954304,3812362223074384
2,0,4233,1789633746105964544,3812362223084888
2,0,4234,1789633746105974784,3812362223095498
2,0,4235,1789633746105985024,3812362223105998
2,0,4236,1789633746105996288,3812362223116541
2,0,4237,1789633746106006528,3812362223127028
2,0,4238,1789633746106016768,3812362223137591
2,0,4239,1789633746106028032,3812362223148171
2,0,4240,1789633746106038272,3812362223158651
2,0,4241,1789633746106048512,3812362223169104
2,0,4242,1789633746106058752,3812362223179606
2,0,4243,1789633746106070016,3812362223190121
2,0,4244,1789633746106080256,3812362223200801
2,0,4245,1789633746106090496,3812362223211326
2,0,4246,1789633746106101760,3812362223221828
2,0,4247,1789633746106112000,3812362223232294
2,0,4248,1789633746106122240,3812362223242816
2,0,4249,1789633746106132480,3812362223253418
2,0,4250,1789633746106143744,3812362223263958
2,0,4251,1789633746106153984,3812362223274566
2,0,4252,1789633746106164224,3812362223285051
2,0,4253,1789633746106175488,3812362223295631
2,0,4254,1789633746106185728,3812362223306188
2,0,4255,1789633746106195968,3812362223316684
2,0,4256,1789633746106206208,3812362223327166
2,0,4257,1789633746106217472,3812362223337681
2,0,4258,1789633746106227712,3812362223348236
2,0,4259,1789633746106237952,3812362223358859
2,0,4260,1789633746106249216,3812362223369408
2,0,4261,1789633746106259456,3812362223379898
2,0,4262,1789633746106269696,3812362223390369
2,0,4263,1789633746106279936,3812362223400871
2,0,4264,1789633746106291200,3812362223411551
2,0,4265,1789633746106301440,3812362223422078
2,0,4266,1789633746106311680,3812362223432571
2,0,4267,1789633746106322944,3812362223443115
2,0,4268,1789633746106333184,3812362223453661
2,0,4269,1789633746106343424,3812362223464181
2,0,4270,1789633746106353664,3812362223474681
2,0,4271,1789633746106364928,3812362223485198
2,0,4272,1789633746106375168,3812362223495668
2,0,4273,1789633746106385408,3812362223506201
2,0,4274,1789633746106395648,3812362223516781
2,0,4275,1789633746106406912,3812362223527318
2,0,4276,1789633746106417152,3812362223537821
2,0,4277,1789633746106427392,3812362223548315
2,0,4278,1789633746106438656,3812362223558808
2,0,4279,1789633746106448896,3812362223569475
2,0,4280,1789633746106459136,3812362223579998
2,0,4281,1789633746106470400,3812362223590518
2,0,4282,1789633746106480640,3812362223601008
2,0,4283,1789633746106490880,3812362223611581
2,0,4284,1789633746106501120,3812362223622241
2,0,4285,1789633746106512384,3812362223632781
2,0,4286,1789633746106522624,3812362223643268
2,0,4287,1789633746106532864,3812362223653748
2,0,4288,1789633746106544128,3812362223664238
2,0,4289,1789633746106554368,3812362223674801
2,0,4290,1789633746106564608,3812362223685338
2,0,4291,1789633746106574848,3812362223695868
2,0,4292,1789633746106586112,3812362223706355
2,0,4293,1789633746106596352,3812362223716871
2,0,4294,1789633746106606592,3812362223727488
2,0,4295,1789633746106617856,3812362223738021
2,0,4296,1789633746106628096,3812362223748551
2,0,4297,1789633746106638336,3812362223759048
2,0,4298,1789633746106648576,3812362223769601
2,0,4299,1789633746106659840,3812362223780238
2,0,4300,1789633746106670080,3812362223790801
2,0,4301,1789633746106680320,3812362223801281
2,0,4302,1789633746106691584,3812362223811731
2,0,4303,1789633746106701824,3812362223822258
2,0,4304,1789633746106712064,3812362223832895
2,0,4305,1789633746106723328,3812362223843451
2,0,4306,1789633746106733568,3812362223853956
2,0,4307,1789633746106743808,3812362223864538
2,0,4308,1789633746106754048,3812362223875288
2,0,4309,1789633746106765312,3812362223885793
2,0,4310,1789633746106775552,3812362223896322
2,0,4311,1789633746106785792,3812362223906966
2,0,4312,1789633746106797056,3812362223917513
2,0,4313,1789633746106807296,3812362223928004
2,0,4314,1789633746106817536,3812362223938471
2,0,4315,1789633746106828800,3812362223949008
2,0,4316,1789633746106839040,3812362223959631
2,0,4317,1789633746106849280,3812362223970171
2,0,4318,1789633746106860544,3812362223980676
2,0,4319,1789633746106870784,3812362223991149
2,0,4320,1789633746106881024,3812362224001698
2,0,4321,1789633746106891264,3812362224012288
2,0,4322,1789633746106902528,3812362224022864
2,0,4323,1789633746106912768,3812362224033341
2,0,4324,1789633746106923008,3812362224043868
2,0,4325,1789633746106934272,3812362224054371
2,0,4326,1789633746106944512,3812362224064966
2,0,4327,1789633746106954752,3812362224075515
2,0,4328,1789633746106964992,3812362224086045
2,0,4329,1789633746106976256,3812362224096531
2,0,4330,1789633746106986496,3812362224107028
2,0,4331,1789633746106996736,3812362224117751
2,0,4332,1789633746107008000,3812362224128248
2,0,4333,1789633746107018240,3812362224138761
2,0,4334,1789633746107028480,3812362224149258
2,0,4335,1789633746107038720,3812362224159771
2,0,4336,1789633746107049984,3812362224170398
2,0,4337,1789633746107060224,3812362224180979
2,0,4338,1789633746107070464,3812362224191521
2,0,4339,1789633746107081728,3812362224202004
2,0,4340,1789633746107091968,3812362224212508
2,0,4341,1789633746107102208,3812362224223081
2,0,4342,1789633746107113472,3812362224233588
2,0,4343,1789633746107123712,3812362224244078
2,0,4344,1789633746107133952,3812362224254568
2,0,4345,1789633746107144192,3812362224265101
2,0,4346,1789633746107155456,3812362224275661
2,0,4347,1789633746107165696,3812362224286218
2,0,4348,1789633746107175936,3812362224296701
2,0,4349,1789633746107186176,3812362224307231
2,0,4350,1789633746107197440,3812362224317771
2,0,4351,1789633746107207680,3812362224328441
2,0,4352,1789633746107217920,3812362224338958
2,0,4353,1789633746107229184,3812362224349453
2,0,4354,1789633746107239424,3812362224360001
2,0,4355,1789633746107249664,3812362224370499
2,0,4356,1789633746107259904,3812362224381099
2,0,4357,1789633746107271168,3812362224391641
2,0,4358,1789633746107281408,3812362224402141
2,0,4359,1789633746107291648,3812362224412639
2,0,4360,1789633746107302912,3812362224423235
2,0,4361,1789633746107313152,3812362224433772
2,0,4362,1789633746107323392,3812362224444298
2,0,4363,1789633746107334656,3812362224454806
2,0,4364,1789633746107344896,3812362224465296
2,0,4365,1789633746107355136,3812362224475818
2,0,4366,1789633746107365376,3812362224486441
2,0,4367,1789633746107376640,3812362224496951
2,0,4368,1789633746107386880,3812362224507484
2,0,4369,1789633746107397120,3812362224517948
2,0,4370,1789633746107407360,3812362224528428
2,0,4371,1789633746107418624,3812362224539015
2,0,4372,1789633746107428864,3812362224549568
2,0,4373,1789633746107439104,3812362224560088
2,0,4374,1789633746107450368,3812362224570604
2,0,4375,1789633746107460608,3812362224581166
2,0,4376,1789633746107470848,3812362224591781
2,0,4377,1789633746107482112,3812362224602291
2,0,4378,1789633746107492352,3812362224612818
2,0,4379,1789633746107502592,3812362224623314
2,0,4380,1789633746107512832,3812362224633866
2,0,4381,1789633746107524096,3812362224644464
2,0,4382,1789633746107534336,3812362224654973
2,0,4383,1789633746107544576,3812362224665495
2,0,4384,1789633746107555840,3812362224675994
2,0,4385,1789633746107566080,3812362224686518
2,0,4386,1789633746107576320,3812362224697121
2,0,4387,1789633746107586560,3812362224707666
2,0,4388,1789633746107597824,3812362224718174
2,0,4389,1789633746107608064,3812362224728678
2,0,4390,1789633746107618304,3812362224739211
2,0,4391,1789633746107629568,3812362224749804
2,0,4392,1789633746107639808,3812362224760326
2,0,4393,1789633746107650048,3812362224770804
2,0,4394,1789633746107660288,3812362224781248
2,0,4395,1789633746107671552,3812362224791764
2,0,4396,1789633746107681792,3812362224802391
2,0,4397,1789633746107692032,3812362224812926
2,0,4398,1789633746107703296,3812362224823448
2,0,4399,1789633746107712512,3812362224833041
2,0,4400,1789633746107721728,3812362224842598
2,0,4401,1789633746107731968,3812362224852161
2,0,4402,1789633746107741184,3812362224861738
2,0,4403,1789633746107750400,3812362224871278
2,0,4404,1789633746107760640,3812362224880818
2,0,4405,1789633746107769856,3812362224890348
2,0,4406,1789633746107779072,3812362224900011
2,0,4407,1789633746107789312,3812362224909678
2,0,4408,1789633746107798528,3812362224919451
2,0,4409,1789633746107808768,3812362224929201
2,0,4410,1789633746107817984,3812362224938963
2,0,4411,1789633746107828224,3812362224948526
2,0,4412,1789633746107837440,3812362224958084
2,0,4413,1789633746107846656,3812362224967613
2,0,4414,1789633746107856896,3812362224977198
2,0,4415,1789633746107866112,3812362224986771
2,0,4416,1789633746107875328,3812362224996338
2,0,4417,1789633746107885568,3812362225005901
2,0,4418,1789633746107894784,3812362225015444
2,0,4419,1789633746107904000,3812362225024973
2,0,4420,1789633746107914240,3812362225034613
2,0,4421,1789633746107923456,3812362225044272
2,0,4422,1789633746107933696,3812362225054058
2,0,4423,1789633746107942912,3812362225063598
2,0,4424,1789633746107952128,3812362225073166
2,0,4425,1789633746107962368,3812362225082728
2,0,4426,1789633746107971584,3812362225092291
2,0,4427,1789633746107980800,3812362225101855
2,0,4428,1789633746107991040,3812362225111441
2,0,4429,1789633746108000256,3812362225120981
2,0,4430,1789633746108009472,3812362225130526
2,0,4431,1789633746108019712,3812362225140067
2,0,4432,1789633746108028928,3812362225149716
2,0,4433,1789633746108039168,3812362225159378
2,0,4434,1789633746108048384,3812362225169164
2,0,4435,1789633746108058624,3812362225178914
2,0,4436,1789633746108067840,3812362225188664
2,0,4437,1789633746108078080,3812362225198421
2,0,4438,1789633746108087296,3812362225208171
2,0,4439,1789633746108097536,3812362225217921
2,0,4440,1789633746108106752,3812362225227491
2,0,4441,1789633746108115968,3812362225237048
2,0,4442,1789633746108126208,3812362225246584
2,0,4443,1789633746108135424,3812362225256173
2,0,4444,1789633746108144640,3812362225265733
2,0,4445,1789633746108154880,3812362225275296
2,0,4446,1789633746108164096,3812362225284826
2,0,4447,1789633746108173312,3812362225294380
2,0,4448,1789633746108183552,3812362225303913
2,0,4449,1789633746108192768,3812362225313584
2,0,4450,1789633746108203008,3812362225323248
2,0,4451,1789633746108212224,3812362225333021
2,0,4452,1789633746108222464,3812362225342800
2,0,4453,1789633746108231680,3812362225352541
2,0,4454,1789633746108241920,3812362225362288
2,0,4455,1789633746108251136,3812362225372041
2,0,4456,1789633746108261376,3812362225381800
2,0,4457,1789633746108270592,3812362225391553
2,0,4458,1789633746108280832,3812362225401298
2,0,4459,1789633746108290048,3812362225411057
2,0,4460,1789633746108300288,3812362225420620
2,0,4461,1789633746108309504,3812362225430155
2,0,4462,1789633746108318720,3812362225439731
2,0,4463,1789633746108328960,3812362225449308
2,0,4464,1789633746108338176,3812362225458877
2,0,4465,1789633746108347392,3812362225468455
2,0,4466,1789633746108357632,3812362225478015
2,0,4467,1789633746108366848,3812362225487557
2,0,4468,1789633746108376064,3812362225497097
2,0,4469,1789633746108386304,3812362225506716
2,0,4470,1789633746108395520,3812362225516381
2,0,4471,1789633746108405760,3812362225525964
2,0,4472,1789633746108414976,3812362225535524
2,0,4473,1789633746108424192,3812362225545089
2,0,4474,1789633746108434432,3812362225554651
2,0,4475,1789633746108443648,3812362225564218
2,0,4476,1789633746108452864,3812362225573774
2,0,4477,1789633746108463104,3812362225583344
2,0,4478,1789633746108472320,3812362225592891
2,0,4479,1789633746108481536,3812362225605417
2,0,4480,1789633746108491776,3812362225612085
2,0,4481,1789633746108500992,3812362225621730
2,0,4482,1789633746108510208,3812362225631523
2,0,4483,1789633746108520448,3812362225641257
2,0,4484,1789633746108530688,3812362225650813
2,0,4485,1789633746108539904,3812362225660357
2,0,4486,1789633746108549120,3812362225669914
2,0,4487,1789633746108559360,3812362225679487
2,0,4488,1789633746108568576,3812362225689061
2,0,4489,1789633746108577792,3812362225698647
2,0,4490,1789633746108588032,3812362225708201
2,0,4491,1789633746108597248,3812362225717757
2,0,4492,1789633746108606464,3812362225727313
2,0,4493,1789633746108616704,3812362225736913
2,0,4494,1789633746108625920,3812362225746572
2,0,4495,1789633746108635136,3812362225756351
2,0,4496,1789633746108645376,3812362225766111
2,0,4497,1789633746108654592,3812362225775864
2,0,4498,1789633746108664832,3812362225785431
2,0,4499,1789633746108674048,3812362225794988
2,0,4500,1789633746108684288,3812362225804551
2,0,4501,1789633746108693504,3812362225814118
2,0,4502,1789633746108702720,3812362225823688
2,0,4503,1789633746108712960,3812362225833257
2,0,4504,1789633746108722176,3812362225842786
2,0,4505,1789633746108731392,3812362225852340
2,0,4506,1789633746108741632,3812362225861881
2,0,4507,1789633746108750848,3812362225871528
2,0,4508,1789633746108760064,3812362225881177
2,0,4509,1789633746108770304,3812362225890968
2,0,4510,1789633746108779520,3812362225900715
2,0,4511,1789633746108789760,3812362225910277
2,0,4512,1789633746108798976,3812362225919821
2,0,4513,1789633746108809216,3812362225929386
2,0,4514,1789633746108818432,3812362225938966
2,0,4515,1789633746108827648,3812362225948533
2,0,4516,1789633746108837888,3812362225958104
2,0,4517,1789633746108847104,3812362225967658
2,0,4518,1789633746108856320,3812362225977191
2,0,4519,1789633746108866560,3812362225986728
2,0,4520,1789633746108875776,3812362225996378
2,0,4521,1789633746108884992,3812362226006046
2,0,4522,1789633746108895232,3812362226015614
2,0,4523,1789633746108904448,3812362226025168
2,0,4524,1789633746108913664,3812362226034738
2,0,4525,1789633746108923904,3812362226044318
2,0,4526,1789633746108933120,3812362226053881
2,0,4527,1789633746108942336,3812362226063448
2,0,4528,1789633746108952576,3812362226073004
2,0,4529,1789633746108961792,3812362226082541
2,0,4530,1789633746108971008,3812362226092073
2,0,4531,1789633746108981248,3812362226101731
2,0,4532,1789633746108990464,3812362226111401
2,0,4533,1789633746109000704,3812362226121168
2,0,4534,1789633746109009920,3812362226130921
2,0,4535,1789633746109020160,3812362226140681
2,0,4536,1789633746109029376,3812362226150214
2,0,4537,1789633746109039616,3812362226159781
2,0,4538,1789633746109048832,3812362226169337
2,0,4539,1789633746109058048,3812362226178911
2,0,4540,1789633746109068288,3812362226188457
2,0,4541,1789633746109077504,3812362226198058
2,0,4542,1789633746109086720,3812362226207619
2,0,4543,1789633746109096960,3812362226217181
2,0,4544,1789633746109106176,3812362226226708
2,0,4545,1789633746109115392,3812362226236331
2,0,4546,1789633746109125632,3812362226245986
2,0,4547,1789633746109134848,3812362226255778
2,0,4548,1789633746109145088,3812362226265518
2,0,4549,1789633746109154304,3812362226275091
2,0,4550,1789633746109163520,3812362226284622
2,0,4551,1789633746109173760,3812362226294140
2,0,4552,1789633746109182976,3812362226303702
2,0,4553,1789633746109192192,3812362226313270
2,0,4554,1789633746109202432,3812362226322867
2,0,4555,1789633746109211648,3812362226332524
2,0,4556,1789633746109221888,3812362226342062
2,0,4557,1789633746109231104,3812362226351632
2,0,4558,1789633746109240320,3812362226361187
2,0,4559,1789633746109250560,3812362226370841
2,0,4560,1789633746109259776,3812362226380412
2,0,4561,1789633746109268992,3812362226390054
2,0,4562,1789633746109279232,3812362226399700
2,0,4563,1789633746109288448,3812362226409388
2,0,4564,1789633746109298688,3812362226419049
2,0,4565,1789633746109307904,3812362226428717
2,0,4566,1789633746109318144,3812362226438377
2,0,4567,1789633746109327360,3812362226448048
2,0,4568,1789633746109336576,3812362226457717
2,0,4569,1789633746109346816,3812362226467367
2,0,4570,1789633746109356032,3812362226477034
2,0,4571,1789633746109366272,3812362226486684
2,0,4572,1789633746109375488,3812362226496287
2,0,4573,1789633746109385728,3812362226505952
2,0,4574,1789633746109394944,3812362226515567
2,0,4575,1789633746109404160,3812362226525192
2,0,4576,1789633746109414400,3812362226534840
2,0,4577,1789633746109423616,3812362226544564
2,0,4578,1789633746109433856,3812362226554310
2,0,4579,1789633746109443072,3812362226564077
2,0,4580,1789633746109453312,3812362226573822
2,0,4581,1789633746109462528,3812362226583599
2,0,4582,1789633746109472768,3812362226593330
2,0,4583,1789633746109481984,3812362226603087
2,0,4584,1789633746109492224,3812362226612850
2,0,4585,1789633746109501440,3812362226622590
2,0,4586,1789633746109511680,3812362226632349
2,0,4587,1789633746109520896,3812362226642102
2,0,4588,1789633746109531136,3812362226651854
2,0,4589,1789633746109540352,3812362226661600
2,0,4590,1789633746109550592,3812362226671367
2,0,4591,1789633746109559808,3812362226681107
2,0,4592,1789633746109570048,3812362226690879
2,0,4593,1789633746109580288,3812362226700630
2,0,4594,1789633746109589504,3812362226710377
2,0,4595,1789633746109599744,3812362226720137
2,0,4596,1789633746109608960,3812362226729881
2,0,4597,1789633746109619200,3812362226739644
2,0,4598,1789633746109628416,3812362226749414
2,0,4599,1789633746109638656,3812362226759157
2,0,4600,1789633746109647872,3812362226768917
2,0,4601,1789633746109658112,3812362226778654
2,0,4602,1789633746109667328,3812362226788439
2,0,4603,1789633746109677568,3812362226798162
2,0,4604,1789633746109686784,3812362226807952
2,0,4605,1789633746109697024,3812362226817677
2,0,4606,1789633746109706240,3812362226827432
2,0,4607,1789633746109716480,3812362226837187
2,0,4608,1789633746109725696,3812362226846939
2,0,4609,1789633746109735936,3812362226856690
2,0,4610,1789633746109745152,3812362226866437
2,0,4611,1789633746109755392,3812362226876207
2,0,4612,1789633746109765632,3812362226885959
2,0,4613,1789633746109774848,3812362226895700
2,0,4614,1789633746109785088,3812362226905470
2,0,4615,1789633746109794304,3812362226915214
2,0,4616,1789633746109804544,3812362226924970
2,0,4617,1789633746109813760,3812362226934719
2,0,4618,1789633746109824000,3812362226944489
2,0,4619,1789633746109833216,3812362226954227
2,0,4620,1789633746109843456,3812362226963999
2,0,4621,1789633746109852672,3812362226973739
2,0,4622,1789633746109862912,3812362226983500
2,0,4623,1789633746109872128,3812362226993242
2,0,4624,1789633746109882368,3812362227003007
2,0,4625,1789633746109891584,3812362227012764
2,0,4626,1789633746109901824,3812362227022520
2,0,4627,1789633746109911040,3812362227032267
2,0,4628,1789633746109921280,3812362227042019
2,0,4629,1789633746109930496,3812362227051774
2,0,4630,1789633746109940736,3812362227061527
2,0,4631,1789633746109949952,3812362227071277
2,0,4632,1789633746109960192,3812362227081017
2,0,4633,1789633746109970432,3812362227090797
2,0,4634,1789633746109979648,3812362227100564
2,0,4635,1789633746109989888,3812362227110317
2,0,4636,1789633746109999104,3812362227120057
2,0,4637,1789633746110009344,3812362227129810
2,0,4638,1789633746110018560,3812362227139562
2,0,4639,1789633746110028800,3812362227149317
2,0,4640,1789633746110038016,3812362227159074
2,0,4641,1789633746110048256,3812362227168840
2,0,4642,1789633746110057472,3812362227178589
2,0,4643,1789633746110067712,3812362227188337
2,0,4644,1789633746110076928,3812362227198089
2,0,4645,1789633746110087168,3812362227207857
2,0,4646,1789633746110096384,3812362227217590
2,0,4647,1789633746110106624,3812362227227342
2,0,4648,1789633746110115840,3812362227237120
2,0,4649,1789633746110126080,3812362227246869
2,0,4650,1789633746110135296,3812362227256611
2,0,4651,1789633746110145536,3812362227266372
2,0,4652,1789633746110155776,3812362227276120
2,0,4653,1789633746110164992,3812362227285869
2,0,4654,1789633746110175232,3812362227295639
2,0,4655,1789633746110184448,3812362227305392
2,0,4656,1789633746110194688,3812362227315150
2,0,4657,1789633746110203904,3812362227324889
2,0,4658,1789633746110214144,3812362227334642
2,0,4659,1789633746110223360,3812362227344394
2,0,4660,1789633746110233600,3812362227354154
2,0,4661,1789633746110242816,3812362227363899
2,0,4662,1789633746110253056,3812362227373682
2,0,4663,1789633746110262272,3812362227383432
2,0,4664,1789633746110272512,3812362227393180
2,0,4665,1789633746110281728,3812362227402932
2,0,4666,1789633746110291968,3812362227412679
2,0,4667,1789633746110301184,3812362227422497
2,0,4668,1789633746110311424,3812362227432187
2,0,4669,1789633746110320640,3812362227441929
2,0,4670,1789633746110330880,3812362227451700
2,0,4671,1789633746110341120,3812362227461451
2,0,4672,1789633746110350336,3812362227471214
2,0,4673,1789633746110360576,3812362227480948
2,0,4674,1789633746110369792,3812362227490799
2,0,4675,1789633746110380032,3812362227500461
2,0,4676,1789633746110389248,3812362227510242
2,0,4677,1789633746110399488,3812362227519964
2,0,4678,1789633746110408704,3812362227529742
2,0,4679,1789633746110418944,3812362227539487
2,0,4680,1789633746110428160,3812362227549237
2,0,4681,1789633746110438400,3812362227558989
2,0,4682,1789633746110447616,3812362227568762
2,0,4683,1789633746110457856,3812362227578522
2,0,4684,1789633746110467072,3812362227588260
2,0,4685,1789633746110477312,3812362227598019
2,0,4686,1789633746110486528,3812362227607772
2,0,4687,1789633746110496768,3812362227617517
2,0,4688,1789633746110505984,3812362227627279
2,0,4689,1789633746110516224,3812362227637024
2,0,4690,1789633746110525440,3812362227646777
2,0,4691,1789633746110535680,3812362227656542
2,0,4692,1789633746110545920,3812362227666277
2,0,4693,1789633746110555136,3812362227676037
2,0,4694,1789633746110565376,3812362227685789
2,0,4695,1789633746110574592,3812362227695544
2,0,4696,1789633746110584832,3812362227705292
2,0,4697,1789633746110594048,3812362227715049
2,0,4698,1789633746110604288,3812362227724817
2,0,4699,1789633746110613504,3812362227734582
2,0,4700,1789633746110623744,3812362227744319
2,0,4701,1789633746110632960,3812362227754080
2,0,4702,1789633746110643200,3812362227763832
2,0,4703,1789633746110652416,3812362227773597
2,0,4704,1789633746110662656,3812362227783339
2,0,4705,1789633746110671872,3812362227793100
2,0,4706,1789633746110682112,3812362227802847
2,0,4707,1789633746110691328,3812362227812612
2,0,4708,1789633746110701568,3812362227822369
2,0,4709,1789633746110710784,3812362227832114
2,0,4710,1789633746110721024,3812362227841861
2,0,4711,1789633746110731264,3812362227851617
2,0,4712,1789633746110740480,3812362227861364
2,0,4713,1789633746110750720,3812362227871114
2,0,4714,1789633746110759936,3812362227880887
2,0,4715,1789633746110770176,3812362227890642
2,0,4716,1789633746110779392,3812362227900390
2,0,4717,1789633746110789632,3812362227910157
2,0,4718,1789633746110798848,3812362227919902
2,0,4719,1789633746110809088,3812362227929658
2,0,4720,1789633746110818304,3812362227939414
2,0,4721,1789633746110828544,3812362227949162
2,0,4722,1789633746110837760,3812362227958917
2,0,4723,1789633746110848000,3812362227968670
2,0,4724,1789633746110857216,3812362227978429
2,0,4725,1789633746110867456,3812362227988169
2,0,4726,1789633746110876672,3812362227997929
2,0,4727,1789633746110886912,3812362228007682
2,0,4728,1789633746110896128,3812362228017449
2,0,4729,1789633746110906368,3812362228027197
2,0,4730,1789633746110916608,3812362228036957
2,0,4731,1789633746110925824,3812362228046702
2,0,4732,1789633746110936064,3812362228056464
2,0,4733,1789633746110945280,3812362228066210
2,0,4734,1789633746110955520,3812362228075977
2,0,4735,1789633746110964736,3812362228085722
2,0,4736,1789633746110974976,3812362228095474
2,0,4737,1789633746110984192,3812362228105227
2,0,4738,1789633746110994432,3812362228114974
2,0,4739,1789633746111003648,3812362228124722
2,0,4740,1789633746111013888,3812362228134497
2,0,4741,1789633746111023104,3812362228144240
2,0,4742,1789633746111033344,3812362228153997
2,0,4743,1789633746111042560,3812362228163764
2,0,4744,1789633746111052800,3812362228173504
2,0,4745,1789633746111062016,3812362228183254
2,0,4746,1789633746111072256,3812362228193012
2,0,4747,1789633746111081472,3812362228202762
2,0,4748,1789633746111091712,3812362228212514
2,0,4749,1789633746111100928,3812362228222270
2,0,4750,1789633746111111168,3812362228232032
2,0,4751,1789633746111121408,3812362228241790
2,0,4752,1789633746111130624,3812362228251540
2,0,4753,1789633746111140864,3812362228261292
2,0,4754,1789633746111150080,3812362228271037
2,0,4755,1789633746111160320,3812362228280790
2,0,4756,1789633746111169536,3812362228290541
2,0,4757,1789633746111179776,3812362228300320
2,0,4758,1789633746111188992,3812362228310063
2,0,4759,1789633746111199232,3812362228319827
2,0,4760,1789633746111208448,3812362228329570
2,0,4761,1789633746111218688,3812362228339339
2,0,4762,1789633746111227904,3812362228349087
2,0,4763,1789633746111238144,3812362228358824
2,0,4764,1789633746111247360,3812362228368579
2,0,4765,1789633746111257600,3812362228378342
2,0,4766,1789633746111266816,3812362228388102
2,0,4767,1789633746111277056,3812362228397854
2,0,4768,1789633746111286272,3812362228407599
2,0,4769,1789633746111296512,3812362228417357
2,0,4770,1789633746111306752,3812362228427117
2,0,4771,1789633746111315968,3812362228436879
2,0,4772,1789633746111326208,3812362228446624
2,0,4773,1789633746111335424,3812362228456372
2,0,4774,1789633746111345664,3812362228466122
2,0,4775,1789633746111354880,3812362228475880
2,0,4776,1789633746111365120,3812362228485619
2,0,4777,1789633746111374336,3812362228495400
2,0,4778,1789633746111384576,3812362228505152
2,0,4779,1789633746111393792,3812362228514912
2,0,4780,1789633746111404032,3812362228524662
2,0,4781,1789633746111413248,3812362228534414
2,0,4782,1789633746111423488,3812362228544162
2,0,4783,1789633746111432704,3812362228553922
2,0,4784,1789633746111442944,3812362228563664
2,0,4785,1789633746111452160,3812362228573411
2,0,4786,1789633746111462400,3812362228583187
2,0,4787,1789633746111471616,3812362228592929
2,0,4788,1789633746111481856,3812362228602694
2,0,4789,1789633746111492096,3812362228612492
2,0,4790,1789633746111501312,3812362228622190
2,0,4791,1789633746111511552,3812362228631949
2,0,4792,1789633746111520768,3812362228641720
2,0,4793,1789633746111531008,3812362228651470
2,0,4794,1789633746111540224,3812362228661217
2,0,4795,1789633746111550464,3812362228670970
2,0,4796,1789633746111559680,3812362228680800
2,0,4797,1789633746111569920,3812362228690467
2,0,4798,1789633746111579136,3812362228700252
2,0,4799,1789633746111589376,3812362228710000
2,0,4800,1789633746111598592,3812362228719748
2,0,4801,1789633746111608832,3812362228729499
2,0,4802,1789633746111618048,3812362228739257
2,0,4803,1789633746111628288,3812362228748974
2,0,4804,1789633746111637504,3812362228758754
2,0,4805,1789633746111647744,3812362228768499
2,0,4806,1789633746111656960,3812362228778277
2,0,4807,1789633746111667200,3812362228788029
2,0,4808,1789633746111676416,3812362228797767
2,0,4809,1789633746111686656,3812362228807529
2,0,4810,1789633746111696896,3812362228817281
2,0,4811,1789633746111706112,3812362228827037
2,0,4812,1789633746111716352,3812362228836789
2,0,4813,1789633746111725568,3812362228846562
2,0,4814,1789633746111735808,3812362228856297
2,0,4815,1789633746111745024,3812362228866057
2,0,4816,1789633746111755264,3812362228875809
2,0,4817,1789633746111764480,3812362228885567
2,0,4818,1789633746111774720,3812362228895311
2,0,4819,1789633746111783936,3812362228905060
2,0,4820,1789633746111794176,3812362228914814
2,0,4821,1789633746111803392,3812362228924580
2,0,4822,1789633746111813632,3812362228934337
2,0,4823,1789633746111822848,3812362228944089
2,0,4824,1789633746111833088,3812362228953834
2,0,4825,1789633746111842304,3812362228963597
2,0,4826,1789633746111852544,3812362228973341
2,0,4827,1789633746111861760,3812362228983122
2,0,4828,1789633746111872000,3812362228992844
2,0,4829,1789633746111882240,3812362229002622
2,0,4830,1789633746111891456,3812362229012362
2,0,4831,1789633746111901696,3812362229022124
2,0,4832,1789633746111910912,3812362229031869
2,0,4833,1789633746111921152,3812362229041627
2,0,4834,1789633746111930368,3812362229051371
2,0,4835,1789633746111940608,3812362229061139
2,0,4836,1789633746111949824,3812362229070899
2,0,4837,1789633746111960064,3812362229080642
2,0,4838,1789633746111969280,3812362229090392
2,0,4839,1789633746111979520,3812362229100159
2,0,4840,1789633746111988736,3812362229109899
2,0,4841,1789633746111998976,3812362229119657
2,0,4842,1789633746112008192,3812362229129406
2,0,4843,1789633746112018432,3812362229139182
2,0,4844,1789633746112027648,3812362229148924
2,0,4845,1789633746112037888,3812362229158682
2,0,4846,1789633746112047104,3812362229168436
2,0,4847,1789633746112057344,3812362229178172
2,0,4848,1789633746112066560,3812362229187964
2,0,4849,1789633746112076800,3812362229197686
2,0,4850,1789633746112087040,3812362229207461
2,0,4851,1789633746112096256,3812362229217186
2,0,4852,1789633746112106496,3812362229226969
2,0,4853,1789633746112115712,3812362229236700
2,0,4854,1789633746112125952,3812362229246456
2,0,4855,1789633746112135168,3812362229256211
2,0,4856,1789633746112145408,3812362229265981
2,0,4857,1789633746112154624,3812362229275732
2,0,4858,1789633746112164864,3812362229285492
2,0,4859,1789633746112174080,3812362229295229
2,0,4860,1789633746112184320,3812362229304994
2,0,4861,1789633746112193536,3812362229314742
2,0,4862,1789633746112203776,3812362229324519
2,0,4863,1789633746112212992,3812362229334239
2,0,4864,1789633746112223232,3812362229344014
2,0,4865,1789633746112232448,3812362229353766
2,0,4866,1789633746112242688,3812362229363556
2,0,4867,1789633746112252928,3812362229373270
2,0,4868,1789633746112262144,3812362229383014
2,0,4869,1789633746112272384,3812362229392772
2,0,4870,1789633746112281600,3812362229402532
2,0,4871,1789633746112291840,3812362229412284
2,0,4872,1789633746112301056,3812362229422044
2,0,4873,1789633746112311296,3812362229431797
2,0,4874,1789633746112320512,3812362229441549
2,0,4875,1789633746112330752,3812362229451314
2,0,4876,1789633746112339968,3812362229461059
2,0,4877,1789633746112350208,3812362229470816
2,0,4878,1789633746112359424,3812362229480567
2,0,4879,1789633746112369664,3812362229490320
2,0,4880,1789633746112378880,3812362229500074
2,0,4881,1789633746112389120,3812362229509822
2,0,4882,1789633746112398336,3812362229519576
2,0,4883,1789633746112408576,3812362229529332
2,0,4884,1789633746112417792,3812362229539084
2,0,4885,1789633746112428032,3812362229548846
2,0,4886,1789633746112437248,3812362229558597
2,0,4887,1789633746112447488,3812362229568354
2,0,4888,1789633746112457728,3812362229578112
2,0,4889,1789633746112466944,3812362229587829
2,0,4890,1789633746112477184,3812362229597612
2,0,4891,1789633746112486400,3812362229607378
2,0,4892,1789633746112496640,3812362229617126
2,0,4893,1789633746112505856,3812362229626881
2,0,4894,1789633746112516096,3812362229636639
2,0,4895,1789633746112525312,3812362229646388
2,0,4896,1789633746112535552,3812362229656158
2,0,4897,1789633746112544768,3812362229665896
2,0,4898,1789633746112555008,3812362229675640
2,0,4899,1789633746112564224,3812362229685398
2,0,4900,1789633746112574464,3812362229695148
2,0,4901,1789633746112583680,3812362229704911
2,0,4902,1789633746112593920,3812362229714669
2,0,4903,1789633746112603136,3812362229724419
2,0,4904,1789633746112613376,3812362229734163
2,0,4905,1789633746112622592,3812362229743926
2,0,4906,1789633746112632832,3812362229753672
2,0,4907,1789633746112642048,3812362229763429
2,0,4908,1789633746112652288,3812362229773192
2,0,4909,1789633746112662528,3812362229782937
2,0,4910,1789633746112671744,3812362229792669
2,0,4911,1789633746112681984,3812362229802546
2,0,4912,1789633746112691200,3812362229812324
2,0,4913,1789633746112701440,3812362229822060
2,0,4914,1789633746112710656,3812362229831814
2,0,4915,1789633746112720896,3812362229841572
2,0,4916,1789633746112730112,3812362229851316
2,0,4917,1789633746112740352,3812362229861070
2,0,4918,1789633746112749568,3812362229870802
2,0,4919,1789633746112759808,3812362229880489
2,0,4920,1789633746112769024,3812362229890250
2,0,4921,1789633746112779264,3812362229899987
2,0,4922,1789633746112788480,3812362229909752
2,0,4923,1789633746112798720,3812362229919509
2,0,4924,1789633746112807936,3812362229929260
2,0,4925,1789633746112818176,3812362229939004
2,0,4926,1789633746112827392,3812362229948767
2,0,4927,1789633746112837632,3812362229958512
2,0,4928,1789633746112847872,3812362229968272
2,0,4929,1789633746112857088,3812362229978016
2,0,4930,1789633746112867328,3812362229987789
2,0,4931,1789633746112876544,3812362229997489
2,0,4932,1789633746112886784,3812362230007282
2,0,4933,1789633746112896000,3812362230017036
2,0,4934,1789633746112906240,3812362230026794
2,0,4935,1789633746112915456,3812362230036509
2,0,4936,1789633746112925696,3812362230046320
2,0,4937,1789633746112934912,3812362230056070
2,0,4938,1789633746112945152,3812362230065819
2,0,4939,1789633746112954368,3812362230075574
2,0,4940,1789633746112964608,3812362230085326
2,0,4941,1789633746112973824,3812362230095076
2,0,4942,1789633746112984064,3812362230104840
2,0,4943,1789633746112993280,3812362230114569
2,0,4944,1789633746113003520,3812362230124350
2,0,4945,1789633746113012736,3812362230134096
2,0,4946,1789633746113022976,3812362230143840
2,0,4947,1789633746113033216,3812362230153590
2,0,4948,1789633746113042432,3812362230163356
2,0,4949,1789633746113052672,3812362230173117
2,0,4950,1789633746113061888,3812362230182872
2,0,4951,1789633746113072128,3812362230192629
2,0,4952,1789633746113081344,3812362230202377
2,0,4953,1789633746113091584,3812362230212126
2,0,4954,1789633746113100800,3812362230221879
2,0,4955,1789633746113111040,3812362230231634
2,0,4956,1789633746113120256,3812362230241380
2,0,4957,1789633746113130496,3812362230251161
2,0,4958,1789633746113139712,3812362230260899
2,0,4959,1789633746113149952,3812362230270661
2,0,4960,1789633746113159168,3812362230280409
2,0,4961,1789633746113169408,3812362230290162
2,0,4962,1789633746113178624,3812362230299916
2,0,4963,1789633746113188864,3812362230309659
2,0,4964,1789633746113198080,3812362230319441
2,0,4965,1789633746113208320,3812362230329176
2,0,4966,1789633746113217536,3812362230338930
2,0,4967,1789633746113227776,3812362230348692
2,0,4968,1789633746113238016,3812362230358440
2,0,4969,1789633746113247232,3812362230368197
2,0,4970,1789633746113257472,3812362230377954
2,0,4971,1789633746113266688,3812362230387720
2,0,4972,1789633746113276928,3812362230397474
2,0,4973,1789633746113286144,3812362230407206
2,0,4974,1789633746113296384,3812362230416951
2,0,4975,1789633746113305600,3812362230426719
2,0,4976,1789633746113315840,3812362230436469
2,0,4977,1789633746113325056,3812362230446217
2,0,4978,1789633746113335296,3812362230456004
2,0,4979,1789633746113344512,3812362230465729
2,0,4980,1789633746113354752,3812362230475492
2,0,4981,1789633746113363968,3812362230485247
2,0,4982,1789633746113374208,3812362230495009
2,0,4983,1789633746113383424,3812362230504749
2,0,4984,1789633746113393664,3812362230514516
2,0,4985,1789633746113402880,3812362230524256
2,0,4986,1789633746113413120,3812362230534031
2,0,4987,1789633746113423360,3812362230543769
2,0,4988,1789633746113432576,3812362230553526
2,0,4989,1789633746113442816,3812362230563274
2,0,4990,1789633746113452032,3812362230573034
2,0,4991,1789633746113462272,3812362230582779
2,0,4992,1789633746113471488,3812362230592536
2,0,4993,1789633746113481728,3812362230602296
2,0,4994,1789633746113490944,3812362230612049
2,0,4995,1789633746113501184,3812362230621809
2,0,4996,1789633746113510400,3812362230631564
2,0,4997,1789633746113520640,3812362230641312
2,0,4998,1789633746113529856,3812362230651069
2,0,4999,1789633746113540096,3812362230660813
2,0,5000,1789633746113549312,3812362230670586
2,0,5001,1789633746113559552,3812362230680342
2,0,5002,1789633746113568768,3812362230690092
2,0,5003,1789633746113579008,3812362230699839
2,0,5004,1789633746113588224,3812362230709592
2,0,5005,1789633746113598464,3812362230719346
2,0,5006,1789633746113608704,3812362230729089
2,0,5007,1789633746113617920,3812362230738844
2,0,5008,1789633746113628160,3812362230748596
2,0,5009,1789633746113637376,3812362230758362
2,0,5010,1789633746113647616,3812362230768122
2,0,5011,1789633746113656832,3812362230777879
2,0,5012,1789633746113667072,3812362230787629
2,0,5013,1789633746113676288,3812362230797376
2,0,5014,1789633746113686528,3812362230807129
2,0,5015,1789633746113695744,3812362230816889
2,0,5016,1789633746113705984,3812362230826644
2,0,5017,1789633746113715200,3812362230836396
2,0,5018,1789633746113725440,3812362230846151
2,0,5019,1789633746113734656,3812362230855899
2,0,5020,1789633746113744896,3812362230865652
2,0,5021,1789633746113754112,3812362230875417
2,0,5022,1789633746113764352,3812362230885174
2,0,5023,1789633746113773568,3812362230894922
2,0,5024,1789633746113783808,3812362230904676
2,0,5025,1789633746113793024,3812362230914432
2,0,5026,1789633746113803264,3812362230924189
2,0,5027,1789633746113813504,3812362230933940
2,0,5028,1789633746113822720,3812362230943692
2,0,5029,1789633746113832960,3812362230953446
2,0,5030,1789633746113842176,3812362230963184
2,0,5031,1789633746113852416,3812362230972961
2,0,5032,1789633746113861632,3812362230982712
2,0,5033,1789633746113871872,3812362230992496
2,0,5034,1789633746113881088,3812362231002204
2,0,5035,1789633746113891328,3812362231011949
2,0,5036,1789633746113900544,3812362231021722
2,0,5037,1789633746113910784,3812362231031476
2,0,5038,1789633746113920000,3812362231041239
2,0,5039,1789633746113930240,3812362231050987
2,0,5040,1789633746113939456,3812362231060799
2,0,5041,1789633746113949696,3812362231070511
2,0,5042,1789633746113958912,3812362231080249
2,0,5043,1789633746113969152,3812362231090012
2,0,5044,1789633746113978368,3812362231099756
2,0,5045,1789633746113988608,3812362231109516
2,0,5046,1789633746113998848,3812362231119264
2,0,5047,1789633746114008064,3812362231129014
2,0,5048,1789633746114018304,3812362231138772
2,0,5049,1789633746114027520,3812362231148522
2,0,5050,1789633746114037760,3812362231158279
2,0,5051,1789633746114046976,3812362231168029
2,0,5052,1789633746114057216,3812362231177792
2,0,5053,1789633746114066432,3812362231187549
2,0,5054,1789633746114076672,3812362231197299
2,0,5055,1789633746114085888,3812362231207058
2,0,5056,1789633746114096128,3812362231216806
2,0,5057,1789633746114105344,3812362231226526
2,0,5058,1789633746114115584,3812362231236317
2,0,5059,1789633746114124800,3812362231246079
2,0,5060,1789633746114135040,3812362231255831
2,0,5061,1789633746114144256,3812362231265579
2,0,5062,1789633746114154496,3812362231275339
2,0,5063,1789633746114163712,3812362231285082
2,0,5064,1789633746114173952,3812362231294837
2,0,5065,1789633746114184192,3812362231304599
2,0,5066,1789633746114193408,3812362231314348
2,0,5067,1789633746114203648,3812362231324097
2,0,5068,1789633746114212864,3812362231333846
2,0,5069,1789633746114223104,3812362231343614
2,0,5070,1789633746114232320,3812362231353361
2,0,5071,1789633746114242560,3812362231363117
2,0,5072,1789633746114251776,3812362231372866
2,0,5073,1789633746114262016,3812362231382544
2,0,5074,1789633746114271232,3812362231392304
2,0,5075,1789633746114281472,3812362231402084
2,0,5076,1789633746114290688,3812362231411828
2,0,5077,1789633746114300928,3812362231421566
2,0,5078,1789633746114310144,3812362231431330
2,0,5079,1789633746114320384,3812362231441089
2,0,5080,1789633746114329600,3812362231450836
2,0,5081,1789633746114339840,3812362231460587
2,0,5082,1789633746114349056,3812362231470148
2,0,5083,1789633746114359296,3812362231479701
2,0,5084,1789633746114368512,3812362231489269
2,0,5085,1789633746114377728,3812362231498846
2,0,5086,1789633746114387968,3812362231508416
2,0,5087,1789633746114397184,3812362231517996
2,0,5088,1789633746114406400,3812362231527526
2,0,5089,1789633746114416640,3812362231537039
2,0,5090,1789633746114425856,3812362231546567
2,0,5091,1789633746114435072,3812362231556242
2,0,5092,1789633746114445312,3812362231565913
2,0,5093,1789633746114454528,3812362231575689
2,0,5094,1789633746114464768,3812362231585439
2,0,5095,1789633746114473984,3812362231595197
2,0,5096,1789633746114484224,3812362231604956
2,0,5097,1789633746114493440,3812362231614682
2,0,5098,1789633746114503680,3812362231624449
2,0,5099,1789633746114512896,3812362231634222
2,0,5100,1789633746114523136,3812362231643976
2,0,5101,1789633746114532352,3812362231653719
2,0,5102,1789633746114542592,3812362231663292
2,0,5103,1789633746114551808,3812362231672837
2,0,5104,1789633746114562048,3812362231682494
2,0,5105,1789633746114571264,3812362231692072
2,0,5106,1789633746114580480,3812362231701649
2,0,5107,1789633746114590720,3812362231711219
2,0,5108,1789633746114599936,3812362231720802
2,0,5109,1789633746114609152,3812362231730331
2,0,5110,1789633746114619392,3812362231739866
2,0,5111,1789633746114628608,3812362231749428
2,0,5112,1789633746114637824,3812362231759149
2,0,5113,1789633746114648064,3812362231768811
2,0,5114,1789633746114657280,3812362231778390
2,0,5115,1789633746114667520,3812362231787936
2,0,5116,1789633746114676736,3812362231797481
2,0,5117,1789633746114685952,3812362231807053
2,0,5118,1789633746114696192,3812362231816623
2,0,5119,1789633746114705408,3812362231826219
2,0,5120,1789633746114714624,3812362231835750
2,0,5121,1789633746114724864,3812362231845289
2,0,5122,1789633746114734080,3812362231854846
2,0,5123,1789633746114743296,3812362231864498
2,0,5124,1789633746114753536,3812362231874164
2,0,5125,1789633746114762752,3812362231883916
2,0,5126,1789633746114772992,3812362231893679
2,0,5127,1789633746114782208,3812362231903449
2,0,5128,1789633746114792448,3812362231913172
2,0,5129,1789633746114801664,3812362231922946
2,0,5130,1789633746114811904,3812362231932699
2,0,5131,1789633746114821120,3812362231942444
2,0,5132,1789633746114831360,3812362231952188
2,0,5133,1789633746114840576,3812362231961756
2,0,5134,1789633746114850816,3812362231971319
2,0,5135,1789633746114860032,3812362231980889
2,0,5136,1789633746114869248,3812362231990464
2,0,5137,1789633746114879488,3812362232000039
2,0,5138,1789633746114888704,3812362232009592
2,0,5139,1789633746114897920,3812362232019139
2,0,5140,1789633746114908160,3812362232028662
2,0,5141,1789633746114917376,3812362232038208
2,0,5142,1789633746114926592,3812362232047856
2,0,5143,1789633746114936832,3812362232057522
2,0,5144,1789633746114946048,3812362232067099
2,0,5145,1789633746114956288,3812362232076654
2,0,5146,1789633746114965504,3812362232086219
2,0,5147,1789633746114974720,3812362232095796
2,0,5148,1789633746114984960,3812362232105356
2,0,5149,1789633746114994176,3812362232114926
2,0,5150,1789633746115003392,3812362232124542
2,0,5151,1789633746115013632,3812362232134086
2,0,5152,1789633746115022848,3812362232143619
2,0,5153,1789633746115032064,3812362232153222
2,0,5154,1789633746115042304,3812362232162882
2,0,5155,1789633746115051520,3812362232172629
2,0,5156,1789633746115061760,3812362232182166
2,0,5157,1789633746115070976,3812362232191712
2,0,5158,1789633746115080192,3812362232201316
2,0,5159,1789633746115090432,3812362232210854
2,0,5160,1789633746115099648,3812362232220432
2,0,5161,1789633746115108864,3812362232230009
2,0,5162,1789633746115119104,3812362232239564
2,0,5163,1789633746115128320,3812362232249079
2,0,5164,1789633746115137536,3812362232258639
2,0,5165,1789633746115147776,3812362232268299
2,0,5166,1789633746115156992,3812362232277959
2,0,5167,1789633746115167232,3812362232287746
2,0,5168,1789633746115176448,3812362232297496
2,0,5169,1789633746115186688,3812362232307254
2,0,5170,1789633746115195904,3812362232316816
2,0,5171,1789633746115206144,3812362232326346
2,0,5172,1789633746115215360,3812362232335919
2,0,5173,1789633746115224576,3812362232345492
2,0,5174,1789633746115234816,3812362232355044
2,0,5175,1789633746115244032,3812362232364624
2,0,5176,1789633746115253248,3812362232374169
2,0,5177,1789633746115263488,3812362232383704
2,0,5178,1789633746115272704,3812362232393249
2,0,5179,1789633746115281920,3812362232402919
2,0,5180,1789633746115292160,3812362232412576
2,0,5181,1789633746115301376,3812362232422349
2,0,5182,1789633746115311616,3812362232432099
2,0,5183,1789633746115320832,3812362232441856
2,0,5184,1789633746115331072,3812362232451606
2,0,5185,1789633746115340288,3812362232461366
2,0,5186,1789633746115350528,3812362232471119
2,0,5187,1789633746115359744,3812362232480689
2,0,5188,1789633746115369984,3812362232490218
2,0,5189,1789633746115379200,3812362232499786
2,0,5190,1789633746115388416,3812362232509357
2,0,5191,1789633746115398656,3812362232518919
2,0,5192,1789633746115407872,3812362232528479
2,0,5193,1789633746115417088,3812362232538029
2,0,5194,1789633746115427328,3812362232547564
2,0,5195,1789633746115436544,3812362232557112
2,0,5196,1789633746115445760,3812362232566776
2,0,5197,1789633746115456000,3812362232576454
2,0,5198,1789633746115465216,3812362232586019
2,0,5199,1789633746115474432,3812362232595572
2,0,5200,1789633746115484672,3812362232605140
2,0,5201,1789633746115493888,3812362232614712
2,0,5202,1789633746115503104,3812362232624274
2,0,5203,1789633746115513344,3812362232633836
2,0,5204,1789633746115522560,3812362232643374
2,0,5205,1789633746115531776,3812362232652929
2,0,5206,1789633746115542016,3812362232662499
2,0,5207,1789633746115551232,3812362232672122
2,0,5208,1789633746115560448,3812362232681792
2,0,5209,1789633746115570688,3812362232691362
2,0,5210,1789633746115579904,3812362232700896
2,0,5211,1789633746115590144,3812362232710479
2,0,5212,1789633746115599360,3812362232720056
2,0,5213,1789633746115608576,3812362232729639
2,0,5214,1789633746115618816,3812362232739178
2,0,5215,1789633746115628032,3812362232748744
2,0,5216,1789633746115637248,3812362232758316
2,0,5217,1789633746115647488,3812362232767832
2,0,5218,1789633746115656704,3812362232777462
2,0,5219,1789633746115665920,3812362232787132
2,0,5220,1789633746115676160,3812362232796909
2,0,5221,1789633746115685376,3812362232806476
2,0,5222,1789633746115695616,3812362232816039
2,0,5223,1789633746115704832,3812362232825596
2,0,5224,1789633746115714048,3812362232835164
2,0,5225,1789633746115724288,3812362232844721
2,0,5226,1789633746115733504,3812362232854314
2,0,5227,1789633746115742720,3812362232863842
2,0,5228,1789633746115752960,3812362232873402
2,0,5229,1789633746115762176,3812362232882939
2,0,5230,1789633746115771392,3812362232892569
2,0,5231,1789633746115781632,3812362232902239
2,0,5232,1789633746115790848,3812362232912009
2,0,5233,1789633746115801088,3812362232921766
2,0,5234,1789633746115810304,3812362232931329
2,0,5235,1789633746115820544,3812362232940867
2,0,5236,1789633746115829760,3812362232950434
2,0,5237,1789633746115838976,3812362232960011
2,0,5238,1789633746115849216,3812362232969567
2,0,5239,1789633746115858432,3812362232979136
2,0,5240,1789633746115867648,3812362232988689
2,0,5241,1789633746115877888,3812362232998207
2,0,5242,1789633746115887104,3812362233007762
2,0,5243,1789633746115896320,3812362233017416
2,0,5244,1789633746115906560,3812362233027092
2,0,5245,1789633746115915776,3812362233036864
2,0,5246,1789633746115926016,3812362233046627
2,0,5247,1789633746115935232,3812362233056377
2,0,5248,1789633746115945472,3812362233066122
2,0,5249,1789633746115954688,3812362233075689
2,0,5250,1789633746115964928,3812362233085247
2,0,5251,1789633746115974144,3812362233094809
2,0,5252,1789633746115983360,3812362233104379
2,0,5253,1789633746115993600,3812362233113959
2,0,5254,1789633746116002816,3812362233123529
2,0,5255,1789633746116012032,3812362233133067
2,0,5256,1789633746116022272,3812362233142622
2,0,5257,1789633746116031488,3812362233152164
2,0,5258,1789633746116040704,3812362233161789
2,0,5259,1789633746116050944,3812362233171456
2,0,5260,1789633746116060160,3812362233181224
2,0,5261,1789633746116070400,3812362233190996
2,0,5262,1789633746116079616,3812362233200801
2,0,5263,1789633746116089856,3812362233210294
2,0,5264,1789633746116099072,3812362233219836
2,0,5265,1789633746116108288,3812362233229412
2,0,5266,1789633746116118528,3812362233238986
2,0,5267,1789633746116127744,3812362233248569
2,0,5268,1789633746116136960,3812362233258136
2,0,5269,1789633746116147200,3812362233267674
2,0,5270,1789633746116156416,3812362233277202
2,0,5271,1789633746116165632,3812362233286749
2,0,5272,1789633746116175872,3812362233296399
2,0,5273,1789633746116185088,3812362233306062
2,0,5274,1789633746116195328,3812362233315839
2,0,5275,1789633746116204544,3812362233325592
2,0,5276,1789633746116214784,3812362233335164
2,0,5277,1789633746116224000,3812362233344694
2,0,5278,1789633746116233216,3812362233354256
2,0,5279,1789633746116243456,3812362233363836
2,0,5280,1789633746116252672,3812362233373397
2,0,5281,1789633746116261888,3812362233382959
2,0,5282,1789633746116272128,3812362233392521
2,0,5283,1789633746116281344,3812362233402047
2,0,5284,1789633746116290560,3812362233411607
2,0,5285,1789633746116300800,3812362233421264
2,0,5286,1789633746116310016,3812362233430906
2,0,5287,1789633746116319232,3812362233440464
2,0,5288,1789633746116329472,3812362233450004
2,0,5289,1789633746116338688,3812362233459599
2,0,5290,1789633746116347904,3812362233469176
2,0,5291,1789633746116358144,3812362233478746
2,0,5292,1789633746116367360,3812362233488316
2,0,5293,1789633746116377600,3812362233497862
2,0,5294,1789633746116386816,3812362233507419
2,0,5295,1789633746116396032,3812362233516964
2,0,5296,1789633746116406272,3812362233526587
2,0,5297,1789633746116415488,3812362233536256
2,0,5298,1789633746116424704,3812362233546039
2,0,5299,1789633746116434944,3812362233555789
2,0,5300,1789633746116444160,3812362233565539
2,0,5301,1789633746116454400,3812362233575296
2,0,5302,1789633746116463616,3812362233585047
2,0,5303,1789633746116473856,3812362233594799
2,0,5304,1789633746116484096,3812362233608225
2,0,5305,1789633746116493312,3812362233613923
2,0,5306,1789633746116502528,3812362233623436
2,0,5307,1789633746116511744,3812362233633005
2,0,5308,1789633746116521984,3812362233642611
2,0,5309,1789633746116531200,3812362233652263
2,0,5310,1789633746116541440,3812362233661928
2,0,5311,1789633746116550656,3812362233671583
2,0,5312,1789633746116559872,3812362233681240
2,0,5313,1789633746116570112,3812362233690889
2,0,5314,1789633746116579328,3812362233700535
2,0,5315,1789633746116589568,3812362233710183
2,0,5316,1789633746116598784,3812362233719856
2,0,5317,1789633746116609024,3812362233729529
2,0,5318,1789633746116618240,3812362233739323
2,0,5319,1789633746116628480,3812362233749039
2,0,5320,1789633746116637696,3812362233758819
2,0,5321,1789633746116647936,3812362233768545
2,0,5322,1789633746116657152,3812362233778325
2,0,5323,1789633746116667392,3812362233788058
2,0,5324,1789633746116676608,3812362233797808
2,0,5325,1789633746116686848,3812362233807561
2,0,5326,1789633746116696064,3812362233817326
2,0,5327,1789633746116706304,3812362233827068
2,0,5328,1789633746116715520,3812362233836823
2,0,5329,1789633746116725760,3812362233846600
2,0,5330,1789633746116734976,3812362233856348
2,0,5331,1789633746116745216,3812362233865995
2,0,5332,1789633746116754432,3812362233875705
2,0,5333,1789633746116764672,3812362233885476
2,0,5334,1789633746116773888,3812362233895229
2,0,5335,1789633746116784128,3812362233904969
2,0,5336,1789633746116793344,3812362233914721
2,0,5337,1789633746116803584,3812362233924471
2,0,5338,1789633746116812800,3812362233934218
2,0,5339,1789633746116823040,3812362233943979
2,0,5340,1789633746116833280,3812362233953594
2,0,5341,1789633746116842496,3812362233963251
2,0,5342,1789633746116851712,3812362233972904
2,0,5343,1789633746116861952,3812362233982565
2,0,5344,1789633746116871168,3812362233992241
2,0,5345,1789633746116881408,3812362234001900
2,0,5346,1789633746116890624,3812362234011561
2,0,5347,1789633746116900864,3812362234021223
2,0,5348,1789633746116910080,3812362234030883
2,0,5349,1789633746116919296,3812362234040543
2,0,5350,1789633746116929536,3812362234050198
2,0,5351,1789633746116938752,3812362234059845
2,0,5352,1789633746116948992,3812362234069495
2,0,5353,1789633746116958208,3812362234079175
2,0,5354,1789633746116968448,3812362234088819
2,0,5355,1789633746116977664,3812362234098466
2,0,5356,1789633746116986880,3812362234108125
2,0,5357,1789633746116997120,3812362234117799
2,0,5358,1789633746117006336,3812362234127523
2,0,5359,1789633746117016576,3812362234137255
2,0,5360,1789633746117025792,3812362234147021
2,0,5361,1789633746117036032,3812362234156730
2,0,5362,1789633746117045248,3812362234166391
2,0,5363,1789633746117055488,3812362234176141
2,0,5364,1789633746117064704,3812362234185889
2,0,5365,1789633746117074944,3812362234195671
2,0,5366,1789633746117084160,3812362234205391
2,0,5367,1789633746117094400,3812362234215163
2,0,5368,1789633746117103616,3812362234224914
2,0,5369,1789633746117113856,3812362234234659
2,0,5370,1789633746117123072,3812362234244410
2,0,5371,1789633746117133312,3812362234254185
2,0,5372,1789633746117142528,3812362234263954
2,0,5373,1789633746117152768,3812362234273675
2,0,5374,1789633746117161984,3812362234283431
2,0,5375,1789633746117172224,3812362234293181
2,0,5376,1789633746117182464,3812362234302938
2,0,5377,1789633746117191680,3812362234312688
2,0,5378,1789633746117201920,3812362234322468
2,0,5379,1789633746117211136,3812362234332208
2,0,5380,1789633746117221376,3812362234341961
2,0,5381,1789633746117230592,3812362234351703
2,0,5382,1789633746117240832,3812362234361491
2,0,5383,1789633746117250048,3812362234371213
2,0,5384,1789633746117260288,3812362234380975
2,0,5385,1789633746117269504,3812362234390798
2,0,5386,1789633746117279744,3812362234400525
2,0,5387,1789633746117288960,3812362234410238
2,0,5388,1789633746117299200,3812362234419868
2,0,5389,1789633746117308416,3812362234429551
2,0,5390,1789633746117318656,3812362234439188
2,0,5391,1789633746117327872,3812362234448843
2,0,5392,1789633746117338112,3812362234458507
2,0,5393,1789633746117347328,3812362234468171
2,0,5394,1789633746117356544,3812362234477818
2,0,5395,1789633746117366784,3812362234487465
2,0,5396,1789633746117376000,3812362234497114
2,0,5397,1789633746117386240,3812362234506775
2,0,5398,1789633746117395456,3812362234516446
2,0,5399,1789633746117405696,3812362234526103
2,0,5400,1789633746117414912,3812362234535754
2,0,5401,1789633746117424128,3812362234545403
2,0,5402,1789633746117434368,3812362234555055
2,0,5403,1789633746117443584,3812362234564718
2,0,5404,1789633746117453824,3812362234574381
2,0,5405,1789633746117463040,3812362234584036
2,0,5406,1789633746117473280,3812362234593751
2,0,5407,1789633746117482496,3812362234603535
2,0,5408,1789633746117492736,3812362234613258
2,0,5409,1789633746117501952,3812362234622915
2,0,5410,1789633746117512192,3812362234632621
2,0,5411,1789633746117521408,3812362234642381
2,0,5412,1789633746117531648,3812362234652133
2,0,5413,1789633746117540864,3812362234661885
2,0,5414,1789633746117551104,3812362234671668
2,0,5415,1789633746117560320,3812362234681378
2,0,5416,1789633746117570560,3812362234691168
2,0,5417,1789633746117579776,3812362234700901
2,0,5418,1789633746117590016,3812362234710663
2,0,5419,1789633746117599232,3812362234720398
2,0,5420,1789633746117609472,3812362234730158
2,0,5421,1789633746117618688,3812362234739916
2,0,5422,1789633746117628928,3812362234749698
2,0,5423,1789633746117638144,3812362234759438
2,0,5424,1789633746117648384,3812362234769185
2,0,5425,1789633746117657600,3812362234778935
2,0,5426,1789633746117667840,3812362234788718
2,0,5427,1789633746117677056,3812362234798495
2,0,5428,1789633746117687296,3812362234808211
2,0,5429,1789633746117696512,3812362234817998
2,0,5430,1789633746117706752,3812362234827721
2,0,5431,1789633746117716992,3812362234837463
2,0,5432,1789633746117726208,3812362234847221
2,0,5433,1789633746117736448,3812362234856955
2,0,5434,1789633746117745664,3812362234866728
2,0,5435,1789633746117755904,3812362234876474
2,0,5436,1789633746117765120,3812362234886243
2,0,5437,1789633746117775360,3812362234895990
2,0,5438,1789633746117784576,3812362234905743
2,0,5439,1789633746117794816,3812362234915507
2,0,5440,1789633746117804032,3812362234925295
2,0,5441,1789633746117814272,3812362234934996
2,0,5442,1789633746117823488,3812362234944748
2,0,5443,1789633746117833728,3812362234954518
2,0,5444,1789633746117842944,3812362234964281
2,0,5445,1789633746117853184,3812362234974053
2,0,5446,1789633746117862400,3812362234983788
2,0,5447,1789633746117872640,3812362234993565
2,0,5448,1789633746117881856,3812362235003288
2,0,5449,1789633746117892096,3812362235013035
2,0,5450,1789633746117901312,3812362235022798
2,0,5451,1789633746117911552,3812362235032561
2,0,5452,1789633746117921792,3812362235042301
2,0,5453,1789633746117931008,3812362235052068
2,0,5454,1789633746117941248,3812362235061808
2,0,5455,1789633746117950464,3812362235071575
2,0,5456,1789633746117960704,3812362235081318
2,0,5457,1789633746117969920,3812362235091094
2,0,5458,1789633746117980160,3812362235100838
2,0,5459,1789633746117989376,3812362235110585
2,0,5460,1789633746117999616,3812362235120331
2,0,5461,1789633746118008832,3812362235130110
2,0,5462,1789633746118019072,3812362235139855
2,0,5463,1789633746118028288,3812362235149598
2,0,5464,1789633746118038528,3812362235159355
2,0,5465,1789633746118047744,3812362235169126
2,0,5466,1789633746118057984,3812362235178868
2,0,5467,1789633746118067200,3812362235188616
2,0,5468,1789633746118077440,3812362235198363
2,0,5469,1789633746118086656,3812362235208121
2,0,5470,1789633746118096896,3812362235217898
2,0,5471,1789633746118107136,3812362235227628
2,0,5472,1789633746118116352,3812362235237425
2,0,5473,1789633746118126592,3812362235247141
2,0,5474,1789633746118135808,3812362235256893
2,0,5475,1789633746118146048,3812362235266645
2,0,5476,1789633746118155264,3812362235276405
2,0,5477,1789633746118165504,3812362235286154
2,0,5478,1789633746118174720,3812362235295915
2,0,5479,1789633746118184960,3812362235305678
2,0,5480,1789633746118194176,3812362235315446
2,0,5481,1789633746118204416,3812362235325178
2,0,5482,1789633746118213632,3812362235334928
2,0,5483,1789633746118223872,3812362235344678
2,0,5484,1789633746118233088,3812362235354436
2,0,5485,1789633746118243328,3812362235364181
2,0,5486,1789633746118252544,3812362235373963
2,0,5487,1789633746118262784,3812362235383695
2,0,5488,1789633746118272000,3812362235393475
2,0,5489,1789633746118282240,3812362235403213
2,0,5490,1789633746118292480,3812362235412961
2,0,5491,1789633746118301696,3812362235422711
2,0,5492,1789633746118311936,3812362235432461
2,0,5493,1789633746118321152,3812362235442245
2,0,5494,1789633746118331392,3812362235451988
2,0,5495,1789633746118340608,3812362235461728
2,0,5496,1789633746118350848,3812362235471481
2,0,5497,1789633746118360064,3812362235481243
2,0,5498,1789633746118370304,3812362235490998
2,0,5499,1789633746118379520,3812362235500798
2,0,5500,1789633746118389760,3812362235510525
2,0,5501,1789633746118398976,3812362235520274
2,0,5502,1789633746118409216,3812362235530023
2,0,5503,1789633746118418432,3812362235539775
2,0,5504,1789633746118428672,3812362235549328
2,0,5505,1789633746118437888,3812362235558853
2,0,5506,1789633746118448128,3812362235568456
2,0,5507,1789633746118457344,3812362235578034
2,0,5508,1789633746118466560,3812362235587621
2,0,5509,1789633746118476800,3812362235597186
2,0,5510,1789633746118486016,3812362235606720
2,0,5511,1789633746118495232,3812362235616268
2,0,5512,1789633746118505472,3812362235625811
2,0,5513,1789633746118514688,3812362235635441
2,0,5514,1789633746118523904,3812362235645123
2,0,5515,1789633746118534144,3812362235654888
2,0,5516,1789633746118543360,3812362235664628
2,0,5517,1789633746118553600,3812362235674378
2,0,5518,1789633746118562816,3812362235683951
2,0,5519,1789633746118573056,3812362235693493
2,0,5520,1789633746118582272,3812362235703051
2,0,5521,1789633746118591488,3812362235712638
2,0,5522,1789633746118601728,3812362235722208
2,0,5523,1789633746118610944,3812362235731775
2,0,5524,1789633746118620160,3812362235741326
2,0,5525,1789633746118630400,3812362235750878
2,0,5526,1789633746118639616,3812362235760406
2,0,5527,1789633746118648832,3812362235770055
2,0,5528,1789633746118659072,3812362235779716
2,0,5529,1789633746118668288,3812362235789495
2,0,5530,1789633746118678528,3812362235799245
2,0,5531,1789633746118687744,3812362235808991
2,0,5532,1789633746118697984,3812362235818745
2,0,5533,1789633746118707200,3812362235828516
2,0,5534,1789633746118717440,3812362235838258
2,0,5535,1789633746118726656,3812362235848018
2,0,5536,1789633746118736896,3812362235857776
2,0,5537,1789633746118746112,3812362235867526
2,0,5538,1789633746118756352,3812362235877276
2,0,5539,1789633746118765568,3812362235887035
2,0,5540,1789633746118775808,3812362235896595
2,0,5541,1789633746118785024,3812362235906161
2,0,5542,1789633746118795264,3812362235915700
2,0,5543,1789633746118804480,3812362235925278
2,0,5544,1789633746118813696,3812362235934845
2,0,5545,1789633746118823936,3812362235944410
2,0,5546,1789633746118833152,3812362235953948
2,0,5547,1789633746118842368,3812362235963518
2,0,5548,1789633746118852608,3812362235973035
2,0,5549,1789633746118861824,3812362235982691
2,0,5550,1789633746118871040,3812362235992354
2,0,5551,1789633746118881280,3812362236002137
2,0,5552,1789633746118890496,3812362236011888
2,0,5553,1789633746118900736,3812362236021445
2,0,5554,1789633746118909952,3812362236030986
2,0,5555,1789633746118920192,3812362236040548
2,0,5556,1789633746118929408,3812362236050133
2,0,5557,1789633746118938624,3812362236059701
2,0,5558,1789633746118948864,3812362236069269
2,0,5559,1789633746118958080,3812362236078838
2,0,5560,1789633746118967296,3812362236088356
2,0,5561,1789633746118977536,3812362236097918
2,0,5562,1789633746118986752,3812362236107548
2,0,5563,1789633746118995968,3812362236117215
2,0,5564,1789633746119006208,3812362236126988
2,0,5565,1789633746119015424,3812362236136745
2,0,5566,1789633746119025664,3812362236146496
2,0,5567,1789633746119034880,3812362236156258
2,0,5568,1789633746119045120,3812362236165738
2,0,5569,1789633746119054336,3812362236175315
2,0,5570,1789633746119064576,3812362236184915
2,0,5571,1789633746119073792,3812362236194566
2,0,5572,1789633746119083008,3812362236204125
2,0,5573,1789633746119093248,3812362236213715
2,0,5574,1789633746119102464,3812362236223265
2,0,5575,1789633746119111680,3812362236232808
2,0,5576,1789633746119121920,3812362236242355
2,0,5577,1789633746119131136,3812362236251914
2,0,5578,1789633746119140352,3812362236261568
2,0,5579,1789633746119150592,3812362236271345
2,0,5580,1789633746119159808,3812362236281105
2,0,5581,1789633746119170048,3812362236290845
2,0,5582,1789633746119179264,3812362236300615
2,0,5583,1789633746119189504,3812362236310378
2,0,5584,1789633746119198720,3812362236319921
2,0,5585,1789633746119208960,3812362236329463
2,0,5586,1789633746119218176,3812362236339025
2,0,5587,1789633746119227392,3812362236348615
2,0,5588,1789633746119237632,3812362236358198
2,0,5589,1789633746119246848,3812362236367758
2,0,5590,1789633746119256064,3812362236377295
2,0,5591,1789633746119266304,3812362236386848
2,0,5592,1789633746119275520,3812362236396391
2,0,5593,1789633746119284736,3812362236406026
2,0,5594,1789633746119294976,3812362236415680
2,0,5595,1789633746119304192,3812362236425465
2,0,5596,1789633746119314432,3812362236435015
2,0,5597,1789633746119323648,3812362236444575
2,0,5598,1789633746119332864,3812362236454138
2,0,5599,1789633746119343104,3812362236463685
2,0,5600,1789633746119352320,3812362236473278
2,0,5601,1789633746119361536,3812362236482845
2,0,5602,1789633746119371776,3812362236492388
2,0,5603,1789633746119380992,3812362236501921
2,0,5604,1789633746119390208,3812362236511478
2,0,5605,1789633746119400448,3812362236521101
2,0,5606,1789633746119409664,3812362236530788
2,0,5607,1789633746119419904,3812362236540558
2,0,5608,1789633746119429120,3812362236550325
2,0,5609,1789633746119439360,3812362236559865
2,0,5610,1789633746119448576,3812362236569415
2,0,5611,1789633746119457792,3812362236579001
2,0,5612,1789633746119468032,3812362236588558
2,0,5613,1789633746119477248,3812362236598115
2,0,5614,1789633746119486464,3812362236607695
2,0,5615,1789633746119496704,3812362236617235
2,0,5616,1789633746119505920,3812362236626788
2,0,5617,1789633746119515136,3812362236636331
2,0,5618,1789633746119525376,3812362236645991
2,0,5619,1789633746119534592,3812362236655648
2,0,5620,1789633746119544832,3812362236665415
2,0,5621,1789633746119554048,3812362236674985
2,0,5622,1789633746119563264,3812362236684571
2,0,5623,1789633746119573504,3812362236694114
2,0,5624,1789633746119582720,3812362236703687
2,0,5625,1789633746119591936,3812362236713278
2,0,5626,1789633746119602176,3812362236722848
2,0,5627,1789633746119611392,3812362236732416
2,0,5628,1789633746119621632,3812362236741963
2,0,5629,1789633746119630848,3812362236751493
2,0,5630,1789633746119640064,3812362236761074
2,0,5631,1789633746119650304,3812362236770801
2,0,5632,1789633746119659520,3812362236780508
2,0,5633,1789633746119669760,3812362236790268
2,0,5634,1789633746119678976,3812362236799805
2,0,5635,1789633746119688192,3812362236809368
2,0,5636,1789633746119698432,3812362236818937
2,0,5637,1789633746119707648,3812362236828518
2,0,5638,1789633746119716864,3812362236838083
2,0,5639,1789633746119727104,3812362236847678
2,0,5640,1789633746119736320,3812362236857208
2,0,5641,1789633746119745536,3812362236866768
2,0,5642,1789633746119755776,3812362236876316
2,0,5643,1789633746119764992,3812362236885928
2,0,5644,1789633746119774208,3812362236895585
2,0,5645,1789633746119784448,3812362236905376
2,0,5646,1789633746119793664,3812362236915125
2,0,5647,1789633746119803904,3812362236924868
2,0,5648,1789633746119813120,3812362236934623
2,0,5649,1789633746119823360,3812362236944395
2,0,5650,1789633746119833600,3812362236954139
2,0,5651,1789633746119842816,3812362236963888
2,0,5652,1789633746119853056,3812362236973456
2,0,5653,1789633746119862272,3812362236982981
2,0,5654,1789633746119871488,3812362236992565
2,0,5655,1789633746119881728,3812362237002123
2,0,5656,1789633746119890944,3812362237011716
2,0,5657,1789633746119900160,3812362237021278
2,0,5658,1789633746119910400,3812362237030816
2,0,5659,1789633746119919616,3812362237040368
2,0,5660,1789633746119928832,3812362237049914
2,0,5661,1789633746119939072,3812362237059555
2,0,5662,1789633746119948288,3812362237069215
2,0,5663,1789633746119957504,3812362237078996
2,0,5664,1789633746119967744,3812362237088558
2,0,5665,1789633746119976960,3812362237098088
2,0,5666,1789633746119987200,3812362237107651
2,0,5667,1789633746119996416,3812362237117245
2,0,5668,1789633746120005632,3812362237126808
2,0,5669,1789633746120015872,3812362237136395
2,0,5670,1789633746120025088,3812362237145914
2,0,5671,1789633746120034304,3812362237155481
2,0,5672,1789633746120044544,3812362237165038
2,0,5673,1789633746120053760,3812362237174643
2,0,5674,1789633746120062976,3812362237184311
2,0,5675,1789633746120073216,3812362237194088
2,0,5676,1789633746120082432,3812362237203843
2,0,5677,1789633746120092672,3812362237213595
2,0,5678,1789633746120101888,3812362237223345
2,0,5679,1789633746120112128,3812362237233118
2,0,5680,1789633746120121344,3812362237242863
2,0,5681,1789633746120131584,3812362237252595
2,0,5682,1789633746120141824,3812362237262366
2,0,5683,1789633746120151040,3812362237272118
2,0,5684,1789633746120161280,3812362237281874
2,0,5685,1789633746120170496,3812362237291625
2,0,5686,1789633746120180736,3812362237301391
2,0,5687,1789633746120189952,3812362237311138
2,0,5688,1789633746120200192,3812362237320898
2,0,5689,1789633746120209408,3812362237330655
2,0,5690,1789633746120219648,3812362237340395
2,0,5691,1789633746120228864,3812362237350156
2,0,5692,1789633746120239104,3812362237359903
2,0,5693,1789633746120248320,3812362237369465
2,0,5694,1789633746120258560,3812362237379011
2,0,5695,1789633746120267776,3812362237388584
2,0,5696,1789633746120276992,3812362237398151
2,0,5697,1789633746120287232,3812362237407721
2,0,5698,1789633746120296448,3812362237417315
2,0,5699,1789633746120305664,3812362237426861
2,0,5700,1789633746120315904,3812362237436403
2,0,5701,1789633746120325120,3812362237445931
2,0,5702,1789633746120334336,3812362237455575
2,0,5703,1789633746120344576,3812362237465238
2,0,5704,1789633746120353792,3812362237475015
2,0,5705,1789633746120364032,3812362237484761
2,0,5706,1789633746120373248,3812362237494513
2,0,5707,1789633746120383488,3812362237504268
2,0,5708,1789633746120392704,3812362237513831
2,0,5709,1789633746120402944,3812362237523368
2,0,5710,1789633746120412160,3812362237532946
2,0,5711,1789633746120421376,3812362237542523
2,0,5712,1789633746120431616,3812362237552088
2,0,5713,1789633746120440832,3812362237561655
2,0,5714,1789633746120450048,3812362237571205
2,0,5715,1789633746120460288,3812362237580801
2,0,5716,1789633746120469504,3812362237590290
2,0,5717,1789633746120478720,3812362237599936
2,0,5718,1789633746120488960,3812362237609490
2,0,5719,1789633746120498176,3812362237619030
2,0,5720,1789633746120507392,3812362237628565
2,0,5721,1789633746120517632,3812362237638123
2,0,5722,1789633746120526848,3812362237647690
2,0,5723,1789633746120536064,3812362237657248
2,0,5724,1789633746120546304,3812362237666810
2,0,5725,1789633746120555520,3812362237676378
2,0,5726,1789633746120564736,3812362237685916
2,0,5727,1789633746120574976,3812362237695538
2,0,5728,1789633746120584192,3812362237705178
2,0,5729,1789633746120593408,3812362237714965
2,0,5730,1789633746120603648,3812362237724716
2,0,5731,1789633746120613888,3812362237734478
2,0,5732,1789633746120623104,3812362237744225
2,0,5733,1789633746120633344,3812362237753981
2,0,5734,1789633746120642560,3812362237763734
2,0,5735,1789633746120652800,3812362237773296
2,0,5736,1789633746120662016,3812362237782835
2,0,5737,1789633746120671232,3812362237792490
2,0,5738,1789633746120681472,3812362237802068
2,0,5739,1789633746120690688,3812362237811661
2,0,5740,1789633746120699904,3812362237821240
2,0,5741,1789633746120710144,3812362237830795
2,0,5742,1789633746120719360,3812362237840348
2,0,5743,1789633746120728576,3812362237849883
2,0,5744,1789633746120738816,3812362237859438
2,0,5745,1789633746120748032,3812362237869154
2,0,5746,1789633746120758272,3812362237878813
2,0,5747,1789633746120767488,3812362237888388
2,0,5748,1789633746120776704,3812362237897958
2,0,5749,1789633746120786944,3812362237907515
2,0,5750,1789633746120796160,3812362237917061
2,0,5751,1789633746120805376,3812362237926645
2,0,5752,1789633746120815616,3812362237936216
2,0,5753,1789633746120824832,3812362237945755
2,0,5754,1789633746120834048,3812362237955310
2,0,5755,1789633746120844288,3812362237964845
2,0,5756,1789633746120853504,3812362237974488
2,0,5757,1789633746120862720,3812362237984155
2,0,5758,1789633746120872960,3812362237993928
2,0,5759,1789633746120882176,3812362238003681
2,0,5760,1789633746120892416,3812362238013449
2,0,5761,1789633746120902656,3812362238023196
2,0,5762,1789633746120911872,3812362238032955
2,0,5763,1789633746120922112,3812362238042700
2,0,5764,1789633746120931328,3812362238052458
2,0,5765,1789633746120941568,3812362238062208
2,0,5766,1789633746120950784,3812362238071771
2,0,5767,1789633746120960000,3812362238081308
2,0,5768,1789633746120970240,3812362238090875
2,0,5769,1789633746120979456,3812362238100448
2,0,5770,1789633746120988672,3812362238110028
2,0,5771,1789633746120998912,3812362238119608
2,0,5772,1789633746121008128,3812362238129148
2,0,5773,1789633746121018368,3812362238138698
2,0,5774,1789633746121027584,3812362238148240
2,0,5775,1789633746121036800,3812362238157867
2,0,5776,1789633746121047040,3812362238167535
2,0,5777,1789633746121056256,3812362238177307
2,0,5778,1789633746121066496,3812362238187060
2,0,5779,1789633746121075712,3812362238196811
2,0,5780,1789633746121085952,3812362238206563
2,0,5781,1789633746121095168,3812362238216325
2,0,5782,1789633746121105408,3812362238226071
2,0,5783,1789633746121114624,3812362238235627
2,0,5784,1789633746121124864,3812362238245171
2,0,5785,1789633746121134080,3812362238254745
2,0,5786,1789633746121143296,3812362238264328
2,0,5787,1789633746121153536,3812362238273906
2,0,5788,1789633746121162752,3812362238283489
2,0,5789,1789633746121171968,3812362238293040
2,0,5790,1789633746121182208,3812362238302587
2,0,5791,1789633746121191424,3812362238312163
2,0,5792,1789633746121200640,3812362238321738
2,0,5793,1789633746121210880,3812362238331408
2,0,5794,1789633746121220096,3812362238341198
2,0,5795,1789633746121230336,3812362238350930
2,0,5796,1789633746121239552,3812362238360688
2,0,5797,1789633746121249792,3812362238370437
2,0,5798,1789633746121259008,3812362238380006
2,0,5799,1789633746121268224,3812362238389543
2,0,5800,1789633746121278464,3812362238399123
2,0,5801,1789633746121287680,3812362238408687
2,0,5802,1789633746121296896,3812362238418255
2,0,5803,1789633746121307136,3812362238427837
2,0,5804,1789633746121316352,3812362238437355
2,0,5805,1789633746121325568,3812362238446917
2,0,5806,1789633746121335808,3812362238456478
2,0,5807,1789633746121345024,3812362238466118
2,0,5808,1789633746121355264,3812362238475765
2,0,5809,1789633746121364480,3812362238485535
2,0,5810,1789633746121374720,3812362238495285
2,0,5811,1789633746121383936,3812362238505035
2,0,5812,1789633746121394176,3812362238514811
2,0,5813,1789633746121403392,3812362238524565
2,0,5814,1789633746121413632,3812362238534311
2,0,5815,1789633746121422848,3812362238544058
2,0,5816,1789633746121433088,3812362238553628
2,0,5817,1789633746121442304,3812362238563161
2,0,5818,1789633746121451520,3812362238572745
2,0,5819,1789633746121461760,3812362238582328
2,0,5820,1789633746121470976,3812362238591903
2,0,5821,1789633746121480192,3812362238601478
2,0,5822,1789633746121490432,3812362238611016
2,0,5823,1789633746121499648,3812362238620570
2,0,5824,1789633746121508864,3812362238630105
2,0,5825,1789633746121519104,3812362238639728
2,0,5826,1789633746121528320,3812362238649394
2,0,5827,1789633746121538560,3812362238659163
2,0,5828,1789633746121547776,3812362238668715
2,0,5829,1789633746121556992,3812362238678278
2,0,5830,1789633746121567232,3812362238687835
2,0,5831,1789633746121576448,3812362238697407
2,0,5832,1789633746121585664,3812362238706977
2,0,5833,1789633746121595904,3812362238716557
2,0,5834,1789633746121605120,3812362238726101
2,0,5835,1789633746121614336,3812362238735643
2,0,5836,1789633746121624576,3812362238745181
2,0,5837,1789633746121633792,3812362238754841
2,0,5838,1789633746121644032,3812362238764498
2,0,5839,1789633746121653248,3812362238774275
2,0,5840,1789633746121662464,3812362238784018
2,0,5841,1789633746121672704,3812362238793783
2,0,5842,1789633746121682944,3812362238803526
2,0,5843,1789633746121692160,3812362238813275
2,0,5844,1789633746121702400,3812362238823025
2,0,5845,1789633746121711616,3812362238832597
2,0,5846,1789633746121720832,3812362238842131
2,0,5847,1789633746121731072,3812362238851714
2,0,5848,1789633746121740288,3812362238861285
2,0,5849,1789633746121749504,3812362238870881
2,0,5850,1789633746121759744,3812362238880438
2,0,5851,1789633746121768960,3812362238889981
2,0,5852,1789633746121778176,3812362238899535
2,0,5853,1789633746121788416,3812362238909075
2,0,5854,1789633746121797632,3812362238918694
2,0,5855,1789633746121807872,3812362238928363
2,0,5856,1789633746121817088,3812362238938135
2,0,5857,1789633746121827328,3812362238947891
2,0,5858,1789633746121836544,3812362238957641
2,0,5859,1789633746121846784,3812362238967211
2,0,5860,1789633746121856000,3812362238976743
2,0,5861,1789633746121865216,3812362238986305
2,0,5862,1789633746121875456,3812362238995876
2,0,5863,1789633746121884672,3812362239005447
2,0,5864,1789633746121893888,3812362239014995
2,0,5865,1789633746121904128,3812362239024537
2,0,5866,1789633746121913344,3812362239034111
2,0,5867,1789633746121922560,3812362239043643
2,0,5868,1789633746121932800,3812362239053314
2,0,5869,1789633746121942016,3812362239062975
2,0,5870,1789633746121951232,3812362239072748
2,0,5871,1789633746121961472,3812362239082498
2,0,5872,1789633746121971712,3812362239092245
2,0,5873,1789633746121980928,3812362239101997
2,0,5874,1789633746121991168,3812362239111748
2,0,5875,1789633746122000384,3812362239121514
2,0,5876,1789633746122010624,3812362239131250
2,0,5877,1789633746122019840,3812362239141020
2,0,5878,1789633746122030080,3812362239150775
2,0,5879,1789633746122039296,3812362239160529
2,0,5880,1789633746122049536,3812362239170088
2,0,5881,1789633746122058752,3812362239179638
2,0,5882,1789633746122067968,3812362239189213
2,0,5883,1789633746122078208,3812362239198778
2,0,5884,1789633746122087424,3812362239208348
2,0,5885,1789633746122096640,3812362239217925
2,0,5886,1789633746122106880,3812362239227458
2,0,5887,1789633746122116096,3812362239237017
2,0,5888,1789633746122125312,3812362239246558
2,0,5889,1789633746122135552,3812362239256185
2,0,5890,1789633746122144768,3812362239265851
2,0,5891,1789633746122155008,3812362239275637
2,0,5892,1789633746122164224,3812362239285377
2,0,5893,1789633746122174464,3812362239295141
2,0,5894,1789633746122183680,3812362239304895
2,0,5895,1789633746122193920,3812362239314649
2,0,5896,1789633746122203136,3812362239324397
2,0,5897,1789633746122213376,3812362239334155
2,0,5898,1789633746122222592,3812362239343710
2,0,5899,1789633746122232832,3812362239353375
2,0,5900,1789633746122242048,3812362239363025
2,0,5901,1789633746122251264,3812362239372677
2,0,5902,1789633746122261504,3812362239382345
2,0,5903,1789633746122270720,3812362239392011
2,0,5904,1789633746122280960,3812362239401586
2,0,5905,1789633746122290176,3812362239411178
2,0,5906,1789633746122299392,3812362239420711
2,0,5907,1789633746122309632,3812362239430245
2,0,5908,1789633746122318848,3812362239439795
2,0,5909,1789633746122328064,3812362239449340
2,0,5910,1789633746122338304,3812362239458997
2,0,5911,1789633746122347520,3812362239468758
2,0,5912,1789633746122357760,3812362239478325
2,0,5913,1789633746122366976,3812362239487875
2,0,5914,1789633746122376192,3812362239497435
2,0,5915,1789633746122386432,3812362239507003
2,0,5916,1789633746122395648,3812362239516575
2,0,5917,1789633746122404864,3812362239526143
2,0,5918,1789633746122415104,3812362239535680
2,0,5919,1789633746122424320,3812362239545220
2,0,5920,1789633746122433536,3812362239554785
2,0,5921,1789633746122443776,3812362239564425
2,0,5922,1789633746122452992,3812362239574078
2,0,5923,1789633746122463232,3812362239583875
2,0,5924,1789633746122472448,3812362239593613
2,0,5925,1789633746122482688,3812362239603354
2,0,5926,1789633746122491904,3812362239613126
2,0,5927,1789633746122502144,3812362239622880
2,0,5928,1789633746122511360,3812362239632615
2,0,5929,1789633746122521600,3812362239642188
2,0,5930,1789633746122530816,3812362239651727
2,0,5931,1789633746122540032,3812362239661318
2,0,5932,1789633746122550272,3812362239670887
2,0,5933,1789633746122559488,3812362239680444
2,0,5934,1789633746122568704,3812362239690018
2,0,5935,1789633746122578944,3812362239699563
2,0,5936,1789633746122588160,3812362239709126
2,0,5937,1789633746122597376,3812362239718674
2,0,5938,1789633746122607616,3812362239728285
2,0,5939,1789633746122616832,3812362239737958
2,0,5940,1789633746122627072,3812362239747718
2,0,5941,1789633746122636288,3812362239757297
2,0,5942,1789633746122645504,3812362239766845
2,0,5943,1789633746122655744,3812362239776405
2,0,5944,1789633746122664960,3812362239785955
2,0,5945,1789633746122674176,3812362239795526
2,0,5946,1789633746122684416,3812362239805095
2,0,5947,1789633746122693632,3812362239814640
2,0,5948,1789633746122702848,3812362239824183
2,0,5949,1789633746122713088,3812362239833726
2,0,5950,1789633746122722304,3812362239843380
2,0,5951,1789633746122732544,3812362239853057
2,0,5952,1789633746122741760,3812362239862835
2,0,5953,1789633746122752000,3812362239872338
2,0,5954,1789633746122761216,3812362239881914
2,0,5955,1789633746122770432,3812362239891493
2,0,5956,1789633746122780672,3812362239901080
2,0,5957,1789633746122789888,3812362239910647
2,0,5958,1789633746122799104,3812362239920225
2,0,5959,1789633746122809344,3812362239929758
2,0,5960,1789633746122818560,3812362239939324
2,0,5961,1789633746122827776,3812362239948868
2,0,5962,1789633746122838016,3812362239958495
2,0,5963,1789633746122847232,3812362239968160
2,0,5964,1789633746122856448,3812362239977733
2,0,5965,1789633746122866688,3812362239987275
2,0,5966,1789633746122875904,3812362239996838
2,0,5967,1789633746122885120,3812362240006415
2,0,5968,1789633746122895360,3812362240015995
2,0,5969,1789633746122904576,3812362240025565
2,0,5970,1789633746122913792,3812362240035117
2,0,5971,1789633746122924032,3812362240044650
2,0,5972,1789633746122933248,3812362240054213
2,0,5973,1789633746122942464,3812362240063838
2,0,5974,1789633746122952704,3812362240073468
2,0,5975,1789633746122961920,3812362240083268
2,0,5976,1789633746122972160,3812362240093018
2,0,5977,1789633746122981376,3812362240102775
2,0,5978,1789633746122991616,3812362240112527
2,0,5979,1789633746123000832,3812362240122294
2,0,5980,1789633746123011072,3812362240131855
2,0,5981,1789633746123020288,3812362240141383
2,0,5982,1789633746123030528,3812362240150954
2,0,5983,1789633746123039744,3812362240160533
2,0,5984,1789633746123048960,3812362240170109
2,0,5985,1789633746123059200,3812362240179676
2,0,5986,1789633746123068416,3812362240189220
2,0,5987,1789633746123077632,3812362240198769
2,0,5988,1789633746123087872,3812362240208328
2,0,5989,1789633746123097088,3812362240217955
2,0,5990,1789633746123106304,3812362240227615
2,0,5991,1789633746123116544,3812362240237384
2,0,5992,1789633746123125760,3812362240247160
2,0,5993,1789633746123136000,3812362240256897
2,0,5994,1789633746123145216,3812362240266653
2,0,5995,1789633746123155456,3812362240276215
2,0,5996,1789633746123164672,3812362240285755
2,0,5997,1789633746123174912,3812362240295316
2,0,5998,1789633746123184128,3812362240304895
2,0,5999,1789633746123193344,3812362240314563
2,0,6000,1789633746123203584,3812362240324125
2,0,6001,1789633746123212800,3812362240333693
2,0,6002,1789633746123222016,3812362240343238
2,0,6003,1789633746123232256,3812362240352787
2,0,6004,1789633746123241472,3812362240362363
2,0,6005,1789633746123250688,3812362240372085
2,0,6006,1789633746123260928,3812362240381714
2,0,6007,1789633746123270144,3812362240391518
2,0,6008,1789633746123280384,3812362240401258
2,0,6009,1789633746123289600,3812362240411007
2,0,6010,1789633746123299840,3812362240420775
2,0,6011,1789633746123309056,3812362240430520
2,0,6012,1789633746123319296,3812362240440269
2,0,6013,1789633746123328512,3812362240450028
2,0,6014,1789633746123338752,3812362240459590
2,0,6015,1789633746123347968,3812362240469160
2,0,6016,1789633746123358208,3812362240478706
2,0,6017,1789633746123367424,3812362240488278
2,0,6018,1789633746123376640,3812362240497840
2,0,6019,1789633746123386880,3812362240507430
2,0,6020,1789633746123396096,3812362240516978
2,0,6021,1789633746123405312,3812362240526527
2,0,6022,1789633746123415552,3812362240536065
2,0,6023,1789633746123424768,3812362240545680
2,0,6024,1789633746123433984,3812362240555347
2,0,6025,1789633746123444224,3812362240565150
2,0,6026,1789633746123453440,3812362240574877
2,0,6027,1789633746123463680,3812362240584628
2,0,6028,1789633746123472896,3812362240594386
2,0,6029,1789633746123483136,3812362240604160
2,0,6030,1789633746123492352,3812362240613898
2,0,6031,1789633746123502592,3812362240623645
2,0,6032,1789633746123512832,3812362240633406
2,0,6033,1789633746123522048,3812362240643160
2,0,6034,1789633746123532288,3812362240652915
2,0,6035,1789633746123541504,3812362240662653
2,0,6036,1789633746123551744,3812362240672194
2,0,6037,1789633746123560960,3812362240681743
2,0,6038,1789633746123570176,3812362240691345
2,0,6039,1789633746123580416,3812362240700910
2,0,6040,1789633746123589632,3812362240710486
2,0,6041,1789633746123598848,3812362240720043
2,0,6042,1789633746123609088,3812362240729595
2,0,6043,1789633746123618304,3812362240739160
2,0,6044,1789633746123627520,3812362240748693
2,0,6045,1789633746123637760,3812362240758323
2,0,6046,1789633746123646976,3812362240767990
2,0,6047,1789633746123656192,3812362240777560
2,0,6048,1789633746123666432,3812362240787097
2,0,6049,1789633746123675648,3812362240796676
2,0,6050,1789633746123684864,3812362240806257
2,0,6051,1789633746123695104,3812362240815837
2,0,6052,1789633746123704320,3812362240825395
2,0,6053,1789633746123714560,3812362240834950
2,0,6054,1789633746123723776,3812362240844526
2,0,6055,1789633746123732992,3812362240854060
2,0,6056,1789633746123743232,3812362240863677
2,0,6057,1789633746123752448,3812362240873348
2,0,6058,1789633746123761664,3812362240883150
2,0,6059,1789633746123771904,3812362240892824
2,0,6060,1789633746123781120,3812362240902617
2,0,6061,1789633746123791360,3812362240912370
2,0,6062,1789633746123800576,3812362240922120
2,0,6063,1789633746123810816,3812362240931875
2,0,6064,1789633746123821056,3812362240941447
2,0,6065,1789633746123830272,3812362240950975
2,0,6066,1789633746123839488,3812362240960560
2,0,6067,1789633746123849728,3812362240970137
2,0,6068,1789633746123858944,3812362240979718
2,0,6069,1789633746123868160,3812362240989287
2,0,6070,1789633746123878400,3812362240998795
2,0,6071,1789633746123887616,3812362241008327
2,0,6072,1789633746123896832,3812362241017873
2,0,6073,1789633746123906048,3812362241027543
2,0,6074,1789633746123916288,3812362241037218
2,0,6075,1789633746123925504,3812362241046983
2,0,6076,1789633746123935744,3812362241056747
2,0,6077,1789633746123944960,3812362241066490
2,0,6078,1789633746123955200,3812362241076037
2,0,6079,1789633746123964416,3812362241085596
2,0,6080,1789633746123974656,3812362241095168
2,0,6081,1789633746123983872,3812362241104725
2,0,6082,1789633746123993088,3812362241114288
2,0,6083,1789633746124003328,3812362241123873
2,0,6084,1789633746124012544,3812362241133405
2,0,6085,1789633746124021760,3812362241142950
2,0,6086,1789633746124032000,3812362241152503
2,0,6087,1789633746124041216,3812362241162148
2,0,6088,1789633746124050432,3812362241171818
2,0,6089,1789633746124060672,3812362241181598
2,0,6090,1789633746124069888,3812362241191348
2,0,6091,1789633746124080128,3812362241201100
2,0,6092,1789633746124089344,3812362241210853
2,0,6093,1789633746124099584,3812362241220616
2,0,6094,1789633746124108800,3812362241230356
2,0,6095,1789633746124119040,3812362241240108
2,0,6096,1789633746124129280,3812362241249877
2,0,6097,1789633746124138496,3812362241259603
2,0,6098,1789633746124148736,3812362241269368
2,0,6099,1789633746124157952,3812362241279116
2,0,6100,1789633746124168192,3812362241288871
2,0,6101,1789633746124177408,3812362241298627
2,0,6102,1789633746124187648,3812362241308384
2,0,6103,1789633746124196864,3812362241318135
2,0,6104,1789633746124207104,3812362241327888
2,0,6105,1789633746124216320,3812362241337638
2,0,6106,1789633746124226560,3812362241347397
2,0,6107,1789633746124235776,3812362241357145
2,0,6108,1789633746124246016,3812362241366913
2,0,6109,1789633746124255232,3812362241376663
2,0,6110,1789633746124265472,3812362241386415
2,0,6111,1789633746124274688,3812362241396160
2,0,6112,1789633746124284928,3812362241405930
2,0,6113,1789633746124294144,3812362241415676
2,0,6114,1789633746124304384,3812362241425445
2,0,6115,1789633746124313600,3812362241435184
2,0,6116,1789633746124323840,3812362241444945
2,0,6117,1789633746124334080,3812362241454688
2,0,6118,1789633746124343296,3812362241464458
2,0,6119,1789633746124353536,3812362241474195
2,0,6120,1789633746124362752,3812362241483958
2,0,6121,1789633746124372992,3812362241493717
2,0,6122,1789633746124382208,3812362241503467
2,0,6123,1789633746124392448,3812362241513216
2,0,6124,1789633746124401664,3812362241522973
2,0,6125,1789633746124411904,3812362241532720
2,0,6126,1789633746124421120,3812362241542473
2,0,6127,1789633746124431360,3812362241552224
2,0,6128,1789633746124440576,3812362241561997
2,0,6129,1789633746124450816,3812362241571753
2,0,6130,1789633746124460032,3812362241581498
2,0,6131,1789633746124470272,3812362241591250
2,0,6132,1789633746124479488,3812362241601003
2,0,6133,1789633746124489728,3812362241610800
2,0,6134,1789633746124498944,3812362241620518
2,0,6135,1789633746124509184,3812362241630275
2,0,6136,1789633746124519424,3812362241640020
2,0,6137,1789633746124528640,3812362241649789
2,0,6138,1789633746124538880,3812362241659528
2,0,6139,1789633746124548096,3812362241669275
2,0,6140,1789633746124558336,3812362241679033
2,0,6141,1789633746124567552,3812362241688813
2,0,6142,1789633746124577792,3812362241698563
2,0,6143,1789633746124587008,3812362241708310
2,0,6144,1789633746124597248,3812362241718063
2,0,6145,1789633746124606464,3812362241727813
2,0,6146,1789633746124616704,3812362241737563
2,0,6147,1789633746124625920,3812362241747315
2,0,6148,1789633746124636160,3812362241757065
2,0,6149,1789633746124645376,3812362241766848
2,0,6150,1789633746124655616,3812362241776577
2,0,6151,1789633746124664832,3812362241786335
2,0,6152,1789633746124675072,3812362241796093
2,0,6153,1789633746124684288,3812362241805840
2,0,6154,1789633746124694528,3812362241815595
2,0,6155,1789633746124703744,3812362241825355
2,0,6156,1789633746124713984,3812362241835123
2,0,6157,1789633746124724224,3812362241844855
2,0,6158,1789633746124733440,3812362241854738
2,0,6159,1789633746124743680,3812362241864460
2,0,6160,1789633746124752896,3812362241874203
2,0,6161,1789633746124763136,3812362241883960
2,0,6162,1789633746124772352,3812362241893723
2,0,6163,1789633746124782592,3812362241903475
2,0,6164,1789633746124791808,3812362241913230
2,0,6165,1789633746124802048,3812362241922980
2,0,6166,1789633746124811264,3812362241932737
2,0,6167,1789633746124821504,3812362241942493
2,0,6168,1789633746124830720,3812362241952245
2,0,6169,1789633746124840960,3812362241961990
2,0,6170,1789633746124850176,3812362241971740
2,0,6171,1789633746124860416,3812362241981415
2,0,6172,1789633746124869632,3812362241991173
2,0,6173,1789633746124879872,3812362242000927
2,0,6174,1789633746124889088,3812362242010690
2,0,6175,1789633746124899328,3812362242020430
2,0,6176,1789633746124909568,3812362242030177
2,0,6177,1789633746124918784,3812362242039960
2,0,6178,1789633746124929024,3812362242049703
2,0,6179,1789633746124938240,3812362242059460
2,0,6180,1789633746124948480,3812362242069210
2,0,6181,1789633746124957696,3812362242078963
2,0,6182,1789633746124967936,3812362242088716
2,0,6183,1789633746124977152,3812362242098465
2,0,6184,1789633746124987392,3812362242108238
2,0,6185,1789633746124996608,3812362242117978
2,0,6186,1789633746125006848,3812362242127730
2,0,6187,1789633746125016064,3812362242137480
2,0,6188,1789633746125026304,3812362242147240
2,0,6189,1789633746125035520,3812362242156988
2,0,6190,1789633746125045760,3812362242166745
2,0,6191,1789633746125054976,3812362242176490
2,0,6192,1789633746125065216,3812362242186257
2,0,6193,1789633746125074432,3812362242196008
2,0,6194,1789633746125084672,3812362242205760
2,0,6195,1789633746125094912,3812362242215509
2,0,6196,1789633746125104128,3812362242225263
2,0,6197,1789633746125114368,3812362242235028
2,0,6198,1789633746125123584,3812362242244780
2,0,6199,1789633746125133824,3812362242254548
2,0,6200,1789633746125143040,3812362242264287
2,0,6201,1789633746125153280,3812362242274043
2,0,6202,1789633746125162496,3812362242283795
2,0,6203,1789633746125172736,3812362242293549
2,0,6204,1789633746125181952,3812362242303313
2,0,6205,1789633746125192192,3812362242313077
2,0,6206,1789633746125201408,3812362242322815
2,0,6207,1789633746125211648,3812362242332555
2,0,6208,1789633746125220864,3812362242342323
2,0,6209,1789633746125231104,3812362242352073
2,0,6210,1789633746125240320,3812362242361825
2,0,6211,1789633746125250560,3812362242371583
2,0,6212,1789633746125259776,3812362242381337
2,0,6213,1789633746125270016,3812362242391078
2,0,6214,1789633746125279232,3812362242400846
2,0,6215,1789633746125289472,3812362242410613
2,0,6216,1789633746125299712,3812362242420348
2,0,6217,1789633746125308928,3812362242430115
2,0,6218,1789633746125319168,3812362242439860
2,0,6219,1789633746125328384,3812362242449610
2,0,6220,1789633746125338624,3812362242459376
2,0,6221,1789633746125347840,3812362242469118
2,0,6222,1789633746125358080,3812362242478876
2,0,6223,1789633746125367296,3812362242488615
2,0,6224,1789633746125377536,3812362242498397
2,0,6225,1789633746125386752,3812362242508140
2,0,6226,1789633746125396992,3812362242517890
2,0,6227,1789633746125406208,3812362242527659
2,0,6228,1789633746125416448,3812362242537413
2,0,6229,1789633746125425664,3812362242547167
2,0,6230,1789633746125435904,3812362242556915
2,0,6231,1789633746125445120,3812362242566668
2,0,6232,1789633746125455360,3812362242576418
2,0,6233,1789633746125464576,3812362242586167
2,0,6234,1789633746125474816,3812362242595920
2,0,6235,1789633746125485056,3812362242605687
2,0,6236,1789633746125494272,3812362242615427
2,0,6237,1789633746125504512,3812362242625198
2,0,6238,1789633746125513728,3812362242634943
2,0,6239,1789633746125523968,3812362242644697
2,0,6240,1789633746125533184,3812362242654450
2,0,6241,1789633746125543424,3812362242664205
2,0,6242,1789633746125552640,3812362242673965
2,0,6243,1789633746125562880,3812362242683703
2,0,6244,1789633746125572096,3812362242693478
2,0,6245,1789633746125582336,3812362242703228
2,0,6246,1789633746125591552,3812362242712975
2,0,6247,1789633746125601792,3812362242722736
2,0,6248,1789633746125611008,3812362242732496
2,0,6249,1789633746125621248,3812362242742236
2,0,6250,1789633746125630464,3812362242751995
2,0,6251,1789633746125640704,3812362242761755
2,0,6252,1789633746125649920,3812362242771510
2,0,6253,1789633746125660160,3812362242781263
2,0,6254,1789633746125670400,3812362242791010
2,0,6255,1789633746125679616,3812362242800800
2,0,6256,1789633746125689856,3812362242810518
2,0,6257,1789633746125699072,3812362242820287
2,0,6258,1789633746125709312,3812362242830035
2,0,6259,1789633746125718528,3812362242839788
2,0,6260,1789633746125728768,3812362242849538
2,0,6261,1789633746125737984,3812362242859295
2,0,6262,1789633746125748224,3812362242869045
2,0,6263,1789633746125757440,3812362242878808
2,0,6264,1789633746125767680,3812362242888555
2,0,6265,1789633746125776896,3812362242898317
2,0,6266,1789633746125787136,3812362242908066
2,0,6267,1789633746125796352,3812362242917817
2,0,6268,1789633746125806592,3812362242927567
2,0,6269,1789633746125815808,3812362242937338
2,0,6270,1789633746125826048,3812362242947090
2,0,6271,1789633746125835264,3812362242956846
2,0,6272,1789633746125845504,3812362242966598
2,0,6273,1789633746125854720,3812362242976348
2,0,6274,1789633746125864960,3812362242986091
2,0,6275,1789633746125875200,3812362242995853
2,0,6276,1789633746125884416,3812362243005608
2,0,6277,1789633746125894656,3812362243015367
2,0,6278,1789633746125903872,3812362243025115
2,0,6279,1789633746125914112,3812362243034887
2,0,6280,1789633746125923328,3812362243044720
2,0,6281,1789633746125933568,3812362243054470
2,0,6282,1789633746125942784,3812362243064218
2,0,6283,1789633746125953024,3812362243073957
2,0,6284,1789633746125962240,3812362243083730
2,0,6285,1789633746125972480,3812362243093466
2,0,6286,1789633746125981696,3812362243103238
2,0,6287,1789633746125991936,3812362243112995
2,0,6288,1789633746126001152,3812362243122745
2,0,6289,1789633746126011392,3812362243132495
2,0,6290,1789633746126021632,3812362243142250
2,0,6291,1789633746126030848,3812362243152015
2,0,6292,1789633746126041088,3812362243161755
2,0,6293,1789633746126050304,3812362243171527
2,0,6294,1789633746126060544,3812362243181273
2,0,6295,1789633746126069760,3812362243191025
2,0,6296,1789633746126080000,3812362243200798
2,0,6297,1789633746126089216,3812362243210538
2,0,6298,1789633746126099456,3812362243220288
2,0,6299,1789633746126108672,3812362243229958
2,0,6300,1789633746126118912,3812362243239707
2,0,6301,1789633746126128128,3812362243249457
2,0,6302,1789633746126138368,3812362243259216
2,0,6303,1789633746126147584,3812362243268968
2,0,6304,1789633746126157824,3812362243278718
2,0,6305,1789633746126167040,3812362243288476
2,0,6306,1789633746126177280,3812362243298225
2,0,6307,1789633746126186496,3812362243307998
2,0,6308,1789633746126196736,3812362243317743
2,0,6309,1789633746126205952,3812362243327500
2,0,6310,1789633746126216192,3812362243337246
2,0,6311,1789633746126225408,3812362243346998
2,0,6312,1789633746126235648,3812362243356757
2,0,6313,1789633746126245888,3812362243366505
2,0,6314,1789633746126255104,3812362243376280
2,0,6315,1789633746126265344,3812362243386018
2,0,6316,1789633746126274560,3812362243395765
2,0,6317,1789633746126284800,3812362243405526
2,0,6318,1789633746126294016,3812362243415275
2,0,6319,1789633746126304256,3812362243425033
2,0,6320,1789633746126313472,3812362243434788
2,0,6321,1789633746126323712,3812362243444536
2,0,6322,1789633746126332928,3812362243454296
2,0,6323,1789633746126343168,3812362243464059
2,0,6324,1789633746126352384,3812362243473797
2,0,6325,1789633746126362624,3812362243483563
2,0,6326,1789633746126371840,3812362243493303
2,0,6327,1789633746126382080,3812362243503078
2,0,6328,1789633746126391296,3812362243512836
2,0,6329,1789633746126401536,3812362243522576
2,0,6330,1789633746126410752,3812362243532315
2,0,6331,1789633746126420992,3812362243542090
2,0,6332,1789633746126430208,3812362243551837
2,0,6333,1789633746126440448,3812362243561595
2,0,6334,1789633746126450688,3812362243571339
2,0,6335,1789633746126459904,3812362243581118
2,0,6336,1789633746126470144,3812362243590857
2,0,6337,1789633746126479360,3812362243600613
2,0,6338,1789633746126489600,3812362243610360
2,0,6339,1789633746126498816,3812362243620120
2,0,6340,1789633746126509056,3812362243629868
2,0,6341,1789633746126518272,3812362243639640
2,0,6342,1789633746126528512,3812362243649370
2,0,6343,1789633746126537728,3812362243659137
2,0,6344,1789633746126547968,3812362243668895
2,0,6345,1789633746126557184,3812362243678635
2,0,6346,1789633746126567424,3812362243688400
2,0,6347,1789633746126576640,3812362243698147
2,0,6348,1789633746126586880,3812362243707908
2,0,6349,1789633746126596096,3812362243717660
2,0,6350,1789633746126606336,3812362243727415
2,0,6351,1789633746126615552,3812362243737165
2,0,6352,1789633746126625792,3812362243746925
2,0,6353,1789633746126636032,3812362243756673
2,0,6354,1789633746126645248,3812362243766435
2,0,6355,1789633746126655488,3812362243776177
2,0,6356,1789633746126664704,3812362243785929
2,0,6357,1789633746126674944,3812362243795685
2,0,6358,1789633746126684160,3812362243805445
2,0,6359,1789633746126694400,3812362243815193
2,0,6360,1789633746126703616,3812362243824960
2,0,6361,1789633746126713856,3812362243834706
2,0,6362,1789633746126723072,3812362243844459
2,0,6363,1789633746126733312,3812362243854217
2,0,6364,1789633746126742528,3812362243863976
2,0,6365,1789633746126752768,3812362243873726
2,0,6366,1789633746126761984,3812362243883482
2,0,6367,1789633746126772224,3812362243893238
2,0,6368,1789633746126781440,3812362243902990
2,0,6369,1789633746126791680,3812362243912740
2,0,6370,1789633746126800896,3812362243922490
