schema_version,trial,sample,gpu_ns,cpu_observed_ns
2,0,0,1789633724933661696,3812341050392157
2,0,1,1789633724933672960,3812341050403723
2,0,2,1789633724933685248,3812341050415212
2,0,3,1789633724933696512,3812341050426629
2,0,4,1789633724933707776,3812341050437944
2,0,5,1789633724933719040,3812341050449303
2,0,6,1789633724933730304,3812341050460720
2,0,7,1789633724933741568,3812341050472224
2,0,8,1789633724933752832,3812341050483543
2,0,9,1789633724933764096,3812341050494927
2,0,10,1789633724933776384,3812341050506263
2,0,11,1789633724933787648,3812341050517612
2,0,12,1789633724933798912,3812341050529035
2,0,13,1789633724933810176,3812341050540515
2,0,14,1789633724933821440,3812341050552067
2,0,15,1789633724933832704,3812341050563435
2,0,16,1789633724933843968,3812341050574857
2,0,17,1789633724933856256,3812341050586203
2,0,18,1789633724933867520,3812341050597557
2,0,19,1789633724933878784,3812341050608915
2,0,20,1789633724933890048,3812341050620264
2,0,21,1789633724933901312,3812341050631627
2,0,22,1789633724933912576,3812341050642977
2,0,23,1789633724933923840,3812341050654407
2,0,24,1789633724933935104,3812341050665723
2,0,25,1789633724933946368,3812341050677077
2,0,26,1789633724933957632,3812341050688557
2,0,27,1789633724933969920,3812341050699887
2,0,28,1789633724933981184,3812341050711247
2,0,29,1789633724933992448,3812341050722683
2,0,30,1789633724934003712,3812341050734009
2,0,31,1789633724934014976,3812341050745400
2,0,32,1789633724934026240,3812341050756840
2,0,33,1789633724934037504,3812341050768183
2,0,34,1789633724934048768,3812341050779612
2,0,35,1789633724934061056,3812341050790964
2,0,36,1789633724934072320,3812341050802337
2,0,37,1789633724934083584,3812341050813675
2,0,38,1789633724934094848,3812341050825129
2,0,39,1789633724934106112,3812341050836487
2,0,40,1789633724934117376,3812341050847860
2,0,41,1789633724934128640,3812341050859303
2,0,42,1789633724934139904,3812341050870657
2,0,43,1789633724934151168,3812341050882064
2,0,44,1789633724934163456,3812341050893417
2,0,45,1789633724934174720,3812341050904740
2,0,46,1789633724934185984,3812341050916187
2,0,47,1789633724934197248,3812341050927560
2,0,48,1789633724934208512,3812341050938957
2,0,49,1789633724934219776,3812341050950320
2,0,50,1789633724934231040,3812341050961655
2,0,51,1789633724934242304,3812341050973072
2,0,52,1789633724934253568,3812341050984420
2,0,53,1789633724934265856,3812341050995841
2,0,54,1789633724934277120,3812341051007164
2,0,55,1789633724934288384,3812341051018507
2,0,56,1789633724934299648,3812341051029963
2,0,57,1789633724934310912,3812341051041297
2,0,58,1789633724934322176,3812341051052715
2,0,59,1789633724934333440,3812341051064057
2,0,60,1789633724934344704,3812341051075383
2,0,61,1789633724934355968,3812341051086803
2,0,62,1789633724934368256,3812341051098240
2,0,63,1789633724934379520,3812341051109652
2,0,64,1789633724934390784,3812341051120972
2,0,65,1789633724934402048,3812341051132400
2,0,66,1789633724934413312,3812341051143724
2,0,67,1789633724934424576,3812341051155076
2,0,68,1789633724934435840,3812341051166524
2,0,69,1789633724934447104,3812341051177860
2,0,70,1789633724934458368,3812341051189252
2,0,71,1789633724934470656,3812341051200683
2,0,72,1789633724934481920,3812341051212064
2,0,73,1789633724934493184,3812341051223420
2,0,74,1789633724934504448,3812341051234767
2,0,75,1789633724934515712,3812341051246203
2,0,76,1789633724934526976,3812341051257556
2,0,77,1789633724934538240,3812341051268976
2,0,78,1789633724934549504,3812341051280324
2,0,79,1789633724934561792,3812341051291696
2,0,80,1789633724934573056,3812341051303124
2,0,81,1789633724934584320,3812341051314456
2,0,82,1789633724934595584,3812341051325903
2,0,83,1789633724934606848,3812341051337249
2,0,84,1789633724934618112,3812341051348616
2,0,85,1789633724934629376,3812341051359976
2,0,86,1789633724934640640,3812341051371340
2,0,87,1789633724934651904,3812341051382700
2,0,88,1789633724934663168,3812341051394120
2,0,89,1789633724934675456,3812341051405456
2,0,90,1789633724934686720,3812341051416812
2,0,91,1789633724934697984,3812341051428136
2,0,92,1789633724934709248,3812341051439616
2,0,93,1789633724934720512,3812341051450969
2,0,94,1789633724934731776,3812341051462336
2,0,95,1789633724934743040,3812341051473660
2,0,96,1789633724934754304,3812341051485003
2,0,97,1789633724934765568,3812341051496436
2,0,98,1789633724934777856,3812341051507915
2,0,99,1789633724934789120,3812341051519264
2,0,100,1789633724934800384,3812341051530607
2,0,101,1789633724934811648,3812341051542067
2,0,102,1789633724934822912,3812341051553444
2,0,103,1789633724934834176,3812341051564795
2,0,104,1789633724934845440,3812341051576184
2,0,105,1789633724934856704,3812341051587536
2,0,106,1789633724934867968,3812341051598884
2,0,107,1789633724934880256,3812341051610249
2,0,108,1789633724934891520,3812341051621615
2,0,109,1789633724934902784,3812341051633049
2,0,110,1789633724934914048,3812341051644452
2,0,111,1789633724934925312,3812341051655816
2,0,112,1789633724934936576,3812341051667164
2,0,113,1789633724934947840,3812341051678504
2,0,114,1789633724934959104,3812341051689883
2,0,115,1789633724934970368,3812341051701240
2,0,116,1789633724934982656,3812341051712736
2,0,117,1789633724934993920,3812341051724080
2,0,118,1789633724935005184,3812341051735444
2,0,119,1789633724935016448,3812341051746892
2,0,120,1789633724935027712,3812341051758244
2,0,121,1789633724935038976,3812341051769584
2,0,122,1789633724935050240,3812341051781024
2,0,123,1789633724935061504,3812341051792369
2,0,124,1789633724935073792,3812341051803755
2,0,125,1789633724935085056,3812341051815200
2,0,126,1789633724935096320,3812341051826596
2,0,127,1789633724935107584,3812341051837924
2,0,128,1789633724935118848,3812341051849284
2,0,129,1789633724935130112,3812341051860644
2,0,130,1789633724935141376,3812341051872096
2,0,131,1789633724935152640,3812341051883429
2,0,132,1789633724935163904,3812341051894784
2,0,133,1789633724935176192,3812341051906155
2,0,134,1789633724935187456,3812341051917595
2,0,135,1789633724935198720,3812341051928929
2,0,136,1789633724935209984,3812341051940352
2,0,137,1789633724935221248,3812341051951696
2,0,138,1789633724935232512,3812341051963143
2,0,139,1789633724935243776,3812341051974464
2,0,140,1789633724935255040,3812341051985880
2,0,141,1789633724935266304,3812341051997203
2,0,142,1789633724935278592,3812341052008589
2,0,143,1789633724935289856,3812341052019980
2,0,144,1789633724935301120,3812341052031336
2,0,145,1789633724935312384,3812341052042707
2,0,146,1789633724935323648,3812341052054156
2,0,147,1789633724935334912,3812341052065475
2,0,148,1789633724935346176,3812341052076920
2,0,149,1789633724935357440,3812341052088289
2,0,150,1789633724935369728,3812341052099684
2,0,151,1789633724935380992,3812341052111027
2,0,152,1789633724935392256,3812341052122416
2,0,153,1789633724935403520,3812341052133807
2,0,154,1789633724935414784,3812341052145176
2,0,155,1789633724935426048,3812341052156556
2,0,156,1789633724935437312,3812341052167876
2,0,157,1789633724935448576,3812341052179229
2,0,158,1789633724935459840,3812341052190696
2,0,159,1789633724935472128,3812341052202072
2,0,160,1789633724935483392,3812341052213469
2,0,161,1789633724935494656,3812341052224867
2,0,162,1789633724935505920,3812341052236200
2,0,163,1789633724935517184,3812341052247564
2,0,164,1789633724935528448,3812341052258995
2,0,165,1789633724935539712,3812341052270327
2,0,166,1789633724935550976,3812341052281696
2,0,167,1789633724935562240,3812341052293067
2,0,168,1789633724935573504,3812341052304409
2,0,169,1789633724935585792,3812341052315784
2,0,170,1789633724935597056,3812341052327256
2,0,171,1789633724935608320,3812341052338603
2,0,172,1789633724935619584,3812341052350044
2,0,173,1789633724935630848,3812341052361409
2,0,174,1789633724935642112,3812341052372727
2,0,175,1789633724935653376,3812341052384075
2,0,176,1789633724935664640,3812341052395544
2,0,177,1789633724935676928,3812341052406896
2,0,178,1789633724935688192,3812341052418327
2,0,179,1789633724935699456,3812341052429644
2,0,180,1789633724935710720,3812341052440976
2,0,181,1789633724935721984,3812341052452309
2,0,182,1789633724935733248,3812341052463796
2,0,183,1789633724935744512,3812341052475179
2,0,184,1789633724935755776,3812341052486599
2,0,185,1789633724935767040,3812341052497909
2,0,186,1789633724935779328,3812341052509332
2,0,187,1789633724935790592,3812341052520647
2,0,188,1789633724935801856,3812341052532096
2,0,189,1789633724935813120,3812341052543452
2,0,190,1789633724935824384,3812341052554779
2,0,191,1789633724935835648,3812341052566109
2,0,192,1789633724935846912,3812341052577547
2,0,193,1789633724935858176,3812341052588916
2,0,194,1789633724935869440,3812341052600383
2,0,195,1789633724935881728,3812341052611707
2,0,196,1789633724935892992,3812341052623129
2,0,197,1789633724935904256,3812341052634464
2,0,198,1789633724935915520,3812341052645823
2,0,199,1789633724935926784,3812341052657184
2,0,200,1789633724935938048,3812341052668656
2,0,201,1789633724935949312,3812341052679995
2,0,202,1789633724935960576,3812341052691423
2,0,203,1789633724935971840,3812341052702776
2,0,204,1789633724935984128,3812341052714129
2,0,205,1789633724935995392,3812341052725467
2,0,206,1789633724936006656,3812341052736932
2,0,207,1789633724936017920,3812341052748244
2,0,208,1789633724936029184,3812341052759616
2,0,209,1789633724936040448,3812341052771039
2,0,210,1789633724936051712,3812341052782404
2,0,211,1789633724936062976,3812341052793772
2,0,212,1789633724936074240,3812341052805216
2,0,213,1789633724936086528,3812341052816959
2,0,214,1789633724936097792,3812341052828719
2,0,215,1789633724936110080,3812341052840056
2,0,216,1789633724936121344,3812341052851484
2,0,217,1789633724936132608,3812341052866272
2,0,218,1789633724936143872,3812341052874296
2,0,219,1789633724936155136,3812341052885627
2,0,220,1789633724936166400,3812341052897123
2,0,221,1789633724936177664,3812341052908584
2,0,222,1789633724936189952,3812341053612412
2,0,223,1789633724936892416,3812341053623629
2,0,224,1789633724936904704,3812341053635204
2,0,225,1789633724936915968,3812341053646696
2,0,226,1789633724936927232,3812341053658104
2,0,227,1789633724936939520,3812341053669492
2,0,228,1789633724936950784,3812341053680809
2,0,229,1789633724936962048,3812341053692204
2,0,230,1789633724936973312,3812341053703604
2,0,231,1789633724936984576,3812341053715004
2,0,232,1789633724936995840,3812341053726399
2,0,233,1789633724937007104,3812341053737736
2,0,234,1789633724937018368,3812341053749092
2,0,235,1789633724937029632,3812341053760476
2,0,236,1789633724937040896,3812341053771847
2,0,237,1789633724937053184,3812341053783249
2,0,238,1789633724937064448,3812341053794595
2,0,239,1789633724937075712,3812341053805995
2,0,240,1789633724937086976,3812341053817376
2,0,241,1789633724937098240,3812341053828656
2,0,242,1789633724937109504,3812341053840040
2,0,243,1789633724937120768,3812341053851421
2,0,244,1789633724937132032,3812341053862787
2,0,245,1789633724937143296,3812341053874186
2,0,246,1789633724937155584,3812341053885541
2,0,247,1789633724937166848,3812341053896936
2,0,248,1789633724937178112,3812341053908329
2,0,249,1789633724937189376,3812341053919736
2,0,250,1789633724937200640,3812341053931066
2,0,251,1789633724937211904,3812341053942456
2,0,252,1789633724937223168,3812341053953832
2,0,253,1789633724937234432,3812341053965200
2,0,254,1789633724937245696,3812341053976616
2,0,255,1789633724937257984,3812341053987945
2,0,256,1789633724937269248,3812341053999325
2,0,257,1789633724937280512,3812341054010747
2,0,258,1789633724937291776,3812341054022116
2,0,259,1789633724937303040,3812341054033491
2,0,260,1789633724937314304,3812341054044832
2,0,261,1789633724937325568,3812341054056207
2,0,262,1789633724937336832,3812341054067546
2,0,263,1789633724937348096,3812341054079016
2,0,264,1789633724937360384,3812341054090392
2,0,265,1789633724937371648,3812341054101806
2,0,266,1789633724937382912,3812341054113196
2,0,267,1789633724937394176,3812341054124581
2,0,268,1789633724937405440,3812341054135894
2,0,269,1789633724937416704,3812341054147307
2,0,270,1789633724937427968,3812341054158696
2,0,271,1789633724937439232,3812341054170141
2,0,272,1789633724937451520,3812341054181501
2,0,273,1789633724937462784,3812341054192866
2,0,274,1789633724937474048,3812341054204196
2,0,275,1789633724937485312,3812341054215574
2,0,276,1789633724937496576,3812341054226956
2,0,277,1789633724937507840,3812341054238332
2,0,278,1789633724937519104,3812341054249729
2,0,279,1789633724937530368,3812341054261136
2,0,280,1789633724937541632,3812341054272516
2,0,281,1789633724937553920,3812341054283907
2,0,282,1789633724937565184,3812341054295306
2,0,283,1789633724937576448,3812341054306706
2,0,284,1789633724937587712,3812341054318107
2,0,285,1789633724937598976,3812341054329446
2,0,286,1789633724937610240,3812341054340786
2,0,287,1789633724937621504,3812341054352156
2,0,288,1789633724937632768,3812341054363532
2,0,289,1789633724937644032,3812341054374885
2,0,290,1789633724937656320,3812341054386276
2,0,291,1789633724937667584,3812341054397612
2,0,292,1789633724937678848,3812341054408976
2,0,293,1789633724937690112,3812341054420416
2,0,294,1789633724937701376,3812341054431776
2,0,295,1789633724937712640,3812341054443156
2,0,296,1789633724937723904,3812341054454521
2,0,297,1789633724937735168,3812341054465846
2,0,298,1789633724937746432,3812341054477227
2,0,299,1789633724937757696,3812341054488694
2,0,300,1789633724937769984,3812341054500061
2,0,301,1789633724937781248,3812341054511416
2,0,302,1789633724937792512,3812341054522800
2,0,303,1789633724937803776,3812341054534152
2,0,304,1789633724937815040,3812341054545519
2,0,305,1789633724937826304,3812341054556996
2,0,306,1789633724937837568,3812341054568356
2,0,307,1789633724937849856,3812341054579745
2,0,308,1789633724937861120,3812341054591107
2,0,309,1789633724937872384,3812341054602487
2,0,310,1789633724937883648,3812341054613811
2,0,311,1789633724937894912,3812341054625254
2,0,312,1789633724937906176,3812341054636656
2,0,313,1789633724937917440,3812341054648034
2,0,314,1789633724937928704,3812341054659381
2,0,315,1789633724937939968,3812341054670756
2,0,316,1789633724937951232,3812341054682106
2,0,317,1789633724937963520,3812341054693536
2,0,318,1789633724937974784,3812341054704896
2,0,319,1789633724937986048,3812341054716287
2,0,320,1789633724937997312,3812341054727638
2,0,321,1789633724938008576,3812341054739029
2,0,322,1789633724938019840,3812341054750385
2,0,323,1789633724938031104,3812341054761820
2,0,324,1789633724938042368,3812341054773214
2,0,325,1789633724938054656,3812341054784606
2,0,326,1789633724938065920,3812341054795996
2,0,327,1789633724938077184,3812341054807376
2,0,328,1789633724938088448,3812341054818747
2,0,329,1789633724938099712,3812341054830114
2,0,330,1789633724938110976,3812341054841460
2,0,331,1789633724938122240,3812341054852827
2,0,332,1789633724938133504,3812341054864200
2,0,333,1789633724938144768,3812341054875565
2,0,334,1789633724938157056,3812341054886945
2,0,335,1789633724938168320,3812341054898366
2,0,336,1789633724938179584,3812341054909745
2,0,337,1789633724938190848,3812341054921116
2,0,338,1789633724938202112,3812341054932496
2,0,339,1789633724938213376,3812341054943865
2,0,340,1789633724938224640,3812341054955200
2,0,341,1789633724938235904,3812341054966646
2,0,342,1789633724938247168,3812341054978012
2,0,343,1789633724938259456,3812341054989371
2,0,344,1789633724938270720,3812341055000756
2,0,345,1789633724938281984,3812341055012105
2,0,346,1789633724938293248,3812341055023505
2,0,347,1789633724938304512,3812341055034934
2,0,348,1789633724938315776,3812341055046272
2,0,349,1789633724938327040,3812341055057679
2,0,350,1789633724938338304,3812341055069075
2,0,351,1789633724938349568,3812341055080439
2,0,352,1789633724938361856,3812341055091814
2,0,353,1789633724938373120,3812341055106222
2,0,354,1789633724938384384,3812341055114567
2,0,355,1789633724938395648,3812341055126007
2,0,356,1789633724938406912,3812341055137389
2,0,357,1789633724938418176,3812341055148765
2,0,358,1789633724938429440,3812341055160136
2,0,359,1789633724938440704,3812341055171488
2,0,360,1789633724938451968,3812341055182847
2,0,361,1789633724938464256,3812341055194227
2,0,362,1789633724938475520,3812341055205616
2,0,363,1789633724938486784,3812341055217008
2,0,364,1789633724938498048,3812341055228327
2,0,365,1789633724938509312,3812341055239774
2,0,366,1789633724938520576,3812341055251136
2,0,367,1789633724938531840,3812341055262531
2,0,368,1789633724938543104,3812341055273945
2,0,369,1789633724938555392,3812341055285314
2,0,370,1789633724938566656,3812341055296701
2,0,371,1789633724938577920,3812341055308045
2,0,372,1789633724938589184,3812341055319416
2,0,373,1789633724938600448,3812341055330796
2,0,374,1789633724938611712,3812341055342172
2,0,375,1789633724938622976,3812341055353593
2,0,376,1789633724938634240,3812341055364925
2,0,377,1789633724938645504,3812341055376327
2,0,378,1789633724938657792,3812341055387776
2,0,379,1789633724938669056,3812341055399176
2,0,380,1789633724938680320,3812341055410585
2,0,381,1789633724938691584,3812341055422016
2,0,382,1789633724938702848,3812341055433347
2,0,383,1789633724938714112,3812341055444845
2,0,384,1789633724938725376,3812341055456305
2,0,385,1789633724938737664,3812341055467681
2,0,386,1789633724938748928,3812341055479049
2,0,387,1789633724938760192,3812341055490436
2,0,388,1789633724938771456,3812341055501785
2,0,389,1789633724938782720,3812341055513134
2,0,390,1789633724938793984,3812341055524587
2,0,391,1789633724938805248,3812341055535956
2,0,392,1789633724938816512,3812341055547361
2,0,393,1789633724938828800,3812341055558736
2,0,394,1789633724938840064,3812341055570141
2,0,395,1789633724938851328,3812341055581494
2,0,396,1789633724938862592,3812341055592876
2,0,397,1789633724938873856,3812341055604245
2,0,398,1789633724938885120,3812341055615581
2,0,399,1789633724938896384,3812341055626956
2,0,400,1789633724938907648,3812341055638316
2,0,401,1789633724938918912,3812341055649667
2,0,402,1789633724938930176,3812341055661145
2,0,403,1789633724938942464,3812341055672505
2,0,404,1789633724938953728,3812341055683907
2,0,405,1789633724938964992,3812341055695285
2,0,406,1789633724938976256,3812341055706635
2,0,407,1789633724938987520,3812341055718014
2,0,408,1789633724938998784,3812341055729425
2,0,409,1789633724939010048,3812341055740796
2,0,410,1789633724939021312,3812341055752165
2,0,411,1789633724939033600,3812341055763545
2,0,412,1789633724939044864,3812341055774909
2,0,413,1789633724939056128,3812341055786276
2,0,414,1789633724939067392,3812341055797709
2,0,415,1789633724939078656,3812341055809071
2,0,416,1789633724939089920,3812341055820467
2,0,417,1789633724939101184,3812341055831845
2,0,418,1789633724939112448,3812341055843176
2,0,419,1789633724939123712,3812341055854585
2,0,420,1789633724939136000,3812341055865981
2,0,421,1789633724939147264,3812341055877381
2,0,422,1789633724939158528,3812341055888745
2,0,423,1789633724939169792,3812341055900116
2,0,424,1789633724939181056,3812341055911487
2,0,425,1789633724939192320,3812341055922865
2,0,426,1789633724939203584,3812341055934272
2,0,427,1789633724939214848,3812341055945609
2,0,428,1789633724939226112,3812341055956985
2,0,429,1789633724939238400,3812341055968387
2,0,430,1789633724939249664,3812341055979736
2,0,431,1789633724939260928,3812341055991105
2,0,432,1789633724939272192,3812341056002546
2,0,433,1789633724939283456,3812341056013894
2,0,434,1789633724939294720,3812341056025272
2,0,435,1789633724939305984,3812341056036636
2,0,436,1789633724939317248,3812341056048016
2,0,437,1789633724939328512,3812341056059345
2,0,438,1789633724939340800,3812341056070816
2,0,439,1789633724939352064,3812341056082176
2,0,440,1789633724939363328,3812341056093551
2,0,441,1789633724939374592,3812341056104932
2,0,442,1789633724939385856,3812341056116314
2,0,443,1789633724939397120,3812341056127689
2,0,444,1789633724939408384,3812341056139101
2,0,445,1789633724939419648,3812341056150476
2,0,446,1789633724939431936,3812341056161869
2,0,447,1789633724939443200,3812341056173256
2,0,448,1789633724939454464,3812341056184656
2,0,449,1789633724939465728,3812341056196001
2,0,450,1789633724939476992,3812341056207376
2,0,451,1789633724939488256,3812341056218752
2,0,452,1789633724939499520,3812341056230145
2,0,453,1789633724939510784,3812341056241545
2,0,454,1789633724939522048,3812341056252936
2,0,455,1789633724939534336,3812341056264305
2,0,456,1789633724939545600,3812341056275674
2,0,457,1789633724939556864,3812341056287016
2,0,458,1789633724939568128,3812341056298405
2,0,459,1789633724939579392,3812341056309753
2,0,460,1789633724939590656,3812341056321129
2,0,461,1789633724939601920,3812341056332494
2,0,462,1789633724939613184,3812341056343936
2,0,463,1789633724939624448,3812341056355309
2,0,464,1789633724939635712,3812341056366645
2,0,465,1789633724939648000,3812341056378045
2,0,466,1789633724939659264,3812341056389425
2,0,467,1789633724939670528,3812341056400756
2,0,468,1789633724939681792,3812341056412216
2,0,469,1789633724939693056,3812341056423576
2,0,470,1789633724939704320,3812341056434967
2,0,471,1789633724939715584,3812341056446356
2,0,472,1789633724939726848,3812341056457700
2,0,473,1789633724939738112,3812341056469047
2,0,474,1789633724939750400,3812341056480496
2,0,475,1789633724939761664,3812341056491896
2,0,476,1789633724939772928,3812341056503247
2,0,477,1789633724939784192,3812341056514687
2,0,478,1789633724939795456,3812341056526053
2,0,479,1789633724939806720,3812341056537436
2,0,480,1789633724939817984,3812341056548785
2,0,481,1789633724939830272,3812341056560167
2,0,482,1789633724939841536,3812341056571561
2,0,483,1789633724939852800,3812341056582915
2,0,484,1789633724939864064,3812341056594261
2,0,485,1789633724939875328,3812341056605656
2,0,486,1789633724939886592,3812341056617056
2,0,487,1789633724939897856,3812341056628404
2,0,488,1789633724939909120,3812341056639816
2,0,489,1789633724939920384,3812341056651185
2,0,490,1789633724939931648,3812341056662545
2,0,491,1789633724939943936,3812341056673908
2,0,492,1789633724939955200,3812341056685336
2,0,493,1789633724939966464,3812341056696687
2,0,494,1789633724939977728,3812341056708061
2,0,495,1789633724939988992,3812341056719427
2,0,496,1789633724940000256,3812341056730767
2,0,497,1789633724940011520,3812341056742155
2,0,498,1789633724940022784,3812341056753601
2,0,499,1789633724940034048,3812341056764996
2,0,500,1789633724940046336,3812341056776365
2,0,501,1789633724940057600,3812341056787703
2,0,502,1789633724940068864,3812341056799096
2,0,503,1789633724940080128,3812341056810476
2,0,504,1789633724940091392,3812341056821896
2,0,505,1789633724940102656,3812341056833316
2,0,506,1789633724940113920,3812341056844725
2,0,507,1789633724940125184,3812341056856107
2,0,508,1789633724940137472,3812341056867442
2,0,509,1789633724940148736,3812341056878838
2,0,510,1789633724940160000,3812341056890196
2,0,511,1789633724940171264,3812341056901545
2,0,512,1789633724940182528,3812341056912925
2,0,513,1789633724940193792,3812341056924325
2,0,514,1789633724940205056,3812341056935647
2,0,515,1789633724940216320,3812341056947009
2,0,516,1789633724940227584,3812341056958456
2,0,517,1789633724940239872,3812341056969816
2,0,518,1789633724940251136,3812341056981176
2,0,519,1789633724940262400,3812341056992596
2,0,520,1789633724940273664,3812341057003905
2,0,521,1789633724940284928,3812341057015268
2,0,522,1789633724940296192,3812341057026725
2,0,523,1789633724940307456,3812341057038065
2,0,524,1789633724940318720,3812341057049496
2,0,525,1789633724940329984,3812341057060831
2,0,526,1789633724940342272,3812341057072194
2,0,527,1789633724940353536,3812341057083545
2,0,528,1789633724940364800,3812341057095005
2,0,529,1789633724940376064,3812341057106373
2,0,530,1789633724940387328,3812341057117756
2,0,531,1789633724940398592,3812341057129165
2,0,532,1789633724940409856,3812341057140532
2,0,533,1789633724940421120,3812341057151867
2,0,534,1789633724940432384,3812341057163345
2,0,535,1789633724940444672,3812341057174665
2,0,536,1789633724940455936,3812341057186053
2,0,537,1789633724940467200,3812341057197436
2,0,538,1789633724940478464,3812341057208845
2,0,539,1789633724940489728,3812341057220181
2,0,540,1789633724940500992,3812341057231565
2,0,541,1789633724940512256,3812341057242934
2,0,542,1789633724940523520,3812341057254334
2,0,543,1789633724940534784,3812341057265725
2,0,544,1789633724940547072,3812341057277049
2,0,545,1789633724940558336,3812341057288369
2,0,546,1789633724940569600,3812341057299845
2,0,547,1789633724940580864,3812341057311214
2,0,548,1789633724940592128,3812341057322608
2,0,549,1789633724940603392,3812341057333969
2,0,550,1789633724940614656,3812341057346222
2,0,551,1789633724940625920,3812341057356705
2,0,552,1789633724940637184,3812341057368121
2,0,553,1789633724940649472,3812341057379496
2,0,554,1789633724940660736,3812341057390874
2,0,555,1789633724940672000,3812341057402256
2,0,556,1789633724940683264,3812341057413629
2,0,557,1789633724940694528,3812341057424956
2,0,558,1789633724940705792,3812341057436407
2,0,559,1789633724940717056,3812341057447696
2,0,560,1789633724940728320,3812341057459121
2,0,561,1789633724940739584,3812341057470516
2,0,562,1789633724940751872,3812341057481854
2,0,563,1789633724940763136,3812341057493238
2,0,564,1789633724940774400,3812341057504687
2,0,565,1789633724940785664,3812341057516051
2,0,566,1789633724940796928,3812341057527445
2,0,567,1789633724940808192,3812341057538816
2,0,568,1789633724940819456,3812341057550165
2,0,569,1789633724940830720,3812341057561527
2,0,570,1789633724940841984,3812341057572969
2,0,571,1789633724940854272,3812341057584361
2,0,572,1789633724940865536,3812341057595805
2,0,573,1789633724940876800,3812341057607195
2,0,574,1789633724940888064,3812341057618578
2,0,575,1789633724940899328,3812341057629956
2,0,576,1789633724940910592,3812341057641505
2,0,577,1789633724940922880,3812341057652948
2,0,578,1789633724940934144,3812341057664336
2,0,579,1789633724940945408,3812341057675705
2,0,580,1789633724940956672,3812341057687065
2,0,581,1789633724940967936,3812341057698420
2,0,582,1789633724940979200,3812341057709791
2,0,583,1789633724940990464,3812341057721229
2,0,584,1789633724941001728,3812341057732616
2,0,585,1789633724941014016,3812341057744005
2,0,586,1789633724941025280,3812341057755314
2,0,587,1789633724941036544,3812341057766685
2,0,588,1789633724941047808,3812341057778045
2,0,589,1789633724941059072,3812341057789507
2,0,590,1789633724941070336,3812341057800876
2,0,591,1789633724941081600,3812341057812267
2,0,592,1789633724941092864,3812341057823689
2,0,593,1789633724941104128,3812341057835056
2,0,594,1789633724941116416,3812341057846447
2,0,595,1789633724941127680,3812341057857781
2,0,596,1789633724941138944,3812341057869145
2,0,597,1789633724941150208,3812341057880516
2,0,598,1789633724941161472,3812341057892016
2,0,599,1789633724941172736,3812341057903354
2,0,600,1789633724941184000,3812341057914756
2,0,601,1789633724941195264,3812341057926301
2,0,602,1789633724941207552,3812341057937796
2,0,603,1789633724941218816,3812341057949125
2,0,604,1789633724941230080,3812341057960505
2,0,605,1789633724941241344,3812341057971914
2,0,606,1789633724941252608,3812341057983365
2,0,607,1789633724941263872,3812341057994705
2,0,608,1789633724941275136,3812341058006056
2,0,609,1789633724941287424,3812341058017405
2,0,610,1789633724941298688,3812341058028805
2,0,611,1789633724941309952,3812341058040225
2,0,612,1789633724941321216,3812341058051545
2,0,613,1789633724941332480,3812341058062905
2,0,614,1789633724941343744,3812341058074331
2,0,615,1789633724941355008,3812341058085696
2,0,616,1789633724941366272,3812341058097111
2,0,617,1789633724941378560,3812341058108527
2,0,618,1789633724941389824,3812341058119885
2,0,619,1789633724941401088,3812341058131274
2,0,620,1789633724941412352,3812341058142605
2,0,621,1789633724941423616,3812341058153976
2,0,622,1789633724941434880,3812341058165314
2,0,623,1789633724941446144,3812341058176705
2,0,624,1789633724941457408,3812341058188051
2,0,625,1789633724941468672,3812341058199435
2,0,626,1789633724941479936,3812341058210887
2,0,627,1789633724941492224,3812341058222196
2,0,628,1789633724941503488,3812341058233625
2,0,629,1789633724941514752,3812341058244995
2,0,630,1789633724941526016,3812341058256316
2,0,631,1789633724941537280,3812341058267685
2,0,632,1789633724941548544,3812341058279171
2,0,633,1789633724941559808,3812341058290543
2,0,634,1789633724941571072,3812341058301925
2,0,635,1789633724941582336,3812341058313356
2,0,636,1789633724941594624,3812341058324720
2,0,637,1789633724941605888,3812341058336035
2,0,638,1789633724941617152,3812341058347441
2,0,639,1789633724941628416,3812341058358821
2,0,640,1789633724941639680,3812341058370191
2,0,641,1789633724941650944,3812341058381531
2,0,642,1789633724941662208,3812341058392901
2,0,643,1789633724941673472,3812341058404276
2,0,644,1789633724941684736,3812341058415725
2,0,645,1789633724941697024,3812341058427114
2,0,646,1789633724941708288,3812341058438493
2,0,647,1789633724941719552,3812341058449867
2,0,648,1789633724941730816,3812341058461225
2,0,649,1789633724941742080,3812341058472547
2,0,650,1789633724941753344,3812341058484001
2,0,651,1789633724941764608,3812341058495374
2,0,652,1789633724941775872,3812341058506755
2,0,653,1789633724941788160,3812341058518136
2,0,654,1789633724941799424,3812341058529471
2,0,655,1789633724941810688,3812341058540876
2,0,656,1789633724941821952,3812341058552281
2,0,657,1789633724941833216,3812341058563651
2,0,658,1789633724941844480,3812341058575014
2,0,659,1789633724941855744,3812341058586345
2,0,660,1789633724941867008,3812341058597725
2,0,661,1789633724941878272,3812341058609076
2,0,662,1789633724941889536,3812341058620567
2,0,663,1789633724941901824,3812341058631905
2,0,664,1789633724941913088,3812341058643345
2,0,665,1789633724941924352,3812341058654711
2,0,666,1789633724941935616,3812341058666041
2,0,667,1789633724941946880,3812341058677465
2,0,668,1789633724941958144,3812341058688840
2,0,669,1789633724941969408,3812341058700189
2,0,670,1789633724941980672,3812341058711556
2,0,671,1789633724941991936,3812341058722936
2,0,672,1789633724942004224,3812341058734333
2,0,673,1789633724942015488,3812341058745665
2,0,674,1789633724942026752,3812341058757128
2,0,675,1789633724942038016,3812341058768485
2,0,676,1789633724942049280,3812341058779825
2,0,677,1789633724942060544,3812341058791216
2,0,678,1789633724942071808,3812341058802574
2,0,679,1789633724942083072,3812341058813925
2,0,680,1789633724942094336,3812341058825394
2,0,681,1789633724942106624,3812341058836751
2,0,682,1789633724942117888,3812341058848149
2,0,683,1789633724942129152,3812341058859555
2,0,684,1789633724942140416,3812341058870957
2,0,685,1789633724942151680,3812341058882300
2,0,686,1789633724942162944,3812341058893681
2,0,687,1789633724942174208,3812341058905033
2,0,688,1789633724942185472,3812341058916381
2,0,689,1789633724942197760,3812341058927776
2,0,690,1789633724942209024,3812341058939096
2,0,691,1789633724942220288,3812341058950469
2,0,692,1789633724942231552,3812341058962016
2,0,693,1789633724942242816,3812341058973345
2,0,694,1789633724942254080,3812341058984745
2,0,695,1789633724942265344,3812341058996161
2,0,696,1789633724942276608,3812341059007556
2,0,697,1789633724942288896,3812341059018876
2,0,698,1789633724942300160,3812341059030241
2,0,699,1789633724942311424,3812341059041605
2,0,700,1789633724942322688,3812341059052969
2,0,701,1789633724942333952,3812341059064368
2,0,702,1789633724942345216,3812341059075710
2,0,703,1789633724942356480,3812341059087096
2,0,704,1789633724942367744,3812341059098514
2,0,705,1789633724942379008,3812341059109881
2,0,706,1789633724942391296,3812341059121280
2,0,707,1789633724942402560,3812341059132685
2,0,708,1789633724942413824,3812341059144064
2,0,709,1789633724942425088,3812341059155400
2,0,710,1789633724942436352,3812341059166795
2,0,711,1789633724942447616,3812341059178158
2,0,712,1789633724942458880,3812341059189549
2,0,713,1789633724942470144,3812341059200936
2,0,714,1789633724942481408,3812341059212287
2,0,715,1789633724942492672,3812341059223624
2,0,716,1789633724942504960,3812341059235074
2,0,717,1789633724942516224,3812341059246436
2,0,718,1789633724942527488,3812341059257841
2,0,719,1789633724942538752,3812341059269227
2,0,720,1789633724942550016,3812341059280534
2,0,721,1789633724942561280,3812341059291894
2,0,722,1789633724942572544,3812341059303356
2,0,723,1789633724942583808,3812341059314725
2,0,724,1789633724942596096,3812341059326116
2,0,725,1789633724942607360,3812341059337515
2,0,726,1789633724942618624,3812341059348841
2,0,727,1789633724942629888,3812341059360205
2,0,728,1789633724942641152,3812341059371625
2,0,729,1789633724942652416,3812341059382985
2,0,730,1789633724942663680,3812341059394395
2,0,731,1789633724942674944,3812341059405771
2,0,732,1789633724942686208,3812341059417115
2,0,733,1789633724942698496,3812341059428505
2,0,734,1789633724942709760,3812341059439907
2,0,735,1789633724942721024,3812341059451305
2,0,736,1789633724942732288,3812341059462701
2,0,737,1789633724942743552,3812341059474056
2,0,738,1789633724942754816,3812341059485424
2,0,739,1789633724942766080,3812341059496816
2,0,740,1789633724942777344,3812341059508196
2,0,741,1789633724942788608,3812341059519544
2,0,742,1789633724942800896,3812341059530981
2,0,743,1789633724942812160,3812341059542345
2,0,744,1789633724942823424,3812341059553741
2,0,745,1789633724942834688,3812341059565105
2,0,746,1789633724942845952,3812341059576469
2,0,747,1789633724942857216,3812341059587847
2,0,748,1789633724942868480,3812341059599271
2,0,749,1789633724942879744,3812341059610638
2,0,750,1789633724942891008,3812341059622029
2,0,751,1789633724942903296,3812341059633359
2,0,752,1789633724942914560,3812341059644756
2,0,753,1789633724942925824,3812341059656100
2,0,754,1789633724942937088,3812341059667464
2,0,755,1789633724942948352,3812341059678847
2,0,756,1789633724942959616,3812341059690224
2,0,757,1789633724942970880,3812341059701584
2,0,758,1789633724942982144,3812341059713036
2,0,759,1789633724942994432,3812341059724431
2,0,760,1789633724943005696,3812341059735754
2,0,761,1789633724943016960,3812341059747136
2,0,762,1789633724943028224,3812341059758514
2,0,763,1789633724943039488,3812341059769845
2,0,764,1789633724943050752,3812341059781305
2,0,765,1789633724943062016,3812341059792665
2,0,766,1789633724943073280,3812341059803991
2,0,767,1789633724943084544,3812341059815416
2,0,768,1789633724943095808,3812341059826771
2,0,769,1789633724943108096,3812341059838155
2,0,770,1789633724943119360,3812341059849589
2,0,771,1789633724943130624,3812341059860956
2,0,772,1789633724943141888,3812341059872328
2,0,773,1789633724943153152,3812341059883734
2,0,774,1789633724943164416,3812341059895145
2,0,775,1789633724943175680,3812341059906474
2,0,776,1789633724943186944,3812341059917864
2,0,777,1789633724943199232,3812341059929230
2,0,778,1789633724943210496,3812341059940636
2,0,779,1789633724943221760,3812341059952027
2,0,780,1789633724943233024,3812341059963345
2,0,781,1789633724943244288,3812341059974716
2,0,782,1789633724943255552,3812341059986160
2,0,783,1789633724943266816,3812341059997525
2,0,784,1789633724943278080,3812341060008936
2,0,785,1789633724943289344,3812341060020281
2,0,786,1789633724943301632,3812341060031656
2,0,787,1789633724943312896,3812341060042996
2,0,788,1789633724943324160,3812341060054422
2,0,789,1789633724943335424,3812341060065785
2,0,790,1789633724943346688,3812341060077156
2,0,791,1789633724943357952,3812341060088547
2,0,792,1789633724943369216,3812341060099884
2,0,793,1789633724943380480,3812341060111211
2,0,794,1789633724943391744,3812341060122711
2,0,795,1789633724943404032,3812341060134105
2,0,796,1789633724943415296,3812341060145536
2,0,797,1789633724943426560,3812341060156945
2,0,798,1789633724943437824,3812341060168327
2,0,799,1789633724943449088,3812341060179661
2,0,800,1789633724943460352,3812341060191004
2,0,801,1789633724943471616,3812341060202427
2,0,802,1789633724943482880,3812341060213816
2,0,803,1789633724943495168,3812341060225236
2,0,804,1789633724943506432,3812341060236627
2,0,805,1789633724943517696,3812341060247965
2,0,806,1789633724943528960,3812341060259496
2,0,807,1789633724943540224,3812341060270961
2,0,808,1789633724943551488,3812341060282325
2,0,809,1789633724943562752,3812341060293694
2,0,810,1789633724943575040,3812341060305065
2,0,811,1789633724943586304,3812341060316373
2,0,812,1789633724943597568,3812341060327765
2,0,813,1789633724943608832,3812341060339244
2,0,814,1789633724943620096,3812341060350635
2,0,815,1789633724943631360,3812341060362036
2,0,816,1789633724943642624,3812341060373416
2,0,817,1789633724943653888,3812341060384796
2,0,818,1789633724943666176,3812341060396207
2,0,819,1789633724943677440,3812341060407760
2,0,820,1789633724943688704,3812341060419236
2,0,821,1789633724943699968,3812341060430609
2,0,822,1789633724943711232,3812341060442017
2,0,823,1789633724943722496,3812341060453361
2,0,824,1789633724943733760,3812341060464734
2,0,825,1789633724943746048,3812341060476094
2,0,826,1789633724943757312,3812341060487505
2,0,827,1789633724943768576,3812341060498854
2,0,828,1789633724943779840,3812341060510227
2,0,829,1789633724943791104,3812341060521616
2,0,830,1789633724943802368,3812341060532961
2,0,831,1789633724943813632,3812341060544331
2,0,832,1789633724943824896,3812341060555789
2,0,833,1789633724943836160,3812341060567149
2,0,834,1789633724943848448,3812341060578524
2,0,835,1789633724943859712,3812341060589931
2,0,836,1789633724943870976,3812341060601344
2,0,837,1789633724943882240,3812341060612756
2,0,838,1789633724943893504,3812341060624087
2,0,839,1789633724943904768,3812341060635525
2,0,840,1789633724943916032,3812341060646896
2,0,841,1789633724943927296,3812341060658330
2,0,842,1789633724943939584,3812341060669725
2,0,843,1789633724943950848,3812341060681087
2,0,844,1789633724943962112,3812341060692584
2,0,845,1789633724943973376,3812341060704051
2,0,846,1789633724943984640,3812341060715401
2,0,847,1789633724943995904,3812341060726825
2,0,848,1789633724944007168,3812341060738181
2,0,849,1789633724944019456,3812341060749564
2,0,850,1789633724944030720,3812341060760885
2,0,851,1789633724944041984,3812341060772336
2,0,852,1789633724944053248,3812341060783705
2,0,853,1789633724944064512,3812341060795075
2,0,854,1789633724944075776,3812341060806481
2,0,855,1789633724944087040,3812341060817795
2,0,856,1789633724944098304,3812341060829187
2,0,857,1789633724944109568,3812341060840605
2,0,858,1789633724944121856,3812341060852016
2,0,859,1789633724944133120,3812341060863381
2,0,860,1789633724944144384,3812341060874784
2,0,861,1789633724944155648,3812341060886185
2,0,862,1789633724944166912,3812341060897500
2,0,863,1789633724944178176,3812341060908885
2,0,864,1789633724944189440,3812341060920265
2,0,865,1789633724944200704,3812341060931656
2,0,866,1789633724944212992,3812341060943067
2,0,867,1789633724944224256,3812341060954444
2,0,868,1789633724944235520,3812341060965805
2,0,869,1789633724944246784,3812341060977165
2,0,870,1789633724944258048,3812341060988536
2,0,871,1789633724944269312,3812341060999914
2,0,872,1789633724944280576,3812341061011275
2,0,873,1789633724944291840,3812341061022640
2,0,874,1789633724944303104,3812341061033969
2,0,875,1789633724944314368,3812341061045440
2,0,876,1789633724944326656,3812341061056836
2,0,877,1789633724944337920,3812341061068217
2,0,878,1789633724944349184,3812341061079607
2,0,879,1789633724944360448,3812341061090945
2,0,880,1789633724944371712,3812341061102256
2,0,881,1789633724944382976,3812341061113724
2,0,882,1789633724944394240,3812341061125116
2,0,883,1789633724944405504,3812341061136516
2,0,884,1789633724944417792,3812341061147907
2,0,885,1789633724944429056,3812341061159236
2,0,886,1789633724944440320,3812341061170591
2,0,887,1789633724944451584,3812341061182016
2,0,888,1789633724944462848,3812341061193396
2,0,889,1789633724944474112,3812341061204776
2,0,890,1789633724944485376,3812341061216107
2,0,891,1789633724944496640,3812341061227447
2,0,892,1789633724944507904,3812341061238787
2,0,893,1789633724944519168,3812341061250289
2,0,894,1789633724944531456,3812341061261647
2,0,895,1789633724944542720,3812341061273020
2,0,896,1789633724944553984,3812341061284373
2,0,897,1789633724944565248,3812341061295707
2,0,898,1789633724944576512,3812341061307081
2,0,899,1789633724944587776,3812341061318571
2,0,900,1789633724944599040,3812341061330016
2,0,901,1789633724944611328,3812341061341356
2,0,902,1789633724944622592,3812341061352693
2,0,903,1789633724944633856,3812341061364116
2,0,904,1789633724944645120,3812341061375529
2,0,905,1789633724944656384,3812341061386905
2,0,906,1789633724944667648,3812341061398234
2,0,907,1789633724944678912,3812341061409616
2,0,908,1789633724944690176,3812341061420989
2,0,909,1789633724944701440,3812341061432394
2,0,910,1789633724944713728,3812341061443784
2,0,911,1789633724944724992,3812341061455140
2,0,912,1789633724944736256,3812341061466476
2,0,913,1789633724944747520,3812341061477880
2,0,914,1789633724944758784,3812341061489276
2,0,915,1789633724944770048,3812341061500676
2,0,916,1789633724944781312,3812341061512025
2,0,917,1789633724944792576,3812341061523398
2,0,918,1789633724944803840,3812341061534755
2,0,919,1789633724944815104,3812341061546115
2,0,920,1789633724944827392,3812341061557534
2,0,921,1789633724944838656,3812341061568854
2,0,922,1789633724944849920,3812341061580260
2,0,923,1789633724944861184,3812341061591674
2,0,924,1789633724944872448,3812341061603036
2,0,925,1789633724944883712,3812341061614405
2,0,926,1789633724944894976,3812341061625776
2,0,927,1789633724944906240,3812341061637140
2,0,928,1789633724944917504,3812341061648464
2,0,929,1789633724944929792,3812341061659967
2,0,930,1789633724944941056,3812341061671275
2,0,931,1789633724944952320,3812341061682615
2,0,932,1789633724944963584,3812341061694047
2,0,933,1789633724944974848,3812341061705396
2,0,934,1789633724944986112,3812341061716774
2,0,935,1789633724944997376,3812341061728236
2,0,936,1789633724945008640,3812341061739600
2,0,937,1789633724945020928,3812341061750995
2,0,938,1789633724945032192,3812341061762356
2,0,939,1789633724945043456,3812341061773716
2,0,940,1789633724945054720,3812341061785065
2,0,941,1789633724945065984,3812341061796516
2,0,942,1789633724945077248,3812341061807880
2,0,943,1789633724945088512,3812341061819244
2,0,944,1789633724945099776,3812341061830645
2,0,945,1789633724945111040,3812341061842016
2,0,946,1789633724945123328,3812341061853384
2,0,947,1789633724945134592,3812341061864791
2,0,948,1789633724945145856,3812341061876171
2,0,949,1789633724945157120,3812341061887556
2,0,950,1789633724945168384,3812341061898936
2,0,951,1789633724945179648,3812341061910307
2,0,952,1789633724945190912,3812341061921651
2,0,953,1789633724945202176,3812341061933076
2,0,954,1789633724945213440,3812341061944440
2,0,955,1789633724945225728,3812341061955816
2,0,956,1789633724945236992,3812341061967205
2,0,957,1789633724945248256,3812341061978580
2,0,958,1789633724945259520,3812341061989936
2,0,959,1789633724945270784,3812341062001356
2,0,960,1789633724945282048,3812341062012720
2,0,961,1789633724945293312,3812341062024127
2,0,962,1789633724945304576,3812341062035554
2,0,963,1789633724945316864,3812341062046941
2,0,964,1789633724945328128,3812341062058269
2,0,965,1789633724945339392,3812341062069634
2,0,966,1789633724945350656,3812341062081016
2,0,967,1789633724945361920,3812341062092409
2,0,968,1789633724945373184,3812341062103805
2,0,969,1789633724945384448,3812341062115191
2,0,970,1789633724945395712,3812341062126536
2,0,971,1789633724945406976,3812341062137916
2,0,972,1789633724945418240,3812341062149284
2,0,973,1789633724945430528,3812341062160696
2,0,974,1789633724945441792,3812341062172091
2,0,975,1789633724945453056,3812341062183430
2,0,976,1789633724945464320,3812341062194787
2,0,977,1789633724945475584,3812341062206187
2,0,978,1789633724945486848,3812341062217554
2,0,979,1789633724945498112,3812341062228910
2,0,980,1789633724945509376,3812341062240300
2,0,981,1789633724945520640,3812341062251629
2,0,982,1789633724945532928,3812341062263025
2,0,983,1789633724945544192,3812341062274467
2,0,984,1789633724945555456,3812341062285831
2,0,985,1789633724945566720,3812341062297214
2,0,986,1789633724945577984,3812341062308585
2,0,987,1789633724945589248,3812341062319944
2,0,988,1789633724945600512,3812341062331305
2,0,989,1789633724945611776,3812341062342756
2,0,990,1789633724945624064,3812341062354144
2,0,991,1789633724945635328,3812341062365544
2,0,992,1789633724945646592,3812341062376927
2,0,993,1789633724945657856,3812341062388249
2,0,994,1789633724945669120,3812341062399611
2,0,995,1789633724945680384,3812341062411025
2,0,996,1789633724945691648,3812341062422390
2,0,997,1789633724945702912,3812341062433755
2,0,998,1789633724945714176,3812341062445065
2,0,999,1789633724945725440,3812341062456416
2,0,1000,1789633724945737728,3812341062467820
2,0,1001,1789633724945748992,3812341062479307
2,0,1002,1789633724945760256,3812341062490696
2,0,1003,1789633724945771520,3812341062502064
2,0,1004,1789633724945782784,3812341062513460
2,0,1005,1789633724945794048,3812341062524865
2,0,1006,1789633724945805312,3812341062536236
2,0,1007,1789633724945817600,3812341062547635
2,0,1008,1789633724945828864,3812341062558948
2,0,1009,1789633724945840128,3812341062570296
2,0,1010,1789633724945851392,3812341062581680
2,0,1011,1789633724945862656,3812341062593041
2,0,1012,1789633724945873920,3812341062604409
2,0,1013,1789633724945885184,3812341062615867
2,0,1014,1789633724945896448,3812341062627187
2,0,1015,1789633724945907712,3812341062638544
2,0,1016,1789633724945918976,3812341062649911
2,0,1017,1789633724945931264,3812341062661296
2,0,1018,1789633724945942528,3812341062672677
2,0,1019,1789633724945953792,3812341062684145
2,0,1020,1789633724945965056,3812341062695528
2,0,1021,1789633724945976320,3812341062706900
2,0,1022,1789633724945987584,3812341062718296
2,0,1023,1789633724945998848,3812341062729641
2,0,1024,1789633724946010112,3812341062741009
2,0,1025,1789633724946021376,3812341062752420
2,0,1026,1789633724946033664,3812341062763773
2,0,1027,1789633724946044928,3812341062775164
2,0,1028,1789633724946056192,3812341062786544
2,0,1029,1789633724946067456,3812341062797907
2,0,1030,1789633724946078720,3812341062809260
2,0,1031,1789633724946089984,3812341062820710
2,0,1032,1789633724946101248,3812341062832056
2,0,1033,1789633724946112512,3812341062843393
2,0,1034,1789633724946123776,3812341062854795
2,0,1035,1789633724946136064,3812341062866136
2,0,1036,1789633724946147328,3812341062877496
2,0,1037,1789633724946158592,3812341062888984
2,0,1038,1789633724946169856,3812341062900369
2,0,1039,1789633724946181120,3812341062911767
2,0,1040,1789633724946192384,3812341062923147
2,0,1041,1789633724946203648,3812341062934570
2,0,1042,1789633724946214912,3812341062945905
2,0,1043,1789633724946227200,3812341062957265
2,0,1044,1789633724946238464,3812341062968616
2,0,1045,1789633724946249728,3812341062980011
2,0,1046,1789633724946260992,3812341062991407
2,0,1047,1789633724946272256,3812341063002724
2,0,1048,1789633724946283520,3812341063014096
2,0,1049,1789633724946294784,3812341063025547
2,0,1050,1789633724946306048,3812341063036929
2,0,1051,1789633724946317312,3812341063048329
2,0,1052,1789633724946329600,3812341063059707
2,0,1053,1789633724946340864,3812341063071110
2,0,1054,1789633724946352128,3812341063082476
2,0,1055,1789633724946363392,3812341063093813
2,0,1056,1789633724946374656,3812341063105185
2,0,1057,1789633724946385920,3812341063116584
2,0,1058,1789633724946397184,3812341063127976
2,0,1059,1789633724946408448,3812341063139309
2,0,1060,1789633724946419712,3812341063150687
2,0,1061,1789633724946432000,3812341063162089
2,0,1062,1789633724946443264,3812341063173460
2,0,1063,1789633724946454528,3812341063184833
2,0,1064,1789633724946465792,3812341063196180
2,0,1065,1789633724946477056,3812341063207536
2,0,1066,1789633724946488320,3812341063218896
2,0,1067,1789633724946499584,3812341063230389
2,0,1068,1789633724946510848,3812341063241736
2,0,1069,1789633724946522112,3812341063253115
2,0,1070,1789633724946534400,3812341063264509
2,0,1071,1789633724946545664,3812341063275840
2,0,1072,1789633724946556928,3812341063287213
2,0,1073,1789633724946568192,3812341063298650
2,0,1074,1789633724946579456,3812341063309969
2,0,1075,1789633724946590720,3812341063321405
2,0,1076,1789633724946601984,3812341063332765
2,0,1077,1789633724946613248,3812341063344131
2,0,1078,1789633724946624512,3812341063355533
2,0,1079,1789633724946636800,3812341063366936
2,0,1080,1789633724946648064,3812341063378300
2,0,1081,1789633724946659328,3812341063389684
2,0,1082,1789633724946670592,3812341063401040
2,0,1083,1789633724946681856,3812341063412390
2,0,1084,1789633724946693120,3812341063423736
2,0,1085,1789633724946704384,3812341063435216
2,0,1086,1789633724946715648,3812341063446565
2,0,1087,1789633724946726912,3812341063457947
2,0,1088,1789633724946739200,3812341063469256
2,0,1089,1789633724946750464,3812341063480613
2,0,1090,1789633724946761728,3812341063492020
2,0,1091,1789633724946772992,3812341063503496
2,0,1092,1789633724946784256,3812341063514865
2,0,1093,1789633724946795520,3812341063526200
2,0,1094,1789633724946806784,3812341063537545
2,0,1095,1789633724946818048,3812341063548945
2,0,1096,1789633724946829312,3812341063560293
2,0,1097,1789633724946841600,3812341063571769
2,0,1098,1789633724946852864,3812341063583133
2,0,1099,1789633724946864128,3812341063594480
2,0,1100,1789633724946875392,3812341063605865
2,0,1101,1789633724946886656,3812341063617216
2,0,1102,1789633724946897920,3812341063628605
2,0,1103,1789633724946909184,3812341063640056
2,0,1104,1789633724946920448,3812341063651413
2,0,1105,1789633724946932736,3812341063662813
2,0,1106,1789633724946944000,3812341063674173
2,0,1107,1789633724946955264,3812341063685616
2,0,1108,1789633724946966528,3812341063696973
2,0,1109,1789633724946977792,3812341063708340
2,0,1110,1789633724946989056,3812341063719705
2,0,1111,1789633724947000320,3812341063731047
2,0,1112,1789633724947011584,3812341063742433
2,0,1113,1789633724947022848,3812341063753776
2,0,1114,1789633724947034112,3812341063765165
2,0,1115,1789633724947046400,3812341063776616
2,0,1116,1789633724947057664,3812341063787980
2,0,1117,1789633724947068928,3812341063799364
2,0,1118,1789633724947080192,3812341063810725
2,0,1119,1789633724947091456,3812341063822090
2,0,1120,1789633724947102720,3812341063833437
2,0,1121,1789633724947113984,3812341063844888
2,0,1122,1789633724947125248,3812341063856216
2,0,1123,1789633724947136512,3812341063867545
2,0,1124,1789633724947148800,3812341063878985
2,0,1125,1789633724947160064,3812341063890325
2,0,1126,1789633724947171328,3812341063901707
2,0,1127,1789633724947182592,3812341063913176
2,0,1128,1789633724947193856,3812341063924540
2,0,1129,1789633724947205120,3812341063935936
2,0,1130,1789633724947216384,3812341063947287
2,0,1131,1789633724947227648,3812341063958667
2,0,1132,1789633724947239936,3812341063969985
2,0,1133,1789633724947251200,3812341063981284
2,0,1134,1789633724947262464,3812341063992676
2,0,1135,1789633724947273728,3812341064004056
2,0,1136,1789633724947284992,3812341064015444
2,0,1137,1789633724947296256,3812341064026776
2,0,1138,1789633724947307520,3812341064038256
2,0,1139,1789633724947318784,3812341064049724
2,0,1140,1789633724947330048,3812341064066224
2,0,1141,1789633724947342336,3812341064072480
2,0,1142,1789633724947353600,3812341064083843
2,0,1143,1789633724947364864,3812341064095189
2,0,1144,1789633724947376128,3812341064106531
2,0,1145,1789633724947387392,3812341064118016
2,0,1146,1789633724947398656,3812341064129363
2,0,1147,1789633724947409920,3812341064140713
2,0,1148,1789633724947421184,3812341064152106
2,0,1149,1789633724947432448,3812341064163473
2,0,1150,1789633724947444736,3812341064174825
2,0,1151,1789633724947456000,3812341064186284
2,0,1152,1789633724947467264,3812341064197684
2,0,1153,1789633724947478528,3812341064209076
2,0,1154,1789633724947489792,3812341064220446
2,0,1155,1789633724947501056,3812341064231833
2,0,1156,1789633724947512320,3812341064243180
2,0,1157,1789633724947523584,3812341064254565
2,0,1158,1789633724947535872,3812341064265964
2,0,1159,1789633724947547136,3812341064277324
2,0,1160,1789633724947558400,3812341064288656
2,0,1161,1789633724947569664,3812341064300016
2,0,1162,1789633724947580928,3812341064311366
2,0,1163,1789633724947592192,3812341064322848
2,0,1164,1789633724947603456,3812341064334216
2,0,1165,1789633724947614720,3812341064345596
2,0,1166,1789633724947625984,3812341064356940
2,0,1167,1789633724947637248,3812341064368256
2,0,1168,1789633724947649536,3812341064379646
2,0,1169,1789633724947660800,3812341064391125
2,0,1170,1789633724947672064,3812341064402505
2,0,1171,1789633724947683328,3812341064413913
2,0,1172,1789633724947694592,3812341064425285
2,0,1173,1789633724947705856,3812341064436673
2,0,1174,1789633724947717120,3812341064448045
2,0,1175,1789633724947728384,3812341064459426
2,0,1176,1789633724947740672,3812341064470756
2,0,1177,1789633724947751936,3812341064482086
2,0,1178,1789633724947763200,3812341064493449
2,0,1179,1789633724947774464,3812341064504769
2,0,1180,1789633724947785728,3812341064516205
2,0,1181,1789633724947796992,3812341064527680
2,0,1182,1789633724947808256,3812341064539045
2,0,1183,1789633724947819520,3812341064550406
2,0,1184,1789633724947830784,3812341064561776
2,0,1185,1789633724947843072,3812341064573173
2,0,1186,1789633724947854336,3812341064584569
2,0,1187,1789633724947865600,3812341064595964
2,0,1188,1789633724947876864,3812341064607326
2,0,1189,1789633724947888128,3812341064618696
2,0,1190,1789633724947899392,3812341064630086
2,0,1191,1789633724947910656,3812341064641425
2,0,1192,1789633724947921920,3812341064652820
2,0,1193,1789633724947933184,3812341064664231
2,0,1194,1789633724947945472,3812341064675605
2,0,1195,1789633724947956736,3812341064687005
2,0,1196,1789633724947968000,3812341064698356
2,0,1197,1789633724947979264,3812341064709745
2,0,1198,1789633724947990528,3812341064721120
2,0,1199,1789633724948001792,3812341064732511
2,0,1200,1789633724948013056,3812341064743826
2,0,1201,1789633724948024320,3812341064755216
2,0,1202,1789633724948035584,3812341064766624
2,0,1203,1789633724948047872,3812341064777971
2,0,1204,1789633724948059136,3812341064789356
2,0,1205,1789633724948070400,3812341064800807
2,0,1206,1789633724948081664,3812341064812144
2,0,1207,1789633724948092928,3812341064823524
2,0,1208,1789633724948104192,3812341064834896
2,0,1209,1789633724948115456,3812341064846286
2,0,1210,1789633724948126720,3812341064857624
2,0,1211,1789633724948137984,3812341064869075
2,0,1212,1789633724948150272,3812341064880394
2,0,1213,1789633724948161536,3812341064891764
2,0,1214,1789633724948172800,3812341064903136
2,0,1215,1789633724948184064,3812341064914505
2,0,1216,1789633724948195328,3812341064925885
2,0,1217,1789633724948206592,3812341064937360
2,0,1218,1789633724948217856,3812341064948731
2,0,1219,1789633724948229120,3812341064960124
2,0,1220,1789633724948241408,3812341064971513
2,0,1221,1789633724948252672,3812341064982890
2,0,1222,1789633724948263936,3812341064994213
2,0,1223,1789633724948275200,3812341065005631
2,0,1224,1789633724948286464,3812341065016991
2,0,1225,1789633724948297728,3812341065028345
2,0,1226,1789633724948308992,3812341065039736
2,0,1227,1789633724948320256,3812341065051056
2,0,1228,1789633724948331520,3812341065062444
2,0,1229,1789633724948342784,3812341065073915
2,0,1230,1789633724948355072,3812341065085265
2,0,1231,1789633724948366336,3812341065096674
2,0,1232,1789633724948377600,3812341065108013
2,0,1233,1789633724948388864,3812341065119389
2,0,1234,1789633724948400128,3812341065130733
2,0,1235,1789633724948411392,3812341065142205
2,0,1236,1789633724948422656,3812341065153585
2,0,1237,1789633724948433920,3812341065164930
2,0,1238,1789633724948446208,3812341065176336
2,0,1239,1789633724948457472,3812341065187640
2,0,1240,1789633724948468736,3812341065199025
2,0,1241,1789633724948480000,3812341065210473
2,0,1242,1789633724948491264,3812341065221849
2,0,1243,1789633724948502528,3812341065233356
2,0,1244,1789633724948513792,3812341065244736
2,0,1245,1789633724948525056,3812341065256109
2,0,1246,1789633724948537344,3812341065267484
2,0,1247,1789633724948548608,3812341065279000
2,0,1248,1789633724948559872,3812341065290456
2,0,1249,1789633724948571136,3812341065301844
2,0,1250,1789633724948582400,3812341065313218
2,0,1251,1789633724948593664,3812341065324603
2,0,1252,1789633724948604928,3812341065335964
2,0,1253,1789633724948617216,3812341065347356
2,0,1254,1789633724948628480,3812341065358745
2,0,1255,1789633724948639744,3812341065370120
2,0,1256,1789633724948651008,3812341065381484
2,0,1257,1789633724948662272,3812341065392869
2,0,1258,1789633724948673536,3812341065404220
2,0,1259,1789633724948684800,3812341065415544
2,0,1260,1789633724948696064,3812341065427018
2,0,1261,1789633724948707328,3812341065438390
2,0,1262,1789633724948719616,3812341065449784
2,0,1263,1789633724948730880,3812341065461159
2,0,1264,1789633724948742144,3812341065472496
2,0,1265,1789633724948753408,3812341065483886
2,0,1266,1789633724948764672,3812341065495299
2,0,1267,1789633724948775936,3812341065506665
2,0,1268,1789633724948787200,3812341065517976
2,0,1269,1789633724948798464,3812341065529340
2,0,1270,1789633724948809728,3812341065540715
2,0,1271,1789633724948820992,3812341065552096
2,0,1272,1789633724948833280,3812341065563570
2,0,1273,1789633724948844544,3812341065578240
2,0,1274,1789633724948855808,3812341065586313
2,0,1275,1789633724948867072,3812341065597680
2,0,1276,1789633724948878336,3812341065609036
2,0,1277,1789633724948889600,3812341065620405
2,0,1278,1789633724948900864,3812341065631853
2,0,1279,1789633724948913152,3812341065643246
2,0,1280,1789633724948924416,3812341065654595
2,0,1281,1789633724948935680,3812341065665984
2,0,1282,1789633724948946944,3812341065677350
2,0,1283,1789633724948958208,3812341065688716
2,0,1284,1789633724948969472,3812341065700146
2,0,1285,1789633724948980736,3812341065711444
2,0,1286,1789633724948992000,3812341065722779
2,0,1287,1789633724949003264,3812341065734188
2,0,1288,1789633724949014528,3812341065745555
2,0,1289,1789633724949026816,3812341065756945
2,0,1290,1789633724949038080,3812341065768416
2,0,1291,1789633724949049344,3812341065779768
2,0,1292,1789633724949060608,3812341065791171
2,0,1293,1789633724949071872,3812341065802545
2,0,1294,1789633724949083136,3812341065813980
2,0,1295,1789633724949094400,3812341065825305
2,0,1296,1789633724949105664,3812341065836696
2,0,1297,1789633724949117952,3812341065848056
2,0,1298,1789633724949129216,3812341065859434
2,0,1299,1789633724949140480,3812341065870845
2,0,1300,1789633724949151744,3812341065882241
2,0,1301,1789633724949163008,3812341065893640
2,0,1302,1789633724949174272,3812341065904989
2,0,1303,1789633724949185536,3812341065916333
2,0,1304,1789633724949196800,3812341065927726
2,0,1305,1789633724949208064,3812341065939105
2,0,1306,1789633724949220352,3812341065950496
2,0,1307,1789633724949231616,3812341065961866
2,0,1308,1789633724949242880,3812341065973256
2,0,1309,1789633724949254144,3812341065984620
2,0,1310,1789633724949265408,3812341065995973
2,0,1311,1789633724949276672,3812341066007391
2,0,1312,1789633724949287936,3812341066018706
2,0,1313,1789633724949299200,3812341066030013
2,0,1314,1789633724949310464,3812341066041536
2,0,1315,1789633724949322752,3812341066052896
2,0,1316,1789633724949334016,3812341066064293
2,0,1317,1789633724949345280,3812341066075664
2,0,1318,1789633724949356544,3812341066087006
2,0,1319,1789633724949367808,3812341066098346
2,0,1320,1789633724949379072,3812341066109805
2,0,1321,1789633724949390336,3812341066121186
2,0,1322,1789633724949401600,3812341066132536
2,0,1323,1789633724949412864,3812341066143930
2,0,1324,1789633724949425152,3812341066155260
2,0,1325,1789633724949436416,3812341066166606
2,0,1326,1789633724949447680,3812341066178076
2,0,1327,1789633724949458944,3812341066189440
2,0,1328,1789633724949470208,3812341066200830
2,0,1329,1789633724949481472,3812341066212222
2,0,1330,1789633724949492736,3812341066223549
2,0,1331,1789633724949504000,3812341066234906
2,0,1332,1789633724949515264,3812341066246372
2,0,1333,1789633724949527552,3812341066257736
2,0,1334,1789633724949538816,3812341066269101
2,0,1335,1789633724949550080,3812341066280512
2,0,1336,1789633724949561344,3812341066291869
2,0,1337,1789633724949572608,3812341066306222
2,0,1338,1789633724949583872,3812341066314644
2,0,1339,1789633724949595136,3812341066325996
2,0,1340,1789633724949606400,3812341066337396
2,0,1341,1789633724949617664,3812341066348746
2,0,1342,1789633724949629952,3812341066360104
2,0,1343,1789633724949641216,3812341066371476
2,0,1344,1789633724949652480,3812341066382926
2,0,1345,1789633724949663744,3812341066394310
2,0,1346,1789633724949675008,3812341066405678
2,0,1347,1789633724949686272,3812341066417030
2,0,1348,1789633724949697536,3812341066428406
2,0,1349,1789633724949708800,3812341066439746
2,0,1350,1789633724949720064,3812341066451199
2,0,1351,1789633724949732352,3812341066462559
2,0,1352,1789633724949743616,3812341066473937
2,0,1353,1789633724949754880,3812341066485319
2,0,1354,1789633724949766144,3812341066496636
2,0,1355,1789633724949777408,3812341066508010
2,0,1356,1789633724949788672,3812341066519482
2,0,1357,1789633724949799936,3812341066530848
2,0,1358,1789633724949811200,3812341066542190
2,0,1359,1789633724949822464,3812341066553576
2,0,1360,1789633724949834752,3812341066564960
2,0,1361,1789633724949846016,3812341066576320
2,0,1362,1789633724949857280,3812341066587756
2,0,1363,1789633724949868544,3812341066599118
2,0,1364,1789633724949879808,3812341066610489
2,0,1365,1789633724949891072,3812341066621860
2,0,1366,1789633724949902336,3812341066633352
2,0,1367,1789633724949913600,3812341066644702
2,0,1368,1789633724949925888,3812341066656040
2,0,1369,1789633724949937152,3812341066667384
2,0,1370,1789633724949948416,3812341066678728
2,0,1371,1789633724949959680,3812341066690129
2,0,1372,1789633724949970944,3812341066701489
2,0,1373,1789633724949982208,3812341066712839
2,0,1374,1789633724949993472,3812341066724314
2,0,1375,1789633724950004736,3812341066735679
2,0,1376,1789633724950016000,3812341066747029
2,0,1377,1789633724950028288,3812341066758399
2,0,1378,1789633724950039552,3812341066769762
2,0,1379,1789633724950050816,3812341066781115
2,0,1380,1789633724950062080,3812341066792592
2,0,1381,1789633724950073344,3812341066803969
2,0,1382,1789633724950084608,3812341066815367
2,0,1383,1789633724950095872,3812341066826755
2,0,1384,1789633724950107136,3812341066838145
2,0,1385,1789633724950118400,3812341066849505
2,0,1386,1789633724950130688,3812341066860865
2,0,1387,1789633724950141952,3812341066872189
2,0,1388,1789633724950153216,3812341066883549
2,0,1389,1789633724950164480,3812341066894975
2,0,1390,1789633724950175744,3812341066906359
2,0,1391,1789633724950187008,3812341066917732
2,0,1392,1789633724950198272,3812341066929159
2,0,1393,1789633724950209536,3812341066940519
2,0,1394,1789633724950220800,3812341066951899
2,0,1395,1789633724950233088,3812341066963354
2,0,1396,1789633724950244352,3812341066974759
2,0,1397,1789633724950255616,3812341066986099
2,0,1398,1789633724950266880,3812341066997458
2,0,1399,1789633724950278144,3812341067008825
2,0,1400,1789633724950289408,3812341067020185
2,0,1401,1789633724950300672,3812341067031588
2,0,1402,1789633724950311936,3812341067042918
2,0,1403,1789633724950323200,3812341067054234
2,0,1404,1789633724950335488,3812341067065705
2,0,1405,1789633724950346752,3812341067077085
2,0,1406,1789633724950358016,3812341067088499
2,0,1407,1789633724950369280,3812341067099849
2,0,1408,1789633724950380544,3812341067111202
2,0,1409,1789633724950391808,3812341067122527
2,0,1410,1789633724950403072,3812341067133989
2,0,1411,1789633724950414336,3812341067145342
2,0,1412,1789633724950425600,3812341067156688
2,0,1413,1789633724950437888,3812341067168095
2,0,1414,1789633724950449152,3812341067179407
2,0,1415,1789633724950460416,3812341067190799
2,0,1416,1789633724950471680,3812341067202268
2,0,1417,1789633724950482944,3812341067213665
2,0,1418,1789633724950494208,3812341067225047
2,0,1419,1789633724950505472,3812341067236427
2,0,1420,1789633724950516736,3812341067247816
2,0,1421,1789633724950529024,3812341067259174
2,0,1422,1789633724950540288,3812341067270548
2,0,1423,1789633724950551552,3812341067281898
2,0,1424,1789633724950562816,3812341067293338
2,0,1425,1789633724950574080,3812341067304718
2,0,1426,1789633724950585344,3812341067316027
2,0,1427,1789633724950596608,3812341067327358
2,0,1428,1789633724950607872,3812341067338825
2,0,1429,1789633724950619136,3812341067350174
2,0,1430,1789633724950631424,3812341067361594
2,0,1431,1789633724950642688,3812341067372979
2,0,1432,1789633724950653952,3812341067384283
2,0,1433,1789633724950665216,3812341067395629
2,0,1434,1789633724950676480,3812341067407107
2,0,1435,1789633724950687744,3812341067418499
2,0,1436,1789633724950699008,3812341067429862
2,0,1437,1789633724950710272,3812341067441247
2,0,1438,1789633724950721536,3812341067452585
2,0,1439,1789633724950733824,3812341067463934
2,0,1440,1789633724950745088,3812341067475388
2,0,1441,1789633724950756352,3812341067486749
2,0,1442,1789633724950767616,3812341067498167
2,0,1443,1789633724950778880,3812341067509542
2,0,1444,1789633724950790144,3812341067520879
2,0,1445,1789633724950801408,3812341067532209
2,0,1446,1789633724950812672,3812341067543658
2,0,1447,1789633724950823936,3812341067555016
2,0,1448,1789633724950836224,3812341067566385
2,0,1449,1789633724950847488,3812341067577752
2,0,1450,1789633724950858752,3812341067589114
2,0,1451,1789633724950870016,3812341067600470
2,0,1452,1789633724950881280,3812341067612009
2,0,1453,1789633724950892544,3812341067623334
2,0,1454,1789633724950903808,3812341067634728
2,0,1455,1789633724950915072,3812341067646129
2,0,1456,1789633724950927360,3812341067657499
2,0,1457,1789633724950938624,3812341067668869
2,0,1458,1789633724950949888,3812341067680218
2,0,1459,1789633724950961152,3812341067691578
2,0,1460,1789633724950972416,3812341067702934
2,0,1461,1789633724950983680,3812341067714309
2,0,1462,1789633724950994944,3812341067725654
2,0,1463,1789633724951006208,3812341067737014
2,0,1464,1789633724951017472,3812341067748499
2,0,1465,1789633724951028736,3812341067759865
2,0,1466,1789633724951041024,3812341067771219
2,0,1467,1789633724951052288,3812341067782609
2,0,1468,1789633724951063552,3812341067794018
2,0,1469,1789633724951074816,3812341067805369
2,0,1470,1789633724951086080,3812341067816779
2,0,1471,1789633724951097344,3812341067828138
2,0,1472,1789633724951108608,3812341067839509
2,0,1473,1789633724951119872,3812341067850874
2,0,1474,1789633724951131136,3812341067862247
2,0,1475,1789633724951143424,3812341067873618
2,0,1476,1789633724951154688,3812341067885054
2,0,1477,1789633724951165952,3812341067896411
2,0,1478,1789633724951177216,3812341067907818
2,0,1479,1789633724951188480,3812341067919199
2,0,1480,1789633724951199744,3812341067930612
2,0,1481,1789633724951211008,3812341067942009
2,0,1482,1789633724951222272,3812341067953334
2,0,1483,1789633724951233536,3812341067964632
2,0,1484,1789633724951245824,3812341067976069
2,0,1485,1789633724951257088,3812341067987445
2,0,1486,1789633724951268352,3812341067998802
2,0,1487,1789633724951279616,3812341068010149
2,0,1488,1789633724951290880,3812341068021624
2,0,1489,1789633724951302144,3812341068032974
2,0,1490,1789633724951313408,3812341068044367
2,0,1491,1789633724951324672,3812341068055778
2,0,1492,1789633724951336960,3812341068067125
2,0,1493,1789633724951348224,3812341068078504
2,0,1494,1789633724951359488,3812341068089895
2,0,1495,1789633724951370752,3812341068101258
2,0,1496,1789633724951382016,3812341068112672
2,0,1497,1789633724951393280,3812341068124024
2,0,1498,1789633724951404544,3812341068135444
2,0,1499,1789633724951415808,3812341068146765
2,0,1500,1789633724951427072,3812341068158189
2,0,1501,1789633724951439360,3812341068169538
2,0,1502,1789633724951450624,3812341068180909
2,0,1503,1789633724951461888,3812341068192292
2,0,1504,1789633724951473152,3812341068203625
2,0,1505,1789633724951484416,3812341068214985
2,0,1506,1789633724951495680,3812341068226452
2,0,1507,1789633724951506944,3812341068237809
2,0,1508,1789633724951518208,3812341068249224
2,0,1509,1789633724951529472,3812341068260564
2,0,1510,1789633724951541760,3812341068272009
2,0,1511,1789633724951553024,3812341068283334
2,0,1512,1789633724951564288,3812341068294734
2,0,1513,1789633724951575552,3812341068306089
2,0,1514,1789633724951586816,3812341068317442
2,0,1515,1789633724951598080,3812341068328828
2,0,1516,1789633724951609344,3812341068340154
2,0,1517,1789633724951620608,3812341068351534
2,0,1518,1789633724951631872,3812341068363009
2,0,1519,1789633724951644160,3812341068374374
2,0,1520,1789633724951655424,3812341068385775
2,0,1521,1789633724951666688,3812341068397155
2,0,1522,1789633724951677952,3812341068408485
2,0,1523,1789633724951689216,3812341068419819
2,0,1524,1789633724951700480,3812341068431288
2,0,1525,1789633724951711744,3812341068442674
2,0,1526,1789633724951723008,3812341068454054
2,0,1527,1789633724951734272,3812341068465425
2,0,1528,1789633724951746560,3812341068476749
2,0,1529,1789633724951757824,3812341068488110
2,0,1530,1789633724951769088,3812341068499578
2,0,1531,1789633724951780352,3812341068510924
2,0,1532,1789633724951791616,3812341068522332
2,0,1533,1789633724951802880,3812341068533702
2,0,1534,1789633724951814144,3812341068546219
2,0,1535,1789633724951825408,3812341068556414
2,0,1536,1789633724951836672,3812341068567847
2,0,1537,1789633724951848960,3812341068579224
2,0,1538,1789633724951860224,3812341068590603
2,0,1539,1789633724951871488,3812341068602009
2,0,1540,1789633724951882752,3812341068613339
2,0,1541,1789633724951894016,3812341068624649
2,0,1542,1789633724951905280,3812341068636124
2,0,1543,1789633724951916544,3812341068647505
2,0,1544,1789633724951927808,3812341068658907
2,0,1545,1789633724951940096,3812341068670299
2,0,1546,1789633724951951360,3812341068681649
2,0,1547,1789633724951962624,3812341068693045
2,0,1548,1789633724951973888,3812341068704415
2,0,1549,1789633724951985152,3812341068715782
2,0,1550,1789633724951996416,3812341068727158
2,0,1551,1789633724952007680,3812341068738534
2,0,1552,1789633724952018944,3812341068749963
2,0,1553,1789633724952030208,3812341068761334
2,0,1554,1789633724952042496,3812341068772694
2,0,1555,1789633724952053760,3812341068784044
2,0,1556,1789633724952065024,3812341068795428
2,0,1557,1789633724952076288,3812341068806805
2,0,1558,1789633724952087552,3812341068818127
2,0,1559,1789633724952098816,3812341068829518
2,0,1560,1789633724952110080,3812341068840964
2,0,1561,1789633724952121344,3812341068852325
2,0,1562,1789633724952132608,3812341068863728
2,0,1563,1789633724952144896,3812341068875094
2,0,1564,1789633724952156160,3812341068886469
2,0,1565,1789633724952167424,3812341068897817
2,0,1566,1789633724952178688,3812341068909249
2,0,1567,1789633724952189952,3812341068920599
2,0,1568,1789633724952201216,3812341068932009
2,0,1569,1789633724952212480,3812341068943375
2,0,1570,1789633724952223744,3812341068954714
2,0,1571,1789633724952235008,3812341068966094
2,0,1572,1789633724952247296,3812341068977525
2,0,1573,1789633724952258560,3812341068988887
2,0,1574,1789633724952269824,3812341069000269
2,0,1575,1789633724952281088,3812341069011632
2,0,1576,1789633724952292352,3812341069022974
2,0,1577,1789633724952303616,3812341069034316
2,0,1578,1789633724952314880,3812341069045809
2,0,1579,1789633724952326144,3812341069057165
2,0,1580,1789633724952337408,3812341069068525
2,0,1581,1789633724952349696,3812341069079949
2,0,1582,1789633724952360960,3812341069091302
2,0,1583,1789633724952372224,3812341069102709
2,0,1584,1789633724952383488,3812341069114089
2,0,1585,1789633724952394752,3812341069125525
2,0,1586,1789633724952406016,3812341069136915
2,0,1587,1789633724952417280,3812341069148299
2,0,1588,1789633724952428544,3812341069159692
2,0,1589,1789633724952440832,3812341069171022
2,0,1590,1789633724952452096,3812341069182374
2,0,1591,1789633724952463360,3812341069193738
2,0,1592,1789633724952474624,3812341069205089
2,0,1593,1789633724952485888,3812341069216505
2,0,1594,1789633724952497152,3812341069227844
2,0,1595,1789633724952508416,3812341069239204
2,0,1596,1789633724952519680,3812341069250647
2,0,1597,1789633724952530944,3812341069262009
2,0,1598,1789633724952542208,3812341069273378
2,0,1599,1789633724952554496,3812341069284735
2,0,1600,1789633724952565760,3812341069296100
2,0,1601,1789633724952577024,3812341069307438
2,0,1602,1789633724952588288,3812341069318934
2,0,1603,1789633724952599552,3812341069330297
2,0,1604,1789633724952610816,3812341069341655
2,0,1605,1789633724952622080,3812341069353024
2,0,1606,1789633724952633344,3812341069364349
2,0,1607,1789633724952644608,3812341069375724
2,0,1608,1789633724952656896,3812341069387208
2,0,1609,1789633724952668160,3812341069398565
2,0,1610,1789633724952679424,3812341069409949
2,0,1611,1789633724952690688,3812341069421299
2,0,1612,1789633724952701952,3812341069432649
2,0,1613,1789633724952713216,3812341069444018
2,0,1614,1789633724952724480,3812341069455478
2,0,1615,1789633724952735744,3812341069466849
2,0,1616,1789633724952748032,3812341069478199
2,0,1617,1789633724952759296,3812341069489607
2,0,1618,1789633724952770560,3812341069500935
2,0,1619,1789633724952781824,3812341069512315
2,0,1620,1789633724952793088,3812341069523758
2,0,1621,1789633724952804352,3812341069535158
2,0,1622,1789633724952815616,3812341069546549
2,0,1623,1789633724952826880,3812341069557869
2,0,1624,1789633724952838144,3812341069569209
2,0,1625,1789633724952849408,3812341069580569
2,0,1626,1789633724952861696,3812341069592034
2,0,1627,1789633724952872960,3812341069603424
2,0,1628,1789633724952884224,3812341069614814
2,0,1629,1789633724952895488,3812341069626174
2,0,1630,1789633724952906752,3812341069644156
2,0,1631,1789633724952918016,3812341069648868
2,0,1632,1789633724952929280,3812341069660318
2,0,1633,1789633724952941568,3812341069671714
2,0,1634,1789633724952952832,3812341069683089
2,0,1635,1789633724952964096,3812341069694424
2,0,1636,1789633724952975360,3812341069705782
2,0,1637,1789633724952986624,3812341069717168
2,0,1638,1789633724952997888,3812341069728595
2,0,1639,1789633724953009152,3812341069739954
2,0,1640,1789633724953020416,3812341069751294
2,0,1641,1789633724953031680,3812341069762709
2,0,1642,1789633724953042944,3812341069774094
2,0,1643,1789633724953055232,3812341069785516
2,0,1644,1789633724953066496,3812341069796862
2,0,1645,1789633724953077760,3812341069808239
2,0,1646,1789633724953089024,3812341069819628
2,0,1647,1789633724953100288,3812341069831039
2,0,1648,1789633724953111552,3812341069842429
2,0,1649,1789633724953122816,3812341069853792
2,0,1650,1789633724953134080,3812341069865159
2,0,1651,1789633724953145344,3812341069876467
2,0,1652,1789633724953157632,3812341069887859
2,0,1653,1789633724953168896,3812341069899199
2,0,1654,1789633724953180160,3812341069910569
2,0,1655,1789633724953191424,3812341069922009
2,0,1656,1789633724953202688,3812341069933434
2,0,1657,1789633724953213952,3812341069944807
2,0,1658,1789633724953225216,3812341069956185
2,0,1659,1789633724953236480,3812341069967578
2,0,1660,1789633724953248768,3812341069979015
2,0,1661,1789633724953260032,3812341069990407
2,0,1662,1789633724953271296,3812341070001749
2,0,1663,1789633724953282560,3812341070013169
2,0,1664,1789633724953293824,3812341070024544
2,0,1665,1789633724953305088,3812341070035918
2,0,1666,1789633724953316352,3812341070047315
2,0,1667,1789633724953327616,3812341070058644
2,0,1668,1789633724953338880,3812341070069985
2,0,1669,1789633724953351168,3812341070081349
2,0,1670,1789633724953362432,3812341070092758
2,0,1671,1789633724953373696,3812341070104155
2,0,1672,1789633724953384960,3812341070115578
2,0,1673,1789633724953396224,3812341070126955
2,0,1674,1789633724953407488,3812341070138288
2,0,1675,1789633724953418752,3812341070149649
2,0,1676,1789633724953430016,3812341070161067
2,0,1677,1789633724953441280,3812341070172419
2,0,1678,1789633724953453568,3812341070183829
2,0,1679,1789633724953464832,3812341070195119
2,0,1680,1789633724953476096,3812341070206539
2,0,1681,1789633724953487360,3812341070217948
2,0,1682,1789633724953498624,3812341070229327
2,0,1683,1789633724953509888,3812341070240718
2,0,1684,1789633724953521152,3812341070252055
2,0,1685,1789633724953532416,3812341070263379
2,0,1686,1789633724953543680,3812341070274834
2,0,1687,1789633724953555968,3812341070286235
2,0,1688,1789633724953567232,3812341070297618
2,0,1689,1789633724953578496,3812341070308962
2,0,1690,1789633724953589760,3812341070320284
2,0,1691,1789633724953601024,3812341070331625
2,0,1692,1789633724953612288,3812341070343119
2,0,1693,1789633724953623552,3812341070354474
2,0,1694,1789633724953634816,3812341070365838
2,0,1695,1789633724953646080,3812341070377219
2,0,1696,1789633724953658368,3812341070388538
2,0,1697,1789633724953669632,3812341070399924
2,0,1698,1789633724953680896,3812341070411388
2,0,1699,1789633724953692160,3812341070422784
2,0,1700,1789633724953703424,3812341070434174
2,0,1701,1789633724953714688,3812341070445567
2,0,1702,1789633724953725952,3812341070456949
2,0,1703,1789633724953737216,3812341070468314
2,0,1704,1789633724953748480,3812341070479668
2,0,1705,1789633724953760768,3812341070491034
2,0,1706,1789633724953772032,3812341070502369
2,0,1707,1789633724953783296,3812341070513718
2,0,1708,1789633724953794560,3812341070525045
2,0,1709,1789633724953805824,3812341070536479
2,0,1710,1789633724953817088,3812341070547944
2,0,1711,1789633724953828352,3812341070559304
2,0,1712,1789633724953839616,3812341070570688
2,0,1713,1789633724953850880,3812341070582059
2,0,1714,1789633724953863168,3812341070593423
2,0,1715,1789633724953874432,3812341070604787
2,0,1716,1789633724953885696,3812341070616222
2,0,1717,1789633724953896960,3812341070627592
2,0,1718,1789633724953908224,3812341070638989
2,0,1719,1789633724953919488,3812341070650383
2,0,1720,1789633724953930752,3812341070661779
2,0,1721,1789633724953942016,3812341070673134
2,0,1722,1789633724953954304,3812341070684505
2,0,1723,1789633724953965568,3812341070699099
2,0,1724,1789633724953976832,3812341070707294
2,0,1725,1789633724953988096,3812341070718638
2,0,1726,1789633724953999360,3812341070730067
2,0,1727,1789633724954010624,3812341070741432
2,0,1728,1789633724954021888,3812341070752792
2,0,1729,1789633724954033152,3812341070764158
2,0,1730,1789633724954044416,3812341070775535
2,0,1731,1789633724954056704,3812341070786941
2,0,1732,1789633724954067968,3812341070798338
2,0,1733,1789633724954079232,3812341070809699
2,0,1734,1789633724954090496,3812341070821069
2,0,1735,1789633724954101760,3812341070832419
2,0,1736,1789633724954113024,3812341070843778
2,0,1737,1789633724954124288,3812341070855179
2,0,1738,1789633724954135552,3812341070866519
2,0,1739,1789633724954146816,3812341070877894
2,0,1740,1789633724954158080,3812341070889354
2,0,1741,1789633724954170368,3812341070900709
2,0,1742,1789633724954181632,3812341070912109
2,0,1743,1789633724954192896,3812341070923508
2,0,1744,1789633724954204160,3812341070934899
2,0,1745,1789633724954215424,3812341070946219
2,0,1746,1789633724954226688,3812341070957628
2,0,1747,1789633724954237952,3812341070968969
2,0,1748,1789633724954249216,3812341070980352
2,0,1749,1789633724954261504,3812341070991759
2,0,1750,1789633724954272768,3812341071003125
2,0,1751,1789633724954284032,3812341071014499
2,0,1752,1789633724954295296,3812341071025902
2,0,1753,1789633724954306560,3812341071037275
2,0,1754,1789633724954317824,3812341071048682
2,0,1755,1789633724954329088,3812341071060049
2,0,1756,1789633724954340352,3812341071071411
2,0,1757,1789633724954351616,3812341071082738
2,0,1758,1789633724954363904,3812341071094184
2,0,1759,1789633724954375168,3812341071105555
2,0,1760,1789633724954386432,3812341071116949
2,0,1761,1789633724954397696,3812341071128349
2,0,1762,1789633724954408960,3812341071139692
2,0,1763,1789633724954420224,3812341071151064
2,0,1764,1789633724954431488,3812341071162471
2,0,1765,1789633724954442752,3812341071173839
2,0,1766,1789633724954455040,3812341071185242
2,0,1767,1789633724954466304,3812341071196589
2,0,1768,1789633724954477568,3812341071207965
2,0,1769,1789633724954488832,3812341071219299
2,0,1770,1789633724954500096,3812341071230739
2,0,1771,1789633724954511360,3812341071242099
2,0,1772,1789633724954522624,3812341071253484
2,0,1773,1789633724954533888,3812341071264899
2,0,1774,1789633724954545152,3812341071276302
2,0,1775,1789633724954557440,3812341071287658
2,0,1776,1789633724954568704,3812341071299039
2,0,1777,1789633724954579968,3812341071310378
2,0,1778,1789633724954591232,3812341071321788
2,0,1779,1789633724954602496,3812341071333208
2,0,1780,1789633724954613760,3812341071344579
2,0,1781,1789633724954625024,3812341071355918
2,0,1782,1789633724954636288,3812341071367314
2,0,1783,1789633724954647552,3812341071378679
2,0,1784,1789633724954659840,3812341071390039
2,0,1785,1789633724954671104,3812341071401459
2,0,1786,1789633724954682368,3812341071412759
2,0,1787,1789633724954693632,3812341071424149
2,0,1788,1789633724954704896,3812341071435579
2,0,1789,1789633724954716160,3812341071446949
2,0,1790,1789633724954727424,3812341071458368
2,0,1791,1789633724954738688,3812341071469724
2,0,1792,1789633724954749952,3812341071481058
2,0,1793,1789633724954762240,3812341071492442
2,0,1794,1789633724954773504,3812341071503858
2,0,1795,1789633724954784768,3812341071515229
2,0,1796,1789633724954796032,3812341071526614
2,0,1797,1789633724954807296,3812341071538001
2,0,1798,1789633724954818560,3812341071549368
2,0,1799,1789633724954829824,3812341071560730
2,0,1800,1789633724954841088,3812341071572129
2,0,1801,1789633724954852352,3812341071583499
2,0,1802,1789633724954864640,3812341071594889
2,0,1803,1789633724954875904,3812341071606262
2,0,1804,1789633724954887168,3812341071617589
2,0,1805,1789633724954898432,3812341071628951
2,0,1806,1789633724954909696,3812341071640424
2,0,1807,1789633724954920960,3812341071651778
2,0,1808,1789633724954932224,3812341071663129
2,0,1809,1789633724954943488,3812341071674509
2,0,1810,1789633724954954752,3812341071685885
2,0,1811,1789633724954967040,3812341071697242
2,0,1812,1789633724954978304,3812341071708699
2,0,1813,1789633724954989568,3812341071720059
2,0,1814,1789633724955000832,3812341071731408
2,0,1815,1789633724955012096,3812341071742769
2,0,1816,1789633724955023360,3812341071754142
2,0,1817,1789633724955034624,3812341071765524
2,0,1818,1789633724955045888,3812341071776974
2,0,1819,1789633724955057152,3812341071788338
2,0,1820,1789633724955069440,3812341071799712
2,0,1821,1789633724955080704,3812341071811084
2,0,1822,1789633724955091968,3812341071822459
2,0,1823,1789633724955103232,3812341071833808
2,0,1824,1789633724955114496,3812341071845234
2,0,1825,1789633724955125760,3812341071856609
2,0,1826,1789633724955137024,3812341071868001
2,0,1827,1789633724955148288,3812341071879399
2,0,1828,1789633724955159552,3812341071890758
2,0,1829,1789633724955171840,3812341071902129
2,0,1830,1789633724955183104,3812341071913528
2,0,1831,1789633724955194368,3812341071924879
2,0,1832,1789633724955205632,3812341071936289
2,0,1833,1789633724955216896,3812341071947628
2,0,1834,1789633724955228160,3812341071959018
2,0,1835,1789633724955239424,3812341071970382
2,0,1836,1789633724955250688,3812341071981809
2,0,1837,1789633724955261952,3812341071993168
2,0,1838,1789633724955274240,3812341072004509
2,0,1839,1789633724955285504,3812341072015949
2,0,1840,1789633724955296768,3812341072027309
2,0,1841,1789633724955308032,3812341072038669
2,0,1842,1789633724955319296,3812341072050090
2,0,1843,1789633724955330560,3812341072061419
2,0,1844,1789633724955341824,3812341072072801
2,0,1845,1789633724955353088,3812341072084202
2,0,1846,1789633724955365376,3812341072095601
2,0,1847,1789633724955376640,3812341072106954
2,0,1848,1789633724955387904,3812341072118368
2,0,1849,1789633724955399168,3812341072129728
2,0,1850,1789633724955410432,3812341072141087
2,0,1851,1789633724955421696,3812341072152478
2,0,1852,1789633724955432960,3812341072163868
2,0,1853,1789633724955444224,3812341072175259
2,0,1854,1789633724955455488,3812341072186654
2,0,1855,1789633724955467776,3812341072198009
2,0,1856,1789633724955479040,3812341072209408
2,0,1857,1789633724955490304,3812341072220799
2,0,1858,1789633724955501568,3812341072232174
2,0,1859,1789633724955512832,3812341072243508
2,0,1860,1789633724955524096,3812341072254924
2,0,1861,1789633724955535360,3812341072266304
2,0,1862,1789633724955546624,3812341072277679
2,0,1863,1789633724955557888,3812341072289099
2,0,1864,1789633724955570176,3812341072300479
2,0,1865,1789633724955581440,3812341072311809
2,0,1866,1789633724955592704,3812341072323208
2,0,1867,1789633724955603968,3812341072334569
2,0,1868,1789633724955615232,3812341072345988
2,0,1869,1789633724955626496,3812341072357338
2,0,1870,1789633724955637760,3812341072368754
2,0,1871,1789633724955649024,3812341072380118
2,0,1872,1789633724955660288,3812341072391489
2,0,1873,1789633724955672576,3812341072402944
2,0,1874,1789633724955683840,3812341072414254
2,0,1875,1789633724955695104,3812341072425649
2,0,1876,1789633724955706368,3812341072436989
2,0,1877,1789633724955717632,3812341072448318
2,0,1878,1789633724955728896,3812341072459769
2,0,1879,1789633724955740160,3812341072471119
2,0,1880,1789633724955751424,3812341072482529
2,0,1881,1789633724955762688,3812341072493879
2,0,1882,1789633724955774976,3812341072505239
2,0,1883,1789633724955786240,3812341072516619
2,0,1884,1789633724955797504,3812341072528049
2,0,1885,1789633724955808768,3812341072539412
2,0,1886,1789633724955820032,3812341072550769
2,0,1887,1789633724955831296,3812341072562139
2,0,1888,1789633724955842560,3812341072573489
2,0,1889,1789633724955853824,3812341072584844
2,0,1890,1789633724955865088,3812341072596329
2,0,1891,1789633724955877376,3812341072607684
2,0,1892,1789633724955888640,3812341072619064
2,0,1893,1789633724955899904,3812341072630419
2,0,1894,1789633724955911168,3812341072641784
2,0,1895,1789633724955922432,3812341072653169
2,0,1896,1789633724955933696,3812341072664608
2,0,1897,1789633724955944960,3812341072675974
2,0,1898,1789633724955956224,3812341072687368
2,0,1899,1789633724955968512,3812341072698774
2,0,1900,1789633724955979776,3812341072710164
2,0,1901,1789633724955991040,3812341072721484
2,0,1902,1789633724956002304,3812341072732888
2,0,1903,1789633724956013568,3812341072744239
2,0,1904,1789633724956024832,3812341072755599
2,0,1905,1789633724956036096,3812341072766969
2,0,1906,1789633724956047360,3812341072778351
2,0,1907,1789633724956058624,3812341072789699
2,0,1908,1789633724956069888,3812341072801159
2,0,1909,1789633724956082176,3812341072812519
2,0,1910,1789633724956093440,3812341072823864
2,0,1911,1789633724956104704,3812341072835249
2,0,1912,1789633724956115968,3812341072846632
2,0,1913,1789633724956127232,3812341072857994
2,0,1914,1789633724956138496,3812341072869438
2,0,1915,1789633724956149760,3812341072880749
2,0,1916,1789633724956161024,3812341072892189
2,0,1917,1789633724956173312,3812341072903582
2,0,1918,1789633724956184576,3812341072914909
2,0,1919,1789633724956195840,3812341072926308
2,0,1920,1789633724956207104,3812341072937729
2,0,1921,1789633724956218368,3812341072949092
2,0,1922,1789633724956229632,3812341072960428
2,0,1923,1789633724956240896,3812341072971802
2,0,1924,1789633724956252160,3812341072983192
2,0,1925,1789633724956263424,3812341072994519
2,0,1926,1789633724956274688,3812341073005999
2,0,1927,1789633724956286976,3812341073017384
2,0,1928,1789633724956298240,3812341073028749
2,0,1929,1789633724956309504,3812341073040167
2,0,1930,1789633724956320768,3812341073051549
2,0,1931,1789633724956332032,3812341073062937
2,0,1932,1789633724956343296,3812341073074292
2,0,1933,1789633724956354560,3812341073085639
2,0,1934,1789633724956365824,3812341073097024
2,0,1935,1789633724956378112,3812341073108379
2,0,1936,1789633724956389376,3812341073119752
2,0,1937,1789633724956400640,3812341073131089
2,0,1938,1789633724956411904,3812341073142559
2,0,1939,1789633724956423168,3812341073153907
2,0,1940,1789633724956434432,3812341073165284
2,0,1941,1789633724956445696,3812341073176649
2,0,1942,1789633724956456960,3812341073187959
2,0,1943,1789633724956468224,3812341073199351
2,0,1944,1789633724956479488,3812341073210844
2,0,1945,1789633724956491776,3812341073222199
2,0,1946,1789633724956503040,3812341073233589
2,0,1947,1789633724956514304,3812341073244964
2,0,1948,1789633724956525568,3812341073256344
2,0,1949,1789633724956536832,3812341073267659
2,0,1950,1789633724956548096,3812341073279119
2,0,1951,1789633724956559360,3812341073290477
2,0,1952,1789633724956570624,3812341073301879
2,0,1953,1789633724956582912,3812341073313349
2,0,1954,1789633724956594176,3812341073324729
2,0,1955,1789633724956605440,3812341073336059
2,0,1956,1789633724956616704,3812341073347442
2,0,1957,1789633724956627968,3812341073358768
2,0,1958,1789633724956639232,3812341073370179
2,0,1959,1789633724956650496,3812341073381539
2,0,1960,1789633724956661760,3812341073392949
2,0,1961,1789633724956674048,3812341073404287
2,0,1962,1789633724956685312,3812341073415679
2,0,1963,1789633724956696576,3812341073427041
2,0,1964,1789633724956707840,3812341073438399
2,0,1965,1789633724956719104,3812341073449774
2,0,1966,1789633724956730368,3812341073461087
2,0,1967,1789633724956741632,3812341073472465
2,0,1968,1789633724956752896,3812341073483952
2,0,1969,1789633724956764160,3812341073495324
2,0,1970,1789633724956776448,3812341073506729
2,0,1971,1789633724956787712,3812341073518089
2,0,1972,1789633724956798976,3812341073529442
2,0,1973,1789633724956810240,3812341073540801
2,0,1974,1789633724956821504,3812341073552227
2,0,1975,1789633724956832768,3812341073563617
2,0,1976,1789633724956844032,3812341073577020
2,0,1977,1789633724956855296,3812341073586354
2,0,1978,1789633724956866560,3812341073597679
2,0,1979,1789633724956877824,3812341073609062
2,0,1980,1789633724956890112,3812341073620517
2,0,1981,1789633724956901376,3812341073631858
2,0,1982,1789633724956912640,3812341073643344
2,0,1983,1789633724956923904,3812341073654714
2,0,1984,1789633724956935168,3812341073666069
2,0,1985,1789633724956946432,3812341073677479
2,0,1986,1789633724956957696,3812341073689011
2,0,1987,1789633724956969984,3812341073700487
2,0,1988,1789633724956981248,3812341073711852
2,0,1989,1789633724956992512,3812341073723209
2,0,1990,1789633724957003776,3812341073734579
2,0,1991,1789633724957015040,3812341073745919
2,0,1992,1789633724957026304,3812341073757299
2,0,1993,1789633724957037568,3812341073768769
2,0,1994,1789633724957049856,3812341073780139
2,0,1995,1789633724957061120,3812341073791504
2,0,1996,1789633724957072384,3812341073802869
2,0,1997,1789633724957083648,3812341073814259
2,0,1998,1789633724957094912,3812341073825607
2,0,1999,1789633724957106176,3812341073837059
2,0,2000,1789633724957117440,3812341073848412
2,0,2001,1789633724957128704,3812341073859749
2,0,2002,1789633724957139968,3812341073871152
2,0,2003,1789633724957152256,3812341073882487
2,0,2004,1789633724957163520,3812341073893877
2,0,2005,1789633724957174784,3812341073905329
2,0,2006,1789633724957186048,3812341073916689
2,0,2007,1789633724957197312,3812341073928059
2,0,2008,1789633724957208576,3812341073939429
2,0,2009,1789633724957219840,3812341073950799
2,0,2010,1789633724957231104,3812341073962162
2,0,2011,1789633724957242368,3812341073973619
2,0,2012,1789633724957254656,3812341073984977
2,0,2013,1789633724957265920,3812341073996354
2,0,2014,1789633724957277184,3812341074007734
2,0,2015,1789633724957288448,3812341074019099
2,0,2016,1789633724957299712,3812341074030507
2,0,2017,1789633724957310976,3812341074041889
2,0,2018,1789633724957322240,3812341074053352
2,0,2019,1789633724957333504,3812341074064727
2,0,2020,1789633724957345792,3812341074076101
2,0,2021,1789633724957357056,3812341074087509
2,0,2022,1789633724957368320,3812341074098804
2,0,2023,1789633724957379584,3812341074110169
2,0,2024,1789633724957390848,3812341074121529
2,0,2025,1789633724957402112,3812341074132903
2,0,2026,1789633724957413376,3812341074144319
2,0,2027,1789633724957424640,3812341074155657
2,0,2028,1789633724957435904,3812341074167029
2,0,2029,1789633724957447168,3812341074178449
2,0,2030,1789633724957459456,3812341074189802
2,0,2031,1789633724957470720,3812341074201164
2,0,2032,1789633724957481984,3812341074212549
2,0,2033,1789633724957493248,3812341074223909
2,0,2034,1789633724957504512,3812341074235269
2,0,2035,1789633724957515776,3812341074246729
2,0,2036,1789633724957527040,3812341074258089
2,0,2037,1789633724957538304,3812341074269517
2,0,2038,1789633724957550592,3812341074280934
2,0,2039,1789633724957561856,3812341074292299
2,0,2040,1789633724957573120,3812341074303642
2,0,2041,1789633724957584384,3812341074315009
2,0,2042,1789633724957595648,3812341074326359
2,0,2043,1789633724957606912,3812341074337749
2,0,2044,1789633724957618176,3812341074349099
2,0,2045,1789633724957629440,3812341074360459
2,0,2046,1789633724957640704,3812341074371809
2,0,2047,1789633724957651968,3812341074383279
2,0,2048,1789633724957664256,3812341074394669
2,0,2049,1789633724957675520,3812341074406072
2,0,2050,1789633724957686784,3812341074417450
2,0,2051,1789633724957698048,3812341074428792
2,0,2052,1789633724957709312,3812341074440149
2,0,2053,1789633724957720576,3812341074451569
2,0,2054,1789633724957731840,3812341074462919
2,0,2055,1789633724957743104,3812341074474299
2,0,2056,1789633724957755392,3812341074485679
2,0,2057,1789633724957766656,3812341074497017
2,0,2058,1789633724957777920,3812341074508369
2,0,2059,1789633724957789184,3812341074519849
2,0,2060,1789633724957800448,3812341074531227
2,0,2061,1789633724957811712,3812341074542587
2,0,2062,1789633724957822976,3812341074553948
2,0,2063,1789633724957834240,3812341074565289
2,0,2064,1789633724957845504,3812341074576637
2,0,2065,1789633724957856768,3812341074588127
2,0,2066,1789633724957869056,3812341074599569
2,0,2067,1789633724957880320,3812341074610969
2,0,2068,1789633724957891584,3812341074622319
2,0,2069,1789633724957902848,3812341074633692
2,0,2070,1789633724957914112,3812341074645067
2,0,2071,1789633724957925376,3812341074656426
2,0,2072,1789633724957936640,3812341074667792
2,0,2073,1789633724957947904,3812341074679134
2,0,2074,1789633724957960192,3812341074690507
2,0,2075,1789633724957971456,3812341074701870
2,0,2076,1789633724957982720,3812341074713219
2,0,2077,1789633724957993984,3812341074724689
2,0,2078,1789633724958005248,3812341074736049
2,0,2079,1789633724958016512,3812341074747399
2,0,2080,1789633724958027776,3812341074758767
2,0,2081,1789633724958039040,3812341074770117
2,0,2082,1789633724958050304,3812341074781509
2,0,2083,1789633724958062592,3812341074792964
2,0,2084,1789633724958073856,3812341074804354
2,0,2085,1789633724958085120,3812341074815739
2,0,2086,1789633724958096384,3812341074827139
2,0,2087,1789633724958107648,3812341074838514
2,0,2088,1789633724958118912,3812341074849879
2,0,2089,1789633724958130176,3812341074861249
2,0,2090,1789633724958141440,3812341074872612
2,0,2091,1789633724958152704,3812341074883994
2,0,2092,1789633724958164992,3812341074895377
2,0,2093,1789633724958176256,3812341074906754
2,0,2094,1789633724958187520,3812341074918119
2,0,2095,1789633724958198784,3812341074929524
2,0,2096,1789633724958210048,3812341074940877
2,0,2097,1789633724958221312,3812341074952229
2,0,2098,1789633724958232576,3812341074963549
2,0,2099,1789633724958243840,3812341074974959
2,0,2100,1789633724958255104,3812341074986329
2,0,2101,1789633724958267392,3812341074997799
2,0,2102,1789633724958278656,3812341075009119
2,0,2103,1789633724958289920,3812341075020469
2,0,2104,1789633724958301184,3812341075031899
2,0,2105,1789633724958312448,3812341075043244
2,0,2106,1789633724958323712,3812341075054599
2,0,2107,1789633724958334976,3812341075066079
2,0,2108,1789633724958346240,3812341075077379
2,0,2109,1789633724958357504,3812341075088779
2,0,2110,1789633724958369792,3812341075100174
2,0,2111,1789633724958381056,3812341075111532
2,0,2112,1789633724958392320,3812341075122879
2,0,2113,1789633724958403584,3812341075134352
2,0,2114,1789633724958414848,3812341075145707
2,0,2115,1789633724958426112,3812341075157117
2,0,2116,1789633724958437376,3812341075168539
2,0,2117,1789633724958449664,3812341075179930
2,0,2118,1789633724958460928,3812341075191299
2,0,2119,1789633724958472192,3812341075202637
2,0,2120,1789633724958483456,3812341075213977
2,0,2121,1789633724958494720,3812341075225389
2,0,2122,1789633724958505984,3812341075236739
2,0,2123,1789633724958517248,3812341075248099
2,0,2124,1789633724958528512,3812341075259439
2,0,2125,1789633724958539776,3812341075270949
2,0,2126,1789633724958552064,3812341075282314
2,0,2127,1789633724958563328,3812341075293744
2,0,2128,1789633724958574592,3812341075305150
2,0,2129,1789633724958585856,3812341075316517
2,0,2130,1789633724958597120,3812341075327849
2,0,2131,1789633724958608384,3812341075339187
2,0,2132,1789633724958619648,3812341075350552
2,0,2133,1789633724958630912,3812341075362010
2,0,2134,1789633724958642176,3812341075373349
2,0,2135,1789633724958654464,3812341075384752
2,0,2136,1789633724958665728,3812341075396099
2,0,2137,1789633724958676992,3812341075407482
2,0,2138,1789633724958688256,3812341075418935
2,0,2139,1789633724958699520,3812341075430309
2,0,2140,1789633724958710784,3812341075441679
2,0,2141,1789633724958722048,3812341075453027
2,0,2142,1789633724958733312,3812341075464359
2,0,2143,1789633724958744576,3812341075475749
2,0,2144,1789633724958755840,3812341075487124
2,0,2145,1789633724958768128,3812341075498499
2,0,2146,1789633724958779392,3812341075509899
2,0,2147,1789633724958790656,3812341075521249
2,0,2148,1789633724958801920,3812341075532609
2,0,2149,1789633724958813184,3812341075544034
2,0,2150,1789633724958824448,3812341075555399
2,0,2151,1789633724958835712,3812341075566768
2,0,2152,1789633724958846976,3812341075578199
2,0,2153,1789633724958859264,3812341075589577
2,0,2154,1789633724958870528,3812341075600939
2,0,2155,1789633724958881792,3812341075612312
2,0,2156,1789633724958893056,3812341075623679
2,0,2157,1789633724958904320,3812341075635079
2,0,2158,1789633724958915584,3812341075646449
2,0,2159,1789633724958926848,3812341075657809
2,0,2160,1789633724958938112,3812341075669137
2,0,2161,1789633724958949376,3812341075680584
2,0,2162,1789633724958961664,3812341075692010
2,0,2163,1789633724958972928,3812341075703349
2,0,2164,1789633724958984192,3812341075714727
2,0,2165,1789633724958995456,3812341075726099
2,0,2166,1789633724959006720,3812341075737473
2,0,2167,1789633724959017984,3812341075748873
2,0,2168,1789633724959029248,3812341075760229
2,0,2169,1789633724959040512,3812341075771624
2,0,2170,1789633724959051776,3812341075782999
2,0,2171,1789633724959064064,3812341075794359
2,0,2172,1789633724959075328,3812341075805742
2,0,2173,1789633724959086592,3812341075817149
2,0,2174,1789633724959097856,3812341075828523
2,0,2175,1789633724959109120,3812341075839927
2,0,2176,1789633724959120384,3812341075851277
2,0,2177,1789633724959131648,3812341075862639
2,0,2178,1789633724959142912,3812341075874029
2,0,2179,1789633724959154176,3812341075885429
2,0,2180,1789633724959166464,3812341075896783
2,0,2181,1789633724959177728,3812341075908149
2,0,2182,1789633724959188992,3812341075919529
2,0,2183,1789633724959200256,3812341075930877
2,0,2184,1789633724959211520,3812341075942269
2,0,2185,1789633724959222784,3812341075953706
2,0,2186,1789633724959234048,3812341075965074
2,0,2187,1789633724959245312,3812341075976457
2,0,2188,1789633724959256576,3812341075987853
2,0,2189,1789633724959268864,3812341075999269
2,0,2190,1789633724959280128,3812341076010662
2,0,2191,1789633724959291392,3812341076022233
2,0,2192,1789633724959302656,3812341076033687
2,0,2193,1789633724959313920,3812341076045049
2,0,2194,1789633724959325184,3812341076056419
2,0,2195,1789633724959337472,3812341076067794
2,0,2196,1789633724959348736,3812341076079168
2,0,2197,1789633724959360000,3812341076090532
2,0,2198,1789633724959371264,3812341076102010
2,0,2199,1789633724959382528,3812341076113349
2,0,2200,1789633724959393792,3812341076124764
2,0,2201,1789633724959405056,3812341076136179
2,0,2202,1789633724959416320,3812341076147552
2,0,2203,1789633724959428608,3812341076158919
2,0,2204,1789633724959439872,3812341076170282
2,0,2205,1789633724959451136,3812341076181619
2,0,2206,1789633724959462400,3812341076193012
2,0,2207,1789633724959473664,3812341076204419
2,0,2208,1789633724959484928,3812341076215829
2,0,2209,1789633724959496192,3812341076227149
2,0,2210,1789633724959507456,3812341076238527
2,0,2211,1789633724959518720,3812341076249882
2,0,2212,1789633724959529984,3812341076261239
2,0,2213,1789633724959542272,3812341076272629
2,0,2214,1789633724959553536,3812341076284003
2,0,2215,1789633724959564800,3812341076295349
2,0,2216,1789633724959576064,3812341076306809
2,0,2217,1789633724959587328,3812341076318199
2,0,2218,1789633724959598592,3812341076329580
2,0,2219,1789633724959609856,3812341076340965
2,0,2220,1789633724959621120,3812341076352369
2,0,2221,1789633724959633408,3812341076363689
2,0,2222,1789633724959644672,3812341076375087
2,0,2223,1789633724959655936,3812341076386452
2,0,2224,1789633724959667200,3812341076397829
2,0,2225,1789633724959678464,3812341076409227
2,0,2226,1789633724959689728,3812341076420579
2,0,2227,1789633724959700992,3812341076432009
2,0,2228,1789633724959712256,3812341076443369
2,0,2229,1789633724959723520,3812341076454759
2,0,2230,1789633724959735808,3812341076466149
2,0,2231,1789633724959747072,3812341076477507
2,0,2232,1789633724959758336,3812341076488869
2,0,2233,1789633724959769600,3812341076500207
2,0,2234,1789633724959780864,3812341076511652
2,0,2235,1789633724959792128,3812341076523019
2,0,2236,1789633724959803392,3812341076534377
2,0,2237,1789633724959814656,3812341076545787
2,0,2238,1789633724959825920,3812341076557127
2,0,2239,1789633724959837184,3812341076568463
2,0,2240,1789633724959849472,3812341076579929
2,0,2241,1789633724959860736,3812341076591279
2,0,2242,1789633724959872000,3812341076602673
2,0,2243,1789633724959883264,3812341076614049
2,0,2244,1789633724959894528,3812341076625539
2,0,2245,1789633724959905792,3812341076636899
2,0,2246,1789633724959917056,3812341076648430
2,0,2247,1789633724959929344,3812341076659913
2,0,2248,1789633724959940608,3812341076671269
2,0,2249,1789633724959951872,3812341076682679
2,0,2250,1789633724959963136,3812341076694085
2,0,2251,1789633724959974400,3812341076705529
2,0,2252,1789633724959985664,3812341076716880
2,0,2253,1789633724959997952,3812341076728223
2,0,2254,1789633724960009216,3812341076739629
2,0,2255,1789633724960020480,3812341076751019
2,0,2256,1789633724960031744,3812341076762424
2,0,2257,1789633724960043008,3812341076773775
2,0,2258,1789633724960054272,3812341076785084
2,0,2259,1789633724960065536,3812341076796469
2,0,2260,1789633724960076800,3812341076807857
2,0,2261,1789633724960088064,3812341076819217
2,0,2262,1789633724960099328,3812341076830609
2,0,2263,1789633724960111616,3812341076842009
2,0,2264,1789633724960122880,3812341076853339
2,0,2265,1789633724960134144,3812341076864749
2,0,2266,1789633724960145408,3812341076876113
2,0,2267,1789633724960156672,3812341076887479
2,0,2268,1789633724960167936,3812341076898867
2,0,2269,1789633724960179200,3812341076910229
2,0,2270,1789633724960190464,3812341076921564
2,0,2271,1789633724960201728,3812341076933027
2,0,2272,1789633724960214016,3812341076944387
2,0,2273,1789633724960225280,3812341076955789
2,0,2274,1789633724960236544,3812341076967159
2,0,2275,1789633724960247808,3812341076978582
2,0,2276,1789633724960259072,3812341076989983
2,0,2277,1789633724960270336,3812341077001362
2,0,2278,1789633724960281600,3812341077012762
2,0,2279,1789633724960292864,3812341077024094
2,0,2280,1789633724960305152,3812341077035549
2,0,2281,1789633724960316416,3812341077046949
2,0,2282,1789633724960327680,3812341077058299
2,0,2283,1789633724960338944,3812341077069823
2,0,2284,1789633724960350208,3812341077081289
2,0,2285,1789633724960361472,3812341077092649
2,0,2286,1789633724960372736,3812341077104025
2,0,2287,1789633724960385024,3812341077115439
2,0,2288,1789633724960396288,3812341077126815
2,0,2289,1789633724960407552,3812341077138153
2,0,2290,1789633724960418816,3812341077149569
2,0,2291,1789633724960430080,3812341077160927
2,0,2292,1789633724960441344,3812341077172279
2,0,2293,1789633724960452608,3812341077183687
2,0,2294,1789633724960463872,3812341077195029
2,0,2295,1789633724960475136,3812341077206429
2,0,2296,1789633724960487424,3812341077217857
2,0,2297,1789633724960498688,3812341077229219
2,0,2298,1789633724960509952,3812341077240594
2,0,2299,1789633724960521216,3812341077252010
2,0,2300,1789633724960532480,3812341077263352
2,0,2301,1789633724960543744,3812341077274769
2,0,2302,1789633724960555008,3812341077286133
2,0,2303,1789633724960566272,3812341077297479
2,0,2304,1789633724960578560,3812341077308899
2,0,2305,1789633724960589824,3812341077320282
2,0,2306,1789633724960601088,3812341077331609
2,0,2307,1789633724960612352,3812341077342969
2,0,2308,1789633724960623616,3812341077354409
2,0,2309,1789633724960634880,3812341077365770
2,0,2310,1789633724960646144,3812341077377157
2,0,2311,1789633724960657408,3812341077388509
2,0,2312,1789633724960668672,3812341077399899
2,0,2313,1789633724960680960,3812341077411269
2,0,2314,1789633724960692224,3812341077422689
2,0,2315,1789633724960703488,3812341077434079
2,0,2316,1789633724960714752,3812341077445449
2,0,2317,1789633724960726016,3812341077456833
2,0,2318,1789633724960737280,3812341077468189
2,0,2319,1789633724960748544,3812341077479557
2,0,2320,1789633724960759808,3812341077490967
2,0,2321,1789633724960771072,3812341077502317
2,0,2322,1789633724960783360,3812341077513729
2,0,2323,1789633724960794624,3812341077525087
2,0,2324,1789633724960805888,3812341077536457
2,0,2325,1789633724960817152,3812341077547826
2,0,2326,1789633724960828416,3812341077559249
2,0,2327,1789633724960839680,3812341077570620
2,0,2328,1789633724960850944,3812341077582015
2,0,2329,1789633724960862208,3812341077593349
2,0,2330,1789633724960873472,3812341077604687
2,0,2331,1789633724960884736,3812341077616057
2,0,2332,1789633724960897024,3812341077627519
2,0,2333,1789633724960908288,3812341077638887
2,0,2334,1789633724960919552,3812341077650299
2,0,2335,1789633724960930816,3812341077661699
2,0,2336,1789633724960942080,3812341077673084
2,0,2337,1789633724960953344,3812341077684417
2,0,2338,1789633724960964608,3812341077695794
2,0,2339,1789633724960975872,3812341077707154
2,0,2340,1789633724960988160,3812341077718520
2,0,2341,1789633724960999424,3812341077729937
2,0,2342,1789633724961010688,3812341077741285
2,0,2343,1789633724961021952,3812341077752632
2,0,2344,1789633724961033216,3812341077764092
2,0,2345,1789633724961044480,3812341077775529
2,0,2346,1789633724961055744,3812341077786913
2,0,2347,1789633724961067008,3812341077798289
2,0,2348,1789633724961079296,3812341077809640
2,0,2349,1789633724961090560,3812341077820975
2,0,2350,1789633724961101824,3812341077832363
2,0,2351,1789633724961113088,3812341077843726
2,0,2352,1789633724961124352,3812341077855077
2,0,2353,1789633724961135616,3812341077866457
2,0,2354,1789633724961146880,3812341077877833
2,0,2355,1789633724961158144,3812341077889154
2,0,2356,1789633724961169408,3812341077900652
2,0,2357,1789633724961180672,3812341077912010
2,0,2358,1789633724961192960,3812341077923407
2,0,2359,1789633724961204224,3812341077934727
2,0,2360,1789633724961215488,3812341077946049
2,0,2361,1789633724961226752,3812341077957439
2,0,2362,1789633724961238016,3812341077968919
2,0,2363,1789633724961249280,3812341077980317
2,0,2364,1789633724961260544,3812341077991693
2,0,2365,1789633724961271808,3812341078003029
2,0,2366,1789633724961283072,3812341078014369
2,0,2367,1789633724961295360,3812341078025749
2,0,2368,1789633724961306624,3812341078037199
2,0,2369,1789633724961317888,3812341078048559
2,0,2370,1789633724961329152,3812341078059935
2,0,2371,1789633724961340416,3812341078071289
2,0,2372,1789633724961351680,3812341078082629
2,0,2373,1789633724961362944,3812341078094009
2,0,2374,1789633724961374208,3812341078105479
2,0,2375,1789633724961386496,3812341078116852
2,0,2376,1789633724961397760,3812341078128200
2,0,2377,1789633724961409024,3812341078139593
2,0,2378,1789633724961420288,3812341078150949
2,0,2379,1789633724961431552,3812341078162299
2,0,2380,1789633724961442816,3812341078173752
2,0,2381,1789633724961454080,3812341078185123
2,0,2382,1789633724961465344,3812341078196499
2,0,2383,1789633724961476608,3812341078207899
2,0,2384,1789633724961488896,3812341078219235
2,0,2385,1789633724961500160,3812341078230635
2,0,2386,1789633724961511424,3812341078242035
2,0,2387,1789633724961522688,3812341078253386
2,0,2388,1789633724961533952,3812341078264770
2,0,2389,1789633724961545216,3812341078276116
2,0,2390,1789633724961556480,3812341078287505
2,0,2391,1789633724961567744,3812341078298836
2,0,2392,1789633724961579008,3812341078310309
2,0,2393,1789633724961591296,3812341078321678
2,0,2394,1789633724961602560,3812341078333055
2,0,2395,1789633724961613824,3812341078344475
2,0,2396,1789633724961625088,3812341078355825
2,0,2397,1789633724961636352,3812341078367186
2,0,2398,1789633724961647616,3812341078378585
2,0,2399,1789633724961658880,3812341078389953
2,0,2400,1789633724961670144,3812341078401310
2,0,2401,1789633724961681408,3812341078412680
2,0,2402,1789633724961693696,3812341078424045
2,0,2403,1789633724961704960,3812341078435504
2,0,2404,1789633724961716224,3812341078446883
2,0,2405,1789633724961727488,3812341078458225
2,0,2406,1789633724961738752,3812341078469573
2,0,2407,1789633724961750016,3812341078480985
2,0,2408,1789633724961761280,3812341078492316
2,0,2409,1789633724961772544,3812341078503695
2,0,2410,1789633724961783808,3812341078515144
2,0,2411,1789633724961796096,3812341078526505
2,0,2412,1789633724961807360,3812341078537885
2,0,2413,1789633724961818624,3812341078549300
2,0,2414,1789633724961829888,3812341078560705
2,0,2415,1789633724961841152,3812341078572075
2,0,2416,1789633724961852416,3812341078583435
2,0,2417,1789633724961863680,3812341078594785
2,0,2418,1789633724961874944,3812341078606115
2,0,2419,1789633724961886208,3812341078617520
2,0,2420,1789633724961898496,3812341078628895
2,0,2421,1789633724961909760,3812341078640246
2,0,2422,1789633724961921024,3812341078651702
2,0,2423,1789633724961932288,3812341078663065
2,0,2424,1789633724961943552,3812341078674466
2,0,2425,1789633724961954816,3812341078685815
2,0,2426,1789633724961966080,3812341078697207
2,0,2427,1789633724961977344,3812341078708566
2,0,2428,1789633724961989632,3812341078719987
2,0,2429,1789633724962000896,3812341078731384
2,0,2430,1789633724962012160,3812341078742776
2,0,2431,1789633724962023424,3812341078754176
2,0,2432,1789633724962034688,3812341078765545
2,0,2433,1789633724962045952,3812341078776885
2,0,2434,1789633724962057216,3812341078788270
2,0,2435,1789633724962068480,3812341078799566
2,0,2436,1789633724962079744,3812341078810925
2,0,2437,1789633724962091008,3812341078822285
2,0,2438,1789633724962103296,3812341078833635
2,0,2439,1789633724962114560,3812341078845075
2,0,2440,1789633724962125824,3812341078856545
2,0,2441,1789633724962137088,3812341078867916
2,0,2442,1789633724962148352,3812341078879285
2,0,2443,1789633724962159616,3812341078890685
2,0,2444,1789633724962170880,3812341078902105
2,0,2445,1789633724962182144,3812341078913465
2,0,2446,1789633724962194432,3812341078924865
2,0,2447,1789633724962205696,3812341078936265
2,0,2448,1789633724962216960,3812341078947665
2,0,2449,1789633724962228224,3812341078959045
2,0,2450,1789633724962239488,3812341078970400
2,0,2451,1789633724962250752,3812341078981765
2,0,2452,1789633724962262016,3812341078993135
2,0,2453,1789633724962273280,3812341079004495
2,0,2454,1789633724962284544,3812341079015885
2,0,2455,1789633724962296832,3812341079027235
2,0,2456,1789633724962308096,3812341079038575
2,0,2457,1789633724962319360,3812341079049965
2,0,2458,1789633724962330624,3812341079061375
2,0,2459,1789633724962341888,3812341079072740
2,0,2460,1789633724962353152,3812341079084155
2,0,2461,1789633724962364416,3812341079095546
2,0,2462,1789633724962375680,3812341079106856
2,0,2463,1789633724962386944,3812341079118245
2,0,2464,1789633724962399232,3812341079129670
2,0,2465,1789633724962410496,3812341079141055
2,0,2466,1789633724962421760,3812341079152385
2,0,2467,1789633724962433024,3812341079163777
2,0,2468,1789633724962444288,3812341079175136
2,0,2469,1789633724962455552,3812341079186525
2,0,2470,1789633724962466816,3812341079197942
2,0,2471,1789633724962478080,3812341079209325
2,0,2472,1789633724962489344,3812341079220675
2,0,2473,1789633724962501632,3812341079232046
2,0,2474,1789633724962512896,3812341079243415
2,0,2475,1789633724962524160,3812341079254795
2,0,2476,1789633724962535424,3812341079266215
2,0,2477,1789633724962546688,3812341079277585
2,0,2478,1789633724962557952,3812341079288955
2,0,2479,1789633724962569216,3812341079300315
2,0,2480,1789633724962580480,3812341079311685
2,0,2481,1789633724962591744,3812341079323073
2,0,2482,1789633724962604032,3812341079334497
2,0,2483,1789633724962615296,3812341079345868
2,0,2484,1789633724962626560,3812341079357226
2,0,2485,1789633724962637824,3812341079368626
2,0,2486,1789633724962649088,3812341079380052
2,0,2487,1789633724962660352,3812341079391456
2,0,2488,1789633724962671616,3812341079403036
2,0,2489,1789633724962683904,3812341079414483
2,0,2490,1789633724962695168,3812341079425858
2,0,2491,1789633724962706432,3812341079437238
2,0,2492,1789633724962717696,3812341079448672
2,0,2493,1789633724962728960,3812341079460058
2,0,2494,1789633724962740224,3812341079471409
2,0,2495,1789633724962751488,3812341079482770
2,0,2496,1789633724962763776,3812341079494137
2,0,2497,1789633724962775040,3812341079505550
2,0,2498,1789633724962786304,3812341079516970
2,0,2499,1789633724962797568,3812341079528376
2,0,2500,1789633724962808832,3812341079539737
2,0,2501,1789633724962820096,3812341079551305
2,0,2502,1789633724962831360,3812341079562748
2,0,2503,1789633724962843648,3812341079574122
2,0,2504,1789633724962854912,3812341079585579
2,0,2505,1789633724962866176,3812341079596937
2,0,2506,1789633724962877440,3812341079608305
2,0,2507,1789633724962888704,3812341079619638
2,0,2508,1789633724962899968,3812341079631028
2,0,2509,1789633724962911232,3812341079642410
2,0,2510,1789633724962922496,3812341079653798
2,0,2511,1789633724962934784,3812341079665210
2,0,2512,1789633724962946048,3812341079676580
2,0,2513,1789633724962957312,3812341079687937
2,0,2514,1789633724962968576,3812341079699318
2,0,2515,1789633724962979840,3812341079710770
2,0,2516,1789633724962991104,3812341079722145
2,0,2517,1789633724963002368,3812341079733505
2,0,2518,1789633724963013632,3812341079744890
2,0,2519,1789633724963024896,3812341079756236
2,0,2520,1789633724963037184,3812341079767605
2,0,2521,1789633724963048448,3812341079778978
2,0,2522,1789633724963059712,3812341079790419
2,0,2523,1789633724963070976,3812341079801818
2,0,2524,1789633724963082240,3812341079813097
2,0,2525,1789633724963093504,3812341079824437
2,0,2526,1789633724963104768,3812341079835867
2,0,2527,1789633724963116032,3812341079847260
2,0,2528,1789633724963127296,3812341079858646
2,0,2529,1789633724963139584,3812341079870027
2,0,2530,1789633724963150848,3812341079881377
2,0,2531,1789633724963162112,3812341079892730
2,0,2532,1789633724963173376,3812341079904148
2,0,2533,1789633724963184640,3812341079915498
2,0,2534,1789633724963195904,3812341079926845
2,0,2535,1789633724963207168,3812341079938235
2,0,2536,1789633724963218432,3812341079949578
2,0,2537,1789633724963229696,3812341079960956
2,0,2538,1789633724963241984,3812341079972427
2,0,2539,1789633724963253248,3812341079983789
2,0,2540,1789633724963264512,3812341079995178
2,0,2541,1789633724963275776,3812341080006547
2,0,2542,1789633724963287040,3812341080017849
2,0,2543,1789633724963298304,3812341080029246
2,0,2544,1789633724963309568,3812341080040708
2,0,2545,1789633724963320832,3812341080052097
2,0,2546,1789633724963332096,3812341080063465
2,0,2547,1789633724963344384,3812341080074833
2,0,2548,1789633724963355648,3812341080086178
2,0,2549,1789633724963366912,3812341080097532
2,0,2550,1789633724963378176,3812341080108989
2,0,2551,1789633724963389440,3812341080120340
2,0,2552,1789633724963400704,3812341080131739
2,0,2553,1789633724963411968,3812341080143070
2,0,2554,1789633724963423232,3812341080154412
2,0,2555,1789633724963434496,3812341080165790
2,0,2556,1789633724963446784,3812341080177257
2,0,2557,1789633724963458048,3812341080188638
2,0,2558,1789633724963469312,3812341080200009
2,0,2559,1789633724963480576,3812341080211405
2,0,2560,1789633724963491840,3812341080222823
2,0,2561,1789633724963503104,3812341080234176
2,0,2562,1789633724963514368,3812341080245577
2,0,2563,1789633724963525632,3812341080256922
2,0,2564,1789633724963537920,3812341080268296
2,0,2565,1789633724963549184,3812341080279705
2,0,2566,1789633724963560448,3812341080291066
2,0,2567,1789633724963571712,3812341080302436
2,0,2568,1789633724963582976,3812341080313819
2,0,2569,1789633724963594240,3812341080325199
2,0,2570,1789633724963605504,3812341080336586
2,0,2571,1789633724963616768,3812341080347968
2,0,2572,1789633724963628032,3812341080359333
2,0,2573,1789633724963640320,3812341080370700
2,0,2574,1789633724963651584,3812341080382098
2,0,2575,1789633724963662848,3812341080393475
2,0,2576,1789633724963674112,3812341080404856
2,0,2577,1789633724963685376,3812341080416272
2,0,2578,1789633724963696640,3812341080427658
2,0,2579,1789633724963707904,3812341080439059
2,0,2580,1789633724963719168,3812341080450405
2,0,2581,1789633724963730432,3812341080461739
2,0,2582,1789633724963742720,3812341080473158
2,0,2583,1789633724963753984,3812341080484530
2,0,2584,1789633724963765248,3812341080495885
2,0,2585,1789633724963776512,3812341080507220
2,0,2586,1789633724963787776,3812341080518658
2,0,2587,1789633724963799040,3812341080530040
2,0,2588,1789633724963810304,3812341080541390
2,0,2589,1789633724963821568,3812341080552785
2,0,2590,1789633724963832832,3812341080564155
2,0,2591,1789633724963845120,3812341080575558
2,0,2592,1789633724963856384,3812341080586940
2,0,2593,1789633724963867648,3812341080598300
2,0,2594,1789633724963878912,3812341080609693
2,0,2595,1789633724963890176,3812341080621065
2,0,2596,1789633724963901440,3812341080632445
2,0,2597,1789633724963912704,3812341080643772
2,0,2598,1789633724963923968,3812341080655219
2,0,2599,1789633724963935232,3812341080666583
2,0,2600,1789633724963947520,3812341080677967
2,0,2601,1789633724963958784,3812341080689407
2,0,2602,1789633724963970048,3812341080700772
2,0,2603,1789633724963981312,3812341080712152
2,0,2604,1789633724963992576,3812341080723490
2,0,2605,1789633724964003840,3812341080734876
2,0,2606,1789633724964015104,3812341080746282
2,0,2607,1789633724964026368,3812341080757666
2,0,2608,1789633724964038656,3812341080769052
2,0,2609,1789633724964049920,3812341080780412
2,0,2610,1789633724964061184,3812341080791767
2,0,2611,1789633724964072448,3812341080803139
2,0,2612,1789633724964083712,3812341080814505
2,0,2613,1789633724964094976,3812341080825925
2,0,2614,1789633724964106240,3812341080837260
2,0,2615,1789633724964117504,3812341080848605
2,0,2616,1789633724964128768,3812341080860055
2,0,2617,1789633724964141056,3812341080871429
2,0,2618,1789633724964152320,3812341080882845
2,0,2619,1789633724964163584,3812341080894213
2,0,2620,1789633724964174848,3812341080905562
2,0,2621,1789633724964186112,3812341080916860
2,0,2622,1789633724964197376,3812341080928340
2,0,2623,1789633724964208640,3812341080939735
2,0,2624,1789633724964219904,3812341080951125
2,0,2625,1789633724964231168,3812341080962552
2,0,2626,1789633724964243456,3812341080973900
2,0,2627,1789633724964254720,3812341080985292
2,0,2628,1789633724964265984,3812341080996639
2,0,2629,1789633724964277248,3812341081007992
2,0,2630,1789633724964288512,3812341081019385
2,0,2631,1789633724964299776,3812341081030753
2,0,2632,1789633724964311040,3812341081042102
2,0,2633,1789633724964322304,3812341081053465
2,0,2634,1789633724964333568,3812341081064885
2,0,2635,1789633724964345856,3812341081076275
2,0,2636,1789633724964357120,3812341081087643
2,0,2637,1789633724964368384,3812341081099000
2,0,2638,1789633724964379648,3812341081110346
2,0,2639,1789633724964390912,3812341081121695
2,0,2640,1789633724964402176,3812341081133173
2,0,2641,1789633724964413440,3812341081144545
2,0,2642,1789633724964424704,3812341081155962
2,0,2643,1789633724964435968,3812341081167345
2,0,2644,1789633724964448256,3812341081178692
2,0,2645,1789633724964459520,3812341081190060
2,0,2646,1789633724964470784,3812341081201453
2,0,2647,1789633724964482048,3812341081212825
2,0,2648,1789633724964493312,3812341081224199
2,0,2649,1789633724964504576,3812341081235592
2,0,2650,1789633724964515840,3812341081246962
2,0,2651,1789633724964527104,3812341081258321
2,0,2652,1789633724964538368,3812341081269744
2,0,2653,1789633724964550656,3812341081281092
2,0,2654,1789633724964561920,3812341081292465
2,0,2655,1789633724964573184,3812341081303825
2,0,2656,1789633724964584448,3812341081315192
2,0,2657,1789633724964595712,3812341081326592
2,0,2658,1789633724964606976,3812341081338015
2,0,2659,1789633724964618240,3812341081349405
2,0,2660,1789633724964629504,3812341081360752
2,0,2661,1789633724964640768,3812341081372163
2,0,2662,1789633724964653056,3812341081383593
2,0,2663,1789633724964664320,3812341081394985
2,0,2664,1789633724964675584,3812341081406520
2,0,2665,1789633724964686848,3812341081417993
2,0,2666,1789633724964698112,3812341081429360
2,0,2667,1789633724964709376,3812341081440727
2,0,2668,1789633724964721664,3812341081452145
2,0,2669,1789633724964732928,3812341081463512
2,0,2670,1789633724964744192,3812341081474887
2,0,2671,1789633724964755456,3812341081486285
2,0,2672,1789633724964766720,3812341081497630
2,0,2673,1789633724964777984,3812341081509007
2,0,2674,1789633724964789248,3812341081520405
2,0,2675,1789633724964800512,3812341081531783
2,0,2676,1789633724964811776,3812341081543140
2,0,2677,1789633724964824064,3812341081554553
2,0,2678,1789633724964835328,3812341081565927
2,0,2679,1789633724964846592,3812341081577343
2,0,2680,1789633724964857856,3812341081588768
2,0,2681,1789633724964869120,3812341081600160
2,0,2682,1789633724964880384,3812341081611513
2,0,2683,1789633724964891648,3812341081622880
2,0,2684,1789633724964902912,3812341081634285
2,0,2685,1789633724964915200,3812341081645633
2,0,2686,1789633724964926464,3812341081657010
2,0,2687,1789633724964937728,3812341081668380
2,0,2688,1789633724964948992,3812341081679732
2,0,2689,1789633724964960256,3812341081691110
2,0,2690,1789633724964971520,3812341081702492
2,0,2691,1789633724964982784,3812341081713892
2,0,2692,1789633724964994048,3812341081725245
2,0,2693,1789633724965005312,3812341081736633
2,0,2694,1789633724965016576,3812341081747973
2,0,2695,1789633724965028864,3812341081759392
2,0,2696,1789633724965040128,3812341081770802
2,0,2697,1789633724965051392,3812341081782175
2,0,2698,1789633724965062656,3812341081793573
2,0,2699,1789633724965073920,3812341081804945
2,0,2700,1789633724965085184,3812341081816305
2,0,2701,1789633724965096448,3812341081827712
2,0,2702,1789633724965107712,3812341081839185
2,0,2703,1789633724965120000,3812341081850572
2,0,2704,1789633724965131264,3812341081862010
2,0,2705,1789633724965142528,3812341081873352
2,0,2706,1789633724965153792,3812341081884713
2,0,2707,1789633724965165056,3812341081896192
2,0,2708,1789633724965176320,3812341081907652
2,0,2709,1789633724965188608,3812341081919020
2,0,2710,1789633724965199872,3812341081930435
2,0,2711,1789633724965211136,3812341081941779
2,0,2712,1789633724965222400,3812341081953145
2,0,2713,1789633724965233664,3812341081964527
2,0,2714,1789633724965244928,3812341081975932
2,0,2715,1789633724965256192,3812341081987309
2,0,2716,1789633724965267456,3812341081998679
2,0,2717,1789633724965278720,3812341082010061
2,0,2718,1789633724965291008,3812341082021410
2,0,2719,1789633724965302272,3812341082032752
2,0,2720,1789633724965313536,3812341082044215
2,0,2721,1789633724965324800,3812341082055585
2,0,2722,1789633724965336064,3812341082066965
2,0,2723,1789633724965347328,3812341082078298
2,0,2724,1789633724965358592,3812341082089675
2,0,2725,1789633724965369856,3812341082101060
2,0,2726,1789633724965381120,3812341082112485
2,0,2727,1789633724965393408,3812341082123878
2,0,2728,1789633724965404672,3812341082135245
2,0,2729,1789633724965415936,3812341082146652
2,0,2730,1789633724965427200,3812341082157988
2,0,2731,1789633724965438464,3812341082169332
2,0,2732,1789633724965449728,3812341082180778
2,0,2733,1789633724965460992,3812341082192132
2,0,2734,1789633724965472256,3812341082203502
2,0,2735,1789633724965483520,3812341082214870
2,0,2736,1789633724965495808,3812341082226220
2,0,2737,1789633724965507072,3812341082237605
2,0,2738,1789633724965518336,3812341082249050
2,0,2739,1789633724965529600,3812341082260412
2,0,2740,1789633724965540864,3812341082271785
2,0,2741,1789633724965552128,3812341082283185
2,0,2742,1789633724965563392,3812341082294573
2,0,2743,1789633724965574656,3812341082305903
2,0,2744,1789633724965585920,3812341082317325
2,0,2745,1789633724965598208,3812341082328692
2,0,2746,1789633724965609472,3812341082340040
2,0,2747,1789633724965620736,3812341082351465
2,0,2748,1789633724965632000,3812341082362805
2,0,2749,1789633724965643264,3812341082374180
2,0,2750,1789633724965654528,3812341082385610
2,0,2751,1789633724965665792,3812341082396960
2,0,2752,1789633724965677056,3812341082408350
2,0,2753,1789633724965688320,3812341082419740
2,0,2754,1789633724965700608,3812341082431085
2,0,2755,1789633724965711872,3812341082442425
2,0,2756,1789633724965723136,3812341082453885
2,0,2757,1789633724965734400,3812341082465205
2,0,2758,1789633724965745664,3812341082476590
2,0,2759,1789633724965756928,3812341082488012
2,0,2760,1789633724965768192,3812341082499452
2,0,2761,1789633724965779456,3812341082510820
2,0,2762,1789633724965791744,3812341082522172
2,0,2763,1789633724965803008,3812341082533545
2,0,2764,1789633724965814272,3812341082545047
2,0,2765,1789633724965825536,3812341082556313
2,0,2766,1789633724965836800,3812341082567720
2,0,2767,1789633724965848064,3812341082579073
2,0,2768,1789633724965859328,3812341082590473
2,0,2769,1789633724965870592,3812341082601852
2,0,2770,1789633724965881856,3812341082613202
2,0,2771,1789633724965894144,3812341082624595
2,0,2772,1789633724965905408,3812341082635972
2,0,2773,1789633724965916672,3812341082647303
2,0,2774,1789633724965927936,3812341082658725
2,0,2775,1789633724965939200,3812341082670040
2,0,2776,1789633724965950464,3812341082681425
2,0,2777,1789633724965961728,3812341082692812
2,0,2778,1789633724965972992,3812341082704233
2,0,2779,1789633724965984256,3812341082715549
2,0,2780,1789633724965995520,3812341082727005
2,0,2781,1789633724966007808,3812341082738383
2,0,2782,1789633724966019072,3812341082749720
2,0,2783,1789633724966030336,3812341082761125
2,0,2784,1789633724966041600,3812341082772455
2,0,2785,1789633724966052864,3812341082783838
2,0,2786,1789633724966064128,3812341082795285
2,0,2787,1789633724966075392,3812341082806658
2,0,2788,1789633724966086656,3812341082818075
2,0,2789,1789633724966098944,3812341082829420
2,0,2790,1789633724966110208,3812341082840765
2,0,2791,1789633724966121472,3812341082852120
2,0,2792,1789633724966132736,3812341082863563
2,0,2793,1789633724966144000,3812341082875012
2,0,2794,1789633724966155264,3812341082886400
2,0,2795,1789633724966166528,3812341082897802
2,0,2796,1789633724966177792,3812341082909165
2,0,2797,1789633724966190080,3812341082920552
2,0,2798,1789633724966201344,3812341082932075
2,0,2799,1789633724966212608,3812341082943555
2,0,2800,1789633724966223872,3812341082954932
2,0,2801,1789633724966235136,3812341082966286
2,0,2802,1789633724966246400,3812341082977665
2,0,2803,1789633724966257664,3812341082989045
2,0,2804,1789633724966269952,3812341083000400
2,0,2805,1789633724966281216,3812341083011830
2,0,2806,1789633724966292480,3812341083023184
2,0,2807,1789633724966303744,3812341083034562
2,0,2808,1789633724966315008,3812341083045925
2,0,2809,1789633724966326272,3812341083057312
2,0,2810,1789633724966337536,3812341083068673
2,0,2811,1789633724966348800,3812341083080105
2,0,2812,1789633724966360064,3812341083091493
2,0,2813,1789633724966372352,3812341083102865
2,0,2814,1789633724966383616,3812341083114245
2,0,2815,1789633724966394880,3812341083125613
2,0,2816,1789633724966406144,3812341083136985
2,0,2817,1789633724966417408,3812341083148392
2,0,2818,1789633724966428672,3812341083159752
2,0,2819,1789633724966439936,3812341083171103
2,0,2820,1789633724966451200,3812341083182505
2,0,2821,1789633724966462464,3812341083193843
2,0,2822,1789633724966474752,3812341083205270
2,0,2823,1789633724966486016,3812341083216658
2,0,2824,1789633724966497280,3812341083228022
2,0,2825,1789633724966508544,3812341083239405
2,0,2826,1789633724966519808,3812341083250825
2,0,2827,1789633724966531072,3812341083262232
2,0,2828,1789633724966542336,3812341083273612
2,0,2829,1789633724966553600,3812341083284992
2,0,2830,1789633724966565888,3812341083296393
2,0,2831,1789633724966577152,3812341083307785
2,0,2832,1789633724966588416,3812341083319210
2,0,2833,1789633724966599680,3812341083330593
2,0,2834,1789633724966610944,3812341083342010
2,0,2835,1789633724966622208,3812341083353440
2,0,2836,1789633724966633472,3812341083364918
2,0,2837,1789633724966645760,3812341083376288
2,0,2838,1789633724966657024,3812341083387660
2,0,2839,1789633724966668288,3812341083399051
2,0,2840,1789633724966679552,3812341083410420
2,0,2841,1789633724966690816,3812341083421802
2,0,2842,1789633724966702080,3812341083433205
2,0,2843,1789633724966713344,3812341083444572
2,0,2844,1789633724966724608,3812341083455945
2,0,2845,1789633724966736896,3812341083467353
2,0,2846,1789633724966748160,3812341083478710
2,0,2847,1789633724966759424,3812341083490063
2,0,2848,1789633724966770688,3812341083501490
2,0,2849,1789633724966781952,3812341083512853
2,0,2850,1789633724966793216,3812341083524250
2,0,2851,1789633724966804480,3812341083535665
2,0,2852,1789633724966815744,3812341083547040
2,0,2853,1789633724966827008,3812341083558432
2,0,2854,1789633724966839296,3812341083569765
2,0,2855,1789633724966850560,3812341083581092
2,0,2856,1789633724966861824,3812341083592507
2,0,2857,1789633724966873088,3812341083603871
2,0,2858,1789633724966884352,3812341083615265
2,0,2859,1789633724966895616,3812341083626635
2,0,2860,1789633724966906880,3812341083638040
2,0,2861,1789633724966918144,3812341083649400
2,0,2862,1789633724966929408,3812341083660803
2,0,2863,1789633724966941696,3812341083672220
2,0,2864,1789633724966952960,3812341083683535
2,0,2865,1789633724966964224,3812341083694880
2,0,2866,1789633724966975488,3812341083706318
2,0,2867,1789633724966986752,3812341083717700
2,0,2868,1789633724966998016,3812341083729102
2,0,2869,1789633724967009280,3812341083740472
2,0,2870,1789633724967020544,3812341083751892
2,0,2871,1789633724967032832,3812341083763240
2,0,2872,1789633724967044096,3812341083774605
2,0,2873,1789633724967055360,3812341083785970
2,0,2874,1789633724967066624,3812341083797340
2,0,2875,1789633724967077888,3812341083808732
2,0,2876,1789633724967089152,3812341083820083
2,0,2877,1789633724967100416,3812341083831468
2,0,2878,1789633724967111680,3812341083842882
2,0,2879,1789633724967122944,3812341083854245
2,0,2880,1789633724967134208,3812341083865652
2,0,2881,1789633724967146496,3812341083877038
2,0,2882,1789633724967157760,3812341083888390
2,0,2883,1789633724967169024,3812341083899762
2,0,2884,1789633724967180288,3812341083911165
2,0,2885,1789633724967191552,3812341083922565
2,0,2886,1789633724967202816,3812341083933945
2,0,2887,1789633724967214080,3812341083945332
2,0,2888,1789633724967225344,3812341083956670
2,0,2889,1789633724967236608,3812341083968005
2,0,2890,1789633724967248896,3812341083979440
2,0,2891,1789633724967260160,3812341083990805
2,0,2892,1789633724967271424,3812341084002225
2,0,2893,1789633724967282688,3812341084013585
2,0,2894,1789633724967293952,3812341084025003
2,0,2895,1789633724967305216,3812341084036371
2,0,2896,1789633724967316480,3812341084047711
2,0,2897,1789633724967327744,3812341084059091
2,0,2898,1789633724967339008,3812341084070445
2,0,2899,1789633724967351296,3812341084081827
2,0,2900,1789633724967362560,3812341084093206
2,0,2901,1789633724967373824,3812341084104560
2,0,2902,1789633724967385088,3812341084115993
2,0,2903,1789633724967396352,3812341084127371
2,0,2904,1789633724967407616,3812341084138745
2,0,2905,1789633724967418880,3812341084150120
2,0,2906,1789633724967430144,3812341084161471
2,0,2907,1789633724967442432,3812341084172871
2,0,2908,1789633724967453696,3812341084184280
2,0,2909,1789633724967464960,3812341084195663
2,0,2910,1789633724967476224,3812341084206985
2,0,2911,1789633724967487488,3812341084218372
2,0,2912,1789633724967498752,3812341084229791
2,0,2913,1789633724967510016,3812341084241175
2,0,2914,1789633724967521280,3812341084252593
2,0,2915,1789633724967532544,3812341084263945
2,0,2916,1789633724967544832,3812341084275310
2,0,2917,1789633724967556096,3812341084286705
2,0,2918,1789633724967567360,3812341084298075
2,0,2919,1789633724967578624,3812341084309458
2,0,2920,1789633724967589888,3812341084320845
2,0,2921,1789633724967601152,3812341084332193
2,0,2922,1789633724967612416,3812341084343550
2,0,2923,1789633724967623680,3812341084354925
2,0,2924,1789633724967634944,3812341084366308
2,0,2925,1789633724967646208,3812341084377653
2,0,2926,1789633724967658496,3812341084389110
2,0,2927,1789633724967669760,3812341084400480
2,0,2928,1789633724967681024,3812341084411853
2,0,2929,1789633724967692288,3812341084423240
2,0,2930,1789633724967703552,3812341084434585
2,0,2931,1789633724967714816,3812341084445958
2,0,2932,1789633724967726080,3812341084457405
2,0,2933,1789633724967737344,3812341084468785
2,0,2934,1789633724967749632,3812341084480160
2,0,2935,1789633724967760896,3812341084491545
2,0,2936,1789633724967772160,3812341084502960
2,0,2937,1789633724967783424,3812341084514325
2,0,2938,1789633724967794688,3812341084525685
2,0,2939,1789633724967805952,3812341084537043
2,0,2940,1789633724967817216,3812341084548390
2,0,2941,1789633724967828480,3812341084559785
2,0,2942,1789633724967839744,3812341084571173
2,0,2943,1789633724967852032,3812341084582571
2,0,2944,1789633724967863296,3812341084593952
2,0,2945,1789633724967874560,3812341084605400
2,0,2946,1789633724967885824,3812341084616793
2,0,2947,1789633724967897088,3812341084628170
2,0,2948,1789633724967908352,3812341084639572
2,0,2949,1789633724967919616,3812341084650945
2,0,2950,1789633724967930880,3812341084662293
2,0,2951,1789633724967943168,3812341084673670
2,0,2952,1789633724967954432,3812341084685013
2,0,2953,1789633724967965696,3812341084696424
2,0,2954,1789633724967976960,3812341084707730
2,0,2955,1789633724967988224,3812341084719070
2,0,2956,1789633724967999488,3812341084730512
2,0,2957,1789633724968010752,3812341084741874
2,0,2958,1789633724968022016,3812341084753342
2,0,2959,1789633724968033280,3812341084764703
2,0,2960,1789633724968045568,3812341084776113
2,0,2961,1789633724968056832,3812341084787432
2,0,2962,1789633724968068096,3812341084798792
2,0,2963,1789633724968079360,3812341084810153
2,0,2964,1789633724968090624,3812341084821563
2,0,2965,1789633724968101888,3812341084832955
2,0,2966,1789633724968113152,3812341084844277
2,0,2967,1789633724968124416,3812341084855620
2,0,2968,1789633724968135680,3812341084867075
2,0,2969,1789633724968147968,3812341084878442
2,0,2970,1789633724968159232,3812341084889821
2,0,2971,1789633724968170496,3812341084901192
2,0,2972,1789633724968181760,3812341084912554
2,0,2973,1789633724968193024,3812341084923914
2,0,2974,1789633724968204288,3812341084935344
2,0,2975,1789633724968215552,3812341084946718
2,0,2976,1789633724968226816,3812341084958097
2,0,2977,1789633724968238080,3812341084969467
2,0,2978,1789633724968249344,3812341084980803
2,0,2979,1789633724968261632,3812341084992162
2,0,2980,1789633724968272896,3812341085003623
2,0,2981,1789633724968284160,3812341085014982
2,0,2982,1789633724968295424,3812341085026408
2,0,2983,1789633724968306688,3812341085037773
2,0,2984,1789633724968317952,3812341085049091
2,0,2985,1789633724968329216,3812341085060465
2,0,2986,1789633724968340480,3812341085071913
2,0,2987,1789633724968352768,3812341085083348
2,0,2988,1789633724968364032,3812341085094745
2,0,2989,1789633724968375296,3812341085106104
2,0,2990,1789633724968386560,3812341085117475
2,0,2991,1789633724968397824,3812341085128825
2,0,2992,1789633724968409088,3812341085140198
2,0,2993,1789633724968420352,3812341085151545
2,0,2994,1789633724968431616,3812341085162920
2,0,2995,1789633724968442880,3812341085174307
2,0,2996,1789633724968455168,3812341085185687
2,0,2997,1789633724968466432,3812341085197045
2,0,2998,1789633724968477696,3812341085208473
2,0,2999,1789633724968488960,3812341085219883
2,0,3000,1789633724968500224,3812341085231306
2,0,3001,1789633724968511488,3812341085242698
2,0,3002,1789633724968522752,3812341085254092
2,0,3003,1789633724968534016,3812341085265534
2,0,3004,1789633724968546304,3812341085276973
2,0,3005,1789633724968557568,3812341085288450
2,0,3006,1789633724968568832,3812341085299913
2,0,3007,1789633724968580096,3812341085311244
2,0,3008,1789633724968591360,3812341085322638
2,0,3009,1789633724968602624,3812341085334043
2,0,3010,1789633724968614912,3812341085345391
2,0,3011,1789633724968626176,3812341085356793
2,0,3012,1789633724968637440,3812341085368171
2,0,3013,1789633724968648704,3812341085379564
2,0,3014,1789633724968659968,3812341085390983
2,0,3015,1789633724968671232,3812341085402365
2,0,3016,1789633724968682496,3812341085413765
2,0,3017,1789633724968693760,3812341085425230
2,0,3018,1789633724968706048,3812341085436720
2,0,3019,1789633724968717312,3812341085448091
2,0,3020,1789633724968728576,3812341085459474
2,0,3021,1789633724968739840,3812341085470873
2,0,3022,1789633724968751104,3812341085482200
2,0,3023,1789633724968762368,3812341085493561
2,0,3024,1789633724968773632,3812341085505005
2,0,3025,1789633724968784896,3812341085516353
2,0,3026,1789633724968797184,3812341085527780
2,0,3027,1789633724968808448,3812341085539171
2,0,3028,1789633724968819712,3812341085550571
2,0,3029,1789633724968830976,3812341085562010
2,0,3030,1789633724968842240,3812341085573341
2,0,3031,1789633724968853504,3812341085584765
2,0,3032,1789633724968864768,3812341085596142
2,0,3033,1789633724968877056,3812341085607531
2,0,3034,1789633724968888320,3812341085618890
2,0,3035,1789633724968899584,3812341085630287
2,0,3036,1789633724968910848,3812341085641784
2,0,3037,1789633724968922112,3812341085653258
2,0,3038,1789633724968933376,3812341085664653
2,0,3039,1789633724968944640,3812341085676052
2,0,3040,1789633724968956928,3812341085687460
2,0,3041,1789633724968968192,3812341085698834
2,0,3042,1789633724968979456,3812341085710185
2,0,3043,1789633724968990720,3812341085721544
2,0,3044,1789633724969001984,3812341085732904
2,0,3045,1789633724969013248,3812341085744303
2,0,3046,1789633724969024512,3812341085755664
2,0,3047,1789633724969035776,3812341085767032
2,0,3048,1789633724969047040,3812341085778362
2,0,3049,1789633724969058304,3812341085789813
2,0,3050,1789633724969070592,3812341085801210
2,0,3051,1789633724969081856,3812341085812591
2,0,3052,1789633724969093120,3812341085823985
2,0,3053,1789633724969104384,3812341085835331
2,0,3054,1789633724969115648,3812341085846663
2,0,3055,1789633724969126912,3812341085858092
2,0,3056,1789633724969138176,3812341085869452
2,0,3057,1789633724969149440,3812341085880843
2,0,3058,1789633724969161728,3812341085892245
2,0,3059,1789633724969172992,3812341085903592
2,0,3060,1789633724969184256,3812341085914980
2,0,3061,1789633724969195520,3812341085926373
2,0,3062,1789633724969206784,3812341085937751
2,0,3063,1789633724969218048,3812341085949132
2,0,3064,1789633724969229312,3812341085960510
2,0,3065,1789633724969240576,3812341085971831
2,0,3066,1789633724969251840,3812341085983184
2,0,3067,1789633724969263104,3812341085994652
2,0,3068,1789633724969275392,3812341086006012
2,0,3069,1789633724969286656,3812341086017411
2,0,3070,1789633724969297920,3812341086028771
2,0,3071,1789633724969309184,3812341086040098
2,0,3072,1789633724969320448,3812341086051464
2,0,3073,1789633724969331712,3812341086062921
2,0,3074,1789633724969342976,3812341086074290
2,0,3075,1789633724969354240,3812341086085685
2,0,3076,1789633724969366528,3812341086097077
2,0,3077,1789633724969377792,3812341086108432
2,0,3078,1789633724969389056,3812341086119771
2,0,3079,1789633724969400320,3812341086131213
2,0,3080,1789633724969411584,3812341086142604
2,0,3081,1789633724969422848,3812341086153978
2,0,3082,1789633724969434112,3812341086165344
2,0,3083,1789633724969445376,3812341086176707
2,0,3084,1789633724969456640,3812341086188078
2,0,3085,1789633724969468928,3812341086199493
2,0,3086,1789633724969480192,3812341086210883
2,0,3087,1789633724969491456,3812341086222284
2,0,3088,1789633724969502720,3812341086233650
2,0,3089,1789633724969513984,3812341086245051
2,0,3090,1789633724969525248,3812341086256382
2,0,3091,1789633724969536512,3812341086267771
2,0,3092,1789633724969547776,3812341086279163
2,0,3093,1789633724969559040,3812341086290503
2,0,3094,1789633724969571328,3812341086301865
2,0,3095,1789633724969582592,3812341086313230
2,0,3096,1789633724969593856,3812341086324593
2,0,3097,1789633724969605120,3812341086336040
2,0,3098,1789633724969616384,3812341086347453
2,0,3099,1789633724969627648,3812341086358824
2,0,3100,1789633724969638912,3812341086370172
2,0,3101,1789633724969650176,3812341086381531
2,0,3102,1789633724969661440,3812341086392900
2,0,3103,1789633724969673728,3812341086404315
2,0,3104,1789633724969684992,3812341086415704
2,0,3105,1789633724969696256,3812341086427117
2,0,3106,1789633724969707520,3812341086438531
2,0,3107,1789633724969718784,3812341086449940
2,0,3108,1789633724969730048,3812341086461311
2,0,3109,1789633724969741312,3812341086472833
2,0,3110,1789633724969753600,3812341086484313
2,0,3111,1789633724969764864,3812341086495674
2,0,3112,1789633724969776128,3812341086507032
2,0,3113,1789633724969787392,3812341086518432
2,0,3114,1789633724969798656,3812341086529803
2,0,3115,1789633724969809920,3812341086541204
2,0,3116,1789633724969821184,3812341086552604
2,0,3117,1789633724969833472,3812341086563940
2,0,3118,1789633724969844736,3812341086575333
2,0,3119,1789633724969856000,3812341086586711
2,0,3120,1789633724969867264,3812341086598084
2,0,3121,1789633724969878528,3812341086609450
2,0,3122,1789633724969889792,3812341086620875
2,0,3123,1789633724969901056,3812341086632244
2,0,3124,1789633724969912320,3812341086643705
2,0,3125,1789633724969924608,3812341086655089
2,0,3126,1789633724969935872,3812341086666468
2,0,3127,1789633724969947136,3812341086677874
2,0,3128,1789633724969958400,3812341086689407
2,0,3129,1789633724969969664,3812341086700853
2,0,3130,1789633724969980928,3812341086712230
2,0,3131,1789633724969992192,3812341086723625
2,0,3132,1789633724970004480,3812341086735044
2,0,3133,1789633724970015744,3812341086746424
2,0,3134,1789633724970027008,3812341086757814
2,0,3135,1789633724970038272,3812341086769131
2,0,3136,1789633724970049536,3812341086780505
2,0,3137,1789633724970060800,3812341086791877
2,0,3138,1789633724970072064,3812341086803363
2,0,3139,1789633724970083328,3812341086814742
2,0,3140,1789633724970095616,3812341086826092
2,0,3141,1789633724970106880,3812341086837445
2,0,3142,1789633724970118144,3812341086848800
2,0,3143,1789633724970129408,3812341086860132
2,0,3144,1789633724970140672,3812341086871553
2,0,3145,1789633724970151936,3812341086882924
2,0,3146,1789633724970163200,3812341086894292
2,0,3147,1789633724970174464,3812341086905692
2,0,3148,1789633724970185728,3812341086917050
2,0,3149,1789633724970196992,3812341086928464
2,0,3150,1789633724970209280,3812341086939834
2,0,3151,1789633724970220544,3812341086951130
2,0,3152,1789633724970231808,3812341086962502
2,0,3153,1789633724970243072,3812341086973970
2,0,3154,1789633724970254336,3812341086985340
2,0,3155,1789633724970265600,3812341086996704
2,0,3156,1789633724970276864,3812341087008065
2,0,3157,1789633724970288128,3812341087019423
2,0,3158,1789633724970299392,3812341087030820
2,0,3159,1789633724970311680,3812341087042254
2,0,3160,1789633724970322944,3812341087053610
2,0,3161,1789633724970334208,3812341087065023
2,0,3162,1789633724970345472,3812341087076405
2,0,3163,1789633724970356736,3812341087087733
2,0,3164,1789633724970368000,3812341087099115
2,0,3165,1789633724970379264,3812341087110531
2,0,3166,1789633724970390528,3812341087121900
2,0,3167,1789633724970402816,3812341087133365
2,0,3168,1789633724970414080,3812341087144763
2,0,3169,1789633724970425344,3812341087156113
2,0,3170,1789633724970436608,3812341087167464
2,0,3171,1789633724970447872,3812341087178833
2,0,3172,1789633724970459136,3812341087190192
2,0,3173,1789633724970470400,3812341087201567
2,0,3174,1789633724970481664,3812341087212933
2,0,3175,1789633724970492928,3812341087224306
2,0,3176,1789633724970505216,3812341087235680
2,0,3177,1789633724970516480,3812341087247090
2,0,3178,1789633724970527744,3812341087258450
2,0,3179,1789633724970539008,3812341087269813
2,0,3180,1789633724970550272,3812341087281172
2,0,3181,1789633724970561536,3812341087292540
2,0,3182,1789633724970572800,3812341087303920
2,0,3183,1789633724970584064,3812341087315371
2,0,3184,1789633724970595328,3812341087326725
2,0,3185,1789633724970607616,3812341087338124
2,0,3186,1789633724970618880,3812341087349490
2,0,3187,1789633724970630144,3812341087360854
2,0,3188,1789633724970641408,3812341087372240
2,0,3189,1789633724970652672,3812341087383653
2,0,3190,1789633724970663936,3812341087395032
2,0,3191,1789633724970675200,3812341087406400
2,0,3192,1789633724970686464,3812341087417765
2,0,3193,1789633724970697728,3812341087429200
2,0,3194,1789633724970710016,3812341087440523
2,0,3195,1789633724970721280,3812341087451922
2,0,3196,1789633724970732544,3812341087463371
2,0,3197,1789633724970743808,3812341087474764
2,0,3198,1789633724970755072,3812341087486140
2,0,3199,1789633724970766336,3812341087497502
2,0,3200,1789633724970777600,3812341087508890
2,0,3201,1789633724970788864,3812341087520235
2,0,3202,1789633724970800128,3812341087531594
2,0,3203,1789633724970812416,3812341087542992
2,0,3204,1789633724970823680,3812341087554385
2,0,3205,1789633724970834944,3812341087565772
2,0,3206,1789633724970846208,3812341087577113
2,0,3207,1789633724970857472,3812341087588491
2,0,3208,1789633724970868736,3812341087599847
2,0,3209,1789633724970880000,3812341087611234
2,0,3210,1789633724970891264,3812341087622632
2,0,3211,1789633724970902528,3812341087634044
2,0,3212,1789633724970914816,3812341087645390
2,0,3213,1789633724970926080,3812341087656763
2,0,3214,1789633724970937344,3812341087668144
2,0,3215,1789633724970948608,3812341087679545
2,0,3216,1789633724970959872,3812341087690924
2,0,3217,1789633724970971136,3812341087702322
2,0,3218,1789633724970982400,3812341087713651
2,0,3219,1789633724970993664,3812341087725043
2,0,3220,1789633724971005952,3812341087736453
2,0,3221,1789633724971017216,3812341087747832
2,0,3222,1789633724971028480,3812341087759225
2,0,3223,1789633724971039744,3812341087770531
2,0,3224,1789633724971051008,3812341087781860
2,0,3225,1789633724971062272,3812341087793324
2,0,3226,1789633724971073536,3812341087804686
2,0,3227,1789633724971084800,3812341087816074
2,0,3228,1789633724971096064,3812341087827464
2,0,3229,1789633724971107328,3812341087838830
2,0,3230,1789633724971119616,3812341087850185
2,0,3231,1789633724971130880,3812341087861590
2,0,3232,1789633724971142144,3812341087872958
2,0,3233,1789633724971153408,3812341087884344
2,0,3234,1789633724971164672,3812341087895744
2,0,3235,1789633724971175936,3812341087907060
2,0,3236,1789633724971187200,3812341087918409
2,0,3237,1789633724971198464,3812341087929880
2,0,3238,1789633724971209728,3812341087941233
2,0,3239,1789633724971222016,3812341087952624
2,0,3240,1789633724971233280,3812341087963987
2,0,3241,1789633724971244544,3812341087975330
2,0,3242,1789633724971255808,3812341087986684
2,0,3243,1789633724971267072,3812341087998153
2,0,3244,1789633724971278336,3812341088009550
2,0,3245,1789633724971289600,3812341088020922
2,0,3246,1789633724971300864,3812341088032272
2,0,3247,1789633724971313152,3812341088043640
2,0,3248,1789633724971324416,3812341088054998
2,0,3249,1789633724971335680,3812341088066442
2,0,3250,1789633724971346944,3812341088077832
2,0,3251,1789633724971358208,3812341088089205
2,0,3252,1789633724971369472,3812341088100571
2,0,3253,1789633724971380736,3812341088111912
2,0,3254,1789633724971392000,3812341088123337
2,0,3255,1789633724971403264,3812341088134727
2,0,3256,1789633724971415552,3812341088146084
2,0,3257,1789633724971426816,3812341088157487
2,0,3258,1789633724971438080,3812341088168868
2,0,3259,1789633724971449344,3812341088180227
2,0,3260,1789633724971460608,3812341088191565
2,0,3261,1789633724971471872,3812341088202990
2,0,3262,1789633724971483136,3812341088214352
2,0,3263,1789633724971494400,3812341088225717
2,0,3264,1789633724971505664,3812341088237093
2,0,3265,1789633724971517952,3812341088248445
2,0,3266,1789633724971529216,3812341088259804
2,0,3267,1789633724971540480,3812341088271273
2,0,3268,1789633724971551744,3812341088282637
2,0,3269,1789633724971563008,3812341088294005
2,0,3270,1789633724971574272,3812341088305378
2,0,3271,1789633724971585536,3812341088316780
2,0,3272,1789633724971596800,3812341088328172
2,0,3273,1789633724971608064,3812341088339552
2,0,3274,1789633724971620352,3812341088350922
2,0,3275,1789633724971631616,3812341088362302
2,0,3276,1789633724971642880,3812341088373713
2,0,3277,1789633724971654144,3812341088385062
2,0,3278,1789633724971665408,3812341088396440
2,0,3279,1789633724971676672,3812341088407831
2,0,3280,1789633724971687936,3812341088419198
2,0,3281,1789633724971699200,3812341088430614
2,0,3282,1789633724971710464,3812341088442010
2,0,3283,1789633724971722752,3812341088453392
2,0,3284,1789633724971734016,3812341088464731
2,0,3285,1789633724971745280,3812341088476115
2,0,3286,1789633724971756544,3812341088487471
2,0,3287,1789633724971767808,3812341088498811
2,0,3288,1789633724971779072,3812341088510225
2,0,3289,1789633724971790336,3812341088521565
2,0,3290,1789633724971801600,3812341088532938
2,0,3291,1789633724971812864,3812341088544391
2,0,3292,1789633724971825152,3812341088555780
2,0,3293,1789633724971836416,3812341088567167
2,0,3294,1789633724971847680,3812341088578573
2,0,3295,1789633724971858944,3812341088589973
2,0,3296,1789633724971870208,3812341088601340
2,0,3297,1789633724971881472,3812341088612713
2,0,3298,1789633724971892736,3812341088624125
2,0,3299,1789633724971904000,3812341088635544
2,0,3300,1789633724971916288,3812341088646940
2,0,3301,1789633724971927552,3812341088658332
2,0,3302,1789633724971938816,3812341088669712
2,0,3303,1789633724971950080,3812341088681185
2,0,3304,1789633724971961344,3812341088692651
2,0,3305,1789633724971972608,3812341088704051
2,0,3306,1789633724971984896,3812341088715550
2,0,3307,1789633724971996160,3812341088726972
2,0,3308,1789633724972007424,3812341088738345
2,0,3309,1789633724972018688,3812341088749674
2,0,3310,1789633724972029952,3812341088761161
2,0,3311,1789633724972041216,3812341088772632
2,0,3312,1789633724972053504,3812341088784018
2,0,3313,1789633724972064768,3812341088795384
2,0,3314,1789633724972076032,3812341088806745
2,0,3315,1789633724972087296,3812341088818105
2,0,3316,1789633724972098560,3812341088829443
2,0,3317,1789633724972109824,3812341088840924
2,0,3318,1789633724972121088,3812341088852285
2,0,3319,1789633724972132352,3812341088863680
2,0,3320,1789633724972143616,3812341088875071
2,0,3321,1789633724972155904,3812341088886440
2,0,3322,1789633724972167168,3812341088897785
2,0,3323,1789633724972178432,3812341088909191
2,0,3324,1789633724972189696,3812341088920573
2,0,3325,1789633724972200960,3812341088932010
2,0,3326,1789633724972212224,3812341088943362
2,0,3327,1789633724972223488,3812341088954700
2,0,3328,1789633724972234752,3812341088966071
2,0,3329,1789633724972246016,3812341088977470
2,0,3330,1789633724972257280,3812341088988811
2,0,3331,1789633724972269568,3812341089000162
2,0,3332,1789633724972280832,3812341089011503
2,0,3333,1789633724972292096,3812341089022867
2,0,3334,1789633724972303360,3812341089034287
2,0,3335,1789633724972314624,3812341089045747
2,0,3336,1789633724972325888,3812341089057145
2,0,3337,1789633724972337152,3812341089068544
2,0,3338,1789633724972348416,3812341089079943
2,0,3339,1789633724972360704,3812341089091360
2,0,3340,1789633724972371968,3812341089102724
2,0,3341,1789633724972383232,3812341089114270
2,0,3342,1789633724972394496,3812341089125744
2,0,3343,1789633724972405760,3812341089137106
2,0,3344,1789633724972417024,3812341089148432
2,0,3345,1789633724972428288,3812341089159832
2,0,3346,1789633724972440576,3812341089171184
2,0,3347,1789633724972451840,3812341089182542
2,0,3348,1789633724972463104,3812341089194021
2,0,3349,1789633724972474368,3812341089205385
2,0,3350,1789633724972485632,3812341089217014
2,0,3351,1789633724972496896,3812341089228414
2,0,3352,1789633724972509184,3812341089239825
2,0,3353,1789633724972520448,3812341089251208
2,0,3354,1789633724972531712,3812341089262563
2,0,3355,1789633724972542976,3812341089274004
2,0,3356,1789633724972554240,3812341089285378
2,0,3357,1789633724972565504,3812341089296747
2,0,3358,1789633724972576768,3812341089308154
2,0,3359,1789633724972588032,3812341089319493
2,0,3360,1789633724972600320,3812341089330894
2,0,3361,1789633724972611584,3812341089342284
2,0,3362,1789633724972622848,3812341089353653
2,0,3363,1789633724972634112,3812341089365080
2,0,3364,1789633724972645376,3812341089376484
2,0,3365,1789633724972656640,3812341089387870
2,0,3366,1789633724972667904,3812341089399252
2,0,3367,1789633724972679168,3812341089410595
2,0,3368,1789633724972690432,3812341089422011
2,0,3369,1789633724972702720,3812341089433350
2,0,3370,1789633724972713984,3812341089444784
2,0,3371,1789633724972725248,3812341089456183
2,0,3372,1789633724972736512,3812341089467563
2,0,3373,1789633724972747776,3812341089479095
2,0,3374,1789633724972759040,3812341089490554
2,0,3375,1789633724972771328,3812341089502011
2,0,3376,1789633724972782592,3812341089513390
2,0,3377,1789633724972793856,3812341089524770
2,0,3378,1789633724972805120,3812341089536145
2,0,3379,1789633724972816384,3812341089547497
2,0,3380,1789633724972827648,3812341089558858
2,0,3381,1789633724972838912,3812341089570205
2,0,3382,1789633724972850176,3812341089581615
2,0,3383,1789633724972861440,3812341089592983
2,0,3384,1789633724972873728,3812341089604387
2,0,3385,1789633724972884992,3812341089615784
2,0,3386,1789633724972896256,3812341089627163
2,0,3387,1789633724972907520,3812341089638570
2,0,3388,1789633724972918784,3812341089649948
2,0,3389,1789633724972930048,3812341089661345
2,0,3390,1789633724972941312,3812341089672707
2,0,3391,1789633724972952576,3812341089684107
2,0,3392,1789633724972964864,3812341089695624
2,0,3393,1789633724972976128,3812341089707093
2,0,3394,1789633724972987392,3812341089718504
2,0,3395,1789633724972998656,3812341089729882
2,0,3396,1789633724973009920,3812341089741274
2,0,3397,1789633724973021184,3812341089752651
2,0,3398,1789633724973033472,3812341089764054
2,0,3399,1789633724973044736,3812341089775430
2,0,3400,1789633724973056000,3812341089786814
2,0,3401,1789633724973067264,3812341089798224
2,0,3402,1789633724973078528,3812341089809635
2,0,3403,1789633724973089792,3812341089820973
2,0,3404,1789633724973101056,3812341089832370
2,0,3405,1789633724973112320,3812341089849401
2,0,3406,1789633724973124608,3812341089855352
2,0,3407,1789633724973135872,3812341089866665
2,0,3408,1789633724973147136,3812341089878035
2,0,3409,1789633724973158400,3812341089889406
2,0,3410,1789633724973169664,3812341089900745
2,0,3411,1789633724973180928,3812341089912154
2,0,3412,1789633724973192192,3812341089923640
2,0,3413,1789633724973203456,3812341089935011
2,0,3414,1789633724973215744,3812341089946373
2,0,3415,1789633724973227008,3812341089957770
2,0,3416,1789633724973238272,3812341089969148
2,0,3417,1789633724973249536,3812341089980524
2,0,3418,1789633724973260800,3812341089991915
2,0,3419,1789633724973272064,3812341090003370
2,0,3420,1789633724973283328,3812341090014754
2,0,3421,1789633724973294592,3812341090026144
2,0,3422,1789633724973306880,3812341090037534
2,0,3423,1789633724973318144,3812341090048924
2,0,3424,1789633724973329408,3812341090060443
2,0,3425,1789633724973340672,3812341090071910
2,0,3426,1789633724973351936,3812341090083357
2,0,3427,1789633724973363200,3812341090094771
2,0,3428,1789633724973375488,3812341090106157
2,0,3429,1789633724973386752,3812341090117531
2,0,3430,1789633724973398016,3812341090128900
2,0,3431,1789633724973409280,3812341090140433
2,0,3432,1789633724973420544,3812341090151884
2,0,3433,1789633724973431808,3812341090163348
2,0,3434,1789633724973444096,3812341090174721
2,0,3435,1789633724973455360,3812341090186131
2,0,3436,1789633724973466624,3812341090197517
2,0,3437,1789633724973477888,3812341090208884
2,0,3438,1789633724973489152,3812341090220410
2,0,3439,1789633724973500416,3812341090231875
2,0,3440,1789633724973512704,3812341090243244
2,0,3441,1789633724973523968,3812341090254641
2,0,3442,1789633724973535232,3812341090266068
2,0,3443,1789633724973546496,3812341090277435
2,0,3444,1789633724973557760,3812341090288793
2,0,3445,1789633724973569024,3812341090300171
2,0,3446,1789633724973580288,3812341090311535
2,0,3447,1789633724973591552,3812341090322932
2,0,3448,1789633724973602816,3812341090334257
2,0,3449,1789633724973614080,3812341090345616
2,0,3450,1789633724973626368,3812341090356957
2,0,3451,1789633724973637632,3812341090368426
2,0,3452,1789633724973648896,3812341090379819
2,0,3453,1789633724973660160,3812341090391210
2,0,3454,1789633724973671424,3812341090402595
2,0,3455,1789633724973682688,3812341090413978
2,0,3456,1789633724973693952,3812341090425384
2,0,3457,1789633724973705216,3812341090436778
2,0,3458,1789633724973717504,3812341090448159
2,0,3459,1789633724973728768,3812341090459550
2,0,3460,1789633724973740032,3812341090470949
2,0,3461,1789633724973751296,3812341090482291
2,0,3462,1789633724973762560,3812341090493641
2,0,3463,1789633724973773824,3812341090505008
2,0,3464,1789633724973785088,3812341090516398
2,0,3465,1789633724973796352,3812341090527739
2,0,3466,1789633724973807616,3812341090539131
2,0,3467,1789633724973819904,3812341090550484
2,0,3468,1789633724973831168,3812341090561845
2,0,3469,1789633724973842432,3812341090573268
2,0,3470,1789633724973853696,3812341090584630
2,0,3471,1789633724973864960,3812341090596043
2,0,3472,1789633724973876224,3812341090607398
2,0,3473,1789633724973887488,3812341090618736
2,0,3474,1789633724973898752,3812341090630103
2,0,3475,1789633724973910016,3812341090641536
2,0,3476,1789633724973922304,3812341090652940
2,0,3477,1789633724973933568,3812341090664323
2,0,3478,1789633724973944832,3812341090675702
2,0,3479,1789633724973956096,3812341090687066
2,0,3480,1789633724973967360,3812341090698440
2,0,3481,1789633724973978624,3812341090709828
2,0,3482,1789633724973989888,3812341090721199
2,0,3483,1789633724974001152,3812341090732586
2,0,3484,1789633724974012416,3812341090743978
2,0,3485,1789633724974024704,3812341090755375
2,0,3486,1789633724974035968,3812341090766764
2,0,3487,1789633724974047232,3812341090778139
2,0,3488,1789633724974058496,3812341090789542
2,0,3489,1789633724974069760,3812341090800932
2,0,3490,1789633724974081024,3812341090812283
2,0,3491,1789633724974092288,3812341090823696
2,0,3492,1789633724974103552,3812341090835094
2,0,3493,1789633724974115840,3812341090846601
2,0,3494,1789633724974127104,3812341090858088
2,0,3495,1789633724974138368,3812341090869468
2,0,3496,1789633724974149632,3812341090880846
2,0,3497,1789633724974160896,3812341090892279
2,0,3498,1789633724974172160,3812341090903643
2,0,3499,1789633724974184448,3812341090914986
2,0,3500,1789633724974195712,3812341090926391
2,0,3501,1789633724974206976,3812341090937757
2,0,3502,1789633724974218240,3812341090949142
2,0,3503,1789633724974229504,3812341090960590
2,0,3504,1789633724974240768,3812341090972000
2,0,3505,1789633724974252032,3812341090983359
2,0,3506,1789633724974263296,3812341090994884
2,0,3507,1789633724974275584,3812341091006346
2,0,3508,1789633724974286848,3812341091017651
2,0,3509,1789633724974298112,3812341091029050
2,0,3510,1789633724974309376,3812341091040468
2,0,3511,1789633724974320640,3812341091051802
2,0,3512,1789633724974331904,3812341091063153
2,0,3513,1789633724974343168,3812341091074628
2,0,3514,1789633724974354432,3812341091086008
2,0,3515,1789633724974366720,3812341091097413
2,0,3516,1789633724974377984,3812341091108785
2,0,3517,1789633724974389248,3812341091120205
2,0,3518,1789633724974400512,3812341091131561
2,0,3519,1789633724974411776,3812341091142943
2,0,3520,1789633724974423040,3812341091154355
2,0,3521,1789633724974434304,3812341091165733
2,0,3522,1789633724974445568,3812341091177142
2,0,3523,1789633724974457856,3812341091188493
2,0,3524,1789633724974469120,3812341091199858
2,0,3525,1789633724974480384,3812341091211228
2,0,3526,1789633724974491648,3812341091222625
2,0,3527,1789633724974502912,3812341091234044
2,0,3528,1789633724974514176,3812341091245422
2,0,3529,1789633724974525440,3812341091256840
2,0,3530,1789633724974536704,3812341091268181
2,0,3531,1789633724974547968,3812341091279695
2,0,3532,1789633724974560256,3812341091291173
2,0,3533,1789633724974571520,3812341091302534
2,0,3534,1789633724974582784,3812341091313918
2,0,3535,1789633724974594048,3812341091325343
2,0,3536,1789633724974605312,3812341091336725
2,0,3537,1789633724974616576,3812341091348069
2,0,3538,1789633724974628864,3812341091359448
2,0,3539,1789633724974640128,3812341091370836
2,0,3540,1789633724974651392,3812341091382209
2,0,3541,1789633724974662656,3812341091393594
2,0,3542,1789633724974673920,3812341091404953
2,0,3543,1789633724974685184,3812341091416349
2,0,3544,1789633724974696448,3812341091427769
2,0,3545,1789633724974707712,3812341091439186
2,0,3546,1789633724974720000,3812341091450608
2,0,3547,1789633724974731264,3812341091462010
2,0,3548,1789633724974742528,3812341091473374
2,0,3549,1789633724974753792,3812341091484743
2,0,3550,1789633724974765056,3812341091496226
2,0,3551,1789633724974776320,3812341091507714
2,0,3552,1789633724974787584,3812341091519081
2,0,3553,1789633724974799872,3812341091530506
2,0,3554,1789633724974811136,3812341091541880
2,0,3555,1789633724974822400,3812341091553269
2,0,3556,1789633724974833664,3812341091564662
2,0,3557,1789633724974844928,3812341091576028
2,0,3558,1789633724974856192,3812341091587435
2,0,3559,1789633724974867456,3812341091598826
2,0,3560,1789633724974878720,3812341091610214
2,0,3561,1789633724974891008,3812341091621593
2,0,3562,1789633724974902272,3812341091632961
2,0,3563,1789633724974913536,3812341091644531
2,0,3564,1789633724974924800,3812341091655978
2,0,3565,1789633724974936064,3812341091667369
2,0,3566,1789633724974947328,3812341091678718
2,0,3567,1789633724974958592,3812341091690084
2,0,3568,1789633724974970880,3812341091701531
2,0,3569,1789633724974982144,3812341091712866
2,0,3570,1789633724974993408,3812341091724251
2,0,3571,1789633724975004672,3812341091735622
2,0,3572,1789633724975015936,3812341091746993
2,0,3573,1789633724975027200,3812341091758428
2,0,3574,1789633724975038464,3812341091769820
2,0,3575,1789633724975049728,3812341091781176
2,0,3576,1789633724975060992,3812341091792551
2,0,3577,1789633724975073280,3812341091803905
2,0,3578,1789633724975084544,3812341091815291
2,0,3579,1789633724975095808,3812341091826679
2,0,3580,1789633724975107072,3812341091838100
2,0,3581,1789633724975118336,3812341091849479
2,0,3582,1789633724975129600,3812341091860879
2,0,3583,1789633724975140864,3812341091872216
2,0,3584,1789633724975152128,3812341091883609
2,0,3585,1789633724975164416,3812341091895014
2,0,3586,1789633724975175680,3812341091906376
2,0,3587,1789633724975186944,3812341091917776
2,0,3588,1789633724975198208,3812341091929111
2,0,3589,1789633724975209472,3812341091940487
2,0,3590,1789633724975220736,3812341091951875
2,0,3591,1789633724975232000,3812341091963364
2,0,3592,1789633724975243264,3812341091974755
2,0,3593,1789633724975255552,3812341091986135
2,0,3594,1789633724975266816,3812341091997609
2,0,3595,1789633724975278080,3812341092009091
2,0,3596,1789633724975289344,3812341092020449
2,0,3597,1789633724975300608,3812341092031860
2,0,3598,1789633724975311872,3812341092043254
2,0,3599,1789633724975323136,3812341092054672
2,0,3600,1789633724975335424,3812341092066068
2,0,3601,1789633724975346688,3812341092077585
2,0,3602,1789633724975357952,3812341092089064
2,0,3603,1789633724975369216,3812341092100436
2,0,3604,1789633724975380480,3812341092111840
2,0,3605,1789633724975391744,3812341092123174
2,0,3606,1789633724975403008,3812341092134516
2,0,3607,1789633724975415296,3812341092145871
2,0,3608,1789633724975426560,3812341092157340
2,0,3609,1789633724975437824,3812341092168725
2,0,3610,1789633724975449088,3812341092180095
2,0,3611,1789633724975460352,3812341092191500
2,0,3612,1789633724975471616,3812341092202899
2,0,3613,1789633724975482880,3812341092214273
2,0,3614,1789633724975494144,3812341092225665
2,0,3615,1789633724975506432,3812341092237064
2,0,3616,1789633724975517696,3812341092248486
2,0,3617,1789633724975528960,3812341092259833
2,0,3618,1789633724975540224,3812341092271192
2,0,3619,1789633724975551488,3812341092282556
2,0,3620,1789633724975562752,3812341092293929
2,0,3621,1789633724975574016,3812341092305349
2,0,3622,1789633724975585280,3812341092316681
2,0,3623,1789633724975596544,3812341092328054
2,0,3624,1789633724975608832,3812341092339451
2,0,3625,1789633724975620096,3812341092350791
2,0,3626,1789633724975631360,3812341092362174
2,0,3627,1789633724975642624,3812341092373549
2,0,3628,1789633724975653888,3812341092391031
2,0,3629,1789633724975665152,3812341092396281
2,0,3630,1789633724975676416,3812341092407631
2,0,3631,1789633724975687680,3812341092419011
2,0,3632,1789633724975698944,3812341092430458
2,0,3633,1789633724975711232,3812341092441902
2,0,3634,1789633724975722496,3812341092453358
2,0,3635,1789633724975733760,3812341092464716
2,0,3636,1789633724975745024,3812341092476116
2,0,3637,1789633724975756288,3812341092487466
2,0,3638,1789633724975767552,3812341092498968
2,0,3639,1789633724975778816,3812341092510449
2,0,3640,1789633724975791104,3812341092521821
2,0,3641,1789633724975802368,3812341092533200
2,0,3642,1789633724975813632,3812341092544598
2,0,3643,1789633724975824896,3812341092556000
2,0,3644,1789633724975836160,3812341092567401
2,0,3645,1789633724975847424,3812341092578785
2,0,3646,1789633724975858688,3812341092590191
2,0,3647,1789633724975869952,3812341092601555
2,0,3648,1789633724975882240,3812341092612986
2,0,3649,1789633724975893504,3812341092624396
2,0,3650,1789633724975904768,3812341092635761
2,0,3651,1789633724975916032,3812341092647221
2,0,3652,1789633724975927296,3812341092658707
2,0,3653,1789633724975938560,3812341092670074
2,0,3654,1789633724975949824,3812341092681451
2,0,3655,1789633724975962112,3812341092692896
2,0,3656,1789633724975973376,3812341092704288
2,0,3657,1789633724975984640,3812341092715647
2,0,3658,1789633724975995904,3812341092726986
2,0,3659,1789633724976007168,3812341092738342
2,0,3660,1789633724976018432,3812341092749771
2,0,3661,1789633724976029696,3812341092761221
2,0,3662,1789633724976041984,3812341092772601
2,0,3663,1789633724976053248,3812341092783915
2,0,3664,1789633724976064512,3812341092795289
2,0,3665,1789633724976075776,3812341092806641
2,0,3666,1789633724976087040,3812341092818029
2,0,3667,1789633724976098304,3812341092829409
2,0,3668,1789633724976109568,3812341092840761
2,0,3669,1789633724976120832,3812341092852120
2,0,3670,1789633724976132096,3812341092863551
2,0,3671,1789633724976143360,3812341092874906
2,0,3672,1789633724976155648,3812341092886316
2,0,3673,1789633724976166912,3812341092897664
2,0,3674,1789633724976178176,3812341092909062
2,0,3675,1789633724976189440,3812341092920412
2,0,3676,1789633724976200704,3812341092931812
2,0,3677,1789633724976211968,3812341092943203
2,0,3678,1789633724976223232,3812341092954566
2,0,3679,1789633724976234496,3812341092965961
2,0,3680,1789633724976245760,3812341092977322
2,0,3681,1789633724976258048,3812341092988660
2,0,3682,1789633724976269312,3812341093000099
2,0,3683,1789633724976280576,3812341093011466
2,0,3684,1789633724976291840,3812341093022875
2,0,3685,1789633724976303104,3812341093034285
2,0,3686,1789633724976314368,3812341093045676
2,0,3687,1789633724976325632,3812341093057016
2,0,3688,1789633724976336896,3812341093068393
2,0,3689,1789633724976349184,3812341093079791
2,0,3690,1789633724976360448,3812341093091168
2,0,3691,1789633724976371712,3812341093102586
2,0,3692,1789633724976382976,3812341093113942
2,0,3693,1789633724976394240,3812341093125264
2,0,3694,1789633724976405504,3812341093136662
2,0,3695,1789633724976416768,3812341093148045
2,0,3696,1789633724976428032,3812341093159433
2,0,3697,1789633724976439296,3812341093170840
2,0,3698,1789633724976451584,3812341093182227
2,0,3699,1789633724976462848,3812341093193611
2,0,3700,1789633724976474112,3812341093204960
2,0,3701,1789633724976485376,3812341093216346
2,0,3702,1789633724976496640,3812341093227715
2,0,3703,1789633724976507904,3812341093239085
2,0,3704,1789633724976519168,3812341093250455
2,0,3705,1789633724976530432,3812341093261815
2,0,3706,1789633724976541696,3812341093273220
2,0,3707,1789633724976553984,3812341093284621
2,0,3708,1789633724976565248,3812341093296016
2,0,3709,1789633724976576512,3812341093307393
2,0,3710,1789633724976587776,3812341093318778
2,0,3711,1789633724976599040,3812341093330186
2,0,3712,1789633724976610304,3812341093341534
2,0,3713,1789633724976621568,3812341093352899
2,0,3714,1789633724976632832,3812341093364251
2,0,3715,1789633724976644096,3812341093375632
2,0,3716,1789633724976656384,3812341093387054
2,0,3717,1789633724976667648,3812341093398416
2,0,3718,1789633724976678912,3812341093409816
2,0,3719,1789633724976690176,3812341093421142
2,0,3720,1789633724976701440,3812341093432502
2,0,3721,1789633724976712704,3812341093443901
2,0,3722,1789633724976723968,3812341093455259
2,0,3723,1789633724976735232,3812341093466637
2,0,3724,1789633724976746496,3812341093478058
2,0,3725,1789633724976758784,3812341093489414
2,0,3726,1789633724976770048,3812341093500806
2,0,3727,1789633724976781312,3812341093512162
2,0,3728,1789633724976792576,3812341093523546
2,0,3729,1789633724976803840,3812341093534879
2,0,3730,1789633724976815104,3812341093546332
2,0,3731,1789633724976826368,3812341093557731
2,0,3732,1789633724976837632,3812341093569124
2,0,3733,1789633724976849920,3812341093580561
2,0,3734,1789633724976861184,3812341093592008
2,0,3735,1789633724976872448,3812341093603361
2,0,3736,1789633724976883712,3812341093614849
2,0,3737,1789633724976894976,3812341093626315
2,0,3738,1789633724976906240,3812341093637683
2,0,3739,1789633724976917504,3812341093649069
2,0,3740,1789633724976929792,3812341093660458
2,0,3741,1789633724976941056,3812341093671869
2,0,3742,1789633724976952320,3812341093683359
2,0,3743,1789633724976963584,3812341093694835
2,0,3744,1789633724976974848,3812341093706305
2,0,3745,1789633724976986112,3812341093717684
2,0,3746,1789633724976998400,3812341093729057
2,0,3747,1789633724977009664,3812341093740488
2,0,3748,1789633724977020928,3812341093751898
2,0,3749,1789633724977032192,3812341093763240
2,0,3750,1789633724977043456,3812341093774612
2,0,3751,1789633724977054720,3812341093785971
2,0,3752,1789633724977065984,3812341093797375
2,0,3753,1789633724977077248,3812341093808757
2,0,3754,1789633724977088512,3812341093820134
2,0,3755,1789633724977100800,3812341093831483
2,0,3756,1789633724977112064,3812341093842865
2,0,3757,1789633724977123328,3812341093854240
2,0,3758,1789633724977134592,3812341093865632
2,0,3759,1789633724977145856,3812341093877016
2,0,3760,1789633724977157120,3812341093888414
2,0,3761,1789633724977168384,3812341093899798
2,0,3762,1789633724977179648,3812341093911181
2,0,3763,1789633724977191936,3812341093922589
2,0,3764,1789633724977203200,3812341093933984
2,0,3765,1789633724977214464,3812341093945369
2,0,3766,1789633724977225728,3812341093956743
2,0,3767,1789633724977236992,3812341093968124
2,0,3768,1789633724977248256,3812341093979488
2,0,3769,1789633724977259520,3812341093990889
2,0,3770,1789633724977270784,3812341094002245
2,0,3771,1789633724977282048,3812341094013651
2,0,3772,1789633724977294336,3812341094025059
2,0,3773,1789633724977305600,3812341094036392
2,0,3774,1789633724977316864,3812341094047955
2,0,3775,1789633724977328128,3812341094059402
2,0,3776,1789633724977339392,3812341094070775
2,0,3777,1789633724977350656,3812341094082123
2,0,3778,1789633724977361920,3812341094093527
2,0,3779,1789633724977374208,3812341094104879
2,0,3780,1789633724977385472,3812341094116257
2,0,3781,1789633724977396736,3812341094127677
2,0,3782,1789633724977408000,3812341094139041
2,0,3783,1789633724977419264,3812341094150385
2,0,3784,1789633724977430528,3812341094161775
2,0,3785,1789633724977441792,3812341094173132
2,0,3786,1789633724977453056,3812341094184539
2,0,3787,1789633724977464320,3812341094195968
2,0,3788,1789633724977476608,3812341094207348
2,0,3789,1789633724977487872,3812341094218689
2,0,3790,1789633724977499136,3812341094230054
2,0,3791,1789633724977510400,3812341094241449
2,0,3792,1789633724977521664,3812341094252774
2,0,3793,1789633724977532928,3812341094264245
2,0,3794,1789633724977544192,3812341094275601
2,0,3795,1789633724977555456,3812341094286985
2,0,3796,1789633724977566720,3812341094298352
2,0,3797,1789633724977579008,3812341094309759
2,0,3798,1789633724977590272,3812341094321159
2,0,3799,1789633724977601536,3812341094332542
2,0,3800,1789633724977612800,3812341094343915
2,0,3801,1789633724977624064,3812341094355271
2,0,3802,1789633724977635328,3812341094366621
2,0,3803,1789633724977646592,3812341094378024
2,0,3804,1789633724977657856,3812341094389385
2,0,3805,1789633724977670144,3812341094400795
2,0,3806,1789633724977681408,3812341094412154
2,0,3807,1789633724977692672,3812341094423559
2,0,3808,1789633724977703936,3812341094434935
2,0,3809,1789633724977715200,3812341094446304
2,0,3810,1789633724977726464,3812341094457640
2,0,3811,1789633724977737728,3812341094469072
2,0,3812,1789633724977748992,3812341094480441
2,0,3813,1789633724977760256,3812341094491831
2,0,3814,1789633724977772544,3812341094503200
2,0,3815,1789633724977783808,3812341094514571
2,0,3816,1789633724977795072,3812341094525965
2,0,3817,1789633724977806336,3812341094537355
2,0,3818,1789633724977817600,3812341094548717
2,0,3819,1789633724977828864,3812341094560071
2,0,3820,1789633724977840128,3812341094571480
2,0,3821,1789633724977851392,3812341094582831
2,0,3822,1789633724977862656,3812341094594224
2,0,3823,1789633724977874944,3812341094605640
2,0,3824,1789633724977886208,3812341094617014
2,0,3825,1789633724977897472,3812341094628404
2,0,3826,1789633724977908736,3812341094639794
2,0,3827,1789633724977920000,3812341094651186
2,0,3828,1789633724977931264,3812341094662559
2,0,3829,1789633724977942528,3812341094673929
2,0,3830,1789633724977953792,3812341094685291
2,0,3831,1789633724977965056,3812341094696702
2,0,3832,1789633724977977344,3812341094708118
2,0,3833,1789633724977988608,3812341094719492
2,0,3834,1789633724977999872,3812341094730843
2,0,3835,1789633724978011136,3812341094742204
2,0,3836,1789633724978022400,3812341094753584
2,0,3837,1789633724978033664,3812341094764957
2,0,3838,1789633724978044928,3812341094776315
2,0,3839,1789633724978056192,3812341094787749
2,0,3840,1789633724978068480,3812341094799099
2,0,3841,1789633724978079744,3812341094810478
2,0,3842,1789633724978091008,3812341094821857
2,0,3843,1789633724978102272,3812341094833235
2,0,3844,1789633724978113536,3812341094844641
2,0,3845,1789633724978124800,3812341094856039
2,0,3846,1789633724978136064,3812341094867385
2,0,3847,1789633724978147328,3812341094878755
2,0,3848,1789633724978158592,3812341094890115
2,0,3849,1789633724978169856,3812341094901531
2,0,3850,1789633724978182144,3812341094912905
2,0,3851,1789633724978193408,3812341094924249
2,0,3852,1789633724978204672,3812341094936485
2,0,3853,1789633724978215936,3812341094946934
2,0,3854,1789633724978227200,3812341094958340
2,0,3855,1789633724978238464,3812341094969694
2,0,3856,1789633724978249728,3812341094981043
2,0,3857,1789633724978260992,3812341094992384
2,0,3858,1789633724978272256,3812341095003852
2,0,3859,1789633724978284544,3812341095015302
2,0,3860,1789633724978295808,3812341095026718
2,0,3861,1789633724978307072,3812341095038143
2,0,3862,1789633724978318336,3812341095049542
2,0,3863,1789633724978329600,3812341095060936
2,0,3864,1789633724978340864,3812341095072331
2,0,3865,1789633724978352128,3812341095083831
2,0,3866,1789633724978364416,3812341095095286
2,0,3867,1789633724978375680,3812341095106654
2,0,3868,1789633724978386944,3812341095118037
2,0,3869,1789633724978398208,3812341095129398
2,0,3870,1789633724978409472,3812341095140720
2,0,3871,1789633724978420736,3812341095152091
2,0,3872,1789633724978432000,3812341095163578
2,0,3873,1789633724978444288,3812341095174932
2,0,3874,1789633724978455552,3812341095186298
2,0,3875,1789633724978466816,3812341095197688
2,0,3876,1789633724978478080,3812341095209051
2,0,3877,1789633724978489344,3812341095220405
2,0,3878,1789633724978500608,3812341095231848
2,0,3879,1789633724978511872,3812341095243235
2,0,3880,1789633724978523136,3812341095254611
2,0,3881,1789633724978534400,3812341095266008
2,0,3882,1789633724978546688,3812341095277357
2,0,3883,1789633724978557952,3812341095288724
2,0,3884,1789633724978569216,3812341095300140
2,0,3885,1789633724978580480,3812341095311503
2,0,3886,1789633724978591744,3812341095322822
2,0,3887,1789633724978603008,3812341095334228
2,0,3888,1789633724978614272,3812341095345607
2,0,3889,1789633724978625536,3812341095356960
2,0,3890,1789633724978636800,3812341095368409
2,0,3891,1789633724978649088,3812341095379788
2,0,3892,1789633724978660352,3812341095391155
2,0,3893,1789633724978671616,3812341095402532
2,0,3894,1789633724978682880,3812341095413966
2,0,3895,1789633724978694144,3812341095425375
2,0,3896,1789633724978705408,3812341095436945
2,0,3897,1789633724978716672,3812341095448392
2,0,3898,1789633724978728960,3812341095459775
2,0,3899,1789633724978740224,3812341095471145
2,0,3900,1789633724978751488,3812341095482561
2,0,3901,1789633724978762752,3812341095493960
2,0,3902,1789633724978774016,3812341095505368
2,0,3903,1789633724978785280,3812341095516700
2,0,3904,1789633724978796544,3812341095528060
2,0,3905,1789633724978807808,3812341095539448
2,0,3906,1789633724978820096,3812341095550831
2,0,3907,1789633724978831360,3812341095562225
2,0,3908,1789633724978842624,3812341095573581
2,0,3909,1789633724978853888,3812341095584958
2,0,3910,1789633724978865152,3812341095596311
2,0,3911,1789633724978876416,3812341095607705
2,0,3912,1789633724978887680,3812341095619135
2,0,3913,1789633724978898944,3812341095630515
2,0,3914,1789633724978911232,3812341095641908
2,0,3915,1789633724978922496,3812341095653245
2,0,3916,1789633724978933760,3812341095664597
2,0,3917,1789633724978945024,3812341095675985
2,0,3918,1789633724978956288,3812341095687378
2,0,3919,1789633724978967552,3812341095698784
2,0,3920,1789633724978978816,3812341095710152
2,0,3921,1789633724978990080,3812341095721531
2,0,3922,1789633724979001344,3812341095732957
2,0,3923,1789633724979013632,3812341095744341
2,0,3924,1789633724979024896,3812341095755731
2,0,3925,1789633724979036160,3812341095767107
2,0,3926,1789633724979047424,3812341095778488
2,0,3927,1789633724979058688,3812341095790056
2,0,3928,1789633724979069952,3812341095801498
2,0,3929,1789633724979081216,3812341095812865
2,0,3930,1789633724979093504,3812341095824248
2,0,3931,1789633724979104768,3812341095835657
2,0,3932,1789633724979116032,3812341095846958
2,0,3933,1789633724979127296,3812341095858371
2,0,3934,1789633724979138560,3812341095869778
2,0,3935,1789633724979149824,3812341095881169
2,0,3936,1789633724979161088,3812341095892564
2,0,3937,1789633724979172352,3812341095903941
2,0,3938,1789633724979184640,3812341095915342
2,0,3939,1789633724979195904,3812341095926719
2,0,3940,1789633724979207168,3812341095938058
2,0,3941,1789633724979218432,3812341095949405
2,0,3942,1789633724979229696,3812341095960809
2,0,3943,1789633724979240960,3812341095972221
2,0,3944,1789633724979252224,3812341095983578
2,0,3945,1789633724979263488,3812341095994946
2,0,3946,1789633724979274752,3812341096006357
2,0,3947,1789633724979287040,3812341096017708
2,0,3948,1789633724979298304,3812341096029175
2,0,3949,1789633724979309568,3812341096040543
2,0,3950,1789633724979320832,3812341096051916
2,0,3951,1789633724979332096,3812341096063357
2,0,3952,1789633724979343360,3812341096074854
2,0,3953,1789633724979354624,3812341096086331
2,0,3954,1789633724979366912,3812341096097645
2,0,3955,1789633724979378176,3812341096108998
2,0,3956,1789633724979389440,3812341096120408
2,0,3957,1789633724979400704,3812341096131762
2,0,3958,1789633724979411968,3812341096143208
2,0,3959,1789633724979423232,3812341096154562
2,0,3960,1789633724979434496,3812341096165974
2,0,3961,1789633724979445760,3812341096177361
2,0,3962,1789633724979458048,3812341096188797
2,0,3963,1789633724979469312,3812341096200192
2,0,3964,1789633724979480576,3812341096211543
2,0,3965,1789633724979491840,3812341096223114
2,0,3966,1789633724979503104,3812341096234575
2,0,3967,1789633724979514368,3812341096245932
2,0,3968,1789633724979525632,3812341096257277
2,0,3969,1789633724979537920,3812341096268678
2,0,3970,1789633724979549184,3812341096280063
2,0,3971,1789633724979560448,3812341096291418
2,0,3972,1789633724979571712,3812341096302865
2,0,3973,1789633724979582976,3812341096314228
2,0,3974,1789633724979594240,3812341096325611
2,0,3975,1789633724979605504,3812341096336995
2,0,3976,1789633724979616768,3812341096348351
2,0,3977,1789633724979629056,3812341096359731
2,0,3978,1789633724979640320,3812341096371131
2,0,3979,1789633724979651584,3812341096382515
2,0,3980,1789633724979662848,3812341096393915
2,0,3981,1789633724979674112,3812341096405331
2,0,3982,1789633724979685376,3812341096416738
2,0,3983,1789633724979696640,3812341096428101
2,0,3984,1789633724979707904,3812341096439458
2,0,3985,1789633724979719168,3812341096450871
2,0,3986,1789633724979731456,3812341096462231
2,0,3987,1789633724979742720,3812341096473641
2,0,3988,1789633724979753984,3812341096485038
2,0,3989,1789633724979765248,3812341096496418
2,0,3990,1789633724979776512,3812341096507935
2,0,3991,1789633724979787776,3812341096519403
2,0,3992,1789633724979800064,3812341096530798
2,0,3993,1789633724979811328,3812341096542175
2,0,3994,1789633724979822592,3812341096553557
2,0,3995,1789633724979833856,3812341096564898
2,0,3996,1789633724979845120,3812341096576261
2,0,3997,1789633724979856384,3812341096587671
2,0,3998,1789633724979867648,3812341096599041
2,0,3999,1789633724979878912,3812341096610451
2,0,4000,1789633724979890176,3812341096621837
2,0,4001,1789633724979902464,3812341096633169
2,0,4002,1789633724979913728,3812341096644558
2,0,4003,1789633724979924992,3812341096655969
2,0,4004,1789633724979936256,3812341096667317
2,0,4005,1789633724979947520,3812341096678681
2,0,4006,1789633724979958784,3812341096690051
2,0,4007,1789633724979970048,3812341096701411
2,0,4008,1789633724979981312,3812341096712764
2,0,4009,1789633724979992576,3812341096724231
2,0,4010,1789633724980004864,3812341096735593
2,0,4011,1789633724980016128,3812341096747028
2,0,4012,1789633724980027392,3812341096758372
2,0,4013,1789633724980038656,3812341096769728
2,0,4014,1789633724980049920,3812341096781138
2,0,4015,1789633724980061184,3812341096792525
2,0,4016,1789633724980072448,3812341096803931
2,0,4017,1789633724980083712,3812341096815285
2,0,4018,1789633724980094976,3812341096826694
2,0,4019,1789633724980107264,3812341096838103
2,0,4020,1789633724980118528,3812341096849495
2,0,4021,1789633724980129792,3812341096860866
2,0,4022,1789633724980141056,3812341096872171
2,0,4023,1789633724980152320,3812341096883526
2,0,4024,1789633724980163584,3812341096894858
2,0,4025,1789633724980174848,3812341096906231
2,0,4026,1789633724980186112,3812341096917606
2,0,4027,1789633724980197376,3812341096929078
2,0,4028,1789633724980209664,3812341096940464
2,0,4029,1789633724980220928,3812341096951865
2,0,4030,1789633724980232192,3812341096963204
2,0,4031,1789633724980243456,3812341096974544
2,0,4032,1789633724980254720,3812341096985913
2,0,4033,1789633724980265984,3812341096997363
2,0,4034,1789633724980277248,3812341097008725
2,0,4035,1789633724980288512,3812341097020105
2,0,4036,1789633724980300800,3812341097031517
2,0,4037,1789633724980312064,3812341097042911
2,0,4038,1789633724980323328,3812341097054313
2,0,4039,1789633724980334592,3812341097065684
2,0,4040,1789633724980345856,3812341097077084
2,0,4041,1789633724980357120,3812341097088469
2,0,4042,1789633724980368384,3812341097099857
2,0,4043,1789633724980379648,3812341097111261
2,0,4044,1789633724980391936,3812341097122620
2,0,4045,1789633724980403200,3812341097134151
2,0,4046,1789633724980414464,3812341097145615
2,0,4047,1789633724980425728,3812341097157018
2,0,4048,1789633724980436992,3812341097168418
2,0,4049,1789633724980448256,3812341097179755
2,0,4050,1789633724980459520,3812341097191178
2,0,4051,1789633724980471808,3812341097202544
2,0,4052,1789633724980483072,3812341097213917
2,0,4053,1789633724980494336,3812341097225258
2,0,4054,1789633724980505600,3812341097236623
2,0,4055,1789633724980516864,3812341097248045
2,0,4056,1789633724980528128,3812341097259385
2,0,4057,1789633724980539392,3812341097270778
2,0,4058,1789633724980550656,3812341097282178
2,0,4059,1789633724980561920,3812341097293549
2,0,4060,1789633724980574208,3812341097305015
2,0,4061,1789633724980585472,3812341097316385
2,0,4062,1789633724980596736,3812341097327763
2,0,4063,1789633724980608000,3812341097339118
2,0,4064,1789633724980619264,3812341097350465
2,0,4065,1789633724980630528,3812341097361858
2,0,4066,1789633724980641792,3812341097373360
2,0,4067,1789633724980653056,3812341097384754
2,0,4068,1789633724980665344,3812341097396118
2,0,4069,1789633724980676608,3812341097407485
2,0,4070,1789633724980687872,3812341097418965
2,0,4071,1789633724980699136,3812341097430443
2,0,4072,1789633724980710400,3812341097441814
2,0,4073,1789633724980721664,3812341097453201
2,0,4074,1789633724980732928,3812341097464624
2,0,4075,1789633724980745216,3812341097481951
2,0,4076,1789633724980756480,3812341097487322
2,0,4077,1789633724980767744,3812341097498717
2,0,4078,1789633724980779008,3812341097510092
2,0,4079,1789633724980790272,3812341097521502
2,0,4080,1789633724980801536,3812341097532858
2,0,4081,1789633724980812800,3812341097544208
2,0,4082,1789633724980824064,3812341097555603
2,0,4083,1789633724980835328,3812341097567008
2,0,4084,1789633724980847616,3812341097578456
2,0,4085,1789633724980858880,3812341097589858
2,0,4086,1789633724980870144,3812341097601218
2,0,4087,1789633724980881408,3812341097612600
2,0,4088,1789633724980892672,3812341097623968
2,0,4089,1789633724980903936,3812341097635558
2,0,4090,1789633724980916224,3812341097646986
2,0,4091,1789633724980927488,3812341097658375
2,0,4092,1789633724980938752,3812341097669752
2,0,4093,1789633724980950016,3812341097681144
2,0,4094,1789633724980961280,3812341097692545
2,0,4095,1789633724980972544,3812341097703889
2,0,4096,1789633724980983808,3812341097715280
2,0,4097,1789633724980995072,3812341097726634
2,0,4098,1789633724981006336,3812341097737994
2,0,4099,1789633724981018624,3812341097749409
2,0,4100,1789633724981029888,3812341097760772
2,0,4101,1789633724981041152,3812341097772178
2,0,4102,1789633724981052416,3812341097783549
2,0,4103,1789633724981063680,3812341097794901
2,0,4104,1789633724981074944,3812341097806285
2,0,4105,1789633724981086208,3812341097817694
2,0,4106,1789633724981097472,3812341097829095
2,0,4107,1789633724981109760,3812341097840461
2,0,4108,1789633724981121024,3812341097851854
2,0,4109,1789633724981132288,3812341097863209
2,0,4110,1789633724981143552,3812341097874608
2,0,4111,1789633724981154816,3812341097885994
2,0,4112,1789633724981166080,3812341097897381
2,0,4113,1789633724981177344,3812341097908776
2,0,4114,1789633724981188608,3812341097920128
2,0,4115,1789633724981199872,3812341097931498
2,0,4116,1789633724981212160,3812341097942878
2,0,4117,1789633724981223424,3812341097954248
2,0,4118,1789633724981234688,3812341097965627
2,0,4119,1789633724981245952,3812341097977008
2,0,4120,1789633724981257216,3812341097988389
2,0,4121,1789633724981268480,3812341097999745
2,0,4122,1789633724981279744,3812341098011100
2,0,4123,1789633724981291008,3812341098022517
2,0,4124,1789633724981302272,3812341098033871
2,0,4125,1789633724981314560,3812341098045260
2,0,4126,1789633724981325824,3812341098056658
2,0,4127,1789633724981337088,3812341098068034
2,0,4128,1789633724981348352,3812341098079494
2,0,4129,1789633724981359616,3812341098090904
2,0,4130,1789633724981370880,3812341098102300
2,0,4131,1789633724981382144,3812341098113700
2,0,4132,1789633724981393408,3812341098125161
2,0,4133,1789633724981405696,3812341098136643
2,0,4134,1789633724981416960,3812341098148018
2,0,4135,1789633724981428224,3812341098159423
2,0,4136,1789633724981439488,3812341098170811
2,0,4137,1789633724981450752,3812341098182215
2,0,4138,1789633724981462016,3812341098193575
2,0,4139,1789633724981473280,3812341098204918
2,0,4140,1789633724981485568,3812341098216308
2,0,4141,1789633724981496832,3812341098227700
2,0,4142,1789633724981508096,3812341098239092
2,0,4143,1789633724981519360,3812341098250424
2,0,4144,1789633724981530624,3812341098261784
2,0,4145,1789633724981541888,3812341098273206
2,0,4146,1789633724981553152,3812341098284567
2,0,4147,1789633724981564416,3812341098295971
2,0,4148,1789633724981575680,3812341098307329
2,0,4149,1789633724981587968,3812341098318689
2,0,4150,1789633724981599232,3812341098330078
2,0,4151,1789633724981610496,3812341098341480
2,0,4152,1789633724981621760,3812341098352878
2,0,4153,1789633724981633024,3812341098364241
2,0,4154,1789633724981644288,3812341098375675
2,0,4155,1789633724981655552,3812341098387081
2,0,4156,1789633724981666816,3812341098398441
2,0,4157,1789633724981679104,3812341098409815
2,0,4158,1789633724981690368,3812341098421158
2,0,4159,1789633724981701632,3812341098432595
2,0,4160,1789633724981712896,3812341098443991
2,0,4161,1789633724981724160,3812341098455365
2,0,4162,1789633724981735424,3812341098466734
2,0,4163,1789633724981746688,3812341098478264
2,0,4164,1789633724981757952,3812341098489749
2,0,4165,1789633724981770240,3812341098501111
2,0,4166,1789633724981781504,3812341098512508
2,0,4167,1789633724981792768,3812341098523869
2,0,4168,1789633724981804032,3812341098535192
2,0,4169,1789633724981815296,3812341098546614
2,0,4170,1789633724981826560,3812341098558028
2,0,4171,1789633724981837824,3812341098569431
2,0,4172,1789633724981849088,3812341098580818
2,0,4173,1789633724981861376,3812341098592194
2,0,4174,1789633724981872640,3812341098603587
2,0,4175,1789633724981883904,3812341098614960
2,0,4176,1789633724981895168,3812341098626360
2,0,4177,1789633724981906432,3812341098637751
2,0,4178,1789633724981917696,3812341098649134
2,0,4179,1789633724981928960,3812341098660508
2,0,4180,1789633724981940224,3812341098671884
2,0,4181,1789633724981952512,3812341098683241
2,0,4182,1789633724981963776,3812341098694632
2,0,4183,1789633724981975040,3812341098706031
2,0,4184,1789633724981986304,3812341098717412
2,0,4185,1789633724981997568,3812341098728797
2,0,4186,1789633724982008832,3812341098740194
2,0,4187,1789633724982020096,3812341098751532
2,0,4188,1789633724982031360,3812341098763105
2,0,4189,1789633724982043648,3812341098774565
2,0,4190,1789633724982054912,3812341098785938
2,0,4191,1789633724982066176,3812341098797294
2,0,4192,1789633724982077440,3812341098808661
2,0,4193,1789633724982088704,3812341098820068
2,0,4194,1789633724982099968,3812341098831393
2,0,4195,1789633724982111232,3812341098842843
2,0,4196,1789633724982122496,3812341098854201
2,0,4197,1789633724982134784,3812341098865561
2,0,4198,1789633724982146048,3812341098876965
2,0,4199,1789633724982157312,3812341098888305
2,0,4200,1789633724982168576,3812341098899684
2,0,4201,1789633724982179840,3812341098911151
2,0,4202,1789633724982191104,3812341098922531
2,0,4203,1789633724982202368,3812341098933894
2,0,4204,1789633724982213632,3812341098945277
2,0,4205,1789633724982225920,3812341098956695
2,0,4206,1789633724982237184,3812341098968081
2,0,4207,1789633724982248448,3812341098979423
2,0,4208,1789633724982259712,3812341098990778
2,0,4209,1789633724982270976,3812341099002156
2,0,4210,1789633724982282240,3812341099013558
2,0,4211,1789633724982293504,3812341099024957
2,0,4212,1789633724982304768,3812341099036313
2,0,4213,1789633724982316032,3812341099047684
2,0,4214,1789633724982328320,3812341099059051
2,0,4215,1789633724982339584,3812341099070458
2,0,4216,1789633724982350848,3812341099081864
2,0,4217,1789633724982362112,3812341099093267
2,0,4218,1789633724982373376,3812341099104600
2,0,4219,1789633724982384640,3812341099115961
2,0,4220,1789633724982395904,3812341099127318
2,0,4221,1789633724982407168,3812341099138721
2,0,4222,1789633724982418432,3812341099150147
2,0,4223,1789633724982430720,3812341099161511
2,0,4224,1789633724982441984,3812341099172877
2,0,4225,1789633724982453248,3812341099184247
2,0,4226,1789633724982464512,3812341099195560
2,0,4227,1789633724982475776,3812341099206957
2,0,4228,1789633724982487040,3812341099218334
2,0,4229,1789633724982498304,3812341099229709
2,0,4230,1789633724982509568,3812341099241057
2,0,4231,1789633724982520832,3812341099252514
2,0,4232,1789633724982533120,3812341099263911
2,0,4233,1789633724982544384,3812341099275308
2,0,4234,1789633724982555648,3812341099286731
2,0,4235,1789633724982566912,3812341099298117
2,0,4236,1789633724982578176,3812341099309514
2,0,4237,1789633724982589440,3812341099321033
2,0,4238,1789633724982600704,3812341099332509
2,0,4239,1789633724982612992,3812341099343918
2,0,4240,1789633724982624256,3812341099355341
2,0,4241,1789633724982635520,3812341099366705
2,0,4242,1789633724982646784,3812341099378096
2,0,4243,1789633724982658048,3812341099389450
2,0,4244,1789633724982669312,3812341099400831
2,0,4245,1789633724982680576,3812341099412231
2,0,4246,1789633724982692864,3812341099423624
2,0,4247,1789633724982704128,3812341099434993
2,0,4248,1789633724982715392,3812341099446344
2,0,4249,1789633724982726656,3812341099457725
2,0,4250,1789633724982737920,3812341099469084
2,0,4251,1789633724982749184,3812341099480507
2,0,4252,1789633724982760448,3812341099491857
2,0,4253,1789633724982771712,3812341099503221
2,0,4254,1789633724982782976,3812341099514617
2,0,4255,1789633724982795264,3812341099525984
2,0,4256,1789633724982806528,3812341099537380
2,0,4257,1789633724982817792,3812341099548789
2,0,4258,1789633724982829056,3812341099560178
2,0,4259,1789633724982840320,3812341099571560
2,0,4260,1789633724982851584,3812341099582908
2,0,4261,1789633724982862848,3812341099594277
2,0,4262,1789633724982874112,3812341099605658
2,0,4263,1789633724982885376,3812341099617074
2,0,4264,1789633724982897664,3812341099628404
2,0,4265,1789633724982908928,3812341099639838
2,0,4266,1789633724982920192,3812341099651241
2,0,4267,1789633724982931456,3812341099662626
2,0,4268,1789633724982942720,3812341099674138
2,0,4269,1789633724982953984,3812341099685605
2,0,4270,1789633724982966272,3812341099696992
2,0,4271,1789633724982977536,3812341099708351
2,0,4272,1789633724982988800,3812341099719742
2,0,4273,1789633724983000064,3812341099731124
2,0,4274,1789633724983011328,3812341099742494
2,0,4275,1789633724983022592,3812341099753888
2,0,4276,1789633724983033856,3812341099765261
2,0,4277,1789633724983045120,3812341099776607
2,0,4278,1789633724983056384,3812341099788026
2,0,4279,1789633724983068672,3812341099799381
2,0,4280,1789633724983079936,3812341099810787
2,0,4281,1789633724983091200,3812341099822160
2,0,4282,1789633724983102464,3812341099833543
2,0,4283,1789633724983113728,3812341099844921
2,0,4284,1789633724983124992,3812341099856309
2,0,4285,1789633724983136256,3812341099867684
2,0,4286,1789633724983147520,3812341099879024
2,0,4287,1789633724983158784,3812341099890447
2,0,4288,1789633724983170048,3812341099901821
2,0,4289,1789633724983182336,3812341099913171
2,0,4290,1789633724983193600,3812341099924591
2,0,4291,1789633724983204864,3812341099935996
2,0,4292,1789633724983216128,3812341099947391
2,0,4293,1789633724983227392,3812341099958738
2,0,4294,1789633724983238656,3812341099970092
2,0,4295,1789633724983249920,3812341099981505
2,0,4296,1789633724983261184,3812341099992892
2,0,4297,1789633724983273472,3812341100004276
2,0,4298,1789633724983284736,3812341100015657
2,0,4299,1789633724983296000,3812341100027394
2,0,4300,1789633724983307264,3812341100038406
2,0,4301,1789633724983318528,3812341100049793
2,0,4302,1789633724983329792,3812341100061217
2,0,4303,1789633724983341056,3812341100072584
2,0,4304,1789633724983352320,3812341100083901
2,0,4305,1789633724983363584,3812341100095288
2,0,4306,1789633724983375872,3812341100106648
2,0,4307,1789633724983387136,3812341100118048
2,0,4308,1789633724983398400,3812341100129438
2,0,4309,1789633724983409664,3812341100140834
2,0,4310,1789633724983420928,3812341100152192
2,0,4311,1789633724983432192,3812341100163598
2,0,4312,1789633724983443456,3812341100175001
2,0,4313,1789633724983454720,3812341100186394
2,0,4314,1789633724983467008,3812341100197780
2,0,4315,1789633724983478272,3812341100209085
2,0,4316,1789633724983489536,3812341100220505
2,0,4317,1789633724983500800,3812341100231894
2,0,4318,1789633724983512064,3812341100243349
2,0,4319,1789633724983523328,3812341100254735
2,0,4320,1789633724983534592,3812341100266103
2,0,4321,1789633724983545856,3812341100277472
2,0,4322,1789633724983557120,3812341100288834
2,0,4323,1789633724983569408,3812341100300348
2,0,4324,1789633724983580672,3812341100311833
2,0,4325,1789633724983591936,3812341100323188
2,0,4326,1789633724983603200,3812341100334614
2,0,4327,1789633724983614464,3812341100346004
2,0,4328,1789633724983625728,3812341100357392
2,0,4329,1789633724983638016,3812341100368788
2,0,4330,1789633724983649280,3812341100380143
2,0,4331,1789633724983660544,3812341100391543
2,0,4332,1789633724983671808,3812341100402940
2,0,4333,1789633724983683072,3812341100414271
2,0,4334,1789633724983694336,3812341100425660
2,0,4335,1789633724983705600,3812341100437020
2,0,4336,1789633724983716864,3812341100448391
2,0,4337,1789633724983728128,3812341100459757
2,0,4338,1789633724983739392,3812341100471140
2,0,4339,1789633724983751680,3812341100482523
2,0,4340,1789633724983762944,3812341100493877
2,0,4341,1789633724983774208,3812341100505250
2,0,4342,1789633724983785472,3812341100516657
2,0,4343,1789633724983796736,3812341100528048
2,0,4344,1789633724983808000,3812341100539400
2,0,4345,1789633724983819264,3812341100550762
2,0,4346,1789633724983830528,3812341100562123
2,0,4347,1789633724983841792,3812341100573482
2,0,4348,1789633724983854080,3812341100584950
2,0,4349,1789633724983865344,3812341100596324
2,0,4350,1789633724983876608,3812341100607678
2,0,4351,1789633724983887872,3812341100619040
2,0,4352,1789633724983899136,3812341100630420
2,0,4353,1789633724983910400,3812341100641812
2,0,4354,1789633724983921664,3812341100653230
2,0,4355,1789633724983932928,3812341100664607
2,0,4356,1789633724983945216,3812341100675987
2,0,4357,1789633724983956480,3812341100687393
2,0,4358,1789633724983967744,3812341100698780
2,0,4359,1789633724983979008,3812341100710169
2,0,4360,1789633724983990272,3812341100721561
2,0,4361,1789633724984001536,3812341100732901
2,0,4362,1789633724984012800,3812341100744340
2,0,4363,1789633724984024064,3812341100755741
2,0,4364,1789633724984036352,3812341100767143
2,0,4365,1789633724984047616,3812341100778530
2,0,4366,1789633724984058880,3812341100790021
2,0,4367,1789633724984070144,3812341100801474
2,0,4368,1789633724984081408,3812341100812834
2,0,4369,1789633724984092672,3812341100824211
2,0,4370,1789633724984103936,3812341100835611
2,0,4371,1789633724984116224,3812341100846988
2,0,4372,1789633724984127488,3812341100858343
2,0,4373,1789633724984138752,3812341100869770
2,0,4374,1789633724984150016,3812341100881144
2,0,4375,1789633724984161280,3812341100892527
2,0,4376,1789633724984172544,3812341100903932
2,0,4377,1789633724984183808,3812341100915330
2,0,4378,1789633724984195072,3812341100926687
2,0,4379,1789633724984206336,3812341100938090
2,0,4380,1789633724984218624,3812341100949444
2,0,4381,1789633724984229888,3812341100960831
2,0,4382,1789633724984241152,3812341100972220
2,0,4383,1789633724984252416,3812341100983600
2,0,4384,1789633724984263680,3812341100994980
2,0,4385,1789633724984274944,3812341101006352
2,0,4386,1789633724984286208,3812341101017693
2,0,4387,1789633724984297472,3812341101029094
2,0,4388,1789633724984308736,3812341101040494
2,0,4389,1789633724984321024,3812341101051887
2,0,4390,1789633724984332288,3812341101063252
2,0,4391,1789633724984343552,3812341101074663
2,0,4392,1789633724984354816,3812341101086050
2,0,4393,1789633724984366080,3812341101097441
2,0,4394,1789633724984377344,3812341101108851
2,0,4395,1789633724984388608,3812341101120249
2,0,4396,1789633724984399872,3812341101131574
2,0,4397,1789633724984412160,3812341101142943
2,0,4398,1789633724984423424,3812341101154332
2,0,4399,1789633724984434688,3812341101165727
2,0,4400,1789633724984445952,3812341101177110
2,0,4401,1789633724984457216,3812341101188475
2,0,4402,1789633724984468480,3812341101199831
2,0,4403,1789633724984479744,3812341101211185
2,0,4404,1789633724984491008,3812341101222610
2,0,4405,1789633724984502272,3812341101234003
2,0,4406,1789633724984514560,3812341101245390
2,0,4407,1789633724984525824,3812341101256743
2,0,4408,1789633724984537088,3812341101268080
2,0,4409,1789633724984548352,3812341101279454
2,0,4410,1789633724984559616,3812341101290800
2,0,4411,1789633724984570880,3812341101302223
2,0,4412,1789633724984582144,3812341101313643
2,0,4413,1789633724984593408,3812341101324990
2,0,4414,1789633724984604672,3812341101336400
2,0,4415,1789633724984616960,3812341101347758
2,0,4416,1789633724984628224,3812341101359120
2,0,4417,1789633724984639488,3812341101370500
2,0,4418,1789633724984650752,3812341101381880
2,0,4419,1789633724984662016,3812341101393270
2,0,4420,1789633724984673280,3812341101404642
2,0,4421,1789633724984684544,3812341101416032
2,0,4422,1789633724984695808,3812341101427433
2,0,4423,1789633724984708096,3812341101438868
2,0,4424,1789633724984719360,3812341101450260
2,0,4425,1789633724984730624,3812341101461620
2,0,4426,1789633724984741888,3812341101473008
2,0,4427,1789633724984753152,3812341101484511
2,0,4428,1789633724984764416,3812341101495978
2,0,4429,1789633724984775680,3812341101507341
2,0,4430,1789633724984786944,3812341101518740
2,0,4431,1789633724984799232,3812341101530120
2,0,4432,1789633724984810496,3812341101541470
2,0,4433,1789633724984821760,3812341101552849
2,0,4434,1789633724984833024,3812341101564266
2,0,4435,1789633724984844288,3812341101577682
2,0,4436,1789633724984855552,3812341101587042
2,0,4437,1789633724984866816,3812341101598441
2,0,4438,1789633724984878080,3812341101609833
2,0,4439,1789633724984890368,3812341101621193
2,0,4440,1789633724984901632,3812341101632600
2,0,4441,1789633724984912896,3812341101644003
2,0,4442,1789633724984924160,3812341101655383
2,0,4443,1789633724984935424,3812341101666761
2,0,4444,1789633724984946688,3812341101678150
2,0,4445,1789633724984957952,3812341101689563
2,0,4446,1789633724984969216,3812341101701063
2,0,4447,1789633724984981504,3812341101712520
2,0,4448,1789633724984992768,3812341101723930
2,0,4449,1789633724985004032,3812341101735378
2,0,4450,1789633724985015296,3812341101746760
2,0,4451,1789633724985026560,3812341101758135
2,0,4452,1789633724985037824,3812341101769530
2,0,4453,1789633724985050112,3812341101781071
2,0,4454,1789633724985061376,3812341101792520
2,0,4455,1789633724985072640,3812341101803907
2,0,4456,1789633724985083904,3812341101815350
2,0,4457,1789633724985095168,3812341101826753
2,0,4458,1789633724985106432,3812341101838142
2,0,4459,1789633724985118720,3812341101849528
2,0,4460,1789633724985129984,3812341101861018
2,0,4461,1789633724985141248,3812341101872489
2,0,4462,1789633724985152512,3812341101883847
2,0,4463,1789633724985163776,3812341101895260
2,0,4464,1789633724985175040,3812341101906683
2,0,4465,1789633724985186304,3812341101918052
2,0,4466,1789633724985198592,3812341101929380
2,0,4467,1789633724985209856,3812341101940780
2,0,4468,1789633724985221120,3812341101952166
2,0,4469,1789633724985232384,3812341101963607
2,0,4470,1789633724985243648,3812341101974969
2,0,4471,1789633724985254912,3812341101986332
2,0,4472,1789633724985266176,3812341101997698
2,0,4473,1789633724985277440,3812341102009056
2,0,4474,1789633724985288704,3812341102020450
2,0,4475,1789633724985300992,3812341102031893
2,0,4476,1789633724985312256,3812341102043361
2,0,4477,1789633724985323520,3812341102054727
2,0,4478,1789633724985334784,3812341102066127
2,0,4479,1789633724985346048,3812341102077563
2,0,4480,1789633724985357312,3812341102089026
2,0,4481,1789633724985369600,3812341102100428
2,0,4482,1789633724985380864,3812341102111801
2,0,4483,1789633724985392128,3812341102123209
2,0,4484,1789633724985403392,3812341102134593
2,0,4485,1789633724985414656,3812341102145970
2,0,4486,1789633724985425920,3812341102157359
2,0,4487,1789633724985437184,3812341102168767
2,0,4488,1789633724985448448,3812341102180161
2,0,4489,1789633724985460736,3812341102191540
2,0,4490,1789633724985472000,3812341102202940
2,0,4491,1789633724985483264,3812341102214310
2,0,4492,1789633724985494528,3812341102225641
2,0,4493,1789633724985505792,3812341102237041
2,0,4494,1789633724985517056,3812341102248377
2,0,4495,1789633724985528320,3812341102259779
2,0,4496,1789633724985539584,3812341102271148
2,0,4497,1789633724985550848,3812341102282480
2,0,4498,1789633724985562112,3812341102293877
2,0,4499,1789633724985574400,3812341102305247
2,0,4500,1789633724985585664,3812341102316603
2,0,4501,1789633724985596928,3812341102327982
2,0,4502,1789633724985608192,3812341102339318
2,0,4503,1789633724985619456,3812341102350688
2,0,4504,1789633724985630720,3812341102362145
2,0,4505,1789633724985641984,3812341102373521
2,0,4506,1789633724985653248,3812341102384900
2,0,4507,1789633724985664512,3812341102396270
2,0,4508,1789633724985676800,3812341102407711
2,0,4509,1789633724985688064,3812341102419089
2,0,4510,1789633724985699328,3812341102430473
2,0,4511,1789633724985709568,3812341102440818
2,0,4512,1789633724985719808,3812341102451170
2,0,4513,1789633724985730048,3812341102461640
2,0,4514,1789633724985740288,3812341102472007
2,0,4515,1789633724985750528,3812341102482340
2,0,4516,1789633724985761792,3812341102492679
2,0,4517,1789633724985772032,3812341102503025
2,0,4518,1789633724985782272,3812341102513380
2,0,4519,1789633724985792512,3812341102523701
2,0,4520,1789633724985802752,3812341102534064
2,0,4521,1789633724985812992,3812341102544399
2,0,4522,1789633724985823232,3812341102554739
2,0,4523,1789633724985833472,3812341102565070
2,0,4524,1789633724985843712,3812341102575383
2,0,4525,1789633724985853952,3812341102585730
2,0,4526,1789633724985865216,3812341102596066
2,0,4527,1789633724985875456,3812341102606386
2,0,4528,1789633724985885696,3812341102616740
2,0,4529,1789633724985895936,3812341102627050
2,0,4530,1789633724985906176,3812341102637447
2,0,4531,1789633724985916416,3812341102647791
2,0,4532,1789633724985926656,3812341102658130
2,0,4533,1789633724985936896,3812341102668460
2,0,4534,1789633724985947136,3812341102678791
2,0,4535,1789633724985957376,3812341102689137
2,0,4536,1789633724985968640,3812341102699467
2,0,4537,1789633724985978880,3812341102709798
2,0,4538,1789633724985989120,3812341102720138
2,0,4539,1789633724985999360,3812341102730470
2,0,4540,1789633724986009600,3812341102740842
2,0,4541,1789633724986019840,3812341102751170
2,0,4542,1789633724986030080,3812341102761520
2,0,4543,1789633724986040320,3812341102771851
2,0,4544,1789633724986050560,3812341102782186
2,0,4545,1789633724986060800,3812341102792539
2,0,4546,1789633724986072064,3812341102802866
2,0,4547,1789633724986082304,3812341102813210
2,0,4548,1789633724986092544,3812341102823560
2,0,4549,1789633724986102784,3812341102833870
2,0,4550,1789633724986113024,3812341102844248
2,0,4551,1789633724986123264,3812341102854598
2,0,4552,1789633724986133504,3812341102864947
2,0,4553,1789633724986143744,3812341102875286
2,0,4554,1789633724986153984,3812341102885630
2,0,4555,1789633724986164224,3812341102895969
2,0,4556,1789633724986175488,3812341102906441
2,0,4557,1789633724986185728,3812341102916760
2,0,4558,1789633724986195968,3812341102927097
2,0,4559,1789633724986206208,3812341102937461
2,0,4560,1789633724986216448,3812341102947780
2,0,4561,1789633724986226688,3812341102958126
2,0,4562,1789633724986236928,3812341102968466
2,0,4563,1789633724986247168,3812341102978840
2,0,4564,1789633724986257408,3812341102989166
2,0,4565,1789633724986268672,3812341102999519
2,0,4566,1789633724986278912,3812341103009849
2,0,4567,1789633724986289152,3812341103020164
2,0,4568,1789633724986299392,3812341103030504
2,0,4569,1789633724986309632,3812341103040850
2,0,4570,1789633724986319872,3812341103051182
2,0,4571,1789633724986330112,3812341103061529
2,0,4572,1789633724986340352,3812341103071872
2,0,4573,1789633724986350592,3812341103082228
2,0,4574,1789633724986360832,3812341103092582
2,0,4575,1789633724986372096,3812341103102920
2,0,4576,1789633724986382336,3812341103113246
2,0,4577,1789633724986392576,3812341103123560
2,0,4578,1789633724986402816,3812341103133913
2,0,4579,1789633724986413056,3812341103144246
2,0,4580,1789633724986423296,3812341103154579
2,0,4581,1789633724986433536,3812341103164932
2,0,4582,1789633724986443776,3812341103175319
2,0,4583,1789633724986454016,3812341103185658
2,0,4584,1789633724986464256,3812341103196001
2,0,4585,1789633724986475520,3812341103206340
2,0,4586,1789633724986485760,3812341103216679
2,0,4587,1789633724986496000,3812341103227046
2,0,4588,1789633724986506240,3812341103237398
2,0,4589,1789633724986516480,3812341103247830
2,0,4590,1789633724986526720,3812341103258161
2,0,4591,1789633724986536960,3812341103268510
2,0,4592,1789633724986547200,3812341103278861
2,0,4593,1789633724986557440,3812341103289193
2,0,4594,1789633724986568704,3812341103299539
2,0,4595,1789633724986578944,3812341103309910
2,0,4596,1789633724986589184,3812341103320238
2,0,4597,1789633724986599424,3812341103330582
2,0,4598,1789633724986609664,3812341103340927
2,0,4599,1789633724986619904,3812341103351249
2,0,4600,1789633724986630144,3812341103361573
2,0,4601,1789633724986640384,3812341103372006
2,0,4602,1789633724986650624,3812341103382246
2,0,4603,1789633724986660864,3812341103392570
2,0,4604,1789633724986671104,3812341103402906
2,0,4605,1789633724986682368,3812341103413239
2,0,4606,1789633724986692608,3812341103423638
2,0,4607,1789633724986702848,3812341103433980
2,0,4608,1789633724986713088,3812341103444305
2,0,4609,1789633724986723328,3812341103454626
2,0,4610,1789633724986733568,3812341103464940
2,0,4611,1789633724986743808,3812341103475297
2,0,4612,1789633724986754048,3812341103485640
2,0,4613,1789633724986764288,3812341103495965
2,0,4614,1789633724986774528,3812341103506300
2,0,4615,1789633724986785792,3812341103516659
2,0,4616,1789633724986796032,3812341103527040
2,0,4617,1789633724986806272,3812341103537401
2,0,4618,1789633724986816512,3812341103547738
2,0,4619,1789633724986826752,3812341103558093
2,0,4620,1789633724986836992,3812341103568444
2,0,4621,1789633724986847232,3812341103578801
2,0,4622,1789633724986857472,3812341103589226
2,0,4623,1789633724986868736,3812341103599543
2,0,4624,1789633724986878976,3812341103609860
2,0,4625,1789633724986889216,3812341103620183
2,0,4626,1789633724986899456,3812341103630521
2,0,4627,1789633724986909696,3812341103640870
2,0,4628,1789633724986919936,3812341103651230
2,0,4629,1789633724986930176,3812341103661639
2,0,4630,1789633724986940416,3812341103672006
2,0,4631,1789633724986950656,3812341103682321
2,0,4632,1789633724986960896,3812341103692658
2,0,4633,1789633724986972160,3812341103702986
2,0,4634,1789633724986982400,3812341103713360
2,0,4635,1789633724986992640,3812341103723838
2,0,4636,1789633724987002880,3812341103734156
2,0,4637,1789633724987013120,3812341103744510
2,0,4638,1789633724987023360,3812341103754860
2,0,4639,1789633724987033600,3812341103765174
2,0,4640,1789633724987043840,3812341103775559
2,0,4641,1789633724987055104,3812341103785906
2,0,4642,1789633724987065344,3812341103796250
2,0,4643,1789633724987075584,3812341103806577
2,0,4644,1789633724987085824,3812341103816899
2,0,4645,1789633724987096064,3812341103827228
2,0,4646,1789633724987106304,3812341103837560
2,0,4647,1789633724987116544,3812341103847900
2,0,4648,1789633724987126784,3812341103858250
2,0,4649,1789633724987137024,3812341103868590
2,0,4650,1789633724987147264,3812341103878940
2,0,4651,1789633724987157504,3812341103889317
2,0,4652,1789633724987168768,3812341103899662
2,0,4653,1789633724987179008,3812341103910012
2,0,4654,1789633724987189248,3812341103920374
2,0,4655,1789633724987199488,3812341103930889
2,0,4656,1789633724987209728,3812341103941227
2,0,4657,1789633724987219968,3812341103951566
2,0,4658,1789633724987230208,3812341103962071
2,0,4659,1789633724987241472,3812341103972420
2,0,4660,1789633724987251712,3812341103982740
2,0,4661,1789633724987261952,3812341103993065
2,0,4662,1789633724987272192,3812341104003386
2,0,4663,1789633724987282432,3812341104013738
2,0,4664,1789633724987292672,3812341104024068
2,0,4665,1789633724987302912,3812341104034388
2,0,4666,1789633724987313152,3812341104044741
2,0,4667,1789633724987323392,3812341104055082
2,0,4668,1789633724987333632,3812341104065458
2,0,4669,1789633724987344896,3812341104075799
2,0,4670,1789633724987355136,3812341104086148
2,0,4671,1789633724987365376,3812341104096489
2,0,4672,1789633724987375616,3812341104106802
2,0,4673,1789633724987385856,3812341104117165
2,0,4674,1789633724987396096,3812341104127665
2,0,4675,1789633724987406336,3812341104138002
2,0,4676,1789633724987416576,3812341104148359
2,0,4677,1789633724987427840,3812341104158679
2,0,4678,1789633724987438080,3812341104169018
2,0,4679,1789633724987448320,3812341104179367
2,0,4680,1789633724987458560,3812341104189733
2,0,4681,1789633724987468800,3812341104200067
2,0,4682,1789633724987479040,3812341104210401
2,0,4683,1789633724987489280,3812341104220740
2,0,4684,1789633724987499520,3812341104231089
2,0,4685,1789633724987509760,3812341104241433
2,0,4686,1789633724987520000,3812341104251776
2,0,4687,1789633724987531264,3812341104262270
2,0,4688,1789633724987541504,3812341104272606
2,0,4689,1789633724987551744,3812341104282956
2,0,4690,1789633724987561984,3812341104293479
2,0,4691,1789633724987572224,3812341104303804
2,0,4692,1789633724987582464,3812341104314149
2,0,4693,1789633724987592704,3812341104324497
2,0,4694,1789633724987603968,3812341104334813
2,0,4695,1789633724987614208,3812341104345169
2,0,4696,1789633724987624448,3812341104355559
2,0,4697,1789633724987634688,3812341104365882
2,0,4698,1789633724987644928,3812341104376217
2,0,4699,1789633724987655168,3812341104386568
2,0,4700,1789633724987665408,3812341104396898
2,0,4701,1789633724987675648,3812341104407229
2,0,4702,1789633724987685888,3812341104417579
2,0,4703,1789633724987696128,3812341104427899
2,0,4704,1789633724987707392,3812341104438226
2,0,4705,1789633724987717632,3812341104448577
2,0,4706,1789633724987727872,3812341104458899
2,0,4707,1789633724987738112,3812341104469279
2,0,4708,1789633724987748352,3812341104479619
2,0,4709,1789633724987758592,3812341104489959
2,0,4710,1789633724987768832,3812341104500300
2,0,4711,1789633724987779072,3812341104510620
2,0,4712,1789633724987789312,3812341104520965
2,0,4713,1789633724987799552,3812341104531270
2,0,4714,1789633724987810816,3812341104541629
2,0,4715,1789633724987821056,3812341104552006
2,0,4716,1789633724987831296,3812341104562299
2,0,4717,1789633724987841536,3812341104572679
2,0,4718,1789633724987851776,3812341104583019
2,0,4719,1789633724987862016,3812341104593365
2,0,4720,1789633724987872256,3812341104603701
2,0,4721,1789633724987882496,3812341104614047
2,0,4722,1789633724987892736,3812341104624389
2,0,4723,1789633724987902976,3812341104634692
2,0,4724,1789633724987913216,3812341104645046
2,0,4725,1789633724987924480,3812341104655401
2,0,4726,1789633724987934720,3812341104665739
2,0,4727,1789633724987944960,3812341104676066
2,0,4728,1789633724987955200,3812341104686400
2,0,4729,1789633724987965440,3812341104696741
2,0,4730,1789633724987975680,3812341104707066
2,0,4731,1789633724987985920,3812341104717383
2,0,4732,1789633724987996160,3812341104727726
2,0,4733,1789633724988006400,3812341104738079
2,0,4734,1789633724988016640,3812341104748400
2,0,4735,1789633724988027904,3812341104758761
2,0,4736,1789633724988038144,3812341104769082
2,0,4737,1789633724988048384,3812341104779458
2,0,4738,1789633724988058624,3812341104789799
2,0,4739,1789633724988068864,3812341104800139
2,0,4740,1789633724988079104,3812341104810470
2,0,4741,1789633724988089344,3812341104820782
2,0,4742,1789633724988099584,3812341104831144
2,0,4743,1789633724988109824,3812341104841460
2,0,4744,1789633724988120064,3812341104851809
2,0,4745,1789633724988131328,3812341104862149
2,0,4746,1789633724988141568,3812341104872476
2,0,4747,1789633724988151808,3812341104882858
2,0,4748,1789633724988162048,3812341104893200
2,0,4749,1789633724988172288,3812341104903550
2,0,4750,1789633724988182528,3812341104913870
2,0,4751,1789633724988192768,3812341104924197
2,0,4752,1789633724988203008,3812341104934539
2,0,4753,1789633724988213248,3812341104944889
2,0,4754,1789633724988223488,3812341104955230
2,0,4755,1789633724988234752,3812341104965576
2,0,4756,1789633724988244992,3812341104975927
2,0,4757,1789633724988255232,3812341104986269
2,0,4758,1789633724988265472,3812341104996602
2,0,4759,1789633724988275712,3812341105006939
2,0,4760,1789633724988285952,3812341105017252
2,0,4761,1789633724988296192,3812341105027599
2,0,4762,1789633724988306432,3812341105037938
2,0,4763,1789633724988316672,3812341105048259
2,0,4764,1789633724988326912,3812341105058590
2,0,4765,1789633724988337152,3812341105068938
2,0,4766,1789633724988348416,3812341105079266
2,0,4767,1789633724988358656,3812341105089648
2,0,4768,1789633724988368896,3812341105099989
2,0,4769,1789633724988379136,3812341105110326
2,0,4770,1789633724988389376,3812341105120659
2,0,4771,1789633724988399616,3812341105130986
2,0,4772,1789633724988409856,3812341105141339
2,0,4773,1789633724988420096,3812341105151838
2,0,4774,1789633724988431360,3812341105162165
2,0,4775,1789633724988441600,3812341105172516
2,0,4776,1789633724988451840,3812341105182865
2,0,4777,1789633724988462080,3812341105193189
2,0,4778,1789633724988472320,3812341105203538
2,0,4779,1789633724988482560,3812341105213870
2,0,4780,1789633724988492800,3812341105224257
2,0,4781,1789633724988503040,3812341105234589
2,0,4782,1789633724988513280,3812341105244940
2,0,4783,1789633724988523520,3812341105255251
2,0,4784,1789633724988533760,3812341105265592
2,0,4785,1789633724988545024,3812341105275938
2,0,4786,1789633724988555264,3812341105286270
2,0,4787,1789633724988565504,3812341105296606
2,0,4788,1789633724988575744,3812341105306949
2,0,4789,1789633724988585984,3812341105317327
2,0,4790,1789633724988596224,3812341105327682
2,0,4791,1789633724988606464,3812341105344954
2,0,4792,1789633724988616704,3812341105348374
2,0,4793,1789633724988626944,3812341105358882
2,0,4794,1789633724988638208,3812341105369219
2,0,4795,1789633724988648448,3812341105379566
2,0,4796,1789633724988658688,3812341105389892
2,0,4797,1789633724988668928,3812341105400206
2,0,4798,1789633724988679168,3812341105410565
2,0,4799,1789633724988689408,3812341105421076
2,0,4800,1789633724988699648,3812341105431411
2,0,4801,1789633724988710912,3812341105441746
2,0,4802,1789633724988721152,3812341105452079
2,0,4803,1789633724988731392,3812341105462404
2,0,4804,1789633724988741632,3812341105472750
2,0,4805,1789633724988751872,3812341105483089
2,0,4806,1789633724988762112,3812341105493470
2,0,4807,1789633724988772352,3812341105503800
2,0,4808,1789633724988782592,3812341105514139
2,0,4809,1789633724988792832,3812341105524466
2,0,4810,1789633724988803072,3812341105534783
2,0,4811,1789633724988813312,3812341105545130
2,0,4812,1789633724988824576,3812341105555688
2,0,4813,1789633724988834816,3812341105566029
2,0,4814,1789633724988845056,3812341105576962
2,0,4815,1789633724988855296,3812341105586886
2,0,4816,1789633724988865536,3812341105597219
2,0,4817,1789633724988875776,3812341105607571
2,0,4818,1789633724988887040,3812341105617900
2,0,4819,1789633724988897280,3812341105628225
2,0,4820,1789633724988907520,3812341105638568
2,0,4821,1789633724988917760,3812341105648911
2,0,4822,1789633724988928000,3812341105659300
2,0,4823,1789633724988938240,3812341105669648
2,0,4824,1789633724988948480,3812341105679988
2,0,4825,1789633724988958720,3812341105690336
2,0,4826,1789633724988968960,3812341105700667
2,0,4827,1789633724988979200,3812341105711018
2,0,4828,1789633724988990464,3812341105721489
2,0,4829,1789633724989000704,3812341105731835
2,0,4830,1789633724989010944,3812341105742184
2,0,4831,1789633724989021184,3812341105752525
2,0,4832,1789633724989031424,3812341105762869
2,0,4833,1789633724989041664,3812341105773212
2,0,4834,1789633724989051904,3812341105783582
2,0,4835,1789633724989062144,3812341105793929
2,0,4836,1789633724989073408,3812341105804258
2,0,4837,1789633724989083648,3812341105814601
2,0,4838,1789633724989093888,3812341105824906
2,0,4839,1789633724989104128,3812341105835249
2,0,4840,1789633724989114368,3812341105845599
2,0,4841,1789633724989124608,3812341105856119
2,0,4842,1789633724989134848,3812341105866466
2,0,4843,1789633724989145088,3812341105876806
2,0,4844,1789633724989155328,3812341105887338
2,0,4845,1789633724989166592,3812341105897670
2,0,4846,1789633724989176832,3812341105908010
2,0,4847,1789633724989187072,3812341105918339
2,0,4848,1789633724989197312,3812341105928669
2,0,4849,1789633724989207552,3812341105939020
2,0,4850,1789633724989217792,3812341105949386
2,0,4851,1789633724989228032,3812341105959722
2,0,4852,1789633724989238272,3812341105970059
2,0,4853,1789633724989249536,3812341105980400
2,0,4854,1789633724989259776,3812341105990727
2,0,4855,1789633724989270016,3812341106001076
2,0,4856,1789633724989280256,3812341106011440
2,0,4857,1789633724989290496,3812341106021910
2,0,4858,1789633724989300736,3812341106032259
2,0,4859,1789633724989310976,3812341106042599
2,0,4860,1789633724989321216,3812341106052949
2,0,4861,1789633724989331456,3812341106063359
2,0,4862,1789633724989342720,3812341106073715
2,0,4863,1789633724989352960,3812341106084041
2,0,4864,1789633724989363200,3812341106094365
2,0,4865,1789633724989373440,3812341106104698
2,0,4866,1789633724989383680,3812341106115040
2,0,4867,1789633724989393920,3812341106125559
2,0,4868,1789633724989404160,3812341106135886
2,0,4869,1789633724989414400,3812341106146240
2,0,4870,1789633724989425664,3812341106156559
2,0,4871,1789633724989435904,3812341106166859
2,0,4872,1789633724989446144,3812341106177221
2,0,4873,1789633724989456384,3812341106187550
2,0,4874,1789633724989466624,3812341106197866
2,0,4875,1789633724989476864,3812341106208212
2,0,4876,1789633724989487104,3812341106218547
2,0,4877,1789633724989497344,3812341106228929
2,0,4878,1789633724989507584,3812341106239269
2,0,4879,1789633724989517824,3812341106249610
2,0,4880,1789633724989529088,3812341106259938
2,0,4881,1789633724989539328,3812341106270259
2,0,4882,1789633724989549568,3812341106280611
2,0,4883,1789633724989559808,3812341106290946
2,0,4884,1789633724989570048,3812341106301269
2,0,4885,1789633724989580288,3812341106311610
2,0,4886,1789633724989590528,3812341106322006
2,0,4887,1789633724989600768,3812341106332315
2,0,4888,1789633724989611008,3812341106342647
2,0,4889,1789633724989621248,3812341106353002
2,0,4890,1789633724989631488,3812341106363360
2,0,4891,1789633724989642752,3812341106373710
2,0,4892,1789633724989652992,3812341106384046
2,0,4893,1789633724989663232,3812341106394526
2,0,4894,1789633724989673472,3812341106404858
2,0,4895,1789633724989683712,3812341106415219
2,0,4896,1789633724989693952,3812341106425549
2,0,4897,1789633724989704192,3812341106435877
2,0,4898,1789633724989714432,3812341106446229
2,0,4899,1789633724989725696,3812341106456561
2,0,4900,1789633724989735936,3812341106466939
2,0,4901,1789633724989746176,3812341106477282
2,0,4902,1789633724989756416,3812341106487619
2,0,4903,1789633724989766656,3812341106497946
2,0,4904,1789633724989776896,3812341106508269
2,0,4905,1789633724989787136,3812341106518619
2,0,4906,1789633724989797376,3812341106528946
2,0,4907,1789633724989807616,3812341106539279
2,0,4908,1789633724989817856,3812341106549630
2,0,4909,1789633724989829120,3812341106560002
2,0,4910,1789633724989839360,3812341106570329
2,0,4911,1789633724989849600,3812341106580677
2,0,4912,1789633724989859840,3812341106591009
2,0,4913,1789633724989870080,3812341106601329
2,0,4914,1789633724989880320,3812341106611666
2,0,4915,1789633724989890560,3812341106622020
2,0,4916,1789633724989900800,3812341106632345
2,0,4917,1789633724989911040,3812341106642688
2,0,4918,1789633724989921280,3812341106653028
2,0,4919,1789633724989931520,3812341106663392
2,0,4920,1789633724989942784,3812341106673725
2,0,4921,1789633724989953024,3812341106684069
2,0,4922,1789633724989963264,3812341106694406
2,0,4923,1789633724989973504,3812341106704738
2,0,4924,1789633724989983744,3812341106715101
2,0,4925,1789633724989993984,3812341106725425
2,0,4926,1789633724990004224,3812341106735918
2,0,4927,1789633724990014464,3812341106746275
2,0,4928,1789633724990025728,3812341106756615
2,0,4929,1789633724990035968,3812341106766969
2,0,4930,1789633724990046208,3812341106777305
2,0,4931,1789633724990056448,3812341106787659
2,0,4932,1789633724990066688,3812341106798001
2,0,4933,1789633724990076928,3812341106808343
2,0,4934,1789633724990087168,3812341106818685
2,0,4935,1789633724990097408,3812341106829038
2,0,4936,1789633724990107648,3812341106839360
2,0,4937,1789633724990117888,3812341106849701
2,0,4938,1789633724990129152,3812341106860043
2,0,4939,1789633724990139392,3812341106870549
2,0,4940,1789633724990149632,3812341106880883
2,0,4941,1789633724990159872,3812341106891239
2,0,4942,1789633724990170112,3812341106901749
2,0,4943,1789633724990180352,3812341106912079
2,0,4944,1789633724990190592,3812341106922416
2,0,4945,1789633724990201856,3812341106932762
2,0,4946,1789633724990212096,3812341106943088
2,0,4947,1789633724990222336,3812341106953448
2,0,4948,1789633724990232576,3812341106963825
2,0,4949,1789633724990242816,3812341106974150
2,0,4950,1789633724990253056,3812341106984482
2,0,4951,1789633724990263296,3812341106994841
2,0,4952,1789633724990273536,3812341107005165
2,0,4953,1789633724990283776,3812341107015580
2,0,4954,1789633724990295040,3812341107025939
2,0,4955,1789633724990305280,3812341107036339
2,0,4956,1789633724990315520,3812341107046670
2,0,4957,1789633724990325760,3812341107057015
2,0,4958,1789633724990336000,3812341107067373
2,0,4959,1789633724990346240,3812341107077723
2,0,4960,1789633724990356480,3812341107088079
2,0,4961,1789633724990366720,3812341107098437
2,0,4962,1789633724990376960,3812341107108779
2,0,4963,1789633724990388224,3812341107119129
2,0,4964,1789633724990398464,3812341107129479
2,0,4965,1789633724990408704,3812341107139992
2,0,4966,1789633724990418944,3812341107150326
2,0,4967,1789633724990429184,3812341107160665
2,0,4968,1789633724990439424,3812341107171000
2,0,4969,1789633724990449664,3812341107181329
2,0,4970,1789633724990459904,3812341107191675
2,0,4971,1789633724990470144,3812341107202191
2,0,4972,1789633724990481408,3812341107212525
2,0,4973,1789633724990491648,3812341107222868
2,0,4974,1789633724990501888,3812341107233199
2,0,4975,1789633724990512128,3812341107243533
2,0,4976,1789633724990522368,3812341107253882
2,0,4977,1789633724990532608,3812341107264246
2,0,4978,1789633724990542848,3812341107274579
2,0,4979,1789633724990553088,3812341107284920
2,0,4980,1789633724990564352,3812341107295261
2,0,4981,1789633724990574592,3812341107305582
2,0,4982,1789633724990584832,3812341107315909
2,0,4983,1789633724990595072,3812341107326259
2,0,4984,1789633724990605312,3812341107336600
2,0,4985,1789633724990615552,3812341107346922
2,0,4986,1789633724990625792,3812341107357278
2,0,4987,1789633724990636032,3812341107367640
2,0,4988,1789633724990646272,3812341107377976
2,0,4989,1789633724990656512,3812341107388319
2,0,4990,1789633724990667776,3812341107398659
2,0,4991,1789633724990678016,3812341107408982
2,0,4992,1789633724990688256,3812341107419326
2,0,4993,1789633724990698496,3812341107429673
2,0,4994,1789633724990708736,3812341107440165
2,0,4995,1789633724990718976,3812341107450512
2,0,4996,1789633724990729216,3812341107460862
2,0,4997,1789633724990739456,3812341107471219
2,0,4998,1789633724990749696,3812341107481565
2,0,4999,1789633724990760960,3812341107491909
2,0,5000,1789633724990771200,3812341107502249
2,0,5001,1789633724990781440,3812341107512579
2,0,5002,1789633724990791680,3812341107522929
2,0,5003,1789633724990801920,3812341107533398
2,0,5004,1789633724990812160,3812341107543789
2,0,5005,1789633724990822400,3812341107554129
2,0,5006,1789633724990832640,3812341107564466
2,0,5007,1789633724990843904,3812341107574801
2,0,5008,1789633724990854144,3812341107585125
2,0,5009,1789633724990864384,3812341107595548
2,0,5010,1789633724990874624,3812341107605988
2,0,5011,1789633724990884864,3812341107616321
2,0,5012,1789633724990895104,3812341107626667
2,0,5013,1789633724990905344,3812341107637018
2,0,5014,1789633724990915584,3812341107647359
2,0,5015,1789633724990925824,3812341107657699
2,0,5016,1789633724990937088,3812341107668066
2,0,5017,1789633724990947328,3812341107678401
2,0,5018,1789633724990957568,3812341107688729
2,0,5019,1789633724990967808,3812341107699074
2,0,5020,1789633724990978048,3812341107709398
2,0,5021,1789633724990988288,3812341107719730
2,0,5022,1789633724990998528,3812341107730068
2,0,5023,1789633724991008768,3812341107740410
2,0,5024,1789633724991019008,3812341107750738
2,0,5025,1789633724991029248,3812341107761091
2,0,5026,1789633724991040512,3812341107771428
2,0,5027,1789633724991050752,3812341107781805
2,0,5028,1789633724991060992,3812341107792369
2,0,5029,1789633724991071232,3812341107802705
2,0,5030,1789633724991081472,3812341107813096
2,0,5031,1789633724991091712,3812341107823456
2,0,5032,1789633724991101952,3812341107833819
2,0,5033,1789633724991113216,3812341107844220
2,0,5034,1789633724991123456,3812341107854559
2,0,5035,1789633724991133696,3812341107864898
2,0,5036,1789633724991143936,3812341107875230
2,0,5037,1789633724991154176,3812341107885558
2,0,5038,1789633724991164416,3812341107895920
2,0,5039,1789633724991174656,3812341107906441
2,0,5040,1789633724991184896,3812341107916768
2,0,5041,1789633724991196160,3812341107927128
2,0,5042,1789633724991206400,3812341107937651
2,0,5043,1789633724991216640,3812341107947988
2,0,5044,1789633724991226880,3812341107958338
2,0,5045,1789633724991237120,3812341107968856
2,0,5046,1789633724991247360,3812341107979186
2,0,5047,1789633724991258624,3812341107989548
2,0,5048,1789633724991268864,3812341108000075
2,0,5049,1789633724991279104,3812341108011613
2,0,5050,1789633724991289344,3812341108020755
2,0,5051,1789633724991299584,3812341108031279
2,0,5052,1789633724991309824,3812341108041620
2,0,5053,1789633724991320064,3812341108052006
2,0,5054,1789633724991331328,3812341108062306
2,0,5055,1789633724991341568,3812341108072625
2,0,5056,1789633724991351808,3812341108082974
2,0,5057,1789633724991362048,3812341108093358
2,0,5058,1789633724991372288,3812341108103678
2,0,5059,1789633724991382528,3812341108114025
2,0,5060,1789633724991392768,3812341108124378
2,0,5061,1789633724991403008,3812341108134722
2,0,5062,1789633724991413248,3812341108145108
2,0,5063,1789633724991424512,3812341108155558
2,0,5064,1789633724991434752,3812341108165895
2,0,5065,1789633724991444992,3812341108176212
2,0,5066,1789633724991455232,3812341108186600
2,0,5067,1789633724991465472,3812341108197099
2,0,5068,1789633724991475712,3812341108207418
2,0,5069,1789633724991485952,3812341108217762
2,0,5070,1789633724991497216,3812341108228112
2,0,5071,1789633724991507456,3812341108238448
2,0,5072,1789633724991517696,3812341108248788
2,0,5073,1789633724991527936,3812341108259128
2,0,5074,1789633724991538176,3812341108269509
2,0,5075,1789633724991548416,3812341108279818
2,0,5076,1789633724991558656,3812341108290158
2,0,5077,1789633724991568896,3812341108300486
2,0,5078,1789633724991579136,3812341108310818
2,0,5079,1789633724991589376,3812341108321165
2,0,5080,1789633724991599616,3812341108331503
2,0,5081,1789633724991610880,3812341108341838
2,0,5082,1789633724991621120,3812341108352184
2,0,5083,1789633724991631360,3812341108362520
2,0,5084,1789633724991641600,3812341108372898
2,0,5085,1789633724991651840,3812341108383246
2,0,5086,1789633724991662080,3812341108393598
2,0,5087,1789633724991672320,3812341108403903
2,0,5088,1789633724991682560,3812341108414240
2,0,5089,1789633724991692800,3812341108424597
2,0,5090,1789633724991703040,3812341108434920
2,0,5091,1789633724991714304,3812341108445249
2,0,5092,1789633724991724544,3812341108455588
2,0,5093,1789633724991734784,3812341108465965
2,0,5094,1789633724991745024,3812341108476298
2,0,5095,1789633724991755264,3812341108486649
2,0,5096,1789633724991765504,3812341108496992
2,0,5097,1789633724991775744,3812341108507333
2,0,5098,1789633724991785984,3812341108517721
2,0,5099,1789633724991796224,3812341108528058
2,0,5100,1789633724991807488,3812341108538485
2,0,5101,1789633724991817728,3812341108548830
2,0,5102,1789633724991827968,3812341108559188
2,0,5103,1789633724991838208,3812341108569533
2,0,5104,1789633724991848448,3812341108579848
2,0,5105,1789633724991858688,3812341108590192
2,0,5106,1789633724991868928,3812341108600565
2,0,5107,1789633724991879168,3812341108610899
2,0,5108,1789633724991889408,3812341108621229
2,0,5109,1789633724991900672,3812341108631568
2,0,5110,1789633724991910912,3812341108641888
2,0,5111,1789633724991921152,3812341108652209
2,0,5112,1789633724991931392,3812341108662556
2,0,5113,1789633724991941632,3812341108672909
2,0,5114,1789633724991951872,3812341108683241
2,0,5115,1789633724991962112,3812341108693596
2,0,5116,1789633724991972352,3812341108703967
2,0,5117,1789633724991982592,3812341108714297
2,0,5118,1789633724991992832,3812341108724646
2,0,5119,1789633724992004096,3812341108734977
2,0,5120,1789633724992014336,3812341108745288
2,0,5121,1789633724992024576,3812341108755618
2,0,5122,1789633724992034816,3812341108765980
2,0,5123,1789633724992045056,3812341108776298
2,0,5124,1789633724992055296,3812341108786628
2,0,5125,1789633724992065536,3812341108796964
2,0,5126,1789633724992075776,3812341108807310
2,0,5127,1789633724992086016,3812341108817691
2,0,5128,1789633724992096256,3812341108828012
2,0,5129,1789633724992106496,3812341108838366
2,0,5130,1789633724992117760,3812341108848699
2,0,5131,1789633724992128000,3812341108859046
2,0,5132,1789633724992138240,3812341108869399
2,0,5133,1789633724992148480,3812341108879889
2,0,5134,1789633724992158720,3812341108890215
2,0,5135,1789633724992168960,3812341108900582
2,0,5136,1789633724992179200,3812341108910930
2,0,5137,1789633724992189440,3812341108921248
2,0,5138,1789633724992200704,3812341108931597
2,0,5139,1789633724992210944,3812341108942005
2,0,5140,1789633724992221184,3812341108952297
2,0,5141,1789633724992231424,3812341108962629
2,0,5142,1789633724992241664,3812341108972958
2,0,5143,1789633724992251904,3812341108983358
2,0,5144,1789633724992262144,3812341108993678
2,0,5145,1789633724992272384,3812341109004021
2,0,5146,1789633724992282624,3812341109014483
2,0,5147,1789633724992293888,3812341109024824
2,0,5148,1789633724992304128,3812341109035159
2,0,5149,1789633724992314368,3812341109045525
2,0,5150,1789633724992324608,3812341109055858
2,0,5151,1789633724992334848,3812341109066201
2,0,5152,1789633724992345088,3812341109076579
2,0,5153,1789633724992355328,3812341109086906
2,0,5154,1789633724992365568,3812341109097245
2,0,5155,1789633724992375808,3812341109107580
2,0,5156,1789633724992386048,3812341109117900
2,0,5157,1789633724992397312,3812341109128219
2,0,5158,1789633724992407552,3812341109138559
2,0,5159,1789633724992417792,3812341109148900
2,0,5160,1789633724992428032,3812341109159198
2,0,5161,1789633724992438272,3812341109169576
2,0,5162,1789633724992448512,3812341109179918
2,0,5163,1789633724992458752,3812341109190308
2,0,5164,1789633724992468992,3812341109200640
2,0,5165,1789633724992479232,3812341109210980
2,0,5166,1789633724992489472,3812341109221318
2,0,5167,1789633724992500736,3812341109231668
2,0,5168,1789633724992510976,3812341109242011
2,0,5169,1789633724992521216,3812341109252498
2,0,5170,1789633724992531456,3812341109262798
2,0,5171,1789633724992541696,3812341109273160
2,0,5172,1789633724992551936,3812341109283518
2,0,5173,1789633724992562176,3812341109293838
2,0,5174,1789633724992572416,3812341109304188
2,0,5175,1789633724992582656,3812341109314516
2,0,5176,1789633724992593920,3812341109324901
2,0,5177,1789633724992604160,3812341109335238
2,0,5178,1789633724992614400,3812341109345581
2,0,5179,1789633724992624640,3812341109355909
2,0,5180,1789633724992634880,3812341109366230
2,0,5181,1789633724992645120,3812341109376578
2,0,5182,1789633724992655360,3812341109386921
2,0,5183,1789633724992665600,3812341109397225
2,0,5184,1789633724992675840,3812341109407579
2,0,5185,1789633724992686080,3812341109417919
2,0,5186,1789633724992697344,3812341109428298
2,0,5187,1789633724992707584,3812341109438628
2,0,5188,1789633724992717824,3812341109448978
2,0,5189,1789633724992728064,3812341109459305
2,0,5190,1789633724992738304,3812341109469646
2,0,5191,1789633724992748544,3812341109480001
2,0,5192,1789633724992758784,3812341109490312
2,0,5193,1789633724992769024,3812341109500638
2,0,5194,1789633724992779264,3812341109510995
2,0,5195,1789633724992789504,3812341109521368
2,0,5196,1789633724992800768,3812341109531679
2,0,5197,1789633724992811008,3812341109542031
2,0,5198,1789633724992821248,3812341109552388
2,0,5199,1789633724992831488,3812341109562725
2,0,5200,1789633724992841728,3812341109573121
2,0,5201,1789633724992851968,3812341109583461
2,0,5202,1789633724992862208,3812341109593886
2,0,5203,1789633724992872448,3812341109604228
2,0,5204,1789633724992882688,3812341109614583
2,0,5205,1789633724992893952,3812341109624920
2,0,5206,1789633724992904192,3812341109635270
2,0,5207,1789633724992914432,3812341109645608
2,0,5208,1789633724992924672,3812341109655978
2,0,5209,1789633724992934912,3812341109666328
2,0,5210,1789633724992945152,3812341109676671
2,0,5211,1789633724992955392,3812341109687015
2,0,5212,1789633724992965632,3812341109697546
2,0,5213,1789633724992976896,3812341109707888
2,0,5214,1789633724992987136,3812341109718238
2,0,5215,1789633724992997376,3812341109728730
2,0,5216,1789633724993007616,3812341109739078
2,0,5217,1789633724993017856,3812341109749438
2,0,5218,1789633724993028096,3812341109759779
2,0,5219,1789633724993038336,3812341109770159
2,0,5220,1789633724993048576,3812341109780500
2,0,5221,1789633724993059840,3812341109790925
2,0,5222,1789633724993070080,3812341109801250
2,0,5223,1789633724993080320,3812341109811599
2,0,5224,1789633724993090560,3812341109822006
2,0,5225,1789633724993100800,3812341109832276
2,0,5226,1789633724993111040,3812341109842638
2,0,5227,1789633724993121280,3812341109852956
2,0,5228,1789633724993131520,3812341109863349
2,0,5229,1789633724993142784,3812341109873691
2,0,5230,1789633724993153024,3812341109884040
2,0,5231,1789633724993163264,3812341109894368
2,0,5232,1789633724993173504,3812341109904712
2,0,5233,1789633724993183744,3812341109915069
2,0,5234,1789633724993193984,3812341109925520
2,0,5235,1789633724993204224,3812341109935881
2,0,5236,1789633724993214464,3812341109946230
2,0,5237,1789633724993224704,3812341109956579
2,0,5238,1789633724993235968,3812341109966928
2,0,5239,1789633724993246208,3812341109977279
2,0,5240,1789633724993256448,3812341109987618
2,0,5241,1789633724993266688,3812341109997939
2,0,5242,1789633724993276928,3812341110008281
2,0,5243,1789633724993287168,3812341110018608
2,0,5244,1789633724993297408,3812341110028938
2,0,5245,1789633724993307648,3812341110039253
2,0,5246,1789633724993317888,3812341110049618
2,0,5247,1789633724993328128,3812341110059950
2,0,5248,1789633724993338368,3812341110070285
2,0,5249,1789633724993349632,3812341110080585
2,0,5250,1789633724993359872,3812341110090958
2,0,5251,1789633724993370112,3812341110101335
2,0,5252,1789633724993380352,3812341110111659
2,0,5253,1789633724993390592,3812341110122008
2,0,5254,1789633724993400832,3812341110132325
2,0,5255,1789633724993411072,3812341110142670
2,0,5256,1789633724993421312,3812341110153021
2,0,5257,1789633724993431552,3812341110163348
2,0,5258,1789633724993441792,3812341110173675
2,0,5259,1789633724993453056,3812341110183997
2,0,5260,1789633724993463296,3812341110194330
2,0,5261,1789633724993473536,3812341110204739
2,0,5262,1789633724993483776,3812341110215100
2,0,5263,1789633724993494016,3812341110225438
2,0,5264,1789633724993504256,3812341110235960
2,0,5265,1789633724993514496,3812341110246283
2,0,5266,1789633724993524736,3812341110256635
2,0,5267,1789633724993536000,3812341110266984
2,0,5268,1789633724993546240,3812341110277368
2,0,5269,1789633724993556480,3812341110287710
2,0,5270,1789633724993566720,3812341110298138
2,0,5271,1789633724993576960,3812341110308486
2,0,5272,1789633724993587200,3812341110318838
2,0,5273,1789633724993597440,3812341110329378
2,0,5274,1789633724993608704,3812341110339706
2,0,5275,1789633724993618944,3812341110350059
2,0,5276,1789633724993629184,3812341110360376
2,0,5277,1789633724993639424,3812341110370708
2,0,5278,1789633724993649664,3812341110381053
2,0,5279,1789633724993659904,3812341110391360
2,0,5280,1789633724993670144,3812341110401758
2,0,5281,1789633724993680384,3812341110412105
2,0,5282,1789633724993690624,3812341110422438
2,0,5283,1789633724993700864,3812341110432755
2,0,5284,1789633724993712128,3812341110443086
2,0,5285,1789633724993722368,3812341110453441
2,0,5286,1789633724993732608,3812341110463767
2,0,5287,1789633724993742848,3812341110474099
2,0,5288,1789633724993753088,3812341110484459
2,0,5289,1789633724993763328,3812341110494825
2,0,5290,1789633724993773568,3812341110505160
2,0,5291,1789633724993783808,3812341110515551
2,0,5292,1789633724993794048,3812341110525879
2,0,5293,1789633724993804288,3812341110536398
2,0,5294,1789633724993815552,3812341110546748
2,0,5295,1789633724993825792,3812341110557078
2,0,5296,1789633724993836032,3812341110567398
2,0,5297,1789633724993846272,3812341110577725
2,0,5298,1789633724993856512,3812341110588076
2,0,5299,1789633724993866752,3812341110598599
2,0,5300,1789633724993876992,3812341110608931
2,0,5301,1789633724993888256,3812341110619279
2,0,5302,1789633724993898496,3812341110629805
2,0,5303,1789633724993908736,3812341110640160
2,0,5304,1789633724993918976,3812341110650520
2,0,5305,1789633724993929216,3812341110660989
2,0,5306,1789633724993939456,3812341110678289
2,0,5307,1789633724993950720,3812341110681686
2,0,5308,1789633724993960960,3812341110692018
2,0,5309,1789633724993971200,3812341110702354
2,0,5310,1789633724993981440,3812341110712697
2,0,5311,1789633724993991680,3812341110723024
2,0,5312,1789633724994001920,3812341110733407
2,0,5313,1789633724994012160,3812341110743748
2,0,5314,1789633724994022400,3812341110754097
2,0,5315,1789633724994032640,3812341110764417
2,0,5316,1789633724994042880,3812341110774748
2,0,5317,1789633724994054144,3812341110785085
2,0,5318,1789633724994064384,3812341110795421
2,0,5319,1789633724994074624,3812341110805738
2,0,5320,1789633724994084864,3812341110816089
2,0,5321,1789633724994095104,3812341110826415
2,0,5322,1789633724994105344,3812341110836801
2,0,5323,1789633724994115584,3812341110847138
2,0,5324,1789633724994125824,3812341110857478
2,0,5325,1789633724994136064,3812341110867809
2,0,5326,1789633724994146304,3812341110878138
2,0,5327,1789633724994156544,3812341110888498
2,0,5328,1789633724994167808,3812341110898810
2,0,5329,1789633724994178048,3812341110909125
2,0,5330,1789633724994188288,3812341110919484
2,0,5331,1789633724994198528,3812341110929806
2,0,5332,1789633724994208768,3812341110940186
2,0,5333,1789633724994219008,3812341110950518
2,0,5334,1789633724994229248,3812341110960858
2,0,5335,1789633724994239488,3812341110971198
2,0,5336,1789633724994249728,3812341110981538
2,0,5337,1789633724994259968,3812341110991879
2,0,5338,1789633724994271232,3812341111002406
2,0,5339,1789633724994281472,3812341111012750
2,0,5340,1789633724994291712,3812341111023084
2,0,5341,1789633724994301952,3812341111033439
2,0,5342,1789633724994312192,3812341111043768
2,0,5343,1789633724994322432,3812341111054118
2,0,5344,1789633724994332672,3812341111064439
2,0,5345,1789633724994342912,3812341111074797
2,0,5346,1789633724994354176,3812341111085150
2,0,5347,1789633724994364416,3812341111095546
2,0,5348,1789633724994374656,3812341111106018
2,0,5349,1789633724994384896,3812341111116358
2,0,5350,1789633724994395136,3812341111126697
2,0,5351,1789633724994405376,3812341111137024
2,0,5352,1789633724994415616,3812341111147344
2,0,5353,1789633724994425856,3812341111157709
2,0,5354,1789633724994437120,3812341111168040
2,0,5355,1789633724994447360,3812341111178368
2,0,5356,1789633724994457600,3812341111188710
2,0,5357,1789633724994467840,3812341111199074
2,0,5358,1789633724994478080,3812341111209409
2,0,5359,1789633724994488320,3812341111219749
2,0,5360,1789633724994498560,3812341111230098
2,0,5361,1789633724994508800,3812341111240418
2,0,5362,1789633724994519040,3812341111250750
2,0,5363,1789633724994529280,3812341111261099
2,0,5364,1789633724994539520,3812341111271630
2,0,5365,1789633724994550784,3812341111282005
2,0,5366,1789633724994561024,3812341111292313
2,0,5367,1789633724994571264,3812341111302841
2,0,5368,1789633724994581504,3812341111313170
2,0,5369,1789633724994591744,3812341111323518
2,0,5370,1789633724994601984,3812341111333853
2,0,5371,1789633724994613248,3812341111344198
2,0,5372,1789633724994623488,3812341111354557
2,0,5373,1789633724994633728,3812341111364906
2,0,5374,1789633724994643968,3812341111375246
2,0,5375,1789633724994654208,3812341111385588
2,0,5376,1789633724994664448,3812341111395918
2,0,5377,1789633724994674688,3812341111406250
2,0,5378,1789633724994684928,3812341111416580
2,0,5379,1789633724994695168,3812341111426921
2,0,5380,1789633724994705408,3812341111437247
2,0,5381,1789633724994715648,3812341111447581
2,0,5382,1789633724994726912,3812341111457918
2,0,5383,1789633724994737152,3812341111468258
2,0,5384,1789633724994747392,3812341111478619
2,0,5385,1789633724994757632,3812341111488961
2,0,5386,1789633724994767872,3812341111499291
2,0,5387,1789633724994778112,3812341111509600
2,0,5388,1789633724994788352,3812341111519939
2,0,5389,1789633724994798592,3812341111530286
2,0,5390,1789633724994808832,3812341111540630
2,0,5391,1789633724994819072,3812341111550944
2,0,5392,1789633724994830336,3812341111561299
2,0,5393,1789633724994840576,3812341111571638
2,0,5394,1789633724994850816,3812341111582018
2,0,5395,1789633724994861056,3812341111592360
2,0,5396,1789633724994871296,3812341111602706
2,0,5397,1789633724994881536,3812341111613024
2,0,5398,1789633724994891776,3812341111623361
2,0,5399,1789633724994902016,3812341111633710
2,0,5400,1789633724994912256,3812341111644029
2,0,5401,1789633724994922496,3812341111654355
2,0,5402,1789633724994933760,3812341111664708
2,0,5403,1789633724994944000,3812341111675426
2,0,5404,1789633724994954240,3812341111685781
2,0,5405,1789633724994964480,3812341111696119
2,0,5406,1789633724994974720,3812341111706458
2,0,5407,1789633724994984960,3812341111716800
2,0,5408,1789633724994995200,3812341111727158
2,0,5409,1789633724995006464,3812341111737518
2,0,5410,1789633724995016704,3812341111747853
2,0,5411,1789633724995026944,3812341111758198
2,0,5412,1789633724995037184,3812341111768537
2,0,5413,1789633724995047424,3812341111778870
2,0,5414,1789633724995057664,3812341111789191
2,0,5415,1789633724995067904,3812341111799543
2,0,5416,1789633724995078144,3812341111810070
2,0,5417,1789633724995089408,3812341111820397
2,0,5418,1789633724995099648,3812341111830748
2,0,5419,1789633724995109888,3812341111841266
2,0,5420,1789633724995120128,3812341111851601
2,0,5421,1789633724995130368,3812341111862007
2,0,5422,1789633724995140608,3812341111872277
2,0,5423,1789633724995150848,3812341111882605
2,0,5424,1789633724995161088,3812341111892946
2,0,5425,1789633724995171328,3812341111903358
2,0,5426,1789633724995182592,3812341111913678
2,0,5427,1789633724995192832,3812341111924007
2,0,5428,1789633724995203072,3812341111934346
2,0,5429,1789633724995213312,3812341111944681
2,0,5430,1789633724995223552,3812341111955010
2,0,5431,1789633724995233792,3812341111965357
2,0,5432,1789633724995244032,3812341111975881
2,0,5433,1789633724995254272,3812341111986177
2,0,5434,1789633724995265536,3812341111996533
2,0,5435,1789633724995275776,3812341112006881
2,0,5436,1789633724995286016,3812341112017197
2,0,5437,1789633724995296256,3812341112027564
2,0,5438,1789633724995306496,3812341112037901
2,0,5439,1789633724995316736,3812341112048277
2,0,5440,1789633724995326976,3812341112058618
2,0,5441,1789633724995337216,3812341112068968
2,0,5442,1789633724995347456,3812341112079320
2,0,5443,1789633724995357696,3812341112089686
2,0,5444,1789633724995368960,3812341112100040
2,0,5445,1789633724995379200,3812341112110458
2,0,5446,1789633724995389440,3812341112120789
2,0,5447,1789633724995399680,3812341112131138
2,0,5448,1789633724995409920,3812341112141486
2,0,5449,1789633724995420160,3812341112151825
2,0,5450,1789633724995430400,3812341112162175
2,0,5451,1789633724995440640,3812341112172539
2,0,5452,1789633724995451904,3812341112182878
2,0,5453,1789633724995462144,3812341112193177
2,0,5454,1789633724995472384,3812341112203529
2,0,5455,1789633724995482624,3812341112213859
2,0,5456,1789633724995492864,3812341112224188
2,0,5457,1789633724995503104,3812341112234544
2,0,5458,1789633724995513344,3812341112244888
2,0,5459,1789633724995523584,3812341112255217
2,0,5460,1789633724995533824,3812341112265569
2,0,5461,1789633724995544064,3812341112275937
2,0,5462,1789633724995555328,3812341112286269
2,0,5463,1789633724995565568,3812341112296565
2,0,5464,1789633724995575808,3812341112306928
2,0,5465,1789633724995586048,3812341112317249
2,0,5466,1789633724995596288,3812341112327585
2,0,5467,1789633724995606528,3812341112337937
2,0,5468,1789633724995616768,3812341112348285
2,0,5469,1789633724995627008,3812341112358605
2,0,5470,1789633724995637248,3812341112368967
2,0,5471,1789633724995647488,3812341112379337
2,0,5472,1789633724995657728,3812341112389686
2,0,5473,1789633724995668992,3812341112400040
2,0,5474,1789633724995679232,3812341112410397
2,0,5475,1789633724995689472,3812341112420888
2,0,5476,1789633724995699712,3812341112431238
2,0,5477,1789633724995709952,3812341112441597
2,0,5478,1789633724995720192,3812341112452130
2,0,5479,1789633724995731456,3812341112462468
2,0,5480,1789633724995741696,3812341112472809
2,0,5481,1789633724995751936,3812341112483344
2,0,5482,1789633724995762176,3812341112493684
2,0,5483,1789633724995772416,3812341112504041
2,0,5484,1789633724995782656,3812341112514520
2,0,5485,1789633724995792896,3812341112524859
2,0,5486,1789633724995804160,3812341112535204
2,0,5487,1789633724995814400,3812341112545524
2,0,5488,1789633724995824640,3812341112555859
2,0,5489,1789633724995834880,3812341112566209
2,0,5490,1789633724995845120,3812341112576537
2,0,5491,1789633724995855360,3812341112586860
2,0,5492,1789633724995865600,3812341112597197
2,0,5493,1789633724995875840,3812341112607530
2,0,5494,1789633724995886080,3812341112617909
2,0,5495,1789633724995896320,3812341112628248
2,0,5496,1789633724995907584,3812341112638598
2,0,5497,1789633724995917824,3812341112648926
2,0,5498,1789633724995928064,3812341112659246
2,0,5499,1789633724995938304,3812341112669596
2,0,5500,1789633724995948544,3812341112679926
2,0,5501,1789633724995958784,3812341112690270
2,0,5502,1789633724995969024,3812341112700617
2,0,5503,1789633724995979264,3812341112710973
2,0,5504,1789633724995989504,3812341112721305
2,0,5505,1789633724995999744,3812341112731641
2,0,5506,1789633724996011008,3812341112741999
2,0,5507,1789633724996021248,3812341112752338
2,0,5508,1789633724996031488,3812341112762686
2,0,5509,1789633724996041728,3812341112773038
2,0,5510,1789633724996051968,3812341112783507
2,0,5511,1789633724996062208,3812341112793841
2,0,5512,1789633724996072448,3812341112804200
2,0,5513,1789633724996082688,3812341112814538
2,0,5514,1789633724996092928,3812341112824851
2,0,5515,1789633724996104192,3812341112835200
2,0,5516,1789633724996114432,3812341112845550
2,0,5517,1789633724996124672,3812341112855917
2,0,5518,1789633724996134912,3812341112866258
2,0,5519,1789633724996145152,3812341112876598
2,0,5520,1789633724996155392,3812341112886927
2,0,5521,1789633724996165632,3812341112897258
2,0,5522,1789633724996175872,3812341112907585
2,0,5523,1789633724996186112,3812341112918119
2,0,5524,1789633724996197376,3812341112928444
2,0,5525,1789633724996207616,3812341112938809
2,0,5526,1789633724996217856,3812341112949134
2,0,5527,1789633724996228096,3812341112959468
2,0,5528,1789633724996238336,3812341112969825
2,0,5529,1789633724996248576,3812341112980194
2,0,5530,1789633724996258816,3812341112990525
2,0,5531,1789633724996269056,3812341113000869
2,0,5532,1789633724996279296,3812341113011165
2,0,5533,1789633724996289536,3812341113021509
2,0,5534,1789633724996300800,3812341113031834
2,0,5535,1789633724996311040,3812341113042197
2,0,5536,1789633724996321280,3812341113052517
2,0,5537,1789633724996331520,3812341113062849
2,0,5538,1789633724996341760,3812341113073200
2,0,5539,1789633724996352000,3812341113083538
2,0,5540,1789633724996362240,3812341113093916
2,0,5541,1789633724996372480,3812341113104264
2,0,5542,1789633724996382720,3812341113114624
2,0,5543,1789633724996393984,3812341113125158
2,0,5544,1789633724996404224,3812341113135579
2,0,5545,1789633724996414464,3812341113145934
2,0,5546,1789633724996424704,3812341113156340
2,0,5547,1789633724996434944,3812341113166684
2,0,5548,1789633724996445184,3812341113177037
2,0,5549,1789633724996455424,3812341113187365
2,0,5550,1789633724996466688,3812341113197697
2,0,5551,1789633724996476928,3812341113208047
2,0,5552,1789633724996487168,3812341113218538
2,0,5553,1789633724996497408,3812341113228860
2,0,5554,1789633724996507648,3812341113239210
2,0,5555,1789633724996517888,3812341113249573
2,0,5556,1789633724996528128,3812341113259897
2,0,5557,1789633724996538368,3812341113270238
2,0,5558,1789633724996548608,3812341113280569
2,0,5559,1789633724996559872,3812341113290937
2,0,5560,1789633724996570112,3812341113301281
2,0,5561,1789633724996580352,3812341113311617
2,0,5562,1789633724996590592,3812341113322005
2,0,5563,1789633724996600832,3812341113332268
2,0,5564,1789633724996611072,3812341113344953
2,0,5565,1789633724996621312,3812341113352957
2,0,5566,1789633724996631552,3812341113363358
2,0,5567,1789633724996641792,3812341113373700
2,0,5568,1789633724996653056,3812341113384030
2,0,5569,1789633724996663296,3812341113394359
2,0,5570,1789633724996673536,3812341113404707
2,0,5571,1789633724996683776,3812341113415048
2,0,5572,1789633724996694016,3812341113425377
2,0,5573,1789633724996704256,3812341113435711
2,0,5574,1789633724996714496,3812341113446060
2,0,5575,1789633724996724736,3812341113456537
2,0,5576,1789633724996734976,3812341113466879
2,0,5577,1789633724996746240,3812341113477230
2,0,5578,1789633724996756480,3812341113487565
2,0,5579,1789633724996766720,3812341113497917
2,0,5580,1789633724996776960,3812341113508270
2,0,5581,1789633724996787200,3812341113518638
2,0,5582,1789633724996797440,3812341113528969
2,0,5583,1789633724996807680,3812341113539319
2,0,5584,1789633724996817920,3812341113549646
2,0,5585,1789633724996828160,3812341113559956
2,0,5586,1789633724996838400,3812341113570287
2,0,5587,1789633724996848640,3812341113580640
2,0,5588,1789633724996859904,3812341113591164
2,0,5589,1789633724996870144,3812341113601518
2,0,5590,1789633724996880384,3812341113611864
2,0,5591,1789633724996890624,3812341113622357
2,0,5592,1789633724996900864,3812341113632710
2,0,5593,1789633724996911104,3812341113643057
2,0,5594,1789633724996922368,3812341113653404
2,0,5595,1789633724996932608,3812341113663758
2,0,5596,1789633724996942848,3812341113674098
2,0,5597,1789633724996953088,3812341113684448
2,0,5598,1789633724996963328,3812341113694780
2,0,5599,1789633724996973568,3812341113705109
2,0,5600,1789633724996983808,3812341113715440
2,0,5601,1789633724996994048,3812341113725757
2,0,5602,1789633724997004288,3812341113736087
2,0,5603,1789633724997014528,3812341113746440
2,0,5604,1789633724997025792,3812341113756785
2,0,5605,1789633724997036032,3812341113767105
2,0,5606,1789633724997046272,3812341113777479
2,0,5607,1789633724997056512,3812341113787806
2,0,5608,1789633724997066752,3812341113798177
2,0,5609,1789633724997076992,3812341113808524
2,0,5610,1789633724997087232,3812341113818881
2,0,5611,1789633724997097472,3812341113829403
2,0,5612,1789633724997108736,3812341113839750
2,0,5613,1789633724997118976,3812341113850098
2,0,5614,1789633724997129216,3812341113860630
2,0,5615,1789633724997139456,3812341113870984
2,0,5616,1789633724997149696,3812341113881328
2,0,5617,1789633724997159936,3812341113891768
2,0,5618,1789633724997170176,3812341113902105
2,0,5619,1789633724997181440,3812341113912459
2,0,5620,1789633724997191680,3812341113922784
2,0,5621,1789633724997201920,3812341113933103
2,0,5622,1789633724997212160,3812341113943457
2,0,5623,1789633724997222400,3812341113953808
2,0,5624,1789633724997232640,3812341113964128
2,0,5625,1789633724997242880,3812341113974490
2,0,5626,1789633724997253120,3812341113984806
2,0,5627,1789633724997263360,3812341113995200
2,0,5628,1789633724997273600,3812341114005540
2,0,5629,1789633724997284864,3812341114015881
2,0,5630,1789633724997295104,3812341114026207
2,0,5631,1789633724997305344,3812341114036526
2,0,5632,1789633724997315584,3812341114046866
2,0,5633,1789633724997325824,3812341114057204
2,0,5634,1789633724997336064,3812341114067540
2,0,5635,1789633724997346304,3812341114077880
2,0,5636,1789633724997356544,3812341114088205
2,0,5637,1789633724997366784,3812341114098596
2,0,5638,1789633724997377024,3812341114108918
2,0,5639,1789633724997387264,3812341114119266
2,0,5640,1789633724997398528,3812341114129598
2,0,5641,1789633724997408768,3812341114139925
2,0,5642,1789633724997419008,3812341114150265
2,0,5643,1789633724997429248,3812341114160804
2,0,5644,1789633724997439488,3812341114171150
2,0,5645,1789633724997449728,3812341114181497
2,0,5646,1789633724997459968,3812341114192026
2,0,5647,1789633724997471232,3812341114202378
2,0,5648,1789633724997481472,3812341114212725
2,0,5649,1789633724997491712,3812341114223247
2,0,5650,1789633724997501952,3812341114233579
2,0,5651,1789633724997512192,3812341114243939
2,0,5652,1789633724997522432,3812341114254447
2,0,5653,1789633724997533696,3812341114264778
2,0,5654,1789633724997543936,3812341114275128
2,0,5655,1789633724997554176,3812341114285644
2,0,5656,1789633724997564416,3812341114295959
2,0,5657,1789633724997574656,3812341114306314
2,0,5658,1789633724997584896,3812341114316657
2,0,5659,1789633724997595136,3812341114326990
2,0,5660,1789633724997605376,3812341114337326
2,0,5661,1789633724997616640,3812341114347670
2,0,5662,1789633724997626880,3812341114358046
2,0,5663,1789633724997637120,3812341114368389
2,0,5664,1789633724997647360,3812341114378727
2,0,5665,1789633724997657600,3812341114389058
2,0,5666,1789633724997667840,3812341114399390
2,0,5667,1789633724997678080,3812341114409726
2,0,5668,1789633724997688320,3812341114420068
2,0,5669,1789633724997698560,3812341114430386
2,0,5670,1789633724997708800,3812341114440738
2,0,5671,1789633724997720064,3812341114451069
2,0,5672,1789633724997730304,3812341114461445
2,0,5673,1789633724997740544,3812341114471780
2,0,5674,1789633724997750784,3812341114482120
2,0,5675,1789633724997761024,3812341114492449
2,0,5676,1789633724997771264,3812341114502778
2,0,5677,1789633724997781504,3812341114513120
2,0,5678,1789633724997791744,3812341114523470
2,0,5679,1789633724997801984,3812341114533818
2,0,5680,1789633724997812224,3812341114544160
2,0,5681,1789633724997823488,3812341114554519
2,0,5682,1789633724997833728,3812341114564857
2,0,5683,1789633724997843968,3812341114575204
2,0,5684,1789633724997854208,3812341114585550
2,0,5685,1789633724997864448,3812341114595882
2,0,5686,1789633724997874688,3812341114606209
2,0,5687,1789633724997884928,3812341114616555
2,0,5688,1789633724997895168,3812341114627038
2,0,5689,1789633724997905408,3812341114637368
2,0,5690,1789633724997916672,3812341114647720
2,0,5691,1789633724997926912,3812341114658064
2,0,5692,1789633724997937152,3812341114668397
2,0,5693,1789633724997947392,3812341114678737
2,0,5694,1789633724997957632,3812341114689059
2,0,5695,1789633724997967872,3812341114699446
2,0,5696,1789633724997978112,3812341114709757
2,0,5697,1789633724997988352,3812341114720128
2,0,5698,1789633724997998592,3812341114730450
2,0,5699,1789633724998008832,3812341114740777
2,0,5700,1789633724998020096,3812341114751119
2,0,5701,1789633724998030336,3812341114761457
2,0,5702,1789633724998040576,3812341114771779
2,0,5703,1789633724998050816,3812341114782129
2,0,5704,1789633724998061056,3812341114792469
2,0,5705,1789633724998071296,3812341114802840
2,0,5706,1789633724998081536,3812341114813179
2,0,5707,1789633724998091776,3812341114823519
2,0,5708,1789633724998102016,3812341114833838
2,0,5709,1789633724998112256,3812341114844181
2,0,5710,1789633724998123520,3812341114854526
2,0,5711,1789633724998133760,3812341114864868
2,0,5712,1789633724998144000,3812341114875218
2,0,5713,1789633724998154240,3812341114885567
2,0,5714,1789633724998164480,3812341114895918
2,0,5715,1789633724998174720,3812341114906243
2,0,5716,1789633724998184960,3812341114916605
2,0,5717,1789633724998195200,3812341114926946
2,0,5718,1789633724998205440,3812341114937479
2,0,5719,1789633724998216704,3812341114947817
2,0,5720,1789633724998226944,3812341114958161
2,0,5721,1789633724998237184,3812341114968680
2,0,5722,1789633724998247424,3812341114979019
2,0,5723,1789633724998257664,3812341114989357
2,0,5724,1789633724998267904,3812341114999688
2,0,5725,1789633724998278144,3812341115009999
2,0,5726,1789633724998288384,3812341115020338
2,0,5727,1789633724998299648,3812341115030678
2,0,5728,1789633724998309888,3812341115041006
2,0,5729,1789633724998320128,3812341115051357
2,0,5730,1789633724998330368,3812341115061691
2,0,5731,1789633724998340608,3812341115072060
2,0,5732,1789633724998350848,3812341115082400
2,0,5733,1789633724998361088,3812341115092726
2,0,5734,1789633724998371328,3812341115103043
2,0,5735,1789633724998381568,3812341115113360
2,0,5736,1789633724998391808,3812341115123710
2,0,5737,1789633724998402048,3812341115134063
2,0,5738,1789633724998413312,3812341115144385
2,0,5739,1789633724998423552,3812341115154737
2,0,5740,1789633724998433792,3812341115165068
2,0,5741,1789633724998444032,3812341115175447
2,0,5742,1789633724998454272,3812341115185785
2,0,5743,1789633724998464512,3812341115196127
2,0,5744,1789633724998474752,3812341115206447
2,0,5745,1789633724998484992,3812341115216758
2,0,5746,1789633724998495232,3812341115227119
2,0,5747,1789633724998505472,3812341115237469
2,0,5748,1789633724998516736,3812341115247809
2,0,5749,1789633724998526976,3812341115258159
2,0,5750,1789633724998537216,3812341115268523
2,0,5751,1789633724998547456,3812341115278873
2,0,5752,1789633724998557696,3812341115289227
2,0,5753,1789633724998567936,3812341115299577
2,0,5754,1789633724998578176,3812341115310060
2,0,5755,1789633724998588416,3812341115320399
2,0,5756,1789633724998599680,3812341115330748
2,0,5757,1789633724998609920,3812341115341081
2,0,5758,1789633724998620160,3812341115351419
2,0,5759,1789633724998630400,3812341115361770
2,0,5760,1789633724998640640,3812341115372281
2,0,5761,1789633724998650880,3812341115382618
2,0,5762,1789633724998661120,3812341115392957
2,0,5763,1789633724998671360,3812341115403460
2,0,5764,1789633724998682624,3812341115413807
2,0,5765,1789633724998692864,3812341115424147
2,0,5766,1789633724998703104,3812341115434504
2,0,5767,1789633724998713344,3812341115444830
2,0,5768,1789633724998723584,3812341115455180
2,0,5769,1789633724998733824,3812341115465555
2,0,5770,1789633724998744064,3812341115475880
2,0,5771,1789633724998754304,3812341115486219
2,0,5772,1789633724998764544,3812341115496558
2,0,5773,1789633724998775808,3812341115506870
2,0,5774,1789633724998786048,3812341115517209
2,0,5775,1789633724998796288,3812341115527560
2,0,5776,1789633724998806528,3812341115537885
2,0,5777,1789633724998816768,3812341115548216
2,0,5778,1789633724998827008,3812341115558569
2,0,5779,1789633724998837248,3812341115568897
2,0,5780,1789633724998847488,3812341115579278
2,0,5781,1789633724998857728,3812341115589619
2,0,5782,1789633724998867968,3812341115599968
2,0,5783,1789633724998879232,3812341115610318
2,0,5784,1789633724998889472,3812341115620659
2,0,5785,1789633724998899712,3812341115630988
2,0,5786,1789633724998909952,3812341115641476
2,0,5787,1789633724998920192,3812341115651818
2,0,5788,1789633724998930432,3812341115662164
2,0,5789,1789633724998940672,3812341115672500
2,0,5790,1789633724998950912,3812341115682813
2,0,5791,1789633724998961152,3812341115693165
2,0,5792,1789633724998972416,3812341115703496
2,0,5793,1789633724998982656,3812341115713881
2,0,5794,1789633724998992896,3812341115724207
2,0,5795,1789633724999003136,3812341115734539
2,0,5796,1789633724999013376,3812341115744870
2,0,5797,1789633724999023616,3812341115755201
2,0,5798,1789633724999033856,3812341115765546
2,0,5799,1789633724999044096,3812341115775896
2,0,5800,1789633724999054336,3812341115786230
2,0,5801,1789633724999064576,3812341115796567
2,0,5802,1789633724999075840,3812341115806879
2,0,5803,1789633724999086080,3812341115817266
2,0,5804,1789633724999096320,3812341115827606
2,0,5805,1789633724999106560,3812341115837946
2,0,5806,1789633724999116800,3812341115848276
2,0,5807,1789633724999127040,3812341115858596
2,0,5808,1789633724999137280,3812341115868956
2,0,5809,1789633724999147520,3812341115879289
2,0,5810,1789633724999157760,3812341115889610
2,0,5811,1789633724999168000,3812341115899957
2,0,5812,1789633724999179264,3812341115910283
2,0,5813,1789633724999189504,3812341115920668
2,0,5814,1789633724999199744,3812341115931005
2,0,5815,1789633724999209984,3812341115941367
2,0,5816,1789633724999220224,3812341115951697
2,0,5817,1789633724999230464,3812341115962046
2,0,5818,1789633724999240704,3812341115972400
2,0,5819,1789633724999250944,3812341115982869
2,0,5820,1789633724999261184,3812341115993217
2,0,5821,1789633724999272448,3812341116003563
2,0,5822,1789633724999282688,3812341116013899
2,0,5823,1789633724999292928,3812341116024215
2,0,5824,1789633724999303168,3812341116034558
2,0,5825,1789633724999313408,3812341116044910
2,0,5826,1789633724999323648,3812341116055276
2,0,5827,1789633724999333888,3812341116065618
2,0,5828,1789633724999344128,3812341116075966
2,0,5829,1789633724999354368,3812341116086281
2,0,5830,1789633724999364608,3812341116096607
2,0,5831,1789633724999375872,3812341116106958
2,0,5832,1789633724999386112,3812341116117283
2,0,5833,1789633724999396352,3812341116127615
2,0,5834,1789633724999406592,3812341116137959
2,0,5835,1789633724999416832,3812341116148300
2,0,5836,1789633724999427072,3812341116158676
2,0,5837,1789633724999437312,3812341116169030
2,0,5838,1789633724999447552,3812341116179359
2,0,5839,1789633724999457792,3812341116189696
2,0,5840,1789633724999468032,3812341116200040
2,0,5841,1789633724999479296,3812341116210389
2,0,5842,1789633724999489536,3812341116220865
2,0,5843,1789633724999499776,3812341116231187
2,0,5844,1789633724999510016,3812341116241540
2,0,5845,1789633724999520256,3812341116251900
2,0,5846,1789633724999530496,3812341116262219
2,0,5847,1789633724999540736,3812341116272581
2,0,5848,1789633724999550976,3812341116282957
2,0,5849,1789633724999562240,3812341116293356
2,0,5850,1789633724999572480,3812341116303730
2,0,5851,1789633724999582720,3812341116314100
2,0,5852,1789633724999592960,3812341116324510
2,0,5853,1789633724999603200,3812341116334860
2,0,5854,1789633724999613440,3812341116345218
2,0,5855,1789633724999623680,3812341116355726
2,0,5856,1789633724999634944,3812341116366058
2,0,5857,1789633724999645184,3812341116376398
2,0,5858,1789633724999655424,3812341116386716
2,0,5859,1789633724999665664,3812341116397040
2,0,5860,1789633724999675904,3812341116407387
2,0,5861,1789633724999686144,3812341116417710
2,0,5862,1789633724999696384,3812341116428030
2,0,5863,1789633724999706624,3812341116438398
2,0,5864,1789633724999716864,3812341116448730
2,0,5865,1789633724999727104,3812341116459099
2,0,5866,1789633724999738368,3812341116469438
2,0,5867,1789633724999748608,3812341116479789
2,0,5868,1789633724999758848,3812341116490119
2,0,5869,1789633724999769088,3812341116500455
2,0,5870,1789633724999779328,3812341116510798
2,0,5871,1789633724999789568,3812341116521320
2,0,5872,1789633724999799808,3812341116531658
2,0,5873,1789633724999810048,3812341116541998
2,0,5874,1789633724999820288,3812341116552327
2,0,5875,1789633724999831552,3812341116562657
2,0,5876,1789633724999841792,3812341116573009
2,0,5877,1789633724999852032,3812341116583377
2,0,5878,1789633724999862272,3812341116593710
2,0,5879,1789633724999872512,3812341116604060
2,0,5880,1789633724999882752,3812341116614379
2,0,5881,1789633724999892992,3812341116624733
2,0,5882,1789633724999903232,3812341116635068
2,0,5883,1789633724999913472,3812341116645418
2,0,5884,1789633724999923712,3812341116655900
2,0,5885,1789633724999934976,3812341116666274
2,0,5886,1789633724999945216,3812341116676633
2,0,5887,1789633724999955456,3812341116687118
2,0,5888,1789633724999965696,3812341116697467
2,0,5889,1789633724999975936,3812341116707804
2,0,5890,1789633724999986176,3812341116718147
2,0,5891,1789633724999997440,3812341116728488
2,0,5892,1789633725000007680,3812341116738827
2,0,5893,1789633725000017920,3812341116749198
2,0,5894,1789633725000028160,3812341116759531
2,0,5895,1789633725000038400,3812341116769877
2,0,5896,1789633725000048640,3812341116780217
2,0,5897,1789633725000058880,3812341116790546
2,0,5898,1789633725000069120,3812341116800878
2,0,5899,1789633725000079360,3812341116811232
2,0,5900,1789633725000089600,3812341116821746
2,0,5901,1789633725000100864,3812341116832093
2,0,5902,1789633725000111104,3812341116842438
2,0,5903,1789633725000121344,3812341116852949
2,0,5904,1789633725000131584,3812341116863380
2,0,5905,1789633725000141824,3812341116873733
2,0,5906,1789633725000152064,3812341116884158
2,0,5907,1789633725000163328,3812341116894481
2,0,5908,1789633725000173568,3812341116904840
2,0,5909,1789633725000183808,3812341116915179
2,0,5910,1789633725000194048,3812341116925529
2,0,5911,1789633725000204288,3812341116935893
2,0,5912,1789633725000214528,3812341116946241
2,0,5913,1789633725000224768,3812341116956568
2,0,5914,1789633725000235008,3812341116966906
2,0,5915,1789633725000245248,3812341116977251
2,0,5916,1789633725000256512,3812341116987576
2,0,5917,1789633725000266752,3812341116997928
2,0,5918,1789633725000276992,3812341117008279
2,0,5919,1789633725000287232,3812341117018761
2,0,5920,1789633725000297472,3812341117029109
2,0,5921,1789633725000307712,3812341117039457
2,0,5922,1789633725000317952,3812341117049979
2,0,5923,1789633725000329216,3812341117060319
2,0,5924,1789633725000339456,3812341117070667
2,0,5925,1789633725000349696,3812341117080999
2,0,5926,1789633725000359936,3812341117091338
2,0,5927,1789633725000370176,3812341117101682
2,0,5928,1789633725000380416,3812341117112003
2,0,5929,1789633725000390656,3812341117122373
2,0,5930,1789633725000400896,3812341117132720
2,0,5931,1789633725000411136,3812341117143071
2,0,5932,1789633725000421376,3812341117153399
2,0,5933,1789633725000432640,3812341117163727
2,0,5934,1789633725000442880,3812341117174069
2,0,5935,1789633725000453120,3812341117184402
2,0,5936,1789633725000463360,3812341117194719
2,0,5937,1789633725000473600,3812341117205076
2,0,5938,1789633725000483840,3812341117215459
2,0,5939,1789633725000494080,3812341117225774
2,0,5940,1789633725000504320,3812341117236119
2,0,5941,1789633725000514560,3812341117246458
2,0,5942,1789633725000524800,3812341117256789
2,0,5943,1789633725000536064,3812341117267120
2,0,5944,1789633725000546304,3812341117277466
2,0,5945,1789633725000556544,3812341117287802
2,0,5946,1789633725000566784,3812341117298129
2,0,5947,1789633725000577024,3812341117308478
2,0,5948,1789633725000587264,3812341117318846
2,0,5949,1789633725000597504,3812341117329190
2,0,5950,1789633725000607744,3812341117339527
2,0,5951,1789633725000617984,3812341117349879
2,0,5952,1789633725000628224,3812341117360222
2,0,5953,1789633725000639488,3812341117370599
2,0,5954,1789633725000649728,3812341117380958
2,0,5955,1789633725000659968,3812341117391368
2,0,5956,1789633725000670208,3812341117401714
2,0,5957,1789633725000680448,3812341117412080
2,0,5958,1789633725000690688,3812341117422418
2,0,5959,1789633725000700928,3812341117432723
2,0,5960,1789633725000711168,3812341117443107
2,0,5961,1789633725000721408,3812341117453446
2,0,5962,1789633725000732672,3812341117463782
2,0,5963,1789633725000742912,3812341117474120
2,0,5964,1789633725000753152,3812341117484470
2,0,5965,1789633725000763392,3812341117494782
2,0,5966,1789633725000773632,3812341117505109
2,0,5967,1789633725000783872,3812341117515566
2,0,5968,1789633725000794112,3812341117525982
2,0,5969,1789633725000804352,3812341117536278
2,0,5970,1789633725000814592,3812341117546629
2,0,5971,1789633725000825856,3812341117556939
2,0,5972,1789633725000836096,3812341117567270
2,0,5973,1789633725000846336,3812341117577625
2,0,5974,1789633725000856576,3812341117587983
2,0,5975,1789633725000866816,3812341117598387
2,0,5976,1789633725000877056,3812341117608729
2,0,5977,1789633725000887296,3812341117619056
2,0,5978,1789633725000897536,3812341117629381
2,0,5979,1789633725000907776,3812341117639678
2,0,5980,1789633725000918016,3812341117650038
2,0,5981,1789633725000929280,3812341117660400
2,0,5982,1789633725000939520,3812341117670724
2,0,5983,1789633725000949760,3812341117681068
2,0,5984,1789633725000960000,3812341117691390
2,0,5985,1789633725000970240,3812341117701786
2,0,5986,1789633725000980480,3812341117712123
2,0,5987,1789633725000990720,3812341117722478
2,0,5988,1789633725001000960,3812341117732818
2,0,5989,1789633725001011200,3812341117743165
2,0,5990,1789633725001021440,3812341117753509
2,0,5991,1789633725001032704,3812341117763979
2,0,5992,1789633725001042944,3812341117774329
2,0,5993,1789633725001053184,3812341117784667
2,0,5994,1789633725001063424,3812341117794999
2,0,5995,1789633725001073664,3812341117805314
2,0,5996,1789633725001083904,3812341117815660
2,0,5997,1789633725001094144,3812341117825993
2,0,5998,1789633725001104384,3812341117836386
2,0,5999,1789633725001115648,3812341117846689
2,0,6000,1789633725001125888,3812341117857049
2,0,6001,1789633725001136128,3812341117867373
2,0,6002,1789633725001146368,3812341117877691
2,0,6003,1789633725001156608,3812341117888049
2,0,6004,1789633725001166848,3812341117898397
2,0,6005,1789633725001177088,3812341117908725
2,0,6006,1789633725001187328,3812341117919069
2,0,6007,1789633725001197568,3812341117929398
2,0,6008,1789633725001207808,3812341117939785
2,0,6009,1789633725001219072,3812341117950125
2,0,6010,1789633725001229312,3812341117960473
2,0,6011,1789633725001239552,3812341117970806
2,0,6012,1789633725001249792,3812341117981137
2,0,6013,1789633725001260032,3812341117991489
2,0,6014,1789633725001270272,3812341118002006
2,0,6015,1789633725001280512,3812341118012338
2,0,6016,1789633725001290752,3812341118022689
2,0,6017,1789633725001300992,3812341118032999
2,0,6018,1789633725001312256,3812341118043367
2,0,6019,1789633725001322496,3812341118053709
2,0,6020,1789633725001332736,3812341118064069
2,0,6021,1789633725001342976,3812341118074408
2,0,6022,1789633725001353216,3812341118084760
2,0,6023,1789633725001363456,3812341118095114
2,0,6024,1789633725001373696,3812341118105638
2,0,6025,1789633725001383936,3812341118115966
2,0,6026,1789633725001395200,3812341118126306
2,0,6027,1789633725001405440,3812341118136639
2,0,6028,1789633725001415680,3812341118146959
2,0,6029,1789633725001425920,3812341118157300
2,0,6030,1789633725001436160,3812341118167818
2,0,6031,1789633725001446400,3812341118178148
2,0,6032,1789633725001456640,3812341118188504
2,0,6033,1789633725001466880,3812341118198824
2,0,6034,1789633725001477120,3812341118209158
2,0,6035,1789633725001488384,3812341118219510
2,0,6036,1789633725001498624,3812341118229837
2,0,6037,1789633725001508864,3812341118240209
2,0,6038,1789633725001519104,3812341118250538
2,0,6039,1789633725001529344,3812341118260873
2,0,6040,1789633725001539584,3812341118271200
2,0,6041,1789633725001549824,3812341118281518
2,0,6042,1789633725001560064,3812341118291878
2,0,6043,1789633725001570304,3812341118302216
2,0,6044,1789633725001580544,3812341118312540
2,0,6045,1789633725001591808,3812341118322890
2,0,6046,1789633725001602048,3812341118333217
2,0,6047,1789633725001612288,3812341118343605
2,0,6048,1789633725001622528,3812341118353940
2,0,6049,1789633725001632768,3812341118364279
2,0,6050,1789633725001643008,3812341118374609
2,0,6051,1789633725001653248,3812341118384937
2,0,6052,1789633725001663488,3812341118395284
2,0,6053,1789633725001673728,3812341118405619
2,0,6054,1789633725001683968,3812341118415958
2,0,6055,1789633725001695232,3812341118426318
2,0,6056,1789633725001705472,3812341118436678
2,0,6057,1789633725001715712,3812341118447019
2,0,6058,1789633725001725952,3812341118457327
2,0,6059,1789633725001736192,3812341118467725
2,0,6060,1789633725001746432,3812341118478237
2,0,6061,1789633725001756672,3812341118488583
2,0,6062,1789633725001766912,3812341118498929
2,0,6063,1789633725001778176,3812341118509248
2,0,6064,1789633725001788416,3812341118519572
2,0,6065,1789633725001798656,3812341118529930
2,0,6066,1789633725001808896,3812341118540439
2,0,6067,1789633725001819136,3812341118550766
2,0,6068,1789633725001829376,3812341118561112
2,0,6069,1789633725001839616,3812341118571437
2,0,6070,1789633725001849856,3812341118581769
2,0,6071,1789633725001860096,3812341118592107
2,0,6072,1789633725001871360,3812341118602446
2,0,6073,1789633725001881600,3812341118612830
2,0,6074,1789633725001891840,3812341118623166
2,0,6075,1789633725001902080,3812341118633498
2,0,6076,1789633725001912320,3812341118643814
2,0,6077,1789633725001922560,3812341118654138
2,0,6078,1789633725001932800,3812341118664481
2,0,6079,1789633725001943040,3812341118678281
2,0,6080,1789633725001953280,3812341118685146
2,0,6081,1789633725001963520,3812341118695558
2,0,6082,1789633725001974784,3812341118705899
2,0,6083,1789633725001985024,3812341118716229
2,0,6084,1789633725001995264,3812341118726578
2,0,6085,1789633725002005504,3812341118736905
2,0,6086,1789633725002015744,3812341118747230
2,0,6087,1789633725002025984,3812341118757558
2,0,6088,1789633725002036224,3812341118767863
2,0,6089,1789633725002046464,3812341118778240
2,0,6090,1789633725002056704,3812341118788566
2,0,6091,1789633725002066944,3812341118798916
2,0,6092,1789633725002077184,3812341118809286
2,0,6093,1789633725002088448,3812341118819627
2,0,6094,1789633725002098688,3812341118829978
2,0,6095,1789633725002108928,3812341118840338
2,0,6096,1789633725002119168,3812341118850826
2,0,6097,1789633725002129408,3812341118861165
2,0,6098,1789633725002139648,3812341118871509
2,0,6099,1789633725002149888,3812341118881837
2,0,6100,1789633725002160128,3812341118892165
2,0,6101,1789633725002171392,3812341118902519
2,0,6102,1789633725002181632,3812341118913039
2,0,6103,1789633725002191872,3812341118923359
2,0,6104,1789633725002202112,3812341118933719
2,0,6105,1789633725002212352,3812341118944043
2,0,6106,1789633725002222592,3812341118954369
2,0,6107,1789633725002232832,3812341118964719
2,0,6108,1789633725002243072,3812341118975049
2,0,6109,1789633725002253312,3812341118985439
2,0,6110,1789633725002264576,3812341118995779
2,0,6111,1789633725002274816,3812341119006124
2,0,6112,1789633725002285056,3812341119016456
2,0,6113,1789633725002295296,3812341119026788
2,0,6114,1789633725002305536,3812341119037147
2,0,6115,1789633725002315776,3812341119047658
2,0,6116,1789633725002326016,3812341119057973
2,0,6117,1789633725002336256,3812341119068327
2,0,6118,1789633725002347520,3812341119078642
2,0,6119,1789633725002357760,3812341119088979
2,0,6120,1789633725002368000,3812341119099337
2,0,6121,1789633725002378240,3812341119109709
2,0,6122,1789633725002388480,3812341119120032
2,0,6123,1789633725002398720,3812341119130385
2,0,6124,1789633725002408960,3812341119140747
2,0,6125,1789633725002419200,3812341119151269
2,0,6126,1789633725002430464,3812341119161619
2,0,6127,1789633725002440704,3812341119172005
2,0,6128,1789633725002450944,3812341119182303
2,0,6129,1789633725002461184,3812341119192664
2,0,6130,1789633725002471424,3812341119203027
2,0,6131,1789633725002481664,3812341119213446
2,0,6132,1789633725002491904,3812341119223766
2,0,6133,1789633725002502144,3812341119234118
2,0,6134,1789633725002512384,3812341119244479
2,0,6135,1789633725002523648,3812341119254799
2,0,6136,1789633725002533888,3812341119265139
2,0,6137,1789633725002544128,3812341119275532
2,0,6138,1789633725002554368,3812341119285858
2,0,6139,1789633725002564608,3812341119296202
2,0,6140,1789633725002574848,3812341119306546
2,0,6141,1789633725002585088,3812341119316867
2,0,6142,1789633725002595328,3812341119327199
2,0,6143,1789633725002605568,3812341119337513
2,0,6144,1789633725002615808,3812341119347870
2,0,6145,1789633725002627072,3812341119358203
2,0,6146,1789633725002637312,3812341119368557
2,0,6147,1789633725002647552,3812341119378875
2,0,6148,1789633725002657792,3812341119389246
2,0,6149,1789633725002668032,3812341119399590
2,0,6150,1789633725002678272,3812341119409927
2,0,6151,1789633725002688512,3812341119420258
2,0,6152,1789633725002698752,3812341119430572
2,0,6153,1789633725002708992,3812341119440909
2,0,6154,1789633725002719232,3812341119451261
2,0,6155,1789633725002730496,3812341119461601
2,0,6156,1789633725002740736,3812341119472005
2,0,6157,1789633725002750976,3812341119482279
2,0,6158,1789633725002761216,3812341119492646
2,0,6159,1789633725002771456,3812341119502999
2,0,6160,1789633725002781696,3812341119513355
2,0,6161,1789633725002791936,3812341119523881
2,0,6162,1789633725002802176,3812341119534225
2,0,6163,1789633725002813440,3812341119544582
2,0,6164,1789633725002823680,3812341119555098
2,0,6165,1789633725002833920,3812341119565438
2,0,6166,1789633725002844160,3812341119575777
2,0,6167,1789633725002854400,3812341119586099
2,0,6168,1789633725002864640,3812341119596438
2,0,6169,1789633725002874880,3812341119606788
2,0,6170,1789633725002885120,3812341119617266
2,0,6171,1789633725002896384,3812341119627608
2,0,6172,1789633725002906624,3812341119637949
2,0,6173,1789633725002916864,3812341119648300
2,0,6174,1789633725002927104,3812341119658618
2,0,6175,1789633725002937344,3812341119668979
2,0,6176,1789633725002947584,3812341119679339
2,0,6177,1789633725002957824,3812341119689679
2,0,6178,1789633725002968064,3812341119700020
2,0,6179,1789633725002978304,3812341119710359
2,0,6180,1789633725002989568,3812341119720681
2,0,6181,1789633725002999808,3812341119731018
2,0,6182,1789633725003010048,3812341119741369
2,0,6183,1789633725003020288,3812341119751684
2,0,6184,1789633725003030528,3812341119762005
2,0,6185,1789633725003040768,3812341119772349
2,0,6186,1789633725003051008,3812341119782685
2,0,6187,1789633725003061248,3812341119793081
2,0,6188,1789633725003071488,3812341119803418
2,0,6189,1789633725003081728,3812341119813770
2,0,6190,1789633725003092992,3812341119824085
2,0,6191,1789633725003103232,3812341119834440
2,0,6192,1789633725003113472,3812341119844785
2,0,6193,1789633725003123712,3812341119855279
2,0,6194,1789633725003133952,3812341119865619
2,0,6195,1789633725003144192,3812341119875966
2,0,6196,1789633725003154432,3812341119886309
2,0,6197,1789633725003164672,3812341119896654
2,0,6198,1789633725003174912,3812341119907017
2,0,6199,1789633725003186176,3812341119917361
2,0,6200,1789633725003196416,3812341119927689
2,0,6201,1789633725003206656,3812341119938019
2,0,6202,1789633725003216896,3812341119948359
2,0,6203,1789633725003227136,3812341119958685
2,0,6204,1789633725003237376,3812341119969019
2,0,6205,1789633725003247616,3812341119979359
2,0,6206,1789633725003257856,3812341119989689
2,0,6207,1789633725003268096,3812341119999999
2,0,6208,1789633725003278336,3812341120010363
2,0,6209,1789633725003289600,3812341120020699
2,0,6210,1789633725003299840,3812341120031079
2,0,6211,1789633725003310080,3812341120041417
2,0,6212,1789633725003320320,3812341120051758
2,0,6213,1789633725003330560,3812341120062079
2,0,6214,1789633725003340800,3812341120072398
2,0,6215,1789633725003351040,3812341120082755
2,0,6216,1789633725003361280,3812341120093085
2,0,6217,1789633725003371520,3812341120103399
2,0,6218,1789633725003381760,3812341120113755
2,0,6219,1789633725003392000,3812341120124087
2,0,6220,1789633725003403264,3812341120134465
2,0,6221,1789633725003413504,3812341120144805
2,0,6222,1789633725003423744,3812341120155148
2,0,6223,1789633725003433984,3812341120165676
2,0,6224,1789633725003444224,3812341120176005
2,0,6225,1789633725003454464,3812341120186357
2,0,6226,1789633725003464704,3812341120196697
2,0,6227,1789633725003474944,3812341120207047
2,0,6228,1789633725003486208,3812341120217385
2,0,6229,1789633725003496448,3812341120227875
2,0,6230,1789633725003506688,3812341120238235
2,0,6231,1789633725003516928,3812341120248590
2,0,6232,1789633725003527168,3812341120259095
2,0,6233,1789633725003537408,3812341120269449
2,0,6234,1789633725003548672,3812341120279799
2,0,6235,1789633725003558912,3812341120290125
2,0,6236,1789633725003569152,3812341120300450
2,0,6237,1789633725003579392,3812341120310797
2,0,6238,1789633725003589632,3812341120321125
2,0,6239,1789633725003599872,3812341120331505
2,0,6240,1789633725003610112,3812341120341855
2,0,6241,1789633725003620352,3812341120352209
2,0,6242,1789633725003630592,3812341120362517
2,0,6243,1789633725003640832,3812341120372860
2,0,6244,1789633725003652096,3812341120383203
2,0,6245,1789633725003662336,3812341120393538
2,0,6246,1789633725003672576,3812341120403865
2,0,6247,1789633725003682816,3812341120414219
2,0,6248,1789633725003693056,3812341120424567
2,0,6249,1789633725003703296,3812341120434909
2,0,6250,1789633725003713536,3812341120445259
2,0,6251,1789633725003723776,3812341120455604
2,0,6252,1789633725003734016,3812341120466124
2,0,6253,1789633725003745280,3812341120476469
2,0,6254,1789633725003755520,3812341120486809
2,0,6255,1789633725003765760,3812341120497129
2,0,6256,1789633725003776000,3812341120507456
2,0,6257,1789633725003786240,3812341120517811
2,0,6258,1789633725003796480,3812341120528325
2,0,6259,1789633725003806720,3812341120538660
2,0,6260,1789633725003816960,3812341120549018
2,0,6261,1789633725003828224,3812341120559359
2,0,6262,1789633725003838464,3812341120569645
2,0,6263,1789633725003848704,3812341120580000
2,0,6264,1789633725003858944,3812341120590337
2,0,6265,1789633725003869184,3812341120600729
2,0,6266,1789633725003879424,3812341120611088
2,0,6267,1789633725003889664,3812341120621431
2,0,6268,1789633725003899904,3812341120632005
2,0,6269,1789633725003911168,3812341120642274
2,0,6270,1789633725003921408,3812341120652619
2,0,6271,1789633725003931648,3812341120662965
2,0,6272,1789633725003941888,3812341120673369
2,0,6273,1789633725003952128,3812341120683729
2,0,6274,1789633725003962368,3812341120694123
2,0,6275,1789633725003972608,3812341120704473
2,0,6276,1789633725003982848,3812341120714828
2,0,6277,1789633725003993088,3812341120725157
2,0,6278,1789633725004004352,3812341120735529
2,0,6279,1789633725004014592,3812341120745889
2,0,6280,1789633725004024832,3812341120756215
2,0,6281,1789633725004035072,3812341120766549
2,0,6282,1789633725004045312,3812341120776879
2,0,6283,1789633725004055552,3812341120787225
2,0,6284,1789633725004065792,3812341120797549
2,0,6285,1789633725004076032,3812341120807880
2,0,6286,1789633725004086272,3812341120818229
2,0,6287,1789633725004096512,3812341120828557
2,0,6288,1789633725004107776,3812341120838877
2,0,6289,1789633725004118016,3812341120849228
2,0,6290,1789633725004128256,3812341120859558
2,0,6291,1789633725004138496,3812341120869939
2,0,6292,1789633725004148736,3812341120880290
2,0,6293,1789633725004158976,3812341120890618
2,0,6294,1789633725004169216,3812341120900965
2,0,6295,1789633725004179456,3812341120911297
2,0,6296,1789633725004189696,3812341120921645
2,0,6297,1789633725004199936,3812341120932130
2,0,6298,1789633725004211200,3812341120942482
2,0,6299,1789633725004221440,3812341120952838
2,0,6300,1789633725004231680,3812341120963366
2,0,6301,1789633725004241920,3812341120973718
2,0,6302,1789633725004252160,3812341120984057
2,0,6303,1789633725004262400,3812341120994578
2,0,6304,1789633725004273664,3812341121004904
2,0,6305,1789633725004283904,3812341121015269
2,0,6306,1789633725004294144,3812341121025599
2,0,6307,1789633725004304384,3812341121035918
2,0,6308,1789633725004314624,3812341121046266
2,0,6309,1789633725004324864,3812341121056631
2,0,6310,1789633725004335104,3812341121066968
2,0,6311,1789633725004345344,3812341121077298
2,0,6312,1789633725004355584,3812341121087640
2,0,6313,1789633725004366848,3812341121097958
2,0,6314,1789633725004377088,3812341121108278
2,0,6315,1789633725004387328,3812341121118639
2,0,6316,1789633725004397568,3812341121128978
2,0,6317,1789633725004407808,3812341121139309
2,0,6318,1789633725004418048,3812341121149664
2,0,6319,1789633725004428288,3812341121160025
2,0,6320,1789633725004438528,3812341121170365
2,0,6321,1789633725004448768,3812341121180683
2,0,6322,1789633725004459008,3812341121191059
2,0,6323,1789633725004470272,3812341121201400
2,0,6324,1789633725004480512,3812341121211720
2,0,6325,1789633725004490752,3812341121222068
2,0,6326,1789633725004500992,3812341121232590
2,0,6327,1789633725004511232,3812341121242918
2,0,6328,1789633725004521472,3812341121253358
2,0,6329,1789633725004531712,3812341121263759
2,0,6330,1789633725004542976,3812341121274128
2,0,6331,1789633725004553216,3812341121284483
2,0,6332,1789633725004563456,3812341121294997
2,0,6333,1789633725004573696,3812341121305355
2,0,6334,1789633725004583936,3812341121315697
2,0,6335,1789633725004594176,3812341121326220
2,0,6336,1789633725004605440,3812341121336547
2,0,6337,1789633725004615680,3812341121346899
2,0,6338,1789633725004625920,3812341121357218
2,0,6339,1789633725004636160,3812341121367559
2,0,6340,1789633725004646400,3812341121377904
2,0,6341,1789633725004656640,3812341121388238
2,0,6342,1789633725004666880,3812341121398608
2,0,6343,1789633725004677120,3812341121408949
2,0,6344,1789633725004687360,3812341121419298
2,0,6345,1789633725004697600,3812341121429612
2,0,6346,1789633725004707840,3812341121439949
2,0,6347,1789633725004719104,3812341121450298
2,0,6348,1789633725004729344,3812341121460830
2,0,6349,1789633725004739584,3812341121471144
2,0,6350,1789633725004749824,3812341121481496
2,0,6351,1789633725004760064,3812341121491840
2,0,6352,1789633725004770304,3812341121502155
2,0,6353,1789633725004780544,3812341121512504
2,0,6354,1789633725004790784,3812341121522841
2,0,6355,1789633725004802048,3812341121533224
2,0,6356,1789633725004812288,3812341121543546
2,0,6357,1789633725004822528,3812341121553878
2,0,6358,1789633725004832768,3812341121564208
2,0,6359,1789633725004843008,3812341121577028
2,0,6360,1789633725004853248,3812341121584883
2,0,6361,1789633725004863488,3812341121595229
2,0,6362,1789633725004873728,3812341121605567
2,0,6363,1789633725004883968,3812341121615898
2,0,6364,1789633725004894208,3812341121626239
2,0,6365,1789633725004904448,3812341121636625
2,0,6366,1789633725004915712,3812341121646976
2,0,6367,1789633725004925952,3812341121657325
2,0,6368,1789633725004936192,3812341121667858
2,0,6369,1789633725004946432,3812341121678198
2,0,6370,1789633725004956672,3812341121688561
